Comunidades autónomas;Grupo penal;periodo;Total
TOTAL NACIONAL;ACCESO  E INTERCEPTACIÓN ILÍCITA;2024;9.773
TOTAL NACIONAL;ACCESO  E INTERCEPTACIÓN ILÍCITA;2023;7.367
TOTAL NACIONAL;ACCESO  E INTERCEPTACIÓN ILÍCITA;2022;5.578
TOTAL NACIONAL;ACCESO  E INTERCEPTACIÓN ILÍCITA;2021;5.342
TOTAL NACIONAL;ACCESO  E INTERCEPTACIÓN ILÍCITA;2020;4.653
TOTAL NACIONAL;ACCESO  E INTERCEPTACIÓN ILÍCITA;2019;4.004
TOTAL NACIONAL;ACCESO  E INTERCEPTACIÓN ILÍCITA;2018;3.384
TOTAL NACIONAL;ACCESO  E INTERCEPTACIÓN ILÍCITA;2017;3.150
TOTAL NACIONAL;ACCESO  E INTERCEPTACIÓN ILÍCITA;2016;3.243
TOTAL NACIONAL;ACCESO  E INTERCEPTACIÓN ILÍCITA;2015;2.893
TOTAL NACIONAL;ACCESO  E INTERCEPTACIÓN ILÍCITA;2014;1.851
TOTAL NACIONAL;ACCESO  E INTERCEPTACIÓN ILÍCITA;2013;1.805
TOTAL NACIONAL;ACCESO  E INTERCEPTACIÓN ILÍCITA;2012;1.701
TOTAL NACIONAL;ACCESO  E INTERCEPTACIÓN ILÍCITA;2011;1.492
TOTAL NACIONAL;AMENAZAS Y COACCIONES;2024;17.738
TOTAL NACIONAL;AMENAZAS Y COACCIONES;2023;17.472
TOTAL NACIONAL;AMENAZAS Y COACCIONES;2022;15.982
TOTAL NACIONAL;AMENAZAS Y COACCIONES;2021;17.319
TOTAL NACIONAL;AMENAZAS Y COACCIONES;2020;14.066
TOTAL NACIONAL;AMENAZAS Y COACCIONES;2019;12.782
TOTAL NACIONAL;AMENAZAS Y COACCIONES;2018;12.800
TOTAL NACIONAL;AMENAZAS Y COACCIONES;2017;11.812
TOTAL NACIONAL;AMENAZAS Y COACCIONES;2016;12.036
TOTAL NACIONAL;AMENAZAS Y COACCIONES;2015;10.607
TOTAL NACIONAL;AMENAZAS Y COACCIONES;2014;9.559
TOTAL NACIONAL;AMENAZAS Y COACCIONES;2013;9.064
TOTAL NACIONAL;AMENAZAS Y COACCIONES;2012;9.207
TOTAL NACIONAL;AMENAZAS Y COACCIONES;2011;9.839
TOTAL NACIONAL;CONTRA EL HONOR;2024;1.128
TOTAL NACIONAL;CONTRA EL HONOR;2023;1.174
TOTAL NACIONAL;CONTRA EL HONOR;2022;1.191
TOTAL NACIONAL;CONTRA EL HONOR;2021;1.426
TOTAL NACIONAL;CONTRA EL HONOR;2020;1.550
TOTAL NACIONAL;CONTRA EL HONOR;2019;1.422
TOTAL NACIONAL;CONTRA EL HONOR;2018;1.448
TOTAL NACIONAL;CONTRA EL HONOR;2017;1.561
TOTAL NACIONAL;CONTRA EL HONOR;2016;1.546
TOTAL NACIONAL;CONTRA EL HONOR;2015;2.205
TOTAL NACIONAL;CONTRA EL HONOR;2014;2.212
TOTAL NACIONAL;CONTRA EL HONOR;2013;1.963
TOTAL NACIONAL;CONTRA EL HONOR;2012;1.891
TOTAL NACIONAL;CONTRA EL HONOR;2011;1.941
TOTAL NACIONAL;CONTRA LA PROPIEDAD INDUSTRIAL/INTELECTUAL;2024;227
TOTAL NACIONAL;CONTRA LA PROPIEDAD INDUSTRIAL/INTELECTUAL;2023;117
TOTAL NACIONAL;CONTRA LA PROPIEDAD INDUSTRIAL/INTELECTUAL;2022;114
TOTAL NACIONAL;CONTRA LA PROPIEDAD INDUSTRIAL/INTELECTUAL;2021;137
TOTAL NACIONAL;CONTRA LA PROPIEDAD INDUSTRIAL/INTELECTUAL;2020;125
TOTAL NACIONAL;CONTRA LA PROPIEDAD INDUSTRIAL/INTELECTUAL;2019;197
TOTAL NACIONAL;CONTRA LA PROPIEDAD INDUSTRIAL/INTELECTUAL;2018;232
TOTAL NACIONAL;CONTRA LA PROPIEDAD INDUSTRIAL/INTELECTUAL;2017;121
TOTAL NACIONAL;CONTRA LA PROPIEDAD INDUSTRIAL/INTELECTUAL;2016;129
TOTAL NACIONAL;CONTRA LA PROPIEDAD INDUSTRIAL/INTELECTUAL;2015;172
TOTAL NACIONAL;CONTRA LA PROPIEDAD INDUSTRIAL/INTELECTUAL;2014;183
TOTAL NACIONAL;CONTRA LA PROPIEDAD INDUSTRIAL/INTELECTUAL;2013;172
TOTAL NACIONAL;CONTRA LA PROPIEDAD INDUSTRIAL/INTELECTUAL;2012;144
TOTAL NACIONAL;CONTRA LA PROPIEDAD INDUSTRIAL/INTELECTUAL;2011;222
TOTAL NACIONAL;DELITOS SEXUALES;2024;1.676
TOTAL NACIONAL;DELITOS SEXUALES;2023;1.804
TOTAL NACIONAL;DELITOS SEXUALES;2022;1.646
TOTAL NACIONAL;DELITOS SEXUALES;2021;1.628
TOTAL NACIONAL;DELITOS SEXUALES;2020;1.783
TOTAL NACIONAL;DELITOS SEXUALES;2019;1.774
TOTAL NACIONAL;DELITOS SEXUALES;2018;1.581
TOTAL NACIONAL;DELITOS SEXUALES;2017;1.392
TOTAL NACIONAL;DELITOS SEXUALES;2016;1.231
TOTAL NACIONAL;DELITOS SEXUALES;2015;1.306
TOTAL NACIONAL;DELITOS SEXUALES;2014;974
TOTAL NACIONAL;DELITOS SEXUALES;2013;768
TOTAL NACIONAL;DELITOS SEXUALES;2012;715
TOTAL NACIONAL;DELITOS SEXUALES;2011;755
TOTAL NACIONAL;FALSIFICACIÓN INFORMÁTICA;2024;19.492
TOTAL NACIONAL;FALSIFICACIÓN INFORMÁTICA;2023;15.137
TOTAL NACIONAL;FALSIFICACIÓN INFORMÁTICA;2022;12.569
TOTAL NACIONAL;FALSIFICACIÓN INFORMÁTICA;2021;10.476
TOTAL NACIONAL;FALSIFICACIÓN INFORMÁTICA;2020;6.289
TOTAL NACIONAL;FALSIFICACIÓN INFORMÁTICA;2019;4.275
TOTAL NACIONAL;FALSIFICACIÓN INFORMÁTICA;2018;3.436
TOTAL NACIONAL;FALSIFICACIÓN INFORMÁTICA;2017;3.280
TOTAL NACIONAL;FALSIFICACIÓN INFORMÁTICA;2016;3.017
TOTAL NACIONAL;FALSIFICACIÓN INFORMÁTICA;2015;2.644
TOTAL NACIONAL;FALSIFICACIÓN INFORMÁTICA;2014;1.874
TOTAL NACIONAL;FALSIFICACIÓN INFORMÁTICA;2013;1.608
TOTAL NACIONAL;FALSIFICACIÓN INFORMÁTICA;2012;1.625
TOTAL NACIONAL;FALSIFICACIÓN INFORMÁTICA;2011;1.860
TOTAL NACIONAL;FRAUDE INFORMÁTICO;2024;412.850
TOTAL NACIONAL;FRAUDE INFORMÁTICO;2023;427.448
TOTAL NACIONAL;FRAUDE INFORMÁTICO;2022;335.995
TOTAL NACIONAL;FRAUDE INFORMÁTICO;2021;267.011
TOTAL NACIONAL;FRAUDE INFORMÁTICO;2020;257.907
TOTAL NACIONAL;FRAUDE INFORMÁTICO;2019;192.375
TOTAL NACIONAL;FRAUDE INFORMÁTICO;2018;136.656
TOTAL NACIONAL;FRAUDE INFORMÁTICO;2017;94.792
TOTAL NACIONAL;FRAUDE INFORMÁTICO;2016;70.178
TOTAL NACIONAL;FRAUDE INFORMÁTICO;2015;62.038
TOTAL NACIONAL;FRAUDE INFORMÁTICO;2014;32.842
TOTAL NACIONAL;FRAUDE INFORMÁTICO;2013;26.664
TOTAL NACIONAL;FRAUDE INFORMÁTICO;2012;27.231
TOTAL NACIONAL;FRAUDE INFORMÁTICO;2011;21.075
TOTAL NACIONAL;INTERFERENCIA EN LOS DATOS Y EN EL SISTEMA;2024;1.917
TOTAL NACIONAL;INTERFERENCIA EN LOS DATOS Y EN EL SISTEMA;2023;1.741
TOTAL NACIONAL;INTERFERENCIA EN LOS DATOS Y EN EL SISTEMA;2022;1.662
TOTAL NACIONAL;INTERFERENCIA EN LOS DATOS Y EN EL SISTEMA;2021;2.138
TOTAL NACIONAL;INTERFERENCIA EN LOS DATOS Y EN EL SISTEMA;2020;1.590
TOTAL NACIONAL;INTERFERENCIA EN LOS DATOS Y EN EL SISTEMA;2019;1.473
TOTAL NACIONAL;INTERFERENCIA EN LOS DATOS Y EN EL SISTEMA;2018;1.192
TOTAL NACIONAL;INTERFERENCIA EN LOS DATOS Y EN EL SISTEMA;2017;1.291
TOTAL NACIONAL;INTERFERENCIA EN LOS DATOS Y EN EL SISTEMA;2016;1.336
TOTAL NACIONAL;INTERFERENCIA EN LOS DATOS Y EN EL SISTEMA;2015;1.193
TOTAL NACIONAL;INTERFERENCIA EN LOS DATOS Y EN EL SISTEMA;2014;440
TOTAL NACIONAL;INTERFERENCIA EN LOS DATOS Y EN EL SISTEMA;2013;359
TOTAL NACIONAL;INTERFERENCIA EN LOS DATOS Y EN EL SISTEMA;2012;298
TOTAL NACIONAL;INTERFERENCIA EN LOS DATOS Y EN EL SISTEMA;2011;228
TOTAL NACIONAL;TOTAL grupo penal;2024;464.801
TOTAL NACIONAL;TOTAL grupo penal;2023;472.260
TOTAL NACIONAL;TOTAL grupo penal;2022;374.737
TOTAL NACIONAL;TOTAL grupo penal;2021;305.477
TOTAL NACIONAL;TOTAL grupo penal;2020;287.963
TOTAL NACIONAL;TOTAL grupo penal;2019;218.302
TOTAL NACIONAL;TOTAL grupo penal;2018;160.729
TOTAL NACIONAL;TOTAL grupo penal;2017;117.399
TOTAL NACIONAL;TOTAL grupo penal;2016;92.716
TOTAL NACIONAL;TOTAL grupo penal;2015;83.058
TOTAL NACIONAL;TOTAL grupo penal;2014;49.935
TOTAL NACIONAL;TOTAL grupo penal;2013;42.403
TOTAL NACIONAL;TOTAL grupo penal;2012;42.812
TOTAL NACIONAL;TOTAL grupo penal;2011;37.412
ANDALUCÍA;ACCESO  E INTERCEPTACIÓN ILÍCITA;2024;2.241
ANDALUCÍA;ACCESO  E INTERCEPTACIÓN ILÍCITA;2023;1.622
ANDALUCÍA;ACCESO  E INTERCEPTACIÓN ILÍCITA;2022;1.096
ANDALUCÍA;ACCESO  E INTERCEPTACIÓN ILÍCITA;2021;991
ANDALUCÍA;ACCESO  E INTERCEPTACIÓN ILÍCITA;2020;946
ANDALUCÍA;ACCESO  E INTERCEPTACIÓN ILÍCITA;2019;794
ANDALUCÍA;ACCESO  E INTERCEPTACIÓN ILÍCITA;2018;694
ANDALUCÍA;ACCESO  E INTERCEPTACIÓN ILÍCITA;2017;632
ANDALUCÍA;ACCESO  E INTERCEPTACIÓN ILÍCITA;2016;589
ANDALUCÍA;ACCESO  E INTERCEPTACIÓN ILÍCITA;2015;577
ANDALUCÍA;ACCESO  E INTERCEPTACIÓN ILÍCITA;2014;465
ANDALUCÍA;ACCESO  E INTERCEPTACIÓN ILÍCITA;2013;487
ANDALUCÍA;ACCESO  E INTERCEPTACIÓN ILÍCITA;2012;434
ANDALUCÍA;ACCESO  E INTERCEPTACIÓN ILÍCITA;2011;450
ANDALUCÍA;AMENAZAS Y COACCIONES;2024;3.750
ANDALUCÍA;AMENAZAS Y COACCIONES;2023;3.420
ANDALUCÍA;AMENAZAS Y COACCIONES;2022;3.241
ANDALUCÍA;AMENAZAS Y COACCIONES;2021;3.420
ANDALUCÍA;AMENAZAS Y COACCIONES;2020;3.149
ANDALUCÍA;AMENAZAS Y COACCIONES;2019;2.888
ANDALUCÍA;AMENAZAS Y COACCIONES;2018;2.713
ANDALUCÍA;AMENAZAS Y COACCIONES;2017;2.720
ANDALUCÍA;AMENAZAS Y COACCIONES;2016;2.717
ANDALUCÍA;AMENAZAS Y COACCIONES;2015;2.420
ANDALUCÍA;AMENAZAS Y COACCIONES;2014;2.404
ANDALUCÍA;AMENAZAS Y COACCIONES;2013;2.241
ANDALUCÍA;AMENAZAS Y COACCIONES;2012;2.246
ANDALUCÍA;AMENAZAS Y COACCIONES;2011;2.466
ANDALUCÍA;CONTRA EL HONOR;2024;300
ANDALUCÍA;CONTRA EL HONOR;2023;305
ANDALUCÍA;CONTRA EL HONOR;2022;347
ANDALUCÍA;CONTRA EL HONOR;2021;383
ANDALUCÍA;CONTRA EL HONOR;2020;374
ANDALUCÍA;CONTRA EL HONOR;2019;372
ANDALUCÍA;CONTRA EL HONOR;2018;368
ANDALUCÍA;CONTRA EL HONOR;2017;427
ANDALUCÍA;CONTRA EL HONOR;2016;375
ANDALUCÍA;CONTRA EL HONOR;2015;527
ANDALUCÍA;CONTRA EL HONOR;2014;513
ANDALUCÍA;CONTRA EL HONOR;2013;460
ANDALUCÍA;CONTRA EL HONOR;2012;437
ANDALUCÍA;CONTRA EL HONOR;2011;499
ANDALUCÍA;CONTRA LA PROPIEDAD INDUSTRIAL/INTELECTUAL;2024;47
ANDALUCÍA;CONTRA LA PROPIEDAD INDUSTRIAL/INTELECTUAL;2023;20
ANDALUCÍA;CONTRA LA PROPIEDAD INDUSTRIAL/INTELECTUAL;2022;25
ANDALUCÍA;CONTRA LA PROPIEDAD INDUSTRIAL/INTELECTUAL;2021;19
ANDALUCÍA;CONTRA LA PROPIEDAD INDUSTRIAL/INTELECTUAL;2020;17
ANDALUCÍA;CONTRA LA PROPIEDAD INDUSTRIAL/INTELECTUAL;2019;19
ANDALUCÍA;CONTRA LA PROPIEDAD INDUSTRIAL/INTELECTUAL;2018;29
ANDALUCÍA;CONTRA LA PROPIEDAD INDUSTRIAL/INTELECTUAL;2017;18
ANDALUCÍA;CONTRA LA PROPIEDAD INDUSTRIAL/INTELECTUAL;2016;16
ANDALUCÍA;CONTRA LA PROPIEDAD INDUSTRIAL/INTELECTUAL;2015;25
ANDALUCÍA;CONTRA LA PROPIEDAD INDUSTRIAL/INTELECTUAL;2014;32
ANDALUCÍA;CONTRA LA PROPIEDAD INDUSTRIAL/INTELECTUAL;2013;22
ANDALUCÍA;CONTRA LA PROPIEDAD INDUSTRIAL/INTELECTUAL;2012;30
ANDALUCÍA;CONTRA LA PROPIEDAD INDUSTRIAL/INTELECTUAL;2011;27
ANDALUCÍA;DELITOS SEXUALES;2024;302
ANDALUCÍA;DELITOS SEXUALES;2023;407
ANDALUCÍA;DELITOS SEXUALES;2022;408
ANDALUCÍA;DELITOS SEXUALES;2021;352
ANDALUCÍA;DELITOS SEXUALES;2020;383
ANDALUCÍA;DELITOS SEXUALES;2019;332
ANDALUCÍA;DELITOS SEXUALES;2018;330
ANDALUCÍA;DELITOS SEXUALES;2017;328
ANDALUCÍA;DELITOS SEXUALES;2016;257
ANDALUCÍA;DELITOS SEXUALES;2015;283
ANDALUCÍA;DELITOS SEXUALES;2014;205
ANDALUCÍA;DELITOS SEXUALES;2013;188
ANDALUCÍA;DELITOS SEXUALES;2012;133
ANDALUCÍA;DELITOS SEXUALES;2011;129
ANDALUCÍA;FALSIFICACIÓN INFORMÁTICA;2024;3.220
ANDALUCÍA;FALSIFICACIÓN INFORMÁTICA;2023;2.355
ANDALUCÍA;FALSIFICACIÓN INFORMÁTICA;2022;2.145
ANDALUCÍA;FALSIFICACIÓN INFORMÁTICA;2021;1.700
ANDALUCÍA;FALSIFICACIÓN INFORMÁTICA;2020;998
ANDALUCÍA;FALSIFICACIÓN INFORMÁTICA;2019;780
ANDALUCÍA;FALSIFICACIÓN INFORMÁTICA;2018;669
ANDALUCÍA;FALSIFICACIÓN INFORMÁTICA;2017;772
ANDALUCÍA;FALSIFICACIÓN INFORMÁTICA;2016;740
ANDALUCÍA;FALSIFICACIÓN INFORMÁTICA;2015;666
ANDALUCÍA;FALSIFICACIÓN INFORMÁTICA;2014;573
ANDALUCÍA;FALSIFICACIÓN INFORMÁTICA;2013;444
ANDALUCÍA;FALSIFICACIÓN INFORMÁTICA;2012;436
ANDALUCÍA;FALSIFICACIÓN INFORMÁTICA;2011;433
ANDALUCÍA;FRAUDE INFORMÁTICO;2024;71.252
ANDALUCÍA;FRAUDE INFORMÁTICO;2023;72.795
ANDALUCÍA;FRAUDE INFORMÁTICO;2022;49.323
ANDALUCÍA;FRAUDE INFORMÁTICO;2021;35.288
ANDALUCÍA;FRAUDE INFORMÁTICO;2020;33.036
ANDALUCÍA;FRAUDE INFORMÁTICO;2019;23.237
ANDALUCÍA;FRAUDE INFORMÁTICO;2018;15.081
ANDALUCÍA;FRAUDE INFORMÁTICO;2017;10.366
ANDALUCÍA;FRAUDE INFORMÁTICO;2016;8.165
ANDALUCÍA;FRAUDE INFORMÁTICO;2015;6.536
ANDALUCÍA;FRAUDE INFORMÁTICO;2014;5.666
ANDALUCÍA;FRAUDE INFORMÁTICO;2013;4.481
ANDALUCÍA;FRAUDE INFORMÁTICO;2012;4.378
ANDALUCÍA;FRAUDE INFORMÁTICO;2011;3.609
ANDALUCÍA;INTERFERENCIA EN LOS DATOS Y EN EL SISTEMA;2024;414
ANDALUCÍA;INTERFERENCIA EN LOS DATOS Y EN EL SISTEMA;2023;403
ANDALUCÍA;INTERFERENCIA EN LOS DATOS Y EN EL SISTEMA;2022;323
ANDALUCÍA;INTERFERENCIA EN LOS DATOS Y EN EL SISTEMA;2021;340
ANDALUCÍA;INTERFERENCIA EN LOS DATOS Y EN EL SISTEMA;2020;254
ANDALUCÍA;INTERFERENCIA EN LOS DATOS Y EN EL SISTEMA;2019;233
ANDALUCÍA;INTERFERENCIA EN LOS DATOS Y EN EL SISTEMA;2018;205
ANDALUCÍA;INTERFERENCIA EN LOS DATOS Y EN EL SISTEMA;2017;195
ANDALUCÍA;INTERFERENCIA EN LOS DATOS Y EN EL SISTEMA;2016;193
ANDALUCÍA;INTERFERENCIA EN LOS DATOS Y EN EL SISTEMA;2015;144
ANDALUCÍA;INTERFERENCIA EN LOS DATOS Y EN EL SISTEMA;2014;99
ANDALUCÍA;INTERFERENCIA EN LOS DATOS Y EN EL SISTEMA;2013;69
ANDALUCÍA;INTERFERENCIA EN LOS DATOS Y EN EL SISTEMA;2012;58
ANDALUCÍA;INTERFERENCIA EN LOS DATOS Y EN EL SISTEMA;2011;57
ANDALUCÍA;TOTAL grupo penal;2024;81.526
ANDALUCÍA;TOTAL grupo penal;2023;81.327
ANDALUCÍA;TOTAL grupo penal;2022;56.908
ANDALUCÍA;TOTAL grupo penal;2021;42.493
ANDALUCÍA;TOTAL grupo penal;2020;39.157
ANDALUCÍA;TOTAL grupo penal;2019;28.655
ANDALUCÍA;TOTAL grupo penal;2018;20.089
ANDALUCÍA;TOTAL grupo penal;2017;15.458
ANDALUCÍA;TOTAL grupo penal;2016;13.052
ANDALUCÍA;TOTAL grupo penal;2015;11.178
ANDALUCÍA;TOTAL grupo penal;2014;9.957
ANDALUCÍA;TOTAL grupo penal;2013;8.392
ANDALUCÍA;TOTAL grupo penal;2012;8.152
ANDALUCÍA;TOTAL grupo penal;2011;7.670
ARAGÓN;ACCESO  E INTERCEPTACIÓN ILÍCITA;2024;233
ARAGÓN;ACCESO  E INTERCEPTACIÓN ILÍCITA;2023;145
ARAGÓN;ACCESO  E INTERCEPTACIÓN ILÍCITA;2022;87
ARAGÓN;ACCESO  E INTERCEPTACIÓN ILÍCITA;2021;88
ARAGÓN;ACCESO  E INTERCEPTACIÓN ILÍCITA;2020;134
ARAGÓN;ACCESO  E INTERCEPTACIÓN ILÍCITA;2019;73
ARAGÓN;ACCESO  E INTERCEPTACIÓN ILÍCITA;2018;75
ARAGÓN;ACCESO  E INTERCEPTACIÓN ILÍCITA;2017;68
ARAGÓN;ACCESO  E INTERCEPTACIÓN ILÍCITA;2016;100
ARAGÓN;ACCESO  E INTERCEPTACIÓN ILÍCITA;2015;72
ARAGÓN;ACCESO  E INTERCEPTACIÓN ILÍCITA;2014;64
ARAGÓN;ACCESO  E INTERCEPTACIÓN ILÍCITA;2013;82
ARAGÓN;ACCESO  E INTERCEPTACIÓN ILÍCITA;2012;67
ARAGÓN;ACCESO  E INTERCEPTACIÓN ILÍCITA;2011;68
ARAGÓN;AMENAZAS Y COACCIONES;2024;573
ARAGÓN;AMENAZAS Y COACCIONES;2023;621
ARAGÓN;AMENAZAS Y COACCIONES;2022;482
ARAGÓN;AMENAZAS Y COACCIONES;2021;591
ARAGÓN;AMENAZAS Y COACCIONES;2020;355
ARAGÓN;AMENAZAS Y COACCIONES;2019;318
ARAGÓN;AMENAZAS Y COACCIONES;2018;339
ARAGÓN;AMENAZAS Y COACCIONES;2017;296
ARAGÓN;AMENAZAS Y COACCIONES;2016;338
ARAGÓN;AMENAZAS Y COACCIONES;2015;258
ARAGÓN;AMENAZAS Y COACCIONES;2014;273
ARAGÓN;AMENAZAS Y COACCIONES;2013;279
ARAGÓN;AMENAZAS Y COACCIONES;2012;232
ARAGÓN;AMENAZAS Y COACCIONES;2011;329
ARAGÓN;CONTRA EL HONOR;2024;32
ARAGÓN;CONTRA EL HONOR;2023;36
ARAGÓN;CONTRA EL HONOR;2022;23
ARAGÓN;CONTRA EL HONOR;2021;52
ARAGÓN;CONTRA EL HONOR;2020;54
ARAGÓN;CONTRA EL HONOR;2019;20
ARAGÓN;CONTRA EL HONOR;2018;50
ARAGÓN;CONTRA EL HONOR;2017;40
ARAGÓN;CONTRA EL HONOR;2016;60
ARAGÓN;CONTRA EL HONOR;2015;73
ARAGÓN;CONTRA EL HONOR;2014;77
ARAGÓN;CONTRA EL HONOR;2013;87
ARAGÓN;CONTRA EL HONOR;2012;79
ARAGÓN;CONTRA EL HONOR;2011;87
ARAGÓN;CONTRA LA PROPIEDAD INDUSTRIAL/INTELECTUAL;2024;11
ARAGÓN;CONTRA LA PROPIEDAD INDUSTRIAL/INTELECTUAL;2023;2
ARAGÓN;CONTRA LA PROPIEDAD INDUSTRIAL/INTELECTUAL;2022;2
ARAGÓN;CONTRA LA PROPIEDAD INDUSTRIAL/INTELECTUAL;2021;6
ARAGÓN;CONTRA LA PROPIEDAD INDUSTRIAL/INTELECTUAL;2020;1
ARAGÓN;CONTRA LA PROPIEDAD INDUSTRIAL/INTELECTUAL;2019;4
ARAGÓN;CONTRA LA PROPIEDAD INDUSTRIAL/INTELECTUAL;2018;0
ARAGÓN;CONTRA LA PROPIEDAD INDUSTRIAL/INTELECTUAL;2017;4
ARAGÓN;CONTRA LA PROPIEDAD INDUSTRIAL/INTELECTUAL;2016;3
ARAGÓN;CONTRA LA PROPIEDAD INDUSTRIAL/INTELECTUAL;2015;3
ARAGÓN;CONTRA LA PROPIEDAD INDUSTRIAL/INTELECTUAL;2014;3
ARAGÓN;CONTRA LA PROPIEDAD INDUSTRIAL/INTELECTUAL;2013;4
ARAGÓN;CONTRA LA PROPIEDAD INDUSTRIAL/INTELECTUAL;2012;4
ARAGÓN;CONTRA LA PROPIEDAD INDUSTRIAL/INTELECTUAL;2011;2
ARAGÓN;DELITOS SEXUALES;2024;37
ARAGÓN;DELITOS SEXUALES;2023;47
ARAGÓN;DELITOS SEXUALES;2022;44
ARAGÓN;DELITOS SEXUALES;2021;55
ARAGÓN;DELITOS SEXUALES;2020;36
ARAGÓN;DELITOS SEXUALES;2019;42
ARAGÓN;DELITOS SEXUALES;2018;30
ARAGÓN;DELITOS SEXUALES;2017;36
ARAGÓN;DELITOS SEXUALES;2016;29
ARAGÓN;DELITOS SEXUALES;2015;34
ARAGÓN;DELITOS SEXUALES;2014;31
ARAGÓN;DELITOS SEXUALES;2013;29
ARAGÓN;DELITOS SEXUALES;2012;20
ARAGÓN;DELITOS SEXUALES;2011;33
ARAGÓN;FALSIFICACIÓN INFORMÁTICA;2024;472
ARAGÓN;FALSIFICACIÓN INFORMÁTICA;2023;386
ARAGÓN;FALSIFICACIÓN INFORMÁTICA;2022;220
ARAGÓN;FALSIFICACIÓN INFORMÁTICA;2021;292
ARAGÓN;FALSIFICACIÓN INFORMÁTICA;2020;225
ARAGÓN;FALSIFICACIÓN INFORMÁTICA;2019;101
ARAGÓN;FALSIFICACIÓN INFORMÁTICA;2018;97
ARAGÓN;FALSIFICACIÓN INFORMÁTICA;2017;59
ARAGÓN;FALSIFICACIÓN INFORMÁTICA;2016;54
ARAGÓN;FALSIFICACIÓN INFORMÁTICA;2015;58
ARAGÓN;FALSIFICACIÓN INFORMÁTICA;2014;39
ARAGÓN;FALSIFICACIÓN INFORMÁTICA;2013;42
ARAGÓN;FALSIFICACIÓN INFORMÁTICA;2012;30
ARAGÓN;FALSIFICACIÓN INFORMÁTICA;2011;57
ARAGÓN;FRAUDE INFORMÁTICO;2024;11.081
ARAGÓN;FRAUDE INFORMÁTICO;2023;10.891
ARAGÓN;FRAUDE INFORMÁTICO;2022;8.732
ARAGÓN;FRAUDE INFORMÁTICO;2021;7.310
ARAGÓN;FRAUDE INFORMÁTICO;2020;6.970
ARAGÓN;FRAUDE INFORMÁTICO;2019;4.536
ARAGÓN;FRAUDE INFORMÁTICO;2018;3.131
ARAGÓN;FRAUDE INFORMÁTICO;2017;1.860
ARAGÓN;FRAUDE INFORMÁTICO;2016;1.437
ARAGÓN;FRAUDE INFORMÁTICO;2015;1.470
ARAGÓN;FRAUDE INFORMÁTICO;2014;1.426
ARAGÓN;FRAUDE INFORMÁTICO;2013;927
ARAGÓN;FRAUDE INFORMÁTICO;2012;984
ARAGÓN;FRAUDE INFORMÁTICO;2011;631
ARAGÓN;INTERFERENCIA EN LOS DATOS Y EN EL SISTEMA;2024;58
ARAGÓN;INTERFERENCIA EN LOS DATOS Y EN EL SISTEMA;2023;57
ARAGÓN;INTERFERENCIA EN LOS DATOS Y EN EL SISTEMA;2022;30
ARAGÓN;INTERFERENCIA EN LOS DATOS Y EN EL SISTEMA;2021;67
ARAGÓN;INTERFERENCIA EN LOS DATOS Y EN EL SISTEMA;2020;51
ARAGÓN;INTERFERENCIA EN LOS DATOS Y EN EL SISTEMA;2019;69
ARAGÓN;INTERFERENCIA EN LOS DATOS Y EN EL SISTEMA;2018;47
ARAGÓN;INTERFERENCIA EN LOS DATOS Y EN EL SISTEMA;2017;63
ARAGÓN;INTERFERENCIA EN LOS DATOS Y EN EL SISTEMA;2016;45
ARAGÓN;INTERFERENCIA EN LOS DATOS Y EN EL SISTEMA;2015;45
ARAGÓN;INTERFERENCIA EN LOS DATOS Y EN EL SISTEMA;2014;13
ARAGÓN;INTERFERENCIA EN LOS DATOS Y EN EL SISTEMA;2013;18
ARAGÓN;INTERFERENCIA EN LOS DATOS Y EN EL SISTEMA;2012;8
ARAGÓN;INTERFERENCIA EN LOS DATOS Y EN EL SISTEMA;2011;5
ARAGÓN;TOTAL grupo penal;2024;12.497
ARAGÓN;TOTAL grupo penal;2023;12.185
ARAGÓN;TOTAL grupo penal;2022;9.620
ARAGÓN;TOTAL grupo penal;2021;8.461
ARAGÓN;TOTAL grupo penal;2020;7.826
ARAGÓN;TOTAL grupo penal;2019;5.163
ARAGÓN;TOTAL grupo penal;2018;3.769
ARAGÓN;TOTAL grupo penal;2017;2.426
ARAGÓN;TOTAL grupo penal;2016;2.066
ARAGÓN;TOTAL grupo penal;2015;2.013
ARAGÓN;TOTAL grupo penal;2014;1.926
ARAGÓN;TOTAL grupo penal;2013;1.468
ARAGÓN;TOTAL grupo penal;2012;1.424
ARAGÓN;TOTAL grupo penal;2011;1.212
ASTURIAS (PRINCIPADO DE);ACCESO  E INTERCEPTACIÓN ILÍCITA;2024;322
ASTURIAS (PRINCIPADO DE);ACCESO  E INTERCEPTACIÓN ILÍCITA;2023;143
ASTURIAS (PRINCIPADO DE);ACCESO  E INTERCEPTACIÓN ILÍCITA;2022;121
ASTURIAS (PRINCIPADO DE);ACCESO  E INTERCEPTACIÓN ILÍCITA;2021;92
ASTURIAS (PRINCIPADO DE);ACCESO  E INTERCEPTACIÓN ILÍCITA;2020;75
ASTURIAS (PRINCIPADO DE);ACCESO  E INTERCEPTACIÓN ILÍCITA;2019;83
ASTURIAS (PRINCIPADO DE);ACCESO  E INTERCEPTACIÓN ILÍCITA;2018;47
ASTURIAS (PRINCIPADO DE);ACCESO  E INTERCEPTACIÓN ILÍCITA;2017;51
ASTURIAS (PRINCIPADO DE);ACCESO  E INTERCEPTACIÓN ILÍCITA;2016;44
ASTURIAS (PRINCIPADO DE);ACCESO  E INTERCEPTACIÓN ILÍCITA;2015;42
ASTURIAS (PRINCIPADO DE);ACCESO  E INTERCEPTACIÓN ILÍCITA;2014;42
ASTURIAS (PRINCIPADO DE);ACCESO  E INTERCEPTACIÓN ILÍCITA;2013;35
ASTURIAS (PRINCIPADO DE);ACCESO  E INTERCEPTACIÓN ILÍCITA;2012;36
ASTURIAS (PRINCIPADO DE);ACCESO  E INTERCEPTACIÓN ILÍCITA;2011;44
ASTURIAS (PRINCIPADO DE);AMENAZAS Y COACCIONES;2024;328
ASTURIAS (PRINCIPADO DE);AMENAZAS Y COACCIONES;2023;302
ASTURIAS (PRINCIPADO DE);AMENAZAS Y COACCIONES;2022;362
ASTURIAS (PRINCIPADO DE);AMENAZAS Y COACCIONES;2021;316
ASTURIAS (PRINCIPADO DE);AMENAZAS Y COACCIONES;2020;293
ASTURIAS (PRINCIPADO DE);AMENAZAS Y COACCIONES;2019;296
ASTURIAS (PRINCIPADO DE);AMENAZAS Y COACCIONES;2018;248
ASTURIAS (PRINCIPADO DE);AMENAZAS Y COACCIONES;2017;253
ASTURIAS (PRINCIPADO DE);AMENAZAS Y COACCIONES;2016;275
ASTURIAS (PRINCIPADO DE);AMENAZAS Y COACCIONES;2015;219
ASTURIAS (PRINCIPADO DE);AMENAZAS Y COACCIONES;2014;239
ASTURIAS (PRINCIPADO DE);AMENAZAS Y COACCIONES;2013;284
ASTURIAS (PRINCIPADO DE);AMENAZAS Y COACCIONES;2012;255
ASTURIAS (PRINCIPADO DE);AMENAZAS Y COACCIONES;2011;232
ASTURIAS (PRINCIPADO DE);CONTRA EL HONOR;2024;25
ASTURIAS (PRINCIPADO DE);CONTRA EL HONOR;2023;27
ASTURIAS (PRINCIPADO DE);CONTRA EL HONOR;2022;51
ASTURIAS (PRINCIPADO DE);CONTRA EL HONOR;2021;43
ASTURIAS (PRINCIPADO DE);CONTRA EL HONOR;2020;51
ASTURIAS (PRINCIPADO DE);CONTRA EL HONOR;2019;34
ASTURIAS (PRINCIPADO DE);CONTRA EL HONOR;2018;62
ASTURIAS (PRINCIPADO DE);CONTRA EL HONOR;2017;57
ASTURIAS (PRINCIPADO DE);CONTRA EL HONOR;2016;55
ASTURIAS (PRINCIPADO DE);CONTRA EL HONOR;2015;67
ASTURIAS (PRINCIPADO DE);CONTRA EL HONOR;2014;84
ASTURIAS (PRINCIPADO DE);CONTRA EL HONOR;2013;104
ASTURIAS (PRINCIPADO DE);CONTRA EL HONOR;2012;78
ASTURIAS (PRINCIPADO DE);CONTRA EL HONOR;2011;63
ASTURIAS (PRINCIPADO DE);CONTRA LA PROPIEDAD INDUSTRIAL/INTELECTUAL;2024;8
ASTURIAS (PRINCIPADO DE);CONTRA LA PROPIEDAD INDUSTRIAL/INTELECTUAL;2023;3
ASTURIAS (PRINCIPADO DE);CONTRA LA PROPIEDAD INDUSTRIAL/INTELECTUAL;2022;2
ASTURIAS (PRINCIPADO DE);CONTRA LA PROPIEDAD INDUSTRIAL/INTELECTUAL;2021;5
ASTURIAS (PRINCIPADO DE);CONTRA LA PROPIEDAD INDUSTRIAL/INTELECTUAL;2020;3
ASTURIAS (PRINCIPADO DE);CONTRA LA PROPIEDAD INDUSTRIAL/INTELECTUAL;2019;3
ASTURIAS (PRINCIPADO DE);CONTRA LA PROPIEDAD INDUSTRIAL/INTELECTUAL;2018;2
ASTURIAS (PRINCIPADO DE);CONTRA LA PROPIEDAD INDUSTRIAL/INTELECTUAL;2017;0
ASTURIAS (PRINCIPADO DE);CONTRA LA PROPIEDAD INDUSTRIAL/INTELECTUAL;2016;3
ASTURIAS (PRINCIPADO DE);CONTRA LA PROPIEDAD INDUSTRIAL/INTELECTUAL;2015;3
ASTURIAS (PRINCIPADO DE);CONTRA LA PROPIEDAD INDUSTRIAL/INTELECTUAL;2014;3
ASTURIAS (PRINCIPADO DE);CONTRA LA PROPIEDAD INDUSTRIAL/INTELECTUAL;2013;4
ASTURIAS (PRINCIPADO DE);CONTRA LA PROPIEDAD INDUSTRIAL/INTELECTUAL;2012;4
ASTURIAS (PRINCIPADO DE);CONTRA LA PROPIEDAD INDUSTRIAL/INTELECTUAL;2011;2
ASTURIAS (PRINCIPADO DE);DELITOS SEXUALES;2024;27
ASTURIAS (PRINCIPADO DE);DELITOS SEXUALES;2023;27
ASTURIAS (PRINCIPADO DE);DELITOS SEXUALES;2022;39
ASTURIAS (PRINCIPADO DE);DELITOS SEXUALES;2021;41
ASTURIAS (PRINCIPADO DE);DELITOS SEXUALES;2020;38
ASTURIAS (PRINCIPADO DE);DELITOS SEXUALES;2019;22
ASTURIAS (PRINCIPADO DE);DELITOS SEXUALES;2018;31
ASTURIAS (PRINCIPADO DE);DELITOS SEXUALES;2017;17
ASTURIAS (PRINCIPADO DE);DELITOS SEXUALES;2016;19
ASTURIAS (PRINCIPADO DE);DELITOS SEXUALES;2015;26
ASTURIAS (PRINCIPADO DE);DELITOS SEXUALES;2014;22
ASTURIAS (PRINCIPADO DE);DELITOS SEXUALES;2013;19
ASTURIAS (PRINCIPADO DE);DELITOS SEXUALES;2012;16
ASTURIAS (PRINCIPADO DE);DELITOS SEXUALES;2011;11
ASTURIAS (PRINCIPADO DE);FALSIFICACIÓN INFORMÁTICA;2024;303
ASTURIAS (PRINCIPADO DE);FALSIFICACIÓN INFORMÁTICA;2023;213
ASTURIAS (PRINCIPADO DE);FALSIFICACIÓN INFORMÁTICA;2022;281
ASTURIAS (PRINCIPADO DE);FALSIFICACIÓN INFORMÁTICA;2021;168
ASTURIAS (PRINCIPADO DE);FALSIFICACIÓN INFORMÁTICA;2020;103
ASTURIAS (PRINCIPADO DE);FALSIFICACIÓN INFORMÁTICA;2019;51
ASTURIAS (PRINCIPADO DE);FALSIFICACIÓN INFORMÁTICA;2018;36
ASTURIAS (PRINCIPADO DE);FALSIFICACIÓN INFORMÁTICA;2017;29
ASTURIAS (PRINCIPADO DE);FALSIFICACIÓN INFORMÁTICA;2016;26
ASTURIAS (PRINCIPADO DE);FALSIFICACIÓN INFORMÁTICA;2015;21
ASTURIAS (PRINCIPADO DE);FALSIFICACIÓN INFORMÁTICA;2014;27
ASTURIAS (PRINCIPADO DE);FALSIFICACIÓN INFORMÁTICA;2013;23
ASTURIAS (PRINCIPADO DE);FALSIFICACIÓN INFORMÁTICA;2012;30
ASTURIAS (PRINCIPADO DE);FALSIFICACIÓN INFORMÁTICA;2011;21
ASTURIAS (PRINCIPADO DE);FRAUDE INFORMÁTICO;2024;8.117
ASTURIAS (PRINCIPADO DE);FRAUDE INFORMÁTICO;2023;7.897
ASTURIAS (PRINCIPADO DE);FRAUDE INFORMÁTICO;2022;7.661
ASTURIAS (PRINCIPADO DE);FRAUDE INFORMÁTICO;2021;6.187
ASTURIAS (PRINCIPADO DE);FRAUDE INFORMÁTICO;2020;5.623
ASTURIAS (PRINCIPADO DE);FRAUDE INFORMÁTICO;2019;3.657
ASTURIAS (PRINCIPADO DE);FRAUDE INFORMÁTICO;2018;2.371
ASTURIAS (PRINCIPADO DE);FRAUDE INFORMÁTICO;2017;1.677
ASTURIAS (PRINCIPADO DE);FRAUDE INFORMÁTICO;2016;1.277
ASTURIAS (PRINCIPADO DE);FRAUDE INFORMÁTICO;2015;1.002
ASTURIAS (PRINCIPADO DE);FRAUDE INFORMÁTICO;2014;690
ASTURIAS (PRINCIPADO DE);FRAUDE INFORMÁTICO;2013;585
ASTURIAS (PRINCIPADO DE);FRAUDE INFORMÁTICO;2012;475
ASTURIAS (PRINCIPADO DE);FRAUDE INFORMÁTICO;2011;376
ASTURIAS (PRINCIPADO DE);INTERFERENCIA EN LOS DATOS Y EN EL SISTEMA;2024;53
ASTURIAS (PRINCIPADO DE);INTERFERENCIA EN LOS DATOS Y EN EL SISTEMA;2023;36
ASTURIAS (PRINCIPADO DE);INTERFERENCIA EN LOS DATOS Y EN EL SISTEMA;2022;43
ASTURIAS (PRINCIPADO DE);INTERFERENCIA EN LOS DATOS Y EN EL SISTEMA;2021;54
ASTURIAS (PRINCIPADO DE);INTERFERENCIA EN LOS DATOS Y EN EL SISTEMA;2020;39
ASTURIAS (PRINCIPADO DE);INTERFERENCIA EN LOS DATOS Y EN EL SISTEMA;2019;16
ASTURIAS (PRINCIPADO DE);INTERFERENCIA EN LOS DATOS Y EN EL SISTEMA;2018;12
ASTURIAS (PRINCIPADO DE);INTERFERENCIA EN LOS DATOS Y EN EL SISTEMA;2017;18
ASTURIAS (PRINCIPADO DE);INTERFERENCIA EN LOS DATOS Y EN EL SISTEMA;2016;15
ASTURIAS (PRINCIPADO DE);INTERFERENCIA EN LOS DATOS Y EN EL SISTEMA;2015;13
ASTURIAS (PRINCIPADO DE);INTERFERENCIA EN LOS DATOS Y EN EL SISTEMA;2014;6
ASTURIAS (PRINCIPADO DE);INTERFERENCIA EN LOS DATOS Y EN EL SISTEMA;2013;10
ASTURIAS (PRINCIPADO DE);INTERFERENCIA EN LOS DATOS Y EN EL SISTEMA;2012;7
ASTURIAS (PRINCIPADO DE);INTERFERENCIA EN LOS DATOS Y EN EL SISTEMA;2011;8
ASTURIAS (PRINCIPADO DE);TOTAL grupo penal;2024;9.183
ASTURIAS (PRINCIPADO DE);TOTAL grupo penal;2023;8.648
ASTURIAS (PRINCIPADO DE);TOTAL grupo penal;2022;8.560
ASTURIAS (PRINCIPADO DE);TOTAL grupo penal;2021;6.906
ASTURIAS (PRINCIPADO DE);TOTAL grupo penal;2020;6.225
ASTURIAS (PRINCIPADO DE);TOTAL grupo penal;2019;4.162
ASTURIAS (PRINCIPADO DE);TOTAL grupo penal;2018;2.809
ASTURIAS (PRINCIPADO DE);TOTAL grupo penal;2017;2.102
ASTURIAS (PRINCIPADO DE);TOTAL grupo penal;2016;1.714
ASTURIAS (PRINCIPADO DE);TOTAL grupo penal;2015;1.393
ASTURIAS (PRINCIPADO DE);TOTAL grupo penal;2014;1.113
ASTURIAS (PRINCIPADO DE);TOTAL grupo penal;2013;1.064
ASTURIAS (PRINCIPADO DE);TOTAL grupo penal;2012;901
ASTURIAS (PRINCIPADO DE);TOTAL grupo penal;2011;757
BALEARS (ILLES);ACCESO  E INTERCEPTACIÓN ILÍCITA;2024;246
BALEARS (ILLES);ACCESO  E INTERCEPTACIÓN ILÍCITA;2023;215
BALEARS (ILLES);ACCESO  E INTERCEPTACIÓN ILÍCITA;2022;240
BALEARS (ILLES);ACCESO  E INTERCEPTACIÓN ILÍCITA;2021;207
BALEARS (ILLES);ACCESO  E INTERCEPTACIÓN ILÍCITA;2020;156
BALEARS (ILLES);ACCESO  E INTERCEPTACIÓN ILÍCITA;2019;128
BALEARS (ILLES);ACCESO  E INTERCEPTACIÓN ILÍCITA;2018;103
BALEARS (ILLES);ACCESO  E INTERCEPTACIÓN ILÍCITA;2017;82
BALEARS (ILLES);ACCESO  E INTERCEPTACIÓN ILÍCITA;2016;96
BALEARS (ILLES);ACCESO  E INTERCEPTACIÓN ILÍCITA;2015;103
BALEARS (ILLES);ACCESO  E INTERCEPTACIÓN ILÍCITA;2014;82
BALEARS (ILLES);ACCESO  E INTERCEPTACIÓN ILÍCITA;2013;79
BALEARS (ILLES);ACCESO  E INTERCEPTACIÓN ILÍCITA;2012;63
BALEARS (ILLES);ACCESO  E INTERCEPTACIÓN ILÍCITA;2011;77
BALEARS (ILLES);AMENAZAS Y COACCIONES;2024;659
BALEARS (ILLES);AMENAZAS Y COACCIONES;2023;573
BALEARS (ILLES);AMENAZAS Y COACCIONES;2022;567
BALEARS (ILLES);AMENAZAS Y COACCIONES;2021;631
BALEARS (ILLES);AMENAZAS Y COACCIONES;2020;465
BALEARS (ILLES);AMENAZAS Y COACCIONES;2019;448
BALEARS (ILLES);AMENAZAS Y COACCIONES;2018;459
BALEARS (ILLES);AMENAZAS Y COACCIONES;2017;449
BALEARS (ILLES);AMENAZAS Y COACCIONES;2016;454
BALEARS (ILLES);AMENAZAS Y COACCIONES;2015;457
BALEARS (ILLES);AMENAZAS Y COACCIONES;2014;359
BALEARS (ILLES);AMENAZAS Y COACCIONES;2013;311
BALEARS (ILLES);AMENAZAS Y COACCIONES;2012;270
BALEARS (ILLES);AMENAZAS Y COACCIONES;2011;324
BALEARS (ILLES);CONTRA EL HONOR;2024;25
BALEARS (ILLES);CONTRA EL HONOR;2023;28
BALEARS (ILLES);CONTRA EL HONOR;2022;29
BALEARS (ILLES);CONTRA EL HONOR;2021;26
BALEARS (ILLES);CONTRA EL HONOR;2020;34
BALEARS (ILLES);CONTRA EL HONOR;2019;43
BALEARS (ILLES);CONTRA EL HONOR;2018;35
BALEARS (ILLES);CONTRA EL HONOR;2017;17
BALEARS (ILLES);CONTRA EL HONOR;2016;34
BALEARS (ILLES);CONTRA EL HONOR;2015;50
BALEARS (ILLES);CONTRA EL HONOR;2014;68
BALEARS (ILLES);CONTRA EL HONOR;2013;47
BALEARS (ILLES);CONTRA EL HONOR;2012;34
BALEARS (ILLES);CONTRA EL HONOR;2011;36
BALEARS (ILLES);CONTRA LA PROPIEDAD INDUSTRIAL/INTELECTUAL;2024;1
BALEARS (ILLES);CONTRA LA PROPIEDAD INDUSTRIAL/INTELECTUAL;2023;4
BALEARS (ILLES);CONTRA LA PROPIEDAD INDUSTRIAL/INTELECTUAL;2022;1
BALEARS (ILLES);CONTRA LA PROPIEDAD INDUSTRIAL/INTELECTUAL;2021;2
BALEARS (ILLES);CONTRA LA PROPIEDAD INDUSTRIAL/INTELECTUAL;2020;5
BALEARS (ILLES);CONTRA LA PROPIEDAD INDUSTRIAL/INTELECTUAL;2019;3
BALEARS (ILLES);CONTRA LA PROPIEDAD INDUSTRIAL/INTELECTUAL;2018;7
BALEARS (ILLES);CONTRA LA PROPIEDAD INDUSTRIAL/INTELECTUAL;2017;1
BALEARS (ILLES);CONTRA LA PROPIEDAD INDUSTRIAL/INTELECTUAL;2016;13
BALEARS (ILLES);CONTRA LA PROPIEDAD INDUSTRIAL/INTELECTUAL;2015;9
BALEARS (ILLES);CONTRA LA PROPIEDAD INDUSTRIAL/INTELECTUAL;2014;4
BALEARS (ILLES);CONTRA LA PROPIEDAD INDUSTRIAL/INTELECTUAL;2013;5
BALEARS (ILLES);CONTRA LA PROPIEDAD INDUSTRIAL/INTELECTUAL;2012;2
BALEARS (ILLES);CONTRA LA PROPIEDAD INDUSTRIAL/INTELECTUAL;2011;6
BALEARS (ILLES);DELITOS SEXUALES;2024;57
BALEARS (ILLES);DELITOS SEXUALES;2023;60
BALEARS (ILLES);DELITOS SEXUALES;2022;60
BALEARS (ILLES);DELITOS SEXUALES;2021;63
BALEARS (ILLES);DELITOS SEXUALES;2020;52
BALEARS (ILLES);DELITOS SEXUALES;2019;43
BALEARS (ILLES);DELITOS SEXUALES;2018;53
BALEARS (ILLES);DELITOS SEXUALES;2017;61
BALEARS (ILLES);DELITOS SEXUALES;2016;70
BALEARS (ILLES);DELITOS SEXUALES;2015;36
BALEARS (ILLES);DELITOS SEXUALES;2014;50
BALEARS (ILLES);DELITOS SEXUALES;2013;44
BALEARS (ILLES);DELITOS SEXUALES;2012;36
BALEARS (ILLES);DELITOS SEXUALES;2011;34
BALEARS (ILLES);FALSIFICACIÓN INFORMÁTICA;2024;433
BALEARS (ILLES);FALSIFICACIÓN INFORMÁTICA;2023;258
BALEARS (ILLES);FALSIFICACIÓN INFORMÁTICA;2022;313
BALEARS (ILLES);FALSIFICACIÓN INFORMÁTICA;2021;295
BALEARS (ILLES);FALSIFICACIÓN INFORMÁTICA;2020;169
BALEARS (ILLES);FALSIFICACIÓN INFORMÁTICA;2019;108
BALEARS (ILLES);FALSIFICACIÓN INFORMÁTICA;2018;90
BALEARS (ILLES);FALSIFICACIÓN INFORMÁTICA;2017;80
BALEARS (ILLES);FALSIFICACIÓN INFORMÁTICA;2016;76
BALEARS (ILLES);FALSIFICACIÓN INFORMÁTICA;2015;80
BALEARS (ILLES);FALSIFICACIÓN INFORMÁTICA;2014;61
BALEARS (ILLES);FALSIFICACIÓN INFORMÁTICA;2013;63
BALEARS (ILLES);FALSIFICACIÓN INFORMÁTICA;2012;45
BALEARS (ILLES);FALSIFICACIÓN INFORMÁTICA;2011;45
BALEARS (ILLES);FRAUDE INFORMÁTICO;2024;11.491
BALEARS (ILLES);FRAUDE INFORMÁTICO;2023;10.299
BALEARS (ILLES);FRAUDE INFORMÁTICO;2022;7.452
BALEARS (ILLES);FRAUDE INFORMÁTICO;2021;7.005
BALEARS (ILLES);FRAUDE INFORMÁTICO;2020;10.879
BALEARS (ILLES);FRAUDE INFORMÁTICO;2019;7.702
BALEARS (ILLES);FRAUDE INFORMÁTICO;2018;5.491
BALEARS (ILLES);FRAUDE INFORMÁTICO;2017;3.156
BALEARS (ILLES);FRAUDE INFORMÁTICO;2016;2.113
BALEARS (ILLES);FRAUDE INFORMÁTICO;2015;2.264
BALEARS (ILLES);FRAUDE INFORMÁTICO;2014;1.304
BALEARS (ILLES);FRAUDE INFORMÁTICO;2013;1.049
BALEARS (ILLES);FRAUDE INFORMÁTICO;2012;956
BALEARS (ILLES);FRAUDE INFORMÁTICO;2011;749
BALEARS (ILLES);INTERFERENCIA EN LOS DATOS Y EN EL SISTEMA;2024;41
BALEARS (ILLES);INTERFERENCIA EN LOS DATOS Y EN EL SISTEMA;2023;48
BALEARS (ILLES);INTERFERENCIA EN LOS DATOS Y EN EL SISTEMA;2022;39
BALEARS (ILLES);INTERFERENCIA EN LOS DATOS Y EN EL SISTEMA;2021;65
BALEARS (ILLES);INTERFERENCIA EN LOS DATOS Y EN EL SISTEMA;2020;40
BALEARS (ILLES);INTERFERENCIA EN LOS DATOS Y EN EL SISTEMA;2019;33
BALEARS (ILLES);INTERFERENCIA EN LOS DATOS Y EN EL SISTEMA;2018;39
BALEARS (ILLES);INTERFERENCIA EN LOS DATOS Y EN EL SISTEMA;2017;30
BALEARS (ILLES);INTERFERENCIA EN LOS DATOS Y EN EL SISTEMA;2016;36
BALEARS (ILLES);INTERFERENCIA EN LOS DATOS Y EN EL SISTEMA;2015;26
BALEARS (ILLES);INTERFERENCIA EN LOS DATOS Y EN EL SISTEMA;2014;15
BALEARS (ILLES);INTERFERENCIA EN LOS DATOS Y EN EL SISTEMA;2013;10
BALEARS (ILLES);INTERFERENCIA EN LOS DATOS Y EN EL SISTEMA;2012;14
BALEARS (ILLES);INTERFERENCIA EN LOS DATOS Y EN EL SISTEMA;2011;3
BALEARS (ILLES);TOTAL grupo penal;2024;12.953
BALEARS (ILLES);TOTAL grupo penal;2023;11.485
BALEARS (ILLES);TOTAL grupo penal;2022;8.701
BALEARS (ILLES);TOTAL grupo penal;2021;8.294
BALEARS (ILLES);TOTAL grupo penal;2020;11.800
BALEARS (ILLES);TOTAL grupo penal;2019;8.508
BALEARS (ILLES);TOTAL grupo penal;2018;6.277
BALEARS (ILLES);TOTAL grupo penal;2017;3.876
BALEARS (ILLES);TOTAL grupo penal;2016;2.892
BALEARS (ILLES);TOTAL grupo penal;2015;3.025
BALEARS (ILLES);TOTAL grupo penal;2014;1.943
BALEARS (ILLES);TOTAL grupo penal;2013;1.608
BALEARS (ILLES);TOTAL grupo penal;2012;1.420
BALEARS (ILLES);TOTAL grupo penal;2011;1.274
CANARIAS;ACCESO  E INTERCEPTACIÓN ILÍCITA;2024;418
CANARIAS;ACCESO  E INTERCEPTACIÓN ILÍCITA;2023;363
CANARIAS;ACCESO  E INTERCEPTACIÓN ILÍCITA;2022;252
CANARIAS;ACCESO  E INTERCEPTACIÓN ILÍCITA;2021;250
CANARIAS;ACCESO  E INTERCEPTACIÓN ILÍCITA;2020;194
CANARIAS;ACCESO  E INTERCEPTACIÓN ILÍCITA;2019;197
CANARIAS;ACCESO  E INTERCEPTACIÓN ILÍCITA;2018;141
CANARIAS;ACCESO  E INTERCEPTACIÓN ILÍCITA;2017;114
CANARIAS;ACCESO  E INTERCEPTACIÓN ILÍCITA;2016;111
CANARIAS;ACCESO  E INTERCEPTACIÓN ILÍCITA;2015;108
CANARIAS;ACCESO  E INTERCEPTACIÓN ILÍCITA;2014;77
CANARIAS;ACCESO  E INTERCEPTACIÓN ILÍCITA;2013;92
CANARIAS;ACCESO  E INTERCEPTACIÓN ILÍCITA;2012;70
CANARIAS;ACCESO  E INTERCEPTACIÓN ILÍCITA;2011;82
CANARIAS;AMENAZAS Y COACCIONES;2024;766
CANARIAS;AMENAZAS Y COACCIONES;2023;871
CANARIAS;AMENAZAS Y COACCIONES;2022;1.028
CANARIAS;AMENAZAS Y COACCIONES;2021;1.074
CANARIAS;AMENAZAS Y COACCIONES;2020;1.023
CANARIAS;AMENAZAS Y COACCIONES;2019;861
CANARIAS;AMENAZAS Y COACCIONES;2018;847
CANARIAS;AMENAZAS Y COACCIONES;2017;759
CANARIAS;AMENAZAS Y COACCIONES;2016;848
CANARIAS;AMENAZAS Y COACCIONES;2015;729
CANARIAS;AMENAZAS Y COACCIONES;2014;717
CANARIAS;AMENAZAS Y COACCIONES;2013;673
CANARIAS;AMENAZAS Y COACCIONES;2012;750
CANARIAS;AMENAZAS Y COACCIONES;2011;818
CANARIAS;CONTRA EL HONOR;2024;60
CANARIAS;CONTRA EL HONOR;2023;63
CANARIAS;CONTRA EL HONOR;2022;72
CANARIAS;CONTRA EL HONOR;2021;94
CANARIAS;CONTRA EL HONOR;2020;111
CANARIAS;CONTRA EL HONOR;2019;95
CANARIAS;CONTRA EL HONOR;2018;74
CANARIAS;CONTRA EL HONOR;2017;88
CANARIAS;CONTRA EL HONOR;2016;77
CANARIAS;CONTRA EL HONOR;2015;126
CANARIAS;CONTRA EL HONOR;2014;124
CANARIAS;CONTRA EL HONOR;2013;86
CANARIAS;CONTRA EL HONOR;2012;97
CANARIAS;CONTRA EL HONOR;2011;139
CANARIAS;CONTRA LA PROPIEDAD INDUSTRIAL/INTELECTUAL;2024;5
CANARIAS;CONTRA LA PROPIEDAD INDUSTRIAL/INTELECTUAL;2023;4
CANARIAS;CONTRA LA PROPIEDAD INDUSTRIAL/INTELECTUAL;2022;2
CANARIAS;CONTRA LA PROPIEDAD INDUSTRIAL/INTELECTUAL;2021;4
CANARIAS;CONTRA LA PROPIEDAD INDUSTRIAL/INTELECTUAL;2020;5
CANARIAS;CONTRA LA PROPIEDAD INDUSTRIAL/INTELECTUAL;2019;4
CANARIAS;CONTRA LA PROPIEDAD INDUSTRIAL/INTELECTUAL;2018;2
CANARIAS;CONTRA LA PROPIEDAD INDUSTRIAL/INTELECTUAL;2017;4
CANARIAS;CONTRA LA PROPIEDAD INDUSTRIAL/INTELECTUAL;2016;6
CANARIAS;CONTRA LA PROPIEDAD INDUSTRIAL/INTELECTUAL;2015;5
CANARIAS;CONTRA LA PROPIEDAD INDUSTRIAL/INTELECTUAL;2014;2
CANARIAS;CONTRA LA PROPIEDAD INDUSTRIAL/INTELECTUAL;2013;1
CANARIAS;CONTRA LA PROPIEDAD INDUSTRIAL/INTELECTUAL;2012;3
CANARIAS;CONTRA LA PROPIEDAD INDUSTRIAL/INTELECTUAL;2011;11
CANARIAS;DELITOS SEXUALES;2024;70
CANARIAS;DELITOS SEXUALES;2023;92
CANARIAS;DELITOS SEXUALES;2022;97
CANARIAS;DELITOS SEXUALES;2021;87
CANARIAS;DELITOS SEXUALES;2020;143
CANARIAS;DELITOS SEXUALES;2019;129
CANARIAS;DELITOS SEXUALES;2018;87
CANARIAS;DELITOS SEXUALES;2017;75
CANARIAS;DELITOS SEXUALES;2016;52
CANARIAS;DELITOS SEXUALES;2015;65
CANARIAS;DELITOS SEXUALES;2014;57
CANARIAS;DELITOS SEXUALES;2013;50
CANARIAS;DELITOS SEXUALES;2012;70
CANARIAS;DELITOS SEXUALES;2011;52
CANARIAS;FALSIFICACIÓN INFORMÁTICA;2024;620
CANARIAS;FALSIFICACIÓN INFORMÁTICA;2023;471
CANARIAS;FALSIFICACIÓN INFORMÁTICA;2022;473
CANARIAS;FALSIFICACIÓN INFORMÁTICA;2021;399
CANARIAS;FALSIFICACIÓN INFORMÁTICA;2020;277
CANARIAS;FALSIFICACIÓN INFORMÁTICA;2019;205
CANARIAS;FALSIFICACIÓN INFORMÁTICA;2018;152
CANARIAS;FALSIFICACIÓN INFORMÁTICA;2017;209
CANARIAS;FALSIFICACIÓN INFORMÁTICA;2016;97
CANARIAS;FALSIFICACIÓN INFORMÁTICA;2015;110
CANARIAS;FALSIFICACIÓN INFORMÁTICA;2014;66
CANARIAS;FALSIFICACIÓN INFORMÁTICA;2013;69
CANARIAS;FALSIFICACIÓN INFORMÁTICA;2012;51
CANARIAS;FALSIFICACIÓN INFORMÁTICA;2011;83
CANARIAS;FRAUDE INFORMÁTICO;2024;14.764
CANARIAS;FRAUDE INFORMÁTICO;2023;15.752
CANARIAS;FRAUDE INFORMÁTICO;2022;11.699
CANARIAS;FRAUDE INFORMÁTICO;2021;8.916
CANARIAS;FRAUDE INFORMÁTICO;2020;12.642
CANARIAS;FRAUDE INFORMÁTICO;2019;7.286
CANARIAS;FRAUDE INFORMÁTICO;2018;3.097
CANARIAS;FRAUDE INFORMÁTICO;2017;2.172
CANARIAS;FRAUDE INFORMÁTICO;2016;1.696
CANARIAS;FRAUDE INFORMÁTICO;2015;1.838
CANARIAS;FRAUDE INFORMÁTICO;2014;1.371
CANARIAS;FRAUDE INFORMÁTICO;2013;1.161
CANARIAS;FRAUDE INFORMÁTICO;2012;2.118
CANARIAS;FRAUDE INFORMÁTICO;2011;1.384
CANARIAS;INTERFERENCIA EN LOS DATOS Y EN EL SISTEMA;2024;54
CANARIAS;INTERFERENCIA EN LOS DATOS Y EN EL SISTEMA;2023;55
CANARIAS;INTERFERENCIA EN LOS DATOS Y EN EL SISTEMA;2022;61
CANARIAS;INTERFERENCIA EN LOS DATOS Y EN EL SISTEMA;2021;51
CANARIAS;INTERFERENCIA EN LOS DATOS Y EN EL SISTEMA;2020;54
CANARIAS;INTERFERENCIA EN LOS DATOS Y EN EL SISTEMA;2019;64
CANARIAS;INTERFERENCIA EN LOS DATOS Y EN EL SISTEMA;2018;45
CANARIAS;INTERFERENCIA EN LOS DATOS Y EN EL SISTEMA;2017;49
CANARIAS;INTERFERENCIA EN LOS DATOS Y EN EL SISTEMA;2016;47
CANARIAS;INTERFERENCIA EN LOS DATOS Y EN EL SISTEMA;2015;39
CANARIAS;INTERFERENCIA EN LOS DATOS Y EN EL SISTEMA;2014;12
CANARIAS;INTERFERENCIA EN LOS DATOS Y EN EL SISTEMA;2013;19
CANARIAS;INTERFERENCIA EN LOS DATOS Y EN EL SISTEMA;2012;7
CANARIAS;INTERFERENCIA EN LOS DATOS Y EN EL SISTEMA;2011;5
CANARIAS;TOTAL grupo penal;2024;16.757
CANARIAS;TOTAL grupo penal;2023;17.671
CANARIAS;TOTAL grupo penal;2022;13.684
CANARIAS;TOTAL grupo penal;2021;10.875
CANARIAS;TOTAL grupo penal;2020;14.449
CANARIAS;TOTAL grupo penal;2019;8.841
CANARIAS;TOTAL grupo penal;2018;4.445
CANARIAS;TOTAL grupo penal;2017;3.470
CANARIAS;TOTAL grupo penal;2016;2.934
CANARIAS;TOTAL grupo penal;2015;3.020
CANARIAS;TOTAL grupo penal;2014;2.426
CANARIAS;TOTAL grupo penal;2013;2.151
CANARIAS;TOTAL grupo penal;2012;3.166
CANARIAS;TOTAL grupo penal;2011;2.574
CANTABRIA;ACCESO  E INTERCEPTACIÓN ILÍCITA;2024;209
CANTABRIA;ACCESO  E INTERCEPTACIÓN ILÍCITA;2023;129
CANTABRIA;ACCESO  E INTERCEPTACIÓN ILÍCITA;2022;79
CANTABRIA;ACCESO  E INTERCEPTACIÓN ILÍCITA;2021;60
CANTABRIA;ACCESO  E INTERCEPTACIÓN ILÍCITA;2020;45
CANTABRIA;ACCESO  E INTERCEPTACIÓN ILÍCITA;2019;50
CANTABRIA;ACCESO  E INTERCEPTACIÓN ILÍCITA;2018;36
CANTABRIA;ACCESO  E INTERCEPTACIÓN ILÍCITA;2017;43
CANTABRIA;ACCESO  E INTERCEPTACIÓN ILÍCITA;2016;38
CANTABRIA;ACCESO  E INTERCEPTACIÓN ILÍCITA;2015;45
CANTABRIA;ACCESO  E INTERCEPTACIÓN ILÍCITA;2014;21
CANTABRIA;ACCESO  E INTERCEPTACIÓN ILÍCITA;2013;25
CANTABRIA;ACCESO  E INTERCEPTACIÓN ILÍCITA;2012;23
CANTABRIA;ACCESO  E INTERCEPTACIÓN ILÍCITA;2011;31
CANTABRIA;AMENAZAS Y COACCIONES;2024;258
CANTABRIA;AMENAZAS Y COACCIONES;2023;249
CANTABRIA;AMENAZAS Y COACCIONES;2022;208
CANTABRIA;AMENAZAS Y COACCIONES;2021;321
CANTABRIA;AMENAZAS Y COACCIONES;2020;215
CANTABRIA;AMENAZAS Y COACCIONES;2019;189
CANTABRIA;AMENAZAS Y COACCIONES;2018;197
CANTABRIA;AMENAZAS Y COACCIONES;2017;193
CANTABRIA;AMENAZAS Y COACCIONES;2016;170
CANTABRIA;AMENAZAS Y COACCIONES;2015;172
CANTABRIA;AMENAZAS Y COACCIONES;2014;173
CANTABRIA;AMENAZAS Y COACCIONES;2013;136
CANTABRIA;AMENAZAS Y COACCIONES;2012;124
CANTABRIA;AMENAZAS Y COACCIONES;2011;125
CANTABRIA;CONTRA EL HONOR;2024;11
CANTABRIA;CONTRA EL HONOR;2023;9
CANTABRIA;CONTRA EL HONOR;2022;11
CANTABRIA;CONTRA EL HONOR;2021;20
CANTABRIA;CONTRA EL HONOR;2020;27
CANTABRIA;CONTRA EL HONOR;2019;16
CANTABRIA;CONTRA EL HONOR;2018;15
CANTABRIA;CONTRA EL HONOR;2017;14
CANTABRIA;CONTRA EL HONOR;2016;18
CANTABRIA;CONTRA EL HONOR;2015;38
CANTABRIA;CONTRA EL HONOR;2014;38
CANTABRIA;CONTRA EL HONOR;2013;30
CANTABRIA;CONTRA EL HONOR;2012;27
CANTABRIA;CONTRA EL HONOR;2011;17
CANTABRIA;CONTRA LA PROPIEDAD INDUSTRIAL/INTELECTUAL;2024;6
CANTABRIA;CONTRA LA PROPIEDAD INDUSTRIAL/INTELECTUAL;2023;14
CANTABRIA;CONTRA LA PROPIEDAD INDUSTRIAL/INTELECTUAL;2022;1
CANTABRIA;CONTRA LA PROPIEDAD INDUSTRIAL/INTELECTUAL;2021;7
CANTABRIA;CONTRA LA PROPIEDAD INDUSTRIAL/INTELECTUAL;2020;0
CANTABRIA;CONTRA LA PROPIEDAD INDUSTRIAL/INTELECTUAL;2019;0
CANTABRIA;CONTRA LA PROPIEDAD INDUSTRIAL/INTELECTUAL;2018;0
CANTABRIA;CONTRA LA PROPIEDAD INDUSTRIAL/INTELECTUAL;2017;0
CANTABRIA;CONTRA LA PROPIEDAD INDUSTRIAL/INTELECTUAL;2016;0
CANTABRIA;CONTRA LA PROPIEDAD INDUSTRIAL/INTELECTUAL;2015;3
CANTABRIA;CONTRA LA PROPIEDAD INDUSTRIAL/INTELECTUAL;2014;2
CANTABRIA;CONTRA LA PROPIEDAD INDUSTRIAL/INTELECTUAL;2013;1
CANTABRIA;CONTRA LA PROPIEDAD INDUSTRIAL/INTELECTUAL;2012;1
CANTABRIA;CONTRA LA PROPIEDAD INDUSTRIAL/INTELECTUAL;2011;0
CANTABRIA;DELITOS SEXUALES;2024;30
CANTABRIA;DELITOS SEXUALES;2023;12
CANTABRIA;DELITOS SEXUALES;2022;22
CANTABRIA;DELITOS SEXUALES;2021;15
CANTABRIA;DELITOS SEXUALES;2020;16
CANTABRIA;DELITOS SEXUALES;2019;18
CANTABRIA;DELITOS SEXUALES;2018;15
CANTABRIA;DELITOS SEXUALES;2017;11
CANTABRIA;DELITOS SEXUALES;2016;18
CANTABRIA;DELITOS SEXUALES;2015;17
CANTABRIA;DELITOS SEXUALES;2014;12
CANTABRIA;DELITOS SEXUALES;2013;4
CANTABRIA;DELITOS SEXUALES;2012;6
CANTABRIA;DELITOS SEXUALES;2011;7
CANTABRIA;FALSIFICACIÓN INFORMÁTICA;2024;207
CANTABRIA;FALSIFICACIÓN INFORMÁTICA;2023;95
CANTABRIA;FALSIFICACIÓN INFORMÁTICA;2022;103
CANTABRIA;FALSIFICACIÓN INFORMÁTICA;2021;57
CANTABRIA;FALSIFICACIÓN INFORMÁTICA;2020;35
CANTABRIA;FALSIFICACIÓN INFORMÁTICA;2019;26
CANTABRIA;FALSIFICACIÓN INFORMÁTICA;2018;23
CANTABRIA;FALSIFICACIÓN INFORMÁTICA;2017;18
CANTABRIA;FALSIFICACIÓN INFORMÁTICA;2016;22
CANTABRIA;FALSIFICACIÓN INFORMÁTICA;2015;6
CANTABRIA;FALSIFICACIÓN INFORMÁTICA;2014;9
CANTABRIA;FALSIFICACIÓN INFORMÁTICA;2013;5
CANTABRIA;FALSIFICACIÓN INFORMÁTICA;2012;7
CANTABRIA;FALSIFICACIÓN INFORMÁTICA;2011;13
CANTABRIA;FRAUDE INFORMÁTICO;2024;5.774
CANTABRIA;FRAUDE INFORMÁTICO;2023;5.428
CANTABRIA;FRAUDE INFORMÁTICO;2022;4.349
CANTABRIA;FRAUDE INFORMÁTICO;2021;3.243
CANTABRIA;FRAUDE INFORMÁTICO;2020;2.513
CANTABRIA;FRAUDE INFORMÁTICO;2019;1.766
CANTABRIA;FRAUDE INFORMÁTICO;2018;1.704
CANTABRIA;FRAUDE INFORMÁTICO;2017;1.419
CANTABRIA;FRAUDE INFORMÁTICO;2016;1.028
CANTABRIA;FRAUDE INFORMÁTICO;2015;776
CANTABRIA;FRAUDE INFORMÁTICO;2014;589
CANTABRIA;FRAUDE INFORMÁTICO;2013;281
CANTABRIA;FRAUDE INFORMÁTICO;2012;233
CANTABRIA;FRAUDE INFORMÁTICO;2011;231
CANTABRIA;INTERFERENCIA EN LOS DATOS Y EN EL SISTEMA;2024;41
CANTABRIA;INTERFERENCIA EN LOS DATOS Y EN EL SISTEMA;2023;32
CANTABRIA;INTERFERENCIA EN LOS DATOS Y EN EL SISTEMA;2022;33
CANTABRIA;INTERFERENCIA EN LOS DATOS Y EN EL SISTEMA;2021;59
CANTABRIA;INTERFERENCIA EN LOS DATOS Y EN EL SISTEMA;2020;34
CANTABRIA;INTERFERENCIA EN LOS DATOS Y EN EL SISTEMA;2019;21
CANTABRIA;INTERFERENCIA EN LOS DATOS Y EN EL SISTEMA;2018;10
CANTABRIA;INTERFERENCIA EN LOS DATOS Y EN EL SISTEMA;2017;18
CANTABRIA;INTERFERENCIA EN LOS DATOS Y EN EL SISTEMA;2016;13
CANTABRIA;INTERFERENCIA EN LOS DATOS Y EN EL SISTEMA;2015;8
CANTABRIA;INTERFERENCIA EN LOS DATOS Y EN EL SISTEMA;2014;6
CANTABRIA;INTERFERENCIA EN LOS DATOS Y EN EL SISTEMA;2013;5
CANTABRIA;INTERFERENCIA EN LOS DATOS Y EN EL SISTEMA;2012;8
CANTABRIA;INTERFERENCIA EN LOS DATOS Y EN EL SISTEMA;2011;6
CANTABRIA;TOTAL grupo penal;2024;6.536
CANTABRIA;TOTAL grupo penal;2023;5.968
CANTABRIA;TOTAL grupo penal;2022;4.806
CANTABRIA;TOTAL grupo penal;2021;3.782
CANTABRIA;TOTAL grupo penal;2020;2.885
CANTABRIA;TOTAL grupo penal;2019;2.086
CANTABRIA;TOTAL grupo penal;2018;2.000
CANTABRIA;TOTAL grupo penal;2017;1.716
CANTABRIA;TOTAL grupo penal;2016;1.307
CANTABRIA;TOTAL grupo penal;2015;1.065
CANTABRIA;TOTAL grupo penal;2014;850
CANTABRIA;TOTAL grupo penal;2013;487
CANTABRIA;TOTAL grupo penal;2012;429
CANTABRIA;TOTAL grupo penal;2011;430
CASTILLA Y LEÓN;ACCESO  E INTERCEPTACIÓN ILÍCITA;2024;546
CASTILLA Y LEÓN;ACCESO  E INTERCEPTACIÓN ILÍCITA;2023;348
CASTILLA Y LEÓN;ACCESO  E INTERCEPTACIÓN ILÍCITA;2022;333
CASTILLA Y LEÓN;ACCESO  E INTERCEPTACIÓN ILÍCITA;2021;244
CASTILLA Y LEÓN;ACCESO  E INTERCEPTACIÓN ILÍCITA;2020;182
CASTILLA Y LEÓN;ACCESO  E INTERCEPTACIÓN ILÍCITA;2019;130
CASTILLA Y LEÓN;ACCESO  E INTERCEPTACIÓN ILÍCITA;2018;148
CASTILLA Y LEÓN;ACCESO  E INTERCEPTACIÓN ILÍCITA;2017;106
CASTILLA Y LEÓN;ACCESO  E INTERCEPTACIÓN ILÍCITA;2016;136
CASTILLA Y LEÓN;ACCESO  E INTERCEPTACIÓN ILÍCITA;2015;104
CASTILLA Y LEÓN;ACCESO  E INTERCEPTACIÓN ILÍCITA;2014;63
CASTILLA Y LEÓN;ACCESO  E INTERCEPTACIÓN ILÍCITA;2013;61
CASTILLA Y LEÓN;ACCESO  E INTERCEPTACIÓN ILÍCITA;2012;50
CASTILLA Y LEÓN;ACCESO  E INTERCEPTACIÓN ILÍCITA;2011;48
CASTILLA Y LEÓN;AMENAZAS Y COACCIONES;2024;972
CASTILLA Y LEÓN;AMENAZAS Y COACCIONES;2023;1.001
CASTILLA Y LEÓN;AMENAZAS Y COACCIONES;2022;929
CASTILLA Y LEÓN;AMENAZAS Y COACCIONES;2021;1.037
CASTILLA Y LEÓN;AMENAZAS Y COACCIONES;2020;772
CASTILLA Y LEÓN;AMENAZAS Y COACCIONES;2019;806
CASTILLA Y LEÓN;AMENAZAS Y COACCIONES;2018;832
CASTILLA Y LEÓN;AMENAZAS Y COACCIONES;2017;711
CASTILLA Y LEÓN;AMENAZAS Y COACCIONES;2016;743
CASTILLA Y LEÓN;AMENAZAS Y COACCIONES;2015;627
CASTILLA Y LEÓN;AMENAZAS Y COACCIONES;2014;620
CASTILLA Y LEÓN;AMENAZAS Y COACCIONES;2013;575
CASTILLA Y LEÓN;AMENAZAS Y COACCIONES;2012;622
CASTILLA Y LEÓN;AMENAZAS Y COACCIONES;2011;692
CASTILLA Y LEÓN;CONTRA EL HONOR;2024;72
CASTILLA Y LEÓN;CONTRA EL HONOR;2023;95
CASTILLA Y LEÓN;CONTRA EL HONOR;2022;65
CASTILLA Y LEÓN;CONTRA EL HONOR;2021;85
CASTILLA Y LEÓN;CONTRA EL HONOR;2020;110
CASTILLA Y LEÓN;CONTRA EL HONOR;2019;90
CASTILLA Y LEÓN;CONTRA EL HONOR;2018;100
CASTILLA Y LEÓN;CONTRA EL HONOR;2017;97
CASTILLA Y LEÓN;CONTRA EL HONOR;2016;98
CASTILLA Y LEÓN;CONTRA EL HONOR;2015;141
CASTILLA Y LEÓN;CONTRA EL HONOR;2014;169
CASTILLA Y LEÓN;CONTRA EL HONOR;2013;171
CASTILLA Y LEÓN;CONTRA EL HONOR;2012;175
CASTILLA Y LEÓN;CONTRA EL HONOR;2011;171
CASTILLA Y LEÓN;CONTRA LA PROPIEDAD INDUSTRIAL/INTELECTUAL;2024;12
CASTILLA Y LEÓN;CONTRA LA PROPIEDAD INDUSTRIAL/INTELECTUAL;2023;6
CASTILLA Y LEÓN;CONTRA LA PROPIEDAD INDUSTRIAL/INTELECTUAL;2022;3
CASTILLA Y LEÓN;CONTRA LA PROPIEDAD INDUSTRIAL/INTELECTUAL;2021;10
CASTILLA Y LEÓN;CONTRA LA PROPIEDAD INDUSTRIAL/INTELECTUAL;2020;11
CASTILLA Y LEÓN;CONTRA LA PROPIEDAD INDUSTRIAL/INTELECTUAL;2019;4
CASTILLA Y LEÓN;CONTRA LA PROPIEDAD INDUSTRIAL/INTELECTUAL;2018;33
CASTILLA Y LEÓN;CONTRA LA PROPIEDAD INDUSTRIAL/INTELECTUAL;2017;8
CASTILLA Y LEÓN;CONTRA LA PROPIEDAD INDUSTRIAL/INTELECTUAL;2016;5
CASTILLA Y LEÓN;CONTRA LA PROPIEDAD INDUSTRIAL/INTELECTUAL;2015;10
CASTILLA Y LEÓN;CONTRA LA PROPIEDAD INDUSTRIAL/INTELECTUAL;2014;6
CASTILLA Y LEÓN;CONTRA LA PROPIEDAD INDUSTRIAL/INTELECTUAL;2013;3
CASTILLA Y LEÓN;CONTRA LA PROPIEDAD INDUSTRIAL/INTELECTUAL;2012;6
CASTILLA Y LEÓN;CONTRA LA PROPIEDAD INDUSTRIAL/INTELECTUAL;2011;21
CASTILLA Y LEÓN;DELITOS SEXUALES;2024;75
CASTILLA Y LEÓN;DELITOS SEXUALES;2023;87
CASTILLA Y LEÓN;DELITOS SEXUALES;2022;85
CASTILLA Y LEÓN;DELITOS SEXUALES;2021;57
CASTILLA Y LEÓN;DELITOS SEXUALES;2020;80
CASTILLA Y LEÓN;DELITOS SEXUALES;2019;91
CASTILLA Y LEÓN;DELITOS SEXUALES;2018;62
CASTILLA Y LEÓN;DELITOS SEXUALES;2017;61
CASTILLA Y LEÓN;DELITOS SEXUALES;2016;58
CASTILLA Y LEÓN;DELITOS SEXUALES;2015;44
CASTILLA Y LEÓN;DELITOS SEXUALES;2014;42
CASTILLA Y LEÓN;DELITOS SEXUALES;2013;21
CASTILLA Y LEÓN;DELITOS SEXUALES;2012;30
CASTILLA Y LEÓN;DELITOS SEXUALES;2011;24
CASTILLA Y LEÓN;FALSIFICACIÓN INFORMÁTICA;2024;1.244
CASTILLA Y LEÓN;FALSIFICACIÓN INFORMÁTICA;2023;1.131
CASTILLA Y LEÓN;FALSIFICACIÓN INFORMÁTICA;2022;775
CASTILLA Y LEÓN;FALSIFICACIÓN INFORMÁTICA;2021;622
CASTILLA Y LEÓN;FALSIFICACIÓN INFORMÁTICA;2020;362
CASTILLA Y LEÓN;FALSIFICACIÓN INFORMÁTICA;2019;303
CASTILLA Y LEÓN;FALSIFICACIÓN INFORMÁTICA;2018;263
CASTILLA Y LEÓN;FALSIFICACIÓN INFORMÁTICA;2017;245
CASTILLA Y LEÓN;FALSIFICACIÓN INFORMÁTICA;2016;170
CASTILLA Y LEÓN;FALSIFICACIÓN INFORMÁTICA;2015;99
CASTILLA Y LEÓN;FALSIFICACIÓN INFORMÁTICA;2014;68
CASTILLA Y LEÓN;FALSIFICACIÓN INFORMÁTICA;2013;56
CASTILLA Y LEÓN;FALSIFICACIÓN INFORMÁTICA;2012;36
CASTILLA Y LEÓN;FALSIFICACIÓN INFORMÁTICA;2011;42
CASTILLA Y LEÓN;FRAUDE INFORMÁTICO;2024;22.366
CASTILLA Y LEÓN;FRAUDE INFORMÁTICO;2023;22.722
CASTILLA Y LEÓN;FRAUDE INFORMÁTICO;2022;18.968
CASTILLA Y LEÓN;FRAUDE INFORMÁTICO;2021;14.457
CASTILLA Y LEÓN;FRAUDE INFORMÁTICO;2020;13.841
CASTILLA Y LEÓN;FRAUDE INFORMÁTICO;2019;9.464
CASTILLA Y LEÓN;FRAUDE INFORMÁTICO;2018;6.511
CASTILLA Y LEÓN;FRAUDE INFORMÁTICO;2017;4.606
CASTILLA Y LEÓN;FRAUDE INFORMÁTICO;2016;3.370
CASTILLA Y LEÓN;FRAUDE INFORMÁTICO;2015;2.411
CASTILLA Y LEÓN;FRAUDE INFORMÁTICO;2014;1.874
CASTILLA Y LEÓN;FRAUDE INFORMÁTICO;2013;1.403
CASTILLA Y LEÓN;FRAUDE INFORMÁTICO;2012;1.172
CASTILLA Y LEÓN;FRAUDE INFORMÁTICO;2011;849
CASTILLA Y LEÓN;INTERFERENCIA EN LOS DATOS Y EN EL SISTEMA;2024;174
CASTILLA Y LEÓN;INTERFERENCIA EN LOS DATOS Y EN EL SISTEMA;2023;156
CASTILLA Y LEÓN;INTERFERENCIA EN LOS DATOS Y EN EL SISTEMA;2022;144
CASTILLA Y LEÓN;INTERFERENCIA EN LOS DATOS Y EN EL SISTEMA;2021;168
CASTILLA Y LEÓN;INTERFERENCIA EN LOS DATOS Y EN EL SISTEMA;2020;99
CASTILLA Y LEÓN;INTERFERENCIA EN LOS DATOS Y EN EL SISTEMA;2019;76
CASTILLA Y LEÓN;INTERFERENCIA EN LOS DATOS Y EN EL SISTEMA;2018;93
CASTILLA Y LEÓN;INTERFERENCIA EN LOS DATOS Y EN EL SISTEMA;2017;79
CASTILLA Y LEÓN;INTERFERENCIA EN LOS DATOS Y EN EL SISTEMA;2016;102
CASTILLA Y LEÓN;INTERFERENCIA EN LOS DATOS Y EN EL SISTEMA;2015;64
CASTILLA Y LEÓN;INTERFERENCIA EN LOS DATOS Y EN EL SISTEMA;2014;21
CASTILLA Y LEÓN;INTERFERENCIA EN LOS DATOS Y EN EL SISTEMA;2013;17
CASTILLA Y LEÓN;INTERFERENCIA EN LOS DATOS Y EN EL SISTEMA;2012;11
CASTILLA Y LEÓN;INTERFERENCIA EN LOS DATOS Y EN EL SISTEMA;2011;16
CASTILLA Y LEÓN;TOTAL grupo penal;2024;25.461
CASTILLA Y LEÓN;TOTAL grupo penal;2023;25.546
CASTILLA Y LEÓN;TOTAL grupo penal;2022;21.302
CASTILLA Y LEÓN;TOTAL grupo penal;2021;16.680
CASTILLA Y LEÓN;TOTAL grupo penal;2020;15.457
CASTILLA Y LEÓN;TOTAL grupo penal;2019;10.964
CASTILLA Y LEÓN;TOTAL grupo penal;2018;8.042
CASTILLA Y LEÓN;TOTAL grupo penal;2017;5.913
CASTILLA Y LEÓN;TOTAL grupo penal;2016;4.682
CASTILLA Y LEÓN;TOTAL grupo penal;2015;3.500
CASTILLA Y LEÓN;TOTAL grupo penal;2014;2.863
CASTILLA Y LEÓN;TOTAL grupo penal;2013;2.307
CASTILLA Y LEÓN;TOTAL grupo penal;2012;2.102
CASTILLA Y LEÓN;TOTAL grupo penal;2011;1.863
CASTILLA - LA MANCHA;ACCESO  E INTERCEPTACIÓN ILÍCITA;2024;274
CASTILLA - LA MANCHA;ACCESO  E INTERCEPTACIÓN ILÍCITA;2023;192
CASTILLA - LA MANCHA;ACCESO  E INTERCEPTACIÓN ILÍCITA;2022;165
CASTILLA - LA MANCHA;ACCESO  E INTERCEPTACIÓN ILÍCITA;2021;111
CASTILLA - LA MANCHA;ACCESO  E INTERCEPTACIÓN ILÍCITA;2020;124
CASTILLA - LA MANCHA;ACCESO  E INTERCEPTACIÓN ILÍCITA;2019;107
CASTILLA - LA MANCHA;ACCESO  E INTERCEPTACIÓN ILÍCITA;2018;93
CASTILLA - LA MANCHA;ACCESO  E INTERCEPTACIÓN ILÍCITA;2017;79
CASTILLA - LA MANCHA;ACCESO  E INTERCEPTACIÓN ILÍCITA;2016;79
CASTILLA - LA MANCHA;ACCESO  E INTERCEPTACIÓN ILÍCITA;2015;86
CASTILLA - LA MANCHA;ACCESO  E INTERCEPTACIÓN ILÍCITA;2014;73
CASTILLA - LA MANCHA;ACCESO  E INTERCEPTACIÓN ILÍCITA;2013;75
CASTILLA - LA MANCHA;ACCESO  E INTERCEPTACIÓN ILÍCITA;2012;60
CASTILLA - LA MANCHA;ACCESO  E INTERCEPTACIÓN ILÍCITA;2011;44
CASTILLA - LA MANCHA;AMENAZAS Y COACCIONES;2024;758
CASTILLA - LA MANCHA;AMENAZAS Y COACCIONES;2023;844
CASTILLA - LA MANCHA;AMENAZAS Y COACCIONES;2022;895
CASTILLA - LA MANCHA;AMENAZAS Y COACCIONES;2021;932
CASTILLA - LA MANCHA;AMENAZAS Y COACCIONES;2020;745
CASTILLA - LA MANCHA;AMENAZAS Y COACCIONES;2019;628
CASTILLA - LA MANCHA;AMENAZAS Y COACCIONES;2018;642
CASTILLA - LA MANCHA;AMENAZAS Y COACCIONES;2017;591
CASTILLA - LA MANCHA;AMENAZAS Y COACCIONES;2016;617
CASTILLA - LA MANCHA;AMENAZAS Y COACCIONES;2015;586
CASTILLA - LA MANCHA;AMENAZAS Y COACCIONES;2014;603
CASTILLA - LA MANCHA;AMENAZAS Y COACCIONES;2013;568
CASTILLA - LA MANCHA;AMENAZAS Y COACCIONES;2012;539
CASTILLA - LA MANCHA;AMENAZAS Y COACCIONES;2011;591
CASTILLA - LA MANCHA;CONTRA EL HONOR;2024;65
CASTILLA - LA MANCHA;CONTRA EL HONOR;2023;101
CASTILLA - LA MANCHA;CONTRA EL HONOR;2022;70
CASTILLA - LA MANCHA;CONTRA EL HONOR;2021;80
CASTILLA - LA MANCHA;CONTRA EL HONOR;2020;115
CASTILLA - LA MANCHA;CONTRA EL HONOR;2019;94
CASTILLA - LA MANCHA;CONTRA EL HONOR;2018;90
CASTILLA - LA MANCHA;CONTRA EL HONOR;2017;125
CASTILLA - LA MANCHA;CONTRA EL HONOR;2016;134
CASTILLA - LA MANCHA;CONTRA EL HONOR;2015;179
CASTILLA - LA MANCHA;CONTRA EL HONOR;2014;187
CASTILLA - LA MANCHA;CONTRA EL HONOR;2013;177
CASTILLA - LA MANCHA;CONTRA EL HONOR;2012;163
CASTILLA - LA MANCHA;CONTRA EL HONOR;2011;156
CASTILLA - LA MANCHA;CONTRA LA PROPIEDAD INDUSTRIAL/INTELECTUAL;2024;11
CASTILLA - LA MANCHA;CONTRA LA PROPIEDAD INDUSTRIAL/INTELECTUAL;2023;4
CASTILLA - LA MANCHA;CONTRA LA PROPIEDAD INDUSTRIAL/INTELECTUAL;2022;6
CASTILLA - LA MANCHA;CONTRA LA PROPIEDAD INDUSTRIAL/INTELECTUAL;2021;4
CASTILLA - LA MANCHA;CONTRA LA PROPIEDAD INDUSTRIAL/INTELECTUAL;2020;3
CASTILLA - LA MANCHA;CONTRA LA PROPIEDAD INDUSTRIAL/INTELECTUAL;2019;4
CASTILLA - LA MANCHA;CONTRA LA PROPIEDAD INDUSTRIAL/INTELECTUAL;2018;13
CASTILLA - LA MANCHA;CONTRA LA PROPIEDAD INDUSTRIAL/INTELECTUAL;2017;9
CASTILLA - LA MANCHA;CONTRA LA PROPIEDAD INDUSTRIAL/INTELECTUAL;2016;5
CASTILLA - LA MANCHA;CONTRA LA PROPIEDAD INDUSTRIAL/INTELECTUAL;2015;7
CASTILLA - LA MANCHA;CONTRA LA PROPIEDAD INDUSTRIAL/INTELECTUAL;2014;3
CASTILLA - LA MANCHA;CONTRA LA PROPIEDAD INDUSTRIAL/INTELECTUAL;2013;4
CASTILLA - LA MANCHA;CONTRA LA PROPIEDAD INDUSTRIAL/INTELECTUAL;2012;5
CASTILLA - LA MANCHA;CONTRA LA PROPIEDAD INDUSTRIAL/INTELECTUAL;2011;7
CASTILLA - LA MANCHA;DELITOS SEXUALES;2024;58
CASTILLA - LA MANCHA;DELITOS SEXUALES;2023;69
CASTILLA - LA MANCHA;DELITOS SEXUALES;2022;69
CASTILLA - LA MANCHA;DELITOS SEXUALES;2021;53
CASTILLA - LA MANCHA;DELITOS SEXUALES;2020;57
CASTILLA - LA MANCHA;DELITOS SEXUALES;2019;71
CASTILLA - LA MANCHA;DELITOS SEXUALES;2018;72
CASTILLA - LA MANCHA;DELITOS SEXUALES;2017;51
CASTILLA - LA MANCHA;DELITOS SEXUALES;2016;43
CASTILLA - LA MANCHA;DELITOS SEXUALES;2015;52
CASTILLA - LA MANCHA;DELITOS SEXUALES;2014;29
CASTILLA - LA MANCHA;DELITOS SEXUALES;2013;24
CASTILLA - LA MANCHA;DELITOS SEXUALES;2012;23
CASTILLA - LA MANCHA;DELITOS SEXUALES;2011;30
CASTILLA - LA MANCHA;FALSIFICACIÓN INFORMÁTICA;2024;908
CASTILLA - LA MANCHA;FALSIFICACIÓN INFORMÁTICA;2023;830
CASTILLA - LA MANCHA;FALSIFICACIÓN INFORMÁTICA;2022;766
CASTILLA - LA MANCHA;FALSIFICACIÓN INFORMÁTICA;2021;617
CASTILLA - LA MANCHA;FALSIFICACIÓN INFORMÁTICA;2020;461
CASTILLA - LA MANCHA;FALSIFICACIÓN INFORMÁTICA;2019;284
CASTILLA - LA MANCHA;FALSIFICACIÓN INFORMÁTICA;2018;277
CASTILLA - LA MANCHA;FALSIFICACIÓN INFORMÁTICA;2017;226
CASTILLA - LA MANCHA;FALSIFICACIÓN INFORMÁTICA;2016;178
CASTILLA - LA MANCHA;FALSIFICACIÓN INFORMÁTICA;2015;146
CASTILLA - LA MANCHA;FALSIFICACIÓN INFORMÁTICA;2014;144
CASTILLA - LA MANCHA;FALSIFICACIÓN INFORMÁTICA;2013;114
CASTILLA - LA MANCHA;FALSIFICACIÓN INFORMÁTICA;2012;105
CASTILLA - LA MANCHA;FALSIFICACIÓN INFORMÁTICA;2011;114
CASTILLA - LA MANCHA;FRAUDE INFORMÁTICO;2024;16.038
CASTILLA - LA MANCHA;FRAUDE INFORMÁTICO;2023;17.335
CASTILLA - LA MANCHA;FRAUDE INFORMÁTICO;2022;13.608
CASTILLA - LA MANCHA;FRAUDE INFORMÁTICO;2021;9.797
CASTILLA - LA MANCHA;FRAUDE INFORMÁTICO;2020;8.405
CASTILLA - LA MANCHA;FRAUDE INFORMÁTICO;2019;6.445
CASTILLA - LA MANCHA;FRAUDE INFORMÁTICO;2018;4.789
CASTILLA - LA MANCHA;FRAUDE INFORMÁTICO;2017;2.796
CASTILLA - LA MANCHA;FRAUDE INFORMÁTICO;2016;2.075
CASTILLA - LA MANCHA;FRAUDE INFORMÁTICO;2015;2.012
CASTILLA - LA MANCHA;FRAUDE INFORMÁTICO;2014;1.509
CASTILLA - LA MANCHA;FRAUDE INFORMÁTICO;2013;1.255
CASTILLA - LA MANCHA;FRAUDE INFORMÁTICO;2012;1.092
CASTILLA - LA MANCHA;FRAUDE INFORMÁTICO;2011;861
CASTILLA - LA MANCHA;INTERFERENCIA EN LOS DATOS Y EN EL SISTEMA;2024;114
CASTILLA - LA MANCHA;INTERFERENCIA EN LOS DATOS Y EN EL SISTEMA;2023;81
CASTILLA - LA MANCHA;INTERFERENCIA EN LOS DATOS Y EN EL SISTEMA;2022;70
CASTILLA - LA MANCHA;INTERFERENCIA EN LOS DATOS Y EN EL SISTEMA;2021;63
CASTILLA - LA MANCHA;INTERFERENCIA EN LOS DATOS Y EN EL SISTEMA;2020;53
CASTILLA - LA MANCHA;INTERFERENCIA EN LOS DATOS Y EN EL SISTEMA;2019;54
CASTILLA - LA MANCHA;INTERFERENCIA EN LOS DATOS Y EN EL SISTEMA;2018;30
CASTILLA - LA MANCHA;INTERFERENCIA EN LOS DATOS Y EN EL SISTEMA;2017;56
CASTILLA - LA MANCHA;INTERFERENCIA EN LOS DATOS Y EN EL SISTEMA;2016;53
CASTILLA - LA MANCHA;INTERFERENCIA EN LOS DATOS Y EN EL SISTEMA;2015;25
CASTILLA - LA MANCHA;INTERFERENCIA EN LOS DATOS Y EN EL SISTEMA;2014;16
CASTILLA - LA MANCHA;INTERFERENCIA EN LOS DATOS Y EN EL SISTEMA;2013;10
CASTILLA - LA MANCHA;INTERFERENCIA EN LOS DATOS Y EN EL SISTEMA;2012;9
CASTILLA - LA MANCHA;INTERFERENCIA EN LOS DATOS Y EN EL SISTEMA;2011;11
CASTILLA - LA MANCHA;TOTAL grupo penal;2024;18.226
CASTILLA - LA MANCHA;TOTAL grupo penal;2023;19.456
CASTILLA - LA MANCHA;TOTAL grupo penal;2022;15.649
CASTILLA - LA MANCHA;TOTAL grupo penal;2021;11.657
CASTILLA - LA MANCHA;TOTAL grupo penal;2020;9.963
CASTILLA - LA MANCHA;TOTAL grupo penal;2019;7.687
CASTILLA - LA MANCHA;TOTAL grupo penal;2018;6.006
CASTILLA - LA MANCHA;TOTAL grupo penal;2017;3.933
CASTILLA - LA MANCHA;TOTAL grupo penal;2016;3.184
CASTILLA - LA MANCHA;TOTAL grupo penal;2015;3.093
CASTILLA - LA MANCHA;TOTAL grupo penal;2014;2.564
CASTILLA - LA MANCHA;TOTAL grupo penal;2013;2.227
CASTILLA - LA MANCHA;TOTAL grupo penal;2012;1.996
CASTILLA - LA MANCHA;TOTAL grupo penal;2011;1.814
CATALUÑA;ACCESO  E INTERCEPTACIÓN ILÍCITA;2024;776
CATALUÑA;ACCESO  E INTERCEPTACIÓN ILÍCITA;2023;822
CATALUÑA;ACCESO  E INTERCEPTACIÓN ILÍCITA;2022;818
CATALUÑA;ACCESO  E INTERCEPTACIÓN ILÍCITA;2021;859
CATALUÑA;ACCESO  E INTERCEPTACIÓN ILÍCITA;2020;659
CATALUÑA;ACCESO  E INTERCEPTACIÓN ILÍCITA;2019;508
CATALUÑA;ACCESO  E INTERCEPTACIÓN ILÍCITA;2018;475
CATALUÑA;ACCESO  E INTERCEPTACIÓN ILÍCITA;2017;516
CATALUÑA;ACCESO  E INTERCEPTACIÓN ILÍCITA;2016;532
CATALUÑA;ACCESO  E INTERCEPTACIÓN ILÍCITA;2015;407
CATALUÑA;ACCESO  E INTERCEPTACIÓN ILÍCITA;2014;26
CATALUÑA;ACCESO  E INTERCEPTACIÓN ILÍCITA;2013;10
CATALUÑA;ACCESO  E INTERCEPTACIÓN ILÍCITA;2012;17
CATALUÑA;ACCESO  E INTERCEPTACIÓN ILÍCITA;2011;17
CATALUÑA;AMENAZAS Y COACCIONES;2024;925
CATALUÑA;AMENAZAS Y COACCIONES;2023;703
CATALUÑA;AMENAZAS Y COACCIONES;2022;734
CATALUÑA;AMENAZAS Y COACCIONES;2021;918
CATALUÑA;AMENAZAS Y COACCIONES;2020;595
CATALUÑA;AMENAZAS Y COACCIONES;2019;507
CATALUÑA;AMENAZAS Y COACCIONES;2018;558
CATALUÑA;AMENAZAS Y COACCIONES;2017;355
CATALUÑA;AMENAZAS Y COACCIONES;2016;385
CATALUÑA;AMENAZAS Y COACCIONES;2015;322
CATALUÑA;AMENAZAS Y COACCIONES;2014;39
CATALUÑA;AMENAZAS Y COACCIONES;2013;35
CATALUÑA;AMENAZAS Y COACCIONES;2012;33
CATALUÑA;AMENAZAS Y COACCIONES;2011;20
CATALUÑA;CONTRA EL HONOR;2024;20
CATALUÑA;CONTRA EL HONOR;2023;14
CATALUÑA;CONTRA EL HONOR;2022;13
CATALUÑA;CONTRA EL HONOR;2021;34
CATALUÑA;CONTRA EL HONOR;2020;26
CATALUÑA;CONTRA EL HONOR;2019;28
CATALUÑA;CONTRA EL HONOR;2018;35
CATALUÑA;CONTRA EL HONOR;2017;42
CATALUÑA;CONTRA EL HONOR;2016;32
CATALUÑA;CONTRA EL HONOR;2015;85
CATALUÑA;CONTRA EL HONOR;2014;11
CATALUÑA;CONTRA EL HONOR;2013;18
CATALUÑA;CONTRA EL HONOR;2012;19
CATALUÑA;CONTRA EL HONOR;2011;14
CATALUÑA;CONTRA LA PROPIEDAD INDUSTRIAL/INTELECTUAL;2024;26
CATALUÑA;CONTRA LA PROPIEDAD INDUSTRIAL/INTELECTUAL;2023;8
CATALUÑA;CONTRA LA PROPIEDAD INDUSTRIAL/INTELECTUAL;2022;16
CATALUÑA;CONTRA LA PROPIEDAD INDUSTRIAL/INTELECTUAL;2021;14
CATALUÑA;CONTRA LA PROPIEDAD INDUSTRIAL/INTELECTUAL;2020;7
CATALUÑA;CONTRA LA PROPIEDAD INDUSTRIAL/INTELECTUAL;2019;17
CATALUÑA;CONTRA LA PROPIEDAD INDUSTRIAL/INTELECTUAL;2018;47
CATALUÑA;CONTRA LA PROPIEDAD INDUSTRIAL/INTELECTUAL;2017;24
CATALUÑA;CONTRA LA PROPIEDAD INDUSTRIAL/INTELECTUAL;2016;23
CATALUÑA;CONTRA LA PROPIEDAD INDUSTRIAL/INTELECTUAL;2015;33
CATALUÑA;CONTRA LA PROPIEDAD INDUSTRIAL/INTELECTUAL;2014;60
CATALUÑA;CONTRA LA PROPIEDAD INDUSTRIAL/INTELECTUAL;2013;39
CATALUÑA;CONTRA LA PROPIEDAD INDUSTRIAL/INTELECTUAL;2012;20
CATALUÑA;CONTRA LA PROPIEDAD INDUSTRIAL/INTELECTUAL;2011;26
CATALUÑA;DELITOS SEXUALES;2024;185
CATALUÑA;DELITOS SEXUALES;2023;144
CATALUÑA;DELITOS SEXUALES;2022;175
CATALUÑA;DELITOS SEXUALES;2021;138
CATALUÑA;DELITOS SEXUALES;2020;162
CATALUÑA;DELITOS SEXUALES;2019;218
CATALUÑA;DELITOS SEXUALES;2018;218
CATALUÑA;DELITOS SEXUALES;2017;111
CATALUÑA;DELITOS SEXUALES;2016;108
CATALUÑA;DELITOS SEXUALES;2015;166
CATALUÑA;DELITOS SEXUALES;2014;92
CATALUÑA;DELITOS SEXUALES;2013;41
CATALUÑA;DELITOS SEXUALES;2012;74
CATALUÑA;DELITOS SEXUALES;2011;73
CATALUÑA;FALSIFICACIÓN INFORMÁTICA;2024;1.933
CATALUÑA;FALSIFICACIÓN INFORMÁTICA;2023;430
CATALUÑA;FALSIFICACIÓN INFORMÁTICA;2022;429
CATALUÑA;FALSIFICACIÓN INFORMÁTICA;2021;345
CATALUÑA;FALSIFICACIÓN INFORMÁTICA;2020;215
CATALUÑA;FALSIFICACIÓN INFORMÁTICA;2019;130
CATALUÑA;FALSIFICACIÓN INFORMÁTICA;2018;103
CATALUÑA;FALSIFICACIÓN INFORMÁTICA;2017;123
CATALUÑA;FALSIFICACIÓN INFORMÁTICA;2016;113
CATALUÑA;FALSIFICACIÓN INFORMÁTICA;2015;97
CATALUÑA;FALSIFICACIÓN INFORMÁTICA;2014;56
CATALUÑA;FALSIFICACIÓN INFORMÁTICA;2013;53
CATALUÑA;FALSIFICACIÓN INFORMÁTICA;2012;47
CATALUÑA;FALSIFICACIÓN INFORMÁTICA;2011;45
CATALUÑA;FRAUDE INFORMÁTICO;2024;72.139
CATALUÑA;FRAUDE INFORMÁTICO;2023;73.994
CATALUÑA;FRAUDE INFORMÁTICO;2022;61.607
CATALUÑA;FRAUDE INFORMÁTICO;2021;47.314
CATALUÑA;FRAUDE INFORMÁTICO;2020;46.982
CATALUÑA;FRAUDE INFORMÁTICO;2019;40.016
CATALUÑA;FRAUDE INFORMÁTICO;2018;36.808
CATALUÑA;FRAUDE INFORMÁTICO;2017;26.574
CATALUÑA;FRAUDE INFORMÁTICO;2016;18.077
CATALUÑA;FRAUDE INFORMÁTICO;2015;15.791
CATALUÑA;FRAUDE INFORMÁTICO;2014;593
CATALUÑA;FRAUDE INFORMÁTICO;2013;585
CATALUÑA;FRAUDE INFORMÁTICO;2012;583
CATALUÑA;FRAUDE INFORMÁTICO;2011;491
CATALUÑA;INTERFERENCIA EN LOS DATOS Y EN EL SISTEMA;2024;75
CATALUÑA;INTERFERENCIA EN LOS DATOS Y EN EL SISTEMA;2023;98
CATALUÑA;INTERFERENCIA EN LOS DATOS Y EN EL SISTEMA;2022;85
CATALUÑA;INTERFERENCIA EN LOS DATOS Y EN EL SISTEMA;2021;133
CATALUÑA;INTERFERENCIA EN LOS DATOS Y EN EL SISTEMA;2020;148
CATALUÑA;INTERFERENCIA EN LOS DATOS Y EN EL SISTEMA;2019;153
CATALUÑA;INTERFERENCIA EN LOS DATOS Y EN EL SISTEMA;2018;125
CATALUÑA;INTERFERENCIA EN LOS DATOS Y EN EL SISTEMA;2017;136
CATALUÑA;INTERFERENCIA EN LOS DATOS Y EN EL SISTEMA;2016;164
CATALUÑA;INTERFERENCIA EN LOS DATOS Y EN EL SISTEMA;2015;203
CATALUÑA;INTERFERENCIA EN LOS DATOS Y EN EL SISTEMA;2014;3
CATALUÑA;INTERFERENCIA EN LOS DATOS Y EN EL SISTEMA;2013;11
CATALUÑA;INTERFERENCIA EN LOS DATOS Y EN EL SISTEMA;2012;10
CATALUÑA;INTERFERENCIA EN LOS DATOS Y EN EL SISTEMA;2011;2
CATALUÑA;TOTAL grupo penal;2024;76.079
CATALUÑA;TOTAL grupo penal;2023;76.213
CATALUÑA;TOTAL grupo penal;2022;63.877
CATALUÑA;TOTAL grupo penal;2021;49.755
CATALUÑA;TOTAL grupo penal;2020;48.794
CATALUÑA;TOTAL grupo penal;2019;41.577
CATALUÑA;TOTAL grupo penal;2018;38.369
CATALUÑA;TOTAL grupo penal;2017;27.881
CATALUÑA;TOTAL grupo penal;2016;19.434
CATALUÑA;TOTAL grupo penal;2015;17.104
CATALUÑA;TOTAL grupo penal;2014;880
CATALUÑA;TOTAL grupo penal;2013;792
CATALUÑA;TOTAL grupo penal;2012;803
CATALUÑA;TOTAL grupo penal;2011;688
COMUNITAT VALENCIANA;ACCESO  E INTERCEPTACIÓN ILÍCITA;2024;1.007
COMUNITAT VALENCIANA;ACCESO  E INTERCEPTACIÓN ILÍCITA;2023;788
COMUNITAT VALENCIANA;ACCESO  E INTERCEPTACIÓN ILÍCITA;2022;526
COMUNITAT VALENCIANA;ACCESO  E INTERCEPTACIÓN ILÍCITA;2021;446
COMUNITAT VALENCIANA;ACCESO  E INTERCEPTACIÓN ILÍCITA;2020;435
COMUNITAT VALENCIANA;ACCESO  E INTERCEPTACIÓN ILÍCITA;2019;342
COMUNITAT VALENCIANA;ACCESO  E INTERCEPTACIÓN ILÍCITA;2018;300
COMUNITAT VALENCIANA;ACCESO  E INTERCEPTACIÓN ILÍCITA;2017;291
COMUNITAT VALENCIANA;ACCESO  E INTERCEPTACIÓN ILÍCITA;2016;301
COMUNITAT VALENCIANA;ACCESO  E INTERCEPTACIÓN ILÍCITA;2015;255
COMUNITAT VALENCIANA;ACCESO  E INTERCEPTACIÓN ILÍCITA;2014;211
COMUNITAT VALENCIANA;ACCESO  E INTERCEPTACIÓN ILÍCITA;2013;184
COMUNITAT VALENCIANA;ACCESO  E INTERCEPTACIÓN ILÍCITA;2012;190
COMUNITAT VALENCIANA;ACCESO  E INTERCEPTACIÓN ILÍCITA;2011;137
COMUNITAT VALENCIANA;AMENAZAS Y COACCIONES;2024;2.009
COMUNITAT VALENCIANA;AMENAZAS Y COACCIONES;2023;2.045
COMUNITAT VALENCIANA;AMENAZAS Y COACCIONES;2022;1.974
COMUNITAT VALENCIANA;AMENAZAS Y COACCIONES;2021;2.198
COMUNITAT VALENCIANA;AMENAZAS Y COACCIONES;2020;1.779
COMUNITAT VALENCIANA;AMENAZAS Y COACCIONES;2019;1.575
COMUNITAT VALENCIANA;AMENAZAS Y COACCIONES;2018;1.602
COMUNITAT VALENCIANA;AMENAZAS Y COACCIONES;2017;1.525
COMUNITAT VALENCIANA;AMENAZAS Y COACCIONES;2016;1.445
COMUNITAT VALENCIANA;AMENAZAS Y COACCIONES;2015;1.264
COMUNITAT VALENCIANA;AMENAZAS Y COACCIONES;2014;1.240
COMUNITAT VALENCIANA;AMENAZAS Y COACCIONES;2013;1.119
COMUNITAT VALENCIANA;AMENAZAS Y COACCIONES;2012;1.152
COMUNITAT VALENCIANA;AMENAZAS Y COACCIONES;2011;1.178
COMUNITAT VALENCIANA;CONTRA EL HONOR;2024;105
COMUNITAT VALENCIANA;CONTRA EL HONOR;2023;128
COMUNITAT VALENCIANA;CONTRA EL HONOR;2022;144
COMUNITAT VALENCIANA;CONTRA EL HONOR;2021;198
COMUNITAT VALENCIANA;CONTRA EL HONOR;2020;214
COMUNITAT VALENCIANA;CONTRA EL HONOR;2019;216
COMUNITAT VALENCIANA;CONTRA EL HONOR;2018;186
COMUNITAT VALENCIANA;CONTRA EL HONOR;2017;221
COMUNITAT VALENCIANA;CONTRA EL HONOR;2016;212
COMUNITAT VALENCIANA;CONTRA EL HONOR;2015;324
COMUNITAT VALENCIANA;CONTRA EL HONOR;2014;326
COMUNITAT VALENCIANA;CONTRA EL HONOR;2013;292
COMUNITAT VALENCIANA;CONTRA EL HONOR;2012;296
COMUNITAT VALENCIANA;CONTRA EL HONOR;2011;258
COMUNITAT VALENCIANA;CONTRA LA PROPIEDAD INDUSTRIAL/INTELECTUAL;2024;41
COMUNITAT VALENCIANA;CONTRA LA PROPIEDAD INDUSTRIAL/INTELECTUAL;2023;17
COMUNITAT VALENCIANA;CONTRA LA PROPIEDAD INDUSTRIAL/INTELECTUAL;2022;11
COMUNITAT VALENCIANA;CONTRA LA PROPIEDAD INDUSTRIAL/INTELECTUAL;2021;14
COMUNITAT VALENCIANA;CONTRA LA PROPIEDAD INDUSTRIAL/INTELECTUAL;2020;20
COMUNITAT VALENCIANA;CONTRA LA PROPIEDAD INDUSTRIAL/INTELECTUAL;2019;31
COMUNITAT VALENCIANA;CONTRA LA PROPIEDAD INDUSTRIAL/INTELECTUAL;2018;46
COMUNITAT VALENCIANA;CONTRA LA PROPIEDAD INDUSTRIAL/INTELECTUAL;2017;22
COMUNITAT VALENCIANA;CONTRA LA PROPIEDAD INDUSTRIAL/INTELECTUAL;2016;17
COMUNITAT VALENCIANA;CONTRA LA PROPIEDAD INDUSTRIAL/INTELECTUAL;2015;18
COMUNITAT VALENCIANA;CONTRA LA PROPIEDAD INDUSTRIAL/INTELECTUAL;2014;19
COMUNITAT VALENCIANA;CONTRA LA PROPIEDAD INDUSTRIAL/INTELECTUAL;2013;18
COMUNITAT VALENCIANA;CONTRA LA PROPIEDAD INDUSTRIAL/INTELECTUAL;2012;25
COMUNITAT VALENCIANA;CONTRA LA PROPIEDAD INDUSTRIAL/INTELECTUAL;2011;23
COMUNITAT VALENCIANA;DELITOS SEXUALES;2024;199
COMUNITAT VALENCIANA;DELITOS SEXUALES;2023;190
COMUNITAT VALENCIANA;DELITOS SEXUALES;2022;193
COMUNITAT VALENCIANA;DELITOS SEXUALES;2021;223
COMUNITAT VALENCIANA;DELITOS SEXUALES;2020;192
COMUNITAT VALENCIANA;DELITOS SEXUALES;2019;238
COMUNITAT VALENCIANA;DELITOS SEXUALES;2018;170
COMUNITAT VALENCIANA;DELITOS SEXUALES;2017;188
COMUNITAT VALENCIANA;DELITOS SEXUALES;2016;190
COMUNITAT VALENCIANA;DELITOS SEXUALES;2015;215
COMUNITAT VALENCIANA;DELITOS SEXUALES;2014;145
COMUNITAT VALENCIANA;DELITOS SEXUALES;2013;127
COMUNITAT VALENCIANA;DELITOS SEXUALES;2012;107
COMUNITAT VALENCIANA;DELITOS SEXUALES;2011;135
COMUNITAT VALENCIANA;FALSIFICACIÓN INFORMÁTICA;2024;2.386
COMUNITAT VALENCIANA;FALSIFICACIÓN INFORMÁTICA;2023;2.366
COMUNITAT VALENCIANA;FALSIFICACIÓN INFORMÁTICA;2022;1.860
COMUNITAT VALENCIANA;FALSIFICACIÓN INFORMÁTICA;2021;1.667
COMUNITAT VALENCIANA;FALSIFICACIÓN INFORMÁTICA;2020;956
COMUNITAT VALENCIANA;FALSIFICACIÓN INFORMÁTICA;2019;656
COMUNITAT VALENCIANA;FALSIFICACIÓN INFORMÁTICA;2018;480
COMUNITAT VALENCIANA;FALSIFICACIÓN INFORMÁTICA;2017;466
COMUNITAT VALENCIANA;FALSIFICACIÓN INFORMÁTICA;2016;491
COMUNITAT VALENCIANA;FALSIFICACIÓN INFORMÁTICA;2015;345
COMUNITAT VALENCIANA;FALSIFICACIÓN INFORMÁTICA;2014;264
COMUNITAT VALENCIANA;FALSIFICACIÓN INFORMÁTICA;2013;237
COMUNITAT VALENCIANA;FALSIFICACIÓN INFORMÁTICA;2012;270
COMUNITAT VALENCIANA;FALSIFICACIÓN INFORMÁTICA;2011;339
COMUNITAT VALENCIANA;FRAUDE INFORMÁTICO;2024;40.723
COMUNITAT VALENCIANA;FRAUDE INFORMÁTICO;2023;41.313
COMUNITAT VALENCIANA;FRAUDE INFORMÁTICO;2022;29.040
COMUNITAT VALENCIANA;FRAUDE INFORMÁTICO;2021;24.428
COMUNITAT VALENCIANA;FRAUDE INFORMÁTICO;2020;21.917
COMUNITAT VALENCIANA;FRAUDE INFORMÁTICO;2019;15.758
COMUNITAT VALENCIANA;FRAUDE INFORMÁTICO;2018;11.283
COMUNITAT VALENCIANA;FRAUDE INFORMÁTICO;2017;7.989
COMUNITAT VALENCIANA;FRAUDE INFORMÁTICO;2016;6.246
COMUNITAT VALENCIANA;FRAUDE INFORMÁTICO;2015;5.004
COMUNITAT VALENCIANA;FRAUDE INFORMÁTICO;2014;3.898
COMUNITAT VALENCIANA;FRAUDE INFORMÁTICO;2013;3.133
COMUNITAT VALENCIANA;FRAUDE INFORMÁTICO;2012;3.193
COMUNITAT VALENCIANA;FRAUDE INFORMÁTICO;2011;2.451
COMUNITAT VALENCIANA;INTERFERENCIA EN LOS DATOS Y EN EL SISTEMA;2024;237
COMUNITAT VALENCIANA;INTERFERENCIA EN LOS DATOS Y EN EL SISTEMA;2023;213
COMUNITAT VALENCIANA;INTERFERENCIA EN LOS DATOS Y EN EL SISTEMA;2022;257
COMUNITAT VALENCIANA;INTERFERENCIA EN LOS DATOS Y EN EL SISTEMA;2021;334
COMUNITAT VALENCIANA;INTERFERENCIA EN LOS DATOS Y EN EL SISTEMA;2020;219
COMUNITAT VALENCIANA;INTERFERENCIA EN LOS DATOS Y EN EL SISTEMA;2019;167
COMUNITAT VALENCIANA;INTERFERENCIA EN LOS DATOS Y EN EL SISTEMA;2018;122
COMUNITAT VALENCIANA;INTERFERENCIA EN LOS DATOS Y EN EL SISTEMA;2017;140
COMUNITAT VALENCIANA;INTERFERENCIA EN LOS DATOS Y EN EL SISTEMA;2016;141
COMUNITAT VALENCIANA;INTERFERENCIA EN LOS DATOS Y EN EL SISTEMA;2015;176
COMUNITAT VALENCIANA;INTERFERENCIA EN LOS DATOS Y EN EL SISTEMA;2014;71
COMUNITAT VALENCIANA;INTERFERENCIA EN LOS DATOS Y EN EL SISTEMA;2013;36
COMUNITAT VALENCIANA;INTERFERENCIA EN LOS DATOS Y EN EL SISTEMA;2012;45
COMUNITAT VALENCIANA;INTERFERENCIA EN LOS DATOS Y EN EL SISTEMA;2011;38
COMUNITAT VALENCIANA;TOTAL grupo penal;2024;46.707
COMUNITAT VALENCIANA;TOTAL grupo penal;2023;47.060
COMUNITAT VALENCIANA;TOTAL grupo penal;2022;34.005
COMUNITAT VALENCIANA;TOTAL grupo penal;2021;29.508
COMUNITAT VALENCIANA;TOTAL grupo penal;2020;25.732
COMUNITAT VALENCIANA;TOTAL grupo penal;2019;18.983
COMUNITAT VALENCIANA;TOTAL grupo penal;2018;14.189
COMUNITAT VALENCIANA;TOTAL grupo penal;2017;10.842
COMUNITAT VALENCIANA;TOTAL grupo penal;2016;9.043
COMUNITAT VALENCIANA;TOTAL grupo penal;2015;7.601
COMUNITAT VALENCIANA;TOTAL grupo penal;2014;6.174
COMUNITAT VALENCIANA;TOTAL grupo penal;2013;5.146
COMUNITAT VALENCIANA;TOTAL grupo penal;2012;5.278
COMUNITAT VALENCIANA;TOTAL grupo penal;2011;4.559
EXTREMADURA;ACCESO  E INTERCEPTACIÓN ILÍCITA;2024;233
EXTREMADURA;ACCESO  E INTERCEPTACIÓN ILÍCITA;2023;179
EXTREMADURA;ACCESO  E INTERCEPTACIÓN ILÍCITA;2022;114
EXTREMADURA;ACCESO  E INTERCEPTACIÓN ILÍCITA;2021;109
EXTREMADURA;ACCESO  E INTERCEPTACIÓN ILÍCITA;2020;104
EXTREMADURA;ACCESO  E INTERCEPTACIÓN ILÍCITA;2019;79
EXTREMADURA;ACCESO  E INTERCEPTACIÓN ILÍCITA;2018;74
EXTREMADURA;ACCESO  E INTERCEPTACIÓN ILÍCITA;2017;66
EXTREMADURA;ACCESO  E INTERCEPTACIÓN ILÍCITA;2016;61
EXTREMADURA;ACCESO  E INTERCEPTACIÓN ILÍCITA;2015;68
EXTREMADURA;ACCESO  E INTERCEPTACIÓN ILÍCITA;2014;54
EXTREMADURA;ACCESO  E INTERCEPTACIÓN ILÍCITA;2013;50
EXTREMADURA;ACCESO  E INTERCEPTACIÓN ILÍCITA;2012;57
EXTREMADURA;ACCESO  E INTERCEPTACIÓN ILÍCITA;2011;55
EXTREMADURA;AMENAZAS Y COACCIONES;2024;518
EXTREMADURA;AMENAZAS Y COACCIONES;2023;444
EXTREMADURA;AMENAZAS Y COACCIONES;2022;360
EXTREMADURA;AMENAZAS Y COACCIONES;2021;394
EXTREMADURA;AMENAZAS Y COACCIONES;2020;303
EXTREMADURA;AMENAZAS Y COACCIONES;2019;295
EXTREMADURA;AMENAZAS Y COACCIONES;2018;316
EXTREMADURA;AMENAZAS Y COACCIONES;2017;274
EXTREMADURA;AMENAZAS Y COACCIONES;2016;254
EXTREMADURA;AMENAZAS Y COACCIONES;2015;199
EXTREMADURA;AMENAZAS Y COACCIONES;2014;196
EXTREMADURA;AMENAZAS Y COACCIONES;2013;179
EXTREMADURA;AMENAZAS Y COACCIONES;2012;164
EXTREMADURA;AMENAZAS Y COACCIONES;2011;204
EXTREMADURA;CONTRA EL HONOR;2024;71
EXTREMADURA;CONTRA EL HONOR;2023;45
EXTREMADURA;CONTRA EL HONOR;2022;43
EXTREMADURA;CONTRA EL HONOR;2021;44
EXTREMADURA;CONTRA EL HONOR;2020;43
EXTREMADURA;CONTRA EL HONOR;2019;51
EXTREMADURA;CONTRA EL HONOR;2018;51
EXTREMADURA;CONTRA EL HONOR;2017;59
EXTREMADURA;CONTRA EL HONOR;2016;44
EXTREMADURA;CONTRA EL HONOR;2015;57
EXTREMADURA;CONTRA EL HONOR;2014;83
EXTREMADURA;CONTRA EL HONOR;2013;57
EXTREMADURA;CONTRA EL HONOR;2012;75
EXTREMADURA;CONTRA EL HONOR;2011;87
EXTREMADURA;CONTRA LA PROPIEDAD INDUSTRIAL/INTELECTUAL;2024;2
EXTREMADURA;CONTRA LA PROPIEDAD INDUSTRIAL/INTELECTUAL;2023;3
EXTREMADURA;CONTRA LA PROPIEDAD INDUSTRIAL/INTELECTUAL;2022;2
EXTREMADURA;CONTRA LA PROPIEDAD INDUSTRIAL/INTELECTUAL;2021;7
EXTREMADURA;CONTRA LA PROPIEDAD INDUSTRIAL/INTELECTUAL;2020;5
EXTREMADURA;CONTRA LA PROPIEDAD INDUSTRIAL/INTELECTUAL;2019;12
EXTREMADURA;CONTRA LA PROPIEDAD INDUSTRIAL/INTELECTUAL;2018;14
EXTREMADURA;CONTRA LA PROPIEDAD INDUSTRIAL/INTELECTUAL;2017;2
EXTREMADURA;CONTRA LA PROPIEDAD INDUSTRIAL/INTELECTUAL;2016;1
EXTREMADURA;CONTRA LA PROPIEDAD INDUSTRIAL/INTELECTUAL;2015;2
EXTREMADURA;CONTRA LA PROPIEDAD INDUSTRIAL/INTELECTUAL;2014;2
EXTREMADURA;CONTRA LA PROPIEDAD INDUSTRIAL/INTELECTUAL;2013;3
EXTREMADURA;CONTRA LA PROPIEDAD INDUSTRIAL/INTELECTUAL;2012;6
EXTREMADURA;CONTRA LA PROPIEDAD INDUSTRIAL/INTELECTUAL;2011;4
EXTREMADURA;DELITOS SEXUALES;2024;36
EXTREMADURA;DELITOS SEXUALES;2023;49
EXTREMADURA;DELITOS SEXUALES;2022;35
EXTREMADURA;DELITOS SEXUALES;2021;37
EXTREMADURA;DELITOS SEXUALES;2020;26
EXTREMADURA;DELITOS SEXUALES;2019;25
EXTREMADURA;DELITOS SEXUALES;2018;31
EXTREMADURA;DELITOS SEXUALES;2017;33
EXTREMADURA;DELITOS SEXUALES;2016;24
EXTREMADURA;DELITOS SEXUALES;2015;32
EXTREMADURA;DELITOS SEXUALES;2014;31
EXTREMADURA;DELITOS SEXUALES;2013;16
EXTREMADURA;DELITOS SEXUALES;2012;11
EXTREMADURA;DELITOS SEXUALES;2011;18
EXTREMADURA;FALSIFICACIÓN INFORMÁTICA;2024;927
EXTREMADURA;FALSIFICACIÓN INFORMÁTICA;2023;610
EXTREMADURA;FALSIFICACIÓN INFORMÁTICA;2022;372
EXTREMADURA;FALSIFICACIÓN INFORMÁTICA;2021;314
EXTREMADURA;FALSIFICACIÓN INFORMÁTICA;2020;206
EXTREMADURA;FALSIFICACIÓN INFORMÁTICA;2019;158
EXTREMADURA;FALSIFICACIÓN INFORMÁTICA;2018;138
EXTREMADURA;FALSIFICACIÓN INFORMÁTICA;2017;102
EXTREMADURA;FALSIFICACIÓN INFORMÁTICA;2016;76
EXTREMADURA;FALSIFICACIÓN INFORMÁTICA;2015;64
EXTREMADURA;FALSIFICACIÓN INFORMÁTICA;2014;74
EXTREMADURA;FALSIFICACIÓN INFORMÁTICA;2013;59
EXTREMADURA;FALSIFICACIÓN INFORMÁTICA;2012;70
EXTREMADURA;FALSIFICACIÓN INFORMÁTICA;2011;56
EXTREMADURA;FRAUDE INFORMÁTICO;2024;7.050
EXTREMADURA;FRAUDE INFORMÁTICO;2023;7.449
EXTREMADURA;FRAUDE INFORMÁTICO;2022;6.577
EXTREMADURA;FRAUDE INFORMÁTICO;2021;4.594
EXTREMADURA;FRAUDE INFORMÁTICO;2020;3.917
EXTREMADURA;FRAUDE INFORMÁTICO;2019;2.410
EXTREMADURA;FRAUDE INFORMÁTICO;2018;1.879
EXTREMADURA;FRAUDE INFORMÁTICO;2017;1.031
EXTREMADURA;FRAUDE INFORMÁTICO;2016;852
EXTREMADURA;FRAUDE INFORMÁTICO;2015;602
EXTREMADURA;FRAUDE INFORMÁTICO;2014;517
EXTREMADURA;FRAUDE INFORMÁTICO;2013;330
EXTREMADURA;FRAUDE INFORMÁTICO;2012;400
EXTREMADURA;FRAUDE INFORMÁTICO;2011;287
EXTREMADURA;INTERFERENCIA EN LOS DATOS Y EN EL SISTEMA;2024;20
EXTREMADURA;INTERFERENCIA EN LOS DATOS Y EN EL SISTEMA;2023;40
EXTREMADURA;INTERFERENCIA EN LOS DATOS Y EN EL SISTEMA;2022;25
EXTREMADURA;INTERFERENCIA EN LOS DATOS Y EN EL SISTEMA;2021;39
EXTREMADURA;INTERFERENCIA EN LOS DATOS Y EN EL SISTEMA;2020;34
EXTREMADURA;INTERFERENCIA EN LOS DATOS Y EN EL SISTEMA;2019;19
EXTREMADURA;INTERFERENCIA EN LOS DATOS Y EN EL SISTEMA;2018;17
EXTREMADURA;INTERFERENCIA EN LOS DATOS Y EN EL SISTEMA;2017;24
EXTREMADURA;INTERFERENCIA EN LOS DATOS Y EN EL SISTEMA;2016;15
EXTREMADURA;INTERFERENCIA EN LOS DATOS Y EN EL SISTEMA;2015;12
EXTREMADURA;INTERFERENCIA EN LOS DATOS Y EN EL SISTEMA;2014;9
EXTREMADURA;INTERFERENCIA EN LOS DATOS Y EN EL SISTEMA;2013;8
EXTREMADURA;INTERFERENCIA EN LOS DATOS Y EN EL SISTEMA;2012;6
EXTREMADURA;INTERFERENCIA EN LOS DATOS Y EN EL SISTEMA;2011;7
EXTREMADURA;TOTAL grupo penal;2024;8.857
EXTREMADURA;TOTAL grupo penal;2023;8.819
EXTREMADURA;TOTAL grupo penal;2022;7.528
EXTREMADURA;TOTAL grupo penal;2021;5.538
EXTREMADURA;TOTAL grupo penal;2020;4.638
EXTREMADURA;TOTAL grupo penal;2019;3.049
EXTREMADURA;TOTAL grupo penal;2018;2.520
EXTREMADURA;TOTAL grupo penal;2017;1.591
EXTREMADURA;TOTAL grupo penal;2016;1.327
EXTREMADURA;TOTAL grupo penal;2015;1.036
EXTREMADURA;TOTAL grupo penal;2014;966
EXTREMADURA;TOTAL grupo penal;2013;702
EXTREMADURA;TOTAL grupo penal;2012;789
EXTREMADURA;TOTAL grupo penal;2011;718
GALICIA;ACCESO  E INTERCEPTACIÓN ILÍCITA;2024;675
GALICIA;ACCESO  E INTERCEPTACIÓN ILÍCITA;2023;451
GALICIA;ACCESO  E INTERCEPTACIÓN ILÍCITA;2022;306
GALICIA;ACCESO  E INTERCEPTACIÓN ILÍCITA;2021;282
GALICIA;ACCESO  E INTERCEPTACIÓN ILÍCITA;2020;249
GALICIA;ACCESO  E INTERCEPTACIÓN ILÍCITA;2019;219
GALICIA;ACCESO  E INTERCEPTACIÓN ILÍCITA;2018;157
GALICIA;ACCESO  E INTERCEPTACIÓN ILÍCITA;2017;185
GALICIA;ACCESO  E INTERCEPTACIÓN ILÍCITA;2016;182
GALICIA;ACCESO  E INTERCEPTACIÓN ILÍCITA;2015;149
GALICIA;ACCESO  E INTERCEPTACIÓN ILÍCITA;2014;134
GALICIA;ACCESO  E INTERCEPTACIÓN ILÍCITA;2013;114
GALICIA;ACCESO  E INTERCEPTACIÓN ILÍCITA;2012;110
GALICIA;ACCESO  E INTERCEPTACIÓN ILÍCITA;2011;68
GALICIA;AMENAZAS Y COACCIONES;2024;1.341
GALICIA;AMENAZAS Y COACCIONES;2023;1.188
GALICIA;AMENAZAS Y COACCIONES;2022;1.154
GALICIA;AMENAZAS Y COACCIONES;2021;1.260
GALICIA;AMENAZAS Y COACCIONES;2020;944
GALICIA;AMENAZAS Y COACCIONES;2019;788
GALICIA;AMENAZAS Y COACCIONES;2018;875
GALICIA;AMENAZAS Y COACCIONES;2017;883
GALICIA;AMENAZAS Y COACCIONES;2016;854
GALICIA;AMENAZAS Y COACCIONES;2015;798
GALICIA;AMENAZAS Y COACCIONES;2014;757
GALICIA;AMENAZAS Y COACCIONES;2013;742
GALICIA;AMENAZAS Y COACCIONES;2012;782
GALICIA;AMENAZAS Y COACCIONES;2011;692
GALICIA;CONTRA EL HONOR;2024;158
GALICIA;CONTRA EL HONOR;2023;146
GALICIA;CONTRA EL HONOR;2022;144
GALICIA;CONTRA EL HONOR;2021;136
GALICIA;CONTRA EL HONOR;2020;144
GALICIA;CONTRA EL HONOR;2019;123
GALICIA;CONTRA EL HONOR;2018;135
GALICIA;CONTRA EL HONOR;2017;132
GALICIA;CONTRA EL HONOR;2016;131
GALICIA;CONTRA EL HONOR;2015;202
GALICIA;CONTRA EL HONOR;2014;214
GALICIA;CONTRA EL HONOR;2013;143
GALICIA;CONTRA EL HONOR;2012;156
GALICIA;CONTRA EL HONOR;2011;155
GALICIA;CONTRA LA PROPIEDAD INDUSTRIAL/INTELECTUAL;2024;12
GALICIA;CONTRA LA PROPIEDAD INDUSTRIAL/INTELECTUAL;2023;5
GALICIA;CONTRA LA PROPIEDAD INDUSTRIAL/INTELECTUAL;2022;4
GALICIA;CONTRA LA PROPIEDAD INDUSTRIAL/INTELECTUAL;2021;10
GALICIA;CONTRA LA PROPIEDAD INDUSTRIAL/INTELECTUAL;2020;7
GALICIA;CONTRA LA PROPIEDAD INDUSTRIAL/INTELECTUAL;2019;45
GALICIA;CONTRA LA PROPIEDAD INDUSTRIAL/INTELECTUAL;2018;7
GALICIA;CONTRA LA PROPIEDAD INDUSTRIAL/INTELECTUAL;2017;6
GALICIA;CONTRA LA PROPIEDAD INDUSTRIAL/INTELECTUAL;2016;6
GALICIA;CONTRA LA PROPIEDAD INDUSTRIAL/INTELECTUAL;2015;12
GALICIA;CONTRA LA PROPIEDAD INDUSTRIAL/INTELECTUAL;2014;6
GALICIA;CONTRA LA PROPIEDAD INDUSTRIAL/INTELECTUAL;2013;7
GALICIA;CONTRA LA PROPIEDAD INDUSTRIAL/INTELECTUAL;2012;7
GALICIA;CONTRA LA PROPIEDAD INDUSTRIAL/INTELECTUAL;2011;10
GALICIA;DELITOS SEXUALES;2024;90
GALICIA;DELITOS SEXUALES;2023;103
GALICIA;DELITOS SEXUALES;2022;70
GALICIA;DELITOS SEXUALES;2021;88
GALICIA;DELITOS SEXUALES;2020;91
GALICIA;DELITOS SEXUALES;2019;90
GALICIA;DELITOS SEXUALES;2018;71
GALICIA;DELITOS SEXUALES;2017;72
GALICIA;DELITOS SEXUALES;2016;74
GALICIA;DELITOS SEXUALES;2015;57
GALICIA;DELITOS SEXUALES;2014;56
GALICIA;DELITOS SEXUALES;2013;37
GALICIA;DELITOS SEXUALES;2012;42
GALICIA;DELITOS SEXUALES;2011;41
GALICIA;FALSIFICACIÓN INFORMÁTICA;2024;1.221
GALICIA;FALSIFICACIÓN INFORMÁTICA;2023;1.003
GALICIA;FALSIFICACIÓN INFORMÁTICA;2022;675
GALICIA;FALSIFICACIÓN INFORMÁTICA;2021;579
GALICIA;FALSIFICACIÓN INFORMÁTICA;2020;379
GALICIA;FALSIFICACIÓN INFORMÁTICA;2019;261
GALICIA;FALSIFICACIÓN INFORMÁTICA;2018;209
GALICIA;FALSIFICACIÓN INFORMÁTICA;2017;192
GALICIA;FALSIFICACIÓN INFORMÁTICA;2016;169
GALICIA;FALSIFICACIÓN INFORMÁTICA;2015;146
GALICIA;FALSIFICACIÓN INFORMÁTICA;2014;104
GALICIA;FALSIFICACIÓN INFORMÁTICA;2013;94
GALICIA;FALSIFICACIÓN INFORMÁTICA;2012;79
GALICIA;FALSIFICACIÓN INFORMÁTICA;2011;90
GALICIA;FRAUDE INFORMÁTICO;2024;20.032
GALICIA;FRAUDE INFORMÁTICO;2023;18.721
GALICIA;FRAUDE INFORMÁTICO;2022;18.456
GALICIA;FRAUDE INFORMÁTICO;2021;19.496
GALICIA;FRAUDE INFORMÁTICO;2020;12.696
GALICIA;FRAUDE INFORMÁTICO;2019;9.999
GALICIA;FRAUDE INFORMÁTICO;2018;6.836
GALICIA;FRAUDE INFORMÁTICO;2017;4.428
GALICIA;FRAUDE INFORMÁTICO;2016;3.070
GALICIA;FRAUDE INFORMÁTICO;2015;2.628
GALICIA;FRAUDE INFORMÁTICO;2014;1.882
GALICIA;FRAUDE INFORMÁTICO;2013;1.518
GALICIA;FRAUDE INFORMÁTICO;2012;1.456
GALICIA;FRAUDE INFORMÁTICO;2011;1.070
GALICIA;INTERFERENCIA EN LOS DATOS Y EN EL SISTEMA;2024;156
GALICIA;INTERFERENCIA EN LOS DATOS Y EN EL SISTEMA;2023;116
GALICIA;INTERFERENCIA EN LOS DATOS Y EN EL SISTEMA;2022;105
GALICIA;INTERFERENCIA EN LOS DATOS Y EN EL SISTEMA;2021;159
GALICIA;INTERFERENCIA EN LOS DATOS Y EN EL SISTEMA;2020;122
GALICIA;INTERFERENCIA EN LOS DATOS Y EN EL SISTEMA;2019;106
GALICIA;INTERFERENCIA EN LOS DATOS Y EN EL SISTEMA;2018;74
GALICIA;INTERFERENCIA EN LOS DATOS Y EN EL SISTEMA;2017;75
GALICIA;INTERFERENCIA EN LOS DATOS Y EN EL SISTEMA;2016;75
GALICIA;INTERFERENCIA EN LOS DATOS Y EN EL SISTEMA;2015;73
GALICIA;INTERFERENCIA EN LOS DATOS Y EN EL SISTEMA;2014;23
GALICIA;INTERFERENCIA EN LOS DATOS Y EN EL SISTEMA;2013;22
GALICIA;INTERFERENCIA EN LOS DATOS Y EN EL SISTEMA;2012;13
GALICIA;INTERFERENCIA EN LOS DATOS Y EN EL SISTEMA;2011;9
GALICIA;TOTAL grupo penal;2024;23.685
GALICIA;TOTAL grupo penal;2023;21.733
GALICIA;TOTAL grupo penal;2022;20.914
GALICIA;TOTAL grupo penal;2021;22.010
GALICIA;TOTAL grupo penal;2020;14.632
GALICIA;TOTAL grupo penal;2019;11.631
GALICIA;TOTAL grupo penal;2018;8.364
GALICIA;TOTAL grupo penal;2017;5.973
GALICIA;TOTAL grupo penal;2016;4.561
GALICIA;TOTAL grupo penal;2015;4.065
GALICIA;TOTAL grupo penal;2014;3.176
GALICIA;TOTAL grupo penal;2013;2.677
GALICIA;TOTAL grupo penal;2012;2.645
GALICIA;TOTAL grupo penal;2011;2.135
MADRID (COMUNIDAD DE);ACCESO  E INTERCEPTACIÓN ILÍCITA;2024;1.621
MADRID (COMUNIDAD DE);ACCESO  E INTERCEPTACIÓN ILÍCITA;2023;1.139
MADRID (COMUNIDAD DE);ACCESO  E INTERCEPTACIÓN ILÍCITA;2022;867
MADRID (COMUNIDAD DE);ACCESO  E INTERCEPTACIÓN ILÍCITA;2021;957
MADRID (COMUNIDAD DE);ACCESO  E INTERCEPTACIÓN ILÍCITA;2020;790
MADRID (COMUNIDAD DE);ACCESO  E INTERCEPTACIÓN ILÍCITA;2019;753
MADRID (COMUNIDAD DE);ACCESO  E INTERCEPTACIÓN ILÍCITA;2018;624
MADRID (COMUNIDAD DE);ACCESO  E INTERCEPTACIÓN ILÍCITA;2017;506
MADRID (COMUNIDAD DE);ACCESO  E INTERCEPTACIÓN ILÍCITA;2016;558
MADRID (COMUNIDAD DE);ACCESO  E INTERCEPTACIÓN ILÍCITA;2015;509
MADRID (COMUNIDAD DE);ACCESO  E INTERCEPTACIÓN ILÍCITA;2014;321
MADRID (COMUNIDAD DE);ACCESO  E INTERCEPTACIÓN ILÍCITA;2013;309
MADRID (COMUNIDAD DE);ACCESO  E INTERCEPTACIÓN ILÍCITA;2012;365
MADRID (COMUNIDAD DE);ACCESO  E INTERCEPTACIÓN ILÍCITA;2011;251
MADRID (COMUNIDAD DE);AMENAZAS Y COACCIONES;2024;2.480
MADRID (COMUNIDAD DE);AMENAZAS Y COACCIONES;2023;2.719
MADRID (COMUNIDAD DE);AMENAZAS Y COACCIONES;2022;2.143
MADRID (COMUNIDAD DE);AMENAZAS Y COACCIONES;2021;2.425
MADRID (COMUNIDAD DE);AMENAZAS Y COACCIONES;2020;2.054
MADRID (COMUNIDAD DE);AMENAZAS Y COACCIONES;2019;2.090
MADRID (COMUNIDAD DE);AMENAZAS Y COACCIONES;2018;2.029
MADRID (COMUNIDAD DE);AMENAZAS Y COACCIONES;2017;1.806
MADRID (COMUNIDAD DE);AMENAZAS Y COACCIONES;2016;1.854
MADRID (COMUNIDAD DE);AMENAZAS Y COACCIONES;2015;1.613
MADRID (COMUNIDAD DE);AMENAZAS Y COACCIONES;2014;1.316
MADRID (COMUNIDAD DE);AMENAZAS Y COACCIONES;2013;1.345
MADRID (COMUNIDAD DE);AMENAZAS Y COACCIONES;2012;1.495
MADRID (COMUNIDAD DE);AMENAZAS Y COACCIONES;2011;1.604
MADRID (COMUNIDAD DE);CONTRA EL HONOR;2024;96
MADRID (COMUNIDAD DE);CONTRA EL HONOR;2023;87
MADRID (COMUNIDAD DE);CONTRA EL HONOR;2022;115
MADRID (COMUNIDAD DE);CONTRA EL HONOR;2021;110
MADRID (COMUNIDAD DE);CONTRA EL HONOR;2020;143
MADRID (COMUNIDAD DE);CONTRA EL HONOR;2019;147
MADRID (COMUNIDAD DE);CONTRA EL HONOR;2018;149
MADRID (COMUNIDAD DE);CONTRA EL HONOR;2017;140
MADRID (COMUNIDAD DE);CONTRA EL HONOR;2016;141
MADRID (COMUNIDAD DE);CONTRA EL HONOR;2015;180
MADRID (COMUNIDAD DE);CONTRA EL HONOR;2014;152
MADRID (COMUNIDAD DE);CONTRA EL HONOR;2013;151
MADRID (COMUNIDAD DE);CONTRA EL HONOR;2012;127
MADRID (COMUNIDAD DE);CONTRA EL HONOR;2011;115
MADRID (COMUNIDAD DE);CONTRA LA PROPIEDAD INDUSTRIAL/INTELECTUAL;2024;23
MADRID (COMUNIDAD DE);CONTRA LA PROPIEDAD INDUSTRIAL/INTELECTUAL;2023;13
MADRID (COMUNIDAD DE);CONTRA LA PROPIEDAD INDUSTRIAL/INTELECTUAL;2022;26
MADRID (COMUNIDAD DE);CONTRA LA PROPIEDAD INDUSTRIAL/INTELECTUAL;2021;21
MADRID (COMUNIDAD DE);CONTRA LA PROPIEDAD INDUSTRIAL/INTELECTUAL;2020;24
MADRID (COMUNIDAD DE);CONTRA LA PROPIEDAD INDUSTRIAL/INTELECTUAL;2019;35
MADRID (COMUNIDAD DE);CONTRA LA PROPIEDAD INDUSTRIAL/INTELECTUAL;2018;12
MADRID (COMUNIDAD DE);CONTRA LA PROPIEDAD INDUSTRIAL/INTELECTUAL;2017;15
MADRID (COMUNIDAD DE);CONTRA LA PROPIEDAD INDUSTRIAL/INTELECTUAL;2016;22
MADRID (COMUNIDAD DE);CONTRA LA PROPIEDAD INDUSTRIAL/INTELECTUAL;2015;20
MADRID (COMUNIDAD DE);CONTRA LA PROPIEDAD INDUSTRIAL/INTELECTUAL;2014;16
MADRID (COMUNIDAD DE);CONTRA LA PROPIEDAD INDUSTRIAL/INTELECTUAL;2013;53
MADRID (COMUNIDAD DE);CONTRA LA PROPIEDAD INDUSTRIAL/INTELECTUAL;2012;21
MADRID (COMUNIDAD DE);CONTRA LA PROPIEDAD INDUSTRIAL/INTELECTUAL;2011;72
MADRID (COMUNIDAD DE);DELITOS SEXUALES;2024;230
MADRID (COMUNIDAD DE);DELITOS SEXUALES;2023;239
MADRID (COMUNIDAD DE);DELITOS SEXUALES;2022;204
MADRID (COMUNIDAD DE);DELITOS SEXUALES;2021;241
MADRID (COMUNIDAD DE);DELITOS SEXUALES;2020;224
MADRID (COMUNIDAD DE);DELITOS SEXUALES;2019;248
MADRID (COMUNIDAD DE);DELITOS SEXUALES;2018;205
MADRID (COMUNIDAD DE);DELITOS SEXUALES;2017;191
MADRID (COMUNIDAD DE);DELITOS SEXUALES;2016;160
MADRID (COMUNIDAD DE);DELITOS SEXUALES;2015;155
MADRID (COMUNIDAD DE);DELITOS SEXUALES;2014;118
MADRID (COMUNIDAD DE);DELITOS SEXUALES;2013;117
MADRID (COMUNIDAD DE);DELITOS SEXUALES;2012;91
MADRID (COMUNIDAD DE);DELITOS SEXUALES;2011;93
MADRID (COMUNIDAD DE);FALSIFICACIÓN INFORMÁTICA;2024;3.289
MADRID (COMUNIDAD DE);FALSIFICACIÓN INFORMÁTICA;2023;2.882
MADRID (COMUNIDAD DE);FALSIFICACIÓN INFORMÁTICA;2022;2.291
MADRID (COMUNIDAD DE);FALSIFICACIÓN INFORMÁTICA;2021;1.943
MADRID (COMUNIDAD DE);FALSIFICACIÓN INFORMÁTICA;2020;998
MADRID (COMUNIDAD DE);FALSIFICACIÓN INFORMÁTICA;2019;609
MADRID (COMUNIDAD DE);FALSIFICACIÓN INFORMÁTICA;2018;390
MADRID (COMUNIDAD DE);FALSIFICACIÓN INFORMÁTICA;2017;365
MADRID (COMUNIDAD DE);FALSIFICACIÓN INFORMÁTICA;2016;363
MADRID (COMUNIDAD DE);FALSIFICACIÓN INFORMÁTICA;2015;432
MADRID (COMUNIDAD DE);FALSIFICACIÓN INFORMÁTICA;2014;266
MADRID (COMUNIDAD DE);FALSIFICACIÓN INFORMÁTICA;2013;229
MADRID (COMUNIDAD DE);FALSIFICACIÓN INFORMÁTICA;2012;272
MADRID (COMUNIDAD DE);FALSIFICACIÓN INFORMÁTICA;2011;363
MADRID (COMUNIDAD DE);FRAUDE INFORMÁTICO;2024;65.361
MADRID (COMUNIDAD DE);FRAUDE INFORMÁTICO;2023;71.534
MADRID (COMUNIDAD DE);FRAUDE INFORMÁTICO;2022;57.794
MADRID (COMUNIDAD DE);FRAUDE INFORMÁTICO;2021;46.978
MADRID (COMUNIDAD DE);FRAUDE INFORMÁTICO;2020;44.139
MADRID (COMUNIDAD DE);FRAUDE INFORMÁTICO;2019;32.841
MADRID (COMUNIDAD DE);FRAUDE INFORMÁTICO;2018;16.509
MADRID (COMUNIDAD DE);FRAUDE INFORMÁTICO;2017;8.887
MADRID (COMUNIDAD DE);FRAUDE INFORMÁTICO;2016;7.210
MADRID (COMUNIDAD DE);FRAUDE INFORMÁTICO;2015;7.001
MADRID (COMUNIDAD DE);FRAUDE INFORMÁTICO;2014;5.128
MADRID (COMUNIDAD DE);FRAUDE INFORMÁTICO;2013;4.625
MADRID (COMUNIDAD DE);FRAUDE INFORMÁTICO;2012;4.826
MADRID (COMUNIDAD DE);FRAUDE INFORMÁTICO;2011;3.665
MADRID (COMUNIDAD DE);INTERFERENCIA EN LOS DATOS Y EN EL SISTEMA;2024;377
MADRID (COMUNIDAD DE);INTERFERENCIA EN LOS DATOS Y EN EL SISTEMA;2023;268
MADRID (COMUNIDAD DE);INTERFERENCIA EN LOS DATOS Y EN EL SISTEMA;2022;318
MADRID (COMUNIDAD DE);INTERFERENCIA EN LOS DATOS Y EN EL SISTEMA;2021;364
MADRID (COMUNIDAD DE);INTERFERENCIA EN LOS DATOS Y EN EL SISTEMA;2020;306
MADRID (COMUNIDAD DE);INTERFERENCIA EN LOS DATOS Y EN EL SISTEMA;2019;293
MADRID (COMUNIDAD DE);INTERFERENCIA EN LOS DATOS Y EN EL SISTEMA;2018;216
MADRID (COMUNIDAD DE);INTERFERENCIA EN LOS DATOS Y EN EL SISTEMA;2017;259
MADRID (COMUNIDAD DE);INTERFERENCIA EN LOS DATOS Y EN EL SISTEMA;2016;256
MADRID (COMUNIDAD DE);INTERFERENCIA EN LOS DATOS Y EN EL SISTEMA;2015;185
MADRID (COMUNIDAD DE);INTERFERENCIA EN LOS DATOS Y EN EL SISTEMA;2014;90
MADRID (COMUNIDAD DE);INTERFERENCIA EN LOS DATOS Y EN EL SISTEMA;2013;79
MADRID (COMUNIDAD DE);INTERFERENCIA EN LOS DATOS Y EN EL SISTEMA;2012;67
MADRID (COMUNIDAD DE);INTERFERENCIA EN LOS DATOS Y EN EL SISTEMA;2011;34
MADRID (COMUNIDAD DE);TOTAL grupo penal;2024;73.477
MADRID (COMUNIDAD DE);TOTAL grupo penal;2023;78.881
MADRID (COMUNIDAD DE);TOTAL grupo penal;2022;63.758
MADRID (COMUNIDAD DE);TOTAL grupo penal;2021;53.039
MADRID (COMUNIDAD DE);TOTAL grupo penal;2020;48.678
MADRID (COMUNIDAD DE);TOTAL grupo penal;2019;37.016
MADRID (COMUNIDAD DE);TOTAL grupo penal;2018;20.134
MADRID (COMUNIDAD DE);TOTAL grupo penal;2017;12.169
MADRID (COMUNIDAD DE);TOTAL grupo penal;2016;10.564
MADRID (COMUNIDAD DE);TOTAL grupo penal;2015;10.095
MADRID (COMUNIDAD DE);TOTAL grupo penal;2014;7.407
MADRID (COMUNIDAD DE);TOTAL grupo penal;2013;6.908
MADRID (COMUNIDAD DE);TOTAL grupo penal;2012;7.264
MADRID (COMUNIDAD DE);TOTAL grupo penal;2011;6.197
MURCIA (REGIÓN DE);ACCESO  E INTERCEPTACIÓN ILÍCITA;2024;274
MURCIA (REGIÓN DE);ACCESO  E INTERCEPTACIÓN ILÍCITA;2023;151
MURCIA (REGIÓN DE);ACCESO  E INTERCEPTACIÓN ILÍCITA;2022;95
MURCIA (REGIÓN DE);ACCESO  E INTERCEPTACIÓN ILÍCITA;2021;96
MURCIA (REGIÓN DE);ACCESO  E INTERCEPTACIÓN ILÍCITA;2020;97
MURCIA (REGIÓN DE);ACCESO  E INTERCEPTACIÓN ILÍCITA;2019;84
MURCIA (REGIÓN DE);ACCESO  E INTERCEPTACIÓN ILÍCITA;2018;79
MURCIA (REGIÓN DE);ACCESO  E INTERCEPTACIÓN ILÍCITA;2017;60
MURCIA (REGIÓN DE);ACCESO  E INTERCEPTACIÓN ILÍCITA;2016;61
MURCIA (REGIÓN DE);ACCESO  E INTERCEPTACIÓN ILÍCITA;2015;64
MURCIA (REGIÓN DE);ACCESO  E INTERCEPTACIÓN ILÍCITA;2014;46
MURCIA (REGIÓN DE);ACCESO  E INTERCEPTACIÓN ILÍCITA;2013;59
MURCIA (REGIÓN DE);ACCESO  E INTERCEPTACIÓN ILÍCITA;2012;58
MURCIA (REGIÓN DE);ACCESO  E INTERCEPTACIÓN ILÍCITA;2011;53
MURCIA (REGIÓN DE);AMENAZAS Y COACCIONES;2024;405
MURCIA (REGIÓN DE);AMENAZAS Y COACCIONES;2023;474
MURCIA (REGIÓN DE);AMENAZAS Y COACCIONES;2022;566
MURCIA (REGIÓN DE);AMENAZAS Y COACCIONES;2021;572
MURCIA (REGIÓN DE);AMENAZAS Y COACCIONES;2020;446
MURCIA (REGIÓN DE);AMENAZAS Y COACCIONES;2019;323
MURCIA (REGIÓN DE);AMENAZAS Y COACCIONES;2018;320
MURCIA (REGIÓN DE);AMENAZAS Y COACCIONES;2017;342
MURCIA (REGIÓN DE);AMENAZAS Y COACCIONES;2016;318
MURCIA (REGIÓN DE);AMENAZAS Y COACCIONES;2015;279
MURCIA (REGIÓN DE);AMENAZAS Y COACCIONES;2014;247
MURCIA (REGIÓN DE);AMENAZAS Y COACCIONES;2013;239
MURCIA (REGIÓN DE);AMENAZAS Y COACCIONES;2012;253
MURCIA (REGIÓN DE);AMENAZAS Y COACCIONES;2011;297
MURCIA (REGIÓN DE);CONTRA EL HONOR;2024;33
MURCIA (REGIÓN DE);CONTRA EL HONOR;2023;33
MURCIA (REGIÓN DE);CONTRA EL HONOR;2022;27
MURCIA (REGIÓN DE);CONTRA EL HONOR;2021;60
MURCIA (REGIÓN DE);CONTRA EL HONOR;2020;49
MURCIA (REGIÓN DE);CONTRA EL HONOR;2019;39
MURCIA (REGIÓN DE);CONTRA EL HONOR;2018;38
MURCIA (REGIÓN DE);CONTRA EL HONOR;2017;43
MURCIA (REGIÓN DE);CONTRA EL HONOR;2016;44
MURCIA (REGIÓN DE);CONTRA EL HONOR;2015;74
MURCIA (REGIÓN DE);CONTRA EL HONOR;2014;75
MURCIA (REGIÓN DE);CONTRA EL HONOR;2013;48
MURCIA (REGIÓN DE);CONTRA EL HONOR;2012;50
MURCIA (REGIÓN DE);CONTRA EL HONOR;2011;68
MURCIA (REGIÓN DE);CONTRA LA PROPIEDAD INDUSTRIAL/INTELECTUAL;2024;6
MURCIA (REGIÓN DE);CONTRA LA PROPIEDAD INDUSTRIAL/INTELECTUAL;2023;1
MURCIA (REGIÓN DE);CONTRA LA PROPIEDAD INDUSTRIAL/INTELECTUAL;2022;5
MURCIA (REGIÓN DE);CONTRA LA PROPIEDAD INDUSTRIAL/INTELECTUAL;2021;6
MURCIA (REGIÓN DE);CONTRA LA PROPIEDAD INDUSTRIAL/INTELECTUAL;2020;5
MURCIA (REGIÓN DE);CONTRA LA PROPIEDAD INDUSTRIAL/INTELECTUAL;2019;5
MURCIA (REGIÓN DE);CONTRA LA PROPIEDAD INDUSTRIAL/INTELECTUAL;2018;12
MURCIA (REGIÓN DE);CONTRA LA PROPIEDAD INDUSTRIAL/INTELECTUAL;2017;3
MURCIA (REGIÓN DE);CONTRA LA PROPIEDAD INDUSTRIAL/INTELECTUAL;2016;1
MURCIA (REGIÓN DE);CONTRA LA PROPIEDAD INDUSTRIAL/INTELECTUAL;2015;1
MURCIA (REGIÓN DE);CONTRA LA PROPIEDAD INDUSTRIAL/INTELECTUAL;2014;1
MURCIA (REGIÓN DE);CONTRA LA PROPIEDAD INDUSTRIAL/INTELECTUAL;2013;1
MURCIA (REGIÓN DE);CONTRA LA PROPIEDAD INDUSTRIAL/INTELECTUAL;2012;1
MURCIA (REGIÓN DE);CONTRA LA PROPIEDAD INDUSTRIAL/INTELECTUAL;2011;3
MURCIA (REGIÓN DE);DELITOS SEXUALES;2024;110
MURCIA (REGIÓN DE);DELITOS SEXUALES;2023;59
MURCIA (REGIÓN DE);DELITOS SEXUALES;2022;43
MURCIA (REGIÓN DE);DELITOS SEXUALES;2021;57
MURCIA (REGIÓN DE);DELITOS SEXUALES;2020;66
MURCIA (REGIÓN DE);DELITOS SEXUALES;2019;65
MURCIA (REGIÓN DE);DELITOS SEXUALES;2018;49
MURCIA (REGIÓN DE);DELITOS SEXUALES;2017;39
MURCIA (REGIÓN DE);DELITOS SEXUALES;2016;40
MURCIA (REGIÓN DE);DELITOS SEXUALES;2015;37
MURCIA (REGIÓN DE);DELITOS SEXUALES;2014;35
MURCIA (REGIÓN DE);DELITOS SEXUALES;2013;18
MURCIA (REGIÓN DE);DELITOS SEXUALES;2012;11
MURCIA (REGIÓN DE);DELITOS SEXUALES;2011;22
MURCIA (REGIÓN DE);FALSIFICACIÓN INFORMÁTICA;2024;828
MURCIA (REGIÓN DE);FALSIFICACIÓN INFORMÁTICA;2023;659
MURCIA (REGIÓN DE);FALSIFICACIÓN INFORMÁTICA;2022;558
MURCIA (REGIÓN DE);FALSIFICACIÓN INFORMÁTICA;2021;410
MURCIA (REGIÓN DE);FALSIFICACIÓN INFORMÁTICA;2020;242
MURCIA (REGIÓN DE);FALSIFICACIÓN INFORMÁTICA;2019;130
MURCIA (REGIÓN DE);FALSIFICACIÓN INFORMÁTICA;2018;107
MURCIA (REGIÓN DE);FALSIFICACIÓN INFORMÁTICA;2017;73
MURCIA (REGIÓN DE);FALSIFICACIÓN INFORMÁTICA;2016;68
MURCIA (REGIÓN DE);FALSIFICACIÓN INFORMÁTICA;2015;59
MURCIA (REGIÓN DE);FALSIFICACIÓN INFORMÁTICA;2014;34
MURCIA (REGIÓN DE);FALSIFICACIÓN INFORMÁTICA;2013;36
MURCIA (REGIÓN DE);FALSIFICACIÓN INFORMÁTICA;2012;61
MURCIA (REGIÓN DE);FALSIFICACIÓN INFORMÁTICA;2011;90
MURCIA (REGIÓN DE);FRAUDE INFORMÁTICO;2024;11.558
MURCIA (REGIÓN DE);FRAUDE INFORMÁTICO;2023;12.310
MURCIA (REGIÓN DE);FRAUDE INFORMÁTICO;2022;8.651
MURCIA (REGIÓN DE);FRAUDE INFORMÁTICO;2021;6.754
MURCIA (REGIÓN DE);FRAUDE INFORMÁTICO;2020;5.887
MURCIA (REGIÓN DE);FRAUDE INFORMÁTICO;2019;3.358
MURCIA (REGIÓN DE);FRAUDE INFORMÁTICO;2018;2.034
MURCIA (REGIÓN DE);FRAUDE INFORMÁTICO;2017;1.183
MURCIA (REGIÓN DE);FRAUDE INFORMÁTICO;2016;885
MURCIA (REGIÓN DE);FRAUDE INFORMÁTICO;2015;718
MURCIA (REGIÓN DE);FRAUDE INFORMÁTICO;2014;581
MURCIA (REGIÓN DE);FRAUDE INFORMÁTICO;2013;428
MURCIA (REGIÓN DE);FRAUDE INFORMÁTICO;2012;482
MURCIA (REGIÓN DE);FRAUDE INFORMÁTICO;2011;306
MURCIA (REGIÓN DE);INTERFERENCIA EN LOS DATOS Y EN EL SISTEMA;2024;41
MURCIA (REGIÓN DE);INTERFERENCIA EN LOS DATOS Y EN EL SISTEMA;2023;61
MURCIA (REGIÓN DE);INTERFERENCIA EN LOS DATOS Y EN EL SISTEMA;2022;26
MURCIA (REGIÓN DE);INTERFERENCIA EN LOS DATOS Y EN EL SISTEMA;2021;54
MURCIA (REGIÓN DE);INTERFERENCIA EN LOS DATOS Y EN EL SISTEMA;2020;36
MURCIA (REGIÓN DE);INTERFERENCIA EN LOS DATOS Y EN EL SISTEMA;2019;27
MURCIA (REGIÓN DE);INTERFERENCIA EN LOS DATOS Y EN EL SISTEMA;2018;33
MURCIA (REGIÓN DE);INTERFERENCIA EN LOS DATOS Y EN EL SISTEMA;2017;25
MURCIA (REGIÓN DE);INTERFERENCIA EN LOS DATOS Y EN EL SISTEMA;2016;28
MURCIA (REGIÓN DE);INTERFERENCIA EN LOS DATOS Y EN EL SISTEMA;2015;22
MURCIA (REGIÓN DE);INTERFERENCIA EN LOS DATOS Y EN EL SISTEMA;2014;12
MURCIA (REGIÓN DE);INTERFERENCIA EN LOS DATOS Y EN EL SISTEMA;2013;12
MURCIA (REGIÓN DE);INTERFERENCIA EN LOS DATOS Y EN EL SISTEMA;2012;10
MURCIA (REGIÓN DE);INTERFERENCIA EN LOS DATOS Y EN EL SISTEMA;2011;10
MURCIA (REGIÓN DE);TOTAL grupo penal;2024;13.255
MURCIA (REGIÓN DE);TOTAL grupo penal;2023;13.748
MURCIA (REGIÓN DE);TOTAL grupo penal;2022;9.971
MURCIA (REGIÓN DE);TOTAL grupo penal;2021;8.009
MURCIA (REGIÓN DE);TOTAL grupo penal;2020;6.828
MURCIA (REGIÓN DE);TOTAL grupo penal;2019;4.031
MURCIA (REGIÓN DE);TOTAL grupo penal;2018;2.672
MURCIA (REGIÓN DE);TOTAL grupo penal;2017;1.768
MURCIA (REGIÓN DE);TOTAL grupo penal;2016;1.445
MURCIA (REGIÓN DE);TOTAL grupo penal;2015;1.254
MURCIA (REGIÓN DE);TOTAL grupo penal;2014;1.031
MURCIA (REGIÓN DE);TOTAL grupo penal;2013;841
MURCIA (REGIÓN DE);TOTAL grupo penal;2012;926
MURCIA (REGIÓN DE);TOTAL grupo penal;2011;849
NAVARRA (COMUNIDAD FORAL DE);ACCESO  E INTERCEPTACIÓN ILÍCITA;2024;183
NAVARRA (COMUNIDAD FORAL DE);ACCESO  E INTERCEPTACIÓN ILÍCITA;2023;187
NAVARRA (COMUNIDAD FORAL DE);ACCESO  E INTERCEPTACIÓN ILÍCITA;2022;92
NAVARRA (COMUNIDAD FORAL DE);ACCESO  E INTERCEPTACIÓN ILÍCITA;2021;108
NAVARRA (COMUNIDAD FORAL DE);ACCESO  E INTERCEPTACIÓN ILÍCITA;2020;80
NAVARRA (COMUNIDAD FORAL DE);ACCESO  E INTERCEPTACIÓN ILÍCITA;2019;113
NAVARRA (COMUNIDAD FORAL DE);ACCESO  E INTERCEPTACIÓN ILÍCITA;2018;76
NAVARRA (COMUNIDAD FORAL DE);ACCESO  E INTERCEPTACIÓN ILÍCITA;2017;91
NAVARRA (COMUNIDAD FORAL DE);ACCESO  E INTERCEPTACIÓN ILÍCITA;2016;86
NAVARRA (COMUNIDAD FORAL DE);ACCESO  E INTERCEPTACIÓN ILÍCITA;2015;54
NAVARRA (COMUNIDAD FORAL DE);ACCESO  E INTERCEPTACIÓN ILÍCITA;2014;58
NAVARRA (COMUNIDAD FORAL DE);ACCESO  E INTERCEPTACIÓN ILÍCITA;2013;44
NAVARRA (COMUNIDAD FORAL DE);ACCESO  E INTERCEPTACIÓN ILÍCITA;2012;40
NAVARRA (COMUNIDAD FORAL DE);ACCESO  E INTERCEPTACIÓN ILÍCITA;2011;28
NAVARRA (COMUNIDAD FORAL DE);AMENAZAS Y COACCIONES;2024;335
NAVARRA (COMUNIDAD FORAL DE);AMENAZAS Y COACCIONES;2023;343
NAVARRA (COMUNIDAD FORAL DE);AMENAZAS Y COACCIONES;2022;303
NAVARRA (COMUNIDAD FORAL DE);AMENAZAS Y COACCIONES;2021;283
NAVARRA (COMUNIDAD FORAL DE);AMENAZAS Y COACCIONES;2020;264
NAVARRA (COMUNIDAD FORAL DE);AMENAZAS Y COACCIONES;2019;196
NAVARRA (COMUNIDAD FORAL DE);AMENAZAS Y COACCIONES;2018;217
NAVARRA (COMUNIDAD FORAL DE);AMENAZAS Y COACCIONES;2017;204
NAVARRA (COMUNIDAD FORAL DE);AMENAZAS Y COACCIONES;2016;243
NAVARRA (COMUNIDAD FORAL DE);AMENAZAS Y COACCIONES;2015;196
NAVARRA (COMUNIDAD FORAL DE);AMENAZAS Y COACCIONES;2014;180
NAVARRA (COMUNIDAD FORAL DE);AMENAZAS Y COACCIONES;2013;176
NAVARRA (COMUNIDAD FORAL DE);AMENAZAS Y COACCIONES;2012;142
NAVARRA (COMUNIDAD FORAL DE);AMENAZAS Y COACCIONES;2011;120
NAVARRA (COMUNIDAD FORAL DE);CONTRA EL HONOR;2024;28
NAVARRA (COMUNIDAD FORAL DE);CONTRA EL HONOR;2023;18
NAVARRA (COMUNIDAD FORAL DE);CONTRA EL HONOR;2022;18
NAVARRA (COMUNIDAD FORAL DE);CONTRA EL HONOR;2021;29
NAVARRA (COMUNIDAD FORAL DE);CONTRA EL HONOR;2020;25
NAVARRA (COMUNIDAD FORAL DE);CONTRA EL HONOR;2019;23
NAVARRA (COMUNIDAD FORAL DE);CONTRA EL HONOR;2018;23
NAVARRA (COMUNIDAD FORAL DE);CONTRA EL HONOR;2017;30
NAVARRA (COMUNIDAD FORAL DE);CONTRA EL HONOR;2016;58
NAVARRA (COMUNIDAD FORAL DE);CONTRA EL HONOR;2015;51
NAVARRA (COMUNIDAD FORAL DE);CONTRA EL HONOR;2014;41
NAVARRA (COMUNIDAD FORAL DE);CONTRA EL HONOR;2013;62
NAVARRA (COMUNIDAD FORAL DE);CONTRA EL HONOR;2012;46
NAVARRA (COMUNIDAD FORAL DE);CONTRA EL HONOR;2011;37
NAVARRA (COMUNIDAD FORAL DE);CONTRA LA PROPIEDAD INDUSTRIAL/INTELECTUAL;2024;2
NAVARRA (COMUNIDAD FORAL DE);CONTRA LA PROPIEDAD INDUSTRIAL/INTELECTUAL;2023;5
NAVARRA (COMUNIDAD FORAL DE);CONTRA LA PROPIEDAD INDUSTRIAL/INTELECTUAL;2022;2
NAVARRA (COMUNIDAD FORAL DE);CONTRA LA PROPIEDAD INDUSTRIAL/INTELECTUAL;2021;2
NAVARRA (COMUNIDAD FORAL DE);CONTRA LA PROPIEDAD INDUSTRIAL/INTELECTUAL;2020;4
NAVARRA (COMUNIDAD FORAL DE);CONTRA LA PROPIEDAD INDUSTRIAL/INTELECTUAL;2019;1
NAVARRA (COMUNIDAD FORAL DE);CONTRA LA PROPIEDAD INDUSTRIAL/INTELECTUAL;2018;1
NAVARRA (COMUNIDAD FORAL DE);CONTRA LA PROPIEDAD INDUSTRIAL/INTELECTUAL;2017;0
NAVARRA (COMUNIDAD FORAL DE);CONTRA LA PROPIEDAD INDUSTRIAL/INTELECTUAL;2016;3
NAVARRA (COMUNIDAD FORAL DE);CONTRA LA PROPIEDAD INDUSTRIAL/INTELECTUAL;2015;5
NAVARRA (COMUNIDAD FORAL DE);CONTRA LA PROPIEDAD INDUSTRIAL/INTELECTUAL;2014;14
NAVARRA (COMUNIDAD FORAL DE);CONTRA LA PROPIEDAD INDUSTRIAL/INTELECTUAL;2013;3
NAVARRA (COMUNIDAD FORAL DE);CONTRA LA PROPIEDAD INDUSTRIAL/INTELECTUAL;2012;2
NAVARRA (COMUNIDAD FORAL DE);CONTRA LA PROPIEDAD INDUSTRIAL/INTELECTUAL;2011;1
NAVARRA (COMUNIDAD FORAL DE);DELITOS SEXUALES;2024;50
NAVARRA (COMUNIDAD FORAL DE);DELITOS SEXUALES;2023;50
NAVARRA (COMUNIDAD FORAL DE);DELITOS SEXUALES;2022;26
NAVARRA (COMUNIDAD FORAL DE);DELITOS SEXUALES;2021;24
NAVARRA (COMUNIDAD FORAL DE);DELITOS SEXUALES;2020;43
NAVARRA (COMUNIDAD FORAL DE);DELITOS SEXUALES;2019;37
NAVARRA (COMUNIDAD FORAL DE);DELITOS SEXUALES;2018;29
NAVARRA (COMUNIDAD FORAL DE);DELITOS SEXUALES;2017;24
NAVARRA (COMUNIDAD FORAL DE);DELITOS SEXUALES;2016;24
NAVARRA (COMUNIDAD FORAL DE);DELITOS SEXUALES;2015;18
NAVARRA (COMUNIDAD FORAL DE);DELITOS SEXUALES;2014;11
NAVARRA (COMUNIDAD FORAL DE);DELITOS SEXUALES;2013;8
NAVARRA (COMUNIDAD FORAL DE);DELITOS SEXUALES;2012;10
NAVARRA (COMUNIDAD FORAL DE);DELITOS SEXUALES;2011;6
NAVARRA (COMUNIDAD FORAL DE);FALSIFICACIÓN INFORMÁTICA;2024;283
NAVARRA (COMUNIDAD FORAL DE);FALSIFICACIÓN INFORMÁTICA;2023;267
NAVARRA (COMUNIDAD FORAL DE);FALSIFICACIÓN INFORMÁTICA;2022;214
NAVARRA (COMUNIDAD FORAL DE);FALSIFICACIÓN INFORMÁTICA;2021;181
NAVARRA (COMUNIDAD FORAL DE);FALSIFICACIÓN INFORMÁTICA;2020;123
NAVARRA (COMUNIDAD FORAL DE);FALSIFICACIÓN INFORMÁTICA;2019;80
NAVARRA (COMUNIDAD FORAL DE);FALSIFICACIÓN INFORMÁTICA;2018;77
NAVARRA (COMUNIDAD FORAL DE);FALSIFICACIÓN INFORMÁTICA;2017;45
NAVARRA (COMUNIDAD FORAL DE);FALSIFICACIÓN INFORMÁTICA;2016;51
NAVARRA (COMUNIDAD FORAL DE);FALSIFICACIÓN INFORMÁTICA;2015;45
NAVARRA (COMUNIDAD FORAL DE);FALSIFICACIÓN INFORMÁTICA;2014;33
NAVARRA (COMUNIDAD FORAL DE);FALSIFICACIÓN INFORMÁTICA;2013;34
NAVARRA (COMUNIDAD FORAL DE);FALSIFICACIÓN INFORMÁTICA;2012;26
NAVARRA (COMUNIDAD FORAL DE);FALSIFICACIÓN INFORMÁTICA;2011;35
NAVARRA (COMUNIDAD FORAL DE);FRAUDE INFORMÁTICO;2024;6.090
NAVARRA (COMUNIDAD FORAL DE);FRAUDE INFORMÁTICO;2023;6.576
NAVARRA (COMUNIDAD FORAL DE);FRAUDE INFORMÁTICO;2022;4.816
NAVARRA (COMUNIDAD FORAL DE);FRAUDE INFORMÁTICO;2021;3.673
NAVARRA (COMUNIDAD FORAL DE);FRAUDE INFORMÁTICO;2020;3.903
NAVARRA (COMUNIDAD FORAL DE);FRAUDE INFORMÁTICO;2019;2.734
NAVARRA (COMUNIDAD FORAL DE);FRAUDE INFORMÁTICO;2018;2.126
NAVARRA (COMUNIDAD FORAL DE);FRAUDE INFORMÁTICO;2017;1.728
NAVARRA (COMUNIDAD FORAL DE);FRAUDE INFORMÁTICO;2016;1.424
NAVARRA (COMUNIDAD FORAL DE);FRAUDE INFORMÁTICO;2015;1.285
NAVARRA (COMUNIDAD FORAL DE);FRAUDE INFORMÁTICO;2014;792
NAVARRA (COMUNIDAD FORAL DE);FRAUDE INFORMÁTICO;2013;612
NAVARRA (COMUNIDAD FORAL DE);FRAUDE INFORMÁTICO;2012;512
NAVARRA (COMUNIDAD FORAL DE);FRAUDE INFORMÁTICO;2011;310
NAVARRA (COMUNIDAD FORAL DE);INTERFERENCIA EN LOS DATOS Y EN EL SISTEMA;2024;21
NAVARRA (COMUNIDAD FORAL DE);INTERFERENCIA EN LOS DATOS Y EN EL SISTEMA;2023;29
NAVARRA (COMUNIDAD FORAL DE);INTERFERENCIA EN LOS DATOS Y EN EL SISTEMA;2022;28
NAVARRA (COMUNIDAD FORAL DE);INTERFERENCIA EN LOS DATOS Y EN EL SISTEMA;2021;62
NAVARRA (COMUNIDAD FORAL DE);INTERFERENCIA EN LOS DATOS Y EN EL SISTEMA;2020;23
NAVARRA (COMUNIDAD FORAL DE);INTERFERENCIA EN LOS DATOS Y EN EL SISTEMA;2019;27
NAVARRA (COMUNIDAD FORAL DE);INTERFERENCIA EN LOS DATOS Y EN EL SISTEMA;2018;25
NAVARRA (COMUNIDAD FORAL DE);INTERFERENCIA EN LOS DATOS Y EN EL SISTEMA;2017;17
NAVARRA (COMUNIDAD FORAL DE);INTERFERENCIA EN LOS DATOS Y EN EL SISTEMA;2016;22
NAVARRA (COMUNIDAD FORAL DE);INTERFERENCIA EN LOS DATOS Y EN EL SISTEMA;2015;20
NAVARRA (COMUNIDAD FORAL DE);INTERFERENCIA EN LOS DATOS Y EN EL SISTEMA;2014;11
NAVARRA (COMUNIDAD FORAL DE);INTERFERENCIA EN LOS DATOS Y EN EL SISTEMA;2013;6
NAVARRA (COMUNIDAD FORAL DE);INTERFERENCIA EN LOS DATOS Y EN EL SISTEMA;2012;6
NAVARRA (COMUNIDAD FORAL DE);INTERFERENCIA EN LOS DATOS Y EN EL SISTEMA;2011;1
NAVARRA (COMUNIDAD FORAL DE);TOTAL grupo penal;2024;6.992
NAVARRA (COMUNIDAD FORAL DE);TOTAL grupo penal;2023;7.475
NAVARRA (COMUNIDAD FORAL DE);TOTAL grupo penal;2022;5.499
NAVARRA (COMUNIDAD FORAL DE);TOTAL grupo penal;2021;4.362
NAVARRA (COMUNIDAD FORAL DE);TOTAL grupo penal;2020;4.465
NAVARRA (COMUNIDAD FORAL DE);TOTAL grupo penal;2019;3.211
NAVARRA (COMUNIDAD FORAL DE);TOTAL grupo penal;2018;2.574
NAVARRA (COMUNIDAD FORAL DE);TOTAL grupo penal;2017;2.139
NAVARRA (COMUNIDAD FORAL DE);TOTAL grupo penal;2016;1.911
NAVARRA (COMUNIDAD FORAL DE);TOTAL grupo penal;2015;1.674
NAVARRA (COMUNIDAD FORAL DE);TOTAL grupo penal;2014;1.140
NAVARRA (COMUNIDAD FORAL DE);TOTAL grupo penal;2013;945
NAVARRA (COMUNIDAD FORAL DE);TOTAL grupo penal;2012;784
NAVARRA (COMUNIDAD FORAL DE);TOTAL grupo penal;2011;538
PAÍS VASCO;ACCESO  E INTERCEPTACIÓN ILÍCITA;2024;265
PAÍS VASCO;ACCESO  E INTERCEPTACIÓN ILÍCITA;2023;276
PAÍS VASCO;ACCESO  E INTERCEPTACIÓN ILÍCITA;2022;227
PAÍS VASCO;ACCESO  E INTERCEPTACIÓN ILÍCITA;2021;293
PAÍS VASCO;ACCESO  E INTERCEPTACIÓN ILÍCITA;2020;258
PAÍS VASCO;ACCESO  E INTERCEPTACIÓN ILÍCITA;2019;232
PAÍS VASCO;ACCESO  E INTERCEPTACIÓN ILÍCITA;2018;179
PAÍS VASCO;ACCESO  E INTERCEPTACIÓN ILÍCITA;2017;170
PAÍS VASCO;ACCESO  E INTERCEPTACIÓN ILÍCITA;2016;153
PAÍS VASCO;ACCESO  E INTERCEPTACIÓN ILÍCITA;2015;127
PAÍS VASCO;ACCESO  E INTERCEPTACIÓN ILÍCITA;2014;5
PAÍS VASCO;ACCESO  E INTERCEPTACIÓN ILÍCITA;2013;8
PAÍS VASCO;ACCESO  E INTERCEPTACIÓN ILÍCITA;2012;11
PAÍS VASCO;ACCESO  E INTERCEPTACIÓN ILÍCITA;2011;3
PAÍS VASCO;AMENAZAS Y COACCIONES;2024;1.339
PAÍS VASCO;AMENAZAS Y COACCIONES;2023;1.326
PAÍS VASCO;AMENAZAS Y COACCIONES;2022;744
PAÍS VASCO;AMENAZAS Y COACCIONES;2021;603
PAÍS VASCO;AMENAZAS Y COACCIONES;2020;405
PAÍS VASCO;AMENAZAS Y COACCIONES;2019;319
PAÍS VASCO;AMENAZAS Y COACCIONES;2018;356
PAÍS VASCO;AMENAZAS Y COACCIONES;2017;240
PAÍS VASCO;AMENAZAS Y COACCIONES;2016;237
PAÍS VASCO;AMENAZAS Y COACCIONES;2015;224
PAÍS VASCO;AMENAZAS Y COACCIONES;2014;19
PAÍS VASCO;AMENAZAS Y COACCIONES;2013;20
PAÍS VASCO;AMENAZAS Y COACCIONES;2012;15
PAÍS VASCO;AMENAZAS Y COACCIONES;2011;14
PAÍS VASCO;CONTRA EL HONOR;2024;4
PAÍS VASCO;CONTRA EL HONOR;2023;3
PAÍS VASCO;CONTRA EL HONOR;2022;5
PAÍS VASCO;CONTRA EL HONOR;2021;3
PAÍS VASCO;CONTRA EL HONOR;2020;2
PAÍS VASCO;CONTRA EL HONOR;2019;2
PAÍS VASCO;CONTRA EL HONOR;2018;6
PAÍS VASCO;CONTRA EL HONOR;2017;6
PAÍS VASCO;CONTRA EL HONOR;2016;5
PAÍS VASCO;CONTRA EL HONOR;2015;4
PAÍS VASCO;CONTRA EL HONOR;2014;3
PAÍS VASCO;CONTRA EL HONOR;2013;6
PAÍS VASCO;CONTRA EL HONOR;2012;4
PAÍS VASCO;CONTRA EL HONOR;2011;5
PAÍS VASCO;CONTRA LA PROPIEDAD INDUSTRIAL/INTELECTUAL;2024;12
PAÍS VASCO;CONTRA LA PROPIEDAD INDUSTRIAL/INTELECTUAL;2023;7
PAÍS VASCO;CONTRA LA PROPIEDAD INDUSTRIAL/INTELECTUAL;2022;4
PAÍS VASCO;CONTRA LA PROPIEDAD INDUSTRIAL/INTELECTUAL;2021;3
PAÍS VASCO;CONTRA LA PROPIEDAD INDUSTRIAL/INTELECTUAL;2020;6
PAÍS VASCO;CONTRA LA PROPIEDAD INDUSTRIAL/INTELECTUAL;2019;5
PAÍS VASCO;CONTRA LA PROPIEDAD INDUSTRIAL/INTELECTUAL;2018;5
PAÍS VASCO;CONTRA LA PROPIEDAD INDUSTRIAL/INTELECTUAL;2017;2
PAÍS VASCO;CONTRA LA PROPIEDAD INDUSTRIAL/INTELECTUAL;2016;3
PAÍS VASCO;CONTRA LA PROPIEDAD INDUSTRIAL/INTELECTUAL;2015;12
PAÍS VASCO;CONTRA LA PROPIEDAD INDUSTRIAL/INTELECTUAL;2014;5
PAÍS VASCO;CONTRA LA PROPIEDAD INDUSTRIAL/INTELECTUAL;2013;1
PAÍS VASCO;CONTRA LA PROPIEDAD INDUSTRIAL/INTELECTUAL;2012;6
PAÍS VASCO;CONTRA LA PROPIEDAD INDUSTRIAL/INTELECTUAL;2011;4
PAÍS VASCO;DELITOS SEXUALES;2024;94
PAÍS VASCO;DELITOS SEXUALES;2023;140
PAÍS VASCO;DELITOS SEXUALES;2022;57
PAÍS VASCO;DELITOS SEXUALES;2021;73
PAÍS VASCO;DELITOS SEXUALES;2020;113
PAÍS VASCO;DELITOS SEXUALES;2019;76
PAÍS VASCO;DELITOS SEXUALES;2018;102
PAÍS VASCO;DELITOS SEXUALES;2017;68
PAÍS VASCO;DELITOS SEXUALES;2016;48
PAÍS VASCO;DELITOS SEXUALES;2015;59
PAÍS VASCO;DELITOS SEXUALES;2014;15
PAÍS VASCO;DELITOS SEXUALES;2013;9
PAÍS VASCO;DELITOS SEXUALES;2012;25
PAÍS VASCO;DELITOS SEXUALES;2011;26
PAÍS VASCO;FALSIFICACIÓN INFORMÁTICA;2024;1.038
PAÍS VASCO;FALSIFICACIÓN INFORMÁTICA;2023;1.035
PAÍS VASCO;FALSIFICACIÓN INFORMÁTICA;2022;963
PAÍS VASCO;FALSIFICACIÓN INFORMÁTICA;2021;727
PAÍS VASCO;FALSIFICACIÓN INFORMÁTICA;2020;446
PAÍS VASCO;FALSIFICACIÓN INFORMÁTICA;2019;337
PAÍS VASCO;FALSIFICACIÓN INFORMÁTICA;2018;285
PAÍS VASCO;FALSIFICACIÓN INFORMÁTICA;2017;245
PAÍS VASCO;FALSIFICACIÓN INFORMÁTICA;2016;275
PAÍS VASCO;FALSIFICACIÓN INFORMÁTICA;2015;238
PAÍS VASCO;FALSIFICACIÓN INFORMÁTICA;2014;9
PAÍS VASCO;FALSIFICACIÓN INFORMÁTICA;2013;16
PAÍS VASCO;FALSIFICACIÓN INFORMÁTICA;2012;15
PAÍS VASCO;FALSIFICACIÓN INFORMÁTICA;2011;11
PAÍS VASCO;FRAUDE INFORMÁTICO;2024;22.891
PAÍS VASCO;FRAUDE INFORMÁTICO;2023;25.095
PAÍS VASCO;FRAUDE INFORMÁTICO;2022;18.861
PAÍS VASCO;FRAUDE INFORMÁTICO;2021;15.016
PAÍS VASCO;FRAUDE INFORMÁTICO;2020;16.591
PAÍS VASCO;FRAUDE INFORMÁTICO;2019;13.793
PAÍS VASCO;FRAUDE INFORMÁTICO;2018;12.151
PAÍS VASCO;FRAUDE INFORMÁTICO;2017;8.546
PAÍS VASCO;FRAUDE INFORMÁTICO;2016;6.954
PAÍS VASCO;FRAUDE INFORMÁTICO;2015;6.133
PAÍS VASCO;FRAUDE INFORMÁTICO;2014;163
PAÍS VASCO;FRAUDE INFORMÁTICO;2013;195
PAÍS VASCO;FRAUDE INFORMÁTICO;2012;207
PAÍS VASCO;FRAUDE INFORMÁTICO;2011;141
PAÍS VASCO;INTERFERENCIA EN LOS DATOS Y EN EL SISTEMA;2024;17
PAÍS VASCO;INTERFERENCIA EN LOS DATOS Y EN EL SISTEMA;2023;22
PAÍS VASCO;INTERFERENCIA EN LOS DATOS Y EN EL SISTEMA;2022;46
PAÍS VASCO;INTERFERENCIA EN LOS DATOS Y EN EL SISTEMA;2021;80
PAÍS VASCO;INTERFERENCIA EN LOS DATOS Y EN EL SISTEMA;2020;45
PAÍS VASCO;INTERFERENCIA EN LOS DATOS Y EN EL SISTEMA;2019;73
PAÍS VASCO;INTERFERENCIA EN LOS DATOS Y EN EL SISTEMA;2018;59
PAÍS VASCO;INTERFERENCIA EN LOS DATOS Y EN EL SISTEMA;2017;64
PAÍS VASCO;INTERFERENCIA EN LOS DATOS Y EN EL SISTEMA;2016;82
PAÍS VASCO;INTERFERENCIA EN LOS DATOS Y EN EL SISTEMA;2015;101
PAÍS VASCO;INTERFERENCIA EN LOS DATOS Y EN EL SISTEMA;2014;0
PAÍS VASCO;INTERFERENCIA EN LOS DATOS Y EN EL SISTEMA;2013;3
PAÍS VASCO;INTERFERENCIA EN LOS DATOS Y EN EL SISTEMA;2012;5
PAÍS VASCO;INTERFERENCIA EN LOS DATOS Y EN EL SISTEMA;2011;3
PAÍS VASCO;TOTAL grupo penal;2024;25.660
PAÍS VASCO;TOTAL grupo penal;2023;27.904
PAÍS VASCO;TOTAL grupo penal;2022;20.907
PAÍS VASCO;TOTAL grupo penal;2021;16.798
PAÍS VASCO;TOTAL grupo penal;2020;17.866
PAÍS VASCO;TOTAL grupo penal;2019;14.837
PAÍS VASCO;TOTAL grupo penal;2018;13.143
PAÍS VASCO;TOTAL grupo penal;2017;9.341
PAÍS VASCO;TOTAL grupo penal;2016;7.757
PAÍS VASCO;TOTAL grupo penal;2015;6.898
PAÍS VASCO;TOTAL grupo penal;2014;219
PAÍS VASCO;TOTAL grupo penal;2013;258
PAÍS VASCO;TOTAL grupo penal;2012;288
PAÍS VASCO;TOTAL grupo penal;2011;207
RIOJA (LA);ACCESO  E INTERCEPTACIÓN ILÍCITA;2024;140
RIOJA (LA);ACCESO  E INTERCEPTACIÓN ILÍCITA;2023;111
RIOJA (LA);ACCESO  E INTERCEPTACIÓN ILÍCITA;2022;81
RIOJA (LA);ACCESO  E INTERCEPTACIÓN ILÍCITA;2021;82
RIOJA (LA);ACCESO  E INTERCEPTACIÓN ILÍCITA;2020;56
RIOJA (LA);ACCESO  E INTERCEPTACIÓN ILÍCITA;2019;31
RIOJA (LA);ACCESO  E INTERCEPTACIÓN ILÍCITA;2018;24
RIOJA (LA);ACCESO  E INTERCEPTACIÓN ILÍCITA;2017;15
RIOJA (LA);ACCESO  E INTERCEPTACIÓN ILÍCITA;2016;16
RIOJA (LA);ACCESO  E INTERCEPTACIÓN ILÍCITA;2015;18
RIOJA (LA);ACCESO  E INTERCEPTACIÓN ILÍCITA;2014;20
RIOJA (LA);ACCESO  E INTERCEPTACIÓN ILÍCITA;2013;13
RIOJA (LA);ACCESO  E INTERCEPTACIÓN ILÍCITA;2012;5
RIOJA (LA);ACCESO  E INTERCEPTACIÓN ILÍCITA;2011;8
RIOJA (LA);AMENAZAS Y COACCIONES;2024;161
RIOJA (LA);AMENAZAS Y COACCIONES;2023;132
RIOJA (LA);AMENAZAS Y COACCIONES;2022;124
RIOJA (LA);AMENAZAS Y COACCIONES;2021;119
RIOJA (LA);AMENAZAS Y COACCIONES;2020;64
RIOJA (LA);AMENAZAS Y COACCIONES;2019;50
RIOJA (LA);AMENAZAS Y COACCIONES;2018;71
RIOJA (LA);AMENAZAS Y COACCIONES;2017;48
RIOJA (LA);AMENAZAS Y COACCIONES;2016;51
RIOJA (LA);AMENAZAS Y COACCIONES;2015;45
RIOJA (LA);AMENAZAS Y COACCIONES;2014;50
RIOJA (LA);AMENAZAS Y COACCIONES;2013;45
RIOJA (LA);AMENAZAS Y COACCIONES;2012;43
RIOJA (LA);AMENAZAS Y COACCIONES;2011;45
RIOJA (LA);CONTRA EL HONOR;2024;10
RIOJA (LA);CONTRA EL HONOR;2023;9
RIOJA (LA);CONTRA EL HONOR;2022;1
RIOJA (LA);CONTRA EL HONOR;2021;7
RIOJA (LA);CONTRA EL HONOR;2020;9
RIOJA (LA);CONTRA EL HONOR;2019;9
RIOJA (LA);CONTRA EL HONOR;2018;9
RIOJA (LA);CONTRA EL HONOR;2017;10
RIOJA (LA);CONTRA EL HONOR;2016;9
RIOJA (LA);CONTRA EL HONOR;2015;9
RIOJA (LA);CONTRA EL HONOR;2014;8
RIOJA (LA);CONTRA EL HONOR;2013;8
RIOJA (LA);CONTRA EL HONOR;2012;12
RIOJA (LA);CONTRA EL HONOR;2011;9
RIOJA (LA);CONTRA LA PROPIEDAD INDUSTRIAL/INTELECTUAL;2024;2
RIOJA (LA);CONTRA LA PROPIEDAD INDUSTRIAL/INTELECTUAL;2023;1
RIOJA (LA);CONTRA LA PROPIEDAD INDUSTRIAL/INTELECTUAL;2022;1
RIOJA (LA);CONTRA LA PROPIEDAD INDUSTRIAL/INTELECTUAL;2021;1
RIOJA (LA);CONTRA LA PROPIEDAD INDUSTRIAL/INTELECTUAL;2020;1
RIOJA (LA);CONTRA LA PROPIEDAD INDUSTRIAL/INTELECTUAL;2019;1
RIOJA (LA);CONTRA LA PROPIEDAD INDUSTRIAL/INTELECTUAL;2018;0
RIOJA (LA);CONTRA LA PROPIEDAD INDUSTRIAL/INTELECTUAL;2017;1
RIOJA (LA);CONTRA LA PROPIEDAD INDUSTRIAL/INTELECTUAL;2016;0
RIOJA (LA);CONTRA LA PROPIEDAD INDUSTRIAL/INTELECTUAL;2015;0
RIOJA (LA);CONTRA LA PROPIEDAD INDUSTRIAL/INTELECTUAL;2014;1
RIOJA (LA);CONTRA LA PROPIEDAD INDUSTRIAL/INTELECTUAL;2013;1
RIOJA (LA);CONTRA LA PROPIEDAD INDUSTRIAL/INTELECTUAL;2012;0
RIOJA (LA);CONTRA LA PROPIEDAD INDUSTRIAL/INTELECTUAL;2011;0
RIOJA (LA);DELITOS SEXUALES;2024;6
RIOJA (LA);DELITOS SEXUALES;2023;11
RIOJA (LA);DELITOS SEXUALES;2022;8
RIOJA (LA);DELITOS SEXUALES;2021;10
RIOJA (LA);DELITOS SEXUALES;2020;44
RIOJA (LA);DELITOS SEXUALES;2019;9
RIOJA (LA);DELITOS SEXUALES;2018;9
RIOJA (LA);DELITOS SEXUALES;2017;5
RIOJA (LA);DELITOS SEXUALES;2016;5
RIOJA (LA);DELITOS SEXUALES;2015;2
RIOJA (LA);DELITOS SEXUALES;2014;4
RIOJA (LA);DELITOS SEXUALES;2013;6
RIOJA (LA);DELITOS SEXUALES;2012;4
RIOJA (LA);DELITOS SEXUALES;2011;5
RIOJA (LA);FALSIFICACIÓN INFORMÁTICA;2024;120
RIOJA (LA);FALSIFICACIÓN INFORMÁTICA;2023;68
RIOJA (LA);FALSIFICACIÓN INFORMÁTICA;2022;60
RIOJA (LA);FALSIFICACIÓN INFORMÁTICA;2021;81
RIOJA (LA);FALSIFICACIÓN INFORMÁTICA;2020;23
RIOJA (LA);FALSIFICACIÓN INFORMÁTICA;2019;13
RIOJA (LA);FALSIFICACIÓN INFORMÁTICA;2018;9
RIOJA (LA);FALSIFICACIÓN INFORMÁTICA;2017;3
RIOJA (LA);FALSIFICACIÓN INFORMÁTICA;2016;10
RIOJA (LA);FALSIFICACIÓN INFORMÁTICA;2015;7
RIOJA (LA);FALSIFICACIÓN INFORMÁTICA;2014;10
RIOJA (LA);FALSIFICACIÓN INFORMÁTICA;2013;6
RIOJA (LA);FALSIFICACIÓN INFORMÁTICA;2012;18
RIOJA (LA);FALSIFICACIÓN INFORMÁTICA;2011;6
RIOJA (LA);FRAUDE INFORMÁTICO;2024;1.868
RIOJA (LA);FRAUDE INFORMÁTICO;2023;2.021
RIOJA (LA);FRAUDE INFORMÁTICO;2022;2.152
RIOJA (LA);FRAUDE INFORMÁTICO;2021;1.794
RIOJA (LA);FRAUDE INFORMÁTICO;2020;1.787
RIOJA (LA);FRAUDE INFORMÁTICO;2019;996
RIOJA (LA);FRAUDE INFORMÁTICO;2018;675
RIOJA (LA);FRAUDE INFORMÁTICO;2017;168
RIOJA (LA);FRAUDE INFORMÁTICO;2016;142
RIOJA (LA);FRAUDE INFORMÁTICO;2015;159
RIOJA (LA);FRAUDE INFORMÁTICO;2014;133
RIOJA (LA);FRAUDE INFORMÁTICO;2013;122
RIOJA (LA);FRAUDE INFORMÁTICO;2012;123
RIOJA (LA);FRAUDE INFORMÁTICO;2011;64
RIOJA (LA);INTERFERENCIA EN LOS DATOS Y EN EL SISTEMA;2024;5
RIOJA (LA);INTERFERENCIA EN LOS DATOS Y EN EL SISTEMA;2023;11
RIOJA (LA);INTERFERENCIA EN LOS DATOS Y EN EL SISTEMA;2022;6
RIOJA (LA);INTERFERENCIA EN LOS DATOS Y EN EL SISTEMA;2021;10
RIOJA (LA);INTERFERENCIA EN LOS DATOS Y EN EL SISTEMA;2020;8
RIOJA (LA);INTERFERENCIA EN LOS DATOS Y EN EL SISTEMA;2019;11
RIOJA (LA);INTERFERENCIA EN LOS DATOS Y EN EL SISTEMA;2018;11
RIOJA (LA);INTERFERENCIA EN LOS DATOS Y EN EL SISTEMA;2017;9
RIOJA (LA);INTERFERENCIA EN LOS DATOS Y EN EL SISTEMA;2016;21
RIOJA (LA);INTERFERENCIA EN LOS DATOS Y EN EL SISTEMA;2015;14
RIOJA (LA);INTERFERENCIA EN LOS DATOS Y EN EL SISTEMA;2014;6
RIOJA (LA);INTERFERENCIA EN LOS DATOS Y EN EL SISTEMA;2013;6
RIOJA (LA);INTERFERENCIA EN LOS DATOS Y EN EL SISTEMA;2012;4
RIOJA (LA);INTERFERENCIA EN LOS DATOS Y EN EL SISTEMA;2011;5
RIOJA (LA);TOTAL grupo penal;2024;2.312
RIOJA (LA);TOTAL grupo penal;2023;2.364
RIOJA (LA);TOTAL grupo penal;2022;2.433
RIOJA (LA);TOTAL grupo penal;2021;2.104
RIOJA (LA);TOTAL grupo penal;2020;1.992
RIOJA (LA);TOTAL grupo penal;2019;1.120
RIOJA (LA);TOTAL grupo penal;2018;808
RIOJA (LA);TOTAL grupo penal;2017;259
RIOJA (LA);TOTAL grupo penal;2016;254
RIOJA (LA);TOTAL grupo penal;2015;254
RIOJA (LA);TOTAL grupo penal;2014;232
RIOJA (LA);TOTAL grupo penal;2013;207
RIOJA (LA);TOTAL grupo penal;2012;209
RIOJA (LA);TOTAL grupo penal;2011;142
CIUDAD AUTÓNOMA DE CEUTA;ACCESO  E INTERCEPTACIÓN ILÍCITA;2024;21
CIUDAD AUTÓNOMA DE CEUTA;ACCESO  E INTERCEPTACIÓN ILÍCITA;2023;12
CIUDAD AUTÓNOMA DE CEUTA;ACCESO  E INTERCEPTACIÓN ILÍCITA;2022;19
CIUDAD AUTÓNOMA DE CEUTA;ACCESO  E INTERCEPTACIÓN ILÍCITA;2021;17
CIUDAD AUTÓNOMA DE CEUTA;ACCESO  E INTERCEPTACIÓN ILÍCITA;2020;15
CIUDAD AUTÓNOMA DE CEUTA;ACCESO  E INTERCEPTACIÓN ILÍCITA;2019;12
CIUDAD AUTÓNOMA DE CEUTA;ACCESO  E INTERCEPTACIÓN ILÍCITA;2018;4
CIUDAD AUTÓNOMA DE CEUTA;ACCESO  E INTERCEPTACIÓN ILÍCITA;2017;16
CIUDAD AUTÓNOMA DE CEUTA;ACCESO  E INTERCEPTACIÓN ILÍCITA;2016;20
CIUDAD AUTÓNOMA DE CEUTA;ACCESO  E INTERCEPTACIÓN ILÍCITA;2015;11
CIUDAD AUTÓNOMA DE CEUTA;ACCESO  E INTERCEPTACIÓN ILÍCITA;2014;9
CIUDAD AUTÓNOMA DE CEUTA;ACCESO  E INTERCEPTACIÓN ILÍCITA;2013;10
CIUDAD AUTÓNOMA DE CEUTA;ACCESO  E INTERCEPTACIÓN ILÍCITA;2012;10
CIUDAD AUTÓNOMA DE CEUTA;ACCESO  E INTERCEPTACIÓN ILÍCITA;2011;0
CIUDAD AUTÓNOMA DE CEUTA;AMENAZAS Y COACCIONES;2024;43
CIUDAD AUTÓNOMA DE CEUTA;AMENAZAS Y COACCIONES;2023;33
CIUDAD AUTÓNOMA DE CEUTA;AMENAZAS Y COACCIONES;2022;54
CIUDAD AUTÓNOMA DE CEUTA;AMENAZAS Y COACCIONES;2021;57
CIUDAD AUTÓNOMA DE CEUTA;AMENAZAS Y COACCIONES;2020;41
CIUDAD AUTÓNOMA DE CEUTA;AMENAZAS Y COACCIONES;2019;37
CIUDAD AUTÓNOMA DE CEUTA;AMENAZAS Y COACCIONES;2018;18
CIUDAD AUTÓNOMA DE CEUTA;AMENAZAS Y COACCIONES;2017;22
CIUDAD AUTÓNOMA DE CEUTA;AMENAZAS Y COACCIONES;2016;35
CIUDAD AUTÓNOMA DE CEUTA;AMENAZAS Y COACCIONES;2015;19
CIUDAD AUTÓNOMA DE CEUTA;AMENAZAS Y COACCIONES;2014;20
CIUDAD AUTÓNOMA DE CEUTA;AMENAZAS Y COACCIONES;2013;24
CIUDAD AUTÓNOMA DE CEUTA;AMENAZAS Y COACCIONES;2012;29
CIUDAD AUTÓNOMA DE CEUTA;AMENAZAS Y COACCIONES;2011;23
CIUDAD AUTÓNOMA DE CEUTA;CONTRA EL HONOR;2024;1
CIUDAD AUTÓNOMA DE CEUTA;CONTRA EL HONOR;2023;8
CIUDAD AUTÓNOMA DE CEUTA;CONTRA EL HONOR;2022;0
CIUDAD AUTÓNOMA DE CEUTA;CONTRA EL HONOR;2021;7
CIUDAD AUTÓNOMA DE CEUTA;CONTRA EL HONOR;2020;7
CIUDAD AUTÓNOMA DE CEUTA;CONTRA EL HONOR;2019;6
CIUDAD AUTÓNOMA DE CEUTA;CONTRA EL HONOR;2018;3
CIUDAD AUTÓNOMA DE CEUTA;CONTRA EL HONOR;2017;6
CIUDAD AUTÓNOMA DE CEUTA;CONTRA EL HONOR;2016;6
CIUDAD AUTÓNOMA DE CEUTA;CONTRA EL HONOR;2015;7
CIUDAD AUTÓNOMA DE CEUTA;CONTRA EL HONOR;2014;13
CIUDAD AUTÓNOMA DE CEUTA;CONTRA EL HONOR;2013;4
CIUDAD AUTÓNOMA DE CEUTA;CONTRA EL HONOR;2012;11
CIUDAD AUTÓNOMA DE CEUTA;CONTRA EL HONOR;2011;15
CIUDAD AUTÓNOMA DE CEUTA;CONTRA LA PROPIEDAD INDUSTRIAL/INTELECTUAL;2024;0
CIUDAD AUTÓNOMA DE CEUTA;CONTRA LA PROPIEDAD INDUSTRIAL/INTELECTUAL;2023;0
CIUDAD AUTÓNOMA DE CEUTA;CONTRA LA PROPIEDAD INDUSTRIAL/INTELECTUAL;2022;1
CIUDAD AUTÓNOMA DE CEUTA;CONTRA LA PROPIEDAD INDUSTRIAL/INTELECTUAL;2021;1
CIUDAD AUTÓNOMA DE CEUTA;CONTRA LA PROPIEDAD INDUSTRIAL/INTELECTUAL;2020;0
CIUDAD AUTÓNOMA DE CEUTA;CONTRA LA PROPIEDAD INDUSTRIAL/INTELECTUAL;2019;0
CIUDAD AUTÓNOMA DE CEUTA;CONTRA LA PROPIEDAD INDUSTRIAL/INTELECTUAL;2018;0
CIUDAD AUTÓNOMA DE CEUTA;CONTRA LA PROPIEDAD INDUSTRIAL/INTELECTUAL;2017;0
CIUDAD AUTÓNOMA DE CEUTA;CONTRA LA PROPIEDAD INDUSTRIAL/INTELECTUAL;2016;0
CIUDAD AUTÓNOMA DE CEUTA;CONTRA LA PROPIEDAD INDUSTRIAL/INTELECTUAL;2015;0
CIUDAD AUTÓNOMA DE CEUTA;CONTRA LA PROPIEDAD INDUSTRIAL/INTELECTUAL;2014;0
CIUDAD AUTÓNOMA DE CEUTA;CONTRA LA PROPIEDAD INDUSTRIAL/INTELECTUAL;2013;0
CIUDAD AUTÓNOMA DE CEUTA;CONTRA LA PROPIEDAD INDUSTRIAL/INTELECTUAL;2012;0
CIUDAD AUTÓNOMA DE CEUTA;CONTRA LA PROPIEDAD INDUSTRIAL/INTELECTUAL;2011;0
CIUDAD AUTÓNOMA DE CEUTA;DELITOS SEXUALES;2024;5
CIUDAD AUTÓNOMA DE CEUTA;DELITOS SEXUALES;2023;4
CIUDAD AUTÓNOMA DE CEUTA;DELITOS SEXUALES;2022;4
CIUDAD AUTÓNOMA DE CEUTA;DELITOS SEXUALES;2021;2
CIUDAD AUTÓNOMA DE CEUTA;DELITOS SEXUALES;2020;2
CIUDAD AUTÓNOMA DE CEUTA;DELITOS SEXUALES;2019;2
CIUDAD AUTÓNOMA DE CEUTA;DELITOS SEXUALES;2018;3
CIUDAD AUTÓNOMA DE CEUTA;DELITOS SEXUALES;2017;1
CIUDAD AUTÓNOMA DE CEUTA;DELITOS SEXUALES;2016;3
CIUDAD AUTÓNOMA DE CEUTA;DELITOS SEXUALES;2015;0
CIUDAD AUTÓNOMA DE CEUTA;DELITOS SEXUALES;2014;1
CIUDAD AUTÓNOMA DE CEUTA;DELITOS SEXUALES;2013;3
CIUDAD AUTÓNOMA DE CEUTA;DELITOS SEXUALES;2012;0
CIUDAD AUTÓNOMA DE CEUTA;DELITOS SEXUALES;2011;0
CIUDAD AUTÓNOMA DE CEUTA;FALSIFICACIÓN INFORMÁTICA;2024;22
CIUDAD AUTÓNOMA DE CEUTA;FALSIFICACIÓN INFORMÁTICA;2023;19
CIUDAD AUTÓNOMA DE CEUTA;FALSIFICACIÓN INFORMÁTICA;2022;20
CIUDAD AUTÓNOMA DE CEUTA;FALSIFICACIÓN INFORMÁTICA;2021;20
CIUDAD AUTÓNOMA DE CEUTA;FALSIFICACIÓN INFORMÁTICA;2020;10
CIUDAD AUTÓNOMA DE CEUTA;FALSIFICACIÓN INFORMÁTICA;2019;5
CIUDAD AUTÓNOMA DE CEUTA;FALSIFICACIÓN INFORMÁTICA;2018;3
CIUDAD AUTÓNOMA DE CEUTA;FALSIFICACIÓN INFORMÁTICA;2017;1
CIUDAD AUTÓNOMA DE CEUTA;FALSIFICACIÓN INFORMÁTICA;2016;10
CIUDAD AUTÓNOMA DE CEUTA;FALSIFICACIÓN INFORMÁTICA;2015;2
CIUDAD AUTÓNOMA DE CEUTA;FALSIFICACIÓN INFORMÁTICA;2014;8
CIUDAD AUTÓNOMA DE CEUTA;FALSIFICACIÓN INFORMÁTICA;2013;9
CIUDAD AUTÓNOMA DE CEUTA;FALSIFICACIÓN INFORMÁTICA;2012;6
CIUDAD AUTÓNOMA DE CEUTA;FALSIFICACIÓN INFORMÁTICA;2011;3
CIUDAD AUTÓNOMA DE CEUTA;FRAUDE INFORMÁTICO;2024;497
CIUDAD AUTÓNOMA DE CEUTA;FRAUDE INFORMÁTICO;2023;514
CIUDAD AUTÓNOMA DE CEUTA;FRAUDE INFORMÁTICO;2022;469
CIUDAD AUTÓNOMA DE CEUTA;FRAUDE INFORMÁTICO;2021;402
CIUDAD AUTÓNOMA DE CEUTA;FRAUDE INFORMÁTICO;2020;359
CIUDAD AUTÓNOMA DE CEUTA;FRAUDE INFORMÁTICO;2019;324
CIUDAD AUTÓNOMA DE CEUTA;FRAUDE INFORMÁTICO;2018;182
CIUDAD AUTÓNOMA DE CEUTA;FRAUDE INFORMÁTICO;2017;72
CIUDAD AUTÓNOMA DE CEUTA;FRAUDE INFORMÁTICO;2016;64
CIUDAD AUTÓNOMA DE CEUTA;FRAUDE INFORMÁTICO;2015;62
CIUDAD AUTÓNOMA DE CEUTA;FRAUDE INFORMÁTICO;2014;64
CIUDAD AUTÓNOMA DE CEUTA;FRAUDE INFORMÁTICO;2013;32
CIUDAD AUTÓNOMA DE CEUTA;FRAUDE INFORMÁTICO;2012;66
CIUDAD AUTÓNOMA DE CEUTA;FRAUDE INFORMÁTICO;2011;63
CIUDAD AUTÓNOMA DE CEUTA;INTERFERENCIA EN LOS DATOS Y EN EL SISTEMA;2024;3
CIUDAD AUTÓNOMA DE CEUTA;INTERFERENCIA EN LOS DATOS Y EN EL SISTEMA;2023;2
CIUDAD AUTÓNOMA DE CEUTA;INTERFERENCIA EN LOS DATOS Y EN EL SISTEMA;2022;0
CIUDAD AUTÓNOMA DE CEUTA;INTERFERENCIA EN LOS DATOS Y EN EL SISTEMA;2021;10
CIUDAD AUTÓNOMA DE CEUTA;INTERFERENCIA EN LOS DATOS Y EN EL SISTEMA;2020;2
CIUDAD AUTÓNOMA DE CEUTA;INTERFERENCIA EN LOS DATOS Y EN EL SISTEMA;2019;3
CIUDAD AUTÓNOMA DE CEUTA;INTERFERENCIA EN LOS DATOS Y EN EL SISTEMA;2018;0
CIUDAD AUTÓNOMA DE CEUTA;INTERFERENCIA EN LOS DATOS Y EN EL SISTEMA;2017;0
CIUDAD AUTÓNOMA DE CEUTA;INTERFERENCIA EN LOS DATOS Y EN EL SISTEMA;2016;1
CIUDAD AUTÓNOMA DE CEUTA;INTERFERENCIA EN LOS DATOS Y EN EL SISTEMA;2015;0
CIUDAD AUTÓNOMA DE CEUTA;INTERFERENCIA EN LOS DATOS Y EN EL SISTEMA;2014;0
CIUDAD AUTÓNOMA DE CEUTA;INTERFERENCIA EN LOS DATOS Y EN EL SISTEMA;2013;1
CIUDAD AUTÓNOMA DE CEUTA;INTERFERENCIA EN LOS DATOS Y EN EL SISTEMA;2012;1
CIUDAD AUTÓNOMA DE CEUTA;INTERFERENCIA EN LOS DATOS Y EN EL SISTEMA;2011;0
CIUDAD AUTÓNOMA DE CEUTA;TOTAL grupo penal;2024;592
CIUDAD AUTÓNOMA DE CEUTA;TOTAL grupo penal;2023;592
CIUDAD AUTÓNOMA DE CEUTA;TOTAL grupo penal;2022;567
CIUDAD AUTÓNOMA DE CEUTA;TOTAL grupo penal;2021;516
CIUDAD AUTÓNOMA DE CEUTA;TOTAL grupo penal;2020;436
CIUDAD AUTÓNOMA DE CEUTA;TOTAL grupo penal;2019;389
CIUDAD AUTÓNOMA DE CEUTA;TOTAL grupo penal;2018;213
CIUDAD AUTÓNOMA DE CEUTA;TOTAL grupo penal;2017;118
CIUDAD AUTÓNOMA DE CEUTA;TOTAL grupo penal;2016;139
CIUDAD AUTÓNOMA DE CEUTA;TOTAL grupo penal;2015;101
CIUDAD AUTÓNOMA DE CEUTA;TOTAL grupo penal;2014;115
CIUDAD AUTÓNOMA DE CEUTA;TOTAL grupo penal;2013;83
CIUDAD AUTÓNOMA DE CEUTA;TOTAL grupo penal;2012;123
CIUDAD AUTÓNOMA DE CEUTA;TOTAL grupo penal;2011;104
CIUDAD AUTÓNOMA DE MELILLA;ACCESO  E INTERCEPTACIÓN ILÍCITA;2024;35
CIUDAD AUTÓNOMA DE MELILLA;ACCESO  E INTERCEPTACIÓN ILÍCITA;2023;12
CIUDAD AUTÓNOMA DE MELILLA;ACCESO  E INTERCEPTACIÓN ILÍCITA;2022;14
CIUDAD AUTÓNOMA DE MELILLA;ACCESO  E INTERCEPTACIÓN ILÍCITA;2021;12
CIUDAD AUTÓNOMA DE MELILLA;ACCESO  E INTERCEPTACIÓN ILÍCITA;2020;7
CIUDAD AUTÓNOMA DE MELILLA;ACCESO  E INTERCEPTACIÓN ILÍCITA;2019;7
CIUDAD AUTÓNOMA DE MELILLA;ACCESO  E INTERCEPTACIÓN ILÍCITA;2018;4
CIUDAD AUTÓNOMA DE MELILLA;ACCESO  E INTERCEPTACIÓN ILÍCITA;2017;0
CIUDAD AUTÓNOMA DE MELILLA;ACCESO  E INTERCEPTACIÓN ILÍCITA;2016;2
CIUDAD AUTÓNOMA DE MELILLA;ACCESO  E INTERCEPTACIÓN ILÍCITA;2015;4
CIUDAD AUTÓNOMA DE MELILLA;ACCESO  E INTERCEPTACIÓN ILÍCITA;2014;1
CIUDAD AUTÓNOMA DE MELILLA;ACCESO  E INTERCEPTACIÓN ILÍCITA;2013;1
CIUDAD AUTÓNOMA DE MELILLA;ACCESO  E INTERCEPTACIÓN ILÍCITA;2012;2
CIUDAD AUTÓNOMA DE MELILLA;ACCESO  E INTERCEPTACIÓN ILÍCITA;2011;0
CIUDAD AUTÓNOMA DE MELILLA;AMENAZAS Y COACCIONES;2024;38
CIUDAD AUTÓNOMA DE MELILLA;AMENAZAS Y COACCIONES;2023;34
CIUDAD AUTÓNOMA DE MELILLA;AMENAZAS Y COACCIONES;2022;41
CIUDAD AUTÓNOMA DE MELILLA;AMENAZAS Y COACCIONES;2021;45
CIUDAD AUTÓNOMA DE MELILLA;AMENAZAS Y COACCIONES;2020;39
CIUDAD AUTÓNOMA DE MELILLA;AMENAZAS Y COACCIONES;2019;26
CIUDAD AUTÓNOMA DE MELILLA;AMENAZAS Y COACCIONES;2018;33
CIUDAD AUTÓNOMA DE MELILLA;AMENAZAS Y COACCIONES;2017;24
CIUDAD AUTÓNOMA DE MELILLA;AMENAZAS Y COACCIONES;2016;28
CIUDAD AUTÓNOMA DE MELILLA;AMENAZAS Y COACCIONES;2015;28
CIUDAD AUTÓNOMA DE MELILLA;AMENAZAS Y COACCIONES;2014;15
CIUDAD AUTÓNOMA DE MELILLA;AMENAZAS Y COACCIONES;2013;12
CIUDAD AUTÓNOMA DE MELILLA;AMENAZAS Y COACCIONES;2012;12
CIUDAD AUTÓNOMA DE MELILLA;AMENAZAS Y COACCIONES;2011;13
CIUDAD AUTÓNOMA DE MELILLA;CONTRA EL HONOR;2024;10
CIUDAD AUTÓNOMA DE MELILLA;CONTRA EL HONOR;2023;16
CIUDAD AUTÓNOMA DE MELILLA;CONTRA EL HONOR;2022;12
CIUDAD AUTÓNOMA DE MELILLA;CONTRA EL HONOR;2021;11
CIUDAD AUTÓNOMA DE MELILLA;CONTRA EL HONOR;2020;8
CIUDAD AUTÓNOMA DE MELILLA;CONTRA EL HONOR;2019;8
CIUDAD AUTÓNOMA DE MELILLA;CONTRA EL HONOR;2018;11
CIUDAD AUTÓNOMA DE MELILLA;CONTRA EL HONOR;2017;4
CIUDAD AUTÓNOMA DE MELILLA;CONTRA EL HONOR;2016;7
CIUDAD AUTÓNOMA DE MELILLA;CONTRA EL HONOR;2015;3
CIUDAD AUTÓNOMA DE MELILLA;CONTRA EL HONOR;2014;14
CIUDAD AUTÓNOMA DE MELILLA;CONTRA EL HONOR;2013;3
CIUDAD AUTÓNOMA DE MELILLA;CONTRA EL HONOR;2012;0
CIUDAD AUTÓNOMA DE MELILLA;CONTRA EL HONOR;2011;2
CIUDAD AUTÓNOMA DE MELILLA;CONTRA LA PROPIEDAD INDUSTRIAL/INTELECTUAL;2024;0
CIUDAD AUTÓNOMA DE MELILLA;CONTRA LA PROPIEDAD INDUSTRIAL/INTELECTUAL;2023;0
CIUDAD AUTÓNOMA DE MELILLA;CONTRA LA PROPIEDAD INDUSTRIAL/INTELECTUAL;2022;0
CIUDAD AUTÓNOMA DE MELILLA;CONTRA LA PROPIEDAD INDUSTRIAL/INTELECTUAL;2021;0
CIUDAD AUTÓNOMA DE MELILLA;CONTRA LA PROPIEDAD INDUSTRIAL/INTELECTUAL;2020;0
CIUDAD AUTÓNOMA DE MELILLA;CONTRA LA PROPIEDAD INDUSTRIAL/INTELECTUAL;2019;1
CIUDAD AUTÓNOMA DE MELILLA;CONTRA LA PROPIEDAD INDUSTRIAL/INTELECTUAL;2018;0
CIUDAD AUTÓNOMA DE MELILLA;CONTRA LA PROPIEDAD INDUSTRIAL/INTELECTUAL;2017;0
CIUDAD AUTÓNOMA DE MELILLA;CONTRA LA PROPIEDAD INDUSTRIAL/INTELECTUAL;2016;0
CIUDAD AUTÓNOMA DE MELILLA;CONTRA LA PROPIEDAD INDUSTRIAL/INTELECTUAL;2015;0
CIUDAD AUTÓNOMA DE MELILLA;CONTRA LA PROPIEDAD INDUSTRIAL/INTELECTUAL;2014;1
CIUDAD AUTÓNOMA DE MELILLA;CONTRA LA PROPIEDAD INDUSTRIAL/INTELECTUAL;2013;0
CIUDAD AUTÓNOMA DE MELILLA;CONTRA LA PROPIEDAD INDUSTRIAL/INTELECTUAL;2012;0
CIUDAD AUTÓNOMA DE MELILLA;CONTRA LA PROPIEDAD INDUSTRIAL/INTELECTUAL;2011;0
CIUDAD AUTÓNOMA DE MELILLA;DELITOS SEXUALES;2024;4
CIUDAD AUTÓNOMA DE MELILLA;DELITOS SEXUALES;2023;2
CIUDAD AUTÓNOMA DE MELILLA;DELITOS SEXUALES;2022;0
CIUDAD AUTÓNOMA DE MELILLA;DELITOS SEXUALES;2021;1
CIUDAD AUTÓNOMA DE MELILLA;DELITOS SEXUALES;2020;3
CIUDAD AUTÓNOMA DE MELILLA;DELITOS SEXUALES;2019;1
CIUDAD AUTÓNOMA DE MELILLA;DELITOS SEXUALES;2018;1
CIUDAD AUTÓNOMA DE MELILLA;DELITOS SEXUALES;2017;3
CIUDAD AUTÓNOMA DE MELILLA;DELITOS SEXUALES;2016;2
CIUDAD AUTÓNOMA DE MELILLA;DELITOS SEXUALES;2015;2
CIUDAD AUTÓNOMA DE MELILLA;DELITOS SEXUALES;2014;1
CIUDAD AUTÓNOMA DE MELILLA;DELITOS SEXUALES;2013;1
CIUDAD AUTÓNOMA DE MELILLA;DELITOS SEXUALES;2012;0
CIUDAD AUTÓNOMA DE MELILLA;DELITOS SEXUALES;2011;2
CIUDAD AUTÓNOMA DE MELILLA;FALSIFICACIÓN INFORMÁTICA;2024;5
CIUDAD AUTÓNOMA DE MELILLA;FALSIFICACIÓN INFORMÁTICA;2023;7
CIUDAD AUTÓNOMA DE MELILLA;FALSIFICACIÓN INFORMÁTICA;2022;5
CIUDAD AUTÓNOMA DE MELILLA;FALSIFICACIÓN INFORMÁTICA;2021;15
CIUDAD AUTÓNOMA DE MELILLA;FALSIFICACIÓN INFORMÁTICA;2020;5
CIUDAD AUTÓNOMA DE MELILLA;FALSIFICACIÓN INFORMÁTICA;2019;2
CIUDAD AUTÓNOMA DE MELILLA;FALSIFICACIÓN INFORMÁTICA;2018;3
CIUDAD AUTÓNOMA DE MELILLA;FALSIFICACIÓN INFORMÁTICA;2017;5
CIUDAD AUTÓNOMA DE MELILLA;FALSIFICACIÓN INFORMÁTICA;2016;1
CIUDAD AUTÓNOMA DE MELILLA;FALSIFICACIÓN INFORMÁTICA;2015;2
CIUDAD AUTÓNOMA DE MELILLA;FALSIFICACIÓN INFORMÁTICA;2014;0
CIUDAD AUTÓNOMA DE MELILLA;FALSIFICACIÓN INFORMÁTICA;2013;3
CIUDAD AUTÓNOMA DE MELILLA;FALSIFICACIÓN INFORMÁTICA;2012;0
CIUDAD AUTÓNOMA DE MELILLA;FALSIFICACIÓN INFORMÁTICA;2011;0
CIUDAD AUTÓNOMA DE MELILLA;FRAUDE INFORMÁTICO;2024;458
CIUDAD AUTÓNOMA DE MELILLA;FRAUDE INFORMÁTICO;2023;409
CIUDAD AUTÓNOMA DE MELILLA;FRAUDE INFORMÁTICO;2022;329
CIUDAD AUTÓNOMA DE MELILLA;FRAUDE INFORMÁTICO;2021;348
CIUDAD AUTÓNOMA DE MELILLA;FRAUDE INFORMÁTICO;2020;351
CIUDAD AUTÓNOMA DE MELILLA;FRAUDE INFORMÁTICO;2019;241
CIUDAD AUTÓNOMA DE MELILLA;FRAUDE INFORMÁTICO;2018;176
CIUDAD AUTÓNOMA DE MELILLA;FRAUDE INFORMÁTICO;2017;32
CIUDAD AUTÓNOMA DE MELILLA;FRAUDE INFORMÁTICO;2016;29
CIUDAD AUTÓNOMA DE MELILLA;FRAUDE INFORMÁTICO;2015;30
CIUDAD AUTÓNOMA DE MELILLA;FRAUDE INFORMÁTICO;2014;37
CIUDAD AUTÓNOMA DE MELILLA;FRAUDE INFORMÁTICO;2013;20
CIUDAD AUTÓNOMA DE MELILLA;FRAUDE INFORMÁTICO;2012;12
CIUDAD AUTÓNOMA DE MELILLA;FRAUDE INFORMÁTICO;2011;22
CIUDAD AUTÓNOMA DE MELILLA;INTERFERENCIA EN LOS DATOS Y EN EL SISTEMA;2024;1
CIUDAD AUTÓNOMA DE MELILLA;INTERFERENCIA EN LOS DATOS Y EN EL SISTEMA;2023;1
CIUDAD AUTÓNOMA DE MELILLA;INTERFERENCIA EN LOS DATOS Y EN EL SISTEMA;2022;4
CIUDAD AUTÓNOMA DE MELILLA;INTERFERENCIA EN LOS DATOS Y EN EL SISTEMA;2021;3
CIUDAD AUTÓNOMA DE MELILLA;INTERFERENCIA EN LOS DATOS Y EN EL SISTEMA;2020;1
CIUDAD AUTÓNOMA DE MELILLA;INTERFERENCIA EN LOS DATOS Y EN EL SISTEMA;2019;1
CIUDAD AUTÓNOMA DE MELILLA;INTERFERENCIA EN LOS DATOS Y EN EL SISTEMA;2018;1
CIUDAD AUTÓNOMA DE MELILLA;INTERFERENCIA EN LOS DATOS Y EN EL SISTEMA;2017;0
CIUDAD AUTÓNOMA DE MELILLA;INTERFERENCIA EN LOS DATOS Y EN EL SISTEMA;2016;0
CIUDAD AUTÓNOMA DE MELILLA;INTERFERENCIA EN LOS DATOS Y EN EL SISTEMA;2015;2
CIUDAD AUTÓNOMA DE MELILLA;INTERFERENCIA EN LOS DATOS Y EN EL SISTEMA;2014;2
CIUDAD AUTÓNOMA DE MELILLA;INTERFERENCIA EN LOS DATOS Y EN EL SISTEMA;2013;0
CIUDAD AUTÓNOMA DE MELILLA;INTERFERENCIA EN LOS DATOS Y EN EL SISTEMA;2012;1
CIUDAD AUTÓNOMA DE MELILLA;INTERFERENCIA EN LOS DATOS Y EN EL SISTEMA;2011;0
CIUDAD AUTÓNOMA DE MELILLA;TOTAL grupo penal;2024;551
CIUDAD AUTÓNOMA DE MELILLA;TOTAL grupo penal;2023;481
CIUDAD AUTÓNOMA DE MELILLA;TOTAL grupo penal;2022;405
CIUDAD AUTÓNOMA DE MELILLA;TOTAL grupo penal;2021;435
CIUDAD AUTÓNOMA DE MELILLA;TOTAL grupo penal;2020;414
CIUDAD AUTÓNOMA DE MELILLA;TOTAL grupo penal;2019;287
CIUDAD AUTÓNOMA DE MELILLA;TOTAL grupo penal;2018;229
CIUDAD AUTÓNOMA DE MELILLA;TOTAL grupo penal;2017;68
CIUDAD AUTÓNOMA DE MELILLA;TOTAL grupo penal;2016;69
CIUDAD AUTÓNOMA DE MELILLA;TOTAL grupo penal;2015;71
CIUDAD AUTÓNOMA DE MELILLA;TOTAL grupo penal;2014;71
CIUDAD AUTÓNOMA DE MELILLA;TOTAL grupo penal;2013;40
CIUDAD AUTÓNOMA DE MELILLA;TOTAL grupo penal;2012;27
CIUDAD AUTÓNOMA DE MELILLA;TOTAL grupo penal;2011;39
EN EL EXTRANJERO;ACCESO  E INTERCEPTACIÓN ILÍCITA;2024;54
EN EL EXTRANJERO;ACCESO  E INTERCEPTACIÓN ILÍCITA;2023;82
EN EL EXTRANJERO;ACCESO  E INTERCEPTACIÓN ILÍCITA;2022;46
EN EL EXTRANJERO;ACCESO  E INTERCEPTACIÓN ILÍCITA;2021;38
EN EL EXTRANJERO;ACCESO  E INTERCEPTACIÓN ILÍCITA;2020;47
EN EL EXTRANJERO;ACCESO  E INTERCEPTACIÓN ILÍCITA;2019;62
EN EL EXTRANJERO;ACCESO  E INTERCEPTACIÓN ILÍCITA;2018;51
EN EL EXTRANJERO;ACCESO  E INTERCEPTACIÓN ILÍCITA;2017;59
EN EL EXTRANJERO;ACCESO  E INTERCEPTACIÓN ILÍCITA;2016;78
EN EL EXTRANJERO;ACCESO  E INTERCEPTACIÓN ILÍCITA;2015;90
EN EL EXTRANJERO;ACCESO  E INTERCEPTACIÓN ILÍCITA;2014;79
EN EL EXTRANJERO;ACCESO  E INTERCEPTACIÓN ILÍCITA;2013;67
EN EL EXTRANJERO;ACCESO  E INTERCEPTACIÓN ILÍCITA;2012;33
EN EL EXTRANJERO;ACCESO  E INTERCEPTACIÓN ILÍCITA;2011;28
EN EL EXTRANJERO;AMENAZAS Y COACCIONES;2024;80
EN EL EXTRANJERO;AMENAZAS Y COACCIONES;2023;150
EN EL EXTRANJERO;AMENAZAS Y COACCIONES;2022;73
EN EL EXTRANJERO;AMENAZAS Y COACCIONES;2021;123
EN EL EXTRANJERO;AMENAZAS Y COACCIONES;2020;115
EN EL EXTRANJERO;AMENAZAS Y COACCIONES;2019;142
EN EL EXTRANJERO;AMENAZAS Y COACCIONES;2018;128
EN EL EXTRANJERO;AMENAZAS Y COACCIONES;2017;117
EN EL EXTRANJERO;AMENAZAS Y COACCIONES;2016;170
EN EL EXTRANJERO;AMENAZAS Y COACCIONES;2015;152
EN EL EXTRANJERO;AMENAZAS Y COACCIONES;2014;92
EN EL EXTRANJERO;AMENAZAS Y COACCIONES;2013;61
EN EL EXTRANJERO;AMENAZAS Y COACCIONES;2012;49
EN EL EXTRANJERO;AMENAZAS Y COACCIONES;2011;51
EN EL EXTRANJERO;CONTRA EL HONOR;2024;2
EN EL EXTRANJERO;CONTRA EL HONOR;2023;3
EN EL EXTRANJERO;CONTRA EL HONOR;2022;1
EN EL EXTRANJERO;CONTRA EL HONOR;2021;4
EN EL EXTRANJERO;CONTRA EL HONOR;2020;4
EN EL EXTRANJERO;CONTRA EL HONOR;2019;6
EN EL EXTRANJERO;CONTRA EL HONOR;2018;8
EN EL EXTRANJERO;CONTRA EL HONOR;2017;3
EN EL EXTRANJERO;CONTRA EL HONOR;2016;6
EN EL EXTRANJERO;CONTRA EL HONOR;2015;8
EN EL EXTRANJERO;CONTRA EL HONOR;2014;12
EN EL EXTRANJERO;CONTRA EL HONOR;2013;9
EN EL EXTRANJERO;CONTRA EL HONOR;2012;5
EN EL EXTRANJERO;CONTRA EL HONOR;2011;6
EN EL EXTRANJERO;CONTRA LA PROPIEDAD INDUSTRIAL/INTELECTUAL;2024;0
EN EL EXTRANJERO;CONTRA LA PROPIEDAD INDUSTRIAL/INTELECTUAL;2023;0
EN EL EXTRANJERO;CONTRA LA PROPIEDAD INDUSTRIAL/INTELECTUAL;2022;0
EN EL EXTRANJERO;CONTRA LA PROPIEDAD INDUSTRIAL/INTELECTUAL;2021;1
EN EL EXTRANJERO;CONTRA LA PROPIEDAD INDUSTRIAL/INTELECTUAL;2020;1
EN EL EXTRANJERO;CONTRA LA PROPIEDAD INDUSTRIAL/INTELECTUAL;2019;3
EN EL EXTRANJERO;CONTRA LA PROPIEDAD INDUSTRIAL/INTELECTUAL;2018;2
EN EL EXTRANJERO;CONTRA LA PROPIEDAD INDUSTRIAL/INTELECTUAL;2017;2
EN EL EXTRANJERO;CONTRA LA PROPIEDAD INDUSTRIAL/INTELECTUAL;2016;2
EN EL EXTRANJERO;CONTRA LA PROPIEDAD INDUSTRIAL/INTELECTUAL;2015;4
EN EL EXTRANJERO;CONTRA LA PROPIEDAD INDUSTRIAL/INTELECTUAL;2014;3
EN EL EXTRANJERO;CONTRA LA PROPIEDAD INDUSTRIAL/INTELECTUAL;2013;2
EN EL EXTRANJERO;CONTRA LA PROPIEDAD INDUSTRIAL/INTELECTUAL;2012;1
EN EL EXTRANJERO;CONTRA LA PROPIEDAD INDUSTRIAL/INTELECTUAL;2011;3
EN EL EXTRANJERO;DELITOS SEXUALES;2024;11
EN EL EXTRANJERO;DELITOS SEXUALES;2023;12
EN EL EXTRANJERO;DELITOS SEXUALES;2022;7
EN EL EXTRANJERO;DELITOS SEXUALES;2021;11
EN EL EXTRANJERO;DELITOS SEXUALES;2020;12
EN EL EXTRANJERO;DELITOS SEXUALES;2019;17
EN EL EXTRANJERO;DELITOS SEXUALES;2018;13
EN EL EXTRANJERO;DELITOS SEXUALES;2017;17
EN EL EXTRANJERO;DELITOS SEXUALES;2016;7
EN EL EXTRANJERO;DELITOS SEXUALES;2015;6
EN EL EXTRANJERO;DELITOS SEXUALES;2014;17
EN EL EXTRANJERO;DELITOS SEXUALES;2013;6
EN EL EXTRANJERO;DELITOS SEXUALES;2012;6
EN EL EXTRANJERO;DELITOS SEXUALES;2011;13
EN EL EXTRANJERO;FALSIFICACIÓN INFORMÁTICA;2024;33
EN EL EXTRANJERO;FALSIFICACIÓN INFORMÁTICA;2023;52
EN EL EXTRANJERO;FALSIFICACIÓN INFORMÁTICA;2022;46
EN EL EXTRANJERO;FALSIFICACIÓN INFORMÁTICA;2021;44
EN EL EXTRANJERO;FALSIFICACIÓN INFORMÁTICA;2020;56
EN EL EXTRANJERO;FALSIFICACIÓN INFORMÁTICA;2019;36
EN EL EXTRANJERO;FALSIFICACIÓN INFORMÁTICA;2018;25
EN EL EXTRANJERO;FALSIFICACIÓN INFORMÁTICA;2017;22
EN EL EXTRANJERO;FALSIFICACIÓN INFORMÁTICA;2016;27
EN EL EXTRANJERO;FALSIFICACIÓN INFORMÁTICA;2015;21
EN EL EXTRANJERO;FALSIFICACIÓN INFORMÁTICA;2014;29
EN EL EXTRANJERO;FALSIFICACIÓN INFORMÁTICA;2013;16
EN EL EXTRANJERO;FALSIFICACIÓN INFORMÁTICA;2012;21
EN EL EXTRANJERO;FALSIFICACIÓN INFORMÁTICA;2011;13
EN EL EXTRANJERO;FRAUDE INFORMÁTICO;2024;3.300
EN EL EXTRANJERO;FRAUDE INFORMÁTICO;2023;4.393
EN EL EXTRANJERO;FRAUDE INFORMÁTICO;2022;5.451
EN EL EXTRANJERO;FRAUDE INFORMÁTICO;2021;4.011
EN EL EXTRANJERO;FRAUDE INFORMÁTICO;2020;5.469
EN EL EXTRANJERO;FRAUDE INFORMÁTICO;2019;5.812
EN EL EXTRANJERO;FRAUDE INFORMÁTICO;2018;3.822
EN EL EXTRANJERO;FRAUDE INFORMÁTICO;2017;6.102
EN EL EXTRANJERO;FRAUDE INFORMÁTICO;2016;4.064
EN EL EXTRANJERO;FRAUDE INFORMÁTICO;2015;4.316
EN EL EXTRANJERO;FRAUDE INFORMÁTICO;2014;4.625
EN EL EXTRANJERO;FRAUDE INFORMÁTICO;2013;3.922
EN EL EXTRANJERO;FRAUDE INFORMÁTICO;2012;3.963
EN EL EXTRANJERO;FRAUDE INFORMÁTICO;2011;3.502
EN EL EXTRANJERO;INTERFERENCIA EN LOS DATOS Y EN EL SISTEMA;2024;15
EN EL EXTRANJERO;INTERFERENCIA EN LOS DATOS Y EN EL SISTEMA;2023;12
EN EL EXTRANJERO;INTERFERENCIA EN LOS DATOS Y EN EL SISTEMA;2022;19
EN EL EXTRANJERO;INTERFERENCIA EN LOS DATOS Y EN EL SISTEMA;2021;23
EN EL EXTRANJERO;INTERFERENCIA EN LOS DATOS Y EN EL SISTEMA;2020;22
EN EL EXTRANJERO;INTERFERENCIA EN LOS DATOS Y EN EL SISTEMA;2019;27
EN EL EXTRANJERO;INTERFERENCIA EN LOS DATOS Y EN EL SISTEMA;2018;28
EN EL EXTRANJERO;INTERFERENCIA EN LOS DATOS Y EN EL SISTEMA;2017;34
EN EL EXTRANJERO;INTERFERENCIA EN LOS DATOS Y EN EL SISTEMA;2016;27
EN EL EXTRANJERO;INTERFERENCIA EN LOS DATOS Y EN EL SISTEMA;2015;21
EN EL EXTRANJERO;INTERFERENCIA EN LOS DATOS Y EN EL SISTEMA;2014;25
EN EL EXTRANJERO;INTERFERENCIA EN LOS DATOS Y EN EL SISTEMA;2013;17
EN EL EXTRANJERO;INTERFERENCIA EN LOS DATOS Y EN EL SISTEMA;2012;8
EN EL EXTRANJERO;INTERFERENCIA EN LOS DATOS Y EN EL SISTEMA;2011;7
EN EL EXTRANJERO;TOTAL grupo penal;2024;3.495
EN EL EXTRANJERO;TOTAL grupo penal;2023;4.704
EN EL EXTRANJERO;TOTAL grupo penal;2022;5.643
EN EL EXTRANJERO;TOTAL grupo penal;2021;4.255
EN EL EXTRANJERO;TOTAL grupo penal;2020;5.726
EN EL EXTRANJERO;TOTAL grupo penal;2019;6.105
EN EL EXTRANJERO;TOTAL grupo penal;2018;4.077
EN EL EXTRANJERO;TOTAL grupo penal;2017;6.356
EN EL EXTRANJERO;TOTAL grupo penal;2016;4.381
EN EL EXTRANJERO;TOTAL grupo penal;2015;4.618
EN EL EXTRANJERO;TOTAL grupo penal;2014;4.882
EN EL EXTRANJERO;TOTAL grupo penal;2013;4.100
EN EL EXTRANJERO;TOTAL grupo penal;2012;4.086
EN EL EXTRANJERO;TOTAL grupo penal;2011;3.623
DESCONOCIDA;ACCESO  E INTERCEPTACIÓN ILÍCITA;2024;0
DESCONOCIDA;ACCESO  E INTERCEPTACIÓN ILÍCITA;2023;0
DESCONOCIDA;ACCESO  E INTERCEPTACIÓN ILÍCITA;2022;0
DESCONOCIDA;ACCESO  E INTERCEPTACIÓN ILÍCITA;2021;0
DESCONOCIDA;ACCESO  E INTERCEPTACIÓN ILÍCITA;2020;0
DESCONOCIDA;ACCESO  E INTERCEPTACIÓN ILÍCITA;2019;0
DESCONOCIDA;ACCESO  E INTERCEPTACIÓN ILÍCITA;2018;0
DESCONOCIDA;ACCESO  E INTERCEPTACIÓN ILÍCITA;2017;0
DESCONOCIDA;ACCESO  E INTERCEPTACIÓN ILÍCITA;2016;0
DESCONOCIDA;ACCESO  E INTERCEPTACIÓN ILÍCITA;2015;0
DESCONOCIDA;ACCESO  E INTERCEPTACIÓN ILÍCITA;2014;0
DESCONOCIDA;ACCESO  E INTERCEPTACIÓN ILÍCITA;2013;0
DESCONOCIDA;ACCESO  E INTERCEPTACIÓN ILÍCITA;2012;0
DESCONOCIDA;ACCESO  E INTERCEPTACIÓN ILÍCITA;2011;0
DESCONOCIDA;AMENAZAS Y COACCIONES;2024;0
DESCONOCIDA;AMENAZAS Y COACCIONES;2023;0
DESCONOCIDA;AMENAZAS Y COACCIONES;2022;0
DESCONOCIDA;AMENAZAS Y COACCIONES;2021;0
DESCONOCIDA;AMENAZAS Y COACCIONES;2020;0
DESCONOCIDA;AMENAZAS Y COACCIONES;2019;0
DESCONOCIDA;AMENAZAS Y COACCIONES;2018;0
DESCONOCIDA;AMENAZAS Y COACCIONES;2017;0
DESCONOCIDA;AMENAZAS Y COACCIONES;2016;0
DESCONOCIDA;AMENAZAS Y COACCIONES;2015;0
DESCONOCIDA;AMENAZAS Y COACCIONES;2014;0
DESCONOCIDA;AMENAZAS Y COACCIONES;2013;0
DESCONOCIDA;AMENAZAS Y COACCIONES;2012;0
DESCONOCIDA;AMENAZAS Y COACCIONES;2011;1
DESCONOCIDA;CONTRA EL HONOR;2024;0
DESCONOCIDA;CONTRA EL HONOR;2023;0
DESCONOCIDA;CONTRA EL HONOR;2022;0
DESCONOCIDA;CONTRA EL HONOR;2021;0
DESCONOCIDA;CONTRA EL HONOR;2020;0
DESCONOCIDA;CONTRA EL HONOR;2019;0
DESCONOCIDA;CONTRA EL HONOR;2018;0
DESCONOCIDA;CONTRA EL HONOR;2017;0
DESCONOCIDA;CONTRA EL HONOR;2016;0
DESCONOCIDA;CONTRA EL HONOR;2015;0
DESCONOCIDA;CONTRA EL HONOR;2014;0
DESCONOCIDA;CONTRA EL HONOR;2013;0
DESCONOCIDA;CONTRA EL HONOR;2012;0
DESCONOCIDA;CONTRA EL HONOR;2011;2
DESCONOCIDA;CONTRA LA PROPIEDAD INDUSTRIAL/INTELECTUAL;2024;0
DESCONOCIDA;CONTRA LA PROPIEDAD INDUSTRIAL/INTELECTUAL;2023;0
DESCONOCIDA;CONTRA LA PROPIEDAD INDUSTRIAL/INTELECTUAL;2022;0
DESCONOCIDA;CONTRA LA PROPIEDAD INDUSTRIAL/INTELECTUAL;2021;0
DESCONOCIDA;CONTRA LA PROPIEDAD INDUSTRIAL/INTELECTUAL;2020;0
DESCONOCIDA;CONTRA LA PROPIEDAD INDUSTRIAL/INTELECTUAL;2019;0
DESCONOCIDA;CONTRA LA PROPIEDAD INDUSTRIAL/INTELECTUAL;2018;0
DESCONOCIDA;CONTRA LA PROPIEDAD INDUSTRIAL/INTELECTUAL;2017;0
DESCONOCIDA;CONTRA LA PROPIEDAD INDUSTRIAL/INTELECTUAL;2016;0
DESCONOCIDA;CONTRA LA PROPIEDAD INDUSTRIAL/INTELECTUAL;2015;0
DESCONOCIDA;CONTRA LA PROPIEDAD INDUSTRIAL/INTELECTUAL;2014;0
DESCONOCIDA;CONTRA LA PROPIEDAD INDUSTRIAL/INTELECTUAL;2013;0
DESCONOCIDA;CONTRA LA PROPIEDAD INDUSTRIAL/INTELECTUAL;2012;0
DESCONOCIDA;CONTRA LA PROPIEDAD INDUSTRIAL/INTELECTUAL;2011;0
DESCONOCIDA;DELITOS SEXUALES;2024;0
DESCONOCIDA;DELITOS SEXUALES;2023;0
DESCONOCIDA;DELITOS SEXUALES;2022;0
DESCONOCIDA;DELITOS SEXUALES;2021;0
DESCONOCIDA;DELITOS SEXUALES;2020;0
DESCONOCIDA;DELITOS SEXUALES;2019;0
DESCONOCIDA;DELITOS SEXUALES;2018;0
DESCONOCIDA;DELITOS SEXUALES;2017;0
DESCONOCIDA;DELITOS SEXUALES;2016;0
DESCONOCIDA;DELITOS SEXUALES;2015;0
DESCONOCIDA;DELITOS SEXUALES;2014;0
DESCONOCIDA;DELITOS SEXUALES;2013;0
DESCONOCIDA;DELITOS SEXUALES;2012;0
DESCONOCIDA;DELITOS SEXUALES;2011;1
DESCONOCIDA;FALSIFICACIÓN INFORMÁTICA;2024;0
DESCONOCIDA;FALSIFICACIÓN INFORMÁTICA;2023;0
DESCONOCIDA;FALSIFICACIÓN INFORMÁTICA;2022;0
DESCONOCIDA;FALSIFICACIÓN INFORMÁTICA;2021;0
DESCONOCIDA;FALSIFICACIÓN INFORMÁTICA;2020;0
DESCONOCIDA;FALSIFICACIÓN INFORMÁTICA;2019;0
DESCONOCIDA;FALSIFICACIÓN INFORMÁTICA;2018;0
DESCONOCIDA;FALSIFICACIÓN INFORMÁTICA;2017;0
DESCONOCIDA;FALSIFICACIÓN INFORMÁTICA;2016;0
DESCONOCIDA;FALSIFICACIÓN INFORMÁTICA;2015;0
DESCONOCIDA;FALSIFICACIÓN INFORMÁTICA;2014;0
DESCONOCIDA;FALSIFICACIÓN INFORMÁTICA;2013;0
DESCONOCIDA;FALSIFICACIÓN INFORMÁTICA;2012;0
DESCONOCIDA;FALSIFICACIÓN INFORMÁTICA;2011;1
DESCONOCIDA;FRAUDE INFORMÁTICO;2024;0
DESCONOCIDA;FRAUDE INFORMÁTICO;2023;0
DESCONOCIDA;FRAUDE INFORMÁTICO;2022;0
DESCONOCIDA;FRAUDE INFORMÁTICO;2021;0
DESCONOCIDA;FRAUDE INFORMÁTICO;2020;0
DESCONOCIDA;FRAUDE INFORMÁTICO;2019;0
DESCONOCIDA;FRAUDE INFORMÁTICO;2018;0
DESCONOCIDA;FRAUDE INFORMÁTICO;2017;0
DESCONOCIDA;FRAUDE INFORMÁTICO;2016;0
DESCONOCIDA;FRAUDE INFORMÁTICO;2015;0
DESCONOCIDA;FRAUDE INFORMÁTICO;2014;0
DESCONOCIDA;FRAUDE INFORMÁTICO;2013;0
DESCONOCIDA;FRAUDE INFORMÁTICO;2012;0
DESCONOCIDA;FRAUDE INFORMÁTICO;2011;13
DESCONOCIDA;INTERFERENCIA EN LOS DATOS Y EN EL SISTEMA;2024;0
DESCONOCIDA;INTERFERENCIA EN LOS DATOS Y EN EL SISTEMA;2023;0
DESCONOCIDA;INTERFERENCIA EN LOS DATOS Y EN EL SISTEMA;2022;0
DESCONOCIDA;INTERFERENCIA EN LOS DATOS Y EN EL SISTEMA;2021;0
DESCONOCIDA;INTERFERENCIA EN LOS DATOS Y EN EL SISTEMA;2020;0
DESCONOCIDA;INTERFERENCIA EN LOS DATOS Y EN EL SISTEMA;2019;0
DESCONOCIDA;INTERFERENCIA EN LOS DATOS Y EN EL SISTEMA;2018;0
DESCONOCIDA;INTERFERENCIA EN LOS DATOS Y EN EL SISTEMA;2017;0
DESCONOCIDA;INTERFERENCIA EN LOS DATOS Y EN EL SISTEMA;2016;0
DESCONOCIDA;INTERFERENCIA EN LOS DATOS Y EN EL SISTEMA;2015;0
DESCONOCIDA;INTERFERENCIA EN LOS DATOS Y EN EL SISTEMA;2014;0
DESCONOCIDA;INTERFERENCIA EN LOS DATOS Y EN EL SISTEMA;2013;0
DESCONOCIDA;INTERFERENCIA EN LOS DATOS Y EN EL SISTEMA;2012;0
DESCONOCIDA;INTERFERENCIA EN LOS DATOS Y EN EL SISTEMA;2011;1
DESCONOCIDA;TOTAL grupo penal;2024;0
DESCONOCIDA;TOTAL grupo penal;2023;0
DESCONOCIDA;TOTAL grupo penal;2022;0
DESCONOCIDA;TOTAL grupo penal;2021;0
DESCONOCIDA;TOTAL grupo penal;2020;0
DESCONOCIDA;TOTAL grupo penal;2019;0
DESCONOCIDA;TOTAL grupo penal;2018;0
DESCONOCIDA;TOTAL grupo penal;2017;0
DESCONOCIDA;TOTAL grupo penal;2016;0
DESCONOCIDA;TOTAL grupo penal;2015;0
DESCONOCIDA;TOTAL grupo penal;2014;0
DESCONOCIDA;TOTAL grupo penal;2013;0
DESCONOCIDA;TOTAL grupo penal;2012;0
DESCONOCIDA;TOTAL grupo penal;2011;19
