palabra,frecuencia
pais,785
gente,591
espana,570
inmigrantes,361
puta,357
mierda,322
inmigracion,304
paises,265
espanoles,265
problema,261
personas,247
europa,237
trabajo,221
casa,215
refugiados,200
dinero,193
guerra,184
fuera,180
hombre,178
culo,176
vienen,171
cojones,171
quieren,168
hijos,166
puto,166
millones,166
alemania,166
etc,163
normal,163
encima,162
tenemos,161
dos,156
alguien,156
mayoria,156
vivir,155
estoy,152
dar,151
has,150
persona,150
tengo,148
mientras,147
mal,146
vamos,142
viene,141
tema,139
mujer,139
cualquier,139
aunque,139
ayudas,138
ahi,138
trabajar,138
pueden,137
demas,136
tienes,135
hijo,135
dicho,134
parte,131
espanol,130
gran,129
sociedad,129
aun,126
podemos,125
tipo,124
poblacion,124
cuenta,123
familia,122
joder,121
caso,121
hacen,120
mujeres,120
voy,120
tiempo,120
gobierno,119
falta,119
sido,118
ejemplo,118
gracias,118
ademas,117
dan,117
veo,117
moros,117
tal,116
favor,115
ilegal,113
poder,113
forma,113
sino,111
ley,110
digo,110
quiere,109
bueno,108
politicos,108
algun,108
tomar,106
segun,106
ningun,106
alli,105
extranjeros,104
nosotros,104
social,104
siria,103
somos,103
espanola,102
todas,102
madre,101
soy,101
pasa,101
ano,100
resto,99
inmigrante,98
partido,97
hoy,96
realidad,94
problemas,94
cierto,94
progres,94
datos,94
situacion,93
cara,92
seguro,92
vox,92
derecho,92
derechos,91
medio,91
puesto,91
nunca,90
acuerdo,89
momento,89
despues,89
venga,87
dicen,87
ninos,87
paguitas,87
padres,86
haber,86
cabeza,86
nuestro,86
tampoco,86
haya,85
quiero,85
ayuda,84
sean,84
deberia,84
incluso,84
foro,83
gusta,83
psoe,82
francia,82
debe,81
visto,81
paso,81
seria,81
puedes,81
bastante,80
peor,80
entiendo,80
casi,79
habia,79
edad,78
salir,78
educacion,78
unico,78
moro,77
razon,77
mano,77
dejar,77
calle,77
euros,76
sera,76
clase,76
saber,76
poner,76
trans,75
politica,75
sabe,75
musulmanes,74
vuelta,74
fin,74
punto,74
dices,73
primero,73
impuestos,73
venir,73
medios,73
sitio,72
misma,72
dado,72
sexual,72
veces,71
asco,71
nuestra,71
partidos,71
final,71
culpa,70
tio,70
seguir,70
lugar,70
menudo,70
dios,70
entonces,70
entrar,69
hemos,69
espero,69
siendo,69
quieres,69
vas,68
pueblo,68
hacia,68
cono,68
esperaba,68
buen,68
lado,68
media,68
ello,68
pagar,67
mismos,67
gays,67
den,66
nacionalidad,66
genero,66
religion,66
pasado,66
ong,66
ugt,66
gay,65
alguna,65
paro,65
mucha,65
gilipollas,65
colectivo,64
dentro,64
haciendo,64
video,64
pena,64
hombres,64
nuevo,64
cago,64
sociales,63
tenga,63
cambio,63
general,63
buena,63
origen,63
nuestros,63
sale,63
derecha,63
seguridad,63
izquierda,62
crees,62
respeto,62
primera,62
cuanto,62
historia,62
mayor,62
ilegales,62
grupo,62
traer,62
cultura,61
juego,61
dias,61
mira,61
casos,61
manera,61
tonto,61
paga,61
queda,60
paguita,60
homosexual,59
leyes,59
opinion,59
pensiones,59
politicas,59
piso,59
realmente,59
pobres,59
delincuentes,59
sabes,59
centro,59
putos,58
leer,58
turquia,58
hablar,58
habra,58
nivel,58
polla,58
pasar,57
ciudadanos,57
homosexuales,57
vayan,57
precisamente,57
facil,57
totalmente,57
unas,57
meses,57
habria,56
cuantos,56
mes,56
vale,56
muchas,56
votar,56
igualdad,56
comer,56
pedir,55
viven,55
noticia,55
delincuencia,55
reciben,54
recursos,54
sexo,54
madrid,54
familias,53
suerte,53
leido,53
quieran,53
menas,53
tenido,53
noticias,53
tenia,53
diciendo,53
quiera,53
llevan,52
anda,52
fronteras,52
carcel,52
sentido,52
saben,52
crisis,52
sigue,52
haga,52
miles,51
publico,51
pueda,51
votado,50
hubiera,50
vuelva,50
total,50
hablando,49
pocos,49
existe,49
simplemente,49
nino,49
legal,48
facha,48
pib,48
miedo,48
ninguna,48
refugiado,48
sirios,48
bajo,48
pobreza,48
llegar,48
tres,48
lleva,47
delitos,47
jovenes,47
negros,47
podria,47
odio,47
pone,47
progre,47
din,47
amigos,47
meter,47
informe,47
verguenza,47
racista,46
puedo,46
pobre,46
follamoros,46
sanidad,46
mil,46
relacion,45
hagan,45
pensar,45
nacional,45
gratis,45
tontos,45
diga,45
pole,45
pasta,45
deberian,45
gentuza,45
ves,45
grandes,44
respecto,44
palabras,44
vive,44
voto,43
sistema,43
negro,43
numero,43
forocoches,43
serio,43
vengan,43
informacion,43
correcto,43
quienes,42
contrario,42
deja,42
rajoy,42
fuente,42
huevos,42
llega,42
mierdas,42
puedan,42
supuesto,42
habla,41
nina,41
ponen,41
vivienda,41
malo,41
huesca,41
suecia,41
menores,41
universidad,41
sois,41
extranjero,40
capita,40
economia,40
pasando,40
libertad,40
solucion,40
primer,40
grande,40
llegan,40
europeos,40
per,40
agua,40
suficiente,40
nombre,39
posible,39
dificil,39
tengan,39
entender,39
lenguaje,39
empresas,39
salen,39
africa,38
varios,38
basura,38
papeles,38
amigo,38
lejos,38
gana,38
mafias,38
residencia,38
ultimo,38
todavia,38
cuentas,38
das,38
obviamente,38
costa,38
control,38
mitad,37
real,37
maricon,37
canarias,37
plan,37
digan,37
vosotros,37
interesa,37
putas,37
entrada,37
idioma,37
iba,37
darles,36
alla,36
mental,36
ojala,36
frente,36
homo,36
pillo,36
buenas,35
trata,35
delito,35
siento,35
volver,35
subnormal,35
defender,35
marruecos,35
prefiero,35
demasiado,35
mala,35
tras,35
embargo,35
manana,35
semana,35
policia,34
buenos,34
sexuales,34
resumen,34
base,34
suda,34
minimo,34
diferencia,34
respuesta,34
laboral,34
barco,34
hilos,34
asilo,34
votos,34
ido,34
estudio,34
boca,34
patera,34
sueldo,34
tierra,34
futuro,34
mensaje,34
iban,34
horas,34
integracion,33
modo,33
ganas,33
supone,33
publica,33
nueva,33
ayudar,33
dejan,33
identidad,33
gitanos,33
valores,33
ministerio,33
derechas,33
cerca,33
politico,33
entra,33
pide,33
venido,32
servicios,32
islam,32
arbitro,32
directamente,32
hermano,32
palabra,32
pregunta,32
sirio,32
idea,32
cuatro,32
refugees,32
condiciones,32
chaval,32
puerta,32
siguen,32
racismo,32
empresa,32
conseguir,32
raza,32
irse,32
queja,32
violencia,32
manda,32
meten,32
barcelona,31
jamas,31
existen,31
llevar,31
temas,31
viendo,31
dddddddddddddddddddddddddddddddddddddddddddddddddd,31
masiva,31
futbol,31
discriminacion,31
supongo,31
eeuu,31
cuento,31
pareja,31
post,31
espanolas,31
conozco,31
propio,30
haces,30
propios,30
colegio,30
centros,30
obra,30
bienestar,30
cambiar,30
nacionales,30
mantener,30
opcion,30
vete,30
acogida,30
comentario,30
macho,30
cree,30
frontera,30
cuestion,30
porcentaje,30
apoyo,30
comunidad,30
seas,30
menuda,30
recibir,30
mar,29
perder,29
estaria,29
homosexualidad,29
exactamente,29
comida,29
visado,29
nazis,29
cataluna,29
gasto,29
coche,29
fuese,29
bla,29
deben,29
pensando,29
creer,29
videojuegos,29
padre,29
viviendo,29
quedar,29
izquierdas,29
inclusivo,29
tenian,29
articulo,29
propia,29
intentar,29
ultraderecha,29
cualquiera,29
internet,29
lgtb,29
racistas,29
varias,29
negocio,28
barrio,28
pro,28
partir,28
mandaba,28
clases,28
buscar,28
adelante,28
trabajan,28
teneis,28
cuerpo,28
queria,28
hizo,28
matrimonio,28
llamada,28
comun,28
paz,28
importante,28
veras,28
alguno,28
transexual,28
sacar,28
trabajadores,28
hostia,28
renta,28
subnormales,28
importa,28
hambre,28
ojos,28
duda,28
empleo,28
venezolanos,27
curioso,27
dando,27
mia,27
europea,27
mio,27
permiso,27
esten,27
dejo,27
seis,27
pesar,27
creen,27
manos,27
atencion,27
contrato,27
llegado,26
hora,26
cantidad,26
salarios,26
ricos,26
desagradecido,26
aparte,26
teniendo,26
largo,26
queremos,26
siquiera,26
ciudad,26
podia,26
escoria,26
busca,26
extrema,26
quedan,26
lgtbi,26
experiencia,26
sabemos,26
trabajando,26
normales,26
echar,26
motivos,26
baja,26
violadores,26
imagen,26
llama,26
costumbres,26
unica,26
arriba,25
cursos,25
estudios,25
quedado,25
usa,25
pueblos,25
occidente,25
merkel,25
gastos,25
estudiar,25
noche,25
tarde,25
disfrutar,25
dijo,25
entran,25
hablas,25
precio,25
medidas,25
votantes,25
zona,25
motivo,25
metido,25
jilo,25
economicos,25
fundacion,25
gustan,25
piensa,25
quita,25
alta,25
vota,24
ongs,24
insultos,24
casas,24
barcos,24
muerte,24
buscando,24
hacerlo,24
the,24
heterosexuales,24
calidad,24
lista,24
siglo,24
homofobo,24
acoger,24
humano,24
actual,24
virginidad,24
economica,24
moral,24
suelen,24
doble,24
cobrar,24
gobiernos,24
fuerte,24
refiero,24
aquellos,24
violaciones,24
toca,24
trafico,24
seres,24
elecciones,24
pones,24
sueldos,24
crear,24
ideologia,24
nuestras,24
aquel,23
respetar,23
dano,23
vuelve,23
primeros,23
abrir,23
blanco,23
estadisticas,23
consecuencias,23
segundo,23
tonterias,23
matar,23
pequena,23
palo,23
dejado,23
aportan,23
orientacion,23
this,23
menor,23
absolutamente,23
hablo,23
ninguno,23
salvo,23
capital,23
patada,23
mentira,23
feliz,23
personal,23
miseria,23
poca,23
fondo,23
escribir,23
mejores,23
comentarios,23
indice,23
darle,23
humanos,23
diferente,23
seguramente,23
trabaja,23
alquiler,23
completamente,23
pire,23
sobra,23
apenas,22
viva,22
perdido,22
estados,22
pisos,22
mirar,22
ciudades,22
calles,22
troll,22
significa,22
haria,22
familiar,22
efecto,22
delinquir,22
excusa,22
fuentes,22
programa,22
cierre,22
grave,22
llegada,22
daba,22
podrian,22
detras,22
par,22
integrarse,22
zonas,22
vista,22
imponer,22
ganar,22
relaciones,22
tercermundista,22
nacido,22
naturaleza,22
sinceramente,22
pidiendo,22
medida,22
campo,22
querer,22
publicos,22
muertos,22
hayan,22
hicieron,22
trabajos,22
actualmente,22
gustaria,22
oye,22
arabes,22
sexualidad,22
fake,22
diario,22
doy,22
perfectamente,22
tranquilo,22
pase,22
heterosexual,22
argumento,22
democracia,22
jode,22
condicion,22
barrios,22
raro,21
hacemos,21
saco,21
armas,21
sumar,21
ven,21
entrevista,21
joven,21
argumentos,21
orden,21
acabar,21
desgracia,21
empezar,21
anterior,21
asociaciones,21
gracia,21
peninsula,21
delante,21
lleven,21
tantos,21
natural,21
franco,21
objetivo,21
pagan,21
habeis,21
llaman,21
invasion,21
desagradecidos,21
iglesias,21
bombas,21
extrana,21
ultimos,21
gusto,21
requisitos,21
necesita,21
huyendo,21
hablan,21
quieras,21
piensan,21
simple,21
web,21
permitir,21
quejan,21
personaje,21
migrantes,21
robar,21
mayores,21
retrasado,20
pasan,20
ridiculo,20
ignorados,20
acaso,20
ocurre,20
puestos,20
cometen,20
voz,20
europeo,20
twitter,20
tendria,20
publicas,20
empieza,20
pie,20
recuerdo,20
montero,20
sol,20
parados,20
senor,20
civil,20
ojo,20
iglesia,20
ostia,20
tercer,20
enfermos,20
vuestro,20
capaz,20
resulta,20
huyen,20
tios,20
pension,20
presidente,20
necesario,20
politicamente,20
quedo,20
lobby,20
matricula,20
lucha,20
pagando,20
imposible,20
hetero,20
salga,20
musulmana,19
cinco,19
quitar,19
ponga,19
votando,19
acabe,19
isis,19
arabia,19
tendran,19
sangre,19
delinquen,19
chorradas,19
chavales,19
subvenciones,19
chico,19
interior,19
salido,19
piden,19
jajajaja,19
diran,19
interesante,19
norte,19
fachas,19
cabron,19
retraso,19
tendra,19
uso,19
segunda,19
muerto,19
tercermundistas,19
llego,19
cuesta,19
irak,19
homofobos,19
mundial,19
listo,19
contratar,19
quejarse,19
fueran,19
esperar,19
dies,19
presos,19
nota,19
soros,19
acaba,19
currar,19
droga,19
carceles,19
llevo,19
habitantes,18
damos,18
guerras,18
jodido,18
elegir,18
terroristas,18
mentales,18
arbitros,18
ayer,18
malos,18
chupar,18
llamen,18
beneficios,18
diferentes,18
pongo,18
cientos,18
vivo,18
aportar,18
open,18
sacan,18
cerrado,18
fascista,18
gorda,18
avion,18
formacion,18
roban,18
discurso,18
encuentra,18
millon,18
libre,18
pensamiento,18
cobran,18
propaganda,18
espera,18
decision,18
luz,18
mismas,18
evitar,18
seran,18
fuerza,18
contar,18
pelo,18
sexta,18
tasa,18
decia,18
cero,18
legales,18
generacion,18
natalidad,18
luchar,18
aislados,18
iran,17
feminismo,17
occidental,17
sirve,17
pagina,17
exigir,17
pienso,17
suelo,17
siga,17
capacidad,17
principio,17
dura,17
ayuso,17
solicitar,17
valencia,17
absoluta,17
atras,17
insultan,17
llorando,17
siente,17
contigo,17
perfecto,17
esperando,17
viaje,17
evidentemente,17
pregunto,17
aportado,17
depende,17
paliza,17
amor,17
barata,17
podra,17
estilo,17
afganistan,17
enfermo,17
colectivos,17
instituto,17
homofobia,17
llamar,17
vienes,17
pronto,17
dato,17
antecedentes,17
comunicacion,17
explico,17
interes,17
nie,17
aprender,17
trato,17
considero,17
jodas,17
irene,17
union,17
evidente,17
marroquies,17
campos,17
tia,17
miembros,17
necesitan,17
parar,17
orgullo,17
pene,17
vivido,17
siguiente,17
sabia,17
entren,17
encontrado,17
bote,17
guste,17
sigan,17
cerebro,17
comunidades,17
oferta,17
alrededor,17
campana,17
logica,16
sigo,16
falso,16
burbuja,16
repito,16
ambos,16
lleno,16
cambia,16
tengas,16
mugre,16
serian,16
absurdo,16
manutencion,16
importancia,16
suena,16
podemitas,16
bastantes,16
alemanes,16
hago,16
tuyo,16
oprimido,16
bandera,16
locos,16
termino,16
asunto,16
quereis,16
pagado,16
concreto,16
recibe,16
saudi,16
proteccion,16
banco,16
violar,16
gitano,16
sanchez,16
pequeno,16
owned,16
ultima,16
suecos,16
bulo,16
error,16
senores,16
adoctrinamiento,16
regla,16
quizas,16
curso,16
cifras,16
empresarios,16
ingles,16
recibido,16
obvio,16
pongan,16
posibilidad,16
limite,16
suyo,16
parasitos,16
positiva,16
basicamente,16
mariquita,16
venezuela,16
convivencia,16
vecinos,16
curro,16
judios,16
turno,16
nacionalidades,16
gilipolleces,16
organizaciones,16
nuevos,16
arms,16
camino,16
ignorante,16
cancer,16
sitios,16
salio,16
bienvenido,16
necesidad,16
beneficio,16
alto,16
acceso,16
explicar,15
feminazis,15
ingresos,15
votan,15
saludo,15
encuentro,15
estrellas,15
quedarse,15
canaria,15
gilipollez,15
chiringuitos,15
llamado,15
dolares,15
sabiendo,15
hubiese,15
unidos,15
grupos,15
sigues,15
zapatero,15
nazi,15
caritas,15
votante,15
imagino,15
debajo,15
viviendas,15
decadas,15
independientemente,15
junto,15
diez,15
entendido,15
pollas,15
vecino,15
pablo,15
debemos,15
llena,15
pagas,15
cuales,15
lamentable,15
habido,15
capitalismo,15
querian,15
vives,15
nuevas,15
movimiento,15
via,15
comprar,15
agradecido,15
lleguen,15
etnia,15
cifra,15
digas,15
documento,15
hubo,15
feministas,15
china,15
venia,15
puertas,15
libia,15
maricones,15
rico,15
sector,15
papa,15
minutos,15
delincuente,15
alerta,15
sudamericanos,15
basta,15
broma,15
robos,15
medico,15
perdon,15
bilis,15
efectivamente,15
tendrian,15
tanta,15
hoteles,15
quede,15
afecta,15
montar,15
iberos,15
practicamente,14
mediante,14
forero,14
atentados,14
multas,14
suele,14
situaciones,14
puro,14
funciona,14
habran,14
opciones,14
hacerse,14
enlace,14
barato,14
cuidado,14
pensado,14
victima,14
hija,14
considera,14
razones,14
escuela,14
fiesta,14
cis,14
enfermedad,14
hierro,14
compania,14
justo,14
chica,14
ocupacion,14
debate,14
extranjera,14
puerto,14
hostias,14
inmensa,14
rey,14
coches,14
unicamente,14
cristianos,14
mete,14
conseguido,14
tela,14
roja,14
internacional,14
crea,14
gracioso,14
expulsion,14
usuarios,14
mantente,14
cotizan,14
xenofobo,14
economico,14
demostrar,14
ideas,14
cuantas,14
tiempos,14
aceptar,14
cabezas,14
ciudadano,14
responsabilidad,14
ministro,14
tipico,14
virgen,14
aguantar,14
destino,14
saliendo,14
ejercito,14
conocido,14
saludos,14
defendiendo,14
siglos,14
jajaja,14
ostias,14
plazo,14
leo,14
soltar,14
ilegalmente,14
hobby,14
quiza,13
preocupa,13
integran,13
posibilidades,13
autoctona,13
metan,13
salida,13
vuestros,13
podemita,13
frenar,13
reves,13
familiares,13
mercado,13
local,13
podido,13
estais,13
duro,13
masa,13
anti,13
acabo,13
tonteria,13
cobra,13
consigue,13
colega,13
principalmente,13
justificar,13
causa,13
conocer,13
chicos,13
cristiana,13
estupidez,13
cama,13
percepcion,13
meterse,13
militar,13
privilegios,13
corto,13
podrias,13
necesitamos,13
generaciones,13
formas,13
sepa,13
charlas,13
venden,13
especialmente,13
hotel,13
normalmente,13
culturas,13
tocate,13
africanos,13
onu,13
distinta,13
lee,13
popular,13
cabe,13
cobrando,13
habian,13
perro,13
subir,13
bandas,13
notas,13
tasas,13
pinta,13
victimas,13
conflicto,13
entorno,13
quejandose,13
pese,13
xdd,13
iria,13
risa,13
cierta,13
religiones,13
asociacion,13
traen,13
sabeis,13
pedazo,13
penas,13
teoria,13
cona,13
obtener,13
frio,13
aragon,13
progreso,13
bar,13
tias,13
colegios,13
lengua,13
defiende,13
cae,13
italia,13
peores,13
pensaba,13
asesinatos,13
rata,13
transfobia,13
pocas,13
arcas,12
decidir,12
frases,12
ejemplos,12
desempleo,12
iguales,12
franceses,12
ucranianos,12
retrasados,12
contando,12
eta,12
carmena,12
musulman,12
trastorno,12
precios,12
toma,12
transgenero,12
terapias,12
forocochero,12
gratuita,12
isla,12
progresismo,12
encarcelados,12
recortes,12
fomentar,12
traves,12
hacian,12
llegaron,12
paja,12
copon,12
salud,12
vea,12
repetir,12
inmis,12
upyd,12
liberal,12
cruz,12
blancos,12
xenofobia,12
escuchar,12
molesta,12
minoria,12
marido,12
compatriotas,12
opina,12
perros,12
manifestaciones,12
comportamiento,12
digna,12
queden,12
busque,12
autoctonos,12
prision,12
rumanos,12
serie,12
escrito,12
llevas,12
detenidos,12
dejando,12
felices,12
merece,12
buenismo,12
terminar,12
news,12
vais,12
proximo,12
bisexual,12
irregular,12
adoctrinar,12
ensenar,12
youtube,12
gordo,12
brutal,12
elaborado,12
gais,12
brazo,12
abajo,12
sentirse,12
vender,12
aprovechan,12
celtas,12
primeras,12
abuelos,12
mandan,12
refiere,12
lider,12
haz,12
dejad,12
tirar,12
superior,12
crecimiento,12
fondos,12
increible,12
concepto,12
menudos,12
llorar,12
ganarse,12
contentos,12
tratar,12
papel,12
dejen,12
prensa,12
logico,12
heteros,12
habiendo,12
foto,12
oportunidad,12
acogen,12
muestra,12
hagas,12
merecen,12
corrupcion,12
blanca,12
ultimamente,12
matado,12
mena,12
entrado,12
etnica,12
portada,12
obligacion,12
tuya,12
fuesen,12
convierte,12
reducido,12
cometidos,12
debido,12
entero,12
aceptado,12
tolerancia,12
robo,12
vino,11
cubanos,11
ingenieros,11
dais,11
fascistas,11
ambito,11
aseguro,11
pedro,11
entiende,11
trae,11
intereses,11
convertido,11
posicion,11
aumento,11
pedido,11
red,11
edit,11
llegue,11
conocidos,11
abdsalam,11
dictadura,11
cargo,11
declaraciones,11
hipocresia,11
similares,11
ajena,11
direccion,11
castellano,11
entidades,11
chalet,11
nacion,11
vuestra,11
epoca,11
especial,11
ofrece,11
javier,11
acoge,11
estadistica,11
herencia,11
ocurra,11
juicio,11
perdida,11
administracion,11
pagados,11
instituciones,11
residentes,11
dumping,11
digital,11
frances,11
redes,11
imaginate,11
salario,11
vasco,11
parecer,11
llegando,11
grecia,11
cabo,11
cambiado,11
guardia,11
recordar,11
encontrar,11
entiendes,11
america,11
bonita,11
claramente,11
sorpresa,11
latina,11
osea,11
acceder,11
transexuales,11
vuelvan,11
dejas,11
parecen,11
nacionalismo,11
trump,11
metiendo,11
cerrando,11
pensionistas,11
muchisimo,11
dio,11
verlo,11
numeros,11
obsesion,11
videos,11
dedican,11
dni,11
pillar,11
sorprende,11
exacto,11
australia,11
proceso,11
materia,11
rapefugees,11
disfruten,11
arabe,11
legislacion,11
nacidos,11
creado,11
vayas,11
viniendo,11
quitado,11
ciertos,11
colegas,11
dedo,11
siete,11
transexualidad,11
echan,11
cristiano,11
tocado,11
defienden,11
robando,11
perroflautas,11
mejorar,11
riesgo,11
oltra,11
necesidades,11
tocar,11
razas,11
mediterraneo,11
huir,11
titulo,11
cumplir,11
construccion,11
anadir,11
infinito,11
daria,11
sur,11
cuba,11
larga,11
nietos,11
dije,11
abierto,11
dime,11
criminalidad,11
valiente,11
estancia,11
altos,11
deuda,11
terminos,11
dudo,11
pudiera,11
pagarle,11
rollo,11
manden,11
tantas,11
empezo,11
mafia,11
aporta,11
analisis,11
insultar,11
suiza,11
sencillo,11
pura,11
seamos,11
traidores,11
revista,11
solucionar,11
transfobo,11
paraiso,11
historias,11
quejas,11
mohamed,11
pretende,11
solamente,10
fiscales,10
giliprogres,10
completo,10
libano,10
paletos,10
malas,10
man,10
conciencia,10
chicas,10
bajos,10
info,10
mantenido,10
llevado,10
pobrecitos,10
pleno,10
enero,10
completa,10
vagina,10
norma,10
comunista,10
emigrar,10
gestion,10
wait,10
hablamos,10
dira,10
modulo,10
vuestras,10
pierde,10
africana,10
sienta,10
haran,10
podran,10
shurs,10
tiro,10
vendido,10
spider,10
conexion,10
humana,10
condena,10
dejamos,10
directo,10
moda,10
reino,10
especie,10
ninas,10
vean,10
mama,10
pelicula,10
ine,10
hable,10
presion,10
venian,10
tendriamos,10
extranjeria,10
ale,10
gobernar,10
gobierna,10
aznar,10
fiscalia,10
cuidar,10
practica,10
lgbt,10
oriente,10
tratamiento,10
merecemos,10
mirando,10
deje,10
puntos,10
quitan,10
agresiones,10
hermana,10
opiniones,10
actuales,10
tragar,10
caracteristicas,10
usar,10
similar,10
tengamos,10
follar,10
operacion,10
rabo,10
ministra,10
actividad,10
lastima,10
buscarse,10
oficial,10
abro,10
multicultural,10
veremos,10
lecciones,10
funcion,10
poniendo,10
documental,10
intento,10
regimen,10
radicales,10
cuya,10
decente,10
mapa,10
sanitarios,10
jugando,10
meta,10
pasaporte,10
sociedades,10
risas,10
opino,10
facilidades,10
sere,10
lesbiana,10
sola,10
central,10
tetas,10
petroleo,10
exigiran,10
principales,10
proyectos,10
cuentan,10
obligado,10
darse,10
vinieron,10
nacionalizados,10
tuvo,10
poquito,10
educar,10
criticar,10
domicilio,10
diras,10
chorrada,10
pensais,10
aire,10
aberracion,10
disfrutad,10
monton,10
casualidad,10
vias,10
andalucia,10
tuviera,10
exigiendo,10
especiales,10
hara,10
rato,10
resultado,10
normas,10
recuerda,10
pateras,10
intentando,10
intencion,10
texto,10
diria,10
consolas,10
pagarles,9
contribucion,9
perdona,9
perfil,9
permiten,9
probablemente,9
comunistas,9
propias,9
encuentran,9
caiga,9
golpe,9
marcado,9
catalanes,9
semanas,9
principios,9
seguira,9
libros,9
trabajador,9
permite,9
des,9
ocasiones,9
creencias,9
refieres,9
olvida,9
limites,9
cagada,9
propiedad,9
vendran,9
rasista,9
votais,9
cerrar,9
psicologo,9
minuto,9
tratado,9
denuncia,9
islamico,9
welcome,9
abiertos,9
capaces,9
suficientes,9
ventaja,9
ahorro,9
costes,9
expulsar,9
yemen,9
explicado,9
servicio,9
temporal,9
permita,9
reflejo,9
llenar,9
sano,9
jaja,9
contexto,9
pequenos,9
util,9
prefiere,9
presupuesto,9
lloran,9
manipulacion,9
pagarnos,9
legalmente,9
cita,9
bienvenidos,9
echa,9
llamo,9
jodidos,9
generalizado,9
tira,9
agradecidos,9
senegal,9
carta,9
obrero,9
valen,9
leyendo,9
tenerife,9
diferencias,9
culturales,9
prefieren,9
necesitas,9
india,9
sueco,9
principal,9
utiliza,9
caer,9
santos,9
controlada,9
bro,9
sindicatos,9
imbeciles,9
muchisimos,9
parejas,9
santander,9
original,9
miserable,9
desarrollo,9
tiran,9
money,9
desgraciado,9
bancos,9
gadafi,9
casarse,9
pida,9
correo,9
melilla,9
importantes,9
magia,9
israel,9
abiertas,9
construir,9
mestizaje,9
kilometros,9
jajajajaja,9
app,9
flipo,9
negrita,9
pruebas,9
mesa,9
tercermundizacion,9
privada,9
conceptos,9
decian,9
tramites,9
personajes,9
denuncian,9
salarial,9
identifica,9
ala,9
pago,9
jeta,9
gastar,9
cura,9
generalmente,9
esfuerzo,9
posibles,9
bolsillos,9
tendremos,9
decisiones,9
traslado,9
niega,9
fiscal,9
experimento,9
emigrantes,9
irpf,9
compra,9
sanitaria,9
dijeron,9
isabel,9
david,9
buscan,9
trabaje,9
complejo,9
industrial,9
semejante,9
chusma,9
humanidad,9
hitler,9
pasen,9
verdadero,9
peligro,9
obrera,9
sinverguenza,9
faltan,9
llegados,9
jilos,9
comparacion,9
debes,9
sony,9
alegro,9
conmigo,9
lesbianas,9
vuelo,9
tierras,9
preguntan,9
hola,9
preferencia,9
upeo,9
bajar,9
mision,9
edito,9
machista,9
tocho,9
parecido,9
triste,9
comido,9
conflictos,9
compartir,9
vuelvo,9
fuego,9
genial,9
comerse,9
fatal,9
intentarlo,9
valor,9
proteger,9
ancianos,9
respuestas,9
echarlos,9
salvini,9
titular,9
parasito,9
parezca,9
duras,9
hermanos,8
crimenes,8
partida,8
carga,8
naciones,8
aguas,8
razonamiento,8
entera,8
animales,8
deseo,8
paguen,8
salvajes,8
plaza,8
suponen,8
grado,8
criterio,8
mezclar,8
verdaderamente,8
hierve,8
oficiales,8
palizas,8
musica,8
abierta,8
cumpliendo,8
tuyos,8
sueno,8
pajas,8
joderse,8
gol,8
comparar,8
faltado,8
parque,8
generos,8
hablado,8
payaso,8
referia,8
conocemos,8
conjunto,8
internacionales,8
demostrado,8
jubilacion,8
migraciones,8
multiculturalidad,8
alfombra,8
responsables,8
dispuesta,8
amenazas,8
paleto,8
hospital,8
estaran,8
vigente,8
hipocrita,8
marco,8
decirlo,8
ambas,8
ladrones,8
aprovechado,8
ira,8
oenege,8
genera,8
billete,8
integrado,8
chiste,8
brenda,8
explica,8
falsa,8
tele,8
novedad,8
gobernantes,8
and,8
sacado,8
deberiamos,8
reduccion,8
obligaciones,8
cobarde,8
fijate,8
ideologias,8
apoye,8
academia,8
tuve,8
saque,8
pesados,8
oficio,8
habitual,8
extremo,8
piensas,8
demagogo,8
agresion,8
rojos,8
unicos,8
asesinos,8
acaban,8
colau,8
dispuestos,8
prestacion,8
duracion,8
economicas,8
gritos,8
elle,8
rien,8
cayucos,8
canario,8
estuve,8
mensuales,8
publicidad,8
lacra,8
rojo,8
oiga,8
mensajes,8
caido,8
decada,8
administraciones,8
manada,8
activa,8
asegurado,8
narices,8
distintos,8
sanitario,8
destruir,8
cotizado,8
crios,8
ingleses,8
comprender,8
prueba,8
creando,8
elites,8
director,8
color,8
aleman,8
traido,8
edificio,8
binario,8
colaboracion,8
medias,8
cotizaciones,8
sobran,8
abuela,8
gobierne,8
rebeldes,8
anual,8
cerdo,8
ciertas,8
convertirse,8
wolscht,8
adoptado,8
jajajajajajaja,8
bisexuales,8
asqueroso,8
solicitudes,8
seguros,8
supuestos,8
business,8
informes,8
oculto,8
empezando,8
conflictivos,8
pido,8
nomina,8
marcha,8
carrera,8
idiotas,8
cultural,8
descontrolada,8
novia,8
tratando,8
invierno,8
seguiran,8
refugee,8
haceis,8
acogido,8
laborales,8
intentan,8
pidan,8
corruptos,8
cole,8
negocios,8
remedio,8
ropa,8
rabia,8
medicos,8
profesionales,8
nacimiento,8
usted,8
sufrir,8
loco,8
premio,8
comentas,8
consumen,8
record,8
playa,8
dormir,8
actividades,8
panchitos,8
definicion,8
impacto,8
mandar,8
movimientos,8
causas,8
catolicos,8
currando,8
hubieran,8
sentir,8
rapido,8
robado,8
invasores,8
aborto,8
traficantes,8
modelo,8
vinieran,8
equipo,8
fijo,8
movil,8
practicas,8
cuyo,8
estara,8
critican,8
autoridades,8
dichos,8
primo,8
xxi,8
rumano,8
marroqui,8
reclusos,8
sobretodo,8
vivan,8
egipto,8
patetico,8
pelotas,8
drama,8
lees,8
demuestra,8
ayude,8
entro,8
biologia,8
programas,8
terapia,8
pilla,8
maroto,8
debo,8
arreglar,8
entrando,8
huele,8
aspecto,8
duele,8
jornada,8
expertos,8
descubierto,8
creia,8
idiomas,8
simples,8
realizar,8
exista,8
regular,8
infantil,8
digno,8
conclusion,8
recibiendo,8
puente,8
empadronarse,8
defienda,8
envidia,8
rtve,8
miembro,8
meterlos,8
ten,8
recoger,8
reprimidos,8
gobiernan,8
mente,8
hechos,8
perdiendo,8
jajajajajajajajajajajaja,8
pegar,8
periodicos,8
duros,8
alcalde,8
progresia,8
tribunal,8
dire,8
vascos,8
morenos,8
maximo,8
sienten,8
guatemala,8
italiano,8
anuncio,8
socialista,8
panda,8
habitacion,8
caixa,8
profesor,7
marvel,7
vemos,7
subvencion,7
fotos,7
ucraniana,7
sabido,7
altura,7
metia,7
verano,7
come,7
existir,7
descendencia,7
afrontar,7
conlleva,7
trotona,7
libro,7
influencia,7
impuesto,7
solidaridad,7
ultimas,7
milagro,7
woke,7
rusos,7
seguras,7
down,7
pasada,7
fallado,7
pasara,7
impotencia,7
apoya,7
empezaron,7
pam,7
niego,7
complejos,7
agradecer,7
existencia,7
asumir,7
sudamerica,7
locales,7
hayas,7
responder,7
perra,7
reformas,7
lujo,7
falacia,7
amnistia,7
dignidad,7
inclusion,7
sujeto,7
valientes,7
despectivo,7
territorio,7
material,7
pagamos,7
estes,7
spiderman,7
representa,7
leerlo,7
propuestas,7
oposicion,7
reconoce,7
crio,7
intervencion,7
tratan,7
doctor,7
caradura,7
enfermedades,7
penales,7
calzador,7
coja,7
objetivos,7
novio,7
utiles,7
coste,7
aplicacion,7
tope,7
responsable,7
olvidado,7
pegas,7
jordania,7
igualmente,7
ratas,7
seguid,7
vende,7
marca,7
charla,7
gustos,7
universal,7
companeros,7
alquilar,7
votarles,7
quedando,7
preguntas,7
estatal,7
tranquilos,7
estereotipos,7
mugrosos,7
valla,7
techo,7
verdaderos,7
creacion,7
llevarlos,7
cuotas,7
minorias,7
referencia,7
canal,7
contraria,7
salgan,7
echando,7
oportunidades,7
mascota,7
tono,7
balance,7
cualificacion,7
posiblemente,7
autores,7
fomento,7
abril,7
auto,7
ciencia,7
organizacion,7
google,7
optar,7
identifican,7
duenos,7
victimismo,7
darme,7
mantenerlos,7
comprobar,7
estercolero,7
pretenden,7
listas,7
okupas,7
miran,7
nace,7
deriva,7
enemigo,7
congreso,7
follacabras,7
toman,7
tren,7
criticas,7
exige,7
plus,7
incorrecto,7
unido,7
presencia,7
piernas,7
islas,7
critica,7
cola,7
vision,7
entienda,7
sabras,7
abiertamente,7
foros,7
vacaciones,7
noches,7
reportado,7
proxima,7
necesaria,7
cualificados,7
ceuta,7
subnormalidad,7
grandisima,7
tuvieran,7
hacerles,7
positivo,7
palos,7
pense,7
importe,7
alcohol,7
cielo,7
probable,7
importar,7
aquellas,7
curas,7
salvar,7
mercedes,7
estudiante,7
documentacion,7
terrorista,7
muertes,7
ciudadana,7
cortan,7
masculino,7
extranjeras,7
ibamos,7
excepcion,7
becas,7
recibieron,7
dedos,7
cogido,7
ayuntamientos,7
independentistas,7
reir,7
vistazo,7
roba,7
generar,7
planeta,7
comprension,7
europeas,7
enfermizo,7
recoge,7
tolerante,7
encuestas,7
segundos,7
mola,7
intenciones,7
ignorancia,7
periodistas,7
clima,7
defensa,7
caja,7
bolsillo,7
oro,7
meto,7
multipage,7
apoyando,7
etiqueta,7
islamica,7
superioridad,7
conocimientos,7
master,7
hice,7
recien,7
deciden,7
linea,7
tabla,7
alemana,7
jueves,7
lectora,7
inseguridad,7
tiros,7
personalmente,7
ocupar,7
representacion,7
ponemos,7
maxima,7
podian,7
paseo,7
cumpla,7
querido,7
progresista,7
embarazada,7
quedara,7
stars,7
pez,7
liberales,7
serlo,7
pasados,7
hablaba,7
rusia,7
escanos,7
autonomo,7
lados,7
espacio,7
juegan,7
img,7
impide,7
oprimidos,7
constantemente,7
conocimiento,7
conservador,7
ect,7
ciego,7
polonia,7
estrategia,7
vente,7
contestar,7
ayuntamiento,7
objeto,7
aumentar,7
supuestamente,7
acusado,7
senalar,7
vuelven,7
llamas,7
tarados,7
cuello,7
maduro,7
thanks,7
frase,7
vips,7
moncloa,7
migratorio,7
enviado,7
periodico,7
starfield,7
juegos,7
porno,7
insostenible,7
podriamos,7
respeten,7
qatar,7
faltaba,7
veas,7
papeleo,7
empadronado,7
ponia,7
gas,7
condenado,7
incluyendo,7
meterles,7
votas,7
queje,7
nacionalistas,7
esque,7
arraigo,7
pan,7
metros,7
cumplido,7
majo,6
reserva,6
galicia,6
arbitrario,6
dieron,6
exigen,6
cuanta,6
tolerant,6
daban,6
historica,6
bbva,6
desaparecer,6
podeis,6
sensato,6
defiendes,6
folle,6
melafo,6
feijoo,6
esperabas,6
cotizar,6
discuto,6
asegura,6
faltar,6
brazos,6
nwo,6
foreros,6
cuestiones,6
disforia,6
jugar,6
quisieran,6
femenino,6
generan,6
mueven,6
sefardies,6
aparece,6
harian,6
aplicar,6
toque,6
pistola,6
payasos,6
lol,6
maneras,6
aprenden,6
manual,6
turista,6
tremendamente,6
usuario,6
homofoba,6
controlar,6
sos,6
sopa,6
coger,6
secretaria,6
madres,6
conviene,6
efectos,6
lanzarote,6
aprobacion,6
revienten,6
contado,6
dicha,6
hembra,6
viajes,6
pino,6
suya,6
gif,6
viejos,6
envian,6
educada,6
experiencias,6
conocen,6
belarra,6
emigran,6
pillan,6
guia,6
mezcla,6
literalmente,6
binarios,6
locura,6
mentalidad,6
regiones,6
machismo,6
poderes,6
sales,6
tsipras,6
directa,6
reyes,6
colombia,6
banderas,6
erre,6
demanda,6
empresario,6
gatos,6
normalidad,6
pies,6
acoja,6
ideales,6
deberias,6
arcen,6
serios,6
pertenencia,6
salvamento,6
fundamentalmente,6
amigas,6
criminal,6
diputado,6
tocan,6
gordas,6
etiquetas,6
unidas,6
pacto,6
sensacion,6
camps,6
utilizar,6
global,6
escapa,6
oficina,6
repartir,6
destrozar,6
funcionario,6
despertar,6
demuestran,6
animo,6
responde,6
sufrido,6
talleres,6
religioso,6
preocupante,6
conoce,6
contratacion,6
acnur,6
trayendo,6
bajado,6
manteniendo,6
traigan,6
produce,6
empiezan,6
actitud,6
insulto,6
top,6
multiculturalismo,6
electoral,6
restaurantes,6
echaria,6
com,6
tendencia,6
costas,6
llegadas,6
pagaria,6
cabronazo,6
barra,6
experto,6
reconocer,6
panchis,6
cuela,6
ultraderechistas,6
dieran,6
vergonzoso,6
actuar,6
fuertes,6
barracones,6
memoria,6
adoptar,6
distinto,6
rechazo,6
diversidad,6
labores,6
chollo,6
carne,6
patas,6
super,6
sabra,6
deseando,6
lei,6
pensamos,6
afirmacion,6
comprando,6
asuntos,6
hurtos,6
verde,6
asia,6
firmar,6
maldito,6
incremento,6
decide,6
llevarse,6
tajada,6
impunidad,6
hassan,6
octubre,6
gordos,6
infierno,6
excepto,6
giliprogre,6
civilizacion,6
cercanos,6
mossos,6
pequenas,6
taher,6
periodista,6
ida,6
suecas,6
currantes,6
suyos,6
mezquitas,6
definitivamente,6
empresariales,6
progresistas,6
circo,6
trabajen,6
reconocido,6
franquismo,6
discutir,6
lio,6
habrian,6
argentina,6
migratorias,6
boquilla,6
partes,6
quemar,6
inicio,6
consejo,6
atraer,6
inmolarse,6
abren,6
barbaridad,6
vivian,6
ateo,6
maldita,6
momentos,6
minima,6
dignos,6
corra,6
curiosamente,6
violen,6
roben,6
clara,6
escuelas,6
religiosa,6
probar,6
reviente,6
jodida,6
sepan,6
grafico,6
tendras,6
curar,6
echo,6
quejais,6
desplazados,6
reduce,6
copiar,6
inventado,6
saab,6
consideran,6
andalus,6
feminista,6
calma,6
amenaza,6
decides,6
tarjeta,6
canarios,6
ataque,6
conversacion,6
callo,6
adquisitivo,6
bomba,6
donald,6
constitucion,6
hijoputa,6
haj,6
reirse,6
vendiendo,6
curritos,6
hungria,6
costado,6
fundaciones,6
rumania,6
tailandia,6
islamizacion,6
inevitable,6
crean,6
azul,6
reimer,6
querais,6
bruce,6
importan,6
capitalistas,6
esperabamos,6
lomo,6
digamos,6
curiosidad,6
entendible,6
surrealista,6
falsas,6
gobernando,6
reclusa,6
solidarios,6
producir,6
oeneges,6
tuvieron,6
amen,6
contratos,6
consejeria,6
sigamos,6
inferior,6
fontcalent,6
afiliado,6
tercera,6
servido,6
integral,6
cometa,6
emigracion,6
corte,6
cuyos,6
matan,6
dedica,6
atender,6
ecuador,6
concretamente,6
voluntad,6
dejes,6
sudan,6
enhorabuena,6
acepto,6
esperan,6
fisuras,6
diciembre,6
administrativo,6
acojonante,6
derogar,6
basica,6
solicitantes,6
hiciera,6
homos,6
simon,6
destruccion,6
dejaron,6
peticion,6
colmo,6
llame,6
necesite,6
casado,6
conversion,6
limpieza,6
salia,6
bruselas,6
credito,6
mantenga,6
pegado,6
cogen,6
cojonudo,6
espanolito,6
tardan,6
convertir,6
personales,6
circunstancias,6
avatar,6
instruccion,6
abre,6
justicia,6
riqueza,6
conoces,6
jodiendo,6
vivia,6
reunifiquen,6
rivera,6
criterios,6
peces,6
fruto,6
comparando,6
aprendido,6
preguntar,6
verdadera,6
corazon,6
tuvieramos,6
caballo,6
migracion,6
viajar,6
prohibir,6
universitaria,6
proyecto,6
esperanza,6
cuota,6
palmas,6
viejo,6
anado,6
occidentales,6
catolico,6
anadido,6
usan,6
pensara,6
peso,6
temprano,6
preguntado,6
fenomeno,6
esperas,6
endurecer,6
complicado,6
moviles,6
reglas,6
automaticamente,6
aseguran,6
immigrantes,6
funcionan,6
extremistas,6
armada,6
exigencias,6
empadronamiento,6
exterior,6
escandalo,6
salva,6
borrar,6
encuentras,6
infancia,6
japon,6
pecho,6
monjas,6
particular,6
llenas,6
estarian,6
vote,6
san,5
acostumbrados,5
incluye,5
empiecen,5
manejan,5
caridad,5
quiten,5
apuntan,5
directrices,5
exito,5
pastar,5
mover,5
crece,5
culpables,5
adios,5
balanza,5
convento,5
acomplejados,5
habias,5
criticarlo,5
auxiliar,5
funcionado,5
morir,5
irnos,5
oido,5
pierden,5
adulto,5
procedencia,5
permitiendo,5
bilbao,5
navarra,5
soluciones,5
buenistas,5
guays,5
crecer,5
creeis,5
pasandolo,5
creerse,5
gustar,5
manicomio,5
integra,5
disculpas,5
shurmano,5
reales,5
sacando,5
neutro,5
saliera,5
piedra,5
ensena,5
acuerdos,5
rescate,5
jefe,5
sacas,5
muchisimas,5
estuviera,5
harias,5
radical,5
rescatarlos,5
tranquilidad,5
violentos,5
viento,5
peleas,5
reventar,5
parasitar,5
imagina,5
dolor,5
hagamos,5
emiratos,5
viernes,5
comiendo,5
colonias,5
panfleto,5
cumple,5
etcetera,5
devuelven,5
abogados,5
portugueses,5
aventura,5
vivimos,5
prejuicios,5
lloros,5
tienda,5
pusieron,5
pillado,5
cruzar,5
filas,5
creas,5
procesos,5
amos,5
genocidio,5
comen,5
hurto,5
quedaron,5
indefendible,5
residente,5
ocurrio,5
saltarse,5
autenticos,5
metida,5
crucero,5
agencia,5
guay,5
solidario,5
anteriores,5
antiguo,5
empleado,5
vacio,5
arma,5
alma,5
salimos,5
empiece,5
falange,5
truco,5
wtf,5
cuarto,5
legalidad,5
quedarian,5
mandado,5
traidor,5
superiores,5
tradiciones,5
subsaharianos,5
sepas,5
peticiones,5
actos,5
iniciativa,5
regalo,5
prioridades,5
definitiva,5
confirman,5
modos,5
inutil,5
cargar,5
sanas,5
contesto,5
contacto,5
firmas,5
brasas,5
otan,5
aprobo,5
publicado,5
mandarlos,5
cuida,5
detalla,5
negar,5
case,5
kalergi,5
peligrosa,5
casar,5
luchando,5
grafica,5
mejora,5
especialista,5
immigration,5
escolar,5
ensenanza,5
actualidad,5
finlandia,5
seguimiento,5
sindrome,5
obligados,5
constitucional,5
ponerse,5
saldran,5
diarios,5
polemica,5
suficientemente,5
reducir,5
senala,5
educadores,5
idiota,5
concreta,5
subida,5
adaptarse,5
moromierdas,5
piren,5
facebook,5
enlaces,5
ninis,5
ocho,5
convirtiendo,5
excepciones,5
nabo,5
identificarse,5
hipoteca,5
tomando,5
proximos,5
cadena,5
mata,5
genetica,5
une,5
esperado,5
ipm,5
alquileres,5
acoso,5
discapacitados,5
italiana,5
subforo,5
cien,5
producto,5
multa,5
rumbo,5
multinacionales,5
apoyar,5
marzo,5
recibio,5
asimismo,5
movidas,5
enorme,5
extranaria,5
yeah,5
demos,5
abono,5
joda,5
abrio,5
corre,5
sarkozy,5
maten,5
multidimensional,5
xddd,5
define,5
basado,5
male,5
nombres,5
seguimos,5
tramitar,5
sirven,5
quedas,5
monta,5
administrativa,5
insultando,5
muere,5
nuevamente,5
protestas,5
peliculas,5
mandarlo,5
podreis,5
eleccion,5
gasten,5
opinas,5
moromierda,5
receptor,5
salieron,5
ocurriendo,5
economicamente,5
seras,5
aportacion,5
panorama,5
repugnante,5
rama,5
argelinos,5
mayo,5
ruben,5
soportar,5
intolerantes,5
rio,5
titulares,5
mantiene,5
for,5
promover,5
luis,5
comunismo,5
binarias,5
bebe,5
reciente,5
cagando,5
prohibicion,5
articulos,5
celebracion,5
dejarles,5
conclusiones,5
generalizar,5
vidas,5
tirado,5
dep,5
pasos,5
comenta,5
observatorio,5
aprovecha,5
aprovechar,5
seremos,5
tardando,5
regalado,5
traerlos,5
daran,5
intenta,5
corea,5
cierran,5
pavos,5
lopez,5
vengo,5
cambiaria,5
demandantes,5
gubernamentales,5
transporte,5
mueran,5
minimos,5
puso,5
mariano,5
chino,5
sanos,5
cargando,5
recuperar,5
pasas,5
tenerlos,5
sana,5
asistencia,5
banda,5
vagos,5
hobbyconsolas,5
aviso,5
decidido,5
eurogamer,5
ocurrido,5
molestan,5
vengas,5
detalle,5
autentica,5
peligroso,5
repoblar,5
reside,5
pijos,5
bonito,5
afines,5
madrugada,5
arcopoli,5
juventud,5
insisto,5
huye,5
olvido,5
cristianismo,5
debia,5
cristal,5
imbecil,5
meme,5
atado,5
mean,5
pudiese,5
decis,5
asique,5
falacias,5
republica,5
adultos,5
tachan,5
juzgados,5
juan,5
feminazi,5
cartas,5
acepta,5
cantidades,5
enteran,5
ventana,5
lazos,5
visa,5
afortunadamente,5
hortaleza,5
metro,5
buscador,5
dinazo,5
calvo,5
trabajadora,5
segura,5
cercana,5
pasaran,5
lleve,5
tratados,5
visados,5
verias,5
decirte,5
inocencia,5
peli,5
americana,5
distancia,5
doctore,5
tramite,5
aspectos,5
forman,5
luna,5
aprende,5
consumo,5
coalicion,5
ganado,5
consiga,5
muerta,5
tomado,5
prisiones,5
codigo,5
tales,5
defiendo,5
pon,5
alicante,5
larguen,5
venta,5
cubano,5
tonta,5
criticando,5
ingrato,5
distintas,5
reconocerlo,5
link,5
cauces,5
correcta,5
disfrutando,5
celtiberos,5
sopla,5
hicimos,5
coherente,5
empresaurios,5
sabian,5
periodo,5
podcast,5
competencia,5
obligar,5
supera,5
incluir,5
mero,5
levanto,5
equivoco,5
griegos,5
tardado,5
exteriores,5
hijas,5
repite,5
anormal,5
ofende,5
cierren,5
falsos,5
bulos,5
vaciada,5
escala,5
enserio,5
provocar,5
cualificado,5
subsidio,5
inversion,5
euro,5
accion,5
reforma,5
inclusive,5
basada,5
armario,5
representantes,5
muchisima,5
violado,5
dandole,5
enemigos,5
colar,5
gato,5
plantea,5
prioridad,5
tradicionales,5
planteo,5
recopilacion,5
aportando,5
compensa,5
primos,5
darselo,5
quedaba,5
basicos,5
facilmente,5
john,5
difusion,5
duerme,5
elite,5
capitalista,5
famoso,5
absoluto,5
enteros,5
gritar,5
reparto,5
policial,5
mirate,5
explotar,5
iphone,5
liberar,5
judio,5
sindicato,5
intenten,5
region,5
plata,5
termina,5
sweden,5
aviones,5
ppsoe,5
libertades,5
insulta,5
fuerzas,5
viagra,5
violador,5
profesion,5
verdes,5
vomitivo,5
patriota,5
busqueda,5
temporada,5
deportado,5
potencia,5
abres,5
fiestas,5
perras,5
siguiendo,5
punta,5
ridicula,5
finalmente,5
pare,5
polvora,5
complices,5
operaciones,5
contenido,5
santo,5
ponerle,5
sectarismo,5
follarme,5
peluca,5
cotizando,5
cuadra,5
genetico,5
escuche,5
sientes,5
guetos,5
autorizaciones,5
expedientes,5
forzar,5
trabajado,5
echaron,5
legislatura,5
morados,5
espectacular,5
quisiera,5
negativa,5
drogas,5
mayoritaria,5
pasaba,5
citar,5
veian,5
envejecimiento,5
justamente,5
fines,5
denunciar,5
gane,5
antonio,5
tomo,5
olvidan,5
hormonas,5
machos,5
influye,5
estupideces,5
zaragoza,5
chupando,5
embarcaciones,5
aporte,5
interesan,5
kebab,5
moritos,5
abandonar,5
insulten,5
espalda,5
radicalmente,5
enfermiza,5
individuos,5
chinos,5
demagogia,5
cuerpos,5
envien,5
advierte,5
bombo,5
escuchado,5
saca,5
companero,5
television,5
mariquitas,5
religiosas,5
fallo,5
maravilloso,5
repente,5
recurso,5
conforme,5
sucedido,5
egoista,5
nacer,5
prestaciones,5
asesoramiento,5
anticorrupcion,5
dara,5
consentimiento,5
participacion,5
conste,5
liberalismo,5
esclavos,5
mamarla,5
subido,5
desierto,5
convencido,5
corriendo,5
centenares,5
terrorismo,5
patronal,5
fregar,5
machistas,5
vio,5
orejas,5
jugada,5
vuelos,5
cito,5
ministerios,5
destinar,5
motiva,5
deportacion,5
abc,5
hicieran,5
pongamos,5
plena,5
supremo,5
inteligentes,5
saltan,5
caen,5
portugal,5
partidas,5
loca,5
logicamente,5
intelectual,5
recibidos,5
nose,5
tabu,5
italianos,5
urnas,5
asignatura,5
deportar,5
psicopatas,5
quitarse,5
combatir,5
trampa,5
pasaria,5
aprecia,5
civiles,5
tenias,5
cojonuda,5
hacienda,5
forro,5
repercusion,5
invertir,5
institucion,5
infieles,5
montando,5
cachondeo,5
delinquiendo,5
mirad,5
tremenda,4
acogemos,4
chavismo,4
coherencia,4
granada,4
refugio,4
volvera,4
simboliza,4
iberia,4
venezolana,4
bienvenida,4
panales,4
mcdonalds,4
iberica,4
folla,4
meteorito,4
delinque,4
acoje,4
vendra,4
pagadas,4
dilema,4
putin,4
montana,4
directora,4
fantasia,4
prosperar,4
exodo,4
educativo,4
ufff,4
concesion,4
criando,4
informado,4
ensene,4
decentemente,4
querellados,4
lambo,4
agente,4
burradas,4
salidas,4
castiga,4
culturalmente,4
deporten,4
limpia,4
preocupado,4
argumentario,4
causado,4
geopolitica,4
valido,4
provocado,4
ponian,4
sencilla,4
correspondiente,4
fmi,4
explique,4
ciencias,4
niveles,4
preocupes,4
interesada,4
aguanta,4
futuras,4
elementos,4
semejantes,4
votes,4
ensenarles,4
policias,4
atentado,4
velocidad,4
teniamos,4
termine,4
devuelvan,4
medir,4
carretera,4
cuelan,4
leete,4
repunte,4
pedian,4
aceptable,4
debatir,4
auge,4
aislado,4
despilfarro,4
educa,4
compatible,4
acabas,4
disfruta,4
aceptas,4
nacen,4
secundaria,4
serbia,4
particulares,4
mentalmente,4
ayudado,4
queramos,4
bajas,4
plataforma,4
nacio,4
presupuestos,4
visita,4
febrero,4
femeninas,4
castro,4
darnos,4
preferir,4
buenisimo,4
indignante,4
mantienen,4
normativo,4
traduccion,4
tirarse,4
ultra,4
tomen,4
fluido,4
senora,4
continua,4
ruta,4
marlaska,4
empezaran,4
marcharse,4
directivos,4
jodio,4
informate,4
racial,4
eliminacion,4
conexiones,4
manipular,4
patrocinado,4
medieval,4
contento,4
conversaciones,4
pelos,4
rosa,4
domestica,4
ferry,4
formado,4
parecida,4
saldo,4
ponerme,4
avecina,4
solicitud,4
propone,4
presentes,4
perciben,4
admitir,4
utilizando,4
euskadi,4
pavo,4
limita,4
pagaron,4
comenzar,4
cojo,4
pela,4
psiquiatra,4
mentes,4
sudamericana,4
borregos,4
acepcion,4
wikipedia,4
estuvo,4
prohibe,4
yendo,4
franja,4
creciendo,4
semiban,4
junio,4
forovox,4
malnacido,4
especialistas,4
estuvieran,4
sabinanigo,4
cemento,4
recolectar,4
obtencion,4
conazo,4
conocida,4
fase,4
encanta,4
llevamos,4
vereis,4
salian,4
francesa,4
puedas,4
comportamientos,4
provocan,4
finales,4
mentir,4
acabaria,4
ciertamente,4
preferia,4
financiera,4
infecta,4
llegaran,4
absurdos,4
vestidos,4
alias,4
conquista,4
basas,4
democracias,4
ire,4
rango,4
piscina,4
culpable,4
esfuerzos,4
reagrupacion,4
independencia,4
burocracia,4
jesuitas,4
humo,4
modificado,4
brutales,4
afgano,4
mantenidos,4
cabrones,4
androgino,4
ponerlo,4
ramas,4
solas,4
quicena,4
vacias,4
mass,4
burla,4
eco,4
tragan,4
latinos,4
five,4
prima,4
ole,4
gifs,4
llegara,4
vago,4
descabellado,4
provocando,4
levantado,4
piedras,4
fea,4
aplaudir,4
plumero,4
roto,4
pronombres,4
necesitara,4
ajusta,4
creamos,4
productivo,4
tribus,4
suenan,4
rubias,4
flipas,4
cometido,4
tercermundismo,4
gustado,4
adicionales,4
asesino,4
rasistas,4
respetable,4
percibe,4
burrada,4
batalla,4
voteis,4
domingo,4
nobel,4
espaa,4
compensar,4
caguen,4
llenarse,4
terreno,4
desconozco,4
ganan,4
supervivencia,4
rodea,4
institucional,4
destaca,4
rrss,4
acogidos,4
investigacion,4
inteligente,4
parecemos,4
tapujos,4
encuentre,4
morito,4
comerciales,4
carnet,4
deportaciones,4
exclusivamente,4
conceden,4
indios,4
presentado,4
tergiversados,4
metes,4
suben,4
propietarios,4
poblados,4
resultados,4
aumentan,4
subiendo,4
venirse,4
sucede,4
pasandolas,4
verdades,4
pretendes,4
miro,4
articular,4
empadronar,4
rotodosiano,4
tuviese,4
preparada,4
militares,4
repartiendo,4
respondido,4
masculina,4
querella,4
presa,4
garantizar,4
alegra,4
perseguidos,4
obispo,4
caliente,4
totalidad,4
romanos,4
colombianos,4
incapie,4
formar,4
parrafo,4
coma,4
proporcionalmente,4
bildu,4
valenciano,4
impedirlo,4
afganos,4
ambiente,4
ataques,4
liarla,4
definir,4
cerveza,4
refugiadas,4
hacerte,4
griego,4
acabaremos,4
facilitan,4
aumentando,4
sexos,4
campanas,4
sorda,4
comparto,4
conservadores,4
buscas,4
antepasados,4
cambios,4
tecnicamente,4
cambiara,4
reconocimiento,4
relacionan,4
aeropuertos,4
tocara,4
invento,4
piro,4
respondes,4
tire,4
juntos,4
moderar,4
sectario,4
charter,4
infinitamente,4
pagaran,4
bugs,4
fui,4
producen,4
aficionados,4
interesado,4
exceso,4
rescates,4
oleada,4
ecuatorianos,4
adolescencia,4
llamarte,4
acababa,4
gastando,4
letra,4
intervenir,4
americanos,4
afuera,4
sectores,4
haberte,4
nativa,4
margen,4
dichas,4
correctamente,4
malaga,4
aproveche,4
jerga,4
demografico,4
cometer,4
juez,4
santa,4
citado,4
haberse,4
george,4
bus,4
desarrollados,4
integrar,4
aclara,4
mensual,4
factura,4
obreros,4
miente,4
miras,4
reciban,4
remover,4
municipio,4
analfabeto,4
libra,4
abusar,4
sexualmente,4
compro,4
ideologicamente,4
comedores,4
proporcion,4
moha,4
mantenerse,4
sobrevivir,4
incomoda,4
ocasion,4
magufadas,4
beneficiarse,4
cagar,4
seguiria,4
aclarar,4
esperemos,4
plazos,4
conducen,4
accidentes,4
aquella,4
poderoso,4
vease,4
violan,4
devolvia,4
calentito,4
devuelve,4
mundos,4
nacieron,4
mamarracho,4
abriendo,4
secreto,4
contribuyen,4
fisicamente,4
andar,4
respeta,4
materias,4
produjo,4
economista,4
refiriendose,4
enterado,4
serias,4
intersexuales,4
especializada,4
caben,4
titulos,4
netflix,4
considerado,4
harto,4
insultado,4
estomago,4
diaz,4
prosperidad,4
tranquilamente,4
pegamento,4
regulacion,4
remesas,4
categoria,4
facilidad,4
vieja,4
gafas,4
moreno,4
adolescentes,4
pondria,4
org,4
exclusivo,4
ideal,4
asad,4
declaro,4
volvio,4
acabara,4
entrevistas,4
aproximadamente,4
llegaban,4
solos,4
darte,4
unicas,4
asegurar,4
forzados,4
documentos,4
padron,4
sede,4
incluido,4
guettos,4
victoria,4
virgenes,4
critico,4
tds,4
respete,4
adulta,4
rellenar,4
trapo,4
argumentar,4
entiendas,4
llevaba,4
agredir,4
peter,4
libremente,4
refieren,4
saberlo,4
lugares,4
forzado,4
today,4
gender,4
promueve,4
cumplimiento,4
adecuado,4
productos,4
represion,4
reclamar,4
falla,4
madrilenos,4
maquinaria,4
referendum,4
chiringuito,4
ofendidito,4
publicamente,4
llevando,4
deporte,4
cuestan,4
residir,4
der,4
anitos,4
procedimiento,4
interese,4
altamente,4
quitando,4
imposibles,4
quiso,4
saquen,4
basa,4
dinamarca,4
islamistas,4
privados,4
mandando,4
rapidamente,4
establecer,4
preso,4
clave,4
funciones,4
reporte,4
mereces,4
fecha,4
registro,4
asume,4
vuelves,4
fuimos,4
comes,4
recibimos,4
ninato,4
usd,4
llames,4
sharia,4
absurdas,4
practican,4
decirle,4
comportarse,4
lavado,4
efectivo,4
civilizado,4
coincido,4
calvos,4
gallegos,4
medievales,4
demuestre,4
equivocado,4
permitido,4
benefician,4
enganar,4
africano,4
juega,4
trajeron,4
autonomias,4
etnico,4
discapacidad,4
propiedades,4
demigrante,4
reido,4
decreto,4
contaba,4
cibervoluntario,4
moto,4
comercial,4
quote,4
valoracion,4
servir,4
especificos,4
supuesta,4
factor,4
incitar,4
mencionar,4
rancio,4
mejorando,4
sojas,4
antisistema,4
supermercado,4
gastan,4
coloca,4
borrachos,4
controles,4
autobus,4
concretas,4
enganan,4
chubby,4
goldman,4
posteriormente,4
intentado,4
cueva,4
sufre,4
hdp,4
aumenta,4
globalizacion,4
arte,4
olvidate,4
migration,4
tamano,4
mafiosos,4
bolsa,4
sectarios,4
avance,4
patadas,4
existan,4
pareces,4
indices,4
kuznets,4
tienden,4
faltaria,4
exclusiva,4
socialismo,4
conspiranoico,4
desviar,4
rigor,4
paraguas,4
millas,4
dependencia,4
estudiado,4
plataformas,4
curran,4
deportes,4
riendo,4
aguante,4
soluciona,4
europe,4
torno,4
ofrecen,4
historicos,4
liar,4
costumbre,4
empleados,4
dedicar,4
queer,4
procedentes,4
puse,4
emigrante,4
patadon,4
recordemos,4
vuelto,4
chispa,4
convirtio,4
comenzo,4
sanciones,4
emigrado,4
apoyaria,4
incautacion,4
aberrante,4
correr,4
pensamientos,4
rodeado,4
espiritu,4
enteras,4
capullos,4
estafa,4
convenio,4
mania,4
tradicion,4
ayuditas,4
aceptan,4
pague,4
haberlo,4
castilla,4
cuneta,4
alternativa,4
odiar,4
finalidad,4
manifiesto,4
cortarse,4
noruega,4
padece,4
arresto,4
conforrero,4
humanitaria,4
timo,4
aguantando,4
tipos,4
financiar,4
gasta,4
profunda,4
adquisicion,4
bocs,4
apoyan,4
pienses,4
fueramos,4
pringados,4
mentiras,4
necesarias,4
lampedusa,4
chupiprogre,4
morado,4
evolucion,4
instalaciones,4
pesado,4
indignado,4
stock,4
negra,4
nngg,4
encuesta,4
obliga,4
agujero,4
socioeconomico,4
adopcion,4
ingreso,4
territoriales,4
decidio,4
decepcionado,4
reunificar,4
determinar,4
comemos,4
graves,4
ahorrado,4
traga,4
trate,4
ponerlos,4
chincheta,4
adopta,4
violacion,4
financia,4
juzgar,4
decentes,4
pirarse,4
saldra,4
cercano,4
preparados,4
continente,4
complice,4
combustible,4
vistas,4
paginas,4
echenique,4
dineros,4
pierdo,4
migrante,4
clemente,4
saddam,4
insuficiente,4
psicologico,4
llamarlo,4
cansado,4
necesito,4
identidades,4
cambiando,4
niegan,4
tarado,4
nohomo,4
ciento,4
comentar,4
ingenieria,4
varones,4
llamando,4
aplaudiendo,4
candidatos,4
letras,4
llamame,4
descojono,4
americano,4
estadounidense,4
habiamos,4
muestran,4
adolescente,4
terrenos,4
desfavorecidos,4
echaban,4
opresores,4
opresor,4
fraga,4
nacionalista,4
opera,4
fria,4
consiguen,4
respetan,4
pille,4
captainupyd,4
ahh,4
vivi,4
darian,4
pertenece,4
miserables,4
discriminatorio,4
telefonica,4
promueven,4
rajao,4
necesitados,4
rasero,4
holanda,4
palmar,4
realizado,4
trabajas,4
destinado,4
sentia,4
soberania,4
nancys,4
irian,4
maricona,4
triple,4
sientan,4
tendrias,4
cobertura,4
encontrarse,4
revolucion,4
dandoles,4
helicoptero,4
cayuco,4
marina,4
reciprocidad,4
cliente,4
dejara,4
busquen,4
montais,4
caprichosas,4
ayuden,4
paralelo,4
amplio,4
dependientes,4
dosis,4
young,4
buscado,4
usado,4
nula,4
opinais,4
hamijos,4
anade,4
problemon,4
largue,4
gallego,4
rojeras,4
cambiarlo,4
arbitrarias,4
acabaran,4
inundar,4
exagerado,4
quejo,4
titulados,3
contundente,3
comparamos,3
soltando,3
dieses,3
debates,3
nativos,3
group,3
constata,3
caldo,3
peru,3
latinoamericana,3
opus,3
mariconas,3
preferiria,3
bank,3
correos,3
neta,3
imaginario,3
proximas,3
beneficiarios,3
agradecen,3
cheque,3
putitas,3
podias,3
estarias,3
use,3
enferma,3
jajajajaj,3
arquitectos,3
etnicamente,3
expulsaria,3
vivas,3
montaje,3
tara,3
parlamento,3
ltda,3
crimen,3
cometan,3
ajeno,3
beca,3
violando,3
berlin,3
patriotas,3
puertos,3
trafican,3
estaras,3
ibas,3
calla,3
permitira,3
iphones,3
coopservir,3
captain,3
doblada,3
raras,3
votaria,3
miralo,3
encantaria,3
venidya,3
rescatar,3
somalies,3
receptores,3
piruletas,3
flores,3
credibilidad,3
sabado,3
cacho,3
alcanzar,3
barbarie,3
huevon,3
ruido,3
destina,3
cansina,3
ironia,3
adelantado,3
lmao,3
simpsons,3
imagenes,3
black,3
errata,3
madura,3
acciones,3
descartar,3
ucraniano,3
misa,3
mirado,3
tipica,3
trastornado,3
afd,3
quise,3
imaginas,3
fecal,3
sombra,3
demuestro,3
proximamente,3
encargado,3
realizando,3
mermelada,3
empleador,3
pretender,3
etiquetar,3
pagapensiones,3
textuales,3
terminas,3
pides,3
miramientos,3
ajjaajjajajajajjajajaajajajjajjaajjajajajajjajajaa,3
jajajajajjajajaajajajjajjaajjajajajajjajajaajajajj,3
jajjajajaajajajjajjaajjajajajajjajajaajajajjajjaaj,3
ajaajajajjajjaajjajajajajjajajaajajajjajjaajjajaja,3
jajjajjaajjajajajajjajajaajajajjajjaajjajajajajjaj,3
confirma,3
sueltan,3
judicial,3
defenderlo,3
off,3
necesarios,3
traficar,3
porculo,3
dioses,3
pagaba,3
dudarlo,3
engano,3
previamente,3
semos,3
mora,3
integrarte,3
multimillonarios,3
cites,3
detienen,3
considere,3
version,3
cabras,3
tratamientos,3
exijo,3
reaccion,3
fuerteventura,3
jajajjajjaajjajajajajjajajaajajajjajjaajjajajajajj,3
extrane,3
navidad,3
capas,3
cerdos,3
demasiados,3
extremos,3
reconozco,3
estando,3
maletas,3
secundario,3
forrando,3
sinceridad,3
abusos,3
limitar,3
cunao,3
ehh,3
pontevedra,3
dejalo,3
okupar,3
rastro,3
dejaran,3
demonio,3
habitaciones,3
comparten,3
llenos,3
residuales,3
negando,3
relativamente,3
canis,3
actores,3
caro,3
syriza,3
buscaban,3
boom,3
rotundo,3
voluntariamente,3
centroeuropa,3
llover,3
hazte,3
cayendo,3
ende,3
enchufado,3
ideario,3
ganando,3
populista,3
magrebies,3
recopilar,3
contesta,3
dirigido,3
currado,3
fundamentalistas,3
desesperacion,3
abran,3
huesos,3
reparo,3
cobijo,3
gusten,3
dirias,3
preguntando,3
detenciones,3
desmienten,3
conducta,3
mantenimiento,3
fomenta,3
carteristas,3
socializacion,3
escribo,3
contestado,3
parecia,3
devuelto,3
suicidas,3
producido,3
habita,3
esposa,3
adopto,3
acorde,3
hubieras,3
desagradecida,3
reniegan,3
considerarse,3
decimos,3
ultraconservador,3
suceda,3
disponer,3
atendiendo,3
presenta,3
retorno,3
censura,3
arcoiris,3
cri,3
planes,3
senalan,3
acerca,3
metete,3
bonus,3
prefieres,3
maltratan,3
quitarles,3
filologia,3
busco,3
scotland,3
panchos,3
sufragio,3
bajan,3
indico,3
somalia,3
puntuales,3
apellidos,3
detalles,3
desmantelar,3
descubrir,3
proviene,3
clavo,3
perturbado,3
carajo,3
not,3
crearan,3
determinada,3
indirectamente,3
expresion,3
lucrando,3
animal,3
trincar,3
preocupo,3
destruyendo,3
recogerlos,3
tesoreria,3
camellos,3
cartera,3
npc,3
consienten,3
movilidad,3
criticado,3
prohibido,3
ferrovial,3
sobraba,3
mantra,3
meloni,3
agenda,3
revisara,3
procedente,3
astronomia,3
extiende,3
feo,3
tecnologica,3
discursos,3
ayudarles,3
warcelona,3
adaptas,3
aportas,3
levantar,3
efectiva,3
actuaciones,3
bases,3
moja,3
problematicas,3
absurda,3
subjetivo,3
grabado,3
obliguen,3
pandereta,3
preferirias,3
castigar,3
gayer,3
normalizarlo,3
bienqueda,3
secas,3
gueno,3
vara,3
comparas,3
comedor,3
traerse,3
fobias,3
clinica,3
organica,3
fisica,3
pollo,3
manteca,3
aguantan,3
tipejo,3
telefono,3
malote,3
solicitante,3
austria,3
participantes,3
contratado,3
penal,3
infraccion,3
anunciada,3
female,3
carnes,3
masacrando,3
pirineo,3
normalizado,3
mostrar,3
penitenciarios,3
cojeas,3
cabida,3
limitan,3
chulo,3
entienden,3
invadir,3
billetes,3
metelos,3
normalizar,3
autenticas,3
gini,3
votad,3
too,3
destine,3
lucro,3
expuesto,3
yupi,3
teletrabajo,3
expulsados,3
casita,3
aumentado,3
valentia,3
bolivianos,3
ione,3
ventajas,3
anteriormente,3
fran,3
numerosos,3
puramente,3
proposito,3
deducir,3
creciente,3
penaliza,3
jose,3
iva,3
realizan,3
socios,3
ocio,3
autonomas,3
fisico,3
entregar,3
ilusion,3
sorprender,3
culpas,3
sueltos,3
indicador,3
inculto,3
ahorrar,3
ponte,3
quedarme,3
coman,3
liga,3
yangon,3
avanza,3
ascazo,3
pudieron,3
relacionado,3
poli,3
orgullosos,3
informativo,3
estudiando,3
hiciesen,3
examen,3
exposicion,3
autentico,3
antiguos,3
nieve,3
mezclarse,3
llamados,3
preferencias,3
patrimonio,3
limpias,3
existira,3
mostrado,3
normativa,3
terraza,3
estare,3
nervioso,3
susto,3
sueltas,3
vomitiva,3
encontraras,3
etarras,3
cuentes,3
ola,3
papanatas,3
declaracion,3
nariz,3
change,3
cia,3
tachado,3
historial,3
dudas,3
anchos,3
sufragar,3
precaria,3
bajada,3
probarlo,3
meteria,3
ayudarlos,3
adaptan,3
consiente,3
asistir,3
anonimato,3
concedida,3
afectados,3
fusil,3
perjudicado,3
presiones,3
jubilados,3
demostrando,3
aceptados,3
regalen,3
salieran,3
aceptamos,3
llegas,3
hablais,3
valladolid,3
charo,3
caza,3
consiguiendo,3
pensarlo,3
opone,3
smith,3
tucan,3
daras,3
entrara,3
ayudante,3
mayormente,3
inteligencia,3
ultranacionalistas,3
empiezo,3
empobrecer,3
autonoma,3
vueltas,3
leia,3
god,3
tomadura,3
sincero,3
enviando,3
veiamos,3
alumno,3
inclusivas,3
moderada,3
seguidores,3
apetezca,3
moscas,3
modalidades,3
facilitado,3
sostener,3
partimos,3
flipante,3
academias,3
plantear,3
incluyen,3
funciono,3
metera,3
callan,3
noruegos,3
acumulacion,3
orientaciones,3
extremadura,3
ordenadamente,3
riesgos,3
conductas,3
exterminio,3
profesora,3
conducir,3
shurmanos,3
cajero,3
tarragona,3
dejate,3
catapulta,3
catalan,3
tarda,3
escribe,3
collar,3
area,3
bullying,3
ensenan,3
empezado,3
industria,3
cotiza,3
organicen,3
traca,3
bajen,3
yolanda,3
circulo,3
pubertad,3
antano,3
necesitado,3
mios,3
ordenada,3
lacito,3
panico,3
vinculacion,3
periodismo,3
dogmas,3
montan,3
blog,3
entere,3
bcn,3
conseguirlo,3
solucionado,3
manta,3
terminan,3
establecerse,3
eramos,3
solitos,3
fija,3
echarle,3
diselo,3
jajajajajjaja,3
contrastar,3
sudor,3
estariamos,3
haremos,3
gemelos,3
firmo,3
elegidos,3
contenidos,3
paguemos,3
silencio,3
inri,3
mojon,3
conoci,3
antemano,3
adecuadas,3
incapaz,3
verse,3
attw,3
pario,3
psicologica,3
distinguir,3
hale,3
negarlo,3
viogen,3
expulsa,3
pintura,3
consiste,3
empadronados,3
olvide,3
ocupa,3
flipar,3
dare,3
unida,3
vicepresidenta,3
influencias,3
ampliacion,3
compartia,3
pobrecito,3
callar,3
psiquiatrico,3
estable,3
bolivia,3
buscaron,3
espanita,3
costera,3
opcionales,3
residual,3
vitoria,3
detener,3
garzon,3
gobernado,3
rapefugee,3
leen,3
obligan,3
decida,3
refleja,3
propuesta,3
tucanejo,3
mande,3
decenas,3
borde,3
inutilidad,3
viajecito,3
largate,3
escapar,3
contributivas,3
compartida,3
desinformacion,3
continuidad,3
excusas,3
facilitar,3
sacaron,3
recibiran,3
decadencia,3
mengele,3
progues,3
valencianos,3
pareceria,3
ius,3
estupido,3
pasase,3
muriendo,3
quedamos,3
reparten,3
vinculado,3
vinculada,3
mugremitas,3
acepte,3
brutos,3
pozo,3
canada,3
dejemos,3
ferreras,3
sevilla,3
piensen,3
rios,3
putisima,3
vendan,3
quedaban,3
pendiente,3
eur,3
destinada,3
requiere,3
barca,3
influya,3
garantia,3
gta,3
portal,3
produciendo,3
plano,3
nop,3
visitas,3
clavado,3
aplica,3
vendimia,3
acam,3
psicologicas,3
crack,3
rubiales,3
comprendo,3
fail,3
encubierta,3
negativo,3
muslim,3
locas,3
profesores,3
vomitar,3
valorar,3
concurso,3
pongas,3
apip,3
localidad,3
camaras,3
grados,3
fortuna,3
acritud,3
moraleja,3
falte,3
alojamiento,3
capitan,3
ogt,3
comparaciones,3
afiliados,3
manipulado,3
sacada,3
azules,3
eliminar,3
mahoma,3
operado,3
nobles,3
caes,3
moderno,3
yihadismo,3
poderosos,3
troya,3
cierra,3
csi,3
opinar,3
haztelo,3
contribuyente,3
presente,3
bocas,3
fruta,3
atajo,3
sarnosa,3
presi,3
contados,3
escano,3
eche,3
pedimos,3
tecnologia,3
diversas,3
recogen,3
protestar,3
finca,3
besis,3
logro,3
eligen,3
emergencia,3
resentido,3
traes,3
guapas,3
parodia,3
avisado,3
oslafo,3
industrias,3
fijar,3
tregua,3
dispuesto,3
favores,3
contiene,3
conservadora,3
victimizarse,3
listos,3
ramo,3
standard,3
sobacos,3
posmoderno,3
ceder,3
entramos,3
hablen,3
sobaco,3
vendria,3
planteando,3
quejando,3
reportar,3
respondia,3
discapacitada,3
mongolo,3
caeria,3
breve,3
bloque,3
septiembre,3
claras,3
barba,3
turco,3
expoliar,3
pabellon,3
hundido,3
comentan,3
infraestructuras,3
adquirir,3
suponga,3
naturalidad,3
ensenen,3
repiten,3
bombardeo,3
mentiroso,3
explicacion,3
rick,3
misterio,3
infecto,3
pagarse,3
saltado,3
noviembre,3
bano,3
prostitucion,3
ccaa,3
superado,3
suelta,3
celta,3
rafael,3
reloj,3
messi,3
cadiz,3
pasaron,3
afectan,3
negritos,3
descanso,3
protocolo,3
libres,3
sangro,3
pinchas,3
alimento,3
medica,3
utilizado,3
note,3
redactor,3
identificado,3
imperio,3
invaden,3
comento,3
cacao,3
creada,3
constructo,3
corresponden,3
feminazismo,3
provincias,3
arboles,3
endofobia,3
compran,3
viste,3
influyen,3
magufo,3
religiosamente,3
yihadistas,3
vales,3
supieras,3
gesto,3
adoctrinamientos,3
preferirian,3
blas,3
creyentes,3
comportan,3
tve,3
baia,3
migratorios,3
flujos,3
marginales,3
sencillamente,3
recientes,3
links,3
ordenes,3
mando,3
charlie,3
argelia,3
jodernos,3
catalunya,3
derechista,3
traten,3
albergar,3
masivas,3
lobotomizado,3
ideologico,3
solicitado,3
exquisitos,3
lectura,3
apunto,3
proponer,3
religiosos,3
asalto,3
britanicos,3
avances,3
transformacion,3
acompanamiento,3
estructura,3
discrimina,3
actua,3
compact,3
pagada,3
relata,3
sospechoso,3
limpiar,3
hogar,3
tareas,3
despierta,3
avanzar,3
bahrein,3
tirando,3
arroz,3
entendeis,3
justifica,3
ficha,3
fermin,3
identitario,3
atrevo,3
usando,3
aceptando,3
cumplan,3
quejamos,3
argumentacion,3
aversion,3
prefiera,3
operada,3
comerte,3
transfoba,3
maldad,3
restauracion,3
territorios,3
evitan,3
acogiendo,3
recurrio,3
gastaron,3
tutela,3
mamar,3
beber,3
madera,3
subestimas,3
venis,3
operarse,3
etnias,3
policiales,3
etnicos,3
echado,3
discriminar,3
extremismo,3
llamaria,3
seguido,3
especies,3
division,3
sudando,3
cruzada,3
compromiso,3
lorzas,3
pillas,3
invitacion,3
liberado,3
relacionada,3
coordinacion,3
intentaron,3
vehiculos,3
morro,3
estirpe,3
largarlos,3
ofrecer,3
upeando,3
pantalla,3
descubres,3
llenen,3
igualito,3
alturas,3
amiga,3
ponerte,3
afectara,3
consecuencia,3
consiguieron,3
sacarlo,3
monos,3
riendose,3
evidencia,3
islamofobia,3
judia,3
explicaria,3
putada,3
irregulares,3
fronterizos,3
potenciales,3
flanders,3
descenso,3
bida,3
ordinario,3
espada,3
intente,3
sancion,3
bruto,3
manipulada,3
malvado,3
modificaciones,3
demasiadas,3
pagarme,3
gelipollas,3
aquello,3
extendido,3
reclama,3
extrano,3
longanizas,3
llueven,3
vendrian,3
dependiendo,3
relativo,3
cobren,3
defensor,3
radio,3
manifiesta,3
gratitud,3
jetas,3
turistas,3
contactos,3
zasca,3
bollos,3
mantengan,3
juridica,3
presentar,3
catolica,3
desarrollara,3
sangran,3
american,3
escondidos,3
doritos,3
existentes,3
aprendes,3
necesitaria,3
almenos,3
publicar,3
prioritarias,3
implantacion,3
preparando,3
dile,3
regreso,3
reparacion,3
burlas,3
darias,3
indicios,3
sefardi,3
indocumentados,3
esquina,3
kebabs,3
seriamos,3
elles,3
aliados,3
priva,3
ana,3
antonanzas,3
funcionarios,3
forohomofobos,3
molestar,3
mayoritario,3
tomes,3
esperanzas,3
ronda,3
huevo,3
torpe,3
bocata,3
iii,3
ocupen,3
ocupan,3
postureo,3
manipulando,3
embajada,3
urbanizacion,3
encerrados,3
cuadrado,3
jugadores,3
agencias,3
barreras,3
probado,3
ausencia,3
ciudadania,3
asignacion,3
presupuestaria,3
logrado,3
democratica,3
maria,3
pagaremos,3
espuertas,3
confundir,3
coletas,3
directos,3
haberlos,3
pulso,3
pegan,3
inmediata,3
plenamente,3
suizo,3
vulnerable,3
romper,3
desmontar,3
lunes,3
prueben,3
lie,3
escucho,3
homogeneidad,3
visitar,3
estupida,3
men,3
devoluciones,3
pecado,3
solicito,3
desconocia,3
apellido,3
desconocidos,3
bobierno,3
levantan,3
independiente,3
temo,3
platos,3
ensenas,3
honrada,3
atenta,3
ingente,3
enfrentamiento,3
gastado,3
regalan,3
retienen,3
molaba,3
ignorantes,3
desprecio,3
huian,3
esperaban,3
caballero,3
muchamiel,3
armado,3
parecidas,3
rae,3
participas,3
cloaca,3
alucino,3
brexit,3
georgianos,3
abuso,3
metas,3
banqueros,3
canales,3
limitada,3
abriran,3
reunificacion,3
imponiendo,3
aka,3
vacios,3
calladito,3
avalancha,3
paco,3
ofendido,3
disculpa,3
despreciar,3
pija,3
globalista,3
queriendo,3
veracidad,3
responden,3
inclusivos,3
raiz,3
decirme,3
crispacion,3
pico,3
inglaterra,3
penitenciarias,3
cadenas,3
entraba,3
bares,3
preocupacion,3
galapagar,3
colgado,3
soberana,3
hechas,3
aburrido,3
fascismo,3
parto,3
socialistas,3
acabamos,3
atacando,3
tesis,3
precariedad,3
afectado,3
respetuosos,3
gira,3
cruzaron,3
justificando,3
desmontando,3
condenar,3
salvarse,3
desmontan,3
intentas,3
anaknas,3
progresar,3
follado,3
preguntaba,3
guetto,3
amantes,3
pudiendo,3
sofa,3
camion,3
invita,3
halal,3
guarros,3
free,3
materiales,3
organizado,3
danos,3
pisito,3
ayudando,3
jpg,3
espanolitos,3
laico,3
agredido,3
firma,3
alarma,3
hubiesen,3
joden,3
subsistir,3
obligatoriamente,3
comente,3
largan,3
categorias,3
carnets,3
marea,3
gentes,3
lineas,3
anecdotas,3
variar,3
sutherland,3
impunes,3
anuales,3
aprovechados,3
comision,3
definen,3
renuncia,3
contempla,3
angela,3
secta,3
natal,3
representan,3
salvado,3
zancadilla,3
bala,3
emigro,3
enesima,3
acento,3
retratado,3
muera,3
escandinavia,3
estudiados,3
pobrecillo,3
volvian,3
trabas,3
frasco,3
ponerles,3
altavoz,3
permitan,3
covid,3
veia,3
edicion,3
comportas,3
leon,3
rapida,3
adoctrinados,3
tradicional,3
manipulador,3
estables,3
recinto,3
non,3
completas,3
piense,3
regala,3
leches,3
disponibles,3
arbitraje,3
jugador,3
respondio,3
concejal,3
importaria,3
pensaran,3
permanente,3
declara,3
vih,3
hijosdeputa,3
pintan,3
siguientes,3
irte,3
ayudan,3
vivos,3
corren,3
traemos,3
ingratos,3
watch,3
xbox,3
donleo,3
asesinadas,3
conscientes,3
pen,3
barro,3
empatia,3
arena,3
norteafricanos,3
integrantes,3
emigre,3
mediatico,3
prometieron,3
legitimo,3
exclusion,3
vieron,3
parado,3
naturales,3
ceoe,3
desconocido,3
schengen,3
desaparicion,3
cuentos,3
paralelas,3
prisa,3
maricas,3
revela,3
canutas,3
pediguenos,3
muerde,3
refran,3
sentidos,3
cambie,3
habituales,3
expresiones,3
estadio,3
trasladar,3
sachs,3
sociata,3
amo,3
disfrute,3
mandamos,3
pos,3
acabando,3
compara,3
impensables,3
caucasicos,3
alepo,3
mindunguis,3
espere,3
fedea,3
joan,3
corrupto,3
sed,3
formados,3
latinas,3
avisan,3
energumenos,3
monica,3
convivir,3
produccion,3
colarse,3
privadas,3
raciocinio,3
seguis,3
documenta,3
cunado,3
concentran,3
palestina,3
intolerable,3
evitado,3
multiculturales,3
opositores,3
centimo,3
creyendo,3
diferenciar,3
autorizacion,3
nigeria,3
lanzan,3
entendemos,3
evitarlo,3
saltando,3
dejarlos,3
cotizados,3
insultante,3
abra,3
populistas,3
lograr,3
explicame,3
sobresaliente,3
suyas,3
homicidios,3
determinados,3
oigo,3
humillaciones,3
hables,3
comete,3
mango,3
acaben,3
embarcacion,3
hermanas,3
ultraizquierda,3
disparan,3
callados,3
hecha,3
arruinado,3
sulfures,3
culto,3
positivamente,3
suban,3
adecco,3
demuestras,3
salta,3
dale,3
irlandeses,3
favorecen,3
navegar,3
atreve,3
efe,3
rueda,3
emigra,3
kuwait,3
redondo,3
informarse,3
identitaria,3
inversa,3
aparezca,3
gestionan,3
preocupados,3
cocina,3
indiferente,3
entenderse,3
deambulando,3
matriculacion,3
expectativas,3
penetracion,3
trabajadoras,3
lenta,3
suma,3
inmediatamente,3
malditos,3
bombazos,3
utilizas,3
choque,3
yoli,3
ladron,3
defendeis,3
acosado,3
torera,3
concentracion,3
brevemente,3
justifican,3
pares,3
alimentos,3
actuan,3
sabias,3
alcanzo,3
altas,3
dispara,3
impensable,3
labor,3
tolerantes,3
utilizan,3
supermercados,3
electrica,3
contribuyentes,3
latinoamericanos,3
jodan,3
triunfo,3
paula,3
verdaderas,3
contrarios,3
mundiales,3
sirviendo,3
basicas,3
nosotras,3
atraco,3
globo,3
humanitarias,3
operandi,3
modus,3
ligar,3
spain,3
construian,3
firmemente,3
conspiraciones,3
palomo,3
considerablemente,3
prohibimos,3
importas,3
transformado,3
okupacion,3
asesinato,3
international,3
reflexionar,3
abuelo,3
surja,3
entenderas,3
date,3
socio,3
hunde,3
encantados,3
alegria,3
creeran,3
insisten,3
enganados,3
decapitaciones,3
universitarios,3
reich,3
aprovecharse,3
podras,3
aparecen,3
impresentable,3
partiendo,3
bodas,3
morales,3
cargos,3
quite,3
inditex,3
colocando,3
pra,3
vinagre,3
impone,3
molestado,3
sudar,3
movilizaciones,3
hundir,3
hare,3
sufren,3
evitas,3
queridos,3
federica,3
delicado,3
modilo,3
quedarte,3
espuma,3
trotar,2
dimos,2
progenitores,2
sonia,2
agrega,2
ismael,2
shurtalk,2
propagar,2
esclava,2
regule,2
parasita,2
parrafada,2
desapareceria,2
impopular,2
raquel,2
andrea,2
urss,2
dinamica,2
encuestados,2
paralela,2
desaparecen,2
argumentando,2
bromas,2
chocapic,2
cruzan,2
estudia,2
contribuido,2
deficit,2
corresponderia,2
minimas,2
hamburguesas,2
reduciendo,2
bruquetas,2
factores,2
llamaban,2
inhumanos,2
lobbies,2
ahorra,2
rendimiento,2
aprobando,2
oponga,2
rajatabla,2
leerte,2
creerselo,2
ensuciarlo,2
actitudes,2
oberaxe,2
temor,2
integrando,2
desinteresada,2
reservadas,2
gozara,2
iluso,2
pamplona,2
expliquemoslo,2
infiel,2
justas,2
podiamos,2
progretada,2
lamenta,2
cede,2
expulsen,2
pasaje,2
forzando,2
limitrofes,2
escriben,2
full,2
adjetivos,2
colonia,2
hablaria,2
resuelve,2
describes,2
estetico,2
apoyado,2
unanimidad,2
reprimidas,2
concedido,2
subsidiaria,2
jamon,2
descampado,2
abdu,2
percibiendo,2
elemento,2
lujos,2
gilipoyas,2
cascoporro,2
magica,2
tercermundo,2
mortal,2
antiguas,2
absolutos,2
verle,2
alemanas,2
recortar,2
telediario,2
deseos,2
volcar,2
intentandolo,2
eritreos,2
mera,2
napalm,2
haciamos,2
tradicionalmente,2
huerto,2
dedicada,2
revienta,2
enga,2
analfabetos,2
iros,2
vayais,2
emigrando,2
enterarse,2
chuleton,2
vigila,2
oyios,2
matandose,2
desacuerdo,2
retiraria,2
expulsan,2
disparate,2
iraq,2
despreciable,2
lectores,2
pijiprogres,2
anarquistas,2
regulada,2
granito,2
audi,2
mataba,2
envio,2
someterse,2
recibes,2
miami,2
llegamos,2
bonanza,2
entrenador,2
nescafe,2
albergue,2
basandose,2
citarme,2
nacionalsocialistas,2
opuesta,2
pagais,2
torrevieja,2
desactivado,2
rover,2
reclaman,2
relacionadas,2
consciente,2
refuges,2
pagariamos,2
rusa,2
tacos,2
amanecer,2
dorado,2
huelgas,2
sindicalistas,2
huelga,2
quedaran,2
barrera,2
nuca,2
asesina,2
comentando,2
pondran,2
soltemos,2
exigia,2
colado,2
dandome,2
copan,2
ateos,2
marcar,2
atropelle,2
benevolencia,2
coraje,2
contraten,2
repartirse,2
guantazos,2
acomodadas,2
crianza,2
avispado,2
durmiendo,2
tomate,2
innumerables,2
agricolas,2
deslomarse,2
bajaria,2
desprende,2
burguesia,2
sirvio,2
discutiendo,2
descubre,2
ofrezca,2
apuras,2
pisan,2
agradable,2
cubiertas,2
protestan,2
cateto,2
ampliar,2
fanatismo,2
quejes,2
significado,2
biliosos,2
sesgada,2
vuelvete,2
pique,2
tragarse,2
huyes,2
sudaba,2
gonorrea,2
fijado,2
sentados,2
vengais,2
incitan,2
trabajolibredebulos,2
promoviendo,2
culpar,2
palurdo,2
pakistanies,2
haylos,2
panaderia,2
contratare,2
fresco,2
pensaban,2
mayusculas,2
descubro,2
refugiada,2
preocuparnos,2
magistral,2
perceptores,2
corral,2
recaudacion,2
contactado,2
perfeccion,2
resuelta,2
pasadas,2
apuesta,2
erario,2
mugroso,2
tinder,2
inspecciones,2
morunos,2
olvidaba,2
reclame,2
oeste,2
emigrados,2
emigraron,2
acogieron,2
islamicos,2
destrozan,2
envejecida,2
marcharan,2
cuantificado,2
echen,2
terrible,2
contamos,2
incluyo,2
supondria,2
realizo,2
denegaciones,2
rechazadas,2
adquirieron,2
establecidos,2
equivalente,2
continentes,2
requerida,2
dejaba,2
disponible,2
moromierder,2
equivocan,2
atamos,2
facto,2
cristalero,2
pisitos,2
registrada,2
alcanzaron,2
uni,2
superadas,2
dubai,2
fracasado,2
rumana,2
newtral,2
pereza,2
ehhh,2
tenerle,2
llora,2
desastre,2
churrero,2
valora,2
repatriaciones,2
alza,2
cortos,2
huya,2
sembrado,2
imponian,2
desencaminado,2
neurona,2
mantenernos,2
nene,2
bici,2
simultaneas,2
visitarnos,2
reintentar,2
pagarlos,2
fronterizo,2
migratoria,2
respetuosamente,2
minoritarios,2
desactualizados,2
querrian,2
descontrol,2
resumiendo,2
seriedad,2
debidamente,2
seguida,2
quedate,2
sykes,2
picot,2
danipolf,2
actualizar,2
metal,2
empezamos,2
picaresca,2
dirigentes,2
cuernos,2
intromision,2
sesgo,2
encarga,2
universitario,2
detrimento,2
ultraderechista,2
niegue,2
acojamos,2
matriculas,2
malvas,2
muros,2
cajon,2
polacos,2
lasexta,2
invadiendo,2
saturados,2
desapareciendo,2
andan,2
desperdigados,2
extraterrestres,2
rentas,2
insercion,2
importando,2
atraviesan,2
chocante,2
lepen,2
frustrado,2
soldados,2
patrullar,2
pierna,2
rubia,2
nuclear,2
colombiano,2
trecho,2
variable,2
calculo,2
regularizados,2
sesgado,2
proinmigracion,2
seguire,2
corten,2
marionetas,2
comeremos,2
mugrientos,2
disfrutadlo,2
perdidos,2
cao,2
netamente,2
agradecera,2
incentivar,2
creeras,2
cabecera,2
discrepa,2
estancias,2
citas,2
separacion,2
trozo,2
solito,2
gratuitamente,2
compartiendo,2
descubriendo,2
day,2
incompatible,2
contributiva,2
estocolmo,2
enchufismo,2
escandinavos,2
podremos,2
jornadas,2
conas,2
jovencitas,2
escapando,2
giliprogresia,2
tonar,2
encontrarme,2
consola,2
puff,2
quitaba,2
rape,2
latin,2
naturalmente,2
ocurrira,2
buscaran,2
favorable,2
ficcion,2
votare,2
traidora,2
conservadoras,2
prometio,2
reventado,2
aburren,2
humilde,2
laborables,2
izmierda,2
condenada,2
costara,2
tolais,2
trataban,2
bah,2
seais,2
cansinos,2
ritmo,2
partiendome,2
quejarme,2
juro,2
creeme,2
variado,2
psiquiatras,2
pisar,2
asquerosa,2
dejame,2
estandar,2
asociada,2
brecha,2
fama,2
opinan,2
facturas,2
subseres,2
males,2
menudas,2
pimiento,2
inicialmente,2
corrido,2
factible,2
frigorifico,2
llenando,2
urgencias,2
coge,2
cubre,2
sueca,2
cogian,2
tachen,2
merecia,2
egoistas,2
potemos,2
paredes,2
buscamos,2
islamista,2
rumor,2
pava,2
atreverian,2
cortada,2
cinturon,2
juventudes,2
timidos,2
cerrados,2
borra,2
descojonandose,2
caras,2
paisanos,2
preguntate,2
azar,2
sociatas,2
estupendo,2
degeneracion,2
pedofilo,2
dragon,2
querras,2
montado,2
ciclo,2
conto,2
ibrahimovic,2
recalcar,2
gastados,2
fiabilidad,2
chupocteros,2
fire,2
pobrecillos,2
joderos,2
rejilla,2
reunifique,2
rebelde,2
aca,2
alojados,2
aprueban,2
corcho,2
defino,2
coran,2
eugenesia,2
arturo,2
iras,2
previa,2
dure,2
chupa,2
tragaderas,2
reventando,2
recordad,2
masters,2
contarle,2
pff,2
presumir,2
correa,2
piojos,2
jajajjaa,2
profe,2
anades,2
dificultad,2
mohameds,2
pegarle,2
moronegris,2
pagarian,2
cubrir,2
cuadrados,2
agradeceras,2
quejaras,2
pastizal,2
aceptarte,2
juzgarlo,2
mmm,2
penurias,2
cobro,2
mire,2
preferimos,2
enviar,2
visitado,2
llamarme,2
aporto,2
paciencia,2
cirugias,2
gorrones,2
mandarle,2
karma,2
casposo,2
pediran,2
legalizar,2
pol,2
asexuales,2
opc,2
casate,2
mandos,2
tato,2
cobre,2
morterada,2
negociete,2
espanistan,2
matengan,2
fomente,2
burros,2
pensarselo,2
mostrando,2
cagado,2
jamalaja,2
lied,2
fucking,2
cvs,2
querria,2
traducciones,2
exceptuando,2
numerosas,2
nacionalizadas,2
contarnos,2
aburres,2
creyendote,2
besando,2
cruzando,2
gustas,2
flipado,2
socialmente,2
despierte,2
amancio,2
ortega,2
bocazas,2
vuelvas,2
sube,2
camaradas,2
activo,2
jubilen,2
jajajajja,2
apechugar,2
emigramos,2
mide,2
pesa,2
brotes,2
defendian,2
levantamos,2
llevarlo,2
banez,2
poneis,2
manipulaciones,2
jodes,2
publicaran,2
prole,2
abdul,2
fatima,2
procesar,2
tardes,2
desvirgar,2
bancaria,2
indicando,2
indican,2
sumas,2
retarded,2
manuel,2
garcia,2
fomentando,2
civilizados,2
pasmosa,2
muuuuuucho,2
mandase,2
andara,2
cuchillo,2
bulling,2
ejecuciones,2
juntan,2
desilusionado,2
pabulo,2
priori,2
transparentes,2
cuente,2
pierdes,2
nordicos,2
supuestas,2
levantaran,2
cogia,2
limpian,2
cojer,2
preocupaciones,2
escusa,2
hayamos,2
metamos,2
marisco,2
vitalicio,2
dada,2
estatus,2
tocarse,2
echaba,2
tos,2
entrevistar,2
leche,2
decepcionados,2
complica,2
cagas,2
esperpentico,2
normalizando,2
conocia,2
minimamente,2
negado,2
decidimos,2
funcionaria,2
escolares,2
parametros,2
hablaran,2
patatas,2
acomplejada,2
espaldas,2
mantenerles,2
alternativas,2
costear,2
pondrian,2
gorrazos,2
trabajamos,2
recalco,2
adultas,2
cincuenton,2
casillas,2
picha,2
enviarlo,2
exiguo,2
more,2
guardan,2
tenerlo,2
conozca,2
desgraciados,2
llueve,2
salgo,2
acogimiento,2
agradecimiento,2
nerviosa,2
sep,2
desfogar,2
verla,2
bad,2
objetiva,2
solicitarlo,2
andorra,2
cercanas,2
aportaciones,2
pidieron,2
avise,2
populismo,2
traigamos,2
desviados,2
formulario,2
inspeccion,2
grifo,2
helena,2
maritimo,2
sepamos,2
echad,2
pensad,2
estudian,2
flaco,2
quejarte,2
dejarla,2
sentiria,2
maravillosa,2
pista,2
especialidad,2
hueco,2
trolles,2
manipulan,2
misil,2
follonero,2
difundir,2
lease,2
bellisimas,2
sarcasmo,2
muchacho,2
adoctrinado,2
bienes,2
acostumbrado,2
beneficiado,2
califato,2
facilite,2
resentida,2
amargada,2
descargar,2
colaborar,2
umbral,2
parda,2
olvideis,2
borrego,2
montada,2
ahogados,2
bocaza,2
descaro,2
campeon,2
pensarias,2
inestabilidad,2
desafortunado,2
centroamerica,2
ela,2
mencionado,2
resuelto,2
llevaron,2
metieron,2
moonwalk,2
acaip,2
pedis,2
holgazanes,2
coladero,2
reniega,2
mulas,2
mula,2
meterte,2
constante,2
gloria,2
considerar,2
eduardo,2
arrestos,2
acercan,2
botes,2
lucran,2
financiadas,2
rescatan,2
rescata,2
maritima,2
compartido,2
colgao,2
buscarte,2
luchado,2
khan,2
redirigir,2
floja,2
drasticas,2
frenarlo,2
tacha,2
grupal,2
inventa,2
generaria,2
recortas,2
buitres,2
multimillonaria,2
brasil,2
gobernase,2
convertiria,2
triunfar,2
torpedos,2
replantearse,2
parando,2
nutre,2
arroja,2
raul,2
registrados,2
cometida,2
supieses,2
llegase,2
ehpana,2
conformo,2
encarcelado,2
salvacion,2
increibles,2
concluir,2
violadas,2
chalets,2
misericordia,2
cumplen,2
tuvieras,2
llegaria,2
anzuelo,2
desprevenido,2
enriquecimiento,2
potencialmente,2
venda,2
ajo,2
nazismo,2
exculpa,2
bucle,2
implicada,2
nini,2
actuando,2
condenados,2
prescindibles,2
viole,2
sicarios,2
casualmente,2
afirmaba,2
sonaba,2
caballos,2
correccion,2
mueren,2
sobradamente,2
recluso,2
subnormalidades,2
vicio,2
hoguera,2
explote,2
nena,2
ebola,2
ciruelo,2
encarcelada,2
senegaleses,2
desacreditar,2
censurado,2
considerando,2
plantan,2
continuas,2
hermanita,2
vaca,2
ferrari,2
jajajajajaj,2
adoptiva,2
immigracion,2
nigeriano,2
despidan,2
graficos,2
encaja,2
caida,2
creias,2
devuelva,2
pablito,2
mode,2
estuviese,2
caquita,2
genio,2
pederastia,2
subio,2
largarse,2
ejem,2
catedral,2
beta,2
confirmado,2
rip,2
crudo,2
abrirles,2
presidentes,2
traductores,2
reconocera,2
deberes,2
cuerdo,2
escrutinio,2
aplico,2
flipando,2
amistades,2
carecen,2
acuesta,2
esperate,2
debian,2
perdio,2
recibia,2
ubicacion,2
equivocas,2
cite,2
largando,2
iman,2
criticos,2
comerle,2
editar,2
agusto,2
quebraderos,2
teta,2
disfuncion,2
perfecta,2
gritarme,2
moderado,2
origenes,2
tochamen,2
acompanan,2
mercados,2
forrandose,2
duramente,2
lucrativo,2
meteme,2
criticable,2
lanza,2
quedabien,2
acusar,2
instalarse,2
relaja,2
chabola,2
convenga,2
industrializado,2
ahogan,2
pantomima,2
asquerosos,2
mida,2
senoritos,2
mentirosos,2
multimillonario,2
ensenaron,2
universidades,2
abogado,2
punetero,2
facepalm,2
adonde,2
hamijo,2
subo,2
meteros,2
ocupando,2
encargarse,2
unificar,2
levantara,2
asesoran,2
desangrando,2
gota,2
dirian,2
usas,2
llantos,2
soltaba,2
admite,2
afirma,2
desaparecido,2
medicamento,2
idem,2
alemani,2
restricciones,2
inmobiliarias,2
bolivarianos,2
enjoy,2
comodos,2
prosigue,2
regadera,2
expulsaba,2
primaria,2
entendia,2
interlocutor,2
inventarme,2
escoger,2
contratarles,2
incorporacion,2
hexperava,2
registrado,2
transedad,2
criados,2
hablariamos,2
tanzania,2
pzoe,2
transformarse,2
llamaba,2
eficaz,2
encargan,2
falten,2
arreglado,2
relacionar,2
currada,2
haciendoles,2
gimnasio,2
construida,2
turismo,2
comodo,2
noseque,2
mineria,2
infimo,2
reivindicacion,2
escombros,2
pasate,2
adecuados,2
aporten,2
enorgullece,2
impongan,2
bienstar,2
judiciales,2
internos,2
crecido,2
subidas,2
habitar,2
enriquecedora,2
mina,2
imparten,2
tontin,2
restar,2
perjudican,2
culpan,2
competencias,2
consumia,2
suponer,2
hacinados,2
blindar,2
disparada,2
hueva,2
monte,2
tomaran,2
manga,2
equiparar,2
reian,2
chupopteros,2
extraescolares,2
respetuosa,2
tic,2
tac,2
necesariamente,2
concesionarios,2
degenerados,2
dejemonos,2
infinita,2
marx,2
funcionamiento,2
estructural,2
santiago,2
extendida,2
requieren,2
habitante,2
innovacion,2
revisar,2
gano,2
firmado,2
banalizas,2
inventas,2
reto,2
haciendote,2
pastizales,2
ofensa,2
mileuristas,2
naranjas,2
marxistas,2
desempleados,2
bmw,2
toyota,2
aulas,2
cool,2
ocurriria,2
permitirse,2
carlos,2
hosteleria,2
copados,2
pinchos,2
tropelias,2
podre,2
burra,2
narnia,2
esfuerces,2
descarto,2
coco,2
palote,2
crueles,2
asfixiante,2
matematicas,2
geografia,2
voces,2
incompatibles,2
negacion,2
valore,2
checa,2
oir,2
obvias,2
chilaba,2
harvard,2
perejil,2
terremoto,2
lavados,2
obligatoria,2
incomprendidos,2
maneja,2
valenciana,2
garantizada,2
comunitat,2
huella,2
verian,2
catalizador,2
conservar,2
julio,2
eurabia,2
avisando,2
mueve,2
linchamiento,2
esfuerzan,2
pantalones,2
pansexuales,2
separar,2
crearla,2
compras,2
quinto,2
quitaros,2
sinsentido,2
consellera,2
establece,2
aprobar,2
financiado,2
futuros,2
doctrina,2
acomplejado,2
chorras,2
escapado,2
vertientes,2
valorada,2
comprometan,2
itinerario,2
sociosanitaria,2
ejemplifico,2
recibiria,2
municipales,2
spam,2
porta,2
parezco,2
venimos,2
reprimida,2
espacios,2
escribiendo,2
parezcan,2
generalidad,2
consejera,2
observa,2
flipao,2
bolivariano,2
ofertas,2
legitimar,2
acallar,2
cuantia,2
subrayo,2
beneficiario,2
varia,2
indefinida,2
fila,2
deacuerdo,2
dependera,2
expliquen,2
extremismos,2
salvarnos,2
mantengamos,2
pagara,2
portavoz,2
vomitando,2
reportando,2
bestia,2
enterar,2
chiquillo,2
canta,2
camvio,2
hicieras,2
encargo,2
atraccion,2
good,2
descaradamente,2
trapichean,2
autopista,2
aluminio,2
conspiracion,2
determinadas,2
vulnera,2
residiendo,2
juguetes,2
asegurarse,2
informatica,2
depender,2
traicion,2
sumale,2
eapana,2
centenar,2
saturado,2
conveniencia,2
radica,2
cortes,2
documentado,2
enriquecido,2
aportes,2
compartirlo,2
lko,2
restrictivas,2
amparando,2
perspectiva,2
debera,2
pedofilia,2
bendita,2
cursitos,2
subvencionados,2
fails,2
gne,2
lene,2
conseguira,2
comparte,2
multiculti,2
sam,2
infinitas,2
perpetuarse,2
indica,2
taller,2
adoctrinen,2
diarrea,2
baremos,2
digais,2
idioteces,2
edades,2
profesional,2
aplicaciones,2
invidio,2
machacate,2
enchufados,2
gastarse,2
blancas,2
imparta,2
preparacion,2
ideologica,2
despedirse,2
obligatorias,2
adoctrine,2
iniciar,2
claros,2
chorizos,2
school,2
globalistas,2
fcc,2
excelencia,2
miguel,2
asociados,2
guapos,2
compromis,2
calderilla,2
preferis,2
tete,2
chorizo,2
puno,2
obras,2
etica,2
mariconadas,2
areas,2
badalona,2
catalana,2
cooperativa,2
financiacion,2
nacho,2
meterla,2
ebro,2
multicularidad,2
reflexiona,2
adoctrinador,2
verstapenss,2
psicologos,2
frustracion,2
confusion,2
follarte,2
tubo,2
escape,2
pina,2
coincidiendo,2
presentacion,2
herramienta,2
aniversario,2
evento,2
fidelidad,2
resisto,2
cruzado,2
entenderlo,2
mantenerlo,2
planchar,2
nadando,2
velo,2
lanzamiento,2
identitarismo,2
centran,2
enfocar,2
filias,2
negrito,2
diente,2
percal,2
prat,2
provoca,2
bancarrota,2
abarcar,2
comedoritos,2
patatero,2
enano,2
desarrolla,2
solana,2
secretario,2
esade,2
establecimientos,2
guapo,2
apocalipticos,2
respetos,2
miren,2
privatizaciones,2
destrozado,2
retrasada,2
prebendas,2
joputa,2
desean,2
debiles,2
ejecutivo,2
islamofobo,2
albergan,2
baratos,2
lavarle,2
mantras,2
haras,2
superheroe,2
sabadell,2
traidoras,2
concentren,2
defenderse,2
acopio,2
alzan,2
hechar,2
usarlo,2
crezcan,2
escucha,2
unirse,2
luche,2
bujarras,2
corrijo,2
ampliamente,2
jodeos,2
estremecedor,2
largas,2
preocupandose,2
junta,2
urgente,2
sonado,2
linde,2
nacionalismos,2
heroe,2
carnaza,2
dictador,2
godos,2
himno,2
pillen,2
william,2
marron,2
lisa,2
llanamente,2
churras,2
merinas,2
estrella,2
preocuparan,2
paletada,2
denunciando,2
protegidos,2
perseguido,2
hembras,2
grillos,2
lobos,2
usual,2
ruanda,2
congo,2
consume,2
profeta,2
inside,2
third,2
martel,2
apagar,2
contestabas,2
escupir,2
oponente,2
epic,2
sumamente,2
antinacional,2
vidrio,2
prestan,2
reproducirse,2
vastagos,2
diluido,2
insulte,2
romano,2
afgana,2
fueras,2
flojo,2
catala,2
suicida,2
baila,2
engendro,2
monstruos,2
aves,2
pinguinos,2
moralmente,2
concedio,2
reconocidas,2
hordas,2
equivoca,2
beneficia,2
veran,2
opuestos,2
explicaba,2
sumera,2
divorcio,2
donar,2
literatura,2
insta,2
necesitar,2
critas,2
calificar,2
despreciando,2
dijese,2
oswaldo,2
paya,2
vinculadas,2
trates,2
unieron,2
fallecido,2
prostituta,2
garrulo,2
aficionado,2
integrante,2
culta,2
invadirnos,2
elmundo,2
gala,2
inaceptable,2
expresar,2
diccionario,2
cientificas,2
corrientes,2
venezolano,2
leopoldo,2
ernesto,2
vendedor,2
mundillo,2
oigan,2
marica,2
votaran,2
esclavistas,2
caotica,2
frecuencia,2
aburrimiento,2
asistentes,2
lexico,2
castizo,2
vaticano,2
obispos,2
nacionalizado,2
adquisiciones,2
conocieron,2
parasitismo,2
fealdad,2
halla,2
acepciones,2
liando,2
inmigracionistas,2
oidas,2
atribuyen,2
buscasen,2
escuchando,2
estambul,2
imposicion,2
sentimentales,2
obligaron,2
yes,2
incuestionable,2
permitidas,2
manco,2
forran,2
gitana,2
mitchell,2
copiado,2
mires,2
reproduccion,2
abundante,2
cojan,2
propones,2
inviable,2
gustaba,2
forocarros,2
mexicana,2
comprais,2
duendes,2
egpanoles,2
arbitrar,2
grueso,2
sisi,2
injustificable,2
tiendas,2
tony,2
blair,2
placer,2
refuerzan,2
apatridas,2
imaginado,2
semanales,2
estatales,2
aprox,2
aclaracion,2
amenazado,2
denuncio,2
bajito,2
defectos,2
fisicos,2
conflorero,2
implicaciones,2
cea,2
bermudez,2
preguntaran,2
testigos,2
produjeron,2
superan,2
plantilla,2
ofenden,2
british,2
catholic,2
commission,2
club,2
preguntaron,2
mediar,2
marcada,2
grita,2
campamento,2
explotando,2
catastrofes,2
infraseres,2
regionales,2
purria,2
prestar,2
monopolio,2
divertido,2
caga,2
retira,2
consentir,2
comisiones,2
gratuitas,2
bce,2
agosto,2
comisaria,2
redactado,2
lgtbfobia,2
senalado,2
says,2
alivio,2
ofenderse,2
apoyen,2
victimista,2
llamaran,2
experaba,2
willy,2
toledo,2
protegerlos,2
antigua,2
desmiente,2
informo,2
barbero,2
forococheros,2
licencias,2
irme,2
reciba,2
pito,2
callen,2
reemplazar,2
estimular,2
north,2
federal,2
immigrants,2
muxo,2
ajenas,2
huelen,2
relajate,2
causar,2
mindungi,2
cuestiono,2
campamentos,2
insultarte,2
gastas,2
convenciones,2
desobedecer,2
obsoletos,2
confederacion,2
tercermundizar,2
importacion,2
chief,2
gata,2
ocultarlo,2
reemplazo,2
quince,2
mexicanos,2
realizarles,2
class,2
callando,2
energumeno,2
admiten,2
oscuro,2
signo,2
alianza,2
cibervoluntarios,2
desobediencia,2
colapso,2
seguiras,2
fundador,2
atreven,2
capitana,2
lat,2
adj,2
capricho,2
senegales,2
lince,2
rentable,2
mafioso,2
reglamento,2
fenosa,2
seleccion,2
sustitucion,2
disolucion,2
desnacionalizacion,2
pilas,2
oscar,2
italianas,2
finanza,2
retiren,2
permisos,2
fenomenos,2
reproduciendo,2
asiaticos,2
argentinos,2
peligrosos,2
luces,2
corporacion,2
renfe,2
repsol,2
royal,2
nooooo,2
subvencionar,2
desesperado,2
libias,2
tunez,2
hundan,2
dejaban,2
negreros,2
venirme,2
volvamos,2
contestando,2
favorecer,2
beneficiosa,2
contextos,2
millonario,2
kpmg,2
mapfre,2
mutua,2
prosegur,2
busques,2
bolas,2
mendrugo,2
licitas,2
reproducen,2
servira,2
cortefiel,2
eulen,2
inforpress,2
konecta,2
iberdrola,2
dgaia,2
proporcionado,2
encontraban,2
apetece,2
municion,2
devolverlos,2
maravillas,2
ortografia,2
play,2
asegurada,2
patata,2
mudar,2
arbitraria,2
dkv,2
monasterio,2
abducido,2
camina,2
relato,2
denunciado,2
easo,2
acera,2
sonrisa,2
okdiario,2
separan,2
save,2
children,2
tirania,2
cajas,2
polladas,2
castellana,2
bizkaia,2
company,2
celer,2
coca,2
extincion,2
dejarse,2
insinuado,2
historico,2
ajustes,2
bolivar,2
plantean,2
ganaba,2
fumar,2
nombrado,2
cuestiona,2
inmigratorias,2
navegacion,2
alcampo,2
nike,2
exterminar,2
lobbys,2
pisa,2
chavista,2
rebelion,2
sacase,2
sahara,2
dedicas,2
toquen,2
existido,2
financiando,2
promete,2
enganado,2
equivocando,2
dientes,2
concretos,2
hiciste,2
services,2
aparezcan,2
labrarse,2
don,2
grandisimo,2
abortar,2
devolver,2
reportamos,2
estrato,2
meridianamente,2
financiero,2
intolerancia,2
sarten,2
suscrito,2
acciona,2
enterais,2
izmierdistas,2
oyen,2
baratisimo,2
traerte,2
mencionadas,2
consumir,2
alquilan,2
mocos,2
invadido,2
olvidarse,2
casual,2
presionado,2
donaciones,2
demonios,2
eufemismo,2
corbata,2
agitar,2
mugremita,2
borregada,2
ahorras,2
voluntaria,2
comprende,2
flujo,2
necesitabas,2
prospero,2
apertura,2
estigma,2
adaptar,2
sucediendo,2
ofendiditos,2
fuertemente,2
camuflar,2
organizadora,2
ideologicos,2
mainstream,2
compensan,2
ahorramos,2
okupa,2
oara,2
educados,2
heterogeneo,2
latinoamerica,2
fan,2
camiseta,2
incrementa,2
educan,2
fiables,2
identificar,2
mandaban,2
canadienses,2
filtro,2
currito,2
escapan,2
sufriendo,2
solucionarlo,2
montones,2
naces,2
individual,2
botox,2
bulla,2
vallas,2
llenan,2
educado,2
interpretacion,2
parche,2
zorra,2
bajaran,2
productiva,2
convertirlos,2
gendarmeria,2
dudosa,2
diablo,2
timido,2
exponiendo,2
generales,2
uhhhh,2
adivina,2
organizadores,2
cruzo,2
convivian,2
esnifan,2
quinta,2
formarse,2
enfrente,2
contratarle,2
resumidas,2
denuncie,2
rascarse,2
navaja,2
atlantico,2
tarifa,2
poblado,2
llenemos,2
renunciar,2
ascendencia,2
exigidos,2
autonomicas,2
gestacion,2
metodos,2
imaginaba,2
respalda,2
acompana,2
sufrio,2
invitan,2
gueto,2
asentado,2
veros,2
irrelevantes,2
moleste,2
lotofago,2
genital,2
requeridos,2
supresion,2
exigencia,2
chuparla,2
jodo,2
veria,2
dominicana,2
trabajaran,2
mustafa,2
privilegio,2
based,2
transito,2
urgencia,2
admision,2
matrimonios,2
abascal,2
votandoles,2
privilegiados,2
logicas,2
odias,2
necesitaban,2
publican,2
teorias,2
trols,2
casoaislado,2
ocultan,2
destapo,2
sospechar,2
penita,2
fumando,2
our,2
review,2
estricto,2
devolucion,2
reasentamiento,2
autopistas,2
hariais,2
population,2
veias,2
cortadas,2
correspondientes,2
parientes,2
aparentemente,2
trataba,2
vecindario,2
resaca,2
ahorros,2
hombro,2
avisos,2
empadrone,2
comunicarselo,2
caducar,2
elemental,2
inexistentes,2
approximately,2
women,2
assault,2
presuncion,2
garantes,2
escasa,2
vigor,2
asociativos,2
rendicion,2
prevalence,2
lesbian,2
people,2
lograron,2
excluye,2
confirmar,2
fleta,2
entraron,2
pillaron,2
austrolopitecus,2
intelecto,2
incongruencia,2
participar,2
implicara,2
condenando,2
pillaba,2
biblia,2
rechazado,2
representativo,2
recuperacion,2
uganda,2
notoriedad,2
tematica,2
resultaria,2
digitales,2
juicios,2
deficientes,2
sentirte,2
cambias,2
dejasen,2
medula,2
escasos,2
cds,2
suarez,2
diagnostico,2
educativas,2
erradicarla,2
reconozcan,2
inventada,2
desviaron,2
perpetuan,2
razonamientos,2
cualidad,2
delinquido,2
limitado,2
sabran,2
juridico,2
regularizacion,2
renovacion,2
convalidacion,2
embajadas,2
consulados,2
centimos,2
budista,2
respetes,2
solicita,2
multiples,2
honrados,2
malversacion,2
afin,2
implantar,2
realista,2
feminacismo,2
calana,2
relacionados,2
apostando,2
belleza,2
bello,2
desamparo,2
indispensable,2
desproposito,2
rotando,2
justos,2
permitimos,2
casilla,2
inmigrar,2
miopia,2
condiciona,2
consideramos,2
sudacas,2
intimidad,2
inferioridad,2
belen,2
cies,2
internamiento,2
democratico,2
desarrollaran,2
segarro,2
etnicas,2
entramado,2
colocar,2
prohibia,2
maleantes,2
rumores,2
cid,2
reconquista,2
lezo,2
esconden,2
malnacidos,2
acido,2
medicamentos,2
irregularidades,2
denunciados,2
estetica,2
buenista,2
ocupe,2
consigan,2
lleves,2
cala,2
piedad,2
concentraba,2
riquezas,2
escasas,2
pastoreo,2
fundamental,2
consideraban,2
forofachas,2
pinza,2
smi,2
inocente,2
conforman,2
chiringos,2
ayudara,2
detiene,2
especifico,2
solian,2
dedicados,2
unidad,2
historicamente,2
indole,2
felicidad,2
identitarias,2
tribu,2
regidas,2
plazas,2
concursos,2
segarros,2
suelten,2
sub,2
torrente,2
algodon,2
cargan,2
cerrada,2
iberas,2
figuras,2
ofrecian,2
belgica,2
viese,2
recurrir,2
incidencia,2
repartidos,2
retirados,2
estabamos,2
vimos,2
obligada,2
guerreros,2
artesanos,2
incineraban,2
persigue,2
tangente,2
dama,2
baza,2
artisticas,2
tarazona,2
discusion,2
renunciando,2
cal,2
canto,2
disfrutarlo,2
montearagon,2
comarca,2
ampollas,2
avanzada,2
uyyy,2
pensabais,2
distribuir,2
practicaban,2
fabricantes,2
realizaban,2
desarrollaron,2
moneda,2
modernas,2
sentimos,2
constituida,2
vacia,2
volvemos,2
sanguinis,2
deportarlo,2
elevadas,2
teruel,2
cunadada,2
reconocida,2
ibera,2
agricultura,2
cereales,2
nocturnidad,2
shures,2
salidos,2
retrasar,2
pescuezo,2
aragonesas,2
electronico,2
construyeron,2
asentados,2
amplia,2
oprime,2
socialdemocracia,2
apretar,2
madremia,2
desarrollar,2
junquera,2
provincia,2
burgos,2
compararlo,2
civicos,2
justa,2
odiador,2
taluego,2
azcon,2
rica,2
habitaban,2
presentaba,2
lamentablemente,2
camello,2
travesti,2
jugado,2
certificado,2
barrer,2
arbol,2
llenado,2
olla,2
parienta,2
antiterrorista,2
conseguiran,2
votaron,2
buscarlos,2
odiais,2
loros,2
ami,2
comunion,2
rodean,2
mendigar,2
adapta,2
escuadra,2
marronidos,2
huela,2
consultar,2
escriva,2
cinico,2
disidente,2
ayudamos,2
modales,2
kkk,2
violenta,2
temer,2
aparecer,2
franquistas,2
voxero,2
ovejas,2
bocadillo,2
hartos,2
proceder,2
eches,2
individuo,2
echarlo,2
cesta,2
barajas,2
gorrito,2
declarado,2
madriz,2
fenicios,2
musulmanas,2
milongas,2
mrcns,2
aceite,2
integraran,2
bola,2
pinchan,2
pringao,2
fueses,2
hoyga,2
troles,2
diriges,2
realiza,2
cansa,2
parten,2
premisa,2
contribuir,2
chimeto,2
dominio,2
estuvieron,2
rigiendo,2
von,2
merida,2
pararlo,2
dad,2
convierten,2
lerida,2
planean,2
aceptacion,2
seguian,2
planta,2
asusta,2
administrativas,2
presentadas,2
acreditar,2
blablabla,2
transformer,2
quepan,2
elefante,2
peste,2
abismo,2
tranqui,2
arreglaria,2
importado,2
dadas,2
perdonare,2
inquisicion,2
probabilidades,2
prospera,2
tecnica,2
pintar,2
marchan,2
introducir,2
incapaces,2
asturias,2
clientes,2
alarmas,2
apestas,2
plantearse,2
mancha,2
intentaran,2
oceano,2
estampa,2
suelto,2
intersexual,2
ambitos,2
espejo,2
preservar,2
moronegrada,2
peten,2
espanolidad,2
canfranc,2
pelan,2
puesta,2
parlamentarios,2
minas,2
acepten,2
referendums,2
judaismo,2
acosando,2
dejais,2
disputa,2
burger,2
king,2
habilitar,2
hostal,2
resolver,2
patrios,2
castellanos,2
chulos,2
obligarles,2
acusan,2
impedir,2
bait,2
cansino,2
ruinas,2
anticristianos,2
raices,2
lien,2
buscarlo,2
templo,2
suicidado,2
aliviar,2
secretamente,2
demencial,2
importada,2
inmueble,2
regulado,2
cantaro,2
apliquen,2
consta,2
contratando,2
preferentemente,2
ordenador,2
picando,2
trollaco,2
recurre,2
distopia,2
bernarda,2
indignada,2
matices,2
meterme,2
cogerlo,2
cabildos,2
gestiones,2
cante,2
fontaneros,2
justificarlo,2
ajajaajajajjajjaajjajajajajjajajaajajajjajjaajjaja,2
jajajjajajaajajajjajjaajjajajajajjajajaajajajjajja,2
ajjajajajajjajajaajajajjajjaajjajajajajjajajaajaja,2
jjajjaajjajajajajjajajaajajajjajjaajjajajajajjajaj,2
aajajajjajjaajjajajajajjajajaajajajjajjaajjajajaja,2
jjajajaajajajjajjaajjajajajajjajajaajajajjajjaajja,2
jajajajjajajaajajajjajjaajjajajajajjajajaajajajjaj,2
jaajjajajajajjajajaajajajjajjaajjajajajajjajajaaja,2
comparado,2
litoral,2
muelle,2
batir,2
ametralladoras,2
demograficos,2
estrictas,2
plato,2
nacionalcatolico,2
manifestacion,2
toros,2
reconversion,2
merito,2
memes,2
decirles,2
procedo,2
profesiones,2
escasez,2
pesadilla,2
potencial,2
pajaros,2
wifi,2
caros,2
centrar,2
vientos,2
demografia,2
ucrania,2
marketing,2
logistica,2
rechaza,2
ayudarle,2
metidos,2
impedirselo,2
fomentan,2
cuelen,2
listado,2
latino,2
holocausto,2
dictan,2
expulsamos,2
matamos,2
masivamente,2
exportar,2
afectar,2
aceptarlo,2
asesor,2
nki,2
electricista,2
palazo,2
cobrado,2
lavadora,2
mirada,2
hariamos,2
delinca,2
residencias,2
joderan,2
orificio,2
bucal,2
rotundamente,2
alimentacion,2
abolir,2
aparecia,2
boda,2
activistas,2
milenios,2
creditos,2
evita,2
grindr,2
encontrarlos,2
vice,2
naci,2
serviria,2
ejercicio,2
amparo,2
terceros,2
textualmente,2
balones,2
acomodado,2
declaraba,2
pobreticos,2
multiculturalizado,2
contrasentido,2
jijiji,2
trece,2
locazas,2
travestis,2
afirmar,2
peperos,2
perseguir,2
provecho,2
logramos,2
foronazis,2
prohibiria,2
utilizo,2
colores,2
piel,2
estabas,2
mintiendo,2
heterofoba,2
zach,2
sentimientos,2
comenzaron,2
metodo,2
consideracion,2
formaciones,2
estudie,2
salafistas,2
dvd,2
academico,2
acudir,2
integrales,2
monoliticos,2
brad,2
delictiva,2
ofrecerles,2
activista,2
bestias,2
instigando,2
determinado,2
echas,2
catolicismo,2
rinon,2
cargaran,2
aplastante,2
irrelevante,2
masivo,2
tecnologico,2
recogida,2
jajaj,2
consideras,2
pertenecen,2
asumen,2
bolso,2
poligono,2
incitacion,2
panchito,2
accidente,2
permitirme,2
obsesionados,2
homogeneo,2
esperable,2
albania,2
low,2
sensible,2
creencia,2
vigentes,2
tendre,2
parecernos,2
proceden,2
definirse,2
capo,2
farolas,2
ultracatolicos,2
favoreciendo,2
conveniente,2
referentes,2
implosionar,2
coincide,2
fieston,2
multazo,2
heteroflexibles,2
stafford,2
argumentaba,2
fogueo,2
asumes,2
tormenta,2
mediatica,2
contratas,2
desprecia,2
caraduras,2
colocado,2
asigno,2
signos,2
feminidad,2
masculinidad,2
infracciones,2
elija,2
simpatia,2
referirse,2
vestimenta,2
obstante,2
pediria,2
edites,2
convierta,2
sudaca,2
ruidos,2
balcon,2
ocurria,2
meteis,2
leere,2
sinonimo,2
opuesto,2
agenero,2
incumpliendo,2
malestar,2
first,2
page,2
felipe,2
voten,2
pum,2
picado,2
continuo,2
rostro,2
prefieran,2
bigenero,2
actualizado,2
continue,2
actualizando,2
encantado,2
roles,2
masculinos,2
cromosomas,2
ovarios,2
dudar,2
viola,2
dormia,2
presuntamente,2
socializar,2
fundamentada,2
apariencia,2
bochornoso,2
tactica,2
cachondo,2
faz,2
perpetrados,2
juraria,2
fache,2
gemelo,2
fimosis,2
envia,2
mayoritariamente,2
generalistas,2
tomarlo,2
lady,2
sequito,2
gen,2
fernando,2
xddddd,2
camaraderia,2
cierro,2
once,2
determina,2
fisiologicos,2
detenido,2
modas,2
gestionada,2
figura,2
odian,2
allahu,2
agarra,2
roza,2
hitlario,2
ejercitos,2
baneado,2
circuncision,2
corriente,2
reconstruir,2
censo,2
identificados,2
incrementar,2
concienciacion,2
ganamos,2
diese,2
companeras,2
encajar,2
sometio,2
tarea,2
sesiones,2
pastillas,2
apunte,2
hormonales,2
trataron,2
intentaba,2
pertenecientes,2
pertenecer,2
hacerle,2
operar,2
impulso,2
caos,2
sufrimos,2
atravesar,2
asegure,2
vigilancia,2
costar,2
psicologicos,2
depresion,2
almodovar,2
razona,2
peligros,2
consigo,2
incontrolada,2
casen,2
cerremos,2
creadas,2
esperad,2
recordado,2
literal,2
aro,2
redonda,2
rodeada,2
muriendose,2
atracos,2
castigo,2
yihad,2
atacar,2
hermafroditas,2
corta,2
exclusiones,2
surgimiento,2
mediados,2
reincidente,2
sobras,2
yihadista,2
quitas,2
diputados,2
pnv,2
manejar,2
contais,2
toxico,2
reasignacion,2
monja,2
pidio,2
jorge,2
war,2
catar,2
generalizada,2
mentalidades,2
doblar,2
paquete,2
solidaria,2
bateria,2
devuelves,2
humildes,2
dificilmente,2
alicantina,2
interna,2
anterioridad,2
conocerse,2
recuperando,2
biologico,2
ingresamos,2
apoyaron,2
majos,2
echamos,2
ceda,2
sorprenderia,2
thaler,2
otomano,2
interno,2
autodetermina,2
laicos,2
nasser,2
sistematicamente,2
registral,2
iniciado,2
akbar,2
colonos,2
desigualdad,2
violencias,2
mozambique,2
zimbawe,2
skoda,2
cisjordania,2
idos,2
acostar,2
soberbia,2
irreversible,2
enfermitos,2
provocados,2
disfrutado,2
model,2
democratizado,2
cooperacion,2
instrumentos,2
estadisticos,2
desentierren,2
revocar,2
gulas,2
detenidamente,2
femenina,2
enganas,2
biologica,2
disfraz,2
tezanos,2
convenientemente,2
paridas,2
peones,2
tarada,2
etxebide,2
rechazados,2
soltero,2
deniegan,2
voila,2
podriais,2
paquistani,2
antirracista,2
tragaria,2
scs,2
salvajada,2
limosna,2
angulas,2
inventen,2
horrible,2
empanado,2
companera,2
canelo,2
dudoso,2
problematica,2
barbaridades,2
ergo,2
quito,2
lagrimas,2
colectiva,2
comprarse,2
femilocas,2
filipinas,2
actuacion,2
revertir,2
mtnz,2
monstruo,2
habras,2
apuntando,2
enfrenta,2
sentencia,2
regar,2
aaa,2
realidades,2
autodeterminacion,2
diagnosticar,2
dirijan,2
aliades,2
futbolistas,2
anticristos,2
cifuentes,2
modificacion,2
intervenciones,2
adaptada,2
salvaje,2
cumpleanos,2
larvas,2
engordar,2
criminalizar,2
excusarse,2
barriga,2
saudies,2
molestos,2
discapacidades,2
dirijais,2
respetada,2
advertia,2
magufas,2
tapar,2
dialogo,2
doblaje,2
despotas,2
manipulados,2
viniesen,2
londres,2
abandonen,2
ataca,2
compatriota,2
danika,2
desactivar,2
agarrado,2
lanzado,2
youtuber,2
repercute,2
combate,2
ocuparia,2
manifestarse,2
pasarse,2
exacta,2
enganadas,2
necesitabamos,2
compraba,2
opine,2
rubius,2
regional,2
curre,2
inclusividad,2
coronas,2
they,2
ganaran,2
autora,2
revuelo,2
ocurrir,2
mencionas,2
sintiendo,2
escenario,2
inutiles,2
habremos,2
hala,2
importados,2
omite,2
escena,2
cuckolds,2
alecciona,2
tifa,2
usadas,2
copias,2
supiera,2
estrecho,2
trabajaba,2
despilfarrar,2
foca,2
armando,2
kurdos,2
feos,2
frustrados,2
injugable,2
encontre,2
discapacitado,2
muestras,2
presentando,2
legacy,2
llorones,2
juegazo,2
creci,2
comerselos,2
tirarlos,2
demigrancia,2
baile,2
pre,2
comienza,2
likes,2
laura,2
morsi,2
moderados,2
condeno,2
sordomudos,2
compreis,2
aerea,2
armo,2
reconocio,2
incivilizados,2
marte,2
esclavizan,2
redactar,2
subpole,2
diagonal,2
esparcir,2
posiciona,2
bethesda,2
pelean,2
pozos,2
provienen,2
mubarak,2
lore,2
verosimil,2
nigga,2
teatro,2
tragaperras,2
revoluciones,2
mendigos,2
ocupados,2
activamente,2
regalos,2
primavera,2
establecio,2
criticare,2
slang,2
desdoblamiento,2
ideologicas,2
llorabas,2
metacritic,2
validas,2
bombardeos,2
entenderia,2
rebatir,2
deba,2
carrer,2
coro,2
parasitan,2
fijas,2
reuna,2
intentalo,2
ilustro,2
surgieron,2
snatch,2
fraude,2
clientelares,2
maltrato,2
papeleta,2
impresentables,2
habrias,2
advierten,2
eventos,2
pandemia,2
acusacion,2
cine,2
vavra,2
bug,2
vendieron,2
invadio,2
golfo,2
andres,2
retirada,2
tomaron,2
penetra,2
marta,2
regula,2
mantendra,2
amigotes,2
frescos,2
sustituido,2
vaginal,2
pansexual,2
oral,2
hussein,2
companias,2
americanas,2
facciones,2
bando,2
senalando,2
sorprendente,2
fracasada,2
cristianas,2
tachados,2
delicuentes,2
noelia,2
perdi,2
losa,2
muyahidines,2
bin,2
laden,2
anal,2
perdian,2
preceptos,2
cualificada,2
cruzadas,2
fantastico,2
sagrados,2
interesados,2
excomulgado,2
invasor,2
casan,2
habitos,2
premeditado,2
pise,2
cuarta,2
masturbemos,2
redaccion,2
encuentren,2
malinterpretes,2
nombra,2
mexico,2
negativas,2
acusaciones,2
defensores,2
noventa,2
cultivo,2
sentimiento,2
concluye,2
cuantifican,2
subrayan,2
grito,2
invitado,2
esteis,2
sangrientos,2
antigays,1
salvador,1
follaviejos,1
marianico,1
subieron,1
colgaron,1
jajajajaajajajajajaajajajajajajajaajaja,1
enfrentarse,1
casaba,1
okcromosomax,1
lesbico,1
webcam,1
bolleria,1
incesto,1
cuadros,1
stampa,1
exmonja,1
bendecida,1
facilitandoles,1
volvere,1
difiere,1
observar,1
bastan,1
entendedor,1
hartando,1
llano,1
surgiran,1
sotogrande,1
eximamos,1
consu,1
superamos,1
seguiamos,1
delincan,1
uffff,1
freno,1
permeables,1
adoptamos,1
hucha,1
enfrentarnos,1
habilidad,1
simil,1
abrirlo,1
estimado,1
empecemos,1
tardaba,1
atracador,1
vigo,1
alquile,1
anton,1
carmelitas,1
honestos,1
presunto,1
empujado,1
festividades,1
celebrando,1
bancario,1
subrayado,1
aceptables,1
estime,1
canones,1
adecue,1
haba,1
rrcc,1
devolvamos,1
absorber,1
convertirte,1
deseaba,1
merezca,1
empujaria,1
famelico,1
recurriria,1
deguellen,1
extanjera,1
dispusieran,1
tome,1
injustas,1
quitamos,1
deportan,1
externos,1
despertaos,1
acaparando,1
cansarnos,1
quemados,1
amanecia,1
sueldazo,1
polarizar,1
librar,1
pasteloerias,1
asaltar,1
bajura,1
tropa,1
demoledora,1
marchas,1
carolina,1
preguntada,1
organizadoras,1
traia,1
protegen,1
mercadillo,1
constumbres,1
dejemoslo,1
vagueando,1
terminara,1
quemada,1
defenderlos,1
himanos,1
causante,1
tortura,1
reichstag,1
anclado,1
injustamente,1
situe,1
agrade,1
honradas,1
ganancias,1
robas,1
plomo,1
advertido,1
convocantes,1
recomendaciones,1
debi,1
preposicion,1
nepotistas,1
demostrais,1
busquea,1
posteado,1
caneria,1
selectivo,1
pasear,1
anticuarios,1
senoras,1
postcovid,1
fleto,1
somnifero,1
vosotres,1
orgulloses,1
parapimpumpam,1
menestra,1
especioso,1
indefendibles,1
endemico,1
extrapolable,1
vayase,1
aportenos,1
colabore,1
ostentaria,1
efectivos,1
aprueba,1
poltrona,1
engorda,1
pescadilla,1
dividirla,1
mendicidad,1
encontramos,1
aleatorio,1
encotrabais,1
comenzara,1
seleccionando,1
aspirar,1
criminalizo,1
malvaloca,1
bailan,1
pasaban,1
jugaba,1
memorias,1
enchufada,1
montere,1
recordaran,1
sucedera,1
resistiendo,1
femimierda,1
perroflautismo,1
echara,1
chabolas,1
negratas,1
compartes,1
excusable,1
progrezurdo,1
venderse,1
martes,1
georgetown,1
elabora,1
ocupaba,1
ranking,1
maltratadas,1
nativo,1
progrerazas,1
marrones,1
repetirse,1
quitatelo,1
estacion,1
electrolatino,1
abrigo,1
mariposas,1
toddes,1
manteniendose,1
nam,1
rodriguez,1
transcribir,1
cienes,1
acero,1
defraudara,1
fororojosdemierda,1
arrepentimiento,1
desempene,1
trafica,1
arrojadiza,1
empeno,1
cedeis,1
ineptas,1
tontas,1
chulea,1
autopromocionarse,1
jajajajajajaa,1
explicarlo,1
maltratando,1
convencia,1
recluido,1
vivire,1
carcelaria,1
actue,1
vegan,1
acogeran,1
librado,1
wordpress,1
york,1
genere,1
polemicas,1
adjudicar,1
inferiores,1
inocentes,1
calabozo,1
elxokas,1
motos,1
ganados,1
escolarizamos,1
enganais,1
pronegrata,1
guevos,1
integre,1
atocha,1
excarcelados,1
dimision,1
presenten,1
rodillas,1
saliesen,1
amenazadas,1
alejarse,1
condenas,1
organizando,1
licenciatura,1
perpetrar,1
criminales,1
trajimos,1
trabajasen,1
cobrasen,1
desvirtuando,1
manifestandose,1
estupidamente,1
falcon,1
chulisimos,1
viajitos,1
grasientamente,1
cajera,1
celebrar,1
bombardeandonos,1
defiente,1
izquierdistas,1
adentrarme,1
quitandole,1
trajo,1
llenandose,1
maras,1
senalandoles,1
notando,1
chenofago,1
nanci,1
redil,1
complot,1
vario,1
progrerio,1
oenegetas,1
lobotomizacion,1
sangren,1
aplaudo,1
instagram,1
tonic,1
gyn,1
instalandose,1
yendose,1
quitarian,1
aplaus,1
plauso,1
aplau,1
aplauso,1
lipoescultura,1
derroche,1
vosotras,1
rebajan,1
petardas,1
burguer,1
panceta,1
apla,1
islamofascismo,1
repartan,1
despertando,1
insecto,1
vpo,1
inscribirme,1
cargas,1
enorrrrme,1
cobraba,1
divido,1
quebrado,1
folletin,1
inadaptada,1
intolerante,1
cie,1
manteros,1
ejercer,1
jusiticia,1
importemos,1
mejoran,1
impulsados,1
plurianual,1
administrativofinanciera,1
estabilidad,1
felicitado,1
modico,1
internacionalista,1
organos,1
sensibilizacion,1
discrimiancion,1
incluida,1
bazar,1
catalaneitors,1
espanoleitors,1
parasitario,1
prevencion,1
retributivo,1
reproductivos,1
cuidados,1
paradigma,1
fortalecimiento,1
consolidando,1
introduccion,1
llevaban,1
piednoirs,1
comulgamos,1
viajeros,1
acuerda,1
filipina,1
contrata,1
cedre,1
sensatez,1
comentaros,1
moderadas,1
minoritario,1
sudorosa,1
enrocasen,1
disueltos,1
ancha,1
marchistas,1
rodeos,1
valoran,1
bicicleta,1
temblado,1
granjeros,1
expulsaron,1
angola,1
truncan,1
enrocan,1
planchabragas,1
perpetuar,1
amable,1
salpicara,1
desvirtuado,1
tiparraca,1
levantarme,1
euromillon,1
supondre,1
ciega,1
civica,1
furgoneta,1
experimental,1
baso,1
comenten,1
inseguro,1
tiende,1
blindan,1
utopicas,1
cerrarlas,1
habreis,1
direis,1
masacrar,1
langostinos,1
llevatelas,1
baterias,1
comentadlo,1
silenciosa,1
desgaste,1
dictadorzuelo,1
vuruela,1
metastasis,1
rumoreaba,1
eena,1
dodo,1
diputada,1
junts,1
imprescindibles,1
conformarse,1
encantada,1
obtienen,1
tratariamos,1
desorbitadas,1
deporta,1
trafique,1
delictivos,1
gestionamos,1
nacionalidaddes,1
criminalizaria,1
votamos,1
predominantes,1
recaer,1
dejarsele,1
cedulas,1
regularia,1
hedbo,1
deportaria,1
consideraria,1
consideraremos,1
jeniferes,1
richares,1
chop,1
anna,1
nee,1
baldo,1
bookie,1
reglamentarios,1
cms,1
conformar,1
vidal,1
profugo,1
amarrar,1
desconocimiento,1
famosa,1
otorgar,1
deseen,1
negociar,1
idiosincracia,1
aceptara,1
ecuacion,1
sudemos,1
restan,1
calabacin,1
brillo,1
sacarle,1
descalabro,1
barcaza,1
ofenda,1
mandaremos,1
descubierta,1
cubierta,1
permitamos,1
uestros,1
respetemos,1
nombrarla,1
garrapata,1
esperpento,1
tocandome,1
trolaca,1
irenita,1
autocensura,1
crucificados,1
saldrian,1
anonimamente,1
caretas,1
exagera,1
simulador,1
manolo,1
ponme,1
presumen,1
predomina,1
alinos,1
epico,1
ministre,1
esteso,1
misandricas,1
playz,1
proyecciones,1
lastran,1
escriba,1
expresarse,1
compuesto,1
criajos,1
internas,1
expulsado,1
perjudica,1
brillante,1
dejarlo,1
cursi,1
descerebrado,1
reivindican,1
calva,1
espectaculo,1
napalmear,1
yolandita,1
sincerarse,1
chapa,1
revolucionario,1
sereis,1
mascara,1
quitarte,1
hermandad,1
olfatear,1
labios,1
orondisima,1
envejecido,1
sueltavioladores,1
llenamos,1
abeja,1
oyo,1
aposta,1
colegial,1
clavados,1
aatencion,1
desviaria,1
perderlos,1
kosovo,1
quedaria,1
vano,1
convertis,1
ocupadas,1
molestas,1
abarrotadas,1
habitadas,1
raton,1
cargao,1
emocionao,1
apostata,1
capitalfeminismo,1
umicos,1
aparcado,1
doliendo,1
epi,1
heces,1
litrona,1
bebiendose,1
propuso,1
subraya,1
caray,1
desata,1
convencida,1
depurada,1
anadio,1
siguiera,1
copiando,1
referencias,1
violeta,1
componer,1
peluqueria,1
salisteis,1
inem,1
broncas,1
contentillo,1
contrate,1
favorece,1
legalesz,1
danes,1
enmascararlo,1
dei,1
asientos,1
panchita,1
meandose,1
boley,1
ecua,1
ebrios,1
canchas,1
animadversion,1
nacionalcatolicos,1
ultraconservadores,1
considerarlos,1
filologico,1
imperioso,1
senalarlos,1
crucial,1
relevante,1
ahorrate,1
viajo,1
habre,1
nervios,1
matricular,1
empezasteis,1
comentarte,1
libertario,1
racism,1
quevrespeten,1
hipotecaria,1
expulsarlos,1
rece,1
extirpar,1
autoexcluye,1
necesiten,1
defecto,1
ahorraria,1
intrusiva,1
destructiva,1
retrograda,1
bosnia,1
expulsaran,1
colaboro,1
inmunda,1
vastago,1
expulse,1
ridiculos,1
eufemismos,1
reivindicando,1
golpearlo,1
cienmil,1
jaajajaajajajajaj,1
jjjaajjaajaajajajajajaajajaaa,1
ajjajaajjajajajaajaajja,1
jaajaajajjaajjajjaajaj,1
jajaajaja,1
ajajaajajajajaajajaaja,1
ajaajajajaajajajajaajajjjaa,1
burkas,1
amada,1
repetidas,1
soflamas,1
sociocultural,1
capacitado,1
mcdonals,1
rula,1
pesonas,1
predator,1
averno,1
fogones,1
wahabitas,1
cantaria,1
gallo,1
votase,1
desfilar,1
proselitismo,1
cocinan,1
alimentan,1
shurrrrr,1
afirmabas,1
discriminan,1
desprecien,1
npcs,1
injustificado,1
expulsarles,1
firmados,1
inhumano,1
zidane,1
parcial,1
problemo,1
volverlos,1
electroshocks,1
distopica,1
tiranizan,1
privilegiadas,1
reprimido,1
mariconazo,1
acredite,1
atrasada,1
dispararte,1
quema,1
horarios,1
barbaras,1
vestimentas,1
adecuar,1
procesionar,1
respirando,1
estornuda,1
fecales,1
microorganismos,1
impregnando,1
beso,1
lamerse,1
atiendes,1
integradas,1
agitadores,1
integristas,1
cuele,1
duraron,1
oxigeno,1
sendos,1
ein,1
matanza,1
costeando,1
reemplacen,1
preventanas,1
sometidos,1
malfollados,1
iberico,1
interfiera,1
test,1
indepe,1
erradicar,1
home,1
apartar,1
inventman,1
respiras,1
lefal,1
lograda,1
laica,1
aconfesional,1
joyas,1
pelucos,1
chillando,1
gritando,1
acerques,1
escolarizados,1
beatos,1
interferira,1
vivies,1
tambinen,1
quedasen,1
ultraviolentos,1
morillos,1
vayabtela,1
protesten,1
interpondria,1
anadaria,1
aterradores,1
homoxesual,1
locamente,1
zumbarte,1
bribon,1
hahahahahahahahahahahahahahahahahahahhahaa,1
khaled,1
kagbah,1
expulso,1
legisla,1
defina,1
agregar,1
trataria,1
sentar,1
entrever,1
llegais,1
ajajaaja,1
pudiendose,1
votarlo,1
malformaciones,1
opusianos,1
escondido,1
lazis,1
acentos,1
kebah,1
allabuh,1
opinase,1
jajaaj,1
domestico,1
triquinuelas,1
adapto,1
honradamente,1
carece,1
discriminatoria,1
temblaria,1
ocurriera,1
hipotetico,1
hispanidad,1
tiraba,1
reflexion,1
estorbe,1
prevenir,1
impreciso,1
manipula,1
encuentas,1
sij,1
alauitas,1
pentacostales,1
interactuando,1
recuerden,1
costea,1
maniobras,1
lucrarte,1
odiandolos,1
necesitais,1
chirria,1
llevais,1
sepais,1
calendario,1
laicidad,1
pacificamente,1
convivan,1
exigiria,1
llevaria,1
violentamente,1
mariconisno,1
supernormalizado,1
trenecito,1
locomotora,1
pierdan,1
pacma,1
senda,1
jehova,1
entrenas,1
madri,1
pelayo,1
poniendose,1
pensarmelo,1
zoquete,1
adscrita,1
cam,1
audiencia,1
formativos,1
divulgacion,1
alumnado,1
transversales,1
lesbica,1
incorporara,1
vineta,1
usad,1
medicina,1
respetando,1
proposiciones,1
adjudicacion,1
clausulas,1
pliegos,1
subvencionadas,1
competente,1
consecucion,1
reguladoras,1
incorporar,1
destinadas,1
desarrollen,1
solvencia,1
plantearselo,1
arriesgaras,1
tanque,1
pasandole,1
derribo,1
confuso,1
heterofobia,1
quejarnos,1
podemas,1
pillando,1
paganas,1
celtiberas,1
visigodos,1
integraron,1
venas,1
mozarabes,1
estupidos,1
juzga,1
criarte,1
lgtbiheeriyedasuxxzu,1
latinking,1
skinhead,1
asalten,1
credo,1
amparan,1
justificado,1
amar,1
homogenea,1
torcer,1
comiencen,1
empenado,1
whisky,1
protegiendo,1
tildado,1
guindo,1
pacte,1
asumis,1
perdonais,1
anormales,1
comeconos,1
informas,1
agallas,1
antiautonomias,1
cone,1
analogias,1
vestigios,1
otegui,1
dejarme,1
pandemicas,1
epidemias,1
reconquistar,1
niggas,1
clasifican,1
historiadores,1
demoledor,1
mixto,1
discutible,1
filoterroristas,1
prerromanos,1
milenio,1
rafaneitor,1
instauran,1
expresarte,1
batasuna,1
militaba,1
antiguamente,1
ilegalizada,1
postbatasuna,1
ultraderechando,1
pared,1
cuestioens,1
orgulloso,1
justifico,1
lucido,1
cunadadas,1
tipicas,1
edetanos,1
bastetanos,1
oretanos,1
turdetanos,1
languedoc,1
extendia,1
ocupaban,1
conjuntos,1
cunetas,1
republicanos,1
matara,1
desvirtues,1
cazurro,1
escribes,1
lena,1
cigarralejo,1
calaceite,1
osuna,1
girona,1
ullastret,1
disponian,1
rectangulares,1
amurallados,1
layetanos,1
lino,1
lana,1
tejidos,1
elaboraban,1
ceramica,1
espadas,1
artesania,1
adquirio,1
bovina,1
ovina,1
ganaderia,1
olivo,1
vid,1
basaba,1
murcia,1
meado,1
cuspide,1
regulo,1
criminalizados,1
machacados,1
psoeppcspodemasercpnvbildu,1
democracy,1
dangerous,1
extremely,1
ultranacionalista,1
votara,1
gobernadas,1
organizaba,1
utilizaban,1
griegas,1
fenicias,1
intensa,1
parrafadas,1
blaklbkasldakldkasda,1
empzaran,1
enrollara,1
antiprogre,1
centrarse,1
papaflauta,1
homologo,1
mesias,1
subterraneas,1
enterraban,1
cenizas,1
introducian,1
comerciantes,1
campesinos,1
disfrutaban,1
divinidades,1
honorable,1
elespanol,1
etcetc,1
moritosbuenos,1
acabados,1
garantice,1
inadmisible,1
refugiarte,1
exvotos,1
caracteristicos,1
elche,1
conservadas,1
funerarias,1
difunto,1
ajuar,1
circulares,1
amurallaban,1
castros,1
carpetanos,1
vetones,1
vacceos,1
arevacos,1
lusitanos,1
peninsular,1
atlantica,1
meseta,1
ofrendas,1
portaban,1
protectora,1
divinidad,1
santuarios,1
clan,1
clanes,1
definitivo,1
detector,1
arreglo,1
sobrepaso,1
esparcen,1
planeado,1
rauda,1
che,1
implica,1
cubrian,1
adobe,1
levantaban,1
desordenada,1
distribuian,1
sacerdotes,1
montes,1
astros,1
adoraban,1
escritura,1
conocian,1
bronce,1
objetos,1
metalurgia,1
producian,1
abastecerse,1
procuraban,1
autosuficiente,1
rudimentaria,1
dominaba,1
existia,1
mapas,1
muchach,1
visigodo,1
romana,1
basadas,1
organizaban,1
fortificadas,1
aldeas,1
vascones,1
cantabros,1
convivieron,1
adivinos,1
doctores,1
actuaban,1
prestigio,1
druidas,1
expolian,1
trapichear,1
esquinas,1
juntarse,1
veriamos,1
espectaculos,1
devastadores,1
woman,1
preguntale,1
cumplida,1
otegi,1
patranas,1
callendo,1
hipnotico,1
empezaria,1
hablarle,1
musulmanos,1
argumentado,1
amoral,1
maltratar,1
cartuchos,1
careta,1
mientan,1
metaforicamente,1
pasemos,1
ofender,1
mandaria,1
bush,1
relacionando,1
atontao,1
campeador,1
huertos,1
meapilas,1
carca,1
patinan,1
considerada,1
entrareis,1
inmunidad,1
exentos,1
vela,1
conocidas,1
multictures,1
ocurrencias,1
defraudar,1
curvas,1
agarrense,1
drogados,1
mqs,1
spacey,1
kevin,1
podridas,1
manzanas,1
carro,1
soporto,1
centrasen,1
erradicaran,1
juridicos,1
operadores,1
produzcan,1
mecanismos,1
anomalia,1
constituyen,1
inmigrantas,1
momia,1
administrativos,1
formalizacion,1
sancionadores,1
homologacion,1
asesoria,1
excepcionales,1
regulador,1
externalizados,1
baremacion,1
denominarse,1
recuperara,1
dispersas,1
relativas,1
concentrar,1
enfoque,1
sobrerepresentado,1
recrear,1
tragedia,1
beauty,1
profundas,1
exacerbado,1
carcas,1
obtendrian,1
sobreprotegido,1
zumbados,1
anima,1
difunden,1
cabecita,1
insultados,1
increpados,1
echandolos,1
resoluciones,1
aborrezco,1
separa,1
pasajes,1
ubeda,1
cerros,1
comerselas,1
mecanismo,1
prevengan,1
comunitarias,1
pondra,1
elaborara,1
preventivas,1
propositivas,1
accesible,1
desfavorables,1
pelis,1
alcanzados,1
realizadas,1
presentados,1
vinculo,1
reforzando,1
trayectoria,1
mermada,1
flexibilizaran,1
posesion,1
vinculara,1
flexibilizacion,1
articularan,1
implantara,1
descolonizacion,1
repertorio,1
desfavorecida,1
notificaciones,1
correspondencia,1
stalin,1
miedoooooooooooooooooooooo,1
systematic,1
states,1
united,1
identify,1
who,1
against,1
are,1
reported,1
lsa,1
estimates,1
that,1
especificando,1
eliminaran,1
vulneraciones,1
derogando,1
contravienen,1
fronterizas,1
finds,1
studies,1
thoennes,1
tjaden,1
basile,1
lifetimes,1
their,1
during,1
experience,1
restableciendo,1
incumplan,1
agilizacion,1
humanitarios,1
diplomatico,1
reapertura,1
data,1
according,1
primerizas,1
escandalosa,1
preocuparos,1
inmuta,1
electricas,1
bilateral,1
promoveremos,1
perimetros,1
colocados,1
lesivos,1
bajase,1
apareciera,1
farola,1
follaron,1
exabruptos,1
monguers,1
imponerse,1
critiques,1
puebla,1
mongolada,1
victimizar,1
escozor,1
mezcles,1
aprobara,1
duradera,1
aseguren,1
viabilidad,1
establecida,1
suprimir,1
sustancial,1
pasivo,1
bilaterales,1
loreg,1
municipal,1
atribucion,1
soli,1
relevancia,1
discrecionales,1
burocraticas,1
mutilacion,1
ultrasubvencionado,1
cordial,1
yogures,1
tapas,1
alarmismo,1
ramadan,1
domesticados,1
rotodisiano,1
tachando,1
aludid,1
aplauden,1
vientre,1
recurran,1
preferira,1
subrogada,1
resumirlo,1
trono,1
miralos,1
correra,1
esfuerzas,1
variadas,1
paraguayos,1
inhabilita,1
gratas,1
declarar,1
veladamente,1
amenazan,1
inciden,1
vulnerados,1
constitucionales,1
estomagos,1
votarian,1
acojona,1
panchi,1
interpretais,1
imanes,1
enfadar,1
sodomitas,1
apaleadores,1
iris,1
arco,1
banderita,1
encerramos,1
encerrando,1
confundes,1
deciais,1
complicaciones,1
joe,1
botar,1
ocasionen,1
ejpana,1
veneno,1
agrandar,1
capillitas,1
evidencias,1
inmoral,1
cupulas,1
recomendable,1
imperdible,1
precioso,1
traeros,1
over,1
take,1
inmigratoria,1
follainmigrantes,1
rebuscada,1
vetando,1
criticadas,1
incrustada,1
razonar,1
tenida,1
deferencia,1
primarias,1
motoras,1
baratillo,1
postal,1
encontrara,1
llenara,1
sacarlos,1
animando,1
folletos,1
miedi,1
oprimidisimos,1
catetos,1
catetadas,1
centrase,1
leetelas,1
poseidas,1
pecados,1
superpoderes,1
follaninos,1
comprometidas,1
alerto,1
dirigire,1
cipote,1
lame,1
espontaneo,1
oficialistas,1
accor,1
accenture,1
acrisolado,1
anfitriones,1
eliminado,1
hundira,1
tropas,1
bobon,1
hurtangorron,1
merkaos,1
prestamista,1
forrarnos,1
ganga,1
abaratar,1
suelos,1
moderacion,1
aguirre,1
comentais,1
investigue,1
vejando,1
rocio,1
coaccionan,1
abuse,1
suceden,1
lgbtqiskjdlxc,1
tevan,1
muchaa,1
vos,1
favoritos,1
diaria,1
alfalfa,1
despertais,1
booz,1
bbk,1
kutxa,1
acostumbrada,1
sectas,1
discriminen,1
discrimine,1
barclays,1
bankinter,1
banesto,1
urquijo,1
bancaja,1
cosmetics,1
avon,1
kearney,1
newman,1
cuatrecasas,1
contrapunto,1
compass,1
discoteca,1
quejaros,1
bilissssssss,1
argehgrhgrg,1
judeomasonicas,1
votarlos,1
debatirlo,1
vinoman,1
channel,1
clear,1
citi,1
cajasol,1
cajamar,1
garrigues,1
deringer,1
bruckhaus,1
freshfields,1
jincaba,1
pseudotolerancia,1
ostracismo,1
condenarnos,1
fremap,1
ford,1
press,1
euroconsult,1
ernst,1
ericsson,1
deutsche,1
deloitte,1
packard,1
hewlett,1
siro,1
redur,1
lar,1
joly,1
quiron,1
hospitalario,1
fundosa,1
caser,1
pombo,1
acebo,1
gomez,1
gmp,1
genetsis,1
electric,1
laboratorios,1
chase,1
jpmorgan,1
direct,1
ing,1
posterioridad,1
perlas,1
veladas,1
derogacion,1
separatistas,1
arrogado,1
calificado,1
ibm,1
ibermutuamur,1
intropia,1
hoss,1
morris,1
phillip,1
llorca,1
perez,1
peoplematters,1
analyst,1
ict,1
penteo,1
intercomarcal,1
mrw,1
microsoft,1
lynch,1
merrill,1
mckinse,1
oreal,1
inas,1
sabeco,1
melia,1
schindler,1
sanitas,1
rochefarma,1
priorizando,1
cogiendole,1
festival,1
ataja,1
talento,1
sobresale,1
alcaparra,1
randstad,1
probuilding,1
pricewaterhousecoopers,1
phillips,1
unilever,1
editorial,1
tnt,1
tns,1
ponmelo,1
autoconviccion,1
ratifica,1
afueras,1
quemarlos,1
gobernasen,1
tildaria,1
lgtbiq,1
cojean,1
consulting,1
boston,1
telecinco,1
disgenesia,1
invertida,1
sometiendo,1
aplicando,1
propociono,1
alegados,1
encontrarlo,1
comparta,1
reencuentra,1
willis,1
vodafone,1
vocento,1
hospitales,1
usp,1
menendez,1
uria,1
lentamente,1
hedonismo,1
contaminacion,1
subliminal,1
esterilizado,1
correlacion,1
electorado,1
ciudagramos,1
exijan,1
autoritario,1
maderas,1
quemando,1
difieren,1
homobofo,1
desayunar,1
malamente,1
esclavista,1
tecnotronico,1
etapa,1
extremadamente,1
dependan,1
solitarios,1
abandonada,1
asemejar,1
postor,1
pudimos,1
consideres,1
cupula,1
expansiva,1
alimentamos,1
neoliberal,1
corroboren,1
mail,1
woes,1
debt,1
solution,1
imf,1
integration,1
greater,1
conspira,1
conspirado,1
contribuciones,1
peldano,1
escalon,1
ascender,1
laboralista,1
cuencoarrocista,1
lumpenista,1
liandola,1
yas,1
ladran,1
inetenteis,1
empate,1
rollos,1
totalitaria,1
perico,1
hidraulica,1
planito,1
replacement,1
departamento,1
lavanguardia,1
hemeroteca,1
monetario,1
online,1
effect,1
letter,1
economic,1
frbsf,1
refieran,1
economy,1
titulado,1
report,1
sach,1
eleconomista,1
resumillo,1
artifices,1
aplicada,1
condal,1
clos,1
viejuna,1
contengan,1
californiana,1
productivity,1
employment,1
dimensiones,1
gustatia,1
bender,1
pipe,1
etubos,1
dobladora,1
fors,1
ubico,1
elaboracion,1
serviran,1
globales,1
sufridos,1
parainmigrantes,1
petita,1
excusatio,1
anonima,1
forista,1
jajajaj,1
jefatura,1
comisario,1
vocal,1
blando,1
consanguinidad,1
enriquece,1
journal,1
brussels,1
diversity,1
engineer,1
yago,1
coordinador,1
lanzamos,1
madrilenas,1
solicitamos,1
lesiones,1
acompanara,1
denunciara,1
aconsejo,1
bbc,1
nubes,1
inmigrarnos,1
presionando,1
aconseja,1
liberalizar,1
elpais,1
protercermundistas,1
politraumatismos,1
apreciaron,1
jimenez,1
acudio,1
marcharon,1
zapato,1
suela,1
dureza,1
bilderberg,1
trilateral,1
petroleum,1
homogeneity,1
national,1
undermine,1
should,1
european,1
increparon,1
pegaron,1
regresaba,1
chamberi,1
distrito,1
increpado,1
machote,1
pajarraca,1
spectre,1
lerner,1
barbara,1
comiunitimanayeroide,1
wodans,1
mitos,1
moliva,1
center,1
party,1
tider,1
sverige,1
till,1
nybyggare,1
miljoner,1
massimportera,1
vill,1
centerpartiet,1
subditos,1
liderazgo,1
vistos,1
funcionar,1
fund,1
jewish,1
ribosomas,1
degeraciones,1
rizo,1
rizar,1
empezaban,1
subtitulado,1
satirizando,1
discriminas,1
follatelo,1
integracin,1
polticas,1
fbbva,1
bretana,1
telegraph,1
britain,1
been,1
made,1
tiger,1
celtic,1
temen,1
francesas,1
theguardian,1
working,1
roma,1
needs,1
arruinando,1
monopoliza,1
inmigroides,1
espaolas,1
autnomas,1
protagonismo,1
ofendio,1
irlanda,1
gael,1
fine,1
empenais,1
desprecie,1
coincidir,1
enterate,1
faltando,1
elimines,1
cuidao,1
puteo,1
jamada,1
irlandesa,1
olivia,1
looking,1
better,1
refiriendome,1
dijiste,1
connotacion,1
abunda,1
licito,1
normalis,1
new,1
reject,1
voters,1
urge,1
leaders,1
swiss,1
chaletin,1
plim,1
poso,1
expande,1
arevalo,1
castana,1
parafilia,1
sinonimos,1
tecnicismos,1
caracteristico,1
habito,1
linguisticos,1
oligarquias,1
danaran,1
rechazar,1
instan,1
influyentes,1
esquilmar,1
reuters,1
limits,1
utilice,1
albacete,1
nortecastilla,1
excesivos,1
adolecer,1
exceder,1
fundamento,1
cientifica,1
realizaciones,1
adjetivo,1
extraordinario,1
frica,1
destrozaran,1
aportacin,1
sermon,1
inconstitucional,1
encargadas,1
protercermundizacion,1
jaen,1
rel,1
jvenes,1
atendi,1
cdiz,1
obispado,1
fundacin,1
legaliza,1
catolicas,1
rezos,1
arzobispado,1
dolores,1
expulsada,1
arzobispo,1
coruna,1
incontestablemente,1
regresado,1
estadistico,1
keniatas,1
nomal,1
kenia,1
diferenciarlos,1
alarme,1
bentihuno,1
xenfobos,1
enriqueciendo,1
sostiene,1
siniestra,1
diputacion,1
legalizacion,1
sjm,1
portalinmigrante,1
monogamas,1
bonobos,1
primates,1
empenan,1
engendros,1
heterosexualidad,1
sexuada,1
peyorativo,1
paraeclesiastico,1
paraestatal,1
inedito,1
intevencion,1
bocadillos,1
distingue,1
excluvisamente,1
entrega,1
karibu,1
mentirle,1
concursando,1
gafapastosos,1
trague,1
silenciar,1
discuten,1
mafiosa,1
unesco,1
involucrados,1
subversiva,1
jesus,1
tercermundizador,1
jesuita,1
escarabajos,1
iguanas,1
palomas,1
luchas,1
documentales,1
denominaba,1
chocho,1
yse,1
criticaba,1
demostrandolo,1
lejano,1
reproduzcan,1
atraigan,1
capitoste,1
discriminando,1
subsahariana,1
morderme,1
multiculturalizar,1
homogeneas,1
asquenaci,1
amarilla,1
rom,1
noruego,1
oslo,1
kohn,1
ervin,1
pigmeas,1
desencadenantes,1
freijo,1
turbio,1
capullo,1
emporio,1
disceiminado,1
porq,1
sexy,1
cambiarse,1
brillantes,1
mantenian,1
diferenciemos,1
contradicciones,1
implosionan,1
cerebros,1
pornografia,1
acostarse,1
atreverse,1
marihuano,1
apoyados,1
musulmanada,1
loable,1
diversos,1
propagandistico,1
crepeau,1
francois,1
tejido,1
pegida,1
canciller,1
miga,1
desmenuzo,1
insaid,1
cimientos,1
apuntalan,1
aumentase,1
asombrosa,1
llamarlos,1
carles,1
velando,1
entretengas,1
alzar,1
acto,1
nansi,1
tachara,1
mutuo,1
intima,1
cavernicolas,1
saltarian,1
qatarufa,1
acsar,1
foundations,1
society,1
desinteresadas,1
arango,1
sigla,1
pobresitos,1
pajarraco,1
sostenida,1
barcelonesa,1
mismisima,1
extendiendo,1
cabildo,1
fuenlabrada,1
getxo,1
beneplacito,1
fabra,1
pompeu,1
ciu,1
campuzano,1
ceban,1
megaempresa,1
mercenarios,1
implantado,1
mientas,1
falto,1
escandaliza,1
payo,1
perdiz,1
marear,1
corras,1
enganchan,1
cotidiano,1
enciclopedia,1
suscritos,1
consorcios,1
pillaste,1
tupido,1
corramos,1
aham,1
apunalarlos,1
justifique,1
salirte,1
manguitos,1
sali,1
implanta,1
desmanes,1
destrucciones,1
censurar,1
osaron,1
grupete,1
hienas,1
line,1
cumplimentar,1
rsc,1
chercoles,1
comite,1
nombramiento,1
adhieren,1
annan,1
kofi,1
hitos,1
pyme,1
adheridas,1
conforero,1
promocion,1
instrumental,1
veta,1
aeca,1
abertis,1
abengoa,1
marcadas,1
reproducir,1
deformidad,1
deforme,1
insanos,1
sensibles,1
llamandome,1
intercambien,1
boylady,1
ladyboy,1
contestaba,1
premia,1
decimo,1
tractament,1
caixabank,1
bidea,1
argentaria,1
vizcaya,1
assistencials,1
serveis,1
anue,1
asecom,1
confeccion,1
dircom,1
arje,1
anudal,1
anfaco,1
agbar,1
contabilidad,1
contadores,1
contazara,1
cofides,1
comptes,1
jurats,1
censors,1
collegi,1
edificacion,1
tecnicos,1
aparejadores,1
agraria,1
comercializacion,1
coato,1
cator,1
residuals,1
olis,1
edp,1
foods,1
trap,1
oslofo,1
almas,1
perturba,1
subyace,1
natura,1
guapete,1
reflote,1
alguein,1
pisto,1
tailandes,1
reaseguros,1
deva,1
copredije,1
salcedo,1
eoi,1
biodiversidad,1
freixenet,1
foretica,1
ferromolins,1
moderna,1
fehrcarem,1
construcciones,1
euskaltel,1
esteve,1
manejada,1
avanzadas,1
enusa,1
endesa,1
elcogas,1
mediaresponsable,1
planning,1
sustainable,1
managing,1
javierre,1
ingeteam,1
iese,1
ico,1
revenga,1
prasa,1
ohl,1
eroski,1
einsa,1
antolin,1
gamesa,1
fundipe,1
velatia,1
logistic,1
telegrafos,1
cernin,1
disfrutala,1
verles,1
transformados,1
delatan,1
atane,1
respetarlas,1
polear,1
roadmap,1
operadora,1
nilo,1
holding,1
mediaset,1
desarrollandose,1
selva,1
respaldo,1
descalificar,1
lamer,1
newfags,1
poles,1
poleacion,1
advenedizo,1
lector,1
medallas,1
colgarme,1
zankear,1
ziv,1
consultores,1
villafane,1
irracional,1
cerrara,1
colleja,1
orangutanada,1
youtuberos,1
antidemocratico,1
plumazo,1
docenas,1
movido,1
problanco,1
papelera,1
moderadores,1
sindicalismo,1
pedirlo,1
subforro,1
zankeado,1
benevolentes,1
surgido,1
visualizando,1
desinformar,1
asustar,1
failear,1
rara,1
friend,1
editas,1
jajajjja,1
banera,1
imaginalos,1
hambicionen,1
yollie,1
ideologizado,1
emotivo,1
farlopa,1
elitistas,1
inventadas,1
ridiculas,1
asiduos,1
televidentes,1
financian,1
trapi,1
euroetnicas,1
conforreros,1
cojonudos,1
amarillistas,1
fallidos,1
tocateja,1
secuestrado,1
castigados,1
bate,1
propietario,1
embargan,1
filiales,1
tenerlas,1
saliese,1
incitaria,1
excluyendo,1
recargo,1
trapicheando,1
agredo,1
sostenido,1
extorsionar,1
asfaltada,1
recta,1
carriles,1
jitler,1
pot,1
melting,1
mataron,1
nancyes,1
renegrio,1
morenuzo,1
zon,1
espanole,1
harjumentoh,1
ignoren,1
intentamos,1
salvaremos,1
flagrantes,1
agravios,1
superman,1
izq,1
asustan,1
ventas,1
andando,1
terminaran,1
lugarenos,1
comienzan,1
escudarse,1
imorta,1
balcanizacion,1
desapasionado,1
limpio,1
zombis,1
pipol,1
imayin,1
bigote,1
portaron,1
boicot,1
tunecinos,1
sedicioso,1
amoldar,1
adinerada,1
travesia,1
discrepes,1
albal,1
tenes,1
forocofradias,1
forolibeggales,1
foroceoe,1
laicista,1
faistars,1
infernal,1
penado,1
antipatriotico,1
innundar,1
parrafos,1
soe,1
discrepan,1
prohibitivos,1
viso,1
usera,1
sobreprecio,1
disparando,1
solventarme,1
contraste,1
profundizar,1
opongo,1
mosquita,1
compadre,1
curras,1
construimos,1
empresaurio,1
inspectores,1
rubitos,1
generada,1
invisible,1
sacate,1
incoherente,1
madridistas,1
etiquetado,1
hubieses,1
preocuparian,1
cerrarian,1
hiciese,1
jaulas,1
rasssista,1
mililitro,1
deposites,1
aspiro,1
avispados,1
burdo,1
zafio,1
niqab,1
revueltas,1
beneficiarian,1
gobernaba,1
sublime,1
imparapla,1
currazo,1
fibestars,1
femiprogre,1
rancia,1
sacarte,1
liquidez,1
cinica,1
verbigracia,1
cordialidad,1
derechistas,1
corporaciones,1
sinco,1
forocrios,1
tacharon,1
antiglobalizacion,1
under,1
arruinar,1
fortunas,1
turisticos,1
enfrie,1
reubicar,1
remunerados,1
observaba,1
ccoo,1
tecnico,1
gabinete,1
martin,1
retroceso,1
ocde,1
escrupulos,1
apreciados,1
borjas,1
ger,1
hojos,1
pge,1
compite,1
aceleraran,1
golpistas,1
borrachisimo,1
explicarles,1
gobernaran,1
participe,1
hareis,1
tecnologicamente,1
innovar,1
obligara,1
robotizacion,1
liberacion,1
estudiantes,1
hostelero,1
aproximado,1
descendientes,1
estimada,1
distincion,1
ocasionan,1
envejeceran,1
colapsan,1
becerra,1
aceptarla,1
cogida,1
empeoramiento,1
limpiaban,1
portales,1
volando,1
tortilla,1
pojemplo,1
lucia,1
val,1
merry,1
dirigia,1
decidieron,1
comunitario,1
sujetas,1
arreglara,1
purga,1
ayudaria,1
residenciales,1
pisaran,1
getos,1
impulsada,1
erradicadas,1
resurgir,1
insospechados,1
desbocada,1
generen,1
alimentar,1
proximidad,1
sucesivamente,1
contable,1
calidades,1
prototipo,1
agravado,1
representaba,1
remarcan,1
observaciones,1
ascienden,1
cuantitativo,1
figar,1
optaria,1
domino,1
desnazifiquese,1
sabiduria,1
ilumines,1
parla,1
compites,1
arrebatadas,1
pistas,1
especular,1
ingresado,1
disparado,1
confirmada,1
elcano,1
contribuye,1
censados,1
separarnos,1
expoliando,1
ladrillil,1
destinan,1
regalada,1
invent,1
adoran,1
trasnochado,1
electricidad,1
sucio,1
mudarse,1
diferencial,1
confiamos,1
putnam,1
robert,1
implico,1
profundizare,1
cosechero,1
foraneo,1
hamego,1
rasesta,1
tomocho,1
obliguemos,1
caseros,1
valgo,1
rebaja,1
conciudadano,1
cuplables,1
parecerte,1
luchad,1
despertad,1
vernos,1
guardo,1
sitiooo,1
deprimireis,1
intentad,1
subidlo,1
narcos,1
sufran,1
condenarlos,1
libras,1
decaiga,1
bajando,1
impidiendo,1
recopilaron,1
diciendole,1
faltaban,1
cylon,1
proliferacion,1
controlas,1
lapidarian,1
colgarlos,1
cortoplacismo,1
dinares,1
rublos,1
alquila,1
traman,1
rompen,1
olas,1
arriesgarse,1
supiese,1
gorro,1
lokoh,1
dise,1
trabajara,1
clarinete,1
openarms,1
informativos,1
emocionaron,1
cazaron,1
barquita,1
destapando,1
podereosos,1
taxi,1
salvos,1
preocupe,1
cualifacion,1
femimismo,1
disfrazarlo,1
encargaran,1
rtopaganda,1
colapsado,1
flodean,1
pantera,1
coleguitas,1
jueces,1
colocacion,1
liadas,1
aparato,1
firman,1
despacio,1
zarpa,1
bono,1
cui,1
gilis,1
igualan,1
streaming,1
bufetes,1
negociazo,1
desmentido,1
salvados,1
perseguia,1
descubrieron,1
blanqueo,1
rescatarles,1
moriste,1
karateka,1
emigren,1
ganara,1
ptoyecto,1
bloqueaba,1
baraya,1
future,1
mercante,1
nodriza,1
ahhhh,1
rebajar,1
arriesgarian,1
rescataramos,1
cancion,1
quedaste,1
arrasados,1
fuisteis,1
pudiste,1
suspiro,1
liberando,1
mataste,1
titule,1
ahah,1
enespana,1
reprocidad,1
reprochad,1
concretar,1
sodomizadlo,1
coged,1
largos,1
anticiudadanos,1
comedo,1
mejoraria,1
homriguero,1
mister,1
televisivo,1
recapacita,1
pistols,1
editando,1
demuestren,1
confirmen,1
mugrienses,1
mmmmm,1
hechenoke,1
apesta,1
patrullera,1
girando,1
imprescindible,1
eslabon,1
retorcido,1
continuacion,1
descartado,1
autobanearia,1
especificarme,1
acontecidas,1
nitida,1
vendopegamentoesnifablebarato,1
fachafranco,1
magnifico,1
frene,1
tocino,1
confundamos,1
fotografico,1
reportaje,1
pertinente,1
imaginar,1
traducir,1
esfuerza,1
sal,1
anadais,1
demagogias,1
milagrosamente,1
barcas,1
colaboradores,1
contribuyendo,1
onegetas,1
liquidar,1
conflictivo,1
seguimientos,1
liado,1
vehiculo,1
tiroteo,1
guillelel,1
estragos,1
causan,1
cometidas,1
furgon,1
furgones,1
movilizaria,1
peorcito,1
demostrarlo,1
desmentir,1
ofrecele,1
chalupa,1
balsas,1
recogidos,1
fias,1
afimarcion,1
denuncien,1
pxl,1
treintena,1
endurecido,1
imputaba,1
arrestado,1
walter,1
peruano,1
detenida,1
laarbi,1
aifa,1
acumulan,1
afirman,1
daneses,1
neozelandeses,1
australianos,1
ozil,1
subsisten,1
seriamente,1
planteas,1
terminaremos,1
maiz,1
urgentisimas,1
morralla,1
elbellotas,1
blanquillas,1
recorridos,1
deshidratacion,1
mojitos,1
pullmantur,1
kaddour,1
hamed,1
grilletes,1
llamarse,1
hampa,1
peculiaridades,1
elaborada,1
haylo,1
hombresaliendodebajodecocheenllamas,1
salvavidas,1
borre,1
verguenzas,1
disparo,1
rescaten,1
masificacion,1
detuvieron,1
esquadra,1
concentraron,1
eixample,1
vella,1
ciutat,1
edil,1
postguerra,1
lideres,1
amados,1
buenisimos,1
buscados,1
provinieron,1
ordenaron,1
deteccion,1
ceimigra,1
inminente,1
fallas,1
reforzara,1
encarceladas,1
calvia,1
cuadriplica,1
quintuplica,1
tmbn,1
proactivaopenarms,1
msf,1
unicef,1
inesperado,1
baltasar,1
ascuas,1
dulzura,1
carino,1
gnec,1
conmuta,1
basandome,1
consentimos,1
delinquiran,1
delinquieron,1
pobrisimos,1
colocarsela,1
ayudare,1
walkmoon,1
investigar,1
aisladisimo,1
hdlgp,1
maleno,1
imaginarlo,1
senalandose,1
arrendatario,1
valer,1
presentarte,1
sustentarse,1
bromita,1
borderless,1
diplodocus,1
ciero,1
colchon,1
extrapolacion,1
confidenciales,1
tell,1
aha,1
transpasarse,1
follon,1
contadpor,1
resetea,1
sellen,1
colas,1
acreditativo,1
firme,1
chorprecha,1
castidad,1
necesitaba,1
rellenado,1
pedia,1
comunitarios,1
consiguendo,1
acababan,1
mandabamos,1
resguardo,1
piede,1
convolution,1
marchado,1
kilometrica,1
poniamos,1
polaca,1
incompetencia,1
qui,1
suscripciones,1
cancelar,1
impacta,1
churs,1
cotizara,1
aso,1
jjaajj,1
obviedades,1
ogete,1
desinflando,1
restante,1
aportamos,1
usen,1
aclaro,1
enpezar,1
numerito,1
apresurando,1
empoderado,1
empeoran,1
aliviados,1
respiran,1
moldeables,1
agigantados,1
tercemundizacion,1
desolador,1
cesante,1
sas,1
reditos,1
alcantarillas,1
falaz,1
educo,1
oportunistas,1
promoveis,1
organismos,1
cuantificar,1
cigala,1
contasen,1
creible,1
pesimos,1
jajajjajjaj,1
okheraldo,1
copar,1
empleos,1
rota,1
navidades,1
ayudaron,1
priorizar,1
perdone,1
tragando,1
gamba,1
creerlos,1
repetirlo,1
hauptbanhof,1
altisima,1
retencion,1
ahogado,1
mandatos,1
supeditada,1
corresponda,1
teheran,1
margallo,1
museo,1
impactaba,1
pagueis,1
alcoholicas,1
bebidas,1
suspenso,1
presentara,1
paguitaxvoto,1
fuere,1
hipersubvencionado,1
comparalos,1
langosta,1
montarse,1
apuntandose,1
mae,1
agradeceria,1
multiplicada,1
prodemos,1
einstein,1
almenes,1
dueno,1
hazard,1
joao,1
responda,1
cobrapagas,1
casaras,1
obtienes,1
formalizando,1
acostumbradas,1
yankee,1
chuscando,1
aclarare,1
contestare,1
compensaria,1
impactante,1
corresponde,1
consulado,1
ayudaos,1
afiliarse,1
ayudaba,1
frotaban,1
pescar,1
pagaban,1
dinamitar,1
aflojan,1
complicados,1
controlo,1
remonta,1
obviarla,1
rendira,1
guadalajara,1
figure,1
apuntar,1
seg,1
bartola,1
trajeramos,1
poul,1
hermoso,1
pseudoespanoles,1
abultadas,1
podais,1
intermedia,1
animos,1
armate,1
friolera,1
casarnos,1
japonesa,1
desgravar,1
forrar,1
canadiense,1
cobras,1
sumases,1
gambas,1
separame,1
jajajajjajajajajajajajajaja,1
beneficiasen,1
molestia,1
mega,1
barajado,1
council,1
perfecciona,1
asegurais,1
paralelamente,1
interraciales,1
frios,1
mindungis,1
falsearlo,1
explican,1
propsoe,1
yyyyyyyyyyyyya,1
rezan,1
beben,1
tipicos,1
yugoslavia,1
imigrantes,1
aclararos,1
ayudaros,1
xurs,1
ocurren,1
tensiones,1
adaptacion,1
corner,1
autodestruido,1
pusilanimes,1
eypos,1
pormenorizado,1
obtendras,1
torturalos,1
reinvierte,1
fumadores,1
maricadas,1
miden,1
contrataras,1
jimmie,1
gitanas,1
percibirla,1
condixiones,1
jubilado,1
poquisimos,1
perdamos,1
mohammed,1
scroll,1
paradojico,1
creadores,1
omiten,1
ujete,1
valdra,1
donalds,1
cualificar,1
contaminada,1
viciada,1
cogiendo,1
repita,1
torticero,1
llevarme,1
desmentis,1
tergiversa,1
oscuridad,1
hundida,1
colapsara,1
almacen,1
mozo,1
unocobraba,1
sosas,1
trola,1
esteril,1
trileros,1
tendemos,1
bmws,1
volvos,1
quier,1
lover,1
rubio,1
prevision,1
colapsar,1
sople,1
cartero,1
inmigration,1
mandanga,1
pisotear,1
stockholm,1
conseguirme,1
sentiras,1
escenarios,1
quejareis,1
pfff,1
pibones,1
jajajajajajajajajaja,1
compensaban,1
empleabilidad,1
migras,1
colacion,1
debiera,1
puntapala,1
aburridos,1
guarda,1
estoclomo,1
sorry,1
juntarnos,1
macroeconomicos,1
demostrarte,1
conciliacion,1
ppgg,1
magos,1
incluyesen,1
apotacion,1
loritos,1
repetiran,1
convertira,1
jugamos,1
ganador,1
llevarnos,1
cortas,1
convalidasen,1
continuar,1
moldavo,1
parisino,1
jajajajajajjaajjajajajajajajajajjajajajaj,1
ajajajajajajjajajajajajajajajajajajajajajajajajaja,1
ajjajajajajajjajajajajajajajajajajajjajajajajjajaj,1
jajajajajajajjajajajajajjajajajajajjajajajajajajaj,1
hombresd,1
tributan,1
barcelones,1
opel,1
segmento,1
expones,1
valida,1
interpretaciones,1
carezca,1
enganada,1
altisimas,1
invierte,1
dddddddddddddddddddddddddddddddd,1
xddddddddddddddddddddddddddddddddddddddddddddddddd,1
jjaajjaajajjaa,1
cracks,1
greta,1
trolear,1
fuiste,1
trabajaste,1
reproducirte,1
eslavos,1
forocochera,1
quedada,1
enamoren,1
comprada,1
desglose,1
leerme,1
esforzare,1
higualdad,1
denuncias,1
sufriera,1
demandas,1
selectivos,1
bulgaria,1
croacia,1
macedonia,1
demostrables,1
comparados,1
bajon,1
entiendan,1
islamofobios,1
trabajases,1
cuencos,1
embusteros,1
bobadas,1
soltais,1
currelas,1
capacitados,1
nido,1
reemplazara,1
flipaos,1
revuelta,1
sudamernicanos,1
atrasado,1
ironica,1
soleis,1
trampas,1
manipulas,1
mientes,1
unit,1
removal,1
vine,1
satisfaccion,1
aportada,1
vaqueros,1
comprobarlo,1
robaban,1
violaban,1
arrastrandote,1
anchas,1
escolarizado,1
compute,1
esforzarse,1
diferencie,1
aventuro,1
millo,1
jajjajajaja,1
ecuanimidad,1
dechados,1
oublico,1
mariscadas,1
positivas,1
mafiosas,1
callejeras,1
acogian,1
disgustadisimos,1
bonobus,1
meca,1
rezar,1
poseen,1
destacar,1
amistosamente,1
descenderia,1
hogares,1
dich,1
prescindieramos,1
desigualmente,1
distribuidos,1
acoges,1
alardeando,1
moruna,1
ranciedad,1
hispanoamericanos,1
solitto,1
argumentas,1
desarrollando,1
perderian,1
detallado,1
cristina,1
vicesecretaria,1
nacimientos,1
ascenderia,1
positivos,1
sumaria,1
contradicen,1
actualizados,1
perderemos,1
integrados,1
reunen,1
hispanoamerica,1
nacida,1
huyesen,1
revolucionaria,1
reprimir,1
convoquen,1
acertado,1
confundiendo,1
bulgaros,1
destroyer,1
enganando,1
spartie,1
mauricio,1
imponemos,1
discute,1
dejare,1
fracasos,1
honor,1
prohibirlo,1
valoras,1
dejaramos,1
prohibieramos,1
makes,1
fraction,1
only,1
hueca,1
llenarte,1
durado,1
solucionan,1
solucionen,1
hiperexceso,1
zascazo,1
autodestruccion,1
dirigimos,1
reconstruccion,1
ayudase,1
afluencia,1
muneca,1
viajando,1
reivindicaciones,1
estarlo,1
politizadas,1
socialdemocratas,1
riverita,1
poltizadas,1
panrico,1
basan,1
posteando,1
andais,1
misoginia,1
irias,1
tenerles,1
limitados,1
mineros,1
evitando,1
desahucio,1
indirecta,1
boicotear,1
morenitos,1
alegran,1
pakistan,1
sumida,1
desarrollado,1
iraquis,1
residen,1
adaptasen,1
sient,1
peleles,1
mecagoenmiputavida,1
ribera,1
anticapitalistas,1
negaras,1
rias,1
tinte,1
vies,1
can,1
derrumbe,1
desalojo,1
camuflados,1
molestes,1
identificaciones,1
contradecian,1
vidam,1
avisas,1
montandote,1
cnt,1
sociopolitica,1
dftfgjnmvhbn,1
horda,1
invadidos,1
adorar,1
saudita,1
persico,1
colindantes,1
moruno,1
noroeste,1
educais,1
manteneis,1
dista,1
pal,1
nancy,1
batucada,1
cambiale,1
brasilena,1
tamborrada,1
cortesia,1
saliamos,1
montabamos,1
rascabamos,1
moriamos,1
emigrabamos,1
controlados,1
abandonados,1
reconozca,1
pirran,1
abominan,1
tercermundializar,1
fronton,1
chantaje,1
tercermundializacion,1
metafora,1
chechenos,1
iraquies,1
instalados,1
fije,1
espanolesno,1
rajarian,1
dejanos,1
descerebrados,1
rapada,1
expulsando,1
conversos,1
incrementado,1
referirme,1
apoyara,1
pagandoles,1
enviara,1
instalasen,1
combatientes,1
causo,1
tocarle,1
llamamos,1
procesando,1
solicitan,1
permitieron,1
atta,1
invadieron,1
escogiendo,1
atravesabamos,1
huiamos,1
honro,1
adapten,1
lata,1
apurais,1
replicadora,1
protestona,1
maleducada,1
maquinas,1
islamofilicos,1
impidiendoles,1
nochevieja,1
entrullarlos,1
cotizas,1
escolarizacion,1
integro,1
pagarla,1
pavitos,1
grupusculos,1
atacaran,1
nazifacharacistafrancogrrrrrrr,1
alas,1
cuerda,1
hebdo,1
doce,1
horitas,1
curra,1
hormigon,1
fusilaran,1
iparretarrak,1
favorito,1
izmierdas,1
deshicieron,1
servian,1
justificandose,1
encubriendolo,1
justificandolo,1
atacado,1
iraultza,1
dodotis,1
uros,1
billon,1
adaptate,1
quites,1
panuelito,1
exigian,1
remotisimanente,1
portado,1
mongolos,1
nancyfachafrancohitler,1
responderles,1
descrito,1
concedes,1
chupiprogres,1
haciendole,1
alah,1
revisaras,1
recomendaria,1
siguio,1
irrintzi,1
porron,1
trivializan,1
clinex,1
llamarles,1
aplausos,1
loro,1
atan,1
recular,1
defendiste,1
theseus,1
ignoradostheseus,1
adaptaran,1
compare,1
equivocados,1
utopias,1
sielo,1
apestados,1
amsterdam,1
csic,1
francisco,1
ghettos,1
matandoos,1
malintepretes,1
tromba,1
tiramos,1
sentencian,1
injustificados,1
sobreutilizacion,1
rapidisimo,1
enriquecernos,1
histeria,1
ataquitos,1
dirigidas,1
cuantioso,1
recogia,1
coinciden,1
constaten,1
revertiera,1
superavit,1
neto,1
totales,1
aportaban,1
absorbian,1
francamente,1
favorables,1
presento,1
cuantificacion,1
inyectan,1
extrajeros,1
reis,1
sintamos,1
querran,1
lloriqueando,1
grifos,1
mayordomos,1
escriban,1
predilectos,1
tiren,1
espiritual,1
envejeciendo,1
asentamiento,1
primigenia,1
encontrandose,1
recesion,1
mantuviera,1
inversiones,1
aplazan,1
utilizacion,1
consultan,1
volumen,1
dedicado,1
previsible,1
pensionista,1
cotizantes,1
elevar,1
previsiblemente,1
proporcionan,1
permanecido,1
zarpazo,1
reducira,1
mutxamel,1
presentan,1
consiguiente,1
compatibilizacion,1
domesticas,1
revulsivo,1
holandeses,1
trasmitan,1
ironico,1
chanchullear,1
desinteresadamente,1
rossell,1
facticos,1
concentra,1
derivarles,1
informarles,1
dirigen,1
fundamentan,1
percepciones,1
reinvente,1
emprenda,1
libeggales,1
ibex,1
probres,1
aprendiendo,1
ignorarles,1
desencadenante,1
ambivalentes,1
reacio,1
mostraba,1
indeseado,1
paradoja,1
denominar,1
asienta,1
piloto,1
jaleo,1
excasos,1
marcianos,1
cubos,1
listillo,1
independence,1
difundan,1
ralleis,1
lla,1
contrarestan,1
jajajajajajajajajajjajajajajajajajajajajjajajajaj,1
angelitos,1
subjetivas,1
visiones,1
oriental,1
sigais,1
islamizar,1
fornicar,1
rubitas,1
patrana,1
mandarnos,1
anuncian,1
residia,1
farsantes,1
paleta,1
uruguayos,1
levantina,1
prolongue,1
oposiciones,1
reponedor,1
tururu,1
degradante,1
jacuzzi,1
cortando,1
bombardean,1
planos,1
vendernos,1
cordura,1
lapidan,1
andaria,1
emirato,1
becarios,1
aufwidersehen,1
bichos,1
temperaturas,1
lluvia,1
ahhhhhhhhhhh,1
gafe,1
nordico,1
raquetas,1
culpo,1
reunio,1
ensenarla,1
buambulancia,1
ganadores,1
traste,1
claaaaro,1
xenofobos,1
extranaran,1
exija,1
rumanas,1
bastardos,1
jajajajajjjajjajs,1
pag,1
mandarte,1
reunificarse,1
maas,1
librarles,1
aguantarlos,1
pillase,1
ictus,1
sabed,1
bacon,1
otrave,1
gobiernen,1
discordante,1
distendido,1
giliprogretizados,1
sueldazos,1
primeritos,1
espaniol,1
desiertos,1
playita,1
preocupar,1
largar,1
entristezca,1
alegre,1
endeudan,1
autoempleo,1
oidos,1
visionario,1
cagarse,1
tripas,1
revuelven,1
facilitarles,1
pondriamos,1
calvario,1
preveo,1
decidlo,1
digame,1
tosia,1
prometia,1
espanlla,1
merezcan,1
indignarnos,1
inflarlo,1
pillarlo,1
despie,1
ruina,1
forrado,1
rezuma,1
mostaza,1
malherida,1
refugiadofilia,1
petadisimo,1
corran,1
random,1
cogerte,1
acogerte,1
potenciaria,1
antojo,1
trauma,1
superen,1
privado,1
adosados,1
localizados,1
quejaran,1
devolveria,1
encuentres,1
mueras,1
muevas,1
acojo,1
vendida,1
imposibilita,1
inscripcion,1
dandoselo,1
denle,1
acribillen,1
nobedad,1
puteados,1
selectos,1
poros,1
lang,1
asustado,1
activado,1
salvandonos,1
quejaba,1
encontro,1
peiodista,1
juntas,1
columnas,1
proporcionen,1
drogado,1
sucesiones,1
ganen,1
est,1
skins,1
palizones,1
recluta,1
chorro,1
manteniedno,1
docena,1
reuniendo,1
malinterpretado,1
interprete,1
audio,1
mateis,1
nadar,1
traicionado,1
haciendolo,1
recordados,1
dejase,1
cagoentooooooo,1
marbella,1
esquilmen,1
quejase,1
josdep,1
poster,1
nadamas,1
editor,1
chupandosela,1
elegro,1
engane,1
getafe,1
restantes,1
benefits,1
pelaje,1
rehen,1
pegaban,1
torturaban,1
defqon,1
supuso,1
discrimancion,1
derrochando,1
derrochado,1
aseguradas,1
gulag,1
vitalicia,1
reclamando,1
asilados,1
quejaria,1
acuchillaria,1
abducidos,1
estuvieramos,1
cope,1
bacteria,1
mercenario,1
carnicerias,1
peluquerias,1
jugoso,1
encargue,1
admnistracion,1
asegurarle,1
luchadores,1
juzgara,1
infarto,1
atenderia,1
asesorado,1
hispanos,1
qque,1
otorgando,1
morirse,1
comiendose,1
revientan,1
acunando,1
ayudita,1
moreria,1
tiritando,1
excusita,1
habida,1
debeis,1
coomo,1
mohas,1
mezquita,1
prioritario,1
siendolo,1
indignacion,1
cesaban,1
peligra,1
lerdos,1
voceros,1
lavada,1
funden,1
riehh,1
tontazo,1
mutxamiel,1
cortar,1
cortocircuito,1
merkelianas,1
senale,1
jajajajaajajajajajajajajajaajajajajajaja,1
traguemos,1
refugeees,1
espabilados,1
lambos,1
modenas,1
france,1
nieto,1
mandara,1
pagitas,1
periodisticos,1
entregarnos,1
extensa,1
ajajajajajjajajaja,1
panfletada,1
facilitarian,1
fagocitado,1
darsela,1
ayudarla,1
cabana,1
niedtro,1
monto,1
friepatatas,1
relegados,1
ummmm,1
acierto,1
maquetacion,1
myeete,1
fio,1
wow,1
pira,1
balazo,1
dependiera,1
maleta,1
entreguen,1
criticarte,1
grabacion,1
trabajais,1
tobillos,1
echandose,1
terrazas,1
sillas,1
marroquis,1
kebaps,1
ijodeputa,1
muchisma,1
crujen,1
zimmerman,1
olores,1
concertado,1
fregando,1
agarre,1
preguntaremos,1
cargara,1
sen,1
asuman,1
conquistado,1
integrarles,1
eses,1
comprometer,1
materninad,1
nustras,1
ofrezcamosle,1
iniciemos,1
esparta,1
potable,1
contador,1
calienta,1
explotaremos,1
dociles,1
formula,1
parasitear,1
agotado,1
darlos,1
titulacion,1
diferenia,1
paletones,1
permitis,1
librais,1
ponzona,1
cosrumbres,1
bonificacion,1
integrarlo,1
fallamos,1
mancharse,1
portatil,1
bloqueados,1
dialecto,1
comunicarte,1
preferiras,1
curriculums,1
curriculum,1
smartphone,1
atiendan,1
explicara,1
somanta,1
regalaros,1
tamos,1
abderraman,1
leprosos,1
simios,1
propicio,1
hacerlos,1
recomendado,1
vacante,1
vetadas,1
desconocen,1
panacea,1
foristas,1
usto,1
entrare,1
mostraria,1
atienda,1
aleppo,1
escoja,1
chavo,1
asaltantes,1
vallado,1
intentos,1
registraron,1
juzguen,1
subrayada,1
interceptadas,1
expulsiones,1
disminucion,1
redujeron,1
baleares,1
secuoya,1
acusandola,1
reculando,1
raudales,1
chapita,1
rehecho,1
establecido,1
usaron,1
traduciria,1
procedian,1
perimetro,1
vulnerando,1
huyeseis,1
contraprestaciones,1
inauditas,1
cogeran,1
dales,1
decreciente,1
altera,1
resalta,1
accedieron,1
lamantabla,1
debatamos,1
consciencia,1
extenderia,1
inevitablemente,1
git,1
semilegal,1
sanguijuela,1
escucharlo,1
besar,1
paquetitos,1
acogio,1
bosnio,1
regodeo,1
ocultos,1
nado,1
barbas,1
akbars,1
exodos,1
perdonavidas,1
mezclarlos,1
paypal,1
utilizaria,1
universitarias,1
perpignan,1
germany,1
autobahn,1
porqur,1
aprovecharos,1
atentar,1
machacaron,1
parecio,1
legislar,1
seguidas,1
iniciadas,1
regularizaciones,1
motivado,1
tache,1
incorrectos,1
cortamos,1
adentro,1
minoritaria,1
alzado,1
procuran,1
puntillas,1
perdieran,1
comunican,1
imponernos,1
conte,1
armados,1
inconcebible,1
hebbdo,1
coto,1
toro,1
fusiles,1
ganduleria,1
fomentamos,1
exprimir,1
devenir,1
subconsciente,1
llore,1
indiscriminada,1
kosovares,1
ingresa,1
franquista,1
mediaticas,1
vateres,1
trabajana,1
evitaria,1
significativamente,1
augmentar,1
acrecenta,1
admitiendo,1
jajjajajaj,1
dariamos,1
pagarlas,1
decepcion,1
agradeceremos,1
sucia,1
acosar,1
mongoloide,1
arrinconado,1
clair,1
cabreado,1
vontando,1
acabare,1
progresitas,1
neteria,1
laa,1
amado,1
follen,1
lobo,1
repostar,1
cabinas,1
tupolev,1
pilotos,1
impere,1
mandandolos,1
encasquetarnos,1
hexperaba,1
vaia,1
advierto,1
pincha,1
prostata,1
afeita,1
jodooooo,1
guinnes,1
rotisimo,1
chanante,1
sketch,1
mother,1
efukt,1
psique,1
insondable,1
normalizan,1
atrevimientos,1
chequeo,1
girl,1
liitle,1
wish,1
descanse,1
amputarse,1
relajante,1
quererle,1
matriculen,1
calado,1
permitiria,1
partidocracia,1
esforzamos,1
mascado,1
mirale,1
muchiiiiisimo,1
papas,1
wtffff,1
tranloquesea,1
grandisimos,1
aterrizar,1
rajar,1
recogiendo,1
desnutricion,1
miento,1
insinuan,1
permitiera,1
apropiada,1
leuros,1
festivos,1
labrarnos,1
autoctonas,1
resuelvan,1
injusto,1
normalice,1
distancie,1
alianzas,1
chupamela,1
susanna,1
sobrio,1
cumplio,1
seri,1
volverte,1
arranque,1
partiendonos,1
matadlos,1
oposita,1
guercom,1
regugiados,1
tomarme,1
burlao,1
tarumba,1
suicidios,1
ballenero,1
follas,1
eslogan,1
every,1
everything,1
lema,1
paguitero,1
ratito,1
decepcionarlo,1
querremos,1
bancarias,1
invitados,1
partia,1
presentador,1
jajajjajajaj,1
smaberik,1
ataud,1
utig,1
vaciad,1
condicionadas,1
agradecid,1
sorprenden,1
vicios,1
indefinidamente,1
consecuente,1
grama,1
legit,1
seems,1
metiendolos,1
tratais,1
dialogar,1
acabais,1
saqueis,1
definido,1
nasis,1
doblen,1
vieres,1
fueres,1
marqueses,1
distancias,1
salvando,1
surrealismo,1
juntitos,1
recapacitare,1
intensidad,1
juegue,1
androgeno,1
bagdad,1
esperen,1
infraser,1
remar,1
regale,1
generosa,1
mareas,1
explosivos,1
partirse,1
cucaracha,1
furcias,1
violamos,1
hormonaciones,1
adoptivos,1
engancha,1
vedad,1
zumbado,1
publicarlo,1
subnormalprogresismo,1
escucharlos,1
rioja,1
invitas,1
vagabundo,1
llevarias,1
abuelita,1
mato,1
bravoo,1
antebrazo,1
pedira,1
meritos,1
embargar,1
quitarle,1
entrase,1
paletas,1
fula,1
entrenado,1
confiaba,1
pillao,1
cachaza,1
esperabais,1
crowdfunding,1
cucarachas,1
ongetas,1
echeis,1
enfadarte,1
parafilias,1
darwin,1
metamorfosearse,1
operaran,1
tortazo,1
ninita,1
rapegees,1
ocultar,1
tiron,1
criticara,1
desentierro,1
chalete,1
esperes,1
desespera,1
approval,1
vivira,1
chupiguay,1
dieces,1
josef,1
adivinar,1
cavernicola,1
seal,1
urban,1
abjadan,1
mecagontuputamadre,1
quisiesemos,1
hilarante,1
cpt,1
pringado,1
flanderizado,1
ahorrare,1
tormar,1
maldivas,1
deportivo,1
botepronto,1
pudra,1
haznos,1
caerse,1
chapar,1
huyo,1
jojojojo,1
bildus,1
merecido,1
candados,1
acolchada,1
camisa,1
rahola,1
pilar,1
bufon,1
panal,1
cuna,1
usaba,1
adicciones,1
zarpas,1
sucias,1
subvencionaran,1
gerontofilo,1
compaginar,1
tildaros,1
fanaticos,1
riveritas,1
implosiona,1
reflexione,1
cents,1
compremosle,1
raqa,1
malpario,1
hijueputa,1
operarlos,1
avisa,1
explicarselo,1
contagia,1
port,1
milagros,1
lamento,1
redactarlo,1
tardaria,1
sangra,1
impresionante,1
heteropatriarcales,1
apocalipsis,1
babilonia,1
ilusorio,1
esconderte,1
sieso,1
descojonando,1
estandares,1
matarte,1
aumentarnos,1
pactados,1
decima,1
antonia,1
prorrefuges,1
zampar,1
sucedio,1
crecio,1
pudo,1
exgorda,1
confirmed,1
ballenato,1
embutidas,1
adelgaza,1
participaciones,1
senoria,1
conformes,1
deseados,1
esperados,1
deshaucian,1
suicidan,1
destinarse,1
hilico,1
adoptivo,1
sinceres,1
envies,1
experta,1
moriras,1
adelgazar,1
anorexia,1
esteticas,1
establezca,1
creerme,1
segundas,1
mamoneo,1
techos,1
fororacista,1
mamarrrrrrrrrrr,1
guie,1
orilla,1
proporcional,1
presupuestarias,1
bota,1
pine,1
culoabiertista,1
yonkys,1
estallara,1
columpiarse,1
macarrones,1
certeza,1
setido,1
darla,1
presupongo,1
ricamente,1
minoritarias,1
conspiranoicas,1
pondras,1
vestiras,1
mmmm,1
valls,1
viyuela,1
pasarian,1
extremas,1
taras,1
marque,1
judeo,1
iluminame,1
difunda,1
huira,1
cotarro,1
vendimos,1
presuponer,1
germanico,1
pusilanime,1
entoces,1
enviandole,1
contribuyo,1
nutriente,1
descolocado,1
conceder,1
comprobado,1
contenedores,1
pierda,1
coctelera,1
desmontarte,1
flipados,1
repitan,1
jejejejejejejjejeejjejejejejejejejejeje,1
distx,1
balleneros,1
vacuna,1
collares,1
comia,1
llevarla,1
experimentar,1
donaba,1
desgraciao,1
repatea,1
includo,1
cenar,1
inimaginables,1
superando,1
formo,1
senal,1
maaaaaaas,1
mentaaaal,1
repetid,1
peliagudo,1
mopi,1
enviaba,1
jajajjajaahajajjajahaajaj,1
lamentamos,1
desinformada,1
fomentarlo,1
sarnoso,1
costearle,1
sobrevivido,1
rechistar,1
aportaran,1
amablemente,1
gobernara,1
coleta,1
pidas,1
admitimos,1
salvaria,1
reunificandole,1
vengue,1
aborregado,1
agachar,1
defenderle,1
quejen,1
traerian,1
despertemos,1
orejeras,1
cegais,1
flipad,1
quererte,1
bravoooooooooooo,1
descripcion,1
padle,1
senol,1
celo,1
multipliquese,1
sanote,1
limpito,1
rapfugees,1
percibido,1
imaginarme,1
echale,1
pisooo,1
malico,1
connivencia,1
sugerido,1
comprarme,1
refus,1
pretensiones,1
abusando,1
ceden,1
deciros,1
manteneros,1
imaginad,1
recortado,1
ponlo,1
traductor,1
labrar,1
movilizamos,1
pijeras,1
perturbador,1
lograba,1
comportaban,1
adoptan,1
arrr,1
pesadillas,1
ballena,1
sustituira,1
papada,1
dominga,1
minga,1
chupame,1
intregral,1
jaaaaajajajajajajjaja,1
creyendome,1
dependen,1
irresponsable,1
dejarle,1
volante,1
uuuuuuuuuuuuuuhhhhh,1
exciten,1
respetados,1
obligo,1
brazada,1
injustos,1
sacrificios,1
resbalara,1
labrartelo,1
jugo,1
near,1
end,1
psicoticos,1
degenerando,1
purificara,1
motog,1
menea,1
tiemblan,1
castrados,1
cobardes,1
lanzallamas,1
repaso,1
simpatizar,1
estemos,1
arreando,1
resolverles,1
ombligo,1
noel,1
extenderla,1
comportasen,1
matarse,1
horno,1
miraaaa,1
similud,1
opta,1
institutos,1
rechazaron,1
perdieron,1
requeria,1
rapidito,1
estaremos,1
longui,1
marianista,1
tocados,1
digerir,1
barroco,1
adopte,1
desconocida,1
inquietante,1
fotograma,1
ilustrar,1
blonde,1
crossdressing,1
boobs,1
big,1
teen,1
durarian,1
cahondo,1
arda,1
hahhahahaha,1
ardiendo,1
agarrais,1
ositaaa,1
moraco,1
porrazos,1
llegao,1
bisabuelos,1
egpana,1
canon,1
hubiesemos,1
negarnos,1
esquivado,1
contaos,1
inicial,1
riete,1
prestarle,1
reprimiendolo,1
milf,1
tranny,1
insinuara,1
ninitos,1
suicidara,1
waaaaaaaaaaaaa,1
habler,1
nolan,1
mismisimo,1
alook,1
vejen,1
follan,1
decidan,1
conveniuente,1
pomada,1
reagrupaba,1
bombardeados,1
gobernados,1
estabais,1
reunirse,1
lumbreras,1
fachilla,1
atraviesa,1
quejaban,1
dolorosa,1
peritonitis,1
defendido,1
contestan,1
relucir,1
hablase,1
year,1
moonth,1
week,1
much,1
escopetas,1
parquecito,1
tocarlos,1
callos,1
bastas,1
cazallero,1
cantase,1
colecta,1
foromongos,1
lluevan,1
aplaudimos,1
largaran,1
echandoles,1
malviviendo,1
mamando,1
liveleak,1
olvidar,1
pepinos,1
amargan,1
salvas,1
duplex,1
doner,1
rascanalga,1
interpreta,1
renovable,1
holocuento,1
buenrollista,1
malagradecidos,1
tunda,1
cirrosis,1
vecina,1
transgresora,1
aprendo,1
vegano,1
administrar,1
old,1
ipso,1
chupasangre,1
sablan,1
envidioso,1
codicioso,1
demandar,1
hielo,1
antartida,1
ofrezcan,1
llamese,1
leguas,1
desembarcarlos,1
carreteras,1
nooo,1
refujetas,1
quemes,1
disfrutan,1
desviacion,1
hijodelagranputa,1
temblar,1
fritas,1
servirme,1
prometidos,1
hungaros,1
seguidos,1
aceptaron,1
notables,1
patio,1
puaj,1
henorme,1
apague,1
transx,1
demostraria,1
paar,1
wat,1
doctorado,1
bua,1
arreglarlo,1
ayudandoos,1
estariais,1
llamadme,1
maquillar,1
rasa,1
acogiendose,1
aniitos,1
fotosinsaid,1
disfrazare,1
sacad,1
clarisimo,1
pudriendose,1
nucleares,1
estates,1
yizia,1
traicioneros,1
politicuhos,1
guarderias,1
rgis,1
rompiendose,1
regresen,1
descontentos,1
enviarles,1
chupan,1
aplaude,1
flagelarme,1
decepcionad,1
corria,1
haren,1
estate,1
macroencuesta,1
vueltros,1
dentales,1
clinicas,1
descuentos,1
rebajas,1
ofertado,1
gordita,1
estimar,1
lorde,1
apaga,1
trolio,1
atraen,1
engordando,1
legion,1
terca,1
meternosla,1
malgobiernan,1
cogidos,1
ankara,1
ahogarias,1
feisimo,1
mens,1
comor,1
salvarlos,1
reporta,1
comprenden,1
confrontaciones,1
radicalismo,1
masas,1
arrastra,1
bosnios,1
evite,1
compren,1
pelota,1
permitirles,1
humanitariamente,1
deasiado,1
jod,1
originaria,1
dramatica,1
cerraba,1
lanzaba,1
puercos,1
agonia,1
verbos,1
grietzman,1
traernos,1
zetaparo,1
florida,1
rascandome,1
toy,1
gasolina,1
preocupen,1
avanzado,1
miradlo,1
asimilarlo,1
molaria,1
punpun,1
sorprendiendo,1
severo,1
extranaremos,1
alibaba,1
aladino,1
lampara,1
reclamaciones,1
ejejej,1
espanolistas,1
cutre,1
incluya,1
transferencia,1
limitarse,1
comodidad,1
basico,1
sacarais,1
raso,1
vestida,1
escupe,1
impotente,1
sentirme,1
morirme,1
sangrar,1
queriendose,1
descapullar,1
dinosaurios,1
caera,1
legendario,1
viral,1
piraos,1
investigador,1
yard,1
deductiva,1
rascacielos,1
tiraran,1
instauren,1
tomal,1
morirnos,1
ningunean,1
preocupeis,1
tortazos,1
territorial,1
obcecacion,1
rendija,1
sarta,1
tendriais,1
mereceros,1
microfono,1
meterle,1
container,1
lustros,1
canoa,1
paseito,1
ahorraban,1
recibian,1
atentos,1
lobbie,1
magreb,1
qaeda,1
enfrentados,1
bandos,1
altercado,1
provoquen,1
asin,1
recojes,1
emcima,1
sibaritas,1
veniamos,1
loteria,1
powerpole,1
mecagoendios,1
ofrecio,1
gaditano,1
torturado,1
diana,1
personalidad,1
maravilla,1
denostar,1
genios,1
mastodonte,1
gramos,1
cagadas,1
creera,1
tuvimos,1
prosperos,1
cometiendo,1
imaginaos,1
cajeros,1
gorronear,1
imposibilitado,1
familio,1
jugaria,1
jajajaajajajjajajajaajjajajaja,1
notransixyears,1
realizarlo,1
macizorras,1
okay,1
ignore,1
tchofa,1
follando,1
retiraba,1
asalta,1
delatar,1
edulcorado,1
yate,1
resumido,1
huy,1
tralladisima,1
depravacion,1
antinatura,1
cediendo,1
pederastas,1
tergiversador,1
eurocopas,1
torres,1
puyol,1
xavi,1
desperdiciar,1
imperiosa,1
cuelga,1
exponencial,1
brutalmente,1
aumentaria,1
mirarte,1
mirartelo,1
madr,1
escupo,1
tutiplen,1
exrtrema,1
votaba,1
conoooooooooooooo,1
sabandija,1
ulcera,1
acidez,1
pley,1
coss,1
empezase,1
comienzos,1
tenerla,1
tenlo,1
afan,1
evolucionadisimo,1
morira,1
sanisimo,1
coj,1
atrevida,1
zumbadisimos,1
adoptantes,1
empeore,1
negarme,1
pancartas,1
malabarismos,1
despertado,1
ucd,1
quiebra,1
pellizcarme,1
currela,1
zorrear,1
risto,1
oportunismo,1
sane,1
corralito,1
desaceleracion,1
pildora,1
doro,1
atajarla,1
avecinaba,1
pesadumbre,1
cobraras,1
reconoces,1
sios,1
brillantez,1
talante,1
maniaticamente,1
nonecesito,1
pelillos,1
pse,1
inmigraccion,1
vallecas,1
gneeeee,1
criiihtiana,1
gggggneeeeeeeh,1
patitas,1
virtud,1
atpc,1
acusas,1
desmadrando,1
adria,1
ferran,1
mason,1
charles,1
appocalipsis,1
gengis,1
satanicas,1
waffen,1
tranquila,1
poblais,1
votadles,1
votales,1
recapacitar,1
trajera,1
comparo,1
topic,1
jajj,1
acuchillamientos,1
kings,1
violaron,1
alarcon,1
pozuelo,1
violo,1
brasileno,1
asesinados,1
asaltado,1
buscaria,1
salvemos,1
permites,1
condicionado,1
transportistas,1
senuelo,1
ternura,1
maestro,1
llevada,1
uff,1
dabuten,1
jajajajajaajajaja,1
medicinas,1
investigando,1
cargamento,1
entretenida,1
shuringeniero,1
chungo,1
parido,1
desechos,1
acogerle,1
lamentarse,1
sicologo,1
hacernos,1
asesinado,1
asalte,1
asesine,1
trficantes,1
hoja,1
entrasen,1
distraccion,1
portaran,1
kilos,1
objetivamente,1
pude,1
manipulen,1
apagon,1
pidiera,1
arrojo,1
bestialidad,1
yeguas,1
atraido,1
establo,1
cabalgar,1
humanocaballos,1
invocaba,1
jubilarme,1
maraja,1
calefaccion,1
askeroso,1
ayy,1
asiatica,1
lechera,1
colajet,1
saludar,1
aprovecho,1
sorprenderme,1
dejaria,1
tuuuuuu,1
nietas,1
fockara,1
oniversidad,1
quitara,1
consentirlo,1
manifestarnos,1
mohahahahhahahahahahahhahaha,1
insinuas,1
mejilla,1
poned,1
lucharan,1
odia,1
libanes,1
subsidios,1
jubilarse,1
aren,1
trincando,1
saqueados,1
zulo,1
hipotecados,1
elmundotoday,1
mindugui,1
performance,1
largara,1
explotan,1
intercambio,1
suba,1
subtitule,1
bosques,1
restaurant,1
tickets,1
pastel,1
emigraban,1
conquistar,1
despojo,1
ofrecerle,1
buscarle,1
light,1
honrado,1
revolucionarios,1
dejandoles,1
plural,1
sudaria,1
transtorno,1
traume,1
tacto,1
cadaver,1
quemad,1
matadle,1
cortocircuitar,1
mananita,1
senorito,1
montadas,1
memos,1
done,1
suscribo,1
emiju,1
gordau,1
generosos,1
alsa,1
pires,1
deslomado,1
percibio,1
pasarlas,1
frotandose,1
funcionara,1
cazurros,1
mereciese,1
bajsr,1
asociarias,1
tuviero,1
pxc,1
parasitarnos,1
limpiarle,1
fijais,1
telefonillo,1
joooodeeeeeeer,1
pedo,1
degollarnos,1
costeemos,1
disecados,1
viejonina,1
medianamente,1
plantearmelo,1
consideraba,1
debiendo,1
sirva,1
entwndieron,1
cambiarlas,1
sorprenderte,1
flipa,1
cabra,1
deleita,1
huecos,1
cambiarla,1
mismamente,1
demasiada,1
relaciona,1
liamos,1
explotamos,1
masocas,1
esceso,1
separatismo,1
esperais,1
matematicamente,1
bajamos,1
parguelas,1
ganatelo,1
gastamos,1
limpiarse,1
reportera,1
odie,1
cabree,1
pellejo,1
choteo,1
esparaba,1
disposicion,1
oenejetas,1
batallon,1
abandonais,1
getas,1
buscadores,1
visibilidad,1
aniquilado,1
machirulos,1
hormiga,1
transespecies,1
maestra,1
prorefugee,1
morolandia,1
extienda,1
sobrepasando,1
holgadamente,1
situar,1
abandona,1
querida,1
ande,1
encaminado,1
traumas,1
indognadisimos,1
corvejon,1
meriendo,1
perversiones,1
desviaciones,1
antinaturales,1
reproductivo,1
bankia,1
gurtel,1
hijodeputa,1
salao,1
traidos,1
desagradecimiento,1
reagrupan,1
mias,1
desplazada,1
homofogo,1
suicidome,1
llevame,1
homosapiens,1
machete,1
roaaaarrrr,1
atribuido,1
siglas,1
rutina,1
huffpost,1
lill,1
tobias,1
llevarian,1
xddddddd,1
combo,1
rex,1
cargada,1
falocentrica,1
heteropatriarcal,1
stop,1
empatica,1
otorgarles,1
desarrollada,1
frustrante,1
race,1
nuestto,1
destruyen,1
pongamonos,1
chapo,1
financieis,1
tiranosaurio,1
monger,1
humor,1
tooodos,1
ventanilla,1
peaton,1
butano,1
bombona,1
peatonal,1
jaleos,1
endofobicos,1
adidos,1
naik,1
bambas,1
creerias,1
enderezando,1
procurare,1
sanitarias,1
preguntaselo,1
apartan,1
dominas,1
asombroso,1
riendome,1
calzonazos,1
lianta,1
mido,1
aparta,1
estampo,1
gritandome,1
guzman,1
wellcome,1
esperamos,1
cuentame,1
compre,1
haceroslo,1
comentare,1
pintais,1
millonadas,1
mela,1
comentes,1
antiespana,1
revolcado,1
independentista,1
kopba,1
vagas,1
hinjenieros,1
bollantes,1
comodidades,1
exigiese,1
insano,1
evolucionada,1
sentiran,1
rockefeller,1
evolucionando,1
high,1
monster,1
pijama,1
enfundado,1
peiendose,1
bonico,1
terminado,1
aportara,1
etico,1
prometido,1
esw,1
discrepado,1
acribillando,1
escoceses,1
diferenciariamos,1
aprendieron,1
agresivo,1
inexistencia,1
pedradas,1
tomi,1
descalificando,1
agradezco,1
pensaria,1
respondi,1
jactan,1
subiriamos,1
terrassa,1
adelanto,1
nopedo,1
ferraris,1
lamborgini,1
coleccion,1
nonagenarios,1
heredero,1
vejacion,1
callarse,1
posicionados,1
viviria,1
metieran,1
eritrea,1
carroneros,1
sistesmistas,1
maquilla,1
desportacion,1
podemizado,1
eticamente,1
podmeos,1
instalado,1
uhhh,1
caprichos,1
palacete,1
meneame,1
mohame,1
dependiente,1
benefico,1
pedazos,1
atravesamos,1
alucinas,1
defendio,1
panuelo,1
lahmentabla,1
vol,1
meando,1
moril,1
ipsofacto,1
considerase,1
olido,1
ordenados,1
mecagoensuputamadre,1
resutado,1
amigismos,1
enchufar,1
acojen,1
jungla,1
punetera,1
minusvalias,1
pidiese,1
comprara,1
mear,1
nenos,1
trios,1
involucion,1
eructan,1
tractores,1
crias,1
bochornosa,1
vomito,1
laboralmente,1
clones,1
chollazo,1
triplicado,1
masivos,1
desplazamientos,1
masoneria,1
paripe,1
demostracion,1
reprochandoselo,1
max,1
encalomado,1
psicologa,1
duran,1
cortacuellos,1
jjjjj,1
fina,1
estirando,1
fachoso,1
agilipollados,1
aparecio,1
insensibilizado,1
decline,1
perturbados,1
manicomios,1
librarse,1
clinico,1
llamarnos,1
nacionaliza,1
extras,1
parguela,1
antimusulmanes,1
insolidarios,1
jeje,1
xtra,1
daily,1
abandono,1
stefonknee,1
satisfecho,1
exactitud,1
recibas,1
laves,1
aprendas,1
montaba,1
sinverguenzas,1
elenco,1
progremon,1
digievolucionar,1
esquilmando,1
corrector,1
faltes,1
disculpo,1
run,1
comprensivos,1
increiblemente,1
representado,1
marinera,1
progrerefugiadismo,1
destruyendose,1
liao,1
agradables,1
tragaban,1
humillado,1
transforma,1
lgbtq,1
cantando,1
oscuros,1
tuneles,1
senalamientos,1
escogeran,1
amanece,1
competitivas,1
trakatra,1
despedir,1
importantisimo,1
cambiandose,1
manolos,1
faltarte,1
eeee,1
hablaras,1
desvies,1
fugees,1
mamarle,1
explicaselo,1
inflan,1
pelea,1
atkinson,1
fraudulenta,1
dandoselas,1
infrahumanas,1
enganosos,1
resulte,1
forjar,1
representada,1
arrogando,1
diplomaticamente,1
digamoslo,1
losco,1
egresados,1
corregir,1
mencione,1
hipocritas,1
marees,1
culos,1
chochos,1
mencionen,1
ensenarse,1
inmolado,1
apta,1
xdddd,1
qsiqsi,1
limito,1
nono,1
daremos,1
usada,1
corvalis,1
cessna,1
mencionando,1
absurdeces,1
birmania,1
resido,1
decirtelo,1
pargela,1
burlandote,1
ries,1
guatepeor,1
royce,1
rolls,1
millonarios,1
rebatido,1
legua,1
buemos,1
cursillos,1
tocabamos,1
pelagatos,1
inculco,1
sabio,1
jajajajajaja,1
ayyyyy,1
polarizacion,1
mortalidad,1
bastardo,1
practimente,1
caguemos,1
atravesara,1
especificar,1
criticismo,1
acostumbraban,1
economistas,1
ignoradas,1
advertencias,1
diooooos,1
buajajajajjajajajajaj,1
subrealista,1
jajajaajjaja,1
hierbajos,1
hoz,1
inventase,1
gaste,1
pica,1
criticase,1
aferrado,1
salgas,1
copa,1
ninito,1
ensenara,1
vivencia,1
gremializando,1
voluntarias,1
cromanon,1
imponerte,1
analizar,1
merezco,1
jajajajajajjaj,1
cuchitril,1
reporten,1
shir,1
land,1
jaguar,1
bendito,1
marcas,1
trasgenero,1
muestre,1
variedad,1
voluntariamene,1
lgtbipollas,1
acuesten,1
laos,1
vientiane,1
apreciar,1
quedadon,1
alienado,1
cartias,1
alquilas,1
aburrir,1
abastecimiento,1
coosur,1
borges,1
ensenanzas,1
prepare,1
encargare,1
elijan,1
litro,1
oliva,1
mundanos,1
concesionario,1
sencillisimo,1
kia,1
hyundai,1
deleznable,1
vanalizas,1
morrofino,1
cervantes,1
prosa,1
jajajajajajajja,1
adivine,1
solamenete,1
disney,1
walt,1
usamos,1
pargelas,1
reculas,1
dude,1
echare,1
acomodada,1
plantas,1
planeadas,1
rajas,1
pagarselo,1
fraile,1
remordimientos,1
impartan,1
aprovechando,1
papiestado,1
tontiprogres,1
fomentara,1
bullyng,1
centrara,1
impertinencias,1
mouse,1
mickey,1
postraumatico,1
prisionero,1
despertareis,1
repetira,1
bigotillo,1
trayecto,1
conduje,1
pato,1
veridica,1
pelele,1
preguntes,1
diciendote,1
quincuagesima,1
expire,1
ampliaciones,1
industriales,1
jodiendolos,1
sensibilidad,1
herir,1
acogerlos,1
bombardeando,1
chavaleria,1
pensarian,1
financiados,1
equipos,1
rescatasen,1
fino,1
traumatica,1
demigrar,1
acusados,1
desapareciese,1
excursion,1
pvc,1
tuberia,1
ofreci,1
chozos,1
bebederos,1
simetrica,1
optica,1
fibra,1
cagabas,1
inciso,1
permiteme,1
poligoneros,1
pastilleros,1
desliz,1
unete,1
mentemos,1
iluminados,1
reitero,1
sucumbe,1
dogma,1
paraa,1
informativa,1
primerisima,1
mermao,1
pastorear,1
lila,1
desee,1
alentando,1
hispanistan,1
izquierdista,1
colara,1
estano,1
espectro,1
ampliara,1
generalitat,1
concedera,1
monetaria,1
conselleria,1
papis,1
conduzcan,1
satiriza,1
bipolares,1
totalitario,1
instructiva,1
eastwood,1
clint,1
torino,1
agachada,1
iprem,1
cuantias,1
desciende,1
desaparece,1
restrictivo,1
ecologia,1
mariana,1
instruir,1
cristo,1
maltratadores,1
custodia,1
lindezas,1
hondo,1
calo,1
bastara,1
predecesora,1
cedidos,1
identificacion,1
somas,1
adoctrimanientos,1
politizaciones,1
influenciable,1
voluntades,1
induzcan,1
adiestramientos,1
supondra,1
autonomica,1
interprofesional,1
complementaria,1
citada,1
regulara,1
anteproyecto,1
tostada,1
lgtbifsjkakljfdhasnk,1
retrogrado,1
influenciar,1
influir,1
contarles,1
antinatural,1
recibirse,1
ilimitada,1
requerirlas,1
subsubpole,1
alienante,1
dependa,1
ensenarselo,1
tolerar,1
manipules,1
haha,1
autorizar,1
informados,1
entrometerse,1
arrollador,1
justificada,1
amiguitos,1
refuyis,1
conrarlo,1
saqueo,1
empadronan,1
tramitacion,1
residan,1
modalidad,1
renovarse,1
consecutivos,1
tergiversar,1
lloraban,1
lucrandose,1
investiguen,1
style,1
catalonia,1
clientelismos,1
explotado,1
acomodados,1
ytuber,1
horroroso,1
multicultura,1
niggi,1
jungle,1
dutrante,1
valencian,1
permanezcan,1
inventar,1
mareeeee,1
verge,1
valensia,1
jiliprogreces,1
donen,1
curarlo,1
comepollas,1
usemos,1
formarles,1
chiquilla,1
trozos,1
conzoco,1
regulariza,1
corquis,1
insensatez,1
muuuchos,1
integrador,1
trastornos,1
cleptomania,1
machorras,1
enmariconar,1
comidas,1
normalizacion,1
remito,1
sabiendolo,1
lonja,1
mindunguiss,1
coladeros,1
duplicidades,1
cochinos,1
efectue,1
gorrillas,1
extorsionando,1
saqueos,1
organizan,1
evole,1
desaparecera,1
bilisss,1
jajajajajajajajajaj,1
antisistemas,1
patria,1
obtuso,1
calificativo,1
gustosamente,1
desiguales,1
ppo,1
expresamente,1
ingenuo,1
guarderia,1
recalca,1
entenderian,1
ayudarian,1
confundirlos,1
consistirian,1
lord,1
rita,1
lamentarme,1
neo,1
pesetas,1
chapen,1
noe,1
risistas,1
pioneros,1
papales,1
sustitutivas,1
trolleo,1
tolerable,1
zoofilia,1
garras,1
machaquen,1
renovar,1
claman,1
trapicheos,1
rinonada,1
falleros,1
liquiden,1
estalle,1
rgi,1
tumbada,1
prorrogando,1
previo,1
eduque,1
goleada,1
hojar,1
tercero,1
prevarican,1
recurribles,1
ilegalidades,1
refieras,1
alamierda,1
computo,1
famelicos,1
austrlia,1
munod,1
ansiada,1
publicada,1
meanwhile,1
invitada,1
clientelar,1
transmitir,1
formen,1
inintencionada,1
involuntaria,1
sembrar,1
pelitenidas,1
mencionados,1
grillo,1
pepito,1
concursado,1
pliego,1
acuden,1
rodeados,1
gintonics,1
tocandose,1
sentencies,1
inverosimil,1
impartir,1
trapicheo,1
incoming,1
joderwe,1
conseguiis,1
empezarais,1
dejarais,1
organizais,1
luxemburgo,1
iremos,1
robaron,1
gastaban,1
pera,1
deducido,1
impartidos,1
mostrarse,1
aprendan,1
extra,1
numerosa,1
reportarte,1
maldigo,1
partian,1
payos,1
comprarla,1
incivicos,1
chulescos,1
recibida,1
jodieron,1
indigno,1
informar,1
impartiendo,1
desconocemos,1
lgtbiqrnmspoi,1
llenaban,1
sirvieron,1
approves,1
jugosas,1
preadolescentes,1
emoticonos,1
perdiste,1
malgastar,1
notariais,1
discursillo,1
nutricionismo,1
escudan,1
masturbacion,1
pondre,1
especializados,1
caracterizado,1
auxilios,1
psicologas,1
tenirse,1
monedero,1
gustara,1
libreme,1
adoptados,1
robados,1
banca,1
universo,1
conectado,1
lgtbiqghjsadxz,1
desmonta,1
imparte,1
descansan,1
ofreces,1
preparadisima,1
ahorran,1
derrochan,1
derrochaban,1
andamos,1
republicanas,1
magas,1
reinas,1
cabronadas,1
autobuses,1
pizza,1
peugeot,1
sandeces,1
avanzamos,1
afronte,1
adquirirla,1
subirla,1
bache,1
inmediatas,1
aguanto,1
igualtat,1
gastarme,1
brevedad,1
innecesarias,1
ramon,1
murcianos,1
quitais,1
kurtonates,1
agravarlo,1
quepa,1
registrarse,1
perciban,1
extienden,1
caigan,1
parametro,1
calabozos,1
enviaron,1
dono,1
haciebdo,1
autonomos,1
impuesta,1
transgrede,1
llamadas,1
delictivas,1
empadronen,1
kenya,1
sacamos,1
desbloqueamos,1
nuncafollistas,1
reprochado,1
normalizamos,1
publicadas,1
otorgarlas,1
anticonstitucional,1
ribo,1
grandee,1
punado,1
toooooooodos,1
trajes,1
patrinomio,1
fiscaliza,1
mayoritarios,1
amiguetes,1
benefactor,1
precarizar,1
espanyoles,1
gestionado,1
regulaciones,1
tramo,1
sobrepasar,1
parquimetro,1
ticket,1
ilegalizado,1
alze,1
recupere,1
artificial,1
imponeis,1
foraneos,1
suplantacion,1
antiblanco,1
apartamentos,1
sacaban,1
empleada,1
cubriria,1
sacaria,1
segregamos,1
empadronarlos,1
patrocinados,1
defrauda,1
supremacistas,1
vult,1
deus,1
prisita,1
subira,1
bajara,1
preparen,1
abrid,1
imperialista,1
euroretrasados,1
terminen,1
budismo,1
antisocial,1
oponen,1
opusiera,1
cerebral,1
malla,1
cota,1
ijjjnorante,1
neoliberales,1
educamos,1
procrearnos,1
encargar,1
entremetiendose,1
esponja,1
indagar,1
pulpito,1
planteado,1
apanaos,1
colaboracionistas,1
obsoletas,1
pastillita,1
elijes,1
pretendeis,1
opondra,1
opuso,1
stablishment,1
humanidades,1
artes,1
saturas,1
posmos,1
pateticos,1
palmeros,1
protestando,1
pendulo,1
querrias,1
referente,1
castillo,1
catalunlla,1
flipeis,1
ancho,1
cocinar,1
dumbo,1
bale,1
foreas,1
moralidad,1
santisimos,1
modera,1
importara,1
opresion,1
enfrentaba,1
chupaba,1
liarse,1
ahoga,1
fapeaban,1
martins,1
lonsdale,1
campando,1
bigotito,1
grandeza,1
delirios,1
precedentes,1
generacional,1
relevo,1
seguidamente,1
judias,1
inepto,1
maastricht,1
responderle,1
legolas,1
acabemos,1
volviese,1
tragalefa,1
muslims,1
dictados,1
condenarle,1
meterlo,1
griega,1
machacarlo,1
neoliberalismo,1
ahogue,1
malvados,1
apareces,1
proteccionistas,1
lacalle,1
rallo,1
viviras,1
vertedero,1
amaba,1
echalo,1
platanos,1
alves,1
neymar,1
entreis,1
agrediendo,1
razocinio,1
orejudos,1
tuertos,1
kiere,1
picking,1
cherrry,1
obtuvo,1
engels,1
burges,1
fascina,1
expresais,1
sonando,1
inquisition,1
spanish,1
spects,1
nobody,1
hallo,1
legumbres,1
caeran,1
ario,1
pasariais,1
dond,1
alejado,1
socialdemocrata,1
firmaria,1
utopico,1
pastilla,1
tomaremos,1
forocruzados,1
kanvio,1
desilusion,1
jactado,1
habiendote,1
endofobos,1
actuais,1
ahogo,1
democrata,1
proletaria,1
haciendose,1
conformista,1
sonar,1
pillamos,1
vuelvanse,1
robarles,1
tuerto,1
usaran,1
orejotas,1
gritarian,1
conflictiva,1
atacas,1
obeso,1
someter,1
ultraizquierdistas,1
billy,1
quietoooooooo,1
endofobo,1
surjan,1
ancestral,1
asome,1
anticapitalista,1
contraproducentes,1
parecidos,1
viaja,1
debatiendo,1
ohhhh,1
imparable,1
frentes,1
importandole,1
perdurara,1
temes,1
milenarias,1
expresas,1
ratonera,1
desviven,1
cherrys,1
centrais,1
cherry,1
instagramito,1
privatizar,1
explicarme,1
entenderme,1
escudo,1
nociones,1
cominidad,1
borbones,1
cainita,1
autodestructivo,1
paliar,1
alistaba,1
cuerno,1
mandaron,1
arbitrando,1
whore,1
attention,1
bujarrones,1
atropellan,1
gratuitos,1
individualista,1
raperefugees,1
forra,1
millonetti,1
psicopata,1
colabora,1
frankfurt,1
marxismo,1
entendederas,1
plantearia,1
pisapapeles,1
paletazo,1
defiendan,1
ogos,1
comeras,1
aaaah,1
confundido,1
paseis,1
deseais,1
soys,1
hacha,1
inmenso,1
defenderia,1
trapos,1
promovia,1
constantes,1
disputas,1
encender,1
avanzaria,1
pseudoarbitros,1
injusticia,1
odiaban,1
mutuamente,1
invadian,1
xix,1
tirria,1
mataban,1
generado,1
empresaurial,1
ansia,1
justificarse,1
utilizados,1
geoestrategia,1
politicoeconomicas,1
emociones,1
encendeis,1
acabado,1
eeh,1
autenticidad,1
creyendose,1
ochocientos,1
antiblanca,1
contestes,1
traicionar,1
escabechinas,1
cargarme,1
duchan,1
alistaban,1
pueblerinos,1
acierte,1
proceda,1
tachese,1
farage,1
ironic,1
obtenerlo,1
olvidemos,1
expulsemos,1
espabile,1
cuenco,1
docil,1
conquitandolos,1
tilin,1
zumbandonos,1
natos,1
folladores,1
tweet,1
aprte,1
sun,1
praise,1
solaire,1
mocion,1
alistaria,1
valga,1
cargaba,1
alistada,1
odiados,1
urba,1
arrebaten,1
pffffffffff,1
vera,1
excluya,1
apasiona,1
implosionaran,1
ronaldo,1
fichados,1
homofobias,1
racismos,1
pitos,1
mordaza,1
explorar,1
convicciones,1
vikinga,1
mudslimes,1
mudslime,1
postadolescente,1
track,1
desconoce,1
pintas,1
arquitectonico,1
legado,1
laicismo,1
hueso,1
gozan,1
acordes,1
explicare,1
testimonial,1
expansion,1
moriscos,1
enigma,1
talk,1
table,1
septimo,1
heroismo,1
recompensa,1
triunfara,1
insipido,1
subproducto,1
judaica,1
mudado,1
derrotado,1
caballeresco,1
repetido,1
raramente,1
dominacion,1
alabar,1
irrefutables,1
okcunao,1
drogata,1
alabandole,1
retirandose,1
uniforme,1
desestabilizarlo,1
inmemoriales,1
republicas,1
continuamente,1
poitiers,1
mahometano,1
islamizados,1
instancia,1
books,1
pop,1
mago,1
aue,1
insultaran,1
movilizais,1
paletadas,1
tolerado,1
ejemplar,1
juzgue,1
follarias,1
actriz,1
comprenderias,1
axila,1
ventilar,1
nosfo,1
ninorata,1
sabria,1
identita,1
animate,1
arreglen,1
palmero,1
traza,1
polos,1
impuestas,1
importacia,1
cortito,1
animalistas,1
giliprogretadas,1
bormann,1
recogidas,1
hironico,1
tontaco,1
cordobes,1
falo,1
couta,1
ancap,1
afectando,1
rescatados,1
agredidos,1
infinidad,1
asqueado,1
increpar,1
multitud,1
tontolculo,1
coculo,1
ampliado,1
occidentalismo,1
continentalismo,1
rivero,1
elegidas,1
personalidades,1
disidentes,1
arropados,1
profieren,1
pita,1
declarandote,1
enfrentar,1
repugnancia,1
engrosan,1
deportistas,1
deportivos,1
ministros,1
discrecional,1
otorgados,1
guti,1
unisono,1
estadios,1
mofa,1
burlando,1
rival,1
gritan,1
chucho,1
villarreal,1
leiva,1
nahuel,1
matias,1
respectivamente,1
ofelia,1
fallecio,1
cubana,1
retuvo,1
rafiq,1
coburn,1
mendoza,1
coromoto,1
antonieta,1
gil,1
opositor,1
otorgo,1
beneficos,1
jamil,1
nour,1
sharifa,1
princesa,1
realeza,1
valdes,1
meneses,1
romero,1
campus,1
magana,1
oyarbide,1
wolo,1
melgar,1
llamativas,1
concesiones,1
argumentadas,1
motivadas,1
indultos,1
detencion,1
ratificarse,1
logrono,1
agredio,1
jagasia,1
manik,1
amit,1
indupalma,1
gutt,1
pufff,1
reconvertido,1
llosa,1
vargas,1
convertia,1
poesia,1
novelas,1
haime,1
daniel,1
originarios,1
engrosada,1
regalamos,1
ecuatorial,1
guinea,1
iberoamericanos,1
obediencia,1
prometer,1
jurar,1
boe,1
informa,1
anes,1
otorgadas,1
bouamatou,1
mauritano,1
vinculos,1
ferreos,1
arke,1
negarse,1
callate,1
moverse,1
bachillerato,1
incultos,1
futboleros,1
iasideberia,1
mueva,1
turba,1
acostumbrar,1
conflictividad,1
cup,1
abrira,1
resurgimiento,1
juden,1
naciobalidad,1
davit,1
daryo,1
gritandole,1
melofo,1
comporta,1
suicidio,1
rugby,1
millonesima,1
kazmir,1
ceki,1
maquillajes,1
senbay,1
alp,1
antisemita,1
asiento,1
civilizada,1
pululen,1
entrados,1
palestinos,1
sucios,1
retirar,1
vicepresidencias,1
judiada,1
asquenazis,1
heil,1
cenicero,1
mugriento,1
did,1
jewis,1
escandaloso,1
galeria,1
beskinazi,1
colombiana,1
ahorrara,1
traerla,1
implique,1
pendejaaaa,1
solidariza,1
atw,1
insultaria,1
llamale,1
revuelco,1
despectiva,1
caducado,1
valorando,1
renovando,1
coletarra,1
catastrofica,1
relativos,1
porcentualmente,1
gandhi,1
extranejros,1
declararse,1
sob,1
malaeducscion,1
cusndo,1
relacionaba,1
rumanoides,1
autor,1
asocia,1
responsabilizar,1
lugo,1
telepizza,1
curraba,1
acojonados,1
recluidos,1
sudaneses,1
comprueben,1
ejido,1
visiten,1
mamado,1
chunga,1
antisubnormal,1
mari,1
ilustrador,1
desinformando,1
acordarse,1
naaaa,1
registrando,1
sustentar,1
validez,1
cocaina,1
hachis,1
amante,1
disfrazar,1
ofendidos,1
hrtos,1
llamarian,1
lamentale,1
condicon,1
cesado,1
aglutina,1
inmigramte,1
organice,1
forocunaos,1
reyerta,1
inconveniente,1
boomerang,1
garrulos,1
joderte,1
duelen,1
insutlos,1
cultos,1
mamelucos,1
unanimemente,1
contestara,1
progresistapara,1
jitanos,1
cables,1
antipc,1
park,1
south,1
llevaremos,1
imbecilidades,1
diego,1
beneciarte,1
pidieras,1
hominum,1
citame,1
interpretado,1
consltar,1
representaban,1
moldeando,1
apostado,1
baya,1
insultes,1
islamofascistas,1
dominado,1
extrajera,1
constatable,1
racional,1
putrefacto,1
anular,1
naja,1
entendiendo,1
conducida,1
aplicartelo,1
espesos,1
abismal,1
contemplaria,1
pudiesen,1
intrinsecamente,1
zas,1
enriquecerle,1
acostumbrais,1
calaba,1
divina,1
inspiracion,1
futbolera,1
aficion,1
desapercibido,1
destartalados,1
abundan,1
garrulazos,1
porros,1
fumado,1
callarme,1
ignorame,1
baremo,1
abundantes,1
pateada,1
demostrase,1
acabes,1
arbitras,1
reunir,1
comanche,1
almohadas,1
morder,1
caribeno,1
responsabiliza,1
tsunami,1
catastrofe,1
belgrado,1
montenegro,1
viajado,1
molde,1
tristemente,1
corrian,1
federativas,1
dedicarse,1
piraran,1
jiji,1
saldria,1
dependienta,1
currele,1
cansados,1
filtrando,1
admisiones,1
decidirse,1
subiesen,1
independientes,1
regulan,1
huevacos,1
aprovechada,1
atrae,1
villar,1
arbeloa,1
icono,1
avanzando,1
seguratas,1
formada,1
adyacentes,1
implosionando,1
revolucionado,1
contemplado,1
ablacion,1
hagais,1
insultarian,1
ilegalidad,1
refugia,1
refugiar,1
sucediera,1
aplaudiera,1
pretendia,1
aplaudis,1
ocmo,1
colorado,1
colorin,1
colonizarlo,1
sodomizamos,1
incorpora,1
masacre,1
veves,1
huyan,1
ajusten,1
cribar,1
cumplirlos,1
sancionan,1
acostumbrarse,1
civilizan,1
multar,1
socrates,1
comprometio,1
beberlo,1
comerlo,1
desgracias,1
diferenciando,1
centrandome,1
dcha,1
izda,1
modernos,1
pruevas,1
sumales,1
gestionados,1
rescatamos,1
desastres,1
sortear,1
defenderian,1
cuidadanos,1
asociase,1
nubla,1
palman,1
pregunten,1
arriesga,1
cubanas,1
escaquearse,1
multipages,1
gestor,1
cima,1
impida,1
cojonse,1
camboyanos,1
uzbekos,1
kirguises,1
grandilocuencia,1
anonadado,1
osas,1
ejecutar,1
complicidad,1
arraigar,1
perverso,1
facilisimo,1
rackete,1
carola,1
cupos,1
queires,1
arbitrarius,1
ria,1
posterior,1
promovido,1
agregado,1
afirmado,1
proactiva,1
matteo,1
pseudo,1
desobedecen,1
denuncaido,1
cercania,1
bordo,1
teme,1
graduado,1
vigar,1
perfectametne,1
corrijan,1
limitacion,1
salvadas,1
avisadas,1
navegando,1
incautaciones,1
eye,1
kurdi,1
alan,1
homonima,1
advirtio,1
arriesgaria,1
cuantiosos,1
apoyandoles,1
atracar,1
crecidos,1
neocom,1
ultraderechita,1
temudjinkhan,1
hijadeeuropa,1
recomendada,1
desarticular,1
enfade,1
sicilia,1
patrullas,1
escoltadas,1
asistio,1
andas,1
tripulacion,1
incauten,1
concedan,1
subirlas,1
comprensivo,1
tenacillas,1
devolverlo,1
curia,1
cogieron,1
contemporaneamente,1
estrasburgo,1
transportan,1
dirigir,1
baratas,1
engranaje,1
financien,1
desguazar,1
terribles,1
marronero,1
abrazar,1
disculparme,1
facilitaban,1
debato,1
paraguay,1
jajajjaja,1
proyectar,1
acusandole,1
suave,1
flipantes,1
pudor,1
multando,1
higiene,1
expulsarla,1
nadan,1
rabiar,1
despoblado,1
despoblada,1
aleatorias,1
meramente,1
peligrosisimos,1
comandante,1
nave,1
golpear,1
ignorar,1
popularidad,1
cuantiosas,1
suceder,1
pepinazo,1
salvaguardo,1
cuestionartelas,1
reafirmar,1
quedatelo,1
descubria,1
maxime,1
achacarse,1
quebrantar,1
aceptarian,1
cuestionable,1
desembarcar,1
nieguen,1
blanquear,1
traficante,1
xvii,1
grupsonque,1
arreglando,1
garantizadas,1
respalden,1
devueltos,1
barquito,1
complicacion,1
traerselos,1
fragata,1
canonazo,1
escarmiento,1
hundimiento,1
ajjajajkja,1
imparcial,1
hunan,1
negroides,1
ups,1
impersonales,1
conjugar,1
menadas,1
cos,1
recontando,1
grabados,1
atento,1
candente,1
cgpj,1
boletin,1
retiraron,1
registren,1
atrever,1
malgastes,1
espiritualmente,1
hominem,1
inventais,1
importase,1
quisieras,1
paraje,1
aplicable,1
caprichosa,1
consensuadas,1
kazajstan,1
matizaria,1
filosofica,1
criticais,1
resaltar,1
encargais,1
muhamed,1
desenmascarar,1
desinteresadamenta,1
empezarias,1
sacasemos,1
abrimos,1
importaba,1
click,1
manipulaba,1
admitio,1
cifraban,1
cuadraba,1
tertulianas,1
tutelados,1
entrevistaron,1
rac,1
baste,1
jordi,1
elige,1
memas,1
multiplicalo,1
extiendelo,1
entrevistada,1
admitido,1
tertuliana,1
eapanoles,1
fardar,1
inmune,1
presuntos,1
hacernoslo,1
alfons,1
amabilidad,1
grtitud,1
aplican,1
shurhander,1
vendados,1
persiana,1
colgados,1
carteles,1
grabandote,1
menita,1
chupasela,1
camelar,1
chavalotes,1
genocidado,1
dartelo,1
tachaaaan,1
graficas,1
poblaciones,1
reyertas,1
terraplanista,1
asustaviejista,1
destruirian,1
arbitrarios,1
caprichosos,1
comunes,1
secarral,1
caceres,1
dejarlnos,1
simbolico,1
reducirla,1
extrapolando,1
consejos,1
divierte,1
confundas,1
buscada,1
adolfo,1
humillantes,1
exigentes,1
permanencia,1
asuela,1
huyeran,1
estallido,1
desplazamiento,1
spindler,1
registradas,1
chiringuiteros,1
silencioso,1
clasificar,1
encauzar,1
oden,1
accede,1
deniega,1
reconocidos,1
solventar,1
impedimento,1
lentos,1
favorecido,1
abstracto,1
abstraccion,1
sigas,1
caprichoso,1
multiplican,1
modernizar,1
registran,1
reconsiderado,1
implantados,1
imposibilidad,1
solucionaria,1
independizado,1
chavistas,1
cruenta,1
magnicidios,1
matarile,1
hubieramos,1
molotov,1
carton,1
escudos,1
deponer,1
rumbos,1
recalado,1
retrato,1
busto,1
prorrogable,1
existirian,1
quemamos,1
disparamos,1
infalible,1
fallar,1
bloquear,1
comercio,1
murio,1
paquito,1
compares,1
orbita,1
arranca,1
lacrimogenes,1
enfrentaras,1
manifestantes,1
porrazo,1
sidosa,1
deficiencia,1
achaco,1
suprimieron,1
pisas,1
portugues,1
circulacion,1
sutileza,1
vaciado,1
misticismo,1
libraron,1
fidel,1
chavez,1
hugo,1
jodiendoles,1
erradicados,1
ineficiente,1
malevolo,1
solucionando,1
circular,1
comentales,1
misticas,1
encomiasticos,1
candidato,1
tuits,1
errejon,1
marilo,1
enganoso,1
obvaiemten,1
erradicarian,1
exterminada,1
avaricia,1
independizar,1
entras,1
destruye,1
llegen,1
unir,1
intimo,1
evo,1
cibercoletas,1
sujetarse,1
quemase,1
matase,1
dictaduras,1
rebelan,1
oiras,1
revivirla,1
potente,1
deportarlos,1
endurecimiento,1
perteneces,1
melenudos,1
hippies,1
embarazando,1
espermas,1
cov,1
sars,1
virus,1
llevemos,1
bordeando,1
exhaustivos,1
anunciarlo,1
how,1
know,1
conseguimos,1
camarero,1
perjuicios,1
transformen,1
bondades,1
absorbida,1
wnes,1
tabaco,1
refrescante,1
hartarlos,1
tirados,1
mueres,1
explicate,1
ingeniero,1
bravas,1
dudan,1
descontrolado,1
ideolexia,1
arbritaria,1
mudate,1
avalen,1
ofrecernos,1
exigibles,1
nacionalizarse,1
compartimos,1
mansalva,1
multiplica,1
baby,1
poblacional,1
piramide,1
envejecemiento,1
resucitar,1
piramidal,1
envejece,1
cuado,1
solucionas,1
quitarme,1
traeria,1
climatico,1
alejarme,1
zquierdas,1
ricas,1
socioeconomica,1
naciste,1
altisimos,1
anchitos,1
losp,1
colapsa,1
tributante,1
obtiene,1
adquieren,1
sustenten,1
guau,1
traera,1
comprendes,1
guanapitos,1
utilitarista,1
criarlo,1
conejos,1
obligatoriedad,1
socioeconomicas,1
argumentazo,1
twitt,1
mitico,1
adapte,1
bondad,1
hacerlas,1
chocaran,1
chocan,1
ansiedad,1
equitativos,1
ofrecemos,1
planteada,1
trajesen,1
purrela,1
mereceis,1
rebajarse,1
devaluar,1
llevara,1
superpoblacion,1
adaptabilidad,1
diferent,1
its,1
agrava,1
dividido,1
desesperadamente,1
hoteleros,1
mejoro,1
inadaptable,1
lejia,1
saciarla,1
motivados,1
comillas,1
natilidad,1
teocracia,1
asalvajados,1
descansar,1
escaparon,1
bajaron,1
morian,1
incrementaron,1
libegalismo,1
competir,1
ezpanol,1
aquarius,1
acuerdate,1
cronicos,1
tullidos,1
fechorias,1
suculenta,1
holgazan,1
japoneses,1
controlan,1
civismo,1
parir,1
libertinaje,1
barsa,1
cule,1
recibirias,1
abominables,1
aprendida,1
leccion,1
importarla,1
canteada,1
pillaban,1
colaron,1
cartilla,1
comunicar,1
santiaguin,1
chanchullos,1
informarme,1
provoco,1
registros,1
libegales,1
bajadas,1
piramidales,1
esquemas,1
viable,1
gravedad,1
contingente,1
cometieron,1
cometio,1
generas,1
sustentarte,1
acompanado,1
desprenderse,1
coloco,1
sustente,1
libegal,1
aportasen,1
deficiente,1
ojosazules,1
borneo,1
lerdo,1
jefes,1
eones,1
espanolita,1
camele,1
complicarse,1
expide,1
apunta,1
grabadora,1
atracan,1
parques,1
vagan,1
educaran,1
monten,1
curarse,1
columna,1
pronuncia,1
dominar,1
habilitado,1
madrileno,1
trunca,1
obsoleta,1
acronimo,1
acosador,1
foco,1
situan,1
detallan,1
zapatilla,1
chanclas,1
asiente,1
pasamos,1
pasillos,1
duermen,1
zapatillas,1
empujo,1
camisetas,1
confeccionar,1
dedicaba,1
tanger,1
disolventes,1
engachado,1
cambian,1
piezas,1
venderlos,1
sacarla,1
rompes,1
tortas,1
respetuoso,1
importarnos,1
telefonos,1
desarman,1
sirlas,1
reincidencia,1
distritos,1
sostienen,1
emancipacion,1
desproteccion,1
carpinteros,1
jardineros,1
cocineros,1
derivas,1
cabrean,1
buscarles,1
intenamos,1
saturacion,1
odisea,1
desembolsaron,1
presume,1
anaden,1
racionalizan,1
faciles,1
fuenteovejuna,1
blanquearles,1
willirex,1
regazo,1
serpientes,1
cuervos,1
islamicas,1
rasgo,1
destila,1
sat,1
desarmados,1
entiendase,1
empeorara,1
ordenadores,1
zuppiroli,1
jennifer,1
exculpatorias,1
cerramos,1
emociono,1
deber,1
dictaminan,1
enlazas,1
naturalizacion,1
obtenerla,1
niniohss,1
caviar,1
preparado,1
volverse,1
gaditana,1
pok,1
quejar,1
calor,1
muestren,1
incomprensible,1
procede,1
secuestrados,1
insiste,1
provistos,1
belico,1
marriecos,1
juasnuas,1
ninios,1
teresa,1
mostraran,1
bloqueado,1
villatinaja,1
sssiiuuuuuuu,1
lazito,1
erigir,1
blanqueamiento,1
lian,1
comprarlo,1
representar,1
convenia,1
atletas,1
estercoleros,1
garantizarselo,1
generados,1
poltronas,1
retener,1
integrarlos,1
extensivos,1
ganaderos,1
oficios,1
llevados,1
pcs,1
dejaros,1
citan,1
troleada,1
decidme,1
destacadas,1
cuyas,1
acudido,1
carateriza,1
canalizan,1
theft,1
grand,1
indapandansia,1
tematicas,1
sacrificio,1
fortnite,1
alejarte,1
jugaban,1
caminar,1
comportar,1
sudamericano,1
edificios,1
siguieseis,1
vivis,1
baloncesto,1
ameeeegos,1
imaginacion,1
bipolaridad,1
tabernas,1
quedadas,1
culmina,1
aliens,1
manipuladora,1
accedio,1
bombardear,1
odeologia,1
inmuto,1
sufri,1
cuchillazos,1
bolt,1
aterrador,1
veganos,1
hipsters,1
plagado,1
vivias,1
cambiante,1
masificada,1
inicia,1
eldiario,1
amargor,1
trigo,1
funcionando,1
fichajes,1
informan,1
insiders,1
alertadigital,1
mediterraneodigital,1
indepes,1
manipuladores,1
dejandose,1
dejales,1
observad,1
pisad,1
lnaciondigital,1
diariopatriota,1
bitelchus,1
traducidas,1
leerla,1
practicos,1
imaginaria,1
tercermundicen,1
querias,1
modusoperandi,1
spameaba,1
bezoya,1
reguladores,1
mitigar,1
tendencias,1
filtrar,1
administrador,1
contara,1
preescolar,1
atracado,1
atracaron,1
sagrada,1
asaltaban,1
secreta,1
latins,1
webs,1
spammeando,1
dijeran,1
luzdigital,1
acreditado,1
trolisimos,1
municipios,1
hablaban,1
pipas,1
reunian,1
establecian,1
africas,1
cierras,1
bebiendo,1
gorra,1
transmiten,1
acojonaron,1
invi,1
donacion,1
imitador,1
iniciados,1
empece,1
falsificando,1
aprovecharon,1
converters,1
cash,1
devolvieron,1
buque,1
punaladas,1
vivieras,1
diera,1
aprendieras,1
zorras,1
aleja,1
generalizo,1
levantarte,1
violento,1
suceso,1
estudiaban,1
ente,1
exitosamente,1
apropiado,1
prostituyen,1
okupan,1
quejariamos,1
cometieran,1
nacionalizacion,1
ocurran,1
estampita,1
contandole,1
prentenden,1
fakenews,1
mencion,1
acojonada,1
preguntarse,1
estafado,1
despiertan,1
publicacion,1
algoritmo,1
retuiteas,1
ugandes,1
bestiales,1
convivido,1
registrar,1
informada,1
conectada,1
tablero,1
presentaron,1
votacion,1
dominando,1
bots,1
canso,1
zombies,1
democraticos,1
ratificar,1
holmes,1
sherlock,1
pipa,1
fuman,1
toreros,1
sumarios,1
pesquisas,1
necio,1
mundotoday,1
informeis,1
milagrosos,1
leyendole,1
virasen,1
opuestas,1
calcados,1
gris,1
asociar,1
niggis,1
independizaron,1
arrastrandose,1
guasa,1
prisma,1
medimos,1
negativamente,1
preguntarte,1
babayadas,1
rabiosos,1
reaccionan,1
tentado,1
penitencia,1
cruel,1
terriblemente,1
combinada,1
mezquindad,1
fiar,1
indigna,1
fiarias,1
adrede,1
propagan,1
mezquina,1
incurable,1
enraizado,1
denota,1
irracionalidad,1
patriotismo,1
asocias,1
intentarian,1
envenenada,1
uvas,1
racimo,1
agenciar,1
reconocerle,1
colonizacion,1
incompleta,1
clicar,1
fanatico,1
enfrentas,1
escrupuloso,1
diarias,1
incontables,1
alcoran,1
guiniguada,1
administraban,1
zanjado,1
fulanita,1
projimo,1
sospechaba,1
hallar,1
trio,1
desahogarse,1
milveces,1
implicar,1
sesgos,1
anadele,1
trolls,1
asocio,1
ordene,1
juzgado,1
transferido,1
ejecutado,1
represente,1
suposiciones,1
presupones,1
requisito,1
sugiere,1
justificacion,1
accedido,1
adelantada,1
detraido,1
malversar,1
recabar,1
yaiza,1
rozaron,1
archipielago,1
desguarnecidas,1
cogio,1
tropecientos,1
sepultada,1
erradicada,1
mezcolanza,1
rutas,1
giro,1
desmantelada,1
desleal,1
falsedad,1
entidad,1
exhaustiva,1
auditoria,1
operaban,1
subrayando,1
inscrita,1
formales,1
petate,1
raciales,1
posteriores,1
asimilarla,1
anadiria,1
enumera,1
procedimientos,1
albergues,1
crearon,1
afrontarlo,1
consignaba,1
describe,1
apropiaron,1
traspasos,1
disposiciones,1
bancarios,1
examina,1
delegado,1
folios,1
dirigian,1
incrementando,1
dinerarias,1
opaco,1
dibuja,1
directores,1
alarmante,1
operativa,1
cerro,1
erectil,1
farmacos,1
prescritos,1
tecnicas,1
hialuronico,1
currara,1
filtra,1
transitorio,1
usarla,1
quitarlas,1
inyecciones,1
facial,1
rejuvenecimiento,1
face,1
cuestionadas,1
directoras,1
oscuras,1
condujeron,1
clausurado,1
emitidas,1
actas,1
evidencian,1
merma,1
originaron,1
enriquecerse,1
recorrer,1
equivalentes,1
semestre,1
alego,1
primark,1
pensados,1
analgesicos,1
jejeje,1
personarse,1
comunicado,1
entregado,1
desconocer,1
conocedores,1
chacha,1
exhaustivo,1
anadia,1
ocupada,1
invirtiendo,1
alcanzamos,1
ayudaran,1
carcelario,1
tetrico,1
ventiladas,1
living,1
camada,1
atienden,1
atendidos,1
comidos,1
portes,1
pichas,1
delos,1
satrapas,1
asesinar,1
violaran,1
neuronas,1
trama,1
robaran,1
durisimas,1
invertido,1
delas,1
opacas,1
garantizo,1
tramas,1
drenando,1
pausa,1
alentados,1
inocenton,1
veais,1
gastase,1
mobiliario,1
amenazar,1
pincho,1
sangras,1
comooo,1
flojas,1
investigad,1
casio,1
calculadora,1
hardware,1
suplicando,1
habitaculo,1
temperatura,1
ingieren,1
pesarlos,1
colchoneta,1
entretenimientos,1
aeronauticos,1
charos,1
miserias,1
confesiones,1
patronales,1
ucranianas,1
armarles,1
anciano,1
solemnidad,1
bobo,1
alimentados,1
pasarela,1
remaremos,1
avisar,1
desperdigo,1
mediterranea,1
cobijan,1
lies,1
nads,1
dinerales,1
boletines,1
maletero,1
abrirnos,1
esperandonos,1
visitando,1
forzarles,1
adaptarnos,1
estratos,1
delicuencia,1
incomodas,1
porsupuesto,1
inexplicablemente,1
conflictivas,1
situes,1
nigromantes,1
cabemos,1
merecer,1
omites,1
irregularmente,1
verme,1
prolifera,1
corregirte,1
paseos,1
calculado,1
alimenticio,1
menu,1
encerramiento,1
inmediato,1
metimos,1
volviamos,1
dejabamos,1
fingir,1
toco,1
implicito,1
ditto,1
enunciado,1
afinar,1
impepinable,1
descienden,1
misho,1
agachan,1
platillo,1
pasarlo,1
aprovechandose,1
suizos,1
estadounidenses,1
hecjo,1
porfavor,1
importen,1
cuatrimestre,1
registra,1
ertzaintza,1
atraidos,1
atractivo,1
dedique,1
colapsaria,1
impidiera,1
atraemos,1
madagascar,1
same,1
always,1
neonazi,1
tintes,1
ensordecer,1
remarcable,1
falsea,1
vincular,1
sacrilegio,1
mezclaban,1
atestigua,1
rebatida,1
traducirse,1
comentaba,1
cargaron,1
movida,1
incomode,1
pelearse,1
dominicanos,1
reincidian,1
comercios,1
significativo,1
agrupar,1
viejetes,1
quitarselos,1
degradadas,1
retroalimentan,1
poblando,1
imperantes,1
comportando,1
educando,1
mestizos,1
confirmacion,1
chungos,1
gestionando,1
pantano,1
compitan,1
explotarles,1
implicados,1
mantengo,1
sacos,1
catetillo,1
odies,1
amercia,1
absorver,1
indicas,1
latigo,1
porculeros,1
agentes,1
reunion,1
convoca,1
califica,1
inmigraicon,1
ojimetro,1
seminario,1
traslados,1
destrozada,1
colonizador,1
concederme,1
ontenciones,1
habiendola,1
curraban,1
altoaragonesas,1
fletado,1
ubicada,1
ubicado,1
pirenarium,1
alojadas,1
pirineum,1
cobijados,1
saludad,1
degollarme,1
follandome,1
drogandome,1
mantendras,1
punao,1
meteras,1
ejemplaridad,1
floro,1
coordinar,1
susin,1
carmen,1
coordinemos,1
miercoles,1
rebote,1
delegacion,1
repartiditos,1
oleee,1
gendarmes,1
uyyyy,1
protegere,1
lejanos,1
proteges,1
preocupas,1
escandalizaria,1
lanave,1
autovia,1
devueltas,1
enterrar,1
prometed,1
fletan,1
penalidades,1
siguieran,1
acercarles,1
rular,1
merecerlo,1
consigues,1
cobijas,1
alimentas,1
debida,1
piquito,1
golondrinas,1
avila,1
permitian,1
segoviano,1
cyl,1
exotico,1
jajajajajja,1
insufribles,1
perjudicados,1
viajan,1
teoricas,1
aeropuerto,1
tramita,1
madrugadas,1
ponerselo,1
meame,1
frutal,1
puntada,1
facepalms,1
consolais,1
abulta,1
barrido,1
hinchar,1
fyi,1
lares,1
integren,1
lucharlos,1
perjudicar,1
intuyo,1
asomando,1
brocha,1
cubo,1
verja,1
marlaskadas,1
lavan,1
oponerse,1
chupado,1
parara,1
cancelo,1
islamismo,1
fusilen,1
fusilan,1
empatados,1
restregarselo,1
pasais,1
potestad,1
llegarian,1
pararia,1
escaparse,1
tardaran,1
oscenses,1
esparcerla,1
plantes,1
traficando,1
espeluznante,1
alojando,1
allis,1
baratito,1
desgobierno,1
pillemos,1
ostensiblemente,1
sibilina,1
afectaran,1
esconde,1
plegado,1
abordaran,1
aceptandolo,1
titeres,1
izmierdosa,1
votancia,1
izmierdosos,1
sustentado,1
mito,1
demostrable,1
circulando,1
amegos,1
mojao,1
fresa,1
estacional,1
infectado,1
tetuan,1
repercusiones,1
organizarse,1
desplazado,1
cortarle,1
sanitariamente,1
algunso,1
ultraindividualismo,1
comunitaria,1
mnn,1
alcaldes,1
dicta,1
requiera,1
evaluando,1
cubres,1
encantadisimos,1
barceloneta,1
ramblas,1
psoesumar,1
restrieguen,1
autoindultarse,1
arrepentirse,1
pacta,1
reparticiones,1
dilucidan,1
expulsasen,1
conformaba,1
vivio,1
acordar,1
subnornmales,1
mee,1
sonaremos,1
populacho,1
mordida,1
amanerado,1
infringiendo,1
enviarlos,1
marlaskon,1
pensaras,1
desposar,1
observas,1
cocos,1
pensabas,1
instante,1
valerte,1
sentimental,1
muevan,1
pedales,1
encontraran,1
levantasen,1
cojon,1
catan,1
tratos,1
cabalas,1
mandamases,1
arriesgan,1
hazana,1
violentar,1
temporalmente,1
pedirle,1
duermes,1
metiera,1
enterando,1
devolvera,1
borron,1
senhores,1
plagada,1
ultramegaturbohiperfascistas,1
lujooooooooo,1
deeeee,1
dedicandote,1
adictos,1
helar,1
franchutes,1
andarias,1
cornudo,1
doblado,1
mojando,1
regado,1
parfavar,1
marchando,1
remariamos,1
empaticos,1
mamadou,1
rascar,1
extendera,1
remolcados,1
sarna,1
corroborarla,1
ppzoe,1
apanen,1
cerradura,1
deportarle,1
contestas,1
maniobra,1
discretamente,1
palabro,1
haberles,1
enseguida,1
decidamos,1
alquilarles,1
reggeton,1
prozac,1
exparamilitares,1
concedia,1
democracianacional,1
discrepo,1
gastaba,1
animas,1
enfermeras,1
suministradores,1
gestores,1
ultramar,1
peruanos,1
iceberg,1
vamooooos,1
paracaidas,1
volar,1
marfil,1
bestial,1
expresarlo,1
granjas,1
reservas,1
equivale,1
paris,1
cortasen,1
rojambre,1
blackciada,1
machetines,1
magufada,1
acordaremos,1
apunalar,1
tirotear,1
piratas,1
hawk,1
mortadela,1
propagarse,1
suavizando,1
soberanista,1
engana,1
balazos,1
recibirlo,1
convertimos,1
prescinda,1
zarzuela,1
salamanca,1
tiraria,1
expulsarlo,1
resida,1
polticios,1
etx,1
repartieron,1
civilizaciones,1
antiterroristas,1
alertas,1
repoblando,1
horrores,1
estudiara,1
barriadas,1
confinamientos,1
brujen,1
sustituidos,1
rabiosa,1
echaran,1
angelito,1
ooo,1
botellita,1
remando,1
disfrutran,1
jovenlandia,1
biblioteca,1
olvides,1
perdemos,1
despilfarrando,1
agachando,1
resena,1
maps,1
votadooooo,1
pardillo,1
subvencionan,1
intencionado,1
cofinados,1
espnaa,1
comunicaciones,1
relajarse,1
navarros,1
aragoneses,1
empezaba,1
criatura,1
verte,1
okupen,1
ocupado,1
tena,1
valle,1
mansion,1
poni,1
comieron,1
defendia,1
siberia,1
pandilleros,1
grenudos,1
cincuenta,1
referimos,1
asaltando,1
idealizado,1
toparte,1
afortunados,1
esparcirla,1
panaderos,1
repartirlos,1
identificadas,1
residencial,1
quincena,1
alojado,1
gabachas,1
buses,1
inmigra,1
pata,1
arranquen,1
suicidarse,1
rige,1
desatada,1
provisiones,1
campings,1
esmoquin,1
niegas,1
repartiran,1
atiende,1
desplazan,1
sudafricanos,1
centroafricanos,1
quinientos,1
mandas,1
trescientos,1
mandales,1
piojosos,1
incrustados,1
pararnos,1
multifactorial,1
conoceran,1
convencen,1
trincamiento,1
rebano,1
esferas,1
frutos,1
vieran,1
soltarlos,1
focos,1
expandir,1
segregar,1
informaticos,1
dirime,1
conllevaria,1
fajo,1
jardin,1
nulos,1
sobreentiende,1
pactar,1
kabul,1
moldear,1
villabajo,1
villarriba,1
prometes,1
vendibles,1
comunissssssmo,1
rectifico,1
tilde,1
limpiarla,1
gorronearme,1
prever,1
facturacion,1
triplicar,1
pakis,1
electronica,1
iletrados,1
frontex,1
cerquita,1
mandarles,1
hectareas,1
dietas,1
cruje,1
votaban,1
fundar,1
marchaos,1
ofrecete,1
qatarlunya,1
excusen,1
acabaras,1
lante,1
despecho,1
perderlo,1
patrimonial,1
profundamente,1
congelacion,1
pantalon,1
calladitos,1
entrao,1
vigilar,1
reencontrarse,1
paradise,1
enmla,1
montesas,1
comeis,1
shurra,1
ejtan,1
muhere,1
traiganme,1
proponen,1
aspen,1
aborregados,1
nulo,1
europedo,1
loque,1
godo,1
recibo,1
mayorias,1
disfrutemos,1
comernoslos,1
empezaremos,1
superficie,1
reiran,1
coloquen,1
poblada,1
densamente,1
repoblarlo,1
movilizo,1
llevaran,1
carrefour,1
divertimos,1
andaluces,1
agarrados,1
operativo,1
huyeron,1
ego,1
tragate,1
rectificar,1
compostaje,1
bievenido,1
enteren,1
apuestas,1
peineta,1
paella,1
resquemor,1
recibis,1
plantearian,1
turistica,1
mienta,1
monchola,1
calorcito,1
petar,1
recibirlos,1
antibarco,1
venid,1
indigencia,1
hazmerreir,1
pete,1
mayaaaaaayooooos,1
disfruteis,1
cobrare,1
obligarlos,1
vendehumos,1
asimilar,1
derechita,1
humos,1
blanquearlo,1
esconderlo,1
buscate,1
durar,1
artista,1
pajitas,1
asistirlos,1
controlables,1
ignorando,1
tragaros,1
debais,1
independecia,1
encierras,1
vacunas,1
mascarilla,1
embarcaria,1
justificadas,1
contributivos,1
paguiteros,1
espanolazos,1
gasolinera,1
okupada,1
beneficien,1
rebentar,1
magias,1
trillado,1
africanas,1
libramos,1
celebrandolo,1
fororracistas,1
figueras,1
haberme,1
observado,1
silenciosos,1
estrecha,1
neones,1
puticlub,1
impresion,1
hijodemilputas,1
containers,1
jajajajajajajajaja,1
divirtiendo,1
inventemos,1
bielsa,1
formigal,1
cierzo,1
niebla,1
alucinante,1
nodulos,1
pasivamente,1
participaron,1
olmos,1
vorkuta,1
deciamos,1
palmen,1
monegros,1
votasteis,1
tierz,1
jodemos,1
colarselos,1
siuuuuu,1
esplendor,1
cumplieran,1
rigidos,1
estableceria,1
ajenos,1
gazaties,1
escuchas,1
cositas,1
disfrutarlos,1
esan,1
vuelcacamiones,1
macron,1
autostop,1
empujon,1
nobleza,1
fachismo,1
cromos,1
antipersona,1
abonar,1
incendios,1
ocupase,1
cambiabamos,1
navajas,1
repetidos,1
pirineos,1
cantida,1
guen,1
blanditos,1
marchar,1
tragamos,1
trasladarlos,1
retornar,1
subnornales,1
focas,1
sufra,1
conviertan,1
jovenlandeses,1
nosecuantos,1
mitines,1
superminoritario,1
alianca,1
lueho,1
cruce,1
emburkadas,1
profundo,1
baturra,1
desgraciadamente,1
equivoqueis,1
pisando,1
sacrificar,1
jugarsela,1
alejas,1
usarlos,1
alejados,1
escandalizais,1
hablarse,1
imserso,1
gibraltar,1
partera,1
hunda,1
estricta,1
regularmente,1
saltandose,1
formarlos,1
cogerlos,1
federacion,1
sorprendido,1
conoceras,1
pinzas,1
mexicano,1
descojona,1
parangon,1
inopia,1
preguntadle,1
autoctono,1
rabat,1
urbanizaciones,1
funcionamos,1
prepararse,1
movilizar,1
borreguito,1
currante,1
cruceis,1
comeroditos,1
consuman,1
vagueza,1
rozando,1
resumir,1
endeudar,1
cuadrar,1
quintanilla,1
compulsados,1
comprobaciones,1
acomodense,1
motores,1
avisaban,1
alertaban,1
contaban,1
previsto,1
encontrados,1
partieron,1
restos,1
inmensidad,1
habitualmente,1
mauritania,1
recalan,1
partan,1
marinas,1
sumido,1
reforzado,1
centrada,1
ferri,1
buques,1
enlaza,1
trol,1
transigir,1
mejore,1
naviera,1
derivaciones,1
reaccionando,1
colapsando,1
portuario,1
restinga,1
habilitaron,1
centren,1
derivado,1
interlocucion,1
despliegue,1
intervienen,1
visible,1
arguineguin,1
unificado,1
desplace,1
leyen,1
ursula,1
presidenta,1
reclamado,1
alpidio,1
presidido,1
herreno,1
insulares,1
enfado,1
tratarlos,1
toxica,1
rienda,1
volteretas,1
prestado,1
desperdiciamos,1
barquitas,1
sometibles,1
habilitacion,1
organismo,1
controla,1
urbana,1
transportes,1
participa,1
habilitan,1
homologos,1
carencia,1
cubra,1
facilita,1
horizonte,1
juzgando,1
garbanzos,1
faltaran,1
madeira,1
chofers,1
electricistas,1
instaladores,1
borrell,1
pepe,1
aguelos,1
caricatura,1
peluche,1
fontanero,1
catalogo,1
chile,1
autorizada,1
soltado,1
susodicho,1
automaticas,1
explotacion,1
abocados,1
flexibilizarse,1
acogerse,1
acreditando,1
emprendedor,1
resumida,1
restringidas,1
declaradas,1
petrodolares,1
podridos,1
oligarcas,1
ucros,1
telecomunicaciones,1
vacacional,1
viv,1
recibi,1
putinejo,1
contiguos,1
teletrabajan,1
erronea,1
coles,1
putinejos,1
faltarles,1
mierdosos,1
cuarteles,1
presentarse,1
llamamientos,1
reclutan,1
juvenil,1
fijabas,1
comprado,1
kiev,1
teletrabaja,1
tocha,1
informatico,1
airbnb,1
molestarme,1
famosos,1
piran,1
reclutados,1
quedabas,1
preguntales,1
desastrosos,1
inadaptados,1
impedimos,1
acogerles,1
anulado,1
choca,1
vodka,1
fiestuquis,1
inventando,1
traumar,1
divisas,1
contraproducente,1
convencidos,1
disponibilidad,1
venderlo,1
desposeer,1
negativos,1
coacciona,1
fuesemos,1
despensa,1
sumergida,1
monoargumental,1
correteandose,1
regularizar,1
diplomado,1
porsche,1
budapest,1
mejoras,1
entrenando,1
caribe,1
trabajito,1
ofrezco,1
rompe,1
desesperada,1
actualizacion,1
cuentagotas,1
faena,1
pintando,1
pintor,1
restaurante,1
asistente,1
avianca,1
vacation,1
tour,1
mercadeo,1
empujoncito,1
pluriempleados,1
utilizase,1
estuvimos,1
ubermucha,1
glovo,1
upear,1
trolleado,1
maquillarlo,1
creedme,1
venderme,1
chapuzas,1
robotica,1
automatizacion,1
dedico,1
churros,1
traere,1
wallapop,1
facturar,1
cazas,1
mecanico,1
facilito,1
ecuatoriano,1
quedandose,1
aplicado,1
retuvieron,1
excelente,1
retengan,1
agradece,1
urgentemente,1
reducida,1
rechazan,1
casapapis,1
fugado,1
olvidados,1
movilizarse,1
soprendido,1
arreglada,1
destruido,1
genocidese,1
invadan,1
ejecutarlos,1
fusilado,1
buscarme,1
imponga,1
discutiremos,1
cobraria,1
llevare,1
arreglarle,1
decepcionante,1
plantel,1
preocupantes,1
distracciones,1
carnica,1
accesibles,1
independiza,1
deban,1
joderlo,1
empena,1
adquieran,1
validar,1
politicucho,1
alopecia,1
lgtbiquerty,1
perrosnchz,1
paguitera,1
minusculo,1
apartarse,1
burocrata,1
equisde,1
prohiba,1
encierren,1
furia,1
investigas,1
moviliza,1
quid,1
dhabi,1
abu,1
anecdota,1
deslomar,1
cortina,1
robandome,1
desbordada,1
antiracistas,1
sablen,1
habriamos,1
amnistiando,1
indultando,1
legislando,1
deshacer,1
hyper,1
feminismos,1
negociacion,1
empuja,1
limitarla,1
lumpen,1
desplaza,1
desparecen,1
eliminando,1
denostado,1
impustos,1
impago,1
permsos,1
lso,1
shakespeare,1
mediocre,1
albanileria,1
idealista,1
desorbitados,1
compraron,1
pakistani,1
cuarenta,1
reemplazarnos,1
celine,1
preside,1
perdices,1
ferrea,1
permitirlo,1
triangulito,1
vaina,1
inventan,1
incapacidad,1
sobrada,1
pintadas,1
coincida,1
repartidas,1
inventandoselos,1
sobredimensionado,1
independentismo,1
farrell,1
colin,1
actor,1
estancarse,1
comporte,1
migrar,1
reynolds,1
estela,1
bso,1
enchufe,1
marcias,1
levanta,1
lola,1
cagaos,1
topicos,1
dion,1
arde,1
especulador,1
lama,1
dalai,1
paranoicos,1
vitorianos,1
trucha,1
notaba,1
pococ,1
alcaldia,1
gobernante,1
enculada,1
felicidades,1
palomos,1
oyarzabal,1
puestecito,1
locko,1
bacanal,1
ojete,1
carcamales,1
locaza,1
simpatias,1
yomelefo,1
miel,1
incontestable,1
peras,1
homenajea,1
pernada,1
drechos,1
liaron,1
betis,1
veinte,1
trujillo,1
suegro,1
convive,1
correctos,1
nanai,1
estuviesemos,1
agarrar,1
lloron,1
recurrido,1
village,1
retirado,1
desviado,1
joer,1
faceta,1
tol,1
noticion,1
bajaba,1
banner,1
elena,1
vaso,1
buscandose,1
alrgumentativa,1
rubalcaba,1
debieramos,1
conciencias,1
antonelli,1
carla,1
pregunte,1
abanderaba,1
igualitario,1
definida,1
sucedieron,1
polemico,1
creador,1
dieciseis,1
consultoria,1
genova,1
hablandome,1
encontraba,1
convencerlos,1
arduo,1
definieran,1
incluidos,1
mitin,1
debiamos,1
recordo,1
entraban,1
libido,1
dieciocho,1
tuviste,1
supe,1
tuvieses,1
explicaciones,1
dandote,1
upp,1
upeandolo,1
aceptaba,1
clasico,1
gustaban,1
supiste,1
centradas,1
simpatizo,1
yosoygayydelpp,1
hashtag,1
encantan,1
insultaban,1
buenafuente,1
desfile,1
turulo,1
golfos,1
centrados,1
petado,1
pertenezcan,1
entrevistado,1
cantera,1
bottas,1
geys,1
relacionas,1
notorio,1
diecinueve,1
condicionan,1
hablemos,1
kakas,1
vicesecretario,1
acuso,1
anada,1
aclare,1
preferido,1
incumplimiento,1
acercarme,1
ascenderlo,1
referira,1
peculiaridad,1
trotrona,1
militantes,1
apuesto,1
anglosajones,1
tercia,1
amistad,1
esquivar,1
malinterpretar,1
atribuye,1
egos,1
desnudos,1
torsos,1
chatear,1
gremios,1
exigira,1
desgravaciones,1
gaviotas,1
sunormal,1
visibles,1
postear,1
whisper,1
precedente,1
mojen,1
dudosos,1
recopilen,1
aparejados,1
elevado,1
outing,1
sucedian,1
dificulta,1
cuestionan,1
etiqueten,1
sexualidades,1
construyan,1
chateen,1
grises,1
explicaban,1
siguieron,1
resenar,1
formular,1
enfocalo,1
duraderas,1
conectar,1
creemos,1
exploracion,1
verified,1
representante,1
recordaban,1
particularidad,1
formato,1
anonimos,1
centers,1
autodefinen,1
plasmado,1
ningunos,1
clans,1
clash,1
morteros,1
white,1
straight,1
between,1
sex,1
ward,1
jane,1
seller,1
best,1
especifica,1
hop,1
hip,1
asociado,1
afroamericana,1
incesantes,1
aquejado,1
hincapie,1
ejercen,1
expicita,1
guardian,1
exenta,1
bisexualidad,1
caracterizan,1
nacia,1
prevention,1
disease,1
ninatos,1
feria,1
robarle,1
heteroflexible,1
homofail,1
heteropole,1
read,1
didn,1
conceptuales,1
apps,1
resultan,1
acompanada,1
fluidez,1
oler,1
harlem,1
origino,1
estrellado,1
desear,1
muuuchisimo,1
tubazo,1
antisemitas,1
hostilidad,1
inciten,1
promuevan,1
fomenten,1
estableciendo,1
acorralar,1
apedrean,1
intimidan,1
prostitutas,1
guadalhorce,1
cojen,1
fiestaca,1
tortillera,1
relajada,1
fiestaka,1
examenes,1
meao,1
daesh,1
ilitri,1
misoginos,1
musicon,1
participo,1
cuece,1
acercariais,1
opositaran,1
machotes,1
debil,1
globos,1
leganes,1
abriese,1
confundirse,1
osce,1
abogacia,1
repatriar,1
localizar,1
penoso,1
alarde,1
hipersexualizar,1
multen,1
moco,1
pillarte,1
recoletos,1
ambientazo,1
respetaban,1
definidos,1
filiacion,1
percibida,1
perceptiva,1
caracteristica,1
resultar,1
aconsejado,1
asignar,1
ftm,1
abreviacion,1
asignado,1
correctismo,1
cinismo,1
colgar,1
rotondas,1
androginia,1
neutrois,1
ginoandros,1
temaserio,1
chavalin,1
balas,1
comodas,1
modificar,1
transmasculino,1
transfemenino,1
mtf,1
definan,1
identifiquen,1
ofensivo,1
cronica,1
sitiando,1
espiritus,1
berdache,1
variant,1
simio,1
debatire,1
nov,1
peich,1
menosprecio,1
questioning,1
conforming,1
ajustado,1
solapa,1
neutral,1
null,1
masculinas,1
asignadas,1
agender,1
genderqueer,1
confusiones,1
reporto,1
gerundio,1
mediodia,1
recopilando,1
transgeneros,1
famosas,1
delevingne,1
stewart,1
kristen,1
sociabilidad,1
femeninos,1
utilizaba,1
amerindios,1
apache,1
polefacha,1
utilizarse,1
duplicar,1
producidos,1
recopilaba,1
usualmente,1
situa,1
intergenero,1
multigenero,1
poligenero,1
ubican,1
pangenero,1
fluctua,1
genderfluid,1
fluctuar,1
dominadla,1
llenad,1
multiplicaos,1
reproducios,1
bendijo,1
tfm,1
invenciones,1
autoritarios,1
genocidas,1
puneteros,1
adoctrinable,1
asumo,1
halago,1
tofo,1
giligenero,1
fatxa,1
rodaje,1
dormido,1
fotogramas,1
marcela,1
elisa,1
recopilaban,1
coixet,1
palmarias,1
perpetua,1
legalizo,1
aprenderme,1
haaaans,1
elijo,1
genesis,1
reptan,1
cielos,1
ignoradosa,1
philadelphia,1
mitica,1
quebme,1
legalizado,1
ducha,1
tragarme,1
progrefriendly,1
hervida,1
varon,1
vacas,1
encanto,1
hbo,1
love,1
foodie,1
nocturno,1
genitales,1
testiculos,1
gonadas,1
genes,1
necesitemos,1
exigente,1
enytender,1
rasgos,1
comunmente,1
comprometida,1
premios,1
aplauda,1
contarlo,1
adulterio,1
apetecia,1
penalizan,1
especializado,1
vigilantes,1
apalean,1
violada,1
azuqueca,1
incurria,1
opinaba,1
citando,1
maliense,1
lloret,1
fisiologia,1
clasica,1
teorizar,1
preestablecido,1
desarrollan,1
cuestionar,1
electrico,1
cauterizacion,1
urologo,1
gramenet,1
coloma,1
imputados,1
receto,1
diagnosticaron,1
bebes,1
manitoba,1
winnipeg,1
brian,1
invalidar,1
irrefutable,1
confirmaba,1
lienzo,1
lograse,1
descubriera,1
dejeis,1
proporcionar,1
desvordada,1
manadas,1
seccion,1
empezare,1
cambiaron,1
vulva,1
castrado,1
infeliz,1
convirtiera,1
ilusiones,1
contactar,1
calcinado,1
rechazaban,1
lograra,1
ocasiono,1
imponerle,1
empenaron,1
adaptativa,1
instrucciones,1
orinar,1
berrinches,1
empenaba,1
vistieron,1
cabello,1
criaron,1
fisicas,1
exitoso,1
resultase,1
acercaba,1
conferencias,1
exposiciones,1
exponia,1
resultando,1
pornografico,1
explicitas,1
involucraban,1
furtivamente,1
interrogandole,1
anualmente,1
evaluaba,1
tosca,1
marimacha,1
despectivamente,1
catalogaban,1
seguia,1
abultamientos,1
deberan,1
abstenerse,1
contenida,1
prv,1
incluira,1
compensara,1
grasa,1
camuflajear,1
provocaba,1
caderas,1
ensanchamiento,1
pechos,1
conllevo,1
realizarse,1
deseado,1
padrastro,1
eventualmente,1
sirvan,1
anadiran,1
simplificacion,1
hormonal,1
describio,1
descubrio,1
asesorados,1
suicidaria,1
insistiendo,1
amenazo,1
rehusaba,1
describian,1
maquillarse,1
jano,1
madree,1
shu,1
incontrolado,1
caracter,1
ignora,1
opero,1
magico,1
ensenarnos,1
empene,1
biologicamente,1
fracaso,1
suicido,1
sobredosis,1
separo,1
prevalecieron,1
ataquen,1
corruptas,1
clientelistas,1
implementar,1
sustituirlos,1
paternalistas,1
rarito,1
amputaron,1
zapatos,1
cochecitos,1
acostaba,1
aparcaba,1
empenen,1
jooooder,1
nah,1
acuno,1
utilizais,1
numerosisimos,1
prehistoria,1
ritualmente,1
enterradas,1
esqueletos,1
muxes,1
hijras,1
patanes,1
asignarles,1
pequenitos,1
antitrans,1
rating,1
entenderla,1
epocas,1
pillajes,1
frenada,1
maduros,1
chiquillos,1
responsabilidades,1
bond,1
james,1
villano,1
escalofrios,1
asesinada,1
borras,1
margarida,1
americas,1
conquistador,1
alferez,1
nocivo,1
malmeter,1
restringen,1
salvame,1
expresentador,1
cordero,1
turra,1
exponencialmente,1
fisiologica,1
explosion,1
relamente,1
rasgaos,1
dijesen,1
reconociese,1
hormonandolo,1
operandolo,1
castrando,1
empiezas,1
legislaturas,1
misandricos,1
pagana,1
casados,1
cofrade,1
tenerte,1
equipare,1
semantico,1
telemierda,1
finiquito,1
volcado,1
nines,1
cuelgan,1
llene,1
antecedente,1
estrictamente,1
emho,1
reddit,1
putrefaccion,1
desembocado,1
opinamos,1
afectada,1
horroriza,1
beeeeeeeeh,1
guerrraaaaaaa,1
libereeeertadeeees,1
restringan,1
beeeeeeeehhhhh,1
reprobable,1
invertidos,1
ejque,1
trasnochados,1
infieres,1
matemos,1
beeeeeeehhhhh,1
beeeeeeeehhhh,1
pacifico,1
hegemonia,1
dominados,1
pelajes,1
booom,1
pestosos,1
tortilleras,1
piensalo,1
rogelios,1
bielorruso,1
camionero,1
acertada,1
oficialmente,1
denomina,1
penitenciario,1
bulgaro,1
sindicales,1
confirmados,1
adelantados,1
ingresada,1
percibia,1
fontcalente,1
formes,1
convertirla,1
bellaco,1
lerda,1
transcripcion,1
apropiacion,1
embarazo,1
interrumpir,1
devolvio,1
citadas,1
washington,1
nervio,1
ajedrez,1
poderosas,1
corrupta,1
podrida,1
enviada,1
llamara,1
internamente,1
transicionar,1
manifesto,1
celda,1
argumenta,1
cachea,1
limbo,1
evaluada,1
percibirse,1
proxy,1
compleja,1
conocedora,1
decaido,1
hormonando,1
atributos,1
penitenciaria,1
cacheos,1
realizarle,1
hormonacion,1
indique,1
travolos,1
salvarian,1
anticonceptivas,1
consentida,1
modules,1
garantizado,1
panarabistas,1
prenado,1
diagnosticado,1
cambies,1
futbolista,1
reincida,1
irena,1
capte,1
desapruebas,1
pronunciarse,1
rechazarian,1
hipster,1
hierros,1
biceps,1
mujet,1
respetaria,1
follaria,1
feofobia,1
follarse,1
resolviamos,1
rechace,1
sulfureis,1
victimizacion,1
prestarles,1
cubata,1
legislas,1
shemales,1
sentirlo,1
demandadas,1
maromos,1
estrategicos,1
desmembracion,1
kippur,1
yon,1
suez,1
tarjetas,1
pagandole,1
matches,1
imperceptible,1
loqueseafobico,1
emocional,1
chanjate,1
venosos,1
rabos,1
pertenecemos,1
cargandome,1
comienzo,1
acontecimientos,1
participes,1
psicologicamente,1
autoenganadas,1
calabazas,1
venosas,1
centimetros,1
catado,1
calentones,1
casaria,1
tocarme,1
guantazo,1
ignoremoslos,1
interponga,1
senalara,1
insultara,1
tirarias,1
forzarme,1
cambiaros,1
operaros,1
haced,1
biologicas,1
malabares,1
imitacion,1
pegatinas,1
llaamen,1
aditivos,1
travolo,1
morenofobico,1
misogino,1
allauh,1
saud,1
tanques,1
marchita,1
hablad,1
redondear,1
forosfachasrepetidoresdeconsignas,1
respondas,1
acostarme,1
paste,1
copy,1
raritos,1
levantarse,1
travelos,1
fobico,1
desagradable,1
cortinas,1
street,1
wall,1
occupy,1
disfrazado,1
redundancia,1
enganarte,1
dejarte,1
autopercibo,1
afectiva,1
tratare,1
autopercibe,1
disfrace,1
lombriz,1
anglosajonas,1
trago,1
plazca,1
remolachafobia,1
panama,1
derroca,1
putita,1
prenda,1
poker,1
remolacha,1
denunciarme,1
transfondo,1
oveja,1
zoofobia,1
delimitarlo,1
buenorra,1
guapa,1
pasable,1
ordeno,1
nomenclaturas,1
sardina,1
sacudido,1
fluyes,1
maromo,1
requeson,1
extermine,1
perrofobia,1
extrajudiciales,1
celebraran,1
butler,1
judith,1
pobrefobia,1
tremendo,1
homotransfobo,1
algunes,1
pollones,1
algas,1
forrada,1
buey,1
hamburguesa,1
comehierbas,1
disfraza,1
antilibertarianismo,1
infulas,1
maquillado,1
pivonazo,1
pivon,1
faltara,1
adn,1
arqueologos,1
ironizar,1
aporofobia,1
strip,1
editado,1
cacofobia,1
habladme,1
chungas,1
mezclen,1
aperciban,1
humedo,1
jamba,1
acostare,1
enanofobia,1
rechazarlo,1
potter,1
harry,1
escritora,1
violes,1
higienista,1
resulto,1
suicidar,1
malita,1
proporcionartelo,1
biologicos,1
rechazas,1
visten,1
vestirse,1
homofogos,1
rechazamos,1
cruzarle,1
constructos,1
aberraciones,1
acusarnos,1
lentillas,1
pupilentes,1
catedra,1
difundirla,1
coletilla,1
liaria,1
acostarnos,1
cimbrel,1
next,1
bulboso,1
cisfobo,1
califican,1
confirmarias,1
lamborghini,1
pechopequenofobia,1
moradas,1
disfrazados,1
bofetadas,1
vestuario,1
probador,1
cansada,1
asqueada,1
insoportable,1
cortado,1
autoperciba,1
tremendas,1
baits,1
negarte,1
nacidas,1
esconderla,1
luchen,1
terminologia,1
pescadas,1
reagan,1
sarkozi,1
financio,1
upppp,1
fobia,1
distinguian,1
urbanas,1
grumo,1
cialquier,1
moje,1
perdidas,1
administrativamente,1
explicadito,1
cisterciense,1
acomplejas,1
tuneado,1
electorales,1
fraudes,1
minerales,1
esencia,1
relleno,1
postizos,1
pelazo,1
ets,1
interesarte,1
acostado,1
conscientemente,1
denominaran,1
coment,1
bebefobico,1
intentare,1
transfobico,1
indignan,1
respirar,1
folico,1
profugos,1
gulafobico,1
destripador,1
jack,1
estropicio,1
tomarse,1
burocraticamente,1
opositar,1
polepito,1
denegada,1
serle,1
quirurgica,1
faloplastia,1
ilegalizar,1
democratizar,1
reintegro,1
tsjc,1
sala,1
micropene,1
aceptaria,1
empotre,1
miniyo,1
mazado,1
heleros,1
esperare,1
modifcado,1
sivil,1
banean,1
invis,1
pintarlo,1
turbo,1
antidepresivos,1
suicide,1
decadente,1
rima,1
follamos,1
pagarmelo,1
balneario,1
alojan,1
pagarte,1
modifica,1
hilooo,1
omg,1
repentinamente,1
hinchemos,1
bloqueadores,1
categoricamente,1
afirme,1
minuta,1
pecata,1
culpabilidad,1
malisimo,1
quitaran,1
meloso,1
wokeismo,1
sentado,1
pactado,1
enderezar,1
atendera,1
derogas,1
invasiones,1
habrnia,1
filipinos,1
impondran,1
nuse,1
aniquilar,1
acusa,1
correctisimo,1
mutilarte,1
reportable,1
textura,1
evangelicos,1
retuerce,1
llevarle,1
atreva,1
pliegue,1
mind,1
state,1
aprobado,1
repitiendo,1
descubrirla,1
adoctrinada,1
machacando,1
inmadurez,1
mutilarse,1
arrepentido,1
agradeceran,1
amnistiar,1
directivo,1
transicionando,1
cria,1
iniciales,1
evaluaciones,1
pionera,1
arrepiente,1
enfaden,1
finde,1
medianias,1
andarnos,1
jeueves,1
leemos,1
rodillo,1
soportando,1
superar,1
amplisima,1
dramas,1
conoceremos,1
empurarian,1
eua,1
ding,1
ejejejjeje,1
kieran,1
hajan,1
medicacion,1
relacionarlo,1
suicidandose,1
absentista,1
considerarle,1
somnoliento,1
deprimido,1
copia,1
xhulos,1
aki,1
desestigmatices,1
obviando,1
agilizar,1
saltar,1
extenderme,1
extenso,1
incompetentes,1
peligrosas,1
psicosis,1
fijarse,1
promovieron,1
derogarla,1
modificarla,1
enteremos,1
expliques,1
mutilen,1
televisiva,1
pillada,1
dividir,1
pescadores,1
ganancia,1
revuelto,1
empeorar,1
tooodas,1
perjudiciales,1
toooodas,1
pensase,1
embolsa,1
pega,1
arrasaria,1
dinamizar,1
nasales,1
tiras,1
mindundi,1
mascarillas,1
vanta,1
azabache,1
maritrans,1
retengo,1
tornados,1
cutter,1
miraban,1
farmaceuticas,1
cialis,1
farmacia,1
guais,1
fale,1
tarro,1
madurar,1
haberle,1
acuse,1
jefecillo,1
aseguramos,1
quiebre,1
comprarte,1
tumbar,1
acojonaros,1
jodera,1
despecha,1
rosalia,1
pareciera,1
subes,1
pelomorados,1
abolicion,1
arrasa,1
plantarse,1
berreen,1
legitima,1
investidura,1
razonables,1
profundidad,1
enfocando,1
camara,1
elegido,1
faxa,1
manifestado,1
lobotomizados,1
vapuleada,1
hacerla,1
votarla,1
modifico,1
notario,1
inestables,1
culogordo,1
preocupan,1
transfobicos,1
emplear,1
incendio,1
forofos,1
modificada,1
aullen,1
cuevas,1
inflaccion,1
moratones,1
dominante,1
privan,1
estamentos,1
lios,1
arrimar,1
cosmopolita,1
tucion,1
const,1
conlleve,1
carteras,1
pepeando,1
ramalazo,1
omitir,1
desastroso,1
estrategico,1
ooootro,1
miramos,1
punitos,1
nooooooooo,1
acaremos,1
demuestres,1
invertia,1
demostrarlas,1
demuestralos,1
aireando,1
nones,1
creceran,1
creerte,1
empeorado,1
existimos,1
haceoslo,1
sancionador,1
eisenhower,1
omitido,1
apoyos,1
inclinarte,1
mundi,1
plai,1
huga,1
zolo,1
tiu,1
dicez,1
ejejejej,1
chapas,1
mini,1
eliminara,1
educativos,1
insomniac,1
escenas,1
estabilizar,1
observadores,1
interiormente,1
yemenies,1
adeptos,1
salpicado,1
pancarta,1
pesebre,1
grabarse,1
legisle,1
creertd,1
qud,1
juajajajajajajaja,1
vulneren,1
cargarse,1
mamada,1
sucesivas,1
agravada,1
neutralizadas,1
khemeres,1
polvo,1
desactiva,1
elrubius,1
clip,1
estallaba,1
acaparado,1
resaltando,1
movidito,1
playstation,1
games,1
sonara,1
usarlas,1
acabadas,1
disfrutais,1
sordo,1
aplaudirle,1
ingeniosa,1
implementadas,1
mecanicas,1
opcional,1
invitar,1
contribuyan,1
editadas,1
tesitura,1
dre,1
pendejos,1
traducirlo,1
adaptarlo,1
localizacion,1
them,1
entomologue,1
interrumpieron,1
netanyahu,1
mirandote,1
invencion,1
neutros,1
mezquino,1
idolo,1
aplaudais,1
panza,1
repitais,1
acabeis,1
pokemon,1
rush,1
fervientes,1
perfiles,1
partidarios,1
militarmente,1
faccion,1
pansexualidad,1
cisgenero,1
poliamor,1
anadieron,1
parecian,1
evolucionan,1
milonga,1
entomologa,1
entomologo,1
mercadona,1
pedos,1
autopromocion,1
hispanofobicos,1
empezara,1
resumenes,1
interesantes,1
caparon,1
semibanearon,1
simbolo,1
anclada,1
replantearte,1
cesped,1
permitiendonos,1
accesibilidad,1
amplias,1
pcoo,1
forrao,1
prime,1
tirame,1
prosperas,1
competicion,1
consolxs,1
youtubers,1
revistas,1
guniko,1
averguenza,1
buambulancias,1
lloricas,1
columpiado,1
tablon,1
meristation,1
parecerme,1
kurdistan,1
bombardeado,1
entregadas,1
denostarlos,1
colaterales,1
expoliarlo,1
desangrara,1
ebn,1
encontraren,1
discusiones,1
transforman,1
escuece,1
destrozalenguajes,1
propagandistica,1
desinforma,1
software,1
avalanche,1
royalties,1
rowling,1
indudable,1
ligaban,1
telita,1
hogwarts,1
gamer,1
reparte,1
stream,1
rebirt,1
callejon,1
ofi,1
anoche,1
grano,1
echandole,1
modelico,1
caballeros,1
ofendidites,1
ocasional,1
pkk,1
estancada,1
baaz,1
panarabista,1
concuerdo,1
casito,1
lgtbijkmnnopq,1
intruducir,1
instaron,1
warner,1
criticables,1
triangulo,1
equipara,1
mediocridad,1
encumbrar,1
recreen,1
numale,1
electrodomesticos,1
incels,1
manchar,1
spamear,1
reductos,1
comprarlos,1
ofendidas,1
criaturitas,1
fauna,1
recree,1
antifascista,1
beneficioso,1
desarrollandote,1
partidario,1
estabilizada,1
cambiase,1
seguirlos,1
democratas,1
hostilidades,1
iniciaron,1
peleandose,1
empoderamiento,1
cagados,1
futurista,1
perderia,1
constancia,1
jueguen,1
llorada,1
sordomudo,1
venderia,1
reanudo,1
opusiese,1
absuelto,1
vendras,1
quejado,1
molestaria,1
pretendiendo,1
pisado,1
gritaba,1
negre,1
mujere,1
arrodillaba,1
sumado,1
celebraron,1
renuncio,1
egipcias,1
aborda,1
nulas,1
fregao,1
repartidores,1
faltarle,1
alfa,1
funada,1
ridicule,1
esparciendo,1
dialogos,1
alfas,1
inventados,1
sobrepresentadas,1
sostenerlo,1
murcielago,1
contorsionismo,1
consoles,1
meri,1
desorino,1
esclavo,1
fracasados,1
explotados,1
pitospadentro,1
redactores,1
tlou,1
atrevan,1
mierdagamer,1
plastico,1
evadirte,1
admito,1
consumido,1
kit,1
incel,1
nintendo,1
marras,1
jueguito,1
aburrida,1
infumable,1
sudado,1
witcher,1
ciri,1
cuties,1
bolena,1
elfo,1
respondan,1
nobinaries,1
lesbis,1
gayers,1
afirmativo,1
rojerio,1
chiclana,1
audiencias,1
cholon,1
howards,1
jugaras,1
pegue,1
decirnos,1
educarnos,1
divertirte,1
distraerte,1
subhumanos,1
follapisos,1
ascensor,1
metano,1
anarquia,1
descompuso,1
sucesos,1
protesto,1
rights,1
unifamiliar,1
turbios,1
fundada,1
costuras,1
uuuhh,1
contentar,1
gramatica,1
erroneamente,1
hablarlo,1
formal,1
aceptare,1
vulgarismos,1
indicandolo,1
cotidiana,1
utilizada,1
coloquial,1
cientifique,1
investigadore,1
inventarse,1
capitulo,1
consideren,1
afluente,1
girafa,1
entendian,1
diamantes,1
pitt,1
idh,1
comio,1
human,1
ejecuto,1
libios,1
concuerde,1
inventandose,1
slag,1
veamoslo,1
marcando,1
grupito,1
motivaciones,1
vulgarismo,1
evolucionado,1
andaluz,1
comentabas,1
acuerdan,1
plurales,1
curiosa,1
musicales,1
ensayos,1
castings,1
productor,1
compositor,1
andreas,1
olimpicamente,1
consumidor,1
colonizado,1
faltas,1
fallout,1
fundiendo,1
fundir,1
detallitos,1
alarmeis,1
representados,1
sisisi,1
adblock,1
dottore,1
rossi,1
valentino,1
pegando,1
molesto,1
she,1
patochada,1
sustantivos,1
mayuscula,1
recuerdas,1
objetividad,1
decias,1
quitarlo,1
patrocinar,1
acusando,1
tripoli,1
bombardearon,1
populares,1
fia,1
buscalo,1
horizon,1
forza,1
rie,1
armar,1
tochazo,1
recalcas,1
fiarse,1
mosul,1
tercio,1
secuestros,1
iraqui,1
baghdadi,1
pielfinas,1
respondeme,1
opinen,1
saltas,1
berreas,1
fuhrer,1
mein,1
alterado,1
videjojuegos,1
coleccionando,1
lia,1
alvarito,1
compi,1
quesada,1
dani,1
lloras,1
twitch,1
caca,1
pls,1
soplapollez,1
significan,1
estelar,1
donlelo,1
aparicion,1
xbot,1
tuiter,1
notitas,1
eol,1
impresiones,1
demostro,1
embargos,1
posguerra,1
gozare,1
reservada,1
pesada,1
prometo,1
llores,1
binaria,1
pasame,1
qje,1
fanaticas,1
viniese,1
checo,1
cuadre,1
friki,1
zelda,1
mario,1
berreando,1
respondiendo,1
adiosito,1
cansaalmas,1
captura,1
infantiles,1
abrirme,1
acueste,1
ligas,1
jjajaa,1
pin,1
medirse,1
metrica,1
buelta,1
metidas,1
clickbait,1
ridiculazo,1
procediendo,1
pana,1
atari,1
chupapollas,1
respondiste,1
superinteresante,1
quedase,1
sarkeesian,1
sinsabores,1
sentaron,1
describir,1
estereotipo,1
proveedor,1
anticomunistas,1
nicaraguenses,1
contras,1
emborracharse,1
poblamos,1
ambiental,1
sonido,1
jugadas,1
archivo,1
multi,1
intentes,1
reelegido,1
quimicas,1
fabricaron,1
iniciaba,1
sovietica,1
ahmadzai,1
ghani,1
asharf,1
excluyente,1
apareceran,1
ficticio,1
eyacular,1
millennials,1
enfrentado,1
corolario,1
hindu,1
servia,1
forzo,1
levantaba,1
mentia,1
contarselo,1
afirmo,1
terrorifico,1
parafraseando,1
pasiva,1
practicado,1
practicaba,1
sucedia,1
himen,1
apelando,1
significados,1
adelanta,1
afectivo,1
karzai,1
hamid,1
impuso,1
talibanes,1
alabando,1
componente,1
perderla,1
remarca,1
adrian,1
entendidas,1
alfredo,1
resignificado,1
conceptual,1
llegaba,1
traslade,1
nueve,1
paciente,1
ginecologia,1
escrita,1
mantenia,1
ginecologo,1
superlesbiana,1
convenci,1
apuntilla,1
mantuvo,1
perderse,1
excluidas,1
incluyentes,1
jocoso,1
carente,1
redundo,1
existian,1
continuaba,1
fresca,1
vietnam,1
sorprendio,1
hekmatiar,1
gulbudin,1
entornos,1
legitimado,1
ofrenda,1
deshacia,1
senti,1
ejemplifica,1
metian,1
ecografo,1
ecografia,1
lastimarme,1
trabar,1
orangutan,1
chavalada,1
integrada,1
espontanea,1
precarias,1
comprendia,1
romantica,1
retribucion,1
presionada,1
retoman,1
concienciadas,1
testigo,1
atea,1
romanticos,1
manejabamos,1
autoeducacion,1
orientando,1
disfruto,1
climax,1
explicarse,1
platano,1
condon,1
charlilla,1
adolece,1
retorica,1
molestaba,1
tapadera,1
novios,1
opinando,1
apelan,1
interseccional,1
intencionada,1
decepcionan,1
conozcamos,1
compraban,1
efectuado,1
resarcir,1
infrinja,1
colaborando,1
hacerme,1
protagonista,1
cuero,1
influidas,1
rol,1
influido,1
planteaba,1
cambiaran,1
fiebre,1
desmitificar,1
viera,1
explicitado,1
condensa,1
psicosocial,1
erotica,1
montas,1
fraudulentas,1
cosificacion,1
perpetuando,1
reproduce,1
aprendizaje,1
ausente,1
desmitifique,1
indefensas,1
asturies,1
puxa,1
mate,1
jaque,1
presas,1
newtrall,1
lameculos,1
redacciones,1
tweets,1
exclusivas,1
pulitzer,1
registralmente,1
considerados,1
palomitas,1
reirnos,1
rematadamente,1
imprevisibles,1
lelas,1
incompetente,1
ladrillo,1
favoritismos,1
razonable,1
postulo,1
jodidamente,1
ralles,1
merienda,1
dree,1
thuma,1
sumaron,1
transparencia,1
merendado,1
fetichismo,1
cibersexo,1
practicando,1
amores,1
parcela,1
acortando,1
malear,1
pijada,1
modulos,1
parches,1
patriarcado,1
enfadas,1
pequno,1
confrontamiento,1
posteriori,1
intencionadamente,1
celebrara,1
ceremonia,1
turin,1
pinerolo,1
casaran,1
postulas,1
respectivos,1
surgio,1
pastoral,1
franciscanas,1
tinieblas,1
secuela,1
encantar,1
erotico,1
salon,1
enclavegay,1
honduras,1
enfrento,1
one,1
jajajjjjjajajjaj,1
dics,1
romureaba,1
pasmao,1
pontevendra,1
estudiaba,1
populi,1
semen,1
marotp,1
suprimio,1
menospreciando,1
transgenders,1
miravet,1
trucho,1
marianito,1
underwood,1
frank,1
maruender,1
disimular,1
tardo,1
portera,1
chorra,1
incongruencias,1
corpulento,1
cabrea,1
cantizano,1
compos,1
depor,1
torturas,1
