Topic,Count,Name,Representation,Representative_Docs
-1,3177,-1_inmigrantes_más_españa_país,"['inmigrantes', 'más', 'españa', 'país', 'españoles', 'aquí', 'qué', 'inmigración', 'europa', 'millones']","['desmontando con datos la gran mentira que nos venden la mayoría de medios de comunicación que afirman “no hay ningún estudio, dato o estadística que demuestre que la tasa de criminalidad es mayor en la población inmigrante que en la autóctona” año 2004 de cada diez nuevos reclusos, seis son de nacionalidad extranjera 23-7-2006 50 personas acumulan 7.000 detenciones aifa mohamed laarbi , de 51 años, es la persona que mas veces ha sido detenida en españa: 213. entre este grupo destaca el peruano walter raúl t. v. , detenido hasta ahora en 127 ocasiones, que ya en 1991 fue arrestado como supuesto miembro de una banda a la que la policía imputaba cientos de hurtos a turistas. otra de las peculiaridades de los 50 principales del hampa es que a ninguno les gusta su nombre: todos ellos dicen ser y llamarse de una forma diferente cada vez que la policía les coloca los grilletes. hay quienes como mohamed a., hamed a.l.b. y kaddour a . han sido registrados con 60 o más identidades diferentes a lo largo de su vida delictiva. 2-09-2006 el gobierno asume la relación entre delincuencia e inmigración y reconoce que uno de cada tres reclusos es extranjero 23-11-2007 la tasa de mujeres inmigrantes asesinadas a manos de sus parejas es seis veces mayor que la de las españolas. 30-9-2008 los crímenes machistas se disparan entre inmigrantes - los asesinatos cometidos por extranjeros son este año más del 40% del total 14-10-2008 récord de presos en las cárceles españolas la crisis y la llegada de más extranjeros, entre las causas. 15-04-2009 el 60% de los presos encarcelados en españa en la última década son extranjeros 13-12-2009 eduardo maiz, concejal de seguridad ciudadana de bilbao: ""de las 1.600 detenciones con las que terminaremos el año, unas 1.000, casi el 55%, corresponden a magrebíes, marroquíes y argelinos"" 29-01-2011 edil de seguridad ciudadana de bilbao: ""siete de cada diez detenidos por hurtos en bilbao durante 2010 eran extranjeros"" 15-03-2011 dos de cada tres arrestos en barcelona son de ciudadanos extranjeros ciutat vella y el eixample concentraron el 51% de los 205.374 delitos cometidos el año pasado los mossos d\'esquadra detuvieron en el 2010 a 18.754 personas de 131 nacionalidades distintas 15-09-2011 la masificación de presos en cataluña obliga a liberar a extranjeros a su país. el 45,4% de presos en cataluña son extranjeros 3-8-2012 uno de cada tres presos es de nacionalidad no española. uno de cada dos presos en madrid, castilla y león, y cataluña es extranjero. actualmente hay 24.036 presos extranjeros en las prisiones españolas. informe elaborado por acaip sobre el porcentaje de presos extranjeros en los centros penitenciarios en españa. ver o descargar informe y estadística elaborada por acaip 29-08-2012 el número de presos extranjeros se quintuplica en sólo una década 07-09-2012 « dado que un gran número de los detenidos son de otras nacionalidades , la policía nacional debería colaborar más con los juzgados, ya que muchos son además ilegales que tendrían que pasar por la oficina de extranjería» 20-05-2013 el número de presos extranjeros por habitante cuadriplica al de encarcelados españoles 01-09-2013 la guardia civil asegura que «el 90% de los detenidos por drogas y robos con violencia en calvià son subsaharianos» 26-12-2013 en 2012 fueron encarceladas 30.505 personas en españa (18.095 españoles y 12.410 extranjeros) 24-02-2014 la policía se reforzará en fallas ante la inminente llegada de una oleada de carteristas. sus integrantes suelen ser extranjeros, ""principalmente de rumanía"" 11-03-2014 ceimigra publica una guía de detección de violencia (de género) sobre mujeres inmigrantes. en 2012 se ordenaron 34.556 órdenes de protección de las cuales el 32% provinieron de mujeres extranjera s según los datos del observatorio contra la violencia doméstica y de género. 31-03-2014 8 extranjeros entre los 10 delincuentes más buscados por la guardia civil.', 'yo ya he dicho varias veces que esperemos que los del isis no hagan la estrategia de empezar a poner bombas en marruecos, de tal forma que provoquen un ""altercado social"" de 1o nivel con 2 bandos enfrentados: guerra entre 2 grupos terroristas (al qaeda en el magreb vs isis). lo digo porque muchos millones de marroquíes estarán esperando como agua de mayo que eso suceda, para así tener la excusa de venir a españa (europa) a millones. ya me imagino a todo el congreso mandando barcos a marruecos para traer a millones de moritos más. sería técnicamente el fin de españa, para siempre. es decir, pueden hacer esa estrategia para ""recuperar al andalus"" los del isis perfectamente. provocar la inestabilidad o provocar un enfrentamiento con otro grupo terrorista musulmán, para obligar a una intervención de la onu y que haya ""refugiados"". los de acnur harían de lobbie para que vinieran el máximo número. atentos a esta jugada porque puede pasar en los próximos 10 años. imaginaos que nos meten a varios millones de marroquíes más en españa viviendo de paguitas y cometiendo miles de delitos diarios (violaciones, es la especialidad islámica). recordemos que todo esto es debido a que los musulmanes no son capaces de crear países estables y prósperos. das una piedra y te salen 20 grupos terroristas yihadistas en cualquier país musulmán. es su puto problema y no tenemos por qué aguantar sus putos problemas relacionados con su religión medieval. nosotros ya hicimos lo que tuvimos que hacer para separar religión de lo demás hace siglos. que lo hagan ellos ahora antes de pedir permiso para venir a europa.', 'en primer lugar, hablo de inmigrantes... cual consideras que es el colectivo al que pertenecen las personas que según tu fomento odiar? todos los habitantes del mundo que no sean españoles? en segundo lugar, creo que la recopilación de datos objetivos en si misma no puede considerarse tampoco delito de odio (pasando ya por alto que lo único que tienen en común todos los autores es que no son españoles). habrá que tener en consideración la finalidad, no? finalidad que es poner de manifiesto el numero elevado de delitos que vienen aparejados al incremento masivo de inmigración ilegal que llega a españa y no a la inmigración en general (de ahi que se recopilen solo datos a partir de 2018. antes tambien había inmigración, pero no la cantidad de inmigración ilegal que llega a españa desde 2018). en definitiva, el objetivo del hilo es señalar uno de los problemas de la inmigración incontrolada, como puede ser el riesgo para el mantenimiento del nivel de vida en españa tanto para inmigrantes como para nacionales, etc. en tercer lugar, entiendes que se les atribuye esta conducta delictiva a su origen ""no español""? porque creo que queda bastante claro en el op que se culpa a la falta de capacidad nacional para ofrecerles las condiciones necesarias para una correcta integración en la sociedad. de ahí que no pida un cierre total de fronteras, si no simplemente un control de la inmigración en el marco de la legalidad vigente...']"
0,471,0_pp_votar_políticos_voto,"['pp', 'votar', 'políticos', 'voto', 'izquierda', 'vox', 'partidos', 'psoe', 'podemos', 'derecha']","['pero vamos a ver, que coño dices? yo nunca he votado al pp. nunca. siempre a upyd y este ultimo año a ciudadanos la primera vez, la segunda no voté. y si pudiese elegir no quiero al pp ni en pintura. pero desde luego a quien no quiero en el poder es a un partido pro refugees, pro feminazis, anti español y demagogo. y no, no defiendo para nada al pp, son unos corruptos. solo te digo que los recortes que han metido, los tendrian que haber metido psoe, podemos o quien hubiese sido. te lo repito, mira syriza, el podemos griego. iban a ser los revolucionarios, llegaron al poder y....? y nada, no les dejaron hacer nada, y tuviero que hacer todo lo que tu asociarias a un malvado partido facha de derechas rancio. bajsr pensiones, recortes brutales por todos lados, etc. así que no me seas demagogo. sabes perfectamente lo que habria pasado de gobernar otro partido. lo mismo.que hablais como si gobernando psoe o podemos no hubiese habido recortes, no os lo creeis ni vosotros. yo si que siento lastima por tu lobotomizado cerebro, al que ya le han dicho por adelantado quienes son buenos y quienes malos. yo si llegase el dia que el pp mereciese la pena, les votaría, lo mismo con podemos. pero los que sois de ultraizquierda no vereis nunca que un partido con alguna idea de derechas sea digno para votarles. sectarismo lo llaman. y no voto a esos partidos residuales anti refugees y patriotas porque no me vale eso y que luego en lo demas sean unos cazurros. te repito, el sectarismo funcionará con vosotros. conmigo al menos no', 'ninguno. ni de lejos. y los que hay ""parecidos"" son marginales en todos sus aspectos e incluso contraproducentes. y por desgracia, hay quienes piensan que votar a partidos como el pp es un voto ""patriota"". ¡si el pp ha hecho más daño a españa que toda la izquierda junta! para mi el pp son igual de progres que el psoe o podemos. el sistema no va a permitir que un partido identitario, nacionalista, anticapitalista, asome la cabeza. al menos en españa. en otros países hay esperanza, pues su gente no es como la de españa, en otros países todavia tienen orgullo, sentimiento de pertenencia a un pueblo ancestral. hasta que en estos países no surjan con fuerza movimientos de este tipo, en españa no hay nada que hacer. lo que surja aquí será por la influencia de quienes lo hayan hecho primero en otros países. hoy en día españa es un pueblo endofobo, autodestructivo, cainita. españa, la nación, no tiene nada que ver con el estado español actual del pp-psoe-borbones. ni europa es la comunidad europea. europa es un pueblo, una cominidad, una cultura. de momento hay que empezar a entender nociones tan básicas.', 'porque el pp no es de derechas ni mierdas, es mas me hace gracia todos los que ponen podemitas, izmierdistas etc... si el pp es la misma mierda solo que se maquilla dando un pequeño ""toque"" de derechas igual que el psoe con su ""izquierda""... todos los partidos desde el pp a la izquierda son sistesmistas de mierda y todos los votos que caen desde el pp hasta podemos son mierdas del mismo sistema es como votar al mismo partido el cual los carroñeros se pegan pon enchufar a sus amigismos pero el resutado final es el mismo, que acabaremos en la mierda igual sea antes o después... resumen: votar a pp es votar a podemos']"
1,236,1_puta_cago_tomar culo_culo,"['puta', 'cago', 'tomar culo', 'culo', 'tomar', 'cago puta', 'hijo', 'hijo puta', 'puta madre', 'mierda']","['que se vaya a tomar por el culo', 'a tomar por culo los refujetas, a tomar por culo.', 'y si se va a tomar por culo?']"
2,135,2_noticias_noticia_medios_twitter,"['noticias', 'noticia', 'medios', 'twitter', 'ignorante', 'realidad', 'mentira', 'creen', 'foro', 'forocoches']","['claro, claro, ya se ve por dónde vas. ¿qué pasa, que si no lo publica el país no es verdad, mugroso? modo forocochero off. ahora, la realidad: se creen lo que casa con sus prejuicios. las historias son tan absurdas y tan chorras que hay que ser muy necio para abrir un hilo como éste creyéndote que vas abrir los ojos de aquéllos que se lo tragan todo. éstos son de los que te montan pesquisas, se leen sumarios de juicios y demás (se leen mis cojones toreros), fuman en pipa a lo sherlock holmes intentando ratificar la presunción de inocencia, garantes de los auténticos valores democráticos, y luego creen en una invasión de menas zombies violadores. yo lo digo y no me canso, si se creen que son distintos de las feminazis están peor de la cabeza de lo que creen. tienen el mismo retraso sectario. pero no les digas nada, que como ellas, reaccionan como perros rabiosos. yo no pierdo el tiempo, el retraso que sufren no se cura, habrán nacido en familias con escasa materia gris donde se perpetúan razonamientos absurdos. aquí los tienes, los garantes de la tradición y cultura europeas que no tienen ni zorra de razonamiento ni lógica. bonus: y luego se ríen de twitter. si son calcados con ideas opuestas. éstos sueñan con que las locas de twitter virasen su irracionalidad y estupidez hacia quien fc diga. si no es por lo que se diga en twitter, es porque no les dan la razón como a los tontos como se la dan otros usuarios en fc.', 'aún no te has dado cuenta que forocoches no es sitio para informarse? aquí se viene a desahogarse. puedes decir que has hecho un trio, que te mide 30 cm, que vox arreglaría españa, y demás tonterías. puedes echar bilis por cualquier tontería inventada, sin que nadie te diga nada, no como twitter. eso si, no digas que lees noticias aquí.', 'caso aislado fue creado por el usuario bezoya que spameaba constantemente abriendo hilos para redirigir el trafico de forocoches a su web de noticias. el modusoperandi era poner el titular de la noticia y si querías leerla ya tenías que visitar si o si su web. noticias a su vez que estaban muchas veces traducidas de medios ingleses de dudosa veracidad. cuando se vio que su intención era hacer dinero a costa de forocoches y abrió un hilo, según bitelchus, descojonandose de la pasta que ganaba fue reportado. después vinieron otros intentando copiar el modus operandi o bien podría ser el mismo usuario... diariopatriota y el último lnaciondigital. solo los que no conocen la historia siguen mirando esas fuentes de mierda.']"
3,133,3_gays_homosexuales_homosexual_matrimonio,"['gays', 'homosexuales', 'homosexual', 'matrimonio', 'homo', 'homófobo', 'partido', 'lobby', 'colectivo', 'homofobia']","['eso no es pasarse de tópicos gays?', 'a ver, acomplejados y gays reprimidos.', 'en 2005, año en el que se aprobó el matrimonio homosexual, mariano rajoy declaraba que el presidente del gobierno de por entonces, zapatero, quería ""hacer lo que no ha hecho nadie por esa manía de parecer moderno"" porque ""el matrimonio siempre ha sido una institución entre un hombre y una mujer"". a estas le sucedieron muchas más declaraciones de otras personas del partido popular que hicieron que, desde entonces, la derecha española fuera definida por sí misma y por los ojos de los españoles como la opción homófoba mientras que el psoe, aprobando el matrimonio igualitario, abanderaba la causa. cuando en 2011 le pregunté a carla antonelli sobre los gais de derechas yo, que me esperaba la típica respuesta bienqueda de ""yo respeto todo"", tuve que escuchar, entre otras cosas, que ""allá ellos y sus conciencias"". ¿cómo puede existir esa especie de homofobia dentro de la homosexualidad? nunca lo he entendido. siempre pensé que la aprobación de dicha ley respondió más a un triunfo de la sociedad que de un partido en particular, y me he sentido utilizado cuando el psoe ha mostrado ese logro con un rendimiento electoral, como si le debiéramos algo. lo hizo zapatero y también rubalcaba. la gota que colmó el vaso fue cuando vi a elena valenciano anunciada en grindr en la campaña de las europeas de 2014: su banner más bien bajaba la libido de quienes entraban en la aplicación. hace poco, pedro sánchez también recordó que los gais le debíamos el voto, cuando en un mitin se le fue la pinza y se puso a gritar que, entre otras cosas, su partido había logrado ""la ley del matrimonio entre personas del mismo sexo"". es cierto que hay que reconocerlo, pero yo no debo nada a nadie simplemente porque se haya hecho lo que se tenía que hacer. siempre he tenido la sensación de que lo hacían para asegurarse unos votos, sin más. desde entonces y en la sombra, los gais de derechas han estado bajo el estigma de ser unos incomprendidos, sistemáticamente rechazados y casi escondidos, para mí unos verdaderos antisistema. la izquierda no quiere que se sepa de su existencia y a la derecha aparentemente no le ha gustado que hayan estado incluidos entre sus filas, aunque parece ahora que la cosa está cambiando. no ha sido fácil encontrarlos: el reto era entrevistar a cinco chicos menores de 35 años y que se definieran abiertamente gais y de derechas. en el arduo trabajo para encontrarlos y convencerlos, llamé un par de veces a prensa del partido popular. en la última conversación, la persona que se encontraba hablándome desde génova 13 me dijo, en resumidas cuentas, que no me podían ayudar y que lo que podía hacer era salir a la calle e ir preguntando a los que pasaran. en serio, me dijeron eso. evidentemente no lo hice y, tras un largo y complejo trabajo de contactos, aquí tenéis sus entrevistas. no hay nada imposible. luis. lleva desde los 16 años afiliado al partido popular luis, 26 años. trabaja en una consultoría. lleva desde los dieciséis años afiliado al partido popular. en el orgullo gay del 2015 fue el creador del polémico hashtag #yosoygayydelpp. vice: ¿por qué eres de derechas? luis: bueno, de derechas... yo creo que ese término es muy contundente... yo más bien me defino de centro-derecha liberal. simpatizo sobre todo con el partido popular porque es un partido muy amplio y las políticas que desde ahí se llevan a cabo están centradas en la persona, en la libertad del individuo, no un gobierno o un estado que te tiene que decir todo lo que tienes que hacer. ¿supiste antes que eras de derechas o que eras homosexual? yo nací en 1989 y ya con cinco años me gustaban los chicos. aquí estamos hablando de los mediados de los noventa en españa y yo crecí en un ambiente conservador, clásico y el hecho de ser homosexual estaba muy mal visto, no se aceptaba... pero yo era muy ignorante de todo eso. en la adolescencia ya vi cómo en la sociedad eso no estaba aceptado y yo no se lo dije a nadie. a partir de los trece años, que es cuando me empezó a gustar la política, supe de forma clara mi línea ideológica. y cuando lo tuviste claro, sabiendo que eras gay, ¿no entraron en conflicto ambas cosas? no es un contrasentido porque, digamos, es como un tema tabú también en la izquierda: yo tengo muchos amigos de izquierdas y es tabú al mismo nivel. en mi caso, no entra en conflicto hasta que llego a la universidad con dieciocho años... la sociedad española ha cambiado radicalmente en los últimos quince años. mi partido es muy grande y hay gente muy conservadora y otra gente que es más de centro-derecha liberal. yo nunca, y llevo afiliado desde los 16 años, he tenido con nadie ningún problema cuando han sabido que era homosexual. ¿lo has dicho de forma pública? a los diecinueve años ya empezó a ser público y notorio. antes no porque, simplemente, no ibas diciendo ""hola, soy luis, soy gay""... no. no se trataba y ya está pero, de todas maneras, no había necesidad. sólo que llegas a una edad en la que te relacionas con muchísima gente y al final se va sabiendo y ya está, con total naturalidad. me atrevo a decir que el 60, el 70% o incluso más de los chicos de nuevas generaciones de madrid son gais. la realidad es así porque la conozco yo desde dentro']"
4,130,4_ugt_sitio_fuente_ay,"['ugt', 'sitio', 'fuente', 'ay', 'pole', 'mariquita', 'muerto', 'xd', 'gentuza', 'op']","['ugt máxima fiabilidad', 'ugt-qw.', 'fuente: de marisco >ugt']"
5,111,5_pais_familia_puto pais_niña,"['pais', 'familia', 'puto pais', 'niña', 'padres', 'hijos', 'feliz', 'puto', 'vuelta', 'hija']","['las chorradas que una tiene que leer. uno, el dr money siempre fue un cabrón manipulador. dos, el asunto de david reimer viene de un error médico hecho (porque es muy raro una operación a tan corta edad)probablemente por padres judíos que hicieron a los 2 gemelos, una circuncisión con 3 añitos de edad. en el caso de david sale mal y pierde cierta parte de su cuerpo. aparece el cerdo del dr money para aprovechar las circunstancias de los padres y del chaval... y les vende una solución mágica. a los padres. hacerle pasar como ""brenda"" porque en un error médico anterior le amputaron el pene a david reimer, probablemente porque sus padres eran judíos(el apellido reimer es judío y es muy rarito operar a niños a los 3 años de edad, salvo que fuese una operación de fimosis que en determinadas épocas estaba de moda a corta edad, es más probable que fuera por que fueran judíos) este caso que se utiliza para ""atacar a las personas trans"" es justamente a la inversa. imponer a alguien su ""identidad"" por encima de su propia forma de entenderla, es lo que es criminal y es lo que hicieron por manipulación(los padres del mismo) y el cabrón del dr money por buscar ""rating"" y valoracion profesional. curiosamente los ""antitrans"" lo cuentan cómo si fuese una ""manipulación"" por parte de las personas trans... luego lo de recordar que a las personas intersexuales(alias hermafroditas, alias personas con características de ambos sexos) se les ha operado desde pequeñitos para ""asignarles el género adecuado para meterles en la ""categoría"" hombre/mujer(cosa que se sigue haciendo en algunos países) es algo que no hablan los payasos aquí presentes. lo de recordar que lo de la ""identidad"" es algo que también tiene que ver con las personas intersexuales, alias hermafroditas, alias personas con características de ambos géneros exactamente igual que a las personas trans, es un hecho que se les olvida a la mayoría de los patanes aquí presentes. luego os contáis chorradas de que lo ""trans"" es un fenómeno posmoderno cuando hijras o muxes están desde hace milenios. cuando hay esqueletos de personas de un ""sexo"" enterradas ritualmente como miembros del otro género en la prehistoria. que hay numerosísimos ejemplos en la historia de personas trans y no somos ningún fenómeno posmoderno por muchas historias de ficción que os queráis contar. y luego utilizáis este caso para ""malmeter"" cuando nos da la razón para variar, que imponer la identidad por encima de la propia persona es algo nocivo y tóxico... pero curiosamente lo contáis como si ""fuese la obsesión identitaria"" algo posmoderno o reciente. lo reciente son las operaciones de reasignación de género como tales, las personas que han ""vivido"" fuera de su género de nacimiento las hay, con bastantes ejemplos en la historia en muchos contextos. sólo hay que hablar de la monja alferez(un chico trans)[que fue un ""conquistador"" en la época de conquista en las américas] o margarida borras una mujer trans, asesinada en 1460 antes del nacimiento de la inquisición son 2 ejemplos históricos de ello.', 'yo lo devolvia a su puto pais.', 'a su puto pais a que lo acribillen']"
6,104,6_inmigración_delincuencia_ilegal_delincuentes,"['inmigración', 'delincuencia', 'ilegal', 'delincuentes', 'problema', 'inmigrantes', 'fronteras', 'inmigracion', 'inmigrante', 'barrios']","['es incorrecto, el problema de la delincuencia no se deriva de la inmigración en sí, sino del tipo de inmigrante.', 'hola, oigo muchas quejas entre mis familiares y amigos por todo el tema de la inmigracion como por ejemplo 1-""con el paro que hay no se porque ibamos a aceptar inmigrantes"" 2-""es una aberracion que con las necesidades que hay en el pais se den paguitas a los de fuera"" 3-""son todos unos delincuentes, la mayoria de violaciones/delitos las cometen rumanos,panchitos o magrebies"". pues bien, os doy mi opinion de todo esto planteando primero el problema por el cual la inmigracion no es un problema, si no la solución. españa tiene un problema grandisimo que es el envejecemiento de su población, la piramide poblacional es insostenible ya que dentro de poco cuando se jubilen todos los que nacieron en el baby boom (1950-1970) vamos a ser muy poca poblacion activa respecto al numero de pensionistas que se multiplica cada año que pasa. este problema tiene 2 posibles soluciones, 1.- tener hijos a mansalva: muy dificil, el español medio no esta por la labor de tener hijos y esto pese a todos los esfuerzos que se hagan no parece que vaya a mejorar mucho. 2.- traer poblacion activa de fuera (inmigracion): es barato (como lo oyen, es baratisimo) traerte a una persona de 20 años de fuera cuyos costes de educacion y sanitarios han sido pagados por otro gobierno y es una ventaja que esa persona ahora este dispuesta a trabajar para ti ahora voy a hablar sobre las 3 quejas mencionadas al principio por la mayoria de españolitos. 1. paro: una vez la persona que viene de fuera se mete en la rueda de trabajo/consumo, es decir empieza a trabajar y empieza a consumir las necesidades de españa aumentan, los supermercados venden mas, se alquilan mas pisos, se apuntan mas jovenes a las escuelas, se utilizan mas vehiculos, es decir se crea mas empleo. el aumento de la inmigracion no supone aumento del paro siempre y cuando la persona que viene de fuera pueda empezar a trabajar, y yo os digo que una persona que viene de fuera(si habla el idioma como losp anchitos) lo tiene muy muy facil para empezar a trabajar en hosteleria/cuidado de ancianos y varias cosas mas. 2. las paguitas. los costes de tener un bebe para el estado son altisimos (gastos sanitarios y educacion). es decir, cuando el español medio dice, ""yo que soy español que me den la paguita a mi"". amigo mio a ti te han dado la paguita desde que naciste hijo de puta, el estado te ha proporcionado todo lo que necesitabas para crecer y nos has costado muchisimo a todos, por tanto, alguien que viene de fuera y que no ha costado nada tambien tiene derecho a recibir un dinero para poder adaptarse, integrarse y convertirse cuanto antes en una persona util para todos. 3. delincuencia. los delitos no se cometen por ser de aqui o alla, se cometen por falta de integracion y condicion socioeconomica. en el estrato socioeconomico mas bajo es donde se cometen la mayoria de los delitos, y la mayoria de personas en el estrato socioeconomico bajo son personas extranjeras sin recursos. las personas ricas y con nivel de educacion en colombia, peru, bolivia, marruecos, etc... no cometen delitos. pero las personas de muy bajo nivel adquisitivo de esos paises que tenemos aqui si las cometen, por tanto lo que quiero decir es que aunque es obvio que si vienen aqui sin recursos es muy probable que acaben delinquiendo, la solucion a este problema es mas integración y no agitar la xenofobia porque eso no va a solucionar nada. y dicho esto, abro paraguas. ni soy mugremita ni si quiera me considero muy de zquierdas, pero intento tener una vision practica de los temas y alejarme de lo que dice la borregada. a ver que opinais, saludos', 'resumen: hay moros delincuentes y moros totalmente legales y trabajadores. abrir fronteras supone dejar pasar tanto a delincuentes como a los buenos inmigrantes. echarlos a todos y cerrar fronteras supone echar tanto a delincuentes como buena gente. ¿por qué no echamos directamente y sin rodeos a todo aquel que cometa un delito y dejamos en paz a aquellos que cotizan y trabajan como buena gente que son? pues más o menos lo que estoy viendo en twitter, forocoches y otras redes sociales, viene a ser dos puntos de vista contrarios; el primero es algo progresista, en el que se exculpa a la religión islámica del terrorismo, y viene a apoyar que la inmigración musulmana residente en europa no supone ningún problema e incluso es positiva. el segundo es algo mayoritario aquí en forocoches, pero minoritario en twitter por ejemplo, y es la opinión generalizada que culpa a los musulmanes y a su religión de lo sucedido y ve la inmigración como un problema, pretenden echarlos a todos. habrán opiniones más moderadas que otras por supuesto. mi punto de vista es algo diferente a estos y quiero comentaros algunos aspectos porque creo que tengo una conclusión con la que puedo aportar algo de sensatez al tema. me baso en mis experiencias con moros aquí en españa, vivo en un pueblo que hay más población musulmana de lo normal, y algún trato tengo con ellos de vez en cuando. mi opinión hacia ellos viene a ser la siguiente: creo cierto que hay mayor porcentaje de delincuentes inmigrantes que de delincuentes españoles, y lo digo por una percepción experimental, no he hecho ningún estudio, pero veo como me comentan conocidos que unos moros les han robado (normalmente son gitanos)... a mi padre le robó una furgoneta un moro también, y creo que negar que muchos vienen con algún problema de conducta cívica es una actitud ciega hacia la realidad. personalmente no entiendo del todo por que hay tantos inmigrantes delincuentes, supondré que son mentalidades diferentes y no siempre podemos entender su pensamiento. no quiero reflexionar por qué roban más, si eso comentadlo vosotros shurs ahora después. por otro lado, hay otros individuos musulmanes que tienen otra actitud muy diferente a todos esos musulmanes delincuentes, de hecho la actitud más solidaria que han tenido hacia mi, viene de una musulmana! una vez me quedé con mi padre tirado en un pueblo porque al coche se le jodió la batería y no tenía ni pasta, y salió una mujer marroquí de su casa con 2 baterías de coche y me dijo, toma, llévatelas, en poder me las devuelves, y todo eso mientras los españoles se quedaban mirando con cara de langostinos. también he tenido amigos marroquíes, y buena gente todos ellos, humildes, y difícilmente me creo que un día pillen un ak-47 y se pongan a masacrar gente. definitivamente, considero que ese segundo tipo de musulmanes, trabajadores y respetuosos no suponen ningún problema a este país, y sinceramente se me caería el alma de ver que le digan a la mujer que me dió la batería, vete del país, sobras. de verdad, muchos diréis que soy muy considerado con esta gente y que son unos delincuentes todos y tal... eso será porque solo habréis tratado con los moros que son unos delincuentes, que es verdad que son bastantes, pero por eso no se puede castigar a gente que sabe comportarse y respetar. dicho esto, considero que la respuesta política en europa o españa no debe ser la que veo que propone la mayoría, ni abrir fronteras a todo el mundo porque eso supone abrir el paso libre a mafias y delincuentes, pero tampoco cerrarlas y echar a todos los moros. me suenan hasta utópicas esas dos propuestas y ciertamente creo que se van a ver esas dos políticas en europa; mientras en francia puede que gane le pen, veremos como se echa a millones de inmigrantes y se blindan fronteras, y en españa lo contrario si gana iglesias, veremos como abre la frontera tal cual y eso puede ser muy peligroso, y más cuando este país tiende a ser cada día más inseguro desde hace 3 décadas... ante este panorama, ¿no sería más sensato endurecer la ley y deportar a todo delincuente? los musulmanes que comenten actos terroristas tienen todos en común unos antecedentes delictivos, o cómo estos de ayer, han estado en algún ejército yihadista o algo por el estilo. simplemente, a todo inmigrante que cometa un delito, cometa un robo superior a un valor sensato o trafique con droga, pues se le deporta y a tomar por culo, nada de cárcel, (que al final entran y salen constantemente). así tendríamos fuera a todos esos mierdas que se dedican a delinquir, y los progres podrían tener razón por una vez respecto a que los inmigrantes no son problema, y los ""fachas"" no tendrían de qué quejarse ya.']"
7,103,7_alemania_pire_merkel_amigos,"['alemania', 'pire', 'merkel', 'amigos', 'irse', 'ayudas', 'puta', 'pais', 'él', 'casa']","['pues mejor, que se vaya a emirato de alemania', 'qque se vaya a alemania', 'esto demuestra que en alemania son unos o parguelas']"
8,83,8_barco_ong_costa_tráfico,"['barco', 'ong', 'costa', 'tráfico', 'mafia', 'mar', 'patera', 'seguro', 'ongs', 'dejan']","['la policía de fronteras italiana ha grabado como los inmigrantes vienen en barco y cuando este ve que el barco de open arms esta cerca los coloca en una patera para las fotos de los medios', 'los llevan en barco, cuando estan cerca de la costa los meten a una patera para que tengan que rescatarlos pq ""pobrecitos que se ahogan, como habran llegado hasta aqui, una semana en alta mar en esa barquita..."" pero para ti lo importante es que esa vez no cazaron a ninguna ong, cuando a diario van a las costas de libia a traer inmigrantes. este video es una muestra mas de la pantomima de las pateras y de como nos estan tratando de gilipollas.', 'lo que no desmienten es que les llevaron en un barco grande hasta cerca de lampedusa y allí los metieron en la patera ya con su salvavidas y todo. si eso no es tráfico de personas...']"
9,82,9_leer_sitio_pillo_pillo sitio,"['leer', 'sitio', 'pillo', 'pillo sitio', 'internet', 'leído', 'he leído', 'leido', 'has', 'suficiente']","['pillo sitio para leer con calma', 'pillo sitio para leer con calma', 'pillo sitio para leer con más calma. 5 stars']"
10,80,10_ok_sí_acuerdo_100,"['ok', 'sí', 'acuerdo', '100', 'correcto', 'opino', 'cierto', 'quedo', 'totalmente acuerdo', 'totalmente']","['ok bb.', 'ok', 'ok.']"
11,75,11_dinero_cobran_euros_empadronarse,"['dinero', 'cobran', 'euros', 'empadronarse', 'irpf', 'paguita', 'mañana', 'pagado', '300', 'mes']","['12 millones de euros na mas? no pasa nada, dinero infinito para los follamoros, ya me levanto yo mañana a trabajar a las 5 de la mañana', 'resumen: dinero, dinero, dinero, dinero!!!!!!!!!!! más dinero!!!!!!!!!!!!! queremos dinero!!!!!!!!!!!!!!!!', 'dinero, dinero, dinero, aprende algo dinero!!!!']"
12,73,12_musulmanes_islam_religión_irak,"['musulmanes', 'islam', 'religión', 'irak', 'guerra', 'musulmana', 'eeuu', 'tras', 'armas', 'atentados']","['¿y los musulmanes?', 'venga, va. expliquémoslo una vez más. uno es islamófobo no por racismo, como los islamofilicos quieren hacer creer a todo el mundo, sino porque el islam, su religión ""del amor"", básicamente les convierte en máquinas de matar ""infieles"" (y se es infiel incluso siendo musulmán, simplemente por el hecho de pertenecer a una rama distinta del propio islam). lo pone en su corán, pero como lo he puesto ya tantas veces, como que paso de ponerlo más. por tanto, cuando un musulman llega a un país católico o ateo, se monta su peli y se convierte en una persona maleducada, protestona, replicadora, e, incluso y si mi apurais, delincuente. exige todo lo que puede, y si aun así no consigue lo que quiere, usa la violencia. cuando un español sale, se adapta a las normas del país. si un español emigra a inglaterra, lo primero que va a hacer es tratar de aprender el idioma. y luego, buscarse un curro. cuando un musulman llega, lo primero que hace es irse a la ong de turno a pedir todo lo que pueda conseguir. y lo de trabajar, que lo hagan los romanos, que tienen el pecho de lata. eso si, a tener muchos críos, que así nos dan más ayudas. lo del idioma y esas cosas... bueno, que se adapten ellos a nosotros, que para eso les honro con mi estancia aqui. ¿ya? ¿queda explicado? vamos con esas estadísticas que pones, pues. 1) el numero de inmigrantes se ha reducido. básicamente, porque ya no queda para las paguitas. como ya no consiguen todo lo que quieren, o no vienen o se van (prefieren alemania. o suecia). aparte, las nuevas normas, un poco -no mucho- mas justas para todos, les dejan fuera. ¿que voy a cobrar la paguita, pero la pierdo si me voy de vacaciones a mi país? ¡anda! rasistas, que sois unos rasistas. 2) los refugiados son, en realidad, gente que viene a ver qué saca. familias dice... cuando los españoles huíamos de la guerra, no atravesábamos medio mundo escogiendo el país en el que más ayudas nos dieran. nos ibamos donde podiamos, normalmente a francia que era el país que nos pillaba más cerca. cuando los alemanes invadieron francia y cogian a los españoles y se los daban a los franquistas para que los fusilaran, entonces haciamos por irnos más lejos. ¿que hacen los de siria? se atraviesan media europa para ir a los países donde les dan mejores paguitas. ¿te pongo el mapa? eso no es ser refugiado. eso es tener la cara como el hormigón armado de dura. y fijate de no hablo de los que vienen ""entre medio"" de los ""refugiados""... 3) si. nos vamos. ¿sabes porqué? a tiene un taller de reparación de coches. b trabaja para a. es español, curra sus ocho horitas (por ley) y cobra 1000 pavos al mes. a le da la patada a b. y mete a c y a d, musulmanes, que no van a currar ocho horas, sino doce, y con los 1000 pavos que le pagaba a b, no solo paga a c y a d, sino que encima se ahorra 200 pavitos (los de la ss, que total, pa tener a estos dos, pa que pagarla...). o sea, 200 pavos de ahorro, y más del doble de rendimiento, con lo que los beneficios también son más altos. ¿que le queda a b? pirarse... porque aqui, c y d, y todos los que son como ellos, han jodido el mercado de trabajo. ¿y te explico porque pasa eso? porque b no tiene una puta ayuda. c y d, aunque solo cobran 400 al mes, se lo pueden ahorrar integro, porque la luz, el agua, el gas y el alquiler se lo paga la ong; la comida se la paga el ayuntamiento, como la escolarización de los niños y hasta las actividades extraescolares. y tachán, aqui tienes porque no queremos ni un solo inmigrante. ahora... si vienes aqui, te dejas la pasta montando tu negociete, cotizas a la ss y pagas tu irpf; si te quitas el pañuelito cuando se te dice que te lo quites; si no me intentas imponer por la fuerza tu religión y tus costumbres... es decir, si haces como un español que emigra al extranjero, bienvenido seas. pero como no hay ni un solo caso asi... pues nada. puerta. ni islamofobia, ni ostias. adaptate. ¿no? pa tu puta casa. ¿si? al fondo a la derecha queda un sitio. hale!', 'el origen del problema: afganistán. todo empezó con la guerra de afganistán de 1978. un antes una revolución espontánea contra un régimen totalmente impopular sorprendió tanto a la urss como a eeuu. la guerra de vietnam todavía estaba fresca en la memoria y la dinámica de la guerra fría continuaba. guerras civiles con facciones pagadas por uno u otro bando existían en todo el globo. con afganistán no hubo excepción. poco después del triunfo de la revolución, eeuu pagó a los rebeldes del nuevo gobierno , los conocidos como muyahidines. entre ellos estaban bin laden y algunos aún más sangrientos, como gulbudin hekmatiar. el resultado es de todos conocido. este es un artículo de un periódico americano alabando a bin laden esto era afganistán en 1978, durante el nuevo gobierno esto es afganistán hoy en día. tras la retirada de la urss, los talibanes tomaron el poder. la invasión estadounidense impuso un nuevo presidente en el gobierno, hamid karzai, acusado de corrupción y fraude, que duró hasta 2014, siendo sustituído brevemente por otros candidatos y luego siendo reelegido y el año pasado sustituído por un residente en eeuu y antiguo empleado del banco mundial que fue su ministro de economía, asharf ghani ahmadzai . irak al año siguiente de la invasión soviética de afganistán, en 1979, saddam hussein se hacía con el poder en irak. al año siguiente iniciaba una guerra con irán con apoyo occidental. compañías americanas fabricaron armas químicas para irak y a irán se le vendieron armas para financiar las contras nicaragüenses anticomunistas. negocio redondo. cuando terminó la guerra de irán-irak y se invadió a kuwait, proveedor de petróleo, saddam ya se convirtió en un problema y comenzó la guerra del golfo con unas 5000 víctimas civiles. los años de posguerra fueron duros para irak. sanciones, embargos y bombardeos periódicos por parte de la otan lo dejaron arruinado. después del 11-s, acusado de tener armas de destrucción masiva (acusación que se demostró falsa), se invadió irak. tras la ocupación occidental, pasó a ser la base del ei (recordemos que al-baghdadi es iraquí) y a tener atentados y secuestros casi a diario. hoy en día casi un tercio del país y una de sus ciudades más importantes (mosul) son parte del ei. libia cuando surgieron como por arte de magia ""revoluciones populares"" por todo el norte de áfrica, gadafi fue un objetivo importante. ya había tenido sus más y sus menos con eeuu (bombardearon trípoli en 1986 acusando a gadafi de patrocinar atentados) pero esta vez llegó el momento de quitarlo del medio. gadafi era muy popular en europa. en españa recibió regalos, comió con los reyes y fue recibido por el presidente . pagó la campaña de sarkozy. gadafi había conseguido que libia fuese el país africano con más pib e idh. durante la ""primavera árabe"" se estableció una zona de exclusión aérea para evitar respuesta armada del gobierno y se armó a los rebeldes libios , a los que se reconoció como gobierno legítimo . a gadafi se le ejecutó como un perro y sin derecho a un juicio justo. hasta human rights watch protestó por esto. tras estes sucesos libia se descompuso. hubo una guerra civil y anarquía que dura hasta hoy. varias facciones se pelean por lo que queda, entre ellas el estado islámico. más de la mitad de libia y sus pozos de petróleo están en manos de islamistas. muchos refugiados provienen de este país. ¿dónde estaban con gadafi?. nuevamente cuando se aborda el drama de los refugiados se olvida lo anterior. egipto tras las protestas egipcias, mubarak renunció al poder. se celebraron unas elecciones que dieron la victoria a mohamed morsi de los hermanos musulmanes (islamistas moderados). al poco rato, un golpe de estado militar las declaró nulas, condenó a muerte a varios cientos de integrantes del partido, incluyendo a morsi y estableció una dictadura como la de mubarak, que fue absuelto en un juicio después de haber sido condenado en otro. se volvió al punto de partida. curiosamente apenas hubo nadie que se opusiese en europa al golpe de estado y apenas se habla de ello. de hecho, fue recibido en españa y eeuu reanudó la ayuda militar a egipto. siria algo parecido a libia. tras las protestas contra al-asad (con también muestras de apoyo por parte de la población), se iniciaron las hostilidades. nuevamente se pagó a los rebeldes (que volvían a ser demócratas de toda la vida, hasta que fue imposible seguirlos presentando así), y se esperó que la ayuda cambiase la guerra , estabilizada por el ejército sirio partidario de al-asad, laico y panarabista del partido baaz, como saddam y parecido a gadafi. el resultado vuelve a ser conocido. siria se convirtió en la base más importante del estado islámico, que sólo comenzo a ser conocido cuando se volvió demasiado poderoso (gracias a la ayuda extranjera en la zona). la guerra sigue estancada y siria es el principal origen de refugiados . creo que el próximo problema va a estar en turquía. se están armando a los kurdos que son del pkk (considerado terrorista por la ue y eeuu) y ya ha habido problemas . turquía ya ha bombardeado el kurdistán. ¿tendremos una nueva guerra a nuestras puertas?. todo esto se omite cuando se habla de atentados islamistas o refugiados pidiendo asilo. la intervención occidental ha hecho mucho más daño que la no-intervención. pero claro, esta es una verdad incómoda que nadie quiere reconocer. oriente próximo se desangrará durante el tiempo que a occidente le venga en gana mientras pueda expoliarlo. todo lo demás son daños colaterales para ellos. la vergüenza de los periódicos apoyando a los rebeldes para luego denostarlos, las armas entregadas usadas contra nuestra población (atentados) y la gente que huye de las zonas de combate antes prósperas... es todo culpa de los que han organizado todo esto. la otan y el capital. basta con recordar un poco lo que ha pasado para que cualquiera pueda ver esto.']"
13,70,13_español_españa_esperaba más_españoles,"['español', 'españa', 'esperaba más', 'españoles', 'esperaba más españa', 'esperaba', 'más españa', 'bueno', 'último', 'ojalá']","['vaya, veo que los giliprogres que venian con el esta sacado de contexto... o el que decia que será cosa del traductor....se tienen que meter la lengua en el culo. el muy subnormal tendría que estar besando suelo español y cuando le preguntan viene y dice ""que esperaba más"".', 'yo también esperaba más de españa, pero por lo que se ve no se puede echar a patadas a esta escoria', 'si esperaba más de españa debería haberse inventado una historia más gorda todavía. no me creo una mierda de lo que cuenta más que nada porque se ve a leguas que está mintiendo.']"
14,69,14_pensiones_gasto_seguridad_social,"['pensiones', 'gasto', 'seguridad', 'social', 'inmigrantes', 'sanidad', '10', 'reciben', 'ayudas', 'inmigrante']","['1 mena = 10 pensiones garantizadas y pagadas estamos arreglando el problema de las pensiones shur.', 'no está contando eso la cosa es tan sencilla como que dice que el 5% de la seguridad social es aportada por ellos y de gastos solo cuenta las pensiones obviamente la mayoría de inmigrantes no tienen edad de jubilación, cobran otras ayudas y se benefician de la sanidad la educación, pero no de las pensiones', 'lo mejor que he leido: los inmigrantes no quitan el trabajo ni bajan los sueldos falso. los trabajadores inmigrantes se encuentran más dispuestos a trabajar por peores sueldos y condiciones de trabajo (conforme los inmigrantes entran a una ocupación, los salarios bajan”. george borjas. universidad de harvard), motivo por el cual son tan apreciados por la patronal y empresarios sin escrúpulos, además al cobrar muchos de ellos algún tipo de subsidio, pueden permitirse trabajar en negro mientras aparecen en las estadísticas como parados. a causa de esto, españa fue el único país de la ocde en el que se produjo un retroceso del poder adquisitivo, con una bajada salarial del 4% entre 1997 y 2007, pese al boom económico sucedido entonces. carlos martín, economista del gabinete técnico de ccoo, refiriéndose a los inmigrantes observaba que “hemos creado una gran bolsa de trabajadores mal remunerados y en situación precaria que podría ser muy difícil de reubicar cuando el ciclo se enfríe”. no es normal que en uno de los países más turísticos del mundo, como lo es españa, y por tanto con un importante sector hostelero, jóvenes vayan a fregar platos a londres viviendo en un piso compartido cuando en su misma ciudad hay puestos de trabajo de hostelería, en su mayoría copados por inmigrantes. algo que olvida la gente es que antes de la llegada de inmigración masiva esos puestos de trabajo lo solían ocupar gente sin estudios y en vacaciones los estudiantes ¿es que acaso antes los pinchos de tortilla llegaban volando a la mesa o los portales se limpiaban solos? con la llegada de la inmigración y la ocupación de estos puestos de trabajo por inmigrantes, se ha condenado a toda esta gente a sufrir un empeoramiento salarial y de las condiciones de trabajo en el mejor de los casos, y al paro (especialmente grave entre los jóvenes) en el peor. este grueso de población inmigrante forma en gran parte lo que en términos marxistas es el ejército industrial de reserva, un número permanente de desempleados, según marx necesario para el funcionamiento del sistema de producción capitalista, de forma que al mantener de forma estructural mayor la demanda respecto a la oferta de trabajo, los capitalistas tienen cogida la sartén por el mango a la hora de imponer sus condiciones laborales, ya que al trabajador no le quedará otra opción que aceptarla porque si no lo hace habrá detrás un ejército de reserva de parados dispuestos a tomar el trabajo. el economista santiago niño becerra, refiriéndose a la situación actual española, opina que “si toda la inmigración se fuera, la tasa de paro bajaría en 10 puntos”. los inmigrantes no colapsan la sanidad falso. después de una década de propaganda la opinión más extendida es que los inmigrantes consumen menos recursos sanitarios al ser su población más joven que la española, lo cual es cierto, si bien omite que estos inmigrantes envejecerán y el gasto medio a lo largo de su vida será el mismo que el de un español, y también que su alta natalidad hace que gasten más en sanidad (los niños requieren de mayor atención médica), en comparación con la baja natalidad de los españoles. además, como veremos más adelante, el gasto que ocasionan no se compensa con su contribución en forma de impuestos. sin hacer una distinción entre españoles e inmigrantes, tenemos que el gasto sanitario por habitante es de 1.329 euros, lo cual para una población estimada de 8.200.000 inmigrantes más descendientes en 2013 nos da un gasto aproximado de 10.898 millones de euros. conviene mencionar también el hecho de que la inmigración ha hecho resurgir enfermedades que estaban del todo o prácticamente erradicadas. los inmigrantes aportan más de lo que reciben falso. a datos del 2006, incluso en pleno crecimiento económico, con la tasa más alta de ocupación y en madrid, una de las la comunidades autónomas con menor tasa de paro, una investigación impulsada por la consejería de economía e innovación tecnológica que dirigía fernando merry del val y la de inmigración de lucía figar ponía de manifiesto que “desde un punto de vista cuantitativo, el aporte fiscal que realizan los inmigrantes es exiguo”, “cada inmigrante paga una media anual de 1.468 euros en concepto de irpf, iva y cotizaciones a la seguridad social. mientras que sus gastos en servicios sociales, sanidad y educación ascienden a 2.097. por lo tanto, cada extranjero genera un saldo negativo de 629 euros anuales a las arcas públicas."" otras observaciones del estudio remarcan como en ese mismo año, la población inmigrante en madrid representaba el 12,1% del total, sin embargo, consumía el 46% de la factura en programas sociales de la comunidad, y siendo el 12% de los afiliados a la seguridad social, sus cotizaciones apenas llegaban al 6% en la actualidad, como es de suponer, la situación se ha agravado hasta límites insospechados. a datos de 2010, de los 7 millones de inmigrantes censados, solo 1.8 millón de ellos trabaja y contribuye a las arcas públicas. ¿de qué viven los otros 5 millones, que además siguen manteniendo una natalidad disparada? de las mismas subvenciones, trabajando en negro o ambas. los inmigrantes no aumentan la delincuencia falso. según el real instituto elcano: “la percepción de que un creciente porcentaje de los delitos perpetrados en españa es obra de delincuentes extranjeros resulta confirmada por los datos policiales, judiciales, y penitenciarios disponibles: la tasa de delincuencia de los residentes extranjeros es mayor que la de los autóctonos, tanto en españa como en otros países europeos."" entre 2000 y 2009, la población reclusa se ha disparado un 70% en españa, mientras que desde el 1 de enero de 2000 los internos españoles sólo han crecido en 10.700 personas (un 29%), los extranjeros lo han hecho en 18.100 (un 228%). es decir, que en estos años, de cada diez personas que han ingresado en la cárcel, seis eran inmigrantes. en 2009 en las 87 prisiones españolas había 75.212 reclusos (datos a 3 de abril), de los que 25.966, el 35%, no habían nacido en españa. las cárceles españolas albergan presos de más de 80 nacionalidades, siendo los más numerosos, en este orden, marroquíes, colombianos, argelinos y rumanos, que han crecido un 150% en cinco años. teniendo en cuenta que cada preso cuesta 78,2943 euros por día al estado, y que en 2009 había 25.966 de ellos nacidos fuera de nuestro país, esto implicó un gasto anual de más de 742 millones de euros, además de otros costes no económicos como las agresiones, las violaciones, la gente que han matado, la inseguridad y el miedo generalizado en muchos barrios y pueblos anteriormente seguros. la multiculturalidad es enriquecedora ¿para quién? para el empresario y el político sin duda lo es, como ya hemos visto. pero para el ciudadano de a pie, nada más lejos de la realidad. según un estudio de robert d. putnam, especialista en ciencias políticas y profesor de políticas públicas en la universidad de harvard, a mayor diversidad étnica del grupo que nos rodea en nuestro barrio, menos confiamos en nadie, incluyendo a las personas que se parecen a nosotros. las comunidades con mayor diversidad tienden a ser más grandes, tener un mayor diferencial en los ingresos (más brecha entre ricos y pobres), mayores tasas de criminalidad, y más movilidad entre sus habitantes (tienden a mudarse más).']"
15,66,15_puto país_país_puto_país mierda,"['puto país', 'país', 'puto', 'país mierda', 'hijo puta', 'puta', 'vuelta', 'hijo', 'vuelva', 'mierda']","['que se vuelva a su puto país.', 'que lo devuelvan a su puto país en una caja de pino.', 'que se vaya a su puto país y que le matengan allí a bombazos, hijo de puta']"
16,65,16_padres_adoctrinamiento_colegio_cursos,"['padres', 'adoctrinamiento', 'colegio', 'cursos', 'clases', 'educación', 'debe', 'meterse', 'aprender', 'hijos']","['en contra...no por los contenidos, sino porque el puto estado no debe entrometerse en la formación moral de sus ciudadanos y de ser así, los padres deben estar informados y totalmente de acuerdo. es igual a la clase de religión, cuando estaba en el instituto público tus padres tenían que autorizar que hicieras está clase o historia de las religiones. pues lo mismo. de la educación moral de mis hijos me encargo yo y el estado no debe meter las narices.', 'la educación es de los padres, el colegio no está adoctrinar ni lgtbipollas ni religión ni mierdas, que creen escuelas progres como hacen los curas.... y que los padres los lleven voluntariamene', 'vamos, que solo porque tiene en el nombre lgtb ya estás a favor. que en esas clases se digan lindezas como que las asociaciones de padres por la custodia compartida son maltratadores, o que todo cristo debe ser feminista, ya lo dejamos para otro día. además, ¿qué coño tiene que ver eso con la función de una escuela, que es instruir al alumno para no ser un analfabeto? ¿hacemos clases también de economía a cargo del juan de mariana? ¿y clases de ecología a cargo de la asociación española de caza? ah, no, que eso es adoctrinamiento, dirás. pero que venga una charo pelo lila o un maricón con el carnet de la psoe en la boca a pastorear políticamente a menores de edad está perfecto. cuánto mermao hay en españa, por favor.']"
17,62,17_somos_hemos_gilipollas_nosotros,"['somos', 'hemos', 'gilipollas', 'nosotros', 'tenemos', 'problemas', 'pinta', 'problema', 'vecino', 'piensa']","['nos hemos librado de ese problema gordo?', 'somos gilipollas', 'somos unos gilipollas, en eso nos hemos convertido.']"
18,58,18_digas_chorradas_vas_tranquilo,"['digas', 'chorradas', 'vas', 'tranquilo', 'pregunta', 'pole', 'anda', 'juego', 'reconocerlo', 'espero']","['la clase pregunta. se nota que no vas mucho por aquella zona. tienes lérida al lado que parece costa de marfil. y no, no se van.', 'aparte de que toque los cojones ,que lo hace ,principalmente porque es exclusivo de sony,no intentes buscar mucho más allá,que siendo multi todos sabemos que no hubiera tenido tanto bombo', 'no digas chorradas anda.']"
19,58,19_países_país_intentarlo_mierda,"['países', 'país', 'intentarlo', 'mierda', 'allá', 'tú', 'vivido', 'miseria', 'leyes', 'paises']","['este pablo cada día se parece más a una rata sidosa. si el planeta fuera un lugar donde todos los humanos fueramos en la misma dirección con la avaricia y la maldad ya exterminada o controlada, venezuela sería un país que lo erradicarían en cuestión de horas sacando a toda esa gentuza del gobierno. sigo sin entender como es posible que se permita vivir a la población así y no los saquen en cajas de madera. luego ves africa, países de europa... y es que está claro que si no se hace nada es porque no interesa. y obvaiemten la guerra es entre poderes políticos y la élite, los pobres y gente de a pie solo son los recursos que siguen trabajando para darle más poder a estos hdp miserables.', 'hasta los cojones de gente como tú que se le llena la boca criticando su propio país por datos que tienen de oídas. ¿acaso te crees superior por criticar? me gustaría saber lo que haces tú para mejorar esta sociedad y los países en los que has estado y has vivido realmente para conocer su bienestar social y poder comparar. deporte nacional el quejarse de españa y sin embargo cuando hay algo bueno se da por hecho y no se valora. por mucho que digas vivimos en uno de los países con mejor bienestar y seguridad social. si no pregúntaselo a echenique que precisamente vino a españa por las oportunidades sanitarias.', 'es lo que están acostumbrados en sus países, si no mirad lo que pasa en guatemala, el salvador, honduras... y países musulmanes, con guerras civiles, decapitaciones, crímenes sangrientos, torturas, atentados cada semana... es lo que han vivido en sus países y eso no podemos cambiarlo. lo llevan en la sangre. hay países que jamás tendrán solución, pero no por su política, si no por sus propios habitantes. para esa gente, nuestra sociedad y costumbres son el paraíso, pueden hacer lo mismo que en sus países sin apenas repercusión. robar, violar, matar, etc. y no sufren si tienen que enfrentarse a la policía con armas o lo que sea, están acostumbrados a eso, no tienen nada que perder. la única solución que tenemos aquí en europa es endurecer las leyes, no hay otra. pero incluso así, esta gente seguirá delinquiendo, porque más duras que son las leyes en sus países y se las pasan por el forro de los huevos. es un asunto muy delicado todo esto, si te postulas a favor de que vengan, pones en juego a tus propios habitantes, a tus seres queridos. si evitas su llegada, estás acortando la libertad de decidir donde poder estar de millones de seres humanos.']"
20,57,20_racista_negro_raza_blanco,"['racista', 'negro', 'raza', 'blanco', 'racismo', 'racistas', 'moros', 'etnia', 'principio', 'tú']","['hilo no racista', 'mr racista.', 'yo tambien me elegro(si racista)']"
21,54,21_refugiados_guerra_refugiado_refugees,"['refugiados', 'guerra', 'refugiado', 'refugees', 'asilo', 'vídeo', 'huyendo', 'welcome', 'agradecidos', 'vayan']","['primero, pole. luego te digo que existen varios tipos de refugiados: políticos (perseguidos por su ideología en su país, de guerra (no hay mucho que decir) y por catastrofe natural (tsunami, terremoto o similar). como no se la situacion concreta de estos, pueden ser dos cosas. o bien son refugiados políticos que no han podido reclamar su estado de refugiado por las vias normales (que las hay) o bien son unos aprovechados que ni refugees ni hostias. edit: un hombre de verdad se responsabiliza de sus fails y los deja como están.', 'son refugiados de guerra, lumbreras.', 'tócate los huevos!! pero que cojones se cree la gente que es ser un refugiado?!!! un refugiado es alguien que viene huyendo de su pais porque su vida corre peligro por una guerra , una situación política o religiosa y pide asilo en el pais para salvarse de una situación dramática, pero ser refugiado no significa que según me piro de mi pais una vez que ya estoy a salvo en otro exijo que me soluciones la vida y que me den de todo lo que no se da a la gente originaria del pais para vivir a cuerpo de rey. anda y que se vayan al carajo y si no les gusta lo que les dan, que ya es demasiado para lo que deberían darles que se vuelvan por donde han venido a ver si es mejor, no te jod... deasiado que se les acoje en españa cuando ya no son refugiados sino inmigrantes económicos, que llevan ya mucho camino a salvo y si se vienen al culo del mundo es porque es mola más como se vive aqui, no porque ya corra peligro su vida. la única obligación que tenemos humanitariamente con los refugiados es la de permitirles que entren al pais para salvar su vida y tratar de enseñarles a integrarse en nuestras costumbres y aprender nuestro idioma para que puedan ganarse la vida aqui como cualquier otro ciudadano, punto pelota, las reclamaciones al genio de la lámpara maravillosa no son aqui, que las hagan en oriente medio que es donde vivía aladino y seguro que les da alguna pista, aqui ni siquiera tenemos a alibaba y los 40 ladrones, aqui tenemos miles de ladrones y no necesitamos ninguno más.']"
22,53,22_juego_lenguaje_inclusivo_lenguaje inclusivo,"['juego', 'lenguaje', 'inclusivo', 'lenguaje inclusivo', 'frases', 'mí', 'sony', 'molesta', 'dices', 'segun']","['a mí lo del lenguaje inclusivo nunca dejará de parecerme una gilipollez, pero se está haciendo una montaña de un grano de arena. la tía que habla de esa manera en el juego es la del podcast, que yo he tenido desactivado toda mi partida porque ya me sobraba en el juego de miles. lo del doctore nos lo comemos, pero es esa escena en la que sale y ya está. anoche me acabé el juego y no he visto eso en ningún otro momento. edito para añadir: miles llama a peter ""bro"" en más una ocasión y también me sobra, pero soy un viejo y así hablan los jóvenes, algo que me tengo que comer en la ofi de la misma manera.', 'el revuelo es el que se va a montar cuando se les ocurra hacer un juego entero con lenguaje inclusivo. ahí sí que será preocupante. me parece una gilipollez el lenguaje inclusivo. los tontos están llegando muy lejos y es preocupante. si, recalco, tontos. son ganas de quejarse por quejarse y de una lengua muy rica como la nuestra...', 'no, lo pone a la misma altura por que el juego tiene lenguaje para sordomudos. por eso lo nombra en el articulo, pretendiendo hacer ver, que a los mismos q les molesta el lenguaje inclusivo tb les molestaria los sordomudos. cuando nadie se ha quejado de eso. pero tu a lo tuyo eh']"
23,52,23_asco_vergüenza_desagradecido_ajena,"['asco', 'vergüenza', 'desagradecido', 'ajena', 'lamentable', 'pena', 'pobre', 'cagando', 'desagradecido mierda', 'perdida']","['jajajjajaahajajjajahaajaj que asco de mundo', 'que asco de gente.', 'llorar? error. esto lo que se siente es vergüenza ajena. cuando veo a irene montero haciendo contorsionismo mental intentando usar el lenguaje inclusivo, viendo como la va cagando cada dos frases porque no le sale porque no es natural, lo que me da es vergüenza ajena. mucha vergüenza ajena. vosotros disfrutad del rico léxico.']"
24,52,24_casa_hotel_hoteles_huesca,"['casa', 'hotel', 'hoteles', 'huesca', 'vecinos', 'piso', 'pueblo', 'conozco', 'cerca', 'iban']","['mételos en tu casa cansino.', 'pues metelos en tu casa', 'pues metelos todos en tu casa']"
25,50,25_forero_norte_patada_imagen,"['forero', 'norte', 'patada', 'imagen', 'porcentaje', 'grande', 'follamoros', 'días', 'polla', 'buen']","['en dos días habéis hecho como 5 hilos iguales.', 'forero diagnosticado con retraso mete un gol por toda la escuadra', 'un forero puso en otro hilo una imagen que relacionaba el porcentaje de extranejros con su porcentaje en las carceles...']"
26,47,26_transexual_trans_mujer_género,"['transexual', 'trans', 'mujer', 'género', 'hombre', 'identidad', 'niña', 'pareja', 'niñas', 'siete']","['ah no sé, yo la tomo como mujer transexual porque eso dice que es. y transgenero de toda la vida decía en el vídeo se puede ser transexual y estar tarumba de la cabeza, no es incompatible.', 'decir q yo he tenido y tengo pareja (mujer) y he tenido también pareja trans. como las que describes casi imperceptible.decir q la demanda de trans en los últimos años es muy alta. y se de lo q hablo. mi pareja tiene 23 años y tiene tinder con cientos de matches. pero es q la chica trans con la que estuve 7 meses de pareja tenía millones y además tenía muchísimos tíos pagándole. ella tenía tarjetas de crédito de 6 maromos. están muy muy muy demandadas. de hecho por el que me dejó era un chico que vivía en dubai en una casa d más de 60 millones. yo estoy en un nivel alto pero obviamente no tanto. era algo q iba a terminar pasando. y obviamente no tiene nada de malo que te gusten. te van a llamar maricon. etc etc. y yo no me corto un pelo. he comido más de 50 pollas con total seguridad. muchas de trans otras no. y no me considero homosexual ni lo soy. además tengo una hija. actualmente estoy con una chica latina de 23 años. para ser homosexual tienes q sentirlo yo nunca lo he sentido. he disfrutado con shemales? me he corrido de gusto a cuatro patas sin ni siquiera tocarme la pija? si. pero eso no me convierte en homosexual. nunca me casaría ni tendría una relación con un hombre, y he tenido muchos calentones con tíos he catado pollas de 20 centímetros venosas se de lo q hablo.', 'transgénero: persona cuyo género no coincide con el que te fue socialmente asignado al nacer. trans: abreviación de transgénero. hombre trans: persona transgénero que se identifica como hombre. persona trans: persona transgénero que no quiere definirse por ningún género en concreto. mujer trans: persona transgénero que se identifica como mujer. ftm, female to male o mujer a hombre: otra de las etiquetas para asignar a los hombres transgénero. su uso no está muy aconsejado y usarlo por otras personas para referirse a ellos puede resultar ofensivo, pero eso no quita que algunas personas se identifiquen y definan con ella. mtf male to female u hombre a mujer: lo mismo que en el anterior caso. transfemenino: personas transgénero a la que se asignó el género masculino en su nacimiento pero que se identifican más con los signos de la feminidad que con los de la masculinidad. transmasculino: personas transgénero a la que se asignó el género femenino en su nacimiento pero que se identifican más con los signos de la masculinidad que con los de la feminidad. transexual: término médico para las personas que desean modificar su cuerpo para conseguir una imagen con la que se sientan más cómodas (o aliviar un malestar, la disforia). mujer transexual: persona transexual que se identifica como mujer. hombre transexual: persona transexual que se identifica como hombre. persona transexual: persona transexual que no quiere definirse por ningún género en concreto. expresiones de género (más que géneros en sí) andrógino/e: persona cuya identidad es una mezcla en distintos grados entre mujer y hombre. también se puede usar como sinónimo ginoandros. neutrois: lo opuesto a la androginia, personas que hacen una supresión de las características tradicionalmente asignadas como masculinas o femeninas. suele abarcar el género neutro, null-gender, gender neutral y a veces se solapa con agénero. personas de sexo no ajustado o non-conforming: personas que no se quieren identificar con las etiquetas de género binarias. algunas etiquetas afines son gender questioning y gender variant. berdache o dos espíritus: término empleado especialmente por las personas pertenecientes a pueblos amerindios de américa del norte. se utilizaba como equivalente a homosexual. son personas que se mueven entre los roles masculinos y femeninos para cuestiones de vestimenta, sociabilidad o sexualidad, dependiendo de la elección personal de cada uno. otras identidades kristen stewart, como cara delevingne, son dos de las más famosas estrellas que evitan definir su identidad de género en las entrevistas, con lo que se las suele etiquetar en la categoría queer. no-binario: personas que no se identifican con el género binario, esto está dentro de los transgéneros, aunque muchos prefieran la palabra no binario para evitar confusiones. es decir, todos las personas no-binarias son trans, pero no todos las personas trans son no binarias. genderqueer: sinónimo de género no-binario. agénero: persona que no se identifica con ningún género. bigénero: persona que se identifica con dos géneros, por ejemplo: male/female, male/agender. puede ser al mismo tiempo o fluctuar entre ambos. género fluido o genderfluid: persona cuyo género fluctúa entre varios, puede ser dos o más (por eso no es exactamente lo mismo que bigénero). pangénero: identidad en la que se ubican todas las identidades, aunque de una manera fija y no variable, no como en el género fluido. poligénero/multigénero: persona con más de dos identidades de género. intergénero: persona intersexual cuya identidad se sitúa en un punto medio entre dos géneros, usualmente los binarios. esta identidad pertenece únicamente a personas intersexuales, no debe utilizarse por parte del resto.']"
27,45,27_nacionalidad_nacionalidad española_española_españa,"['nacionalidad', 'nacionalidad española', 'española', 'españa', 'extranjeros', 'países', 'extranjero', '2015', 'españoles', 'asilo']","['venezuela se convierte en el mayor éxodo de la historia latinoamericana según la oficina europea de asilo, easo, los 4 millones de venezolanos superan en número, y con gran diferencia, a los afganos y sirios en las listas para solicitar protección internacional los venezolanos salen de su país a un ritmo de 5.000 personas al día y, según los informes de acnur, la agencia de la onu para los refugiados, llegarán a los cinco millones en el extranjero a finales de este año. hasta ahora, cuatro millones de venezolanos se han visto obligados a abandonar su país, entre los que se incluyen 597 mil de refugiados, 3,5 millones de solicitantes de asilo político y 1,3 millones de venezolanos desplazados dentro de su país, estas son las mayores cifras registradas desde la segunda guerra mundial. william spindler, ,portavoz de acnur para américa latina, señala la situación de los venezolanos como «el mayor éxodo de la historia latinoamericana y una de las mayores crisis de desplazamiento en el mundo». desde el estallido en 2016 de la peor crisis económica nunca antes vista en venezuela, los venezolanos se unieron a las filas de los países más afectados, como siria y afganistán, después de que decenas de miles de personas huyeran de la crisis humanitaria y económica que asuela la nación. américa latina la mayoría de la población venezolana ha emigrado a los países vecinos, sobre todo a colombia y perú, que gracias a la llegada de los venezolanos se ha convertido en el segundo país del mundo receptor de solicitudes de asilo en términos absolutos, sólo por detrás de estados unidos (con una cifra de 351.144 venezolanos). los países latinoamericanos que abren desde 2017 las puertas a los venezolanos, les han facilitado aproximadamente un millón de permisos de residencia o de permanencia legal para que tuvieran facilidades en el acceso a los servicios básicos. pero a día de hoy la realidad es otra: «américa latina está cerrando las puertas a la emigración venezolana con requisitos de ingreso cada vez más exigentes y con unas condiciones de vida sumamente humillantes», comentó adolfo lópez a abc, abogado de la asociación de venezolanos en ecuador españa debido a la exigencia y la imposibilidad de cumplir ciertos requisitos implantados por varios países en sudamérica, desde hace tres años muchos de los venezolanos han reconsiderado la opción de irse a europa, concretamente a españa, porque no requieren un visado para acceder al espacio schengen. de acuerdo con la easo, la oficina europa de asilo, las solicitudes de protección internacional en la ue para la primera semana de junio de este año eran 55.516 expedientes frente a los 55.570 de todo el año pasado, una cifra que ha marcado un récord histórico colocando a españa entre los cinco países europeos que más solicitantes de asilo reciben, siendo ya destino del 90% de los venezolanos que registran sus solicitudes de asilo en europa. el gran número de expedientes ha saturado el sistema poniendo un límite a las posibilidades de los venezolanos de vivir en españa. no obstante, el ministerio de interior ya ha puesto en marcha un plan de choque para modernizar su aplicación informática y contratar personal, pero a medida que las peticiones se multiplican, los cambios se han hecho más lentos, pero no imposibles. debido a la crisis y la desesperación de los venezolanos, el colapso del sistema no ha supuesto un gran impedimento, pese a que todavía se están realizando ajustes. es un hecho que en los últimos seis meses, la oficina de asilo ha logrado solventar más casos que en todo 2018. son 14.993 expedientes cerrados, un 16% más que el año anterior. la mayor parte de los venezolanos que llegan a españa no pueden cumplir los requisitos exigidos por ley para ser reconocidos como refugiados. para evitar que los venezolanos tengan que abandonar españa cuando se les deniega su petición, el ministerio de interior aprobó una autorización de residencia y trabajo por razones humanitarias, del cual se han beneficiado 7.718 venezolanos. dicho permiso se extiende por un año, prorrogable a dos.', 'en la actualidad hay 1.816.835 españoles establecidos en el extranjero (de 1 de enero de 2012), distribuidos de forma casi equivalente por sexos (51,1% mujeres y 48,9% varones), pero muy desigualmente por continentes: el 63,4% en américa, el 35,9% en europa y el 5,1% en el resto del mundo (12 29 de abril de 2010) también hay que destacar que esas cantidades se refieren a personas con nacionalidad española, no que hayan nacido en españa. de las 1.816.835 personas que poseen nacionalidad española en el extranjero el 34,9% es nacida en españa, el 59,1% en su actual país de residencia y el 5,4% en otros países.13 en la tabla siguiente se refleja el número de personas con nacionalidad española en el extranjero por países de residencia, con más de 15.000 residentes, para los años 2010,[cita requerida] 2011,[cita requerida] 2012,14 2014.15 solo el 34% de los emigrados españoles en todo el mundo son nacidos en españa (habiendo mucho ya ancianos que emigraron en su día a hispanoamerica).', 'el gobierno de rajoy concedió 4.400 nacionalidades a golpe de decreto en su mayoría, sefardíes; también son numerosos los opositores cubanos y venezolanos | publicado: 23/1/2016 09:20 ana isabel cordobés (*) un total de 4.386 personas adquirieron la nacionalidad española gracias a las cartas de naturaleza. estos documentos, otorgados de manera discrecional por el consejo de ministros, conceden la nacionalidad a personas reconocidas en diferentes ámbitos, tanto políticos, como económicos o deportivos. además de la comunidad sefardí, los deportistas, empresarios y opositores de los gobiernos de cuba y venezuela engrosan de forma mayoritaria esta lista . la lista completa: disidentes cubanos y venezolanos unas de las primeras personalidades elegidas para recibir la nacionalidad española por decreto a la llegada de rajoy al poder en 2011 fue el disidente cubano raúl rivero y su familia -mujer e hija- que la recibieron en mayo de 2012 mediante carta de naturaleza. la familia de oswaldo payá también recibió la nacionalidad española. payá, líder de la oposición política cubana, falleció en julio de 2012 en un accidente de tráfico. ofelia, oswaldo y rosa -mujer e hijos, respectivamente- recibieron la nacionalidad en octubre de 2013. a lo largo de los últimos cuatro años, personas vinculadas al mundo del deporte, como matías nahuel leiva, jugador del villarreal y miembro de la selección española sub-21 o de la música, como chucho valdés. también se unieron a esta lista personas vinculadas a la realeza de otros países, como la princesa sharifa nour nasser jamil, prima del fallecido hussein de jordania y vinculada a proyectos benéficos en españa. en el cierre de la x legislatura, el ministro rafael catalá otorgó la nacionalidad española a los familiares del líder opositor al gobierno venezolano leopoldo lópez . en noviembre de 2015, su padre, leopoldo ernesto lópez gil y su madre antonieta del coromoto mendoza coburn, recibieron este documento. en las últimas semanas de gobierno, catalá concedió la nacionalidad española a sumera rafiq, de origen paquistaní. la familia de sumera la retuvo bajo amenaza de muerte y la agredió en su domicilio de logroño para impedir su divorcio. la víctima recibió la nacionalidad tras ratificarse la condena para su marido y el resto de sus familiares por detención ilegal. las cartas de naturaleza, al igual que otras medidas como los indultos, se conceden por deseo del gobierno, sin necesidad de estar motivadas o argumentadas, tras la solicitud por parte del interesado. entre otras concesiones de nacionalidad llamativas, se encuentran las de las monjas paciencia melgar ronda y helena s. wolo, reconocidas por su colaboración al donar sangre para el tratamiento de enfermos de ébola. a su vez, se vio reconocido ernesto eduardo oyarbide magaña, víctima del atentado de eta en pamplona del 30 de octubre de 2008, en el campus de la universidad de navarra. la familia -madre y dos hermanos- del militar john felipe romero meneses, fallecido en afganistán en el año 2010, también recibió la nacionalidad española en 2013 . la lista de cartas de naturaleza se ve ampliamente engrosada por la concesión de nacionalidad española a los sefardíes originarios de españa. previa petición de la comunidad sefardí, en octubre de 2015, más de 4.200 han recibido la nacionalidad española entre 2012, 2013 y 2015. la nómina la cierran empresarios como daniel haime gutt, presidente de indupalma o amit manik jagasia, presidente de arke visados españa, empresa con férreos vínculos con la embajada de la india en españa. también se incluyen cuatro familiares del empresario mauritano mohamed bouamatou, nacionalizado previamente en 2011 por la misma vía rápida. españa está obligada a hacer públicas las cifras de nacionalidades otorgadas en sus diferentes modalidades: por residencia, por carta de naturaleza u otras razones. diciembre de 2015 fue la primera vez que el ine publicó estos datos de adquisiciones de nacionalidad española. sin embargo, la llamada estadística de adquisiciones de nacionalidad española (anes) no informa de los nombres que se esconden detrás de los beneficios de la carta de naturaleza -estos datos solo están disponibles en el boe- y la información está aún por actualizar a todo 2015. tampoco es posible saber cuántas solicitudes y cuáles han sido rechazadas, ni tampoco los motivos de su aprobación o rechazo por parte del gobierno. los solicitantes debe jurar o prometer fidelidad al rey y obediencia a la constitución y a las leyes, renunciando a su anterior nacionalidad, salvo los naturales de países iberoamericanos, andorra, filipinas, guinea ecuatorial o portugal.']"
28,43,28_madrid_barcelona_bar_españa,"['madrid', 'barcelona', 'bar', 'españa', 'sociedad española', 'fiesta', 'valencia', 'parar', 'españoles', 'cambiar']","['la mejor fiesta del año en madrid...buen tiempo, musicón, tías buenas,...eso otros años, veremos este.', 'por supuesto, la mejor fiesta de madrid. el único día del año que tienen la gran vía cortada por la noche y que se puede ir con una cerveza en la mano sin miedo a 600€ de multa.', 'y al día siguiente todos en madrid y barcelona']"
29,41,29_digno_infinito_coña_adoctrinamiento,"['digno', 'infinito', 'coña', 'adoctrinamiento', 'sirve', 'pensamiento', 'crear', 'hilos', 'diga', 'progre']","['+1 infinito.', '+1 de nada sirve crear hilos si no se hace nada', '+1, joder con el pensamiento progre, es un adoctrinamiento digno de 1984.']"
30,41,30_insultos_insultan_homosexual_maricón,"['insultos', 'insultan', 'homosexual', 'maricón', 'campo', 'sexual', 'maricon', 'dejar', 'llaman', 'partido']","['hay cosas que no se pueden dejar pasar como simples anécdotas. los insultos homófobos, los insultos racistas o incluso las agresiones a los árbitros son cosas que no se pueden permitir bajo ningún concepto.', 'lo ha dejado porque le ha salido de la polla. al homosexual por homosexual, al calvo por calvo, al gordo por gordo. insultan a todo dios. ese puto trabajo es así, es un atw de manual. él es el puto racista homófobo que no se solidariza con los miles de árbitros que reciben insultos y se cree el más ofendido de la clase. yo fui árbitro, no hablo de oídas.', 'a ver, que quede claro que estoy a favor del árbitro. pero, lo que digo es que desde tiempo inmemoriales los árbitros han recibido insultos. y no entiendo que se lo tomen a lo personal. no lo insultan por qué sea maricon, o hijo de una prostituta. lo insultan por qué es árbitro, para intentar ""sacarlo"" del partido, para desestabilizarlo, está claro que en este caso lo consiguieron. lo que debe hacer este chaval es cuando se quita el uniforme dejar los insultos en el, por qué no insultan a su persona, sino a su oficio.']"
31,41,31_haz_pasen_pase_recibir,"['haz', 'pasen', 'pase', 'recibir', 'irse', 'horas', 'resumen', 'tiempo', 'vengan', 'progre']","['haz que pase', 'aún pueden recibir más. haz que pase', 'donde fueres haz lo que vieres.']"
32,38,32_forocoches_pa_peli_pijos,"['forocoches', 'pa', 'peli', 'pijos', 'lol', 'coger', 'come', 'pam', 'recoger', 'puente']","['forocoches es...forocoches.', 'premio guinnes, de forocoches.', 'el cachondo de forocoches']"
33,37,33_dado_sabe_trotona_rabia,"['dado', 'sabe', 'trotona', 'rabia', 'tontería', 'rajoy', 'ostias', 'hubiese', 'jajajaja', 'maricón']","['no me lo creía hasta que he visto el vídeo .. vamos... ya sabe donde se pueden ir él y su hermano..', 'nadie le ha dado un par de ostias? mucha tontería es lo que veo.... y lo peor es prestarle atención.....', 'no entiendo. pones que se les ha dado dado de todo, pero en el vídeo dice que no les han dado nada. ¿ alguien sabe que le han dado a ese chico en concreto? una psicóloga, un abogado y plaza de instituto, ¿ algo más?']"
34,36,34_humano_increible_post_buenas,"['humano', 'increible', 'post', 'buenas', 'noticias', 'detalle', 'mí', 'cabeza', 'gestión', 'alegro']","['flipa... el ser humano nunca dejará de sorprenderte...', 'el ser humano es increíble.', 'el ser humano es maravilloso']"
35,34,35_dios_upeo_gracias_imagen,"['dios', 'upeo', 'gracias', 'imagen', 'tierra', 'suerte', 'santo', 'detalle', 'mola', 'ten']","['dios te oiga.', 'que dios te oiga', 'entre lo que dice dios: ""y dios creó al hombre a su imagen. lo creó a imagen de dios. hombre y mujer los creó . y los bendijo dios con estas palabras: «¡reproducíos, multiplicaos, y llenad la tierra! ¡dominadla! ¡sed los señores de los peces del mar, de las aves de los cielos, y de todos los seres que reptan sobre la tierra!"" (génesis 1, 27) y lo que dice la ciencia: ¿qué queréis que os diga? pues que yo elijo lo que dice dios y dice la ciencia, que es lo mismo.']"
36,34,36_mental_enfermedad_enfermo_mentales,"['mental', 'enfermedad', 'enfermo', 'mentales', 'enfermos', 'trastorno', 'éste', 'jodas', 'evidente', 'fuerte']","['subestimas la diarrea mental de los mugrientos', 'otro enfermo mental más solo que éste no se opera.', 'esto es una enfermedad mental, no hay mas.']"
37,33,37_violadores_mujeres_hombres_habría,"['violadores', 'mujeres', 'hombres', 'habría', 'jóvenes', 'cárcel', 'hombre', 'representación', 'delitos', '25 años']","['un hombre de 25 años es agredido por tres jóvenes en la calle de cea bermúdez después de que le preguntarán si era ""maricón"" un hombre de 25 años fue increpado y agredido la madrugada de ayer en la calle de cea bermúdez, en el distrito de chamberí, cuando regresaba a su domicilio. tres jóvenes, de unos 20 años, le pegaron por todo el cuerpo hasta que unos testigos les increparon y salieron corriendo, según denunció ayer la asociación en defensa del colectivo lesbianas, gais, transexuales y bisexuales (lgtb) arcópoli. los hechos se produjeron a las seis y media de la madrugada, cuando el hombre salió de un bar de ambiente. los tres jóvenes se cruzaron con él y le preguntaron: “¿eres maricón?”. sin mediar palabra, le empezaron a pegar. la agresión fue de tal dureza que le dejaron marcada la suela del zapato en el estómago. unas chicas empezaron a gritar a los jóvenes, que se marcharon. la víctima acudió a la fundación jiménez díaz, donde le apreciaron politraumatismos por todo el cuerpo. arcópoli se puso en contacto con el hombre y le aconsejó que denunciara lo ocurrido en comisaría, además de que acompañara el parte de lesiones redactado por el médico de guardia. esta agresión se produce justo el mismo día que arcópoli ha puesto en marcha un observatorio contra la lgtbfobia. “esto demuestra que esta iniciativa era indispensable y solicitamos el apoyo de las administraciones madrileñas. desde arcópoli lanzamos un claro mensaje a los homófobos: estos delitos ni son impunes ni van a quedar impunes”, ha señalado el coordinador de este colectivo, yago blando. el vocal de delitos de odio de esta asociación, rubén lópez, informó de la agresión a la fiscalía, al comisario de delitos de odio de la jefatura superior de policía de madrid y al concejal de seguridad, josé javier barbero. fuente: ¿hasta cuándo hay que soportar noticias así? ya basta con la homofobia.', 'ya os hago resumen yo: - soltar o reducir condenas a violadores, creando situaciones como que haya mujeres que han tenido que huir dejando atrás su vida para alejarse de sus violadores que las tenían amenazadas en cuanto saliesen de la cárcel. solo esto es como para que pidan perdón de rodillas y presenten su dimisión y abandonen la política. - aumentar o como mínimo no reducir los casos de violencia de género, después de años y años aumentando y aumentando cada vez mas el dinero gastado. - crear un enfrentamiento absurdo entre sexos mas propio de los años 20 que de ahora. - criminalizar y despreciar a la mitad de población señalándoles como potenciales culpables. - dedicar dinero público para hacer campañas en las que el gobierno ataca a ciudadanos, como el anuncio que hicieron contra pablo motos, elxokas, etc. - pasarse por el forro la constitución creando juzgados para hombres, leyes especiales para hombres o permitiendo meter en el calabozo durante dos días a inocentes. - batir record de contratos inferiores a 300.000€ (ahora no recuerdo si era la cifra exacta) porque por debajo de esa cifra se pueden adjudicar a dedo sin justificar nada. - utilizar el poder del gobierno para fomentar polémicas absurdas como el pico de rubiales, que genere crispación en la sociedad. - crear una generación de mujeres engañadas que se creen que viven en un infierno machista cuando en realidad viven en la mejor época de la historia para ser mujer. - fomentar chiringuitos de odio y adoctrinamiento con campañas como la del 016 donde se convencía a las niñas que si alguien les preguntaba ""donde estás"" es que la estaban maltratando. y me dejo cosas...', 'era reincidente y había cumplido varias penas en fontcalent, siempre como hombre imagen de la prisión alicantina de fontcalente.m ingresó como hombre en la prisión alicantina de fontcalent y, una vez dentro, ya cumpliendo condena, declaró que se auto percibía como mujer y solicitó su traslado al módulo de mujeres, petición que le fue concedida. ingresada ya en el pabellón femenino, inició allí una relación con otra interna y ésta quedó embarazada. los hechos, adelantados ayer por ok diario, han sido confirmados a este periódico por fuentes sindicales penitenciarias. la reclusa transexual en cuestión, de origen búlgaro, era bastante conocida en el centro penitenciario alicante cumplimiento -como se denomina oficialmente a la cárcel de fontcalent- puesto que era reincidente. contaba con numerosos antecedentes por robos y delitos contra la salud pública fundamentalmente y había estado presa en fontcalent en varias ocasiones con anterioridad, siempre como hombre y siempre ocupando una celda en el módulo masculino. allí fue destinada también tras su último ingreso, hasta que manifestó que quería transicionar de género, que se sentía mujer -concretamente mujer de tendencia sexual lesbiana- y pidió que internamente se la llamara con nombre femenino. solicitó además ser enviada al módulo de mujeres. el traslado se produjo pero, tras conocerse en prisión que había dejado embarazada a una de las compañeras con las que compartía pabellón -aseguran las citadas fuentes-, la dirección de la cárcel la devolvió de nuevo al pabellón masculino. la interna embarazada, de nacionalidad española, se planteó en principio interrumpir la gestación pero finalmente sigue adelante con el embarazo en prisión. la presa trans sin embargo se encuentra actualmente fuera de fontcalent. «no sabemos si ha hecho el cambio registral [de sexo] o no», dice una fuente, que pide mantenerse en el anonimato por «lo delicado y complejo del caso». los hechos, asegura, se produjeron en «enero o febrero» pasado, antes de que el 2 de marzo entrara en vigor la conocida como ley trans, que permite el cambio de nombre y de sexo en el registro civil a partir de los 16 años sin necesidad de aportar un informe médico que indique que se sufre disforia de género y sin haber iniciado previamente un tratamiento de hormonación, como se exigía antes de su aplicación. en las cárceles españolas, sin embargo, las cuestiones que afectan a las personas transexuales, como el módulo que deben ocupar, el cambio de nombre o quien puede realizarle los cacheos se regula desde 2006 por la instrucción 7/2006 de «integración penitenciaria de personas transexuales». «la instrucción recoge que, independientemente de si ha habido un cambio registral o no, cuando una persona se percibe de un sexo distinto al que indican sus atributos físicos debe pasar por un estudio psicológico para ver a que módulo se le destina, aunque no haya iniciado el proceso de cambio de sexo, se esté hormonando o no. pero con la ley [trans], esta instrucción ha decaído», explica la fuente, bien conocedora de la norma. como cuando el caso de fontcalent se produjo la ley estaba en su proceso final y ésta no exige ningún informe psicológico, añade, el traslado al módulo femenino se produjo antes de que esta persona que declaraba auto percibirse como mujer fuera evaluada. «en las prisiones necesitamos una regulación para no estar en el limbo jurídico y saber cómo actuar», reclama. «por un lado, tenemos la instrucción de 2006 que dice que hay que actuar conforme a la auto percepción del interno, pero la ley trans nos impide realizarles informes psicológicos. ¿dónde ingresamos a esa persona, quien la cachea? es un tema muy complejo», argumenta. «actualmente, se está viendo cada caso de manera individual y atendiendo a criterios de dirección de cada prisión». instituciones penitenciarias no ha querido pronunciarse sobre el asunto porque afecta a «la protección de datos de un interno». fuente:']"
38,32,38_up_upeo_sitio_,"['up', 'upeo', 'sitio', '', '', '', '', '', '', '']","['up', 'up', 'up']"
39,31,39_pole_din_buena_cerrar,"['pole', 'din', 'buena', 'cerrar', 'caiga', 'haber sido', 'fuerza', 'cierre', 'nueva', 'delito']","['cerrado en la pole', 'daria un riñón y todo y la pole', 'cerrado en la pole. a otro hilo']"
40,31,40_ojos_buen_dos_hipócrita,"['ojos', 'buen', 'dos', 'hipócrita', 'panda', 'negrita', 'diez', 'joder', 'owned', 'amor']","['los ojos los delatan.', 'dos ojos por ronda', 'dos ojos por miravet']"
41,29,41_suecia_gustaría_tal_coche,"['suecia', 'gustaría', 'tal', 'coche', 'difícil', 'medios', 'conocemos', 'mezclar', 'años', 'chicas']","['lógica y coherencia. además, que suecia ya lo ha vivido antes que españa y tiene experiencia: ""suecia se arrepiente de su pasado como pionera.....""', 'edad? años en suecia?', 'hola xurs, últimamente veo muchos hilos de suecia y me gustaría ayudaros y aclararos algunas cosas. voy a intentar ser objetivo y hablar en base a mi experiencia y lo que la gente me contó. suecia siempre ha sido un país receptor de imigrantes. principalmente de finlandia, pero desde hace unos 30-40 años también refugiados de la antigua yugoslavia (por ejemplo los padres de ibrahimovic). al mismo tiempo también recibió muchos immigrantes de oriente medio, y en mi opinión por lo que vi mayoritariamente somalíes. me gustaría recalcar que la mayoría de immigrantes musulmanes que hay ahí son los típicos negros, no son ""moros"" tal como los conocemos aquí. hay guettos de immigrantes? sí. bueno, ya no son immigrantes, porque son nacidos en suecia, o sea que son suecos técnicamente. hacen sus fiestas, sus tradiciones y tal, de la misma manera que los suecos hacen lo mismo. pero también hay musulmanes que no se lo toman tan a pecho (p. ej. beben alcohol, no rezan cada día, etc.) también creo que las nuevas juventudes se suelen mezclar más con los autóctonos, y no hay demasiados problemas con esto. luego están los hombres suecos. son unos mindungis. no tienen cojones de nada: tímidos, no hablan, fríos y cerrados. cuesta mucho hacerte amigos suyos pero al final son buenas personas. las mujeres viven bien, hay una igualdad evidente pero en ningún momento conocí historias de feminazis ni nada por el estilo. las únicas parejas interraciales que vi eran de negros con gordas/gitanas. en general, los suecos son bastante racistas y no lo parece. por ejemplo es difícil que un negro con estudios encuentre trabajo, primero van los suecos de toda la vida. es mi opinión shurs']"
42,29,42_siria_vuelva_pagarle_sirio,"['siria', 'vuelva', 'pagarle', 'sirio', 'mandaba', 'mandaba vuelta', 'vuelta', 'vuelo', 'bote', 'allí']","['pues que se vuelva a siria que se vive mejor.', 'bueno, pues que vuelva a siria y le matriculen gratuitamente en un bombardeo.', 'que se vuelva para siria']"
43,29,43_marido_coche_gracioso_broma,"['marido', 'coche', 'gracioso', 'broma', 'risa', 'he', 'necesidad', 'jajajaja', 'manda', 'voy']","['si lo que le he hecho a thuma dree cuenta como merienda, sí. es broma, no te ralles.', 'madremia que risa iba con el coche to aburrido con los ojos clavados en el culo de alguna colegial cuando veo un globo en medio de la calle y voy y pum! pan! lo pillo aposta jajajaja y de una oyó al lado a una vieja ay hijo mio que susto! me esta doliendo el pecho y todo! de verdad hijo q necesidad q necesidad... me he puesto nervioso y he aparcado el coche lejos por si acaso, llevo sin salir de casa desde entonces pero ahora me hace gracia así contado pierde pero ha sido muy gracioso jajaj', 'el otro dia meto el coche en zona peatonal, debajo de mi casa, para subir la bombona de butano, voy a velocidad de peatón claro y sale una tia de repente de una tienda y se asusta al encontrarse el coche de golpe, yo por la ventanilla le digo que disculpa, se pone a gritarme con acento chapo guzman, le pido disculpas, sigue gritandome y me dice que por ahí no puedo ir en coche, le vuelvo a pedir disculpas en un tono muy moderado y le digo que soy residente y puedo entrar a descargar lo que sea, me insulta, me grita y me dice que por ahí no puedo ir.. al final le dije a gritos: mira pedazo de mierda voy por donde quiero porque estoy en mi pais, como vuelvas a gritarme te estampo la cabeza contra el suelo. la subnormal se aparta y se va diciendo que me mida con un hombre, que ella tiene su marido. yo le contesto que yo me mido con personas no con monos, y la tia me dice que ahora va a llamar a su marido. en eso sale un colega de mi padre de un bar cercano y dice: tu marido? tu marido es una maricona, largate de aquí ya lianta y no metas al calzonazos ese en problemas. al final acabé riendome.']"
44,28,44_puerta_cierre_salir_cerrando,"['puerta', 'cierre', 'salir', 'cerrando', 'sabe', 'vuelva', 'saben', 'fin', 'coja', 'mente']","['que cierre al salir', 'que cierre al salir.', 'que cierren la puerta al salir']"
45,28,45_sexual_primera_relaciones_padres,"['sexual', 'primera', 'relaciones', 'padres', 'sexuales', 'sexualidad', 'relación', 'sexo', 'mujeres', 'niños']","['bajo mi punto de vista, una cosa es respetar que una persona tenga atracción sexual hacia alguien de su mismo sexo, cosa que evidentemente comparto, y otra que eso sea normal, para mí es antinatural; respecto a los padres, habrá unos que sean más conservadores y otros que sean más progres, pero es su responsabilidad que sus hijos sepan lo que es y respeten a cada persona independientemente de su sexualidad', 'soy lgbt y estoy en contra, más que normalizarlo lo hacen ver como si fuera ser parte del equipo de un circo. sin embargo si que estoy de acuerdo que cuando hagan clases de educación sexual mencionen por lo menos brevemente los riesgos y medidas de protección al mantener relaciones sexuales con alguien del mismo sexo.', 'vamos que no quede un solo estereotipo sin describir...qué coñazo! no se conocen ni entre ellos ni entre ellas . y, sí, aquí el desdoblamiento de género es necesario. primero, siete desconocidos se sentaron unos enfrente de otros para hablar de, quizá, el gran tabú de la adolescencia: la virginidad . este tema, que tantos sinsabores ha causado a miles de jóvenes, también lo trataron después seis mujeres. en total, 13 personas entre las que se encontraban un católico , un homosexual , varias bisexuales , una pansexual , una musulmana y una hindú . el corolario de opiniones y experiencias está servido. las preguntas en 2023 siguen siendo muy parecidas a las que se han enfrentado los miembros de generaciones anteriores, aunque aquí todos son millennials o de la generación z. ¿se pierde la virginidad al realizar sexo oral? ¿cómo influye el porno en las expectativas de la primera vez? si no se llega a eyacular, ¿cuenta también? ¿lo hacen bien los padres y madres con sus hijos e hijas? ¿cómo la virginidad llega a afectar a la salud de las mujeres? rubén es un nombre ficticio, como todos los que aparecerán en este texto, para preservar su anonimato. rubén también es un hombre de 24 años, español y heterosexual: ""yo creo que la definición más extendida de virginidad es excluyente, es decir, no acepta otra cosa que la penetración vaginal de un hombre a una mujer"", se adelanta a compartir con el grupo. en realidad, más allá de los significados personales, la virginidad es una construcción social que, como tantas otras, se ha intentado hacer pasar, sobre todo para las mujeres, por una realidad biológica, apelando al himen, la sangre y el dolor como características necesarias para determinar si una mujer es virgen. la virginidad, cuestión de expectativas clemente tiene 28 años y no se olvida de una cosa que sucedía en su instituto y que le hizo replantearse qué era la virginidad y para quién: ""yo tenía una compañera que, por las creencias de su familia, tenía que llegar virgen al matrimonio, pero sí practicaba sexo anal y oral. ¿era virgen ella? ¿y los tíos que lo hacían con ella perdían la virginidad o no? y, si no la perdían, ¿la gente que solo ha practicado sexo anal sigue siendo virgen?"", se cuestionó con el grupo. clemente tampoco tiene miedo a reconocer su pasado al afirmar que, si un amigo homosexual suyo le hubiera dicho que ha perdido la virginidad de forma pasiva, le hubiera roto la cabeza, parafraseando sus palabras. andrés es bisexual y tiene 25 años. hace ya una década de su primera vez: ""fue algo terrorífico. solo tenía en la cabeza ser el mejor. nada más terminar pensé si eso que había ocurrido iba a ser así siempre"", afirmó. él, como la mayoría de los chavales de su edad, lo primero que hizo fue contárselo a sus colegas, aunque les mentía . ""ocurrió en casa de mis padres y la chica no me gustaba, pero quería perder la virginidad. con toda la presión no se me levantaba, y ella forzó la situación. me insultó diciendo que no servía para nada y eso lo trasladé a mis siguientes relaciones sexuales. mientras les decía a mis colegas que había follado, llegaba a casa llorando "", relata. y se hace una pregunta: ""¿la gente cuenta como primera vez si no se llega a correr ?"". esta confusión conceptual es resultado de lo que han aprendido de la expresión ""perder la virginidad"" y lo que cada persona a lo largo del tiempo ha resignificado. alfredo es el único católico del grupo. tiene 23 años y piensa que ""la virginidad es cómo uno mira, cómo uno siente "". pese a ello, eso de la primera relación sexual es algo que le consumía por dentro, en sus propios términos, ""y todo por culpa de las expectativas"". las personas lgtb: otras realidades no entendidas a sus 23 años, adrián es el único homosexual del grupo. por eso, su primera experiencia fue algo diferente: ""yo tenía un grupo de amigas que me echaban una mano para ligar con tíos. como tenía menos gente entre la que escoger, me entraba más prisa por hacerlo "", remarca el joven. el pánico fue tal que llegó a pensar que cuando entrara en la universidad sería la única persona de su curso que todavía era virgen. ""lo vivía como algo necesario, perderla. incluso un amigo más tímido se planteó recurrir a la prostitución"", prosigue. la primera vez llegó con un hombre con el que no compartía ningún componente afectivo, lo que redundó en la experiencia, carente de empatía: ""nos quedamos a medias y durante años pensé que aquella no había sido mi primera vez, sino más bien mi media primera vez"", dice en tono jocoso. estas personas se muestran incluyentes respecto al colectivo lgbt. pese a ello, las mujeres que tienen relaciones sexuales con mujeres denuncian sentirse excluidas del imaginario colectivo que entiende que sin la penetración de un pene no podría perderse la virginidad . ""hasta que un hombre no te penetra, no cuenta como sexo"" marta, bisexual con 20 años, afirma que ella siente que ha perdido la virginidad dos veces: con un hombre y una mujer, ya que nadie lo reconoció como tal cuando mantuvo relaciones sexuales con otra mujer. noelia también es bisexual. procedente de la india, a sus 24 años sabe bien que, cuando tuvo su primera relación sexual con una chica, nadie lo consideró perder la virginidad. ""hasta que un hombre no te penetra, no cuenta como sexo "", apuntilla. paula también tiene 24 años y es lesbiana: ""yo perdí la virginidad con un hombre porque todas mis amigas lo estaban haciendo y me convencí de que era el amor de mi vida, pero yo soy superlesbiana en realidad"". pese a haber mantenido su primera relación sexual con un hombre, cuando llegó al ginecólogo le preguntaron con quién mantenía relaciones. ella respondió que con otras mujeres, y la sanitaria dio por hecho que era virgen. según las palabras de paula, médica de profesión, hay una norma no escrita en ginecología que respalda que, si la paciente es virgen, no se la puede entrar por vía vaginal . ""he llegado a ver cómo a una niña de nueve años se le hacía una ecografía de ovarios y, en lugar de meter el ecógrafo por la vagina, se lo metían por el culo, y la madre estaba de acuerdo"", ejemplifica. perder la virginidad para ganar una losa personal ""cuando perdí la virginidad, sentí que también me deshacía de esa losa social que tenía encima, pero gané otra personal al no haber cumplido con lo que yo entendía en ese momento que tenía que ser la primera vez"", dice rubén. una de las principales maneras de entender la virginidad es quitarse un peso (social) de encima. también puede entenderse como una ofrenda o regalo que se le hace a una persona que quieres. esto, sobre todo, se observa en las mujeres, cuya actividad sexual históricamente se ha legitimado en entornos románticos, así como en personas religiosas donde se sigue señalando una mayor importancia de la virginidad en las mujeres. ""es muy sorprendente hasta qué punto tiene que llegar una persona para dar esa imagen pública y que no la vean como una fracasada"" raquel tiene 25 años y es pansexual, es decir, le puede atraer cualquier persona independientemente de su sexo o género. ella ha conseguido romper ese constructo llamado virginidad : ""nosotras no somos vírgenes que alcanzar por nadie. no soy una cosa, sino una persona con sentimientos"". andrea, procedente de una familia católica aunque ella sea atea, tiene 22 años y ha sido testigo de la presión que han sufrido sus amigas , ya no para mantener relaciones sexuales por primera vez, sino para que se supiera: ""algunas me han dicho en la intimidad que nunca lo han hecho. es muy sorprendente hasta qué punto tiene que llegar una persona para dar esa imagen pública y que no la vean como una fracasada "". en su caso personal, dice que le hubiera gustado hacerlo más adelante, y que si lo hizo fue por presiones de su pareja. las mujeres de este grupo, concienciadas respecto al consentimiento sexual , retoman este tema de conversación en un par de ocasiones más señalando la ausencia del mismo en la primera relación sexual de raquel. en su caso, se vio presionada a hacerlo por la supuesta retribución romántica que su pareja comprendía del hecho de ""entregar"" su virginidad. ¿dónde quedan los padres? a rubén no se olvidan las condiciones tan precarias en las que la chavalada suele tener sus primeras relaciones sexuales, en un parque o en esos 15 minutos en los que tus padres no están en casa, ilustró este joven. clemente, además, piensa que la opinión de los progenitores puede ser muy enriquecedora, y no solo la de tu ""colega el orangután"" , en sus propios términos. pero advierte: ""para eso, tus padres también tienen que leerte a ti como un adulto, que la conversación sea entre adultos, no de padres a hijos"". ""en la india, la noche de bodas tiene un nombre que significa \'la noche del marido"" en esta relación que se puede trabar entre padres e hijos, también está el cambio de culturas entre ambos. sonia, musulmana de 25 años, siempre ha sabido que debes probar a tu familia que llegas virgen al matrimonio ""y que la persona que te va a desvirgar es tu hombre , por así decirlo"". según su religión, debe perder la virginidad la misma noche de bodas, lo que le incomoda: ""yo no sé si estaré preparada para hacerlo esa noche. puedo estar nerviosa, o lastimarme, así que pienso que es algo que tiene que pasar cuando te apetezca, no impuesto"", agrega. noelia le responde: ""en la india, la noche de bodas tiene un nombre que significa \'la noche del marido "". es en este punto cuando otras mujeres del grupo respetuosamente apelan a sonia opinando que nadie debería de meterse en la vida sexual de una misma, ni siquiera los progenitores. marta recuerda cómo su madre le empezó a hablar de la virginidad cuando tuvo novio, pero no novia, como había sucedido con anterioridad. a paula le pasó algo diferente. cuando iba con sus novios de tapadera a casa, a sus padres no les hacía ninguna gracia, pero, cuando se echó novia, no tenía ningún problema . ""¿entonces qué les molestaba exactamente?"", se pregunta de forma retórica. porno y educación sexual siempre se ha dicho que la juventud adolece de la educación sexual necesaria para ser conscientes de lo que supone mantener relaciones sexuales. como mucho, alguna charlilla en el instituto con un condón y un plátano , pero poco más. como si no hubiera decenas de formas de vivir la sexualidad que también necesitan explicarse, la juventud busca otros referentes que suelen encontrar, más ellos que ellas, en el porno y el cine en general. sin ir más lejos, andrés pensaba hasta los 19 años que ""follar era hacer lo que hacían en los vídeos porno"" hasta que una chica le dijo: ""oye, que yo también quiero que me hagas cosas"". esto, tan extendido a lo largo de décadas, parece que empieza a cambiar, aunque tanto ellos como ellas sean víctimas de lo que les ha venido impuesto. ismael es el mayor de todos los presentes, tiene 29 años y recuerda cómo también para las mujeres puede llegar a ser un problema que el hombre no llegue al clímax . antonio disfrutó de sus primeras relaciones sexuales cuando tenía unos 12 años. ahora tiene 27 y la cosa ha cambiado bastante: ""me pregunto qué hubiera pasado si no hubiera conocido a ciertas personas que me han ido orientando y compartiendo cómo se han sentido conmigo en la cama"". esta suerte de autoeducación sexual no ha llegado sola. según agrega el joven, ""en el código que manejábamos los tíos no se planteaba posibilidad para el diálogo , y en eso ha influido para bien el feminismo"". y defiende la tesis de ismael: ""las mujeres también asumen ese rol de que es el hombre el que tiene la responsabilidad de tener que saber hacerlo todo, porque también están influidas. la película a tres metros sobre el cielo nos marcó. yo me llegué a pillar una chupa de cuero como la del protagonista para hacerme el chulo, y las tías me lo compraban"". ""muchas de nosotras tenemos nuestra primera relación sexual incluso antes de que nos masturbemos"" andrea también dedica unas palabras a la educación que reciben: ""muchas de nosotras tenemos nuestra primera relación sexual incluso antes de que nos masturbemos y conozcamos nuestro cuerpo y lo que nos gusta. llegamos ahí y no sabemos qué nos gusta, y por eso yo creo que las primeras veces en mujeres decepcionan tanto"". la ausencia intencionada de una educación sexual amplia e interseccional que desmitifique la primera relación sexual y que tenga presente todo tipo de prácticas sexuales más allá de la penetración resulta ausente en el aprendizaje del conjunto de jóvenes. ante esta situación, el porno es un agente más que reproduce roles de género perpetuando la cosificación de las mujeres y el papel de líder de la situación para los hombres. esto les genera fraudulentas ideas que tienen un impacto negativo en la primera relación sexual. a varios de los participantes les gustaría que la primera relación sexual fuera como otra primera vez más: como la primera vez que montas en bici o vas al cole, pero sin restar importancia al impacto que tiene el desarrollo de la erótica y las relaciones sexuales en la construcción psicosocial de las personas. clemente, cuya primera vez posiciona entre las tres peores experiencias sexuales de su vida, condensa bien lo explicitado en estas conversaciones con este comentario: ""si ahora me viera con 17 años, me diría una cosa: disfruta e intenta hacer disfrutar. la primera vez no te va a marcar para toda la vida"", concluye.']"
46,28,46_mujer_mujeres_tetas_prefiero,"['mujer', 'mujeres', 'tetas', 'prefiero', 'pene', 'hombres', 'hacerse', 'hombre', 'decisión', 'gustan']","['pero qué coño es mujer cis? una mujer es una mujer. lo otro es un enfermo mental con polla', 'yo soy mujer, ni cis ni nada, solo mujer, nací mujer, nadie que se autoperciba mujer pero tenga un pene entre las piernas, entero o cortado, puede sentir lo que siento yo hoy 31 de diciembre que me ha bajado la regla y estoy con dolor de barriga insoportable, con ganas de llorar y asqueada de la vida, y hace unos dias con dolor de tetas....estoy cansada de este tema. seré transfoba de esas pero me da igual, en este mundo nacen mujeres y hombres, machos ( xy ) y hembras ( xx) y son heteros, homos o bisexuales y los locos al psiquiatra, fin. y si algún día entro a un probador, vestuario o baño de mujeres y hay un tío, que se cree mujer pero no lo es y nunca lo será, lo saco a bofetadas. me parece indignante que tanto se hable de feminismo (falso feminismo ) pero ese es otro tema,...y quieran que hombres disfrazados ocupen nuestro lugar en todos sitios, es completamente absurdo. y jamás me metería a la cama con otra cosa que no sea un hombre que nació hombre.', 'que un tio normal prefiera una mujer a un tio no es nada.que una mujer tenga que ponerse ""aditivos"" porque gente que no son mujeres se llaamen mujeres es lo que da asco ya. una mujer es una mujer, un skoda con pegatinas de lambo es un fake, el lambo sigue siendo un lambo y el skoda no pasa a ser un lambo de imitacion...']"
47,28,47_pollas_polla_comer_cerdo,"['pollas', 'polla', 'comer', 'cerdo', 'podemitas', 'merkel', 'vete', 'unas', 'coño', 'salva']","['hay pollas , chochos y culos. a partir de ahí que cada uno haga lo que quiera con el suyo y punto pero no me marees a los niños.', 'tú eres más de pollas blancas y jugosas no?', 'tocate la polla con los marqueses']"
48,27,48_religión_sí_sociedad_siglos,"['religión', 'sí', 'sociedad', 'siglos', 'vecino', 'sí sí', 'estilo', 'últimos', 'moral', 'recibir']","['no cristiana qué va, incluso aunque no se defina a sí misma como cristiana. nuestra sociedad tiene una moral cristiana, por ser la religión mayoritaria y por herencia, y se legisla con respecto a la moral de la sociedad.', 'no hay por que expulsarles, con limitar el ejercicio de su religión al interior de su casa es suficiente. pero eso sí, nada de proselitismo ni mucho menos forzar situaciones en el trabajo o espacios públicos al amparo de una supuesta ofensa a sus creencias. pueden desfilar, procesionar o manifestarse como cualquiera pero nada de exigir a terceros adecuar vestimentas, asumir tradiciones bárbaras o recibir trato de favor u horarios especiales en el trabajo.', 'a los fundamentalistas de cualquier religión, todos fuera. a quienes viven su fe en el ámbito doméstico y en templo de culto, que respetan la laicidad del estado (con calendario laboral cristiano porque es la tradición mayoritaria) y a su vez acepten la diversidad religiosa sin meterse con el estilo de vida del vecino. esos pueden quedarse; ya sean pentacostales, alauitas o sij.']"
49,26,49_pillo sitio_pillo_sitio_voy,"['pillo sitio', 'pillo', 'sitio', 'voy', 'interesa', 'estoy', 'trotona', 'parque', 'upeo', 'puesto']","['pillo sitio', 'pillo sitio', 'pillo sitio']"
50,26,50_siria_sirio_sirios_clase media,"['siria', 'sirio', 'sirios', 'clase media', 'media', 'clase', 'xdd', 'capita', 'alrededor', 'pib']","['la clase media que tu digas va a ser lo que tu digas aquí la clase media es de mentira y en siria es de verdad xdd este hilo es una mina joder xdd', 'perdona vienes aquí soltando tonterías como que los sirios son gente de clase media, te excusas con que ""lo decían en la tele"" en la sexta imagino que dirían una gilipollez de semejante tamaño. para todo lo demás tienes google oye, es magia, cuando algo no te cuadra usas el buscador y te lo encuentra. pero vamos que sin saber el pib por capita cuando te respondí la primera vez ya sabía que eran un país pobre. solo un tonto se pensaría que ese país tiene riqueza, cuando por no tener no tiene ni petróleo.', 'obviamente me refería a que aquí los pintais de muertos de hambre para abajo. no he dicho en ningún momento que fuesen clase media y mucho menos que fuesen clase media parecida a la española. entiendo que el shur se refería a que muchos sirios en su país eran clase media, si él no se refería a eso error mío, pero no me vengas a faltar al respeto. te he dicho que muchos sirios mandaban a sus hijos a estudiar a europa, y no eran precisamente de la familia del presidente. y comentaré en el foro cuando me venga en gana.']"
51,26,51_gracias_agradecido_españa más_creando,"['gracias', 'agradecido', 'españa más', 'creando', 'oh wait', 'sano', 'muchas gracias', 'wait', 'estáis', 'nacidos']","['gracias.', 'gracias por la mención!', 'gracias progresistas @ jorge34 @ esmash4 @ oyios']"
52,25,52_normal_homosexualidad_naturaleza_homosexuales,"['normal', 'homosexualidad', 'naturaleza', 'homosexuales', 'especie', 'natural', 'normales', 'homosexual', 'mariquita', 'norma']","['pues siento decirte que sí es normal. se da en la naturaleza de forma normal en distintas especies.informáte un poco anda y luego vuelves.de todas maneras aquí en forohomófobos no me voy a poner a educar a nadie a estas alturas. ojo, no hago juicio moral alguno.pero normal, es puesto que existe ampliamente en la naturaleza.', 'si es que yo no voy a que se desprecie o no.a lo que voy es que si es normal en la naturaleza. es que algunos os empeñais en mezclar sexo, sexualidad, género y reproducción.y de ahí los comentarios sobre normal anormal y demás. ni idea de cuantos homosexuales había en mi colegio ni en la universidad, ni en el trabajo (aunque en el trabajo creo que sí hay una media bastante alta) pero es que además me es indiferente por que que haya homosexuales en la especie humana me parece normal. p.d: disculpa si te he ofendido, no quería faltar.', 'busca ""normal"" en el diccionario. normal adjetivo 1. que sirve de norma o regla. ""la ciencia normal es la investigación basada firmemente en una o más realizaciones científicas que una comunidad científica particular reconoce, durante cierto tiempo, como fundamento para su práctica"" 2. que se ajusta a cierta norma o a características habituales o corrientes, sin exceder ni adolecer. ""utiliza un lenguaje normal, sin excesivos recursos lingüísticos; tiene una altura normal para su edad"" 3. que ocurre, se hace o se repite con frecuencia o por hábito. ""es normal escuchar expresiones de aburrimiento entre los asistentes; lo normal es que el léxico característico de cada profesión esté formado por tecnicismos"" sinónimos: habitual']"
53,25,53_lee_qué_qué coño_pudiera,"['lee', 'qué', 'qué coño', 'pudiera', 'infinito', 'quedo', 'falso', 'jodas', 'palabras', 'coño']","['pero qué es esto!', 'pero qué coño', 'lee, lee...']"
54,25,54_europa_entera_crees_traer,"['europa', 'entera', 'crees', 'traer', 'está pasando', 'cree', 'pasando', 'europeos', 'políticas', 'ong']","['y de europa', 'europa no tiene salvacion', 'europa se muere']"
55,24,55_francia_frontera_cerca_francés,"['francia', 'frontera', 'cerca', 'francés', 'manden', 'estados unidos', 'unidos', 'musulmanes', 'llegada', 'estados']","['más cerca de francia', 'el problema del país vasco causó grandes problemas en el sur de francia y supongo que estarías en contra de prohibir la entrada de españoles a francia. dicho esto, no hablaría de un problema importado cuando francia ha enviado más combatientes al isis que muchos países árabes, precisamente si en europa hay musulmanes tan radicales es porque nuestros gobiernos han dejado que en europa se instalasen mezquitas con una visión radical del islam a cambio de acuerdos comerciales. por poner un ejemplo, francia tiene un 9% de musulmanes, en el año 2010 en grecia un 5%, que con la llegada masiva de refugiados desde 2008-2009 supongo que se habrá incrementado aún más, y aunque la amenaza terrorista sea global no tienen ni de lejos los mismos problemas que francia. en estados unidos el número de musulmanes, y eso que hay muchísimos de conversos, es del 1% y eso no ha evitado que sea el país occidental con más víctimas a manos del terrorismo yihadista. argentina, por otra parte, tiene una enorme comunidad árabe y pocos problemas verás. es por eso que no todo es tan simple como lo quieres pintar, ni todo es blanco o negro, ni tampoco vas a solucionar el problema del yihadismo global expulsando al mohamed que te vende el kebab en la esquina de tu calle, hay que ser muy iluso para creer eso.', 'esos ya están en francia']"
56,23,56_esperaba_podía_he visto_detalle,"['esperaba', 'podía', 'he visto', 'detalle', 'lol', 'saber', 'caído', 'valla', 'podia', 'visto']","['españa no te esperaba', 'vaya, no me lo esperaba!!!', 'vaya, no me lo esperaba.']"
57,22,57_clase media_clase_media_dólares,"['clase media', 'clase', 'media', 'dólares', '1700', 'alta', 'ricos', 'pobreza', 'renta', 'pobres']","['1700 dólares de renta por capita anual y vienes aquí a contarnos que son clase media venga tio que puto asco dais los mentirosos', 'la clase media alta de un país que tiene una renta per capita de 1700 dólares gana 4000 dólares al año. te disculpo porque se que eres tonto.', 'gente de clase media xddddddd']"
58,22,58_salva_suya_piernas_jajajajajajaja,"['salva', 'suya', 'piernas', 'jajajajajajaja', 'jajajajaja', 'razas', 'foto', 'saludos', 'jajajaja', 'empieza']","['jajajaja, el hermano es el que trabaja en el doner kebab de mi barrio!!', 'yo una fp jajj saludos y gracias por tu misericordia salva razas', 'jajajajaja + plus de attw. y va y en vez de pasar fotos pasa sus participaciones de attw en el hilo de ""adelgaza con nosotros"" mas una foto suya cortada por el cinturon de sus piernas embutidas en unos colombianos ballenato attw confirmed. y si no lo fuera, pues chubby exgorda.']"
59,22,59_turquía_turquia_familia_vuelo,"['turquía', 'turquia', 'familia', 'vuelo', 'siguiente', 'alli', 'desagradecido', 'mandaba', 'desagradecido mierda', 'puto']","['quiere reunificarse con la familia que está en turquía? pues nada puto desagradecido, a turquía deberían mandarte.', 'a turquía, solo ida', 'que reunifiquen a la familia mandándolos a ellos a turquía']"
60,22,60_1000_000_10_100 000,"['1000', '000', '10', '100 000', 'vendrán', 'refieres', 'oh wait', 'wait', 'pobrecitos', 'ultimo']","['+1000', '+1000', '+1000']"
61,21,61_visto_venía_había_estuve,"['visto', 'venía', 'había', 'estuve', 'pensaba', 'video', 'he visto', 'pasando', 'peli', 'pensé']","['ya lo había visto y ya me había cagado en sus muertos. ahora me reitero', 'y yo q pensaba q había visto de todo', 'venía a escribir esto, pero lo he visto con satisfacción en la pole, así que me doy media vuelta y me piro por donde vine']"
62,21,62_ignorados_argumento_escribir_dejan,"['ignorados', 'argumento', 'escribir', 'dejan', 'sois', 'follamoros', 'tonto', 'sanos', 'hombre', 'imbéciles']","['mejor meteme en ignorados y punto. yo haré lo mismo y ni yo tendré que ver tus mierdas ni tu las mias. ¿te parece? aunque me da bastante igual lo que te parezca o deje de parecer', 'hombre de paja. no he dicho eso en ningún momento. estás quedadon como un paleto sinceramente, debes apreciar poco tu dignidad.', 'mira tonto sin remedio serás tú.""podía quedarse y luchar"".comentario de flipado imbécil intregral que conoce al 100% la vida de esa persona. es que sóis simples a más no poder. cuanto bocazas.']"
63,20,63_nazis_fascista_obrera_portada,"['nazis', 'fascista', 'obrera', 'portada', 'ultraderecha', 'lucha', 'segun', 'rajoy', 'maroto', 'palizas']","['estoy hablando de la relacion de esos ""nazis"" con pp o c ́s, que no tiene ningun sentido, y lo hacen solo por meter mierda. todas esas manifestaciones de las que hablas estan poltizadas, por partidos politicos, sindicatos o movimientos afines a algun partido politico. los ""nazis"" tambien hacen manifestaciones y movimientos sociales, pero solo reciben criticas y mierda. tendria mas sentido en esa portada que saliera el amigo tsipras, que es el que gobierna junto a los ""nazis"" en grecia', 'pero qué me cuentas tú de la portada, me la suda el jueves. y ultraderecha no es lo mismo que nazis, pero tú a lo tuyo. y lo deciden los hechos, como cuando la burguesía alemana se sirvió de hitler para reprimir a comunistas y socialistas o como hoy en día, por poner un ejemplo, los nazis de amanecer dorado reciben dinero de grandes empresarios para dar palizas a sindicalistas en huelga.', 'y eso donde lo pone o quien lo decide?? ademas, precisamente los nazis como movimiento son pura lucha obrera, si nos ponemos asi... osea que segun tu, es normal que salga rajoy en la portada por que segun tu esta interesado en frenar la lucha obrera, pero no es normal que saliera tsipras que es el que gobierna con esa misma ultraderecha aka nazis...']"
64,20,64_enorme_ay_xdd_dan,"['enorme', 'ay', 'xdd', 'dan', '11', 'chavales', 'subnormales', 'eh', 'siento', 'grande']","['enorme!!', 'xo q dics lko? jajajjjjjajajjaj!!!111!11!one! xdd', 'ay la virgen!! eso nos pasa por subnormales!!']"
65,20,65_sacan_mugre_nuevo_duda,"['sacan', 'mugre', 'nuevo', 'duda', 'nazis', 'prefiero', 'moros', 'olvidan', 'sanas', 'repite']","['yo prefiero estar rodeado de nazis que de gitanos o moros. sin duda.', 'ahí no estoy de acuerdo, son un brazo del poder para moldear la sociedad. si no te sacan lo de israel, nadie hablaría de israel. si no te sacan lo de la manada, no habría escándalo de la manada. si no te sacan la invasión, más bien la justifican, no hay escándalo hasta que tu barrio es como kabul.', 'tranquilos, la historia siempre se repite y castiga duramente a los que la olvidan. surgirán unas nuevas ""cruzadas"" y un nuevo ""reich"" y, si no, al tiempo. el pueblo ""llano"" se está hartando de respetar sin que les respeten y que todas las ayudas sociales vayan a parar al extranjero por lo que, tarde o temprano, habrá un nuevo ""holocausto"", ¿las víctimas? pues, mayormente, moros y judíos.']"
66,19,66_troll_espero_abre_majo,"['troll', 'espero', 'abre', 'majo', 'peña', 'tratando', 'olvida', 'pedazo', 'jajaja', 'madre mía']","['troll cansino', 'hilo troll del dia.', 'tiene que ser troll']"
67,18,67_vuelva_venido_viaje_nueva,"['vuelva', 'venido', 'viaje', 'nueva', 'mandarlo', 'reviente', 'vuelta', 'tierras', 'chupar bote', 'vino']","['pues si tan terrible le parece cómo se le ha recibido que se vuelva por donde ha venido. puto desagradecido de los cojones', 'que se vuelva por donde ha venido. uno menos.', 'que se vuelva d donde ha venido']"
68,18,68_piso_pisos_zona_viviendas,"['piso', 'pisos', 'zona', 'viviendas', 'alquiler', 'precio', 'barrio', 'coche', 'cuatro', '600']","['no se si has buscado piso últimamente para saber como están los precios. en valencia no encontrarás piso por menos de 600, 600 pavos qué es casi la mitad de un sueldo de un currito de a pie. eso que tenemos más recursos no es así del todo. para que una persona viva en un piso, digamos ""normal"" necesita ganar de 2000 para arriba y tener también sueldo de la pareja. una pareja de mileuristas compite directamente contra los extranjeros de pocos recursos, porque se puede permitir el mismo precio de alquiler.', 'efecto dominó y tal. el piso al que normalmente optaría fran, un joven que está empezando a trabajar y que no gana mucho aún, está ya cogido por 8 extranjeros que viven hacinados. fran decide hacer un esfuerzo y se busca un piso en una zona más cara. ese piso, a su vez, sería en condiciones normales el prototipo de piso por calidades y precios de josé luis el contable, que a su vez se ve forzado a buscar piso en una zona algo más cara porque ahí ya vive fran. y así sucesivamente.', 'si hay algun moro / sudaca leyendo esto le explico el porque voto si te lo explico rápido. en mi edificio hay tres viviendas habitadas (abarrotadas sería más adecuado) por sudamericanos. todas generan problemas graves de convivencia por actuaciones molestas con ruidos, música, perros sueltos, peleas, gritos... que no se producen en el resto de viviendas ocupadas por españoles. siempre que viene la policía, es a la casa de uno de los vuestros. gritos en medio de la noche, tirar la basura por el balcón... todo vale. y te diré más. exactamente lo mismo ocurría en el último edificio en el que viví. lugar en el que os metéis, lugar en el que ya no se puede vivir porque convertís hasta el paraíso más tranquilo y agradable del mundo en una pequeña sudamérica (con todo lo que ello conlleva, no en vano salisteis de ahí corriendo luego tan estupendo no debe ser ese lugar). voy por la calle: si paso a 50 metros de una peluquería dominicana escucho la música de mierda que os gusta a todo trapo. si paso debajo de la terraza de uno de vuestros pisos escucho los gritos salvajes. llego a mi coche y me encuentro a cuatro bolivianos borrachos sentados en el capó bebiéndose una litrona. paso por las canchas y me encuentro a una masa de panchitos ebrios con la excusa del ecua-boley, vendiendo comida sin controles sanitarios y meándose en las farolas. si voy al hospital siempre hay una panchita con los pies en los asientos, si voy en autobus siempre hay un panchito escuchando música en el altavoz del movil. el otro día me paré a ayudar en un accidente de tráfico, el que lo había provocado era uno de los tuyos ""contentillo"". ¿las últimas broncas que he visto por la noche? sudamericanos. ¿hay lío en la oficina del inem? sudamericanos. y no me hagas comentarte de primera mano lo que habeis hecho con la educación de este país desde que empezasteis a matricular niños en los colegios públicos porque puedo perder los nervios. ¿sabes que pasa? que no os habré conocido a todos, pero he conocido a suficientes de los vuestros como para poder permitirme generalizar. os quiero lejos cuando busco un piso, os quiero lejos de mis niños en el cole, os quiero lejos cuando viajo en transporte público y os quiero lejos si me tomo algo en el bar. por cierto, nada de esto tiene que ver con vuestra raza (que por otra parte tampoco tengo muy claro cual es), así que ahórrate lo de racista. tiene que ver única y exclusivamente con la educación.']"
69,17,69_alemania_gobierno_sirio_esperaba más,"['alemania', 'gobierno', 'sirio', 'esperaba más', 'españa', 'encuentra', 'esperaba', 'joven', 'esperaba más españa', 'instituciones']","['esto me ha dejado un poco ""a pesar de que las instituciones públicas han puesto viviendas, manutención e, incluso, matriculación universitaria gratuita para los demandantes de asilo, el joven sirio lamenta que la ayuda española es insuficiente. (...) se encuentra decepcionado porque “esperaba más” ."" me llama la atención dos cosas: la primera es la falta total de gratitud que muestra ese chico en concreto (no sé si en otro momento de la entrevista se mostraría agradecido). es decir, está claro que españa no pasa por su mejor momento, pero las instituciones están haciendo esfuerzos (no entraré en si se equivocan al hacerlos o no) para poder cubrir casi todas las necesidades básicas de esa gente que está viniendo. pues bien, le ponen un techo, comida, alguna paga que no habrá dicho, sanidad, etc. pero aun así es insuficiente. lo segundo por tanto que me llama la atención es que si todo lo que le han/hemos dado (porque al fin y al cabo todo lo que le han dado sale de nuestros impuestos) es insuficiente, ¿qué más se esperaba que le dieran al venir? ¿barcos y putas? porque de verdad no entiendo nada.', 'efecto llamada. viva la pp el gobierno cede a las peticiones del refugiado sirio que “esperaba más de españa” según recoge rtve, el gobierno español ha concedido protección subsidiaria al joven sirio abdsalam haj taher . esta nueva situación jurídica permitirá a abdu el acceso a la vivienda, universidad gratuita y subvenciones adicionales a las que venía percibiendo , reservadas a los demandantes de asilo. igualmente, podrá traer a españa al resto de su familia , aún en turquía, que gozará de los mismos privilegios que abdsalam .', '“mis amigos en alemania reciben más ayudas, tienen de todo” , denuncia abdsalam haj taher en rtve. a pesar de que las instituciones públicas han puesto viviendas, manutención e, incluso, matriculación universitaria gratuita para los demandantes de asilo, el joven sirio lamenta que la ayuda española es insuficiente. en unas declaraciones para el canal 24 horas de rtve , abdsalam cuenta que decidió venir a españa debido a que su hermano residía en nuestro país desde hacía años, pero que se encuentra decepcionado porque “esperaba más” . asimismo, ambos hermanos, anuncian que hablarán en unas jornadas de puertas en el tribunal supremo, donde exigirán reunificar a su familia que aún se encuentra en turquía. - - - - - - el gobierno cede a las peticiones del refugiado sirio que “esperaba más de españa” según recoge rtve, el gobierno español ha concedido protección subsidiaria al joven sirio abdsalam haj taher . esta nueva situación jurídica permitirá a abdu el acceso a la vivienda, universidad gratuita y subvenciones adicionales a las que venía percibiendo , reservadas a los demandantes de asilo. igualmente, podrá traer a españa al resto de su familia , aún en turquía, que gozará de los mismos privilegios que abdsalam .']"
70,16,70_cárceles_cárcel_grave_saber,"['cárceles', 'cárcel', 'grave', 'saber', 'delincuencia', 'delincuentes', 'nombres', 'multa', 'sabrá', 'puesto trabajo']","['siempre está la opción de quedarse y delinquir, las penas son de risa y las cárceles aquí son hoteles.', 'tampoco hay que ser muy avispado para saber eso hace años .la mayoría son gente de las cárceles que los mandan para aquí.', 'ese director de cárcel es nombrado por un político cuyo partido defiende la inmigración masiva, el multiculturalismo y ha enviado directrices de prensa para que los periódicos traten de anular la conexión entre inmigración y delincuencia. ese tipo se juega su puesto de trabajo si dice la puta verdad. por eso dice esa estupidez, que sólo se creen los subnormales, los políticos, y los sin criterio. hay que tener 10 años para saber que hay una brutal conexión entre inmigración y delincuencia. cualquiera lo puede ver, y no sólo en españa, en toda europa, empezando por suecia, holanda y francia y acabando en españa. quien no lo vea es un ser putrefacto pq lo políticamente correcto le impide ser racional y atender a la realidad constatable.']"
71,16,71_video_vídeo_documental_bulo,"['video', 'vídeo', 'documental', 'bulo', 'revés', 'edito', 'minuto', 'edit', 'verlo', 'digna']","['up , aunque el video tmbn sea bulo', 'me parece más serio este video', 'aquí el video']"
72,15,72_din_pedazo_así_,"['din', 'pedazo', 'así', '', '', '', '', '', '', '']","['din', 'din.', 'din din din']"
73,15,73_positiva_igualdad_discriminación_empresas,"['positiva', 'igualdad', 'discriminación', 'empresas', 'lgtbi', 'colectivo', 'políticas', 'mismos derechos', 'privilegios', 'lgtb']","['pero no se da preferencia a personas concretas, sino a empresas que apliquen políticas de igualdad. que obviamente es verdad que esto es muy subjetivo y para algunos las políticas de igualdad no son suficientes si queda más de un 40% de hombres. pero no está favoreciendo a personas concretas sino a instituciones.', 'yo quiero que tengan los mismos derechos que yo. ni más ni menos. no quiero discriminación, ni negativa ni positiva. creo que eso ahora es ser de vox, no?', 'bueno, pero ahí no se dice que se vaya a aplicar discriminación positiva al colectivo lgtbi como si se hace en muchos sitios con las mujeres, simplemente que se dará preferencia en los contratos públicos a empresas que apliquen políticas de igualdad. aunque reconozco que esto queda muy abierto e impreciso y que esas políticas de igualdad en algunos casos podrían llegar a extremos absurdos como poner una cuota lgtbi. pero vamos, que ahora mismo no me consta que haya empresas contratando preferentemente al colectivo lgtbi. saludos.']"
74,15,74_this___,"['this', '', '', '', '', '', '', '', '', '']","['this', 'this', 'this']"
75,15,75_esperaba_unico_esperaba más_irnos,"['esperaba', 'unico', 'esperaba más', 'irnos', 'entrar', 'contraria', 'caído', 'más lejos', 'quizá', 'hacían']","['entonces era el unico que esperaba algo de españa, menudo flipao.', 'que le follen yo esperaba más de los rapefugees', 'coincido con el, esperaba mas de españa... esperaba que no dejase entrar a esta gentuza']"
76,14,76_ti_vale_majo_gustos,"['ti', 'vale', 'majo', 'gustos', 'integrado', 'tuyos', 'cuales', 'digas', 'mío', 'respuesta']","['no. esos son para ti y para mi.', 'para ti ?', 'vale, lo que tú digas, majo']"
77,14,77_malo_tontos_quieran_cagando,"['malo', 'tontos', 'quieran', 'cagando', 'somos nosotros', 'andalus', 'abren', 'tuvieran', 'próxima', 'valientes']","['no los ahi shur. son chavalotes que a veces les da por camelar con robos y esas cosas, pero solo un porcentaje infimo de ellos. asi que adelante y chupasela a ese menita que llevas semanas viendo por tu barrio', 'no son espabilados ni nada y nos han visto la cara de tontos, para así sufragar la crianza de su próxima prole que habrá de recuperar al andalus...', 'no sé por qué no me sorprende, son escoria cara dura. y los tontos somos nosotros por abrirles las puertas.']"
78,14,78_mierda_sociedad_lamentable_absoluta,"['mierda', 'sociedad', 'lamentable', 'absoluta', 'jodido', 'puta mierda', 'significa', 'manos', 'he visto', 'pena']","['¿pero en qué deriva de mierda ha caída esta sociedad?', 'el mundo se va a la mierda.', 'definitivamente el mundo se esta yendo a la mierda.']"
79,13,79_progres_progreso_maldita_defienden,"['progres', 'progreso', 'maldita', 'defienden', 'defiende', 'ideas', 'dirán', 'franco', 'capital', 'defender']","['problemas de los progres.', 'son progres insanos', 'las pateras que emocionaron a los progres...']"
80,13,80_cultura_catalanes_nuestra_islam,"['cultura', 'catalanes', 'nuestra', 'islam', 'herencia', 'sangre', 'historia', 'mezcla', 'alcohol', 'españoles']","['[quote=chimeto;210420017]lo que hay que ser muy gilipollas para decir que españa pertenece a los musulmanes y encima decirlo públicamente.[quote] sólo porque te diga que la tierra no es tuya no significa que sea de otra persona. mira al suelo, al cielo y al mar y piensa que están bajo tu control y dominio si te sientes mejor. pero las palabras mozárabes están en tu boca, su sangre en tus venas y, te guste o no, su cultura forma parte de tu cultura (porque estuvieron siete putos siglos rigiendo estas tierras y cuando no lo hicieron se integraron)', 'bueno lo del mestizaje... los españoles a lo largo de la historia hemos sido folladores natos zumbandonos a casi todas las razas que nos han hecho tilin y conquitandolos por la fe y nuestra cultura. somos una mezcla de todo un poco, tenemos sangre de iberos, de romanos, de godos, de moros, un poquito de sangre vikinga y otro poco de otros lados. lo que nos hizo fuerte fue nuestra fuerza, nuestra voluntad, nuestra cultura, nuestra moral y convicciones (en sus buenos tiempos), nuestro interés por explorar y nuestra libertad, por eso debemos luchar, por seguir siendo nosotros con nuestra cultura, potencial y que no nos la arrebaten.', 'te explicaría lo que fue la expulsión de los moriscos, te explicaría que la expansión de al-andalus fue muy lenta y en ocasiones solo testimonial en parte del norte de la península (800 años de ocupación los hubo en el antiguo reino de granada y da gracias), te explicaría que españa después adopto un catolicismo extremo... pero no me pagan por darte clases de historia. así que te lo explicaré con ejemplos acordes a tu edad mental: el islam prohíbe el alcohol ; españa es de los países que más alcohol se consume de europa el islam limita la libertad de la mujer ; en españa las mujeres gozan de más derechos que los hombres. el islam prohíbe la carne de cerdo ; en españa del cerdo se come hasta el hueso el islam prohíbe sobre todas las cosas la burla al profeta, a su religión, etc ; en españa, a pesar de su pasado católico, raro es aquel que no se caga en dios y el laicismo está completamente aceptado. y podríamos seguir un buen rato...ahí tienes lo que nos parecemos a los moros, lo que queda de los 800 años de ocupación es un gran legado arquitectónico y algún acomplejado con pintas de moro que desconoce su historia bonus track: catalanes y vascos, a los que según tú no nos parecemos nada, cumplen todo eso también']"
81,13,81_gitanos_paso_sí sí_lleven,"['gitanos', 'paso', 'sí sí', 'lleven', 'sí', 'tajada', 'panchis', 'lacra', 'catalanes', 'tiro']","['que se vayan todos y de paso de lleven a los gitanos.', 'y de paso a los gitanos también', 'y a los gitanos tambiñen']"
82,13,82_impuestos_pagas_pagar_suya,"['impuestos', 'pagas', 'pagar', 'suya', 'llego', 'impuesto', 'dinero', 'minimo', 'verdadero', 'chalet']","['no es magia, son tus impuestos', 'ni es magia. son tus impuestos', 'no es magia, son tus impuestos']"
83,12,83_estrellas_obvio_he leído_cinco,"['estrellas', 'obvio', 'he leído', 'cinco', 'interesante', 'dies', 'leido', 'doy', 'dejo', 'encima']","['5 estrellas shur, menuda currada.', '5 estrellas', 'vaya currada... 5 estrellas']"
84,12,84_refiero_trabajar_horas_pd,"['refiero', 'trabajar', 'horas', 'pd', 'pedir', 'fuertes', 'abren', 'lujo', 'extremo', 'duele']","['aquí en gran canaria no solo no trabajan sino que sus hijos no están escolarizados. salen a la calle a partir de las 8 o las 9 y no es difícil ver niños de 3 y 4 años a las 2 de la mañana corriendo por ahí. además de que como te acerques al mcdonalds o algo los ves ahí gritando y chillando en su lengua y robando wifi. pd. eso sí todos con iphones, pelucos caros y joyas.', 'si, me refiero si no te queda absolutamente ninguna otra alternativa para dar cobijo y alimentación a quien depende de ti. yo en ese caso extremo haría lo necesario siempre tratando de dar un palo a alguien a quien le sobre', 'yo también. a mí me vienen de lujo en la temporada del algodón, cuando hay grandes reformas en la finca y cosas así en general. y como no pueden protestar ni denunciar nada, pues los pongo a trabajar a veces hasta 18 horas. pero están fuertes, los hijos de puta. cargan los sacos de cemento que hagan falta y hasta el último minuto de la jornada. los del algodón ya son bastante más porculeros, que a las 15 horas ya se están quejando de que les duele la espalda. me estoy planteando sacar el látigo otra vez.']"
85,12,85_mientras_queja_servicios_euros,"['mientras', 'queja', 'servicios', 'euros', 'aquí españa', 'país', 'local', 'españa', 'españoles', 'español']","['falso incrementa el pib del país pero reduce los salarios, comparar un pais como alemania donde casi hay pleno empleo con españa es de querer engañar a la gente,vamos a los únicos que benefician es al empresario ezpañol medio que se niega a pagar mas mientras el currito medio tiene que competir contra gente que para ellos un buen sueldo es 500 euros... y si la cultura local se pierde porque la mayoria inmigrante ni los hijos de estos se adaptan a la cultura local (bandas latinas por ejemplo) aumenta la delincuencia y lo mas importante hacen bajar la calidad de vida a los autoctonos de ese país como ha pasado en francia, suecia etc... vamos el libegalismo en estado puro, aumentar el pib del pais a cambio de joder a la clase obrera autóctona.', 'a ver si lo entiendes, allí siendo un tío que ""lo gana bien"" no llegaría ni a los 200 euros al mes. por lo tanto, aquí en españa, aunque lo metieran a vivir en las 3 mil viviendas, viviría mejor que en su país, aunque fuera de los que están bien posicionados. en otras palabras aquí aunque lo manden a vivir a una chabola tiene que callarse y estar agradecido porque ya esta mejor de lo que estaría en su país. y a todo esto te adelanto que no les han metido en ninguna chabola. mientras tu y yo por un piso así pagaríamos 500-600 euros aquí en terrassa por ejemplo, no te voy a hablar ya de pisos en barcelona, o badalona por que ya subiríamos hasta los 900. mientras tanto se jactan de que hay gente en españa pasando hambre, pero ese es otro tema.', 'si os sacarais las gafas de vuestro adoctrinado nacionalismo español, podréis ver que el hombre tiene parte de razón. él no se queja de recibir poco dinero o pocos bienes. pues lo básico lo tiene: vivienda, manutención y educación para los hijos. se queja que mientras en otros países los servicios públicos funcionan y tienen programas integrales que no se limitan a dar dinero sino un acompañamiento (sea a refugiados parados, personas en riesgo,...) en españa se está acostumbrado a servicios públicos que responden más a la comodidad del funcionario (limitarse a hacer la transferencia de pasta cada mes al refugiado) en lugar de currar para dar un servicio y una atención de calidad al beneficiado que incluya acompañamiento, programas de integración, etc. pero españa es así, un país cutre pero lleno de nacionalistas españolistas adoctrinados.']"
86,12,86_visado_permiso_trabajo_opción,"['visado', 'permiso', 'trabajo', 'opción', 'empresa', 'trabajar', 'españa', 'clases', 'año', 'laboral']","['la novia mexicana de un amigo vino a estudiar a españa y aquí se conocieron, cuando terminó los estudios tuvo que volver a su país y solicitó un permiso/visado o como se llame para venir de turista pero ya no le permiten seguir renovando. no tiene permiso de trabajo pero está valorando quedarse de ilegal cuando se le acabe el plazo. tal como funcionan las cosas en españa estoy completamente seguro de que podrá trabajar en españa en b hasta que consiga su permiso de residencia, aunque tarde años, estoy seguro pero... ¿¿se puede dar de alta a alguien que no tiene permiso de trabajo y está como turista o incluso con visado caducado?? o está condenada a currar en b?? thanks!', 'mensaje original buenas shurmanos, abro este hilo para ayudar a un amigo mío. es buena persona y se merece todo lo bueno que le pase. se trata de un colombiano de 31 años. tiene un grado universitario en marketing y un diplomado en gestión de logística. emigró a barcelona en diciembre de 2019 para realizar un máster. pero debido al covid, se quedó sin beca, sin clases y sin nada. desde entonces, ha estado trabajando en b de todas las formas posibles. actualmente lleva tres años y un mes en españa, por lo que podría regularizar su situación y pedir el arraigo social, siempre y cuando una empresa le ofrezca un contrato laboral. nada más. el tío está correteándose toda barcelona en busca de trabajo y todo el mundo le rechaza por eso mismo, porque su situación en españa es ilegal. entiendo que esto es un hilo para ayudarle y tengo que venderlo bien, pero desde la sinceridad más absoluta y sin tapujos: el tío es una persona de puta madre y muy trabajadora. solo necesita que le den ese empujoncito y poder hacer vida aquí en españa. si algún shur estaría interesado en contratarle, sería de agradecer... gracias de antemano. sobre su experiencia laboral en colombia, ha trabajado de lo siguiente: auxiliar en logística (coopservir ltda.) 2 años. auxiliar en servicio al cliente (coopservir ltda.) 1 año. auxiliar en mercadeo (coopservir ltda.) 1 año. asesor comercial (tour vacation hoteles azul s.a.s) 6 meses. asesor comercial (avianca s.a) 2 años. auxiliar en servicio al cliente (industrias nki s.a) 1 año. auxiliar administrativo (industrias nki s.a) 2 año. asistente de dirección (rh s.a.s) 2 años 1⁄2. sobre su experiencia laboral en españa (en b): ayudante en el sector de las reformas (ahora en cuanto pueda se lo pregunto, pero estuvo un tiempo currando de esto). ayudante de cocina en un restaurante italiano (1 año) pintor. actualmente se está sacando algo de dinero pintando pisos él solo, pero la faena viene a cuentagotas y no le da para vivir. actualización 26/01/2023 acabamos de descubrir que mi colega está vendiendo sus cosas a la desesperada. sabía que estaba mal la cosa, pero no hasta ese punto... me rompe el corazón. me ofrezco como electricista por barcelona para hacer algún trabajito en negro, con la condición de que me traeré a mi amigo, y lo que gane ese día, se lo daré en su totalidad a él. no churros. he sido electricista (ahora me dedico a la rama industrial) y tengo el grado superior de automatización y robótica industrial, para que se vea que no soy un chapuzas. esto parece un anuncio churrero para venderme, y creedme que aunque me haga falta dinero, no sería capaz de maquillarlo con la historia de mi amigo. solo quiero ayudarle, os lo juro. no quiero ganar pasta yo, sino que la gane él. a parte de que llevo 6 años en el foro y nunca he trolleado.', 'se avecina tocho pero es tema serio...y os agradecería ayuda. mi pareja que tiene nacionalidad y reside en usa quiere venirse a vivir a españa, sí, conmigo. el caso es que estamos mirando la manera para que consiga un visado que le permita trabajar aquí. he visto en la web del mae que existe el visado de larga duración para trabajar pero parece ser que la única manera de conseguirlo es que una empresa de aquí le haga una oferta de trabajo y la propia empresa tramite el visado. me parece que va a ser algo complicado tal y como esta el panorama que una empresa quiera realizar dichos tramites (pero igualmente está enviando cvs y apuntándose a ofertas). otra opción parece ser que venga a trabajar por cuenta propia montando un negocio (imagino que vale como autónoma), pagando todas las tasas y presentando un proyecto del negocio que quiere montar. ella estudió lo que aquí sería como filología española (querría dar clases de inglés aquí, traducciones,...) podría montarse una ""academia"" en casa y dar clases particulares? me suena demasiado sencillo, exceptuando papeleo y dinero en tasas pero compensaría. alguien ha vivido alguna experiencia similar? alguna otra opción aparte de la opción de casarse, la cual no nos queremos plantear de momento? gracias. p.d.: contestaré/aclararé cualquier duda al respecto.']"
87,12,87_cultura_costumbres_país_cabeza,"['cultura', 'costumbres', 'país', 'cabeza', 'creencias', 'construir', 'ejemplo', 'paises', 'comunidades', 'origen']","['vas a disculparme pero tu comprensión lectora es bastante limitada. o eso o utilizas mal los conceptos. eso es un problema grave a la hora de entenderse. digo que me es indiferente la procedencia de alguien a la hora de aceptarlo puesto que a lo que doy valor es a su intención de ayudar/sumar al lugar de acogida y abrazar las costumbres del país. digo que histórica y contemporáneamente los fenómenos de inmigración descontrolada no favorecen esa integración y sí el surgimiento de comunidades “paralelas”, reproduciendo las costumbres y cultura del lugar de origen.', 'tal cual... completamente... y añadiría no sólo respetar la cultura, sino asimilarla, es lo menos que deberías hacer con el país que te está acogiendo... así se evitan muchos problemas posteriores de diferencias sociales, culturales, étnicas y raciales... y a quien no le guste, pues oye, que coja el petate y se vaya a un país culturalmente más afín... lo que no puede ser es que un país acoja todo tipo de culturas, razas y etnias (me da igual si vienen de forma legal o ilegal) y que luego ese país acabe como poco más que una mezcolanza ""multicultural"" sin pies ni cabeza y que la cultura autóctona quede erradicada y sepultada sólo porque haya tropecientos mil imbéciles (que creen tener razón en lo que dicen y se echan las manos a la cabeza ante ese requisito indispensable y digan que es un despropósito) en contra de eso...', 'no me parece mal, pero, ¿como gestionamos el tema de las costumbres, las tradiciones, la idiosincracia y las religiones? quiero decir que, por ejemplo, tal vez habria que negociar un convenio (serio) con los paises que quieran compartir la entrada de ciudadanos que los mismos derechos y libertades que deseen recibir, tienen que otorgar sus gobiernos en los paises de origen . dicho de otra forma, que si quieren que respetemos sus costumbres y creencias, que respeten tambien los n uestros en sus paises. por ejemplo, si viene un ciudadano de un pais musulman (como marruecos) si ellos quieren que permitamos a sus mujeres que vayan con la cabeza cubierta que permitan a nuestras mujeres que vayan en su pais con la cabeza descubierta. o que si quieren construir mezquitas en nuestro pais, que permitan construir iglesias en los suyos (ojo, que soy ateo , pero lo respeto).']"
88,12,88_pareja_contigo_reyes_casarse,"['pareja', 'contigo', 'reyes', 'casarse', 'oh wait', 'wait', 'foto', 'marido', 'colega', 'conseguido']","['evidentemente la pareja.', 'esto es pa mear y no echar gota, amos no me jodas. pero peor esta la pareja que lo adopta que seguro que le comprara hasta los regalos que pidiese en la carta a los reyes', 'pues creo que formalizando la pareja de hecho, obtienes el permiso de residencia igual que si te casaras. supongo que si se viene a vivir contigo es una relacion seria, por lo que pareja de hecho no lo veo tan descabellado']"
89,12,89_masiva_países_inmigración masiva_refugiados,"['masiva', 'países', 'inmigración masiva', 'refugiados', 'político', 'europa', 'europeos', 'francia', 'ningún', 'tema']","['pues ya sabe donde tiene la puerta a su infierno natal, acojonante que vengan exigiendo. sigo pensando que es un error dejarles entrar a europa. será que no hay países vecinos donde podrían instalarse campos de refugiados. los árabes son como los escoceses: aunque en realidad la mayoría son inmigrantes económicos. refugiados serían los que vinieran huyendo de la guerra en siria o irak seguramente una pequeña parte de todos los que vienen...', 'los europeos prefieren refugiados que no sean musulmanes ni parados. los españoles son con mucha diferencia los ciudadanos que menos pegas pondrían a los refugiados de entre todos los países estudiados. aunque por países tampoco hay notables diferencias, llama la atención el caso particular de los españoles, que son con mucho los ciudadanos que menos pegas pondrían a los solicitantes de asilo. en españa, el 24% de los 1.200 participantes en el estudio aceptaron a todos los refugiados, al margen de sus características, frente al 9% de la media de los demás países estudiados (austria, república checa, dinamarca, francia, alemania, grecia, hungría, italia, países bajos, noruega, polonia, españa, suecia, suiza y reino unido) y seguidos de lejos por el 16% de italianos. en el otro extremo, solo un 4% de los españoles no aceptó a ningún solicitante, frente al 9% de la media y al 13% de húngaros y 14% de británicos. el gobierno de españa ha acogido a 500 de los 17.000 refugiados prometidos.', 'advierto que se avecina tocho: viendo como la inmigración masiva últimamente esta invadiendo europa, me pregunto porque nuestros políticos no hacen nada al respecto. y no solo me refiero a españa, sino al conjunto de países europeos. no es normal que países como francia pero sobretodo alemania y uk sigan admitiendo y dando asilo a centenares de miles de ""refugiados"" de siria, irak, afganistan ect y más cuando esos países ya están saturados de inmigración musulmana. el problema ademas se acrecenta por el tema del terrorismo con el isis y demás grupos extremistas. sinceramente, no se que motiva a estos países a seguir con sus políticas proinmigracion cuando han tenido que augmentar significativamente sus presupuestos de seguridad interior (policías, servicios de información, ect) y de sanidad, todo ello en plena crisis económica. me resulta chocante que en francia, con la excepción de lepen, ningún partido político haya puesto coto a la inmigración masiva después de lo que paso con charlie hebbdo o el atentado frustrado de hace poco en un tren de alta velocidad. es sencillamente inconcebible que en pleno siglo xxi los soldados tengan que patrullar armados con fusiles de asalto en tiempos de paz por las calles de un país civilizado como es francia (y ademas, lo hacen de forma regular, no en momentos puntuales) por culpa de la mala gestión de sus políticos en el tema de la inmigración. es que acaso sus dirigentes no ven la relación clara entre inmigración masiva y aumento de la delincuencia y los ataques terroristas por temas religiosos?? en españa, pese a que aun (por suerte) no estamos en los niveles de alemania o francia, tampoco ningún partido político ha tenido el valor de coger el toro por los cuernos y proponer alguna medida seria para parar este fenómeno. ni aznar, ni zp, ni rajoy han hecho algo para frenar la entrada masiva de inmigrantes, al contrario, la han motivado al hacer regularizaciones masivas (iniciadas por aznar y luego seguidas por zapatero) y la concesión de todo tipo de ayudas y privilegios a los recién llegados, muchas veces en detrimento de los ciudadanos españoles. lo que me resulta difícil de entender es que la mayoría de la sociedad ya ve la inmigración masiva como un problema pero ningún partido político hace nada por impedirlo, simplemente pasan del tema (pp) o lo favorecen (psoe, podemos, iu). parece como si el tema de la inmigración y el legislar en contra de la llegada masiva de inmigrantes fuese un tema tabú para nuestros políticos, algo de lo que no se pueda hablar por el riesgo de parecer xenofobo o ultraderechista. incluso partidos como ciudadanos, de corte más derechista, pasan sobre el tema de puntillas y procuran no proponer nada en este sentido. solo partidos muy minoritarios como españa 2000 o plataforma per catalunya han alzado la voz en ese aspecto pero su repercusión en las urnas ha sido minoritaria. quizás sea un problema de la sociedad española/europea, ya que de puertas para adentro y en foros de internet nos quejamos mucho de la inmigración (fc es una buena muestra de ello) pero luego en la ""calle"" nos cortamos de decir lo que realmente pensamos por miedo a ser políticamente incorrectos y que se nos tache de racistas. nose shurs, que opinais vosotros al respeto? le faltan ""huevos"" a nuestros politicos para afrontar con seriedad y consciencia nacional el problema o es que hay algún interés oculto detrás? debatamos hamijos resumen: no entiendo porque ningún político o movimiento social europeo hace nada para afrontar debidamente el problema de la inmigracion masiva.']"
90,12,90_tanta_viaje_lleven_paz,"['tanta', 'viaje', 'lleven', 'paz', 'dejan', 'buen', 'bonita', 'encuentro', 'falta', 'gusto']","['pues nada,que tengan buen viaje', 'tanta paz lleven como descanso dejan.', 'venga, que lleven tanta paz como dejan.']"
91,11,91_casos_nuestras_estudio_nombres,"['casos', 'nuestras', 'estudio', 'nombres', 'peli', 'día', 'disforia', 'realizar', 'tocho', 'posibles']","['ya existe este hilo, creo que se llama recopilación de casos aislados o algo así', 'lo malo es que esto es cierto a día de hoy. lo se por casos cercanos.', 'he estado buscando mas información sobre este estudio y no he encontrado absolutamente nada, ni a que grupo o instituto de analisis ha contratado ugt para realizar el estudio , ni nombres ni firmas de los mismos, no sé como han podido obtener datos confidenciales o hacer está extrapolación a nivel nacional. no hay nada.']"
92,11,92_áfrica_huesca_africa_africanos,"['áfrica', 'huesca', 'africa', 'africanos', 'esté', 'tardado', 'tardan', 'francia', 'empadronarse', 'allí']","['en lo que he tardado en escribir este post han muerto 2 niños en áfrica', 'pues nada, dejemos que entren todos y cuando áfrica esté vacía, vamos allí, creamos todo de nuevo y cuando europa esté destrozada les volvemos a dejar entrar.', 'empadronarse sin papeles....lo flipo. efecto llamada incoming. en 4 días media áfrica estaría metida aquí. y demás.']"
93,11,93_feliz_buen_enhorabuena_lados,"['feliz', 'buen', 'enhorabuena', 'lados', 'alegro', 'contentos', 'retrasados', 'so', 'uso', 'daba']","['al op: :apla uso: : aplauso: :aplau so: :a plauso: :aplaus o:', 'felicidades y que tengan una feliz enculada.', 'buen coment. feliz año shur']"
94,11,94_inmigrantes_inmigrantes ilegales_ilegales_sabe,"['inmigrantes', 'inmigrantes ilegales', 'ilegales', 'sabe', 'rabia', 'ten', 'upyd', 'cuidado', 'vivir cuento', 'llaman']","['por qué los llaman migrantes cuando son inmigrantes ilegales?', 'migrantes no, putos inmigrantes ilegales que vienen a invadir y a parasitar recursos.', 'pero tienes que tener en cuenta que en facebook escriben inmigrantes , ten cuidado que por ejemplo los latinos uruguayos nos llamaban inhumanos hasta q se anunció q ellos iban a acoger. lo de los móviles es como lo de internet gente paleta que no sabe por donde rueda el mundo actualmente. farsantes. por cierto me lo parece a mi o están intentando cambiar inmigrante por migrante']"
95,11,95_fiestas_quedará_inmolarse_gif,"['fiestas', 'quedará', 'inmolarse', 'gif', 'pegar', 'venga', 'carmena', 'fiesta', 'podemitas', 'chorradas']","['menudas fiestas se tienen que pegar', 'al final no le quedará otra que inmolarse.', ""sacad ya el puto gif de 'podemitas a currar'""]"
96,11,96_material_xxi_soy_tela,"['material', 'xxi', 'soy', 'tela', 'podrá', 'sigo', 'ignorados', 'importante', 'pensando', 'idea']","['podría ser que no hablase de nada material no? vamos digo yo...', 'soy importante, alguien me tiene en ignorados', 'a veces olvido que estoy en el sigo xxi']"
97,11,97_barco_cola_salvini_tela,"['barco', 'cola', 'salvini', 'tela', 'ahí', 'documento', 'delante', 'par', 'mar', 'vídeo']","['ese barco es marronero, díselo tu salvini.', 'barco de rejilla', 'no, fíjate en el rastro del barco y en las olas que rompen en la parte de delante del mismo casi al final del vídeo.']"
98,10,98_informe ugt_informe_ugt_he leído,"['informe ugt', 'informe', 'ugt', 'he leído', 'leído', 'jajajajajajaja', 'jajajajaja', 'líder', 'he leido', 'crea']","['informe de la ugt? jajajajaja', 'informe de la ugt... hasta aquí he leído.', 'jajjajajaja informe de ugt...']"
99,10,99_estudio_osea_empresarios_económicos,"['estudio', 'osea', 'empresarios', 'económicos', 'inmigrantes', 'cambio', '21', 'alcohol', 'quedó', 'hacerles']","['mentira. ¿que el número de dependientes es bajo? por cada inmigrante en edad de trabajar hay 6 a su alrededor que ni trabajan ni trabajarán nunca. pero si hay chavales de 20 años con 3 hijos... qué cojones de estudio de mierda es ese?', 'y los del pp, psoe, y el resto, que tampoco se van a deslomar. yo creo que ha pasado otras veces. tienes el caso de m. rajoy que quedó como una anécdota, los eres, o el señor que está en abu dhabi... estoy de acuerdo en casi todo. el quid de la cuestión es porqué la gente se moviliza por la amnistía, pero por el desempleo o la vivienda no, que tal y como dices, yo también considero mucho más importante.', 'el alcohol no es malo, según un estudio de la asociación de bebidas alcohólicas. por cierto, nadie se ha dado cuenta del dato mas impactante del estudio? ""son extranjeras las madres del 21 % de los niños nacidos entre enero y junio de 2019"" osea extranjeras legales no nacionalizadas, no cuenta abdul y fatima que ya son ""españoles"" de 1 generacion y han tenido hijos.']"
100,10,100_coches_pasta_justo_explico,"['coches', 'pasta', 'justo', 'explico', 'mínimo', 'ricos', 'trabajan', 'viven', 'meses', 'enorme']","['this estuve hace unos meses en budapest y todos los coches con matrícula ucraniana que se veían por la calle eran bmw, mercedes, porsche top y de 3 años máximo, yo creo que no vi un coche normal con matrícula ucraniana', 'pero antes de la guerra no veías coches con matrícula ucraniana por todas partes y niños ucranianos en los coles por poner un ejemplo. en mi vecindario hay montones de ucranianos que antes de la guerra no estaban y que da la sensación de que no trabajan en nada y viven muy bien.', 'a ver si alguien sabe algo por qué yo no me lo explico. vivo en una localidad costera donde hay muchísimos ucranianos. viven en casas que los alquileres valen mínimo 800€ y si no trabajan no me explico cómo se las alquilan y como las pagan. conducen coches de mínimo 60.000€ y se les ve en buenos restaurantes sin faltarles de nada. quien paga todo esto?']"
