video_id,autor,fecha,likes,texto,año_video
ntc0kC9lI6A,@mikaelmed7743,2019-12-28 15:43:45+00:00,695,"Una sensación de tristesa me dejó el muchacho que desea una oportunidad.
Espero que le vaya bien.",2019
ntc0kC9lI6A,@rafgam1419,2019-07-06 03:21:57+00:00,2861,Mucha indignación contra los países que evitan la migración ilegal pero nadie criticando a los países de orígenes que hacen huir a la gente de esos países.,2019
ntc0kC9lI6A,@santiagoruge,2020-05-12 02:37:21+00:00,789,El chico que quiere estudiar parece muy inteligente y muy valiente,2019
ntc0kC9lI6A,@j.mb.torres1354,2021-05-19 00:50:04+00:00,567,Queda totalmente evidenciado que el “sáquenme de Latinoamérica” es algo  envidiable a comparación del “sáquenme de Africa”,2019
ntc0kC9lI6A,@19555sandra,2019-07-04 19:09:24+00:00,1381,"El chico expresó algo muy sincero : Si me dan la oportunidad de entrar estudio cinco años .
Las miras al futuro estudiando es ser útil en el país que le de la oportunidad , deben haber poquísimos que piensan de esta manera.",2019
ntc0kC9lI6A,@jairdamian9245,2020-06-04 19:36:50+00:00,289,"U.S. : Our border wall is the best.   :O
Spain: Hold my Paella!!     >: )",2019
ntc0kC9lI6A,@waltergalaga3379,2020-10-10 03:50:13+00:00,506,"Me tocó el corazón, no tengo más que escribir. Valorar lo que tenemos porque en algún lugar del mundo alguien perdió a papá y mamá y quiere salir adelante lejos de la violencia y las drogas.",2019
ntc0kC9lI6A,@aliciarub4978,2021-05-20 17:53:10+00:00,81,"Me quedo con la frase final que dice el chico de 19 años. ""Si me dan la oportunidad"".",2019
ntc0kC9lI6A,@joseantoniovaleromorales568,2019-07-08 08:20:00+00:00,52,"Las vallas y concertinas no se mueven, si alguien se daña es por su culpa. Otra cosa es que entienda que una persona quiera buscar una vida mejor en otro país, el problema es que la inmigración irregular está creando pobreza y delincuencia. Lo que hay que hacer es ayudar a esta gente para que puedan tener países donde poder vivir decentemente, para eso deberían estar las organizaciones internacionales que supuestamente se preocupan por la paz en el mundo",2019
ntc0kC9lI6A,@sb8782,2022-07-18 20:00:28+00:00,11,Es complejo... pues llegan ilegalmente y algunas veces piden cosas que ni siquiera alcanza para los mismos ciudadanos nacidos en el pais....,2019
ntc0kC9lI6A,@isaacpaulov2088,2020-10-07 14:31:36+00:00,534,"Si Alemania o Francia dieses a África la valla sería un muro, 3 veces más alto y electrificada en la parte superior.",2019
ntc0kC9lI6A,@emersomsavaz,2021-05-18 19:42:21+00:00,151,"Muy triste ver estas personas como sufren.
Les deseo lo mejor. La vida no es justa, simplemente hay que luchar hasta donde nos den nuestras fuerzas y un poco más!!!",2019
ntc0kC9lI6A,@ramonoutesrivera7845,2020-03-05 23:15:45+00:00,222,"En 2017 Bruselas multa a España por devoluciones en caliente. Hace 15 días le dice a 🇪🇸 que no deje pasar a nadie que los devuelva en caliente. Así es Bruselas. Según les convenga
Ahora Dan la razón ahora que les afecta a ellos.",2019
ntc0kC9lI6A,@sebastianbarrera2174,2021-02-13 17:06:57+00:00,148,"El mundo es un asco, y mientras unos mueren  yo veo anuncios que me estresan.",2019
ntc0kC9lI6A,@dominguez996,2019-07-05 02:21:19+00:00,805,"Jaja, en la frontera México - USA. Se robaron los alambres de espinos",2019
ntc0kC9lI6A,@bimova7598,2021-04-05 03:59:06+00:00,30,"Debemos valorar  el
Entorno en que vivimos ,,  es triste andar migrando , lo hice muy joven ,, y le truena ,, logre salir adelante en mi tierra , me case , tengo dos hijos y soy un comerciante exitoso ,, ojalá todos aquellos q emprenden ese peligroso viaje logren salir adelante como yo lo hice , que Dios los proteja en su destino",2019
ntc0kC9lI6A,@pablovillaluenga,2020-04-04 14:27:58+00:00,33,las devoluciones en caliente ahora son legales,2019
ntc0kC9lI6A,@silviacruz1791,2019-07-04 17:49:56+00:00,80,Que triste llegar hasta estos extremos,2019
ntc0kC9lI6A,@ernestomondragonromero3024,2020-09-24 04:16:10+00:00,31,"Todos quisiéramos q nuestros países tuvieran mejores condiciones de vida para sus habitantes pero, lamentablemente el mundo no funciona así ya que hay intereses globales para seguir teniendo países pobres q sirvan como reserva de mano de obra barata futura... Triste pero cierto",2019
ntc0kC9lI6A,@josejose921,2021-05-18 16:41:58+00:00,154,Lo increible es que como humanos tenemos la capicadad de resolver todos estos problemas pero sin embargo los agrabamos . Triste historia pero cierta,2019
ntc0kC9lI6A,@awqertc,2020-10-25 13:31:23+00:00,12,There’s something inherently and deeply wrong with us humans. The world seems to be a terrible place to be alive for some races.,2019
ntc0kC9lI6A,@halphyornellas8204,2019-07-04 17:56:38+00:00,599,Ese muro no lo tiene ni Trump,2019
ntc0kC9lI6A,@is88santos17,2019-07-09 15:49:56+00:00,200,Eso es como el que tiene puerta en su casa. Evitas y tú eliges quien entra no te jode.. solo faltaba no tener vallas en un país ¡,2019
ntc0kC9lI6A,@carmendelgadopr,2021-06-30 03:02:58+00:00,5,Bien tratado el tema y con mucha sensibilidad y profundidad. Gracias por un buen trabajo periodístico.,2019
ntc0kC9lI6A,@pronoico,2020-11-08 15:15:38+00:00,25,"Necesitamos esa valla en República Dominicana. Si España puede, si USA puede, si Israel puede, nosotros también.",2019
ntc0kC9lI6A,@aaronisainhernandezcortes4847,2020-10-31 00:36:41+00:00,131,"Viendo la imágenes de la frontera
Pensé que era el muro fronterizo de USA con México",2019
ntc0kC9lI6A,@juanadoloresarriazabolivar4938,2019-07-09 06:50:33+00:00,608,"No veo que critiquen a los Países de origen de estas personas!!tendran alguna responsabilidad,
quizas mas que España.",2019
ntc0kC9lI6A,@ROXZER06,2021-04-19 12:34:48+00:00,8,SOY DE MELILLA NUNCA BUSQUE VIDEOS DE ESTE TIPO Y DERREPENTE ME SALIO EN RECOMENDACIONES XD,2019
ntc0kC9lI6A,@Joannie7,2021-01-25 03:21:24+00:00,61,"😭😭😭 Me dio tristeza el chico que estaba metido dentro de un sofá, se me salió una lágrima 😢",2019
ntc0kC9lI6A,@leonardoaguilar8816,2019-11-12 17:07:56+00:00,409,Cómo inmigrante que soy considero que las leyes se tienen que endurecer en contra de los traficantes de personas y creo firmemente que las migraciones hay que combatirlas desde los países que las originan.,2019
ntc0kC9lI6A,@josealbertolmlopez,2019-07-04 17:45:59+00:00,189,"Me encantó este reportaje, que pena por la pobre gente que tiene que migrar debido a las precarias condiciones de sus países.",2019
ntc0kC9lI6A,@nahuelconstantin3809,2021-05-19 14:22:13+00:00,140,Me dio un pena el chico de 19 años por que quieren una vida digna y lucha por ella,2019
ntc0kC9lI6A,@georgezee5173,2020-06-15 13:14:43+00:00,7,"Me hace gracia este documental británico, ya que vivo en Londres y aquí, a diferencia de cualquier ciudad española, te encuentras toda clase de cuchillas, pinchos, concertinas, etc. en las vallas de cualquier edificio o parques público (hasta cuchillas rotatorias que parecen diseñadas por algún fanático de la saga Mortal Kombat). No exagero. Vivo en un barrio de clase obreara y tengo, a menos de 5 minutos andando de mi piso, varios ejemplos de vallas que te herirían gravemente a poco que las quisieras traspasar y que, a diferencia de las de Ceuta y Melilla, sus elementos cortantes no están a bastante altura, solo accesibles en caso de saltarlas ilegalmente, sino que hay bastantes casos en los qye te puedes lacerar las manos a poco que levantes los brazos para tocar las cuchillas, sin necesidad de saltar ni escalar nada. ¿Por qué estas no son un problema de gran importancia política? Pues porque la gente, en una muestra de buen sentido, las respeta y no las traspasa ilegalmente. No hay más.",2019
ntc0kC9lI6A,@RikcyVallePérez,2019-07-16 09:59:38+00:00,534,"Pero los iluminados de la Unión Europea se ponen a criticar la frontera entre México y EE.UU, hipocresía al máximo",2019
ntc0kC9lI6A,@ldyfever9542,2020-10-24 14:52:13+00:00,16,"Saludos desde PR, excelente reportaje, muy educativo y concientizado.
Dios ayude a nuestros hermanos emigrantes.",2019
ntc0kC9lI6A,@elpicudo9930,2020-01-14 02:33:36+00:00,8,Pobre gente estamos igual saludos desde los United States 🇺🇸 of America,2019
ntc0kC9lI6A,@germarycarrizososa4790,2020-09-14 00:10:54+00:00,208,"Soy inmigrante, soy venezolana, me fui a Colombia 2 años luego me vine a Argentina agradecida porque estos países me recibieron, a veces nos tocan vivir estás situaciónes Dios nos da la fuerzas para sobresalir a estás etapas qué nos tocó vivir porque no tuvimos de otra..",2019
ntc0kC9lI6A,@caracolasconatun7831,2019-07-10 12:33:42+00:00,165,"mira ciudades que les han abierto las puertas: barcelona por ejemplo, ahora alli no hay quien ande tranquilo.... Las consecuencias de dejarles pasar: aceptamos su cultura pero ellos no la nuestra",2019
ntc0kC9lI6A,@isaiasabinadisosagarcia936,2021-05-21 20:45:18+00:00,8,"Es increíble para uno como mexicano conocer la existencia de esto, me quedo sin palabras.",2019
ntc0kC9lI6A,@isazam6675,2019-11-28 23:47:20+00:00,18,Todo eso se cambiaría si los gobiernos no fueran corruptos y distribuyeran la riqueza...,2019
ntc0kC9lI6A,@rubend254,2020-04-27 03:07:11+00:00,6,"Aquí en República Dominicana muchas veces sacan hasta 13 y 15 personas que vienen desde Haiti en un solo auto. Es increíble lo que hace el ser humano por la supervivencia y ésto aplica para todos sin importar raza o cultura. El ser humano ante condiciones desesperadas , siempre tomará medidas desesperadas. En el mundo hace falta un sistema totalmente neutral que esté por encima de cualquier soberanía, para regular la corrupción y desigualdad social en cualquier país del mundo. Otro gran problema que afronta la humanidad es la sobrepoblación , porque somos muchos y hoy con ésta pandemia, está quedando en evidencia.",2019
ntc0kC9lI6A,@galadrielgaladriel6725,2020-04-26 21:01:05+00:00,47,A ver cuando un documental de la BBC sobre la droga y tráfico de mercancías que hacen los marroquíes hacia Gibraltar con el beneplácito de Londres,2019
ntc0kC9lI6A,@LuisFlores-yh7ek,2022-07-04 01:05:55+00:00,3,Lamentable que frente el dolor de muchas familias hay inescrupulosos que se aprovechan de ellos como son las mafias.,2019
ntc0kC9lI6A,@michellpolicarpio1021,2019-07-04 14:16:52+00:00,15,Será que trate sobre Melilla 🤔 o la frontera Húngara,2019
ntc0kC9lI6A,@brianmaidana2522,2019-07-05 11:46:32+00:00,18,"No sabía de esa frontera fuertemente custodiada, excelente video..",2019
ntc0kC9lI6A,@elgran9679,2019-08-04 15:47:07+00:00,321,"Los de la BBC en su tónica, criticando lo español, no obstante sin problema, que los acojan en Gibraltar y ya está",2019
ntc0kC9lI6A,@derlyjhoanarivera7313,2022-07-19 18:33:24+00:00,1,Huao que triste tanto sufrimiento me doy cuenta lo afortunada que soy y el respeto y oportunidad que se ganan estás personas .,2019
ntc0kC9lI6A,@JassOchoa,2019-07-11 03:52:56+00:00,216,realmente la inmigración ilegal es nociva para cualquier país,2019
ntc0kC9lI6A,@fabianhernandez1254,2020-11-08 18:43:44+00:00,5,"Yo creo que cada país debería tener cercadas sus fronteras,así como uno cerca un lote o una finca",2019
ntc0kC9lI6A,@daureenchavarriadiaz4854,2019-07-10 18:33:56+00:00,8,Y la valla que separa Europa de la isla más grande de Europa es el Brexit.,2019
ntc0kC9lI6A,@victorchavez9020,2021-05-18 22:59:39+00:00,11,Pensé que esto solamente pasaba aquí en Estados Unidos‼️🙏🇺🇸🇺🇸 Leo todos los comentarios y me doy cuenta que todos le echan la culpa al los países europeos!! Pero en realidad por qué no le echamos la culpa a los países de origen de estas personas a todos esos gobiernos corruptos que permiten todas esas desigualdades por lo que fuerzan a estas personas a irse de sus lugares de origen ese es el problema de raíz‼️🙏🙏🙏🇺🇸,2019
ntc0kC9lI6A,@vivianrosario2995,2019-07-09 15:03:35+00:00,8,No sabía que existía ese muro,2019
ntc0kC9lI6A,@brunoduarte1194,2020-12-21 06:53:20+00:00,4,Me llamo eva habib agustinez soy de Argentina hoy dia Lunes 3y 41 de madrugada ...me duele cada historia  que escucho...me duele y pienso en los campos de refugiados ..en los migrantes del mundo..en las niñas que son entregadas como esposas con solamente diez años en algunos casos...en los presos ..mi corazon llora y no se nada mas que aferrarme a la fe que nuestro Padre nos prometioy resistir..lo que podamos..mientras disfrutar del amor a todo lo creado y compartir las pequeñas o grAndes alegrias...no sentir odios y seguir la luz ...el debil sera ayudado por los mas fuertes...pronto viene  el gran poder de lo alto..y debemos estar alertas....,2019
ntc0kC9lI6A,@isabelguevarasanchez9022,2021-01-02 19:30:02+00:00,11,A todos los emigrantes les deseo lo.mejor...que nuestro Padre Amado.los cubra de todo mal amén,2019
ntc0kC9lI6A,@GUILLERMOANTONIOANGE,2022-07-15 11:53:30+00:00,23,"He estado en Mali y se lo que se vive allá, una vez encontramos un camión lleno de niñas no mayores de 10 años, las liberamos, esa noche llore de pensar que ese no era el único camión.... hay situaciones que nadie puede entender hasta que las vive",2019
ntc0kC9lI6A,@channelitaly2751,2020-10-23 13:51:40+00:00,30,Los humanos si pasamos trabajo dios mio asta cuando serà este infierno,2019
ntc0kC9lI6A,@mercedesgarcia7834,2019-07-09 13:59:35+00:00,108,Dejar la puertas de casa abiertas. Notejode,2019
ntc0kC9lI6A,@lethalmistico24,2019-07-23 21:49:18+00:00,101,Para que vean que no solamente es el muro de EUA y México .,2019
ntc0kC9lI6A,@alexx0665,2022-10-23 16:41:03+00:00,2,Por favor hacerla más alta,2019
ntc0kC9lI6A,@erickcruz6733,2021-02-02 06:33:16+00:00,9,Saludos desde Nogales Sonora México vivo en la frontera con Estados Unidos,2019
ntc0kC9lI6A,@worwinkel2189,2019-11-23 14:57:00+00:00,10,"España por su situación tiene que endurecer sus trámites de asilo para que solo se queden los que vengan legalmente, si otro país de Europa estuviese en la ubicación de España serían mucho más duros, trabajo en la zona y el gobierno tiene que parar de hacer efecto llamada con sus pagas a menas, etc se van muchos dineros que lo pagamos con las continuas subidas de impuestos, cuando es tan fácil como poner fin a pagas de extranjeros",2019
ntc0kC9lI6A,@Whynotme01,2019-07-08 07:55:37+00:00,375,Trabajar donde??? Si ni los españoles tienen trabajo....,2019
ntc0kC9lI6A,@rammtoast,2021-05-18 13:06:16+00:00,5,Muy buen contenido! Es triste pero real.,2019
ntc0kC9lI6A,@alexandermendez,2019-11-16 19:02:31+00:00,23,"No tengo derecho a quejarme de mi vida. A veces reclamo tanto de que no tengo ciertas cosas. Este vídeo me conmovió. Estas historias, estas personas.",2019
ntc0kC9lI6A,@rompiendocadenas4253,2019-07-08 04:53:03+00:00,129,Me dio Lastima el joven que dijo que su Padres fueron asesinados por el gobierno..,2019
ntc0kC9lI6A,@myriam8871,2020-08-21 13:17:56+00:00,4,Qué buen reportaje! Enhorabuena!,2019
ntc0kC9lI6A,@omaumdom,2022-07-15 23:19:16+00:00,5,"Las Vallas se han demostrado ineficaces cientos de personas las saltan contínuamente, y muchos agentes heridos.Sería mejor ametralladoras MG y tanques y efectivos del ejército,  preferentemente legionarios, muy numerosos y bien equipados.Además las vallas deberían estar muy bien electrificadas. Y además perros muy bien entrenados.",2019
ntc0kC9lI6A,@tommylatino4418,2021-02-14 14:18:26+00:00,7,"Pensé que no iba a llorar, hasta que dijo ""trabajar tranquilamente""",2019
ntc0kC9lI6A,@peluibro8229,2020-03-13 21:28:40+00:00,30,En 2020 el Tribunal de Derechos humanos ha declarado legal la devolución en caliente.-,2019
ntc0kC9lI6A,@blendybarrios7078,2020-06-18 16:00:24+00:00,78,"El problema se origina en los países de donde provienen los migrantes, no el país de destino. La desigualdad de oportunidades, los regímenes tiránicos, la pobreza extrema, la persecución por motivos de raza, religión, posiciones políticas, las desapariciones forzadas, las detenciones arbitrarias, las ejecuciones al margen de la ley; esos son los verdaderos motivos por los que ellos se ven forzados a salir de sus países. Es muy triste todo lo que pasa.",2019
ntc0kC9lI6A,@faluquitofalucfaluc5612,2022-03-06 09:40:22+00:00,1,Y que hacemos??? Quitamos las vallas???,2019
ntc0kC9lI6A,@juanjo195110,2020-09-19 17:32:21+00:00,46,"Que tristeza 😞, ÉSTO PASA ENTRE SERES HUMANOS!!",2019
ntc0kC9lI6A,@jorgevillalobos6888,2020-10-18 20:51:53+00:00,5,Esa pobre gente sufren les toca muy díficil,2019
ntc0kC9lI6A,@josuemelendezamezcua8541,2020-10-25 18:31:10+00:00,33,"Y porque no por un túnel como el Chapo, es cuestión de organizarse. 😆",2019
ntc0kC9lI6A,@vanessagabriel2323,2021-06-19 01:24:31+00:00,0,Wow! Sin palabras,2019
ntc0kC9lI6A,@marvvalens4522,2021-03-31 20:58:15+00:00,10,He aprendido más aquí que en la escuela.,2019
ntc0kC9lI6A,@victorurtecho2315,2020-12-28 22:05:24+00:00,44,Me parece perfecto de hacer respetar las fronteras además de ser un problema. Hay requisitos para ir de un pais,2019
ntc0kC9lI6A,@nellyakkitane391,2019-08-06 17:44:13+00:00,5,"Ciertamente la migración en masa afecta negativamente al país receptor pero estas respuestas no son la solución. 
Simplemente me duele el corazón. Todos salimos de algún ""lugar"" (o condición) en busca de algo mejor.",2019
ntc0kC9lI6A,@jonatanalbertoortiznava4498,2022-07-15 01:04:36+00:00,2,Debería de haber control de población ya que ellos tienen muchos hijos y apesar la situación que viven no entiendo o reflexiona y esto no va a para.,2019
ntc0kC9lI6A,@wesleymelis1725,2019-07-04 18:14:18+00:00,6,"Las escenas de migrantes ocultados casi en los motores de los coches es terrible. Pagan un montón de dinero a estas mafias ,pero no les ha ocurrido que aún que logran llegar a Europa eso no significa que van a vivir mejor. Tenderán que enfrentar el rechazo de los europeos. Eso pasa aquí en Brasil con los migrantes Venezolanos. Hay muchos que no son bienvenidos y no logran obtener empleo fijo. Así que que pronto van a involucrarse con delincuencia.",2019
ntc0kC9lI6A,@BBCMundo,2019-07-03 10:40:42+00:00,14,Gracias a todos quienes participaron en el estreno del video en directo. ¡Suscríbete a nuestro canal para no perderte los siguientes!,2019
ntc0kC9lI6A,@pacoconp6078,2019-07-15 12:55:22+00:00,9,Melilla no está situada en la costa norte de Marruecos. Está situada al norte de África,2019
ntc0kC9lI6A,@betty47363,2021-05-19 15:12:16+00:00,2,"Qué triste toda esta situación,como tienen que luchar toda su vida ,con tanta violencia .🤔🤔",2019
ntc0kC9lI6A,@victorrf64,2019-07-09 19:47:11+00:00,10,Hablando de mafias uno de Acnur JAA,2019
ntc0kC9lI6A,@pedraza7143,2021-03-21 08:26:13+00:00,27,"La valla es la clave, sin ella no se que sería de España",2019
ntc0kC9lI6A,@carmelalara5789,2020-09-02 13:57:41+00:00,63,"Es muy fácil opinar, cuando no se ha vivido la pobreza en carne propia...",2019
ntc0kC9lI6A,@imagensemfoco,2021-05-18 16:11:30+00:00,1,Demasiadamente triste...,2019
ntc0kC9lI6A,@dca9528,2020-10-01 20:10:38+00:00,9,"Que terrible que los organismos internacionales no presten ayuda a esas personas. Lamento mucho que exista gente que tenga q sufrir así.
Me siento agradecido por haber nacido en donde nací, sin tener que pasar por ese tipo de situaciones, sin tener que escapar de ningun sitio. No puedo creer que me sienta desconforme conmigo, esto sirve para aprender a agradecer lo q se tiene",2019
ntc0kC9lI6A,@darilillo,2020-01-11 03:26:28+00:00,5,Ese MURO más GRANDE que tigres 🐅 hahahahaha hahahahaha!!,2019
ntc0kC9lI6A,@raquelmolinabravo2214,2020-04-09 16:01:23+00:00,21,Esta gente habla francés e inglés por tanto España no les colonizo y que riqueza dejo la rica Inglaterra y la rica Francia allí miseria,2019
ntc0kC9lI6A,@brigidavalladares8463,2022-07-17 01:53:36+00:00,2,"Que triste situación, me recuerda mucho como salen los cubanos de su pais, tirándose al mar en embarcaciones extremadamente rudimentarias, el cruce de las fronteras para ir a los Estados Unidos. Es horrible vivir esas situaciones, pobre personas que se arriesgan su vida x poder tener una mejor vida. Me llama mucho la atención que hablan mucho de la frontera de Mejico con EEUU  y nadie habla de esta frontera que tiene 3 pasos aterradores, esta es mucho más inhumana y desgarradora que la de EEUU, esto hay que compartirlo para que sean muchos a los que llegue el video, esto es un ataque directo a los derechos humanos. Bendiciones para todo el que llegó hasta aquí. 🙏",2019
ntc0kC9lI6A,@cristianeduardo1165,2019-07-05 15:02:58+00:00,4,Que fuerte 19 años,2019
ntc0kC9lI6A,@McMarte.5,2019-07-04 17:36:28+00:00,82,Seguro dejan entrar cualquier tipo a su casa...........,2019
ntc0kC9lI6A,@user-iu7fn8qc3t,2019-07-15 18:15:23+00:00,9,"Y por que univicion no hace esos reportajes,para que vean realmente como es la inmigración,en México no tratamos así a los centroamericanos,y ellos acen mucho drama",2019
ntc0kC9lI6A,@ninamar6468,2021-04-17 00:16:42+00:00,0,Lamentable🙏🏼🙏🏻😭,2019
ntc0kC9lI6A,@Toni-if4rj,2019-08-31 12:34:35+00:00,6,"el ultimo testimonio de un chico que dice  en otras parlabras que el estado le mantenga mientras estudia y despues con su titulo vera si trabaja pero ya con las condiciones que el decida que le son justas ... osea que si no las ve justas pues seguira vivendo de todos nosotros por que claro ,que yo trabaje a el le parece justo por que le pago sus estudios y su manutencion ... en fin chico, que quieres que te diga, en vez de hacerlo asi hazlo por favor al reves ,primero estudia algo en tu pais y luego ya si eso pues emigras o no , yo no tengo por que pagarte a ti ni los estudios ni tu manutencion por que ya bastante estoy pagando ya 

y sin contar que si el muchacho luego despues de cuatro o cinco años de estudios pagados por mi pues decide por ejemplo irse a francia pues encima toda mi inversion en el se va a fomentar a la competencia ... genial ,asi yo tambien quiero , me voy a Nigeria a vivir de los trabajadores de alli mientras estudio 

jeta no , lo siguiente , tiene la peña la cara mas dura que el cemento armado 

pues eso ,estudia alli y cuando tengas un titulo o lo que sea te vienes legalmete y sin problemas ,no te ahogas, no le pagas a naide los 2000 euros que los inviertes en tu educacion en tu pais y te recibiremos con los brazos abiertos, pero asi a las bravas y sin aportar pues no ,asi no vengas por que no te queremos aqui",2019
ntc0kC9lI6A,@estebancotoespinoza9599,2020-05-26 23:58:57+00:00,4,Dios los acompañe...,2019
ntc0kC9lI6A,@julianchorc,2021-05-18 15:59:57+00:00,12,"Que triste por Dios, en que mundo estamos viviendo 😭😭😭",2019
ntc0kC9lI6A,@Vegetarianbull,2023-02-28 03:50:17+00:00,1,Dios que horrible😢,2019
ntc0kC9lI6A,@dianafarleyduquemorales5660,2022-07-22 20:15:39+00:00,18,"Impresionante y doloroso, pero, más doloroso (Colombia) ver personas en mi país: sanas y que no conocen la necesidad, que piden asilo con mentiras en España y logran engañar, quitándole la oportunidad a personas atacadas realmente por la violencia.",2019
ntc0kC9lI6A,@mvg5165,2021-03-30 18:56:41+00:00,5,Todos los países necesitan fronteras fortificadas para controlar el tráfico humano y tráfico de drogas,2019
ntc0kC9lI6A,@urieljimenez4789,2019-07-11 18:17:45+00:00,38,"al menos el de camerun quiere estudiar, ojala le den oportunidad en españa",2019
ntc0kC9lI6A,@LuisTirado09,2022-07-26 23:19:30+00:00,0,Tremendo 💔,2019
ntc0kC9lI6A,@recuerdosfolktropicales4360,2019-07-04 18:03:03+00:00,27,Póngale electricidad al alambrado,2019
ntc0kC9lI6A,@Basic64es,2022-07-14 15:32:43+00:00,10,"Independientemente de toda la información (verdadera o no) que se difunda, todos los países del mundo aún conservan sus fronteras. Quitarlas en un sólo país sería la ruina cierta para éste último. Pero la población creo que sólo se dará cuenta del problemón cuando comience a faltar el plato diario de comida caliente.............. y cuando eso suceda, ya será un punto irreversible. Si no lo hemos alcanzado ya, claro.",2019
ntc0kC9lI6A,@guadalupevasquez8964,2019-07-06 01:44:22+00:00,5,"a la larga se paga , y los paises africanos lo estan resintiendo",2019
ntc0kC9lI6A,@osvar20,2021-06-02 17:34:48+00:00,0,Gran reportaje!,2019
ntc0kC9lI6A,@BeerootGuy,2020-07-22 02:10:28+00:00,19,"Si en verdad sé han esforzado todo si vida para tener una vida normal, esa gente vale oro...",2019
ntc0kC9lI6A,@IVANR3Y3S,2020-08-31 04:20:45+00:00,40,EEUU: Y a mi me dicen maniático,2019
ntc0kC9lI6A,@lewisengel0,2019-07-25 03:57:11+00:00,12,Haced un programa de la frontera con Gibraltar (la última colonia de Europa) y preguntad al premier britanico como le va a afectar cuando esteis fuera con el Brexit.,2019
ntc0kC9lI6A,@samiarifia9674,2022-07-27 00:59:57+00:00,1,Estoy muy molesto con  los kilometros afuera  y a dentro centro a qui en mi casa para  acer rediculo perdona si  cometo errores,2019
ntc0kC9lI6A,@olvinreneeucedafunez6009,2020-07-18 15:50:15+00:00,9,Y yo crei q solo en usa avia vallas en españa ay tambien gracias por el vidio y informacion,2019
ntc0kC9lI6A,@manpochver,2021-03-15 09:29:10+00:00,5,"""La falta de vías legales hace que acudan a las mafias..."" Dice una señora de ACNUR ¿Qué propone usted? ¿Que entre toda África? ¿O usted los va a acoger en su casa? ¿No tiene derecho un Estado a proteger sus fronteras?",2019
ntc0kC9lI6A,@phox5872,2019-07-09 21:15:37+00:00,46,"Muchas gente dice barbaridades por aquí, me encantaría verles en sus pieles, en el caso de que estén en su situación, no intentarían buscar una vida mejor???",2019
ntc0kC9lI6A,@joanherrero3257,2021-05-16 04:18:09+00:00,1,K mundo más triste,2019
ntc0kC9lI6A,@yupib2298,2020-06-11 19:04:29+00:00,35,"0:13 *Esa noche ""nos cogimos la policía"", pues claro que se enfurecieron los polis...*",2019
ntc0kC9lI6A,@angelgonzalez-my5sx,2019-07-10 13:50:00+00:00,145,Si a los ingleses les parece tan mal lo que hacemos ¿Porque no los acogen ellos?,2019
ntc0kC9lI6A,@juanickrey7650,2020-12-05 15:02:26+00:00,6,Algo de lo que se vive a diario entre México y EU,2019
ntc0kC9lI6A,@inmaculadadesaray,2021-05-03 17:33:23+00:00,1,Hay que ponerle fin a la violencia en cualquier tipo de acción. Darles esperanza de poder tener oportunidades a todas las personas del mundo.,2019
ntc0kC9lI6A,@gustavoramirez71,2019-07-28 00:45:41+00:00,25,No tenga mucho hijo k no pueda mantenerse. Mucha familia tiene asta  5  o mas.,2019
ntc0kC9lI6A,@ruhe5784,2020-05-28 10:30:19+00:00,15,Que tristeza me dan los pobres desgraciados que trabajan allí. Debe de ser de los trabajos más agobiantes y forzosos que existan.,2019
ntc0kC9lI6A,@Juan-ib2wp,2020-04-05 17:17:46+00:00,5,Lamentablemente es así el hombre ocurre casi lo mismo con la frontera de México y estados unidos por tener una vida mejor,2019
ntc0kC9lI6A,@marcosmendez4625,2022-07-23 14:11:35+00:00,0,Bueno esas vaya deben reforzar la,2019
ntc0kC9lI6A,@pacoconp6078,2019-12-12 16:17:32+00:00,28,"Hablan de alambrada de espino y en las imágenes puestas, no he visto concertinas. Las hay en Marruecos, no en Melilla. Y si están, es para que no la salten, el que no la salta no se pincha. ¡Que la salte Soros!",2019
ntc0kC9lI6A,@thulsadoom6104,2019-09-14 00:11:41+00:00,16,"A mi lo que me da pena son nuestras fuerzas de seguridad del estado que están abandonadas y ningunéadas, las mafias ya no pasan droga, es más rentable pasar personas y lavarles es cerebro  diciendo que vienen al paraíso, aquí también tenemos problemas, tenemos 3M de parados y  estamos hasta los huevos de pagar impuestos, no sería mejor que solucionaran el problema en su país en vez de salir corriendo.",2019
ntc0kC9lI6A,@carmelomerida1556,2021-02-10 17:07:29+00:00,5,Lo que ahí que hacer es defender nuestras fronteras de una p..a vez que esto es un coladero  cada uno a su país i.,2019
ntc0kC9lI6A,@fiori9135,2021-05-21 19:43:11+00:00,0,"Que pena por todos ellos que no puedan desarrollarse con seguridad, tranquilidad y oportunidades en su propia tierra!!!",2019
ntc0kC9lI6A,@esthermariasaezmayoral620,2019-07-10 20:37:39+00:00,11,"Sere una idealiata pero s m parte el alma oyendo pedir al chico dl chad una oportunidad laboral.
Nadie tiene culpa d nacer en un pais pobre sin opoetunidades d ninguna clase.
Ojala s pudieran cambiar las vias legales d entrada por estas ciudades teniendo en cuenta que muchos estan d paso por ellas.
En situacion d desesperacion total me parece muy loable su lucha por sobrevivir  afronatndo unos obstaculos inmensos..😞😢",2019
ntc0kC9lI6A,@ComezThunder,2019-07-10 16:56:10+00:00,16,"Mi gran duda es, ¿de dónde sacan el dinero para pagar los campamentos, pateras, asilos, etc?",2019
ntc0kC9lI6A,@anakinskywalker2064,2019-07-09 18:33:55+00:00,31,"deberian fortificar el muro, parece encluenqule",2019
ntc0kC9lI6A,@jllm2395,2022-07-10 23:09:15+00:00,1,"Cuál es la situación actual? Julio 2022... Me gustaría paz para todos, que tristeza y una empatia tremenda.",2019
ntc0kC9lI6A,@prat3077,2021-07-19 13:43:09+00:00,6,Que jodido que un puñado de migrantes salte la valla para un emigrante que quiere seguir la ley y que triste que no se tome en cuenta a aquellas personas que respetan las leyes no como lo que se la saltan,2019
ntc0kC9lI6A,@chorchibrit01,2019-07-04 19:33:18+00:00,12,"En la Europa ""civilizada"" y ""desarrollada""",2019
ntc0kC9lI6A,@JB-OF2,2020-12-08 18:25:04+00:00,19,Pensava que o muro era só na fronteira Mexico USA e que o grande culpado era o malandro do Trump...😂😂😉,2019
ntc0kC9lI6A,@sagn8848,2022-07-15 18:38:49+00:00,0,Triste,2019
ntc0kC9lI6A,@cualquierhijadevecina8325,2022-07-23 15:34:09+00:00,5,"Me molesta tanto que las personas utilicen la frase “saquenme de Latinoamérica ” .
No saben lo que dicen , aquí hay comida trabajo y una vida digna si trabajas duro. Los habitantes de los distintos países pobres de África víven el dia a día en la miseria luchando por sobrevivir, eso no es justo 🥺🥺",2019
ntc0kC9lI6A,@odraudeorerreug6762,2020-04-29 08:41:16+00:00,5,THE WALL,2019
ntc0kC9lI6A,@cecypetro2509,2019-07-09 16:52:27+00:00,78,wow!!! que buen muro...y así critican a Mr Trump...??,2019
ntc0kC9lI6A,@carolinamontiel4387,2022-07-22 20:00:23+00:00,0,"Dios ,cuanta tristeza 😢",2019
ntc0kC9lI6A,@pablobv000,2019-07-09 21:41:28+00:00,25,"La única forma de saber cómo es mi ciudad es venir a melilla 2 semanas y verlo con tus propios ojos, y es mucho peor de lo que imagináis....",2019
ntc0kC9lI6A,@monkygamer6019,2019-11-22 06:15:04+00:00,10,Los latinos ya les hubiéramos hechos un túnel 🤣🤣,2019
ntc0kC9lI6A,@PsyCreate,2019-07-05 00:49:17+00:00,5,¿Y la ONU donde se metió?,2019
ntc0kC9lI6A,@andreschun2308,2022-07-19 18:52:10+00:00,1,"Aquellos que tienen el valor de reconocer que merecen mas y tienen el coraje de buscar una mejor vida porque simplemente en sus países no logran si quiera estudiar, no les puedes negar la entrada.",2019
ntc0kC9lI6A,@jouc4429,2019-07-09 22:41:32+00:00,22,"EFECTO LLAMADA, si al final cuando llegan viven peor que en su pais de origen...",2019
ntc0kC9lI6A,@jhonyalejandrovelez3963,2020-04-19 21:09:53+00:00,7,Necesitamos un gobierno distinto para el planeta Mateo 6:10 y vendrá 🙂Daniel 2:44,2019
ntc0kC9lI6A,@mimol8911,2019-07-10 20:41:01+00:00,6,"6:26 se dice supervivientes no sobrevivientes, como fiarte de un periodismo que hace fallos como este",2019
ntc0kC9lI6A,@doloresalmada4440,2023-02-28 15:08:49+00:00,1,Que triste Mi Dios 🙇🙏🙏🙏🌎🙏🙏🙏🙇🙇🙇,2019
ntc0kC9lI6A,@andresrosario6995,2021-03-29 01:03:33+00:00,7,Para ser la BBC no han puesto muy mal a España.,2019
ntc0kC9lI6A,@nicomiranda8455,2020-05-31 19:10:34+00:00,6,Menos mal que al muro no lo han conectado a una hidroelectrica 😱,2019
ntc0kC9lI6A,@SandovArt,2019-07-09 13:54:37+00:00,197,2:36 racismo Interafricano,2019
ntc0kC9lI6A,@juanpaharley,2022-11-19 12:00:24+00:00,1,Que güevos le echas Cake !!! 👏👏👏👏👏👏👏👏💪💚🇪🇸,2019
ntc0kC9lI6A,@verosanchez1226,2019-09-27 11:42:20+00:00,4,"Valla no tenía idea de pasará algo así en España , este , es peor que el muro de estadounidense, es mas letal,  que feo",2019
ntc0kC9lI6A,@joalan2650,2020-07-19 01:33:31+00:00,17,"Las personas más que emigrar por dinero de estos países, lo hacen por buscar un país que por lo menos los trate con dignidad. Es demasiado triste ver que los humanos deben caer a estos puntos de sometimiento y riesgos para vivir dignamente. 💔💔💔",2019
ntc0kC9lI6A,@j.c.p.5911,2019-07-09 18:23:19+00:00,39,Tenemos todo el derecho a proteger nuestras fronteras.,2019
ntc0kC9lI6A,@dr.weeknd3463,2022-07-13 16:10:31+00:00,1,"Esto me rompió el corazón ese joven de 19 años con deseos de estudiar y tener una carrera ah luchado mas que cualquier persona en el mundo, espero en Dios que logre todas sus metas.",2019
ntc0kC9lI6A,@noordetangernor9632,2019-11-22 14:17:57+00:00,4,Un saludo y chapo a todos los policia y cuardia civil,2019
ntc0kC9lI6A,@starrion9537,2019-07-10 00:23:16+00:00,18,más peligrosa debería de ser para que crucen legalmente y no así,2019
ntc0kC9lI6A,@tannydeleon3635,2020-06-11 14:03:00+00:00,4,USA necesita esas asi con Mexico.   Excellent por España👏👏👏👏pero lo triste es que los mexicanos hacen tunel.,2019
ntc0kC9lI6A,@saralucia4496,2021-08-11 09:24:34+00:00,1,Que triste realidad es conmovedor y a la vez ver hasta donde a llegado la humanidad y la crueldad de algunos gobernantes,2019
ntc0kC9lI6A,@Notengoidea-lol,2021-02-16 20:41:22+00:00,5,"El Chico con19 años habla muy bien español, tiene sueño y parece inteligente, suerte",2019
ntc0kC9lI6A,@sandraluciapereaiturriaga5605,2020-10-21 19:38:33+00:00,14,Mmta y se quejan de la de México que se cae con el aire 🤷‍♀️,2019
ntc0kC9lI6A,@eduardogil1696,2019-07-10 15:56:59+00:00,33,Eso no es ni la mitad del flujo migratorio que tiene mexico 🇲🇽 España ahora entiende lo que es una crisis migratoria en un país de tránsito,2019
ntc0kC9lI6A,@joel4694,2021-05-24 16:53:17+00:00,2,"Dan un salto tremendo sin estudios, sin el idioma, sin una forma de trabajar... Así son años y años pagándoles de todo para sacarlos adelante. Pero entre los nacionales hay millones en paro, con graves dificultades, q necesitan urgentemente subsidios, la sanidad está casi colapsada, a veces pasan años para ser atendidos, etc... Ayudar, sí, en lo posible, pero para recibir ayudas también hay q aportar algo a cambio. O lo que hay se agota... Quita y no pon, se acaba el montón.",2019
ntc0kC9lI6A,@rein158,2019-11-29 23:07:35+00:00,4,Ánimo a las fuerzas de seguridad que estáis haciendo un trabajo encomiable mucho ánimo compañeros 💪🏻💪🏻,2019
ntc0kC9lI6A,@saulsifuenteshuerta1603,2019-07-06 02:56:04+00:00,30,Lo siento pero España debe endurecer aún más las fronteras en Ceuta y Melilla incluso si eso significa que africanos tengan que morir en el intento. Leí que los perros de caza serán incluidos para perseguir inmigrantes lo cual garantiza su captura,2019
ntc0kC9lI6A,@mariafont8826,2020-11-15 00:08:39+00:00,10,"¡Qué cosa más triste! ¡Qué mundo más injusto! Haber nacido humano es una maravilla, ¿qué nos pasa? 🇺🇾",2019
ntc0kC9lI6A,@jenniferbarnea3103,2022-07-23 13:39:22+00:00,0,Que triste 😥,2019
ntc0kC9lI6A,@MagdaEnriquezDgo,2022-07-14 18:00:27+00:00,7,"Siempre se habla de la frontera México /EUA pero nadie le da luz a estas historias, y es cierto lo que dicen, son personas valientes que su situación llega a un punto de NO retorno, es eso o morir en sus países. Que Dios los ampare",2019
ntc0kC9lI6A,@Omar-vr7yq,2020-01-16 02:20:33+00:00,23,"Es duro pero los españoles no tienen la culpa de sufrir la inmigración de países como Camerún o similares, apoyo a los españoles en su lucha por conservar su cultura y evitar la pésima inmigración...",2019
ntc0kC9lI6A,@jamirc847,2019-07-10 17:27:42+00:00,4,Y luego se quejas de lo que hace estados unidos,2019
ntc0kC9lI6A,@TheBlackhorndown,2021-05-19 22:17:48+00:00,0,Qué triste y terrible...,2019
ntc0kC9lI6A,@americantrucking6843,2020-01-15 21:38:10+00:00,7,0:14 se cogieron a la policía ojo ahi,2019
ntc0kC9lI6A,@carpetanoknight9727,2019-07-10 13:51:16+00:00,12,"Que a quien le parezca una atrocidad esto, que quite la puerta de su casa o la dejé abierta, y que se meta todo el mundo en su casa eso sí, pero que no espere gente educada y civilizada no no, lo peor de lo peor.",2019
ntc0kC9lI6A,@rsm1101,2019-09-14 21:48:21+00:00,28,Que vengan todos y al final nos iremos los españoles!!!,2019
ntc0kC9lI6A,@vivianacanteromunoz6764,2022-08-09 01:32:35+00:00,0,"Uff muy duro. Son personas que solo quieren lo mejor para ellas y sus familias, que buscan el bienestar y la paz. Ojalá las fronteras dejaran de existir.",2019
ntc0kC9lI6A,@brayanalonso2375,2021-02-09 19:14:06+00:00,8,"España: Usa
África: México 
Todo está en equilibrado",2019
ntc0kC9lI6A,@alejandroornelas7363,2019-07-20 01:42:48+00:00,4,"A la generación de mis bisabuelos también los reprimía el gobierno y armaron una Revolución, comían lo que encontraran y luchaban con machetes. Alguien tiene que hacer lo mismo en sus países",2019
ntc0kC9lI6A,@manuelamavizcanavarro9011,2019-07-14 21:46:45+00:00,11,"Esto se puede arreglar tanto política como poblacionalmente. Lo primero es asegurar mas las fronteras, e implementar políticas severas contra la inmigración ilegal. 

Lo segundo, españoles,  aunque suene ya algo tradicional para muchos de ustedes, cuiden de su familia, tengan hijos para que no se pierda la hispanidad porque los islamistas son así, llegan con familias enteras a poblar naciones y exigir derechos que no corresponden. La base de todo es la familia, si tienen familia unida y dejan atrás esas tontas leyes de izquierda que no estan orientadas al beneficio del pueblo sino a extranjeros, verán el cambio. Si es posible armarse más militarmente. 

Un abrazo desde México.",2019
ntc0kC9lI6A,@dennishenriquez3767,2022-07-16 17:12:00+00:00,0,Los q. Vivimos. Esas. Esperiencias   Sabemos. El. Tipo. De. Sentimientos. D. Impotencia. Vividos. En los. Trayectos en los. Cuáles. Dejamos. Parte d nuestras. Vidas  con las. Marcas  de los q no. Entienden xq lo. Hacemos. Bendiciones. Para todos,2019
ntc0kC9lI6A,@reyesrap204,2020-10-19 15:18:47+00:00,18,"No importa de que parte del planeta vengas, las fronteras fueron hechas por el hombre..  todos merecemos una mejor vida",2019
ntc0kC9lI6A,@jcarlos7668,2019-07-09 21:06:25+00:00,35,"Se independizaron de Europa para venir a Europa, que contradicción.",2019
ntc0kC9lI6A,@anthonyreyes9513,2019-07-04 17:41:26+00:00,19,"En este mundo cada vez hay más odio e indiferencia. Que acaben las guerras, que acabe el racismo, que acabe la corrupción;  así nadie tendría que abandonar su país. Las personas no dejan sus países porque quieren, lo hacen por necesidad",2019
ntc0kC9lI6A,@colochos11,2021-05-22 00:23:01+00:00,2,Son personas que lo único que quieren es salir adelante... qué triste!,2019
ntc0kC9lI6A,@isaacibanez8777,2021-05-18 16:23:30+00:00,30,"Pues yo no me imagino a aquellos que critican la valla que miles de inmigrantes entren a su país, haber díganme Chilenos, Argentinos, Mexicanos, Costarricense y Panameños, ustedes qué son los únicos que reciben inmigrantes (además de venezolanos) en Latinoamérica, ¿Les agrada ver que su gobierno no impongan reglas de acceso y que cualquier delincuente entre a su país?¿Les agrada que tantos inmigrantes consigan trabajo incluso más rápido que ustedes?.
Esto no es cuestión de humanidad si no favorabilidad, un inmigrante tiene que demostrar que puede ser útil en el país al que vaya, simplemente no puede hacer las cosas a la fuerza, no se puede vulnerar los derechos de los nacionales por encima de los extranjeros.",2019
ntc0kC9lI6A,@mteresatrabanco5183,2021-05-26 00:42:15+00:00,20,"Salto la valla, pido asilo, tengo 19 años y estoy estudiando y  pretendo seguir estudiando otros cinco años.... Es decir, que los españoles te mantengan  año tras año porque de trabajar ni hablas. ¡Qué hartura de esta gente!  Piensan que a los españoles nos cae el dinero del cielo.",2019
ntc0kC9lI6A,@guillermorobles9389,2019-07-10 12:54:43+00:00,9,"Y Europa es la civilización, dios mio que locura.",2019
ntc0kC9lI6A,@wellingtonabel1983,2021-05-18 15:06:40+00:00,0,2:44 me hace acordar a la película de Chucki al momento de la poseída del muñeco,2019
ntc0kC9lI6A,@escupetube,2020-12-29 17:38:44+00:00,4,"""We build bridges, bridges not walls"" 🎶",2019
ntc0kC9lI6A,@franciscojcastillo1387,2019-07-11 02:08:32+00:00,6,en el sistema actual las fronteras son necesarias y muy importantes.,2019
ntc0kC9lI6A,@jonathanparra9699,2019-10-10 06:32:41+00:00,4,Un muro de hormigón,2019
ntc0kC9lI6A,@brianromero6741,2021-05-21 22:32:48+00:00,2,"Es triste no poder ayudarlos, pero tampoco se puede absorber a todos los inmigrantes que uno quiera, porque dezestabilizaria el mercado laboral. Lamentablemente muchos comerciantes se aprovechan de esta gente para bajar los sueldos en los puestos más ""bajos"".",2019
ntc0kC9lI6A,@luismora9782,2019-07-11 16:34:42+00:00,4,"Los inmigrantes que asaltan la frontera de España tienen por medio muchos países más potentes que España e incluso muchos vienen de esos países. ¿ Cuál es el problema? que aquí se les da de comer, se les viste, se les ayuda económicamente y no trabajan el 90%, eso es una llamada general al resto; sin ir más lejos lo tenemos con los inmigrantes marroquíes, tienen ayudas subvenciones que se les quita a los anciano e incapacitados españoles incluso recortes en sus jubilaciones y falta de recursos en la sanidad pública.",2019
ntc0kC9lI6A,@Mickeywonderwall,2019-07-16 16:43:10+00:00,10,"Si siguen entrando es porque no se ponen todos los medios para evitarlo. Un muro, unos guardias con rifles y patrullas con perros.",2019
ntc0kC9lI6A,@claudiaperez830,2020-11-01 13:51:44+00:00,15,"Porque critican a Trump cuando otros países hacen muros?

Los gobiernos tienen que proteger sus países de pandillas y narcos. Lastimosamente hay gente que immigrate por necesidades justificables. La ONU debería ayudar a familias que quieren inmigrar  
con programas de trabajos y usando fondos de países que están más desarrollados.",2019
ntc0kC9lI6A,@r.fumador1146,2021-12-23 10:57:20+00:00,0,Quizás quieren los señores que cambien las vallas por escaleras mecánicas ?,2019
ntc0kC9lI6A,@nadieleimporta9889,2019-07-27 00:18:30+00:00,8,Lo que no entienden muchos en Europa es que si tienen bienestar social es porque existe esa frontera. Si nadie entiende que los recursos son escasos y limitados en Europa acabaríamos todos los europeos pasando la misma miseria que en África. Que ya por ese camino anda España. Sin trabajo ni para los autóctonos😌,2019
ntc0kC9lI6A,@FranciscoCamino,2020-11-30 10:38:41+00:00,11,"Básicamente BBC, cuando más alto sea el muro, menos inmigrantes ilegales habrá en en Gran Bretaña.",2019
ntc0kC9lI6A,@robertolemus2795,2021-05-21 06:01:24+00:00,4,Venganse para el salvador aqui todos y todas somos hermanos dios los cuide somos seres humanos,2019
ntc0kC9lI6A,@josemanuelbautista3996,2022-07-30 05:09:13+00:00,0,Q triste..hojala esto mejore.hay gente buena y mala.y la gente q quiere sobresalir tener mejor estilo de vida y es buena merece esa oportunidad.Dios los Bendiga y proteja,2019
ntc0kC9lI6A,@victorchavez9020,2021-05-18 22:59:55+00:00,88,Pensé que esto solamente pasaba aquí en Estados Unidos‼️🙏🇺🇸🇺🇸 Leo todos los comentarios y me doy cuenta que todos le echan la culpa al los países europeos!! Pero en realidad por qué no le echamos la culpa a los países de origen de estas personas a todos esos gobiernos corruptos que permiten todas esas desigualdades por lo que fuerzan a estas personas a irse de sus lugares de origen ese es el problema de raíz‼️🙏🙏🙏🇺🇸,2019
ntc0kC9lI6A,@LEON369-w3m,2022-07-18 15:53:18+00:00,6,HAY QUE REFORZAR ESAS FRONTERAS. MAS FUERZA Y MAS ORDEN. LAS CIUDADES TAMBIEN SON NUESTRAS CASAS.,2019
ntc0kC9lI6A,@RAB-dd8xi,2019-07-07 14:54:02+00:00,8,"El muro tendría, que ser de hormigón, y más alto. Y métodos más contundentes para disuadir a los que quieran entrar. Considerar cualquier intento, como un intento de invasión del territorio nacíonal y por lo cual así tratado, sin medias tintas. Sin dudar. Y quitar las ganas de intentarlo otra vez. Que se caen, se lesionan o incluso se matan intentándolo, no nos tienen que preocupar. Están al otro lado y son problema, de la nación que hay al otro lado no nuestro. Leňa al mono!! Esto es ellos o nosotros? Estamos en nuestro país, que es nuestro y tenemos derecho de defenderlo y la obligación, aunque tenemos muchos políticos TRAIDORES que no lo ven así. 🥊🥊🥊🥊",2019
ntc0kC9lI6A,@virginiastark8530,2019-07-04 17:41:25+00:00,5,"Señores por los pocos comentarios que ahí, esas personas deberían entender un lado y otro. No se trata de que los españoles somos racistas(les recuerdo algunos q nosotros x circunstancias fuimos emigrantes)si los oyen el problema lo tienen en sus países , Señores mandatarios de Naciones Unidas hagan algo en esos paises( no tienen porq dejar esas personas su Casa). Total que los malos de la película son los españoles , muy bonito. Poner el grito en el cielo por estar viendo y no haciendo nada en esos países, muy triste ver hasta donde llegamos los ser humanos.",2019
ntc0kC9lI6A,@claudiamargain4526,2021-05-18 18:45:06+00:00,0,Que raro uno como turista entra por un barco y sale de la misma forma. Cruzas el estrecho de Gibraltar.  Nunca me imagine eso,2019
ntc0kC9lI6A,@dredoc1,2019-07-10 07:56:15+00:00,5,Esa valla debería de ser más segura e impenetrable,2019
ntc0kC9lI6A,@carloscuba,2020-10-22 00:01:29+00:00,18,"Por qué critican a Donald Trump por querer hacer un muro? En fin, la hipocresía",2019
ntc0kC9lI6A,@milenariorex3368,2020-08-30 22:59:47+00:00,11,Que lance la primera piedra el que no tenga reja en su casa !,2019
ntc0kC9lI6A,@lupitamacval8089,2022-07-26 23:36:28+00:00,0,Que dolor :(,2019
ntc0kC9lI6A,@alexismatias6473,2019-07-13 22:09:53+00:00,6,Me acordé de mi México lindo y querido!!!!,2019
ntc0kC9lI6A,@is88santos17,2019-07-09 15:46:52+00:00,15,Mas alta la hacia yo,2019
ntc0kC9lI6A,@eldomiconsumado8379,2020-12-24 19:58:34+00:00,5,"En República Dominicana necesitamos una igual o más grande, los Haitianos están acabando con la República Dominicana🇩🇴como lo hicieron con su país, las ONG no sirven para nada solo unden países, y se lucran",2019
ntc0kC9lI6A,@ArtigasMillan,2021-05-26 17:23:19+00:00,0,Buen informe muchas gracias!!👍🙄,2019
ntc0kC9lI6A,@Oscar-he2kb,2019-07-10 15:13:23+00:00,10,"La TV pública británica diciendo a los españoles como gestionar sus legítimas fronteras.

Si tanto les importan esos inmigrantes, que se los lleven al Reino Unido que allí son más ricos y nos tienen una tasa de paro del 14%",2019
ntc0kC9lI6A,@asintomatico1,2021-06-08 15:08:50+00:00,7,"Fuerza y ánimo a España, para contener la invasión africana que está sufriendo.",2019
ntc0kC9lI6A,@Koastarptv,2019-07-09 14:49:10+00:00,16,Para cuando un reportaje sobre el muro en la frontera de Israel? La BBC siempre criticando a España...,2019
ntc0kC9lI6A,@geotarkus7370,2022-07-19 14:57:05+00:00,1,Un error. Melilla no esta es la costa norte marroquí. Melilla no pertenece a Marruecos,2019
ntc0kC9lI6A,@TheAlexX_C,2019-07-04 18:56:46+00:00,4,"Bueno, se podría poner otro muro electrificado en medio de los otros dos, para no dejar ese gran pasillo para que los inmigrantes corran, a su vez hacer los otros dos muros más altos y poner a más personal migratorio custodiado la frontera...
Aunque no deja de ser lamentable la situación que pasan muchos de esos africanos.",2019
ntc0kC9lI6A,@felipeacosta5069,2019-07-10 14:59:57+00:00,16,"No me importan los motivos, ¿no conocen las aduanas o el asilo político?, es una falta de respeto a la soberanía de los pueblos entrar sin avisar al territorio.",2019
ntc0kC9lI6A,@cesarsupaynga,2022-07-14 20:28:37+00:00,4,"Sin caer en la burla, Marruecos viene a ser como México, si no fuera porque son el país nexo a uno con mejor económia no serian la gran cosa.",2019
ntc0kC9lI6A,@olgagarcia3249,2022-07-19 21:09:28+00:00,3,Que triste que la gente huya de donde nació. 😢,2019
ntc0kC9lI6A,@zipi1594,2021-03-23 18:28:57+00:00,5,Pues se debería de fortificar mucho mas,2019
ntc0kC9lI6A,@savemexico1,2019-07-11 06:11:57+00:00,8,En México necesitamos un muro así en el SUR del país.,2019
ntc0kC9lI6A,@antoniolopez2108,2020-11-25 09:32:45+00:00,8,Ese sistema se debe implementar en la frontera entre México y Guatemala para impedir la migración de Centroamerica,2019
ntc0kC9lI6A,@mengue2009,2021-06-10 12:06:50+00:00,1,Que triste,2019
ntc0kC9lI6A,@belizrojasmtz,2020-09-09 19:28:32+00:00,4,😭😭😭Donde está la onu..  la alcancía de los estados,2019
ntc0kC9lI6A,@sergioandresmuneraagudelo9282,2019-07-05 16:29:13+00:00,7,"El problema que encuentro es el siguiente: como uno de los medios más masivos, influyentes y creíbles de nuestro tiempo, la BBC se equivoca no en la labor investigativa del reportaje, sino en el qué investigar y qué enfoque darle. 
Formar, informar y entretener son unos de los objetivos del periodismo, y este medio tiene todo lo necesario para inmiscuirse en las causas de la inmigración en los países Africanos. Deberían utilizar su renombre periodístico para desvelar qué o quiénes son los principales participes del problema; quedarse solo con mencionar los motivos por los que huyen y no desarrollarlos a profundidad me parece mediocre, injusto y en fin, una labor periodística demasiado superficial. 
P.D 1. Informar pertinentemente de los factores que desenvuelven la migración Africana, permite que el mismo pueblo tome decisiones para, ellos mismos, sin injerencia descarada, ruin e interesada económicamente por parte de otros países; pues tomen las decisiones oportunas para sus pueblos. 
P.D 2. Se entiende que el objetivo del reportaje es dar a conocer la valla de melilla, y ese propósito lograron realizarlo eficazmente. Lo que estoy diciendo es que tienen todo lo necesario para hacer investigación real de las causas de la inmigración Africana.",2019
ntc0kC9lI6A,@granmomox,2019-07-05 21:02:46+00:00,4,enserio algunos quieren fronteras abiertas?,2019
ntc0kC9lI6A,@nidiadipierro4394,2022-07-20 16:26:55+00:00,1,"Hablaron de muro de Berlin, de la frontera de Mexico con Estados Unidos, pero esta no fue muy difundida....",2019
ntc0kC9lI6A,@juanaamore9758,2020-04-24 18:32:30+00:00,4,Deben de ayudarlos  donde está la ONU.  ??? Dios bendiga a esas personas que se exponen a todo con tal de encontrar algo mejor.,2019
ntc0kC9lI6A,@paperopapero8948,2023-08-16 16:54:15+00:00,4,"Valla de chichinabo no, MURO CON FOSO SÍ. VIVA ESPAÑA Y VIVA VOX.",2019
ntc0kC9lI6A,@chuky3337,2019-07-09 20:00:02+00:00,4,Habrá que evacuar Ceuta y Melilla. Traérselos a la península y que el mar sea una frontera natural .,2019
ntc0kC9lI6A,@viviendolavidaconfe.6545,2021-04-05 17:20:28+00:00,0,🙏🏾🙏🏾,2019
ntc0kC9lI6A,@DanyRulezFerrol,2019-07-10 11:28:21+00:00,4,Pues yo espero que las hagan de 20 metros de altura,2019
ntc0kC9lI6A,@jorgeluisdejesus9233,2019-07-14 00:17:15+00:00,30,España no se dejen invadir tanto,2019
ntc0kC9lI6A,@yinevis,2020-10-25 17:52:30+00:00,4,"En mi país pasan los africanos, los de Asia ( países pobres) y uno que otro del medio Oriente de forma ilegal pero su camino es subir por Centroamérica entrar a México para llegar al ""sueño americano"". Hay meses donde son muchos los africanos que dicen ser haitianos para que no le pregunte mucho, lo malo es que no les guata hacer caso y han dañado los lugares donde les dan refugio en mi país, en la pandemia fue cuando menos hicieron caso y quería de su manera salir del país en vez de quedarse quietos por un tiempo. Así que me caen mal, y eso que creo que los que vienen América deben tener dinero para pagar la travesía de cruzar todo el océano y subir todos los países que están en su camino a USA.",2019
ntc0kC9lI6A,@claudiamurillo6526,2022-07-29 15:53:16+00:00,0,Que triste,2019
ntc0kC9lI6A,@lorenacharlotte8383,2019-07-05 21:07:40+00:00,14,"Desde que España pertenece a la Unión Europea todo son problemas.  Con Franco nadie saltaba vallas.  Los marroquíes entraban ordenadamente a España a trabajar.  Vamos, que era impensable que España fuera invadida de mala manera como lo es ahora.  De hecho este mismo reportaje omite que entre los que invaden por tierra y mar también se encuentran soldados, delincuentes, narcos....",2019
ntc0kC9lI6A,@deanmed5584,2020-08-27 12:33:52+00:00,5,Critican a Trump por construir el muro que separa EEUU y México... No es lo mismo??,2019
ntc0kC9lI6A,@teramai1628,2019-07-09 18:31:41+00:00,14,Hablan de racismo y una vez que están aquí lo único que hacen es acusar a la gente de aquí de que somos racistas …… integración muy baja y menos aun si son musulmanes,2019
ntc0kC9lI6A,@juanfelipecastrillon1623,2022-07-16 00:15:00+00:00,0,Amen 🙏,2019
ntc0kC9lI6A,@mateosaavedra5825,2019-07-11 23:07:58+00:00,11,España ya tiene bastantes problemas para aceptar más problemas,2019
ntc0kC9lI6A,@juandiegovinas9897,2019-07-08 14:32:35+00:00,6,Muros en EU . el muro de Trump . solo falta q Colombia levante el suyo antes q salgan unos 3 millones de personas para el otro año .,2019
ntc0kC9lI6A,@agustin19,2020-10-17 20:27:54+00:00,8,"Aun asi hay gente que defiende el socialismo. Que dice que el capitalismo es cruel. Pero cuando vemos esto, la gente de paises socialistas van a los capitalistas, no al reves.",2019
ntc0kC9lI6A,@patricioargentum.9668,2022-07-15 19:03:01+00:00,0,Que triste semejante desesperación. 😔,2019
ntc0kC9lI6A,@luismora9782,2019-07-11 16:25:21+00:00,6,"Todo inmigrante que pasa desde Marruecos, por su puesto con el consentimiento del Gobierno marroquí, deben de ser inmediatamente devueltos a Marruecos. El presidente Aznar lo llevo a cabo y durante su mandato dejaron de pasar, sin más contemplaciones. Las mafias del tráfico de seres deben de ser erradicada de raíz.",2019
ntc0kC9lI6A,@joseluisdiez5455,2020-10-07 11:37:40+00:00,5,"Si España no tuviera esas medidas de nos meterían media África, lo que hay que poner es un muro de hormigón de 7 metros, lo que tienen que hacer estos migrantes es luchar en su país para mejorarlo, no recorrer miles de kilómetros para venir a otros países donde tampoco hay trabajo, el problema no son las personas son sus dirigentes, .Naturalmente el mayor pago !o originan los automatismos y la robótica, nos gusta mucho la tecnología,, pego los grandes adelantos tecnológicos crean muchísimo paró en todas partes..las fábricas deben pagar por los robost y automatismos  como si fueran personas, con las máquinas se ahorran mucho dinero y cada día quieren más..ese es el problema no la migración que en parte también lo es...",2019
ntc0kC9lI6A,@Gabi-hn7mi,2021-01-14 15:28:33+00:00,6,"Si son maltratados en Camerún , pues que salgan de Camerún , eso no tiene nada que ver con cruzar siete u ocho países.
No es que huyan de Camerún es que quieren llegar a España de manera irregular",2019
ntc0kC9lI6A,@abenglish1134,2022-07-15 13:22:36+00:00,1,"Veo tantos comentarios y digo entonces cual es la solución?

Que los dejen  ingresar entonces? 

no entiendo nada .",2019
ntc0kC9lI6A,@santo.8177,2020-12-09 17:42:25+00:00,6,"SIN VOX  ESPAÑA LOS PROXIMOS 5 AÑOS ES MUY POBRE COMO UN PAÍS DE AFRICA .
POR ESO VOTO A VOX. VIVA ESPAÑA 🇪🇸❤️🇪🇸Y ARRIBA VOX.💪🏼👍💚🇪🇸💪🏼👍💚🇪🇸💪🏼👍💚",2019
ntc0kC9lI6A,@nadieleimporta9889,2019-07-18 21:59:06+00:00,10,Africanizando europa..,2019
ntc0kC9lI6A,@alejandromouse7033,2019-07-08 11:15:34+00:00,9,"Migrantes no, inmigrantes.",2019
ntc0kC9lI6A,@disrael2101,2021-05-19 23:12:20+00:00,1,Interssant!,2019
ntc0kC9lI6A,@ghost_xxmartinxx5139,2019-12-11 17:52:00+00:00,5,"ONU
objetivo: luchar por la igualdad
resultado: ayudar a países pobres hundiendo paises ricos",2019
ntc0kC9lI6A,@IsmaelLopez-dw5vs,2019-07-09 11:37:56+00:00,4,"Que se dejen de vallas de mierdas y que pongan un muro que no puedan escalar, esque cuidado con las tonterías o que la electrifiquen",2019
ntc0kC9lI6A,@GiuseppediSaronno,2019-07-10 00:53:57+00:00,8,"Qué migrantes ni qué migrantes ????? Son golondrinas acaso ????? Emigrantes, de toda la vida de Dios",2019
ntc0kC9lI6A,@Alsa-hb9qy,2023-05-28 09:02:08+00:00,1,"Losiento , pero no cabemos todos , esto afecta a la emigración legal que hace cola para entrar a nuestro país .",2019
ntc0kC9lI6A,@Tam84USA,2021-03-12 14:38:13+00:00,4,Viva VOX!!!!,2019
ntc0kC9lI6A,@pretorianomx,2019-07-05 12:59:50+00:00,5,Y se quejan de mi México,2019
ntc0kC9lI6A,@riccardospina8457,2020-12-23 23:28:15+00:00,4,"es justo asì, la imigracion tiene que ser regular y revisada.",2019
ntc0kC9lI6A,@Asmr_845,2022-04-28 21:29:57+00:00,2,Pq tem que ir pra Europa ? Pq não Arábia Saudita? Qtar,2019
ntc0kC9lI6A,@elvisrosedickinson7328,2019-07-10 20:23:34+00:00,5,No immigration 👎👎👎👎👎,2019
ntc0kC9lI6A,@eduba7393,2019-09-05 14:08:51+00:00,4,Invasores.,2019
ntc0kC9lI6A,@lucasvargas8561,2019-07-10 15:42:23+00:00,5,Acá en Argentina esto sería un escándalo los derechos humanos y partidos de izquierda pondrían el grito en el cielo,2019
ntc0kC9lI6A,@BecauseIm_Irene,2021-05-19 11:25:54+00:00,2,Pensaba que la BBC era un canal informativo OBJETIVO. Ya veo que no.,2019
ntc0kC9lI6A,@mariaalarcon6365,2019-07-15 21:00:45+00:00,5,Con Franco no había vaya y no entraba nadie jjjjjeer,2019
ntc0kC9lI6A,@VAMS54,2019-07-10 04:54:30+00:00,7,"Mejor vengan a América Latina acá recibimos bien a los hermanos inmigrantes, acá si hay cama pa tanta gente",2019
ntc0kC9lI6A,@lauteilatu5325,2020-07-10 06:27:00+00:00,5,Reportaje de la BBC jajaja me rio. Cualquier cosa que pueda perjudicar a España.,2019
ntc0kC9lI6A,@bellg3ni085,2021-05-19 19:26:31+00:00,0,😢🙏,2019
ntc0kC9lI6A,@anonymousv5502,2019-07-10 08:53:46+00:00,5,ESPAÑA Y EUROPA LIBRE DE INMIGRANTES POBRES. EUROPA NO ES UNA ONG. 💪🇪🇺🇪🇺🇪🇺🇪🇸🇪🇸🇪🇸💪,2019
ntc0kC9lI6A,@adrielmanriquez5294,2019-07-09 15:26:36+00:00,12,VIVAN LOS MUROS!!!!,2019
ntc0kC9lI6A,@MatiasKaizen,2019-07-05 13:19:18+00:00,5,España es Estados Unidos y Marruecos es México,2019
ntc0kC9lI6A,@mairavidal1722,2021-05-24 22:45:16+00:00,0,Oportunidad que tremenda palabra,2019
ntc0kC9lI6A,@eleusis7717,2019-08-11 12:04:25+00:00,4,Fuera de España !!!,2019
ntc0kC9lI6A,@magnoghades6435,2021-05-01 11:31:22+00:00,0,Esta situación con el tiempo y el crecimiento poblacional desbordado de África va a crecer en proporciones incontrolables.,2019
ntc0kC9lI6A,@sergiodottori484,2022-11-06 23:20:42+00:00,1,Y cuando se va a exigir a los países de origen que se hagan cargo de sus ciudadanos? Cuando se va a exigir que los gobiernos gobiernen para sus ciudadanos y no que vivan a costa del sufrimiento de sus propios ciudadanos! Cuando?,2019
ntc0kC9lI6A,@JoseCruz-ne1jf,2022-12-20 16:49:10+00:00,1,"Mejor seria en sus paises de origenes , mejores alternativas y oportunidades crear , de lo contrario Esto hiria a Mas!!!",2019
ntc0kC9lI6A,@Martinazomorales,2021-05-19 12:42:53+00:00,0,Trágico...,2019
ntc0kC9lI6A,@giovannaechenique7510,2022-07-23 07:37:40+00:00,0,Dios mío qué pena ver esto no lo sabía que tristeza porque no los dejan pasar 😔 en mi País no hay mucho pero tampoco se vive mal,2019
ntc0kC9lI6A,@frankVasquez-jr8dc,2022-07-18 10:42:48+00:00,1,Dios bendiga a todos los migrantes del mundo los que lo hacemos por salir adelante en un mundo con oportunidades limitadas,2019
ntc0kC9lI6A,@franciscoraddatz517,2025-10-05 17:48:20+00:00,2,Estos son los mismos que se quejan del Gibraltar británico?,2019
ntc0kC9lI6A,@tetris450,2021-05-23 09:02:46+00:00,0,"Na, no estoy llorando. Sólo... me entró algo en el ojo...",2019
ntc0kC9lI6A,@magnoliaguerra8838,2022-07-17 19:21:44+00:00,0,Que triste soy hispana y en todad partes de las fronteras del mundo es esto.,2019
ntc0kC9lI6A,@emiliaruanocameros7950,2021-05-19 23:02:26+00:00,0,"Vivo en un país tercermundista, pero estoy muuuuuuuyyyy agradecida xq a pesar de no tener lujos ni dinero de sobra no he tenido la necesidad de emigrar a otros países aunque tuve la oportunidad de hacerlo legalmente... Fortaleza a estos inmigrantes....❤️🇬🇹❤️",2019
ntc0kC9lI6A,@ccastillo2139,2021-05-20 18:07:12+00:00,0,"Da pena la situación de los africanos al igual la de otros países en otros continentes que tienen esos problemas de corrupción y guerras civiles y persecuciones políticas y demás, pero la verdad es entendible que el país que los recibe tenga dificultad para absorber a esa nueva población con culturas diferentes algunos países productos de la guerra hacen que su población este con amargura, resentimiento y odio y eso lo proyectan en la población que no tiene la culpa de las desgracias ajenas sino un grupo de personas que no les interesa la vida de sus propios hermanos pobladores del mismo país es decir los políticos corruptos y demás. 
Es difícil exigirle a otro que se haga cargo de uno a la fuerza porque mucha gente dentro de esos países también tienen sus propios problemas y cada uno trata de salir adelante incluyendo a los gobernantes de los países a veces es complicado lidiar con una gran cantidad de población porque los recursos de un país pueden ser más y otros menos dependiendo de qué país te encuentres así que es entendible ambos lados de la situación. 
Aunque la vez pasada veía un vídeo de unos musulmanes que cruzaron una frontera y eran muchos jóvenes que fueron a vivir a Europa y ellos contaban que si le pudieran decir a otros que se quedarán allá que preferían quedarse en un país en guerra que sufrir actos vergonzosos porque tenían que prostituirse desde que llegaban con otros hombres etc",2019
ntc0kC9lI6A,@normamorocho2015,2022-06-27 10:25:51+00:00,0,Que pena Dios porque tanta injusticia.,2019
ntc0kC9lI6A,@melssgiOnyLua,2021-05-18 16:30:54+00:00,0,😓😢😓,2019
ntc0kC9lI6A,@sekoumohammedkeita581,2022-07-19 20:55:49+00:00,0,Oh life,2019
ntc0kC9lI6A,@jhamyjulianlopezlazaro9960,2021-06-06 07:27:24+00:00,1,"Y por qué en vez de poner rejas o alhambrado no minan esa zona así los que desean saltar o salirse simplemente explotan y se evitan muchos problemas , una frontera minada aria que piensen dos veces si desean migrar la frontera",2019
ntc0kC9lI6A,@kalanicabral-omana4006,2021-10-20 21:47:29+00:00,2,Yo anyone translate the transcript I need it for my Spanish class thanks 🙏🏽,2019
ntc0kC9lI6A,@fernandoparedes1451,2022-07-16 20:11:49+00:00,1,"Tengo un amigo viviendo En españa y me cuenta de lo envejecida que está la población, de como sus compañeros tienen de media 60 años y eso que estamos hablando de Barcelona con todas sus fábricas. Muy pronto el pago de pensiones y jubilaciones se hará insostenible pero al mismo tiempo no permite la inmigración y la reprime al máximo...entiendo que debe ser complicado verificar los antecedentes de esas personas pero no habrá forma de agilizar la bucrocracia y que esa gente pueda vivir dignamente y trabajando?",2019
ntc0kC9lI6A,@carolinarha,2022-07-15 16:38:11+00:00,3,"Lamentable situación que se vive allí en la frontera de Melilla! Creo que cada ser humano es libre de elegir dónde quiere vivr, las razones por las que cada quien decide emigrar son innumerables, como las estrellas del universo, eso esta claro. Lo que debe estar aún mas clarísimo también, es que los países tienen fronteras, son soberanos, y tienen leyes, y las leyes hasta donde yo sé, se cumplen, se hicieron para resptarlas. El respeto al derecho ajeno, es qué? La paz, cierto? 

Por lo mismo de que estas leyes se rompen y no se respetan, es que no hay paz, y las fronteras son un verdadero caos. Me quedo "" Bocabierta"" al ver la manera en que la border de EU, allí en Marruecos etc, está construida. Son 3 muros  con nabajas, o sea cuchillos, que solo las había visto en las cárceles. WOW ! La frontera México/US es una alfombra roja, comparada con esta frontera, y siendo honesta sí me parece INHUMANO. Le vi los pies cortados a un inmigrante, y si alguien no se conmueve al ver sufrir a otro ser humano de esta manera, simple y llanamente no tienen corazón, es que simplemente no me cabe cómo un ser humano se alegre con el sufrimiento de otro, al ver éstas imágenes. 
Ahora bien, volviendo a lo de frontera, soberanía, leyes que no se respetan, la inmigración DEBE ser legal, no dudo que mucha gente sea buena etc etc, pero  quién da garantîa o mete las manos al fuego y dice, que entre toda esa muchedumbre, no viene  gente mala, delicuentes, criminales, violadores, asesinos, que lo que estan haciendo es huir de sus países e ir a causar desgracias a otros países que no son los de ellos, y NO SE VALE. ¿ Cuál es la garantía ? NINGÚNA ! 

Entonces, como es práctimente IMPOSIBLE saber quien es bueno y quien es malo, hay que implementar detenciones, arrestos, procesos y deportaciones, y punto. Lamento decirles  que si en la US border detienen a  5,000 personas, una mínima parte posiblemente logré que los procesen, luego ver un juez de inmigración, y que les conceda asilo o deporte. Todos los demas van para afuera, deportados. Hay excepciones a Venezuelan me parece, pero esto para ""variar"" ya se esta volviendo un mega problema, porque todo el país se esta viniendo. La política de inmigración, hay que reconocer que no ha dado buenos resultados, son pésimos resultados. Hay 2 caras en una moneda siempre, por un lado la gente que viene, esta feliz que US no este tomándo medidas drásticas para que paren de llegar en caravanas, casi que son excursiones, vi a uno que traía cárgando un oso de peluche del tamaño de un adulto, increíble! La otra cara de la moneda son los ciudadanos americanos, ya no quieren tanta inmigración NO de la manera en que se esta dando. USA ya no puede! 

Inmigración siempre ha existido, no se va a terminar, pero JAMÁS había visto un ÉXODO como el que se esta viendo ahora.",2019
ntc0kC9lI6A,@felixa8944,2022-01-12 09:07:59+00:00,0,Genial,2019
ntc0kC9lI6A,@alexanderguerra7912,2021-06-07 16:39:58+00:00,0,😢😢😢😢,2019
ntc0kC9lI6A,@bossanova136,2022-07-05 14:46:51+00:00,1,"Esta es mi Ciudad, Melilla la mejor ciudad de España, lo tenemos todo y no sobra nada.....",2019
ntc0kC9lI6A,@davidacosta1417,2021-05-19 02:43:18+00:00,0,"La situación si es real, pero estos videos los tomaron de otros canales, son videos viejos",2019
ntc0kC9lI6A,@elgokupelon2831,2022-11-05 22:18:17+00:00,1,Más alta deberia de ser y fortificada,2019
ntc0kC9lI6A,@fortunatoflores5260,2022-12-20 21:18:03+00:00,0,Muy bien,2019
ntc0kC9lI6A,@comepuchas990,2021-05-12 17:32:43+00:00,1,5.12.21,2019
ntc0kC9lI6A,@fabianjesuschoquebeltran8145,2022-10-11 03:07:51+00:00,3,Amo mi  Latinoamérica 😢,2019
ntc0kC9lI6A,@irenesalgado1882,2021-05-22 03:14:41+00:00,0,Aqui esta fresco  el clima,2019
ntc0kC9lI6A,@eltiguesabioD.R.1259,2022-07-06 18:31:46+00:00,0,"Verdad que todos los Dias hay algo Nuevo que aprender , no sabia que hubiera una zona terrestre para pasar de Africa a europa",2019
ntc0kC9lI6A,@cheanlopezferreira1438,2021-05-25 20:16:01+00:00,0,"Sólo hay una cosa que está por encima de la libertad y eso es la justicia,todos estos temas deben tratarse dentro de la ley",2019
ntc0kC9lI6A,@benjaminmv7743,2021-05-21 15:10:29+00:00,0,Gracias al efecto Llamada,2019
ntc0kC9lI6A,@bikeandsee1647,2022-07-22 12:12:25+00:00,0,Terrible.,2019
ntc0kC9lI6A,@salvadorg8968,2021-04-08 13:43:01+00:00,1,este problema seguira asi por los siglos de los siglos,2019
ntc0kC9lI6A,@allisonyaninaechevarriapaz9380,2022-07-16 02:37:31+00:00,1,Escuchando a a estos jóvenes Espero que las el presidente de cada país encuentre soluciones que puedan apoyar a estos jóvenes que solo quieren estudiar y salir adelante y tener una vida sin violencia y vivir en paz,2019
ntc0kC9lI6A,@tereescarcega2041,2021-05-18 16:01:11+00:00,0,En todas las fronteras es lo mismo!!!😔😔😔😔,2019
ntc0kC9lI6A,@DEADMASTER-jj9fi,2022-02-18 18:04:49+00:00,1,En esa vaya hay que poner francotiradores.,2019
ntc0kC9lI6A,@jovitavillalpando2827,2022-07-12 10:40:44+00:00,0,Que bueno fences makes good  neighbors,2019
ntc0kC9lI6A,@jorgemora6715,2023-10-12 08:24:41+00:00,2,BBC a ver si su primer ministro quiere abrir fronteras y acoger a todas las personas que pasen por España.Si quieren puede ir África entera.,2019
ntc0kC9lI6A,@gastonfernandez3899,2021-05-20 03:01:54+00:00,0,"Deben flexibilizar las leyes, aunque por lo que España de por sí ya es muy flexible en cuando a esto",2019
ntc0kC9lI6A,@subocosas5951,2021-04-02 11:23:52+00:00,0,Es tan difícil hacer un muro donde no te cortes pero no puedas pasar,2019
ntc0kC9lI6A,@mariar6044,2022-07-04 05:19:52+00:00,0,"A ver no es justo que pase esto por qué son personas pero yo conozco a varios imigrantes del Sáhara, de Malí y ellos no cuentan eso ellos dicen que en su país se vive bien, que vienen aquí por qué en su país no hay trabajo y se paga muy poco. Así que ya no sé que creer la verdad",2019
ntc0kC9lI6A,@currok1,2021-05-19 18:56:51+00:00,1,"Ahora cuenta que sobre El Tarajal hubo una investigación que exoneró a la Guardia Civil. Cuerpo que por otro lado tiene como misión defender la frontera española.
Por cierto: a partir de los años 70 se incrementan las dificultades pq España mejora mucho su nivel de vida mientras Marruecos se queda atrás.",2019
ntc0kC9lI6A,@micelanjelcoenamartn,2021-05-24 11:05:25+00:00,1,"Para cuando un video sobre el MURO de Marruecos en el 
SAHARA Occidental",2019
ntc0kC9lI6A,@miltoadonaigarail4267,2022-07-09 02:20:12+00:00,0,Solo quiero desir que por qué hay muchos de el otro país aquí en este otro país,2019
ntc0kC9lI6A,@oMixsuo,2021-05-22 01:25:23+00:00,0,Todos los seres humanos en el mundo tienen derecho a una vida digna. Solo hay que dar la oportunidad de algo para quien lo desea.,2019
ntc0kC9lI6A,@bessymargaramidence8012,2021-05-21 23:13:00+00:00,0,Yo creía ya no había nada peor que vivir en latinoamericana y nadie sufría más que los que se van de migrantes pero nunca supe de esto antes,2019
ntc0kC9lI6A,@ChinoManco7w7,2022-07-23 15:58:34+00:00,2,"Aver no creo que vamos a dejar a todo mundo entrar ilegalmente sin mas, muchos de ellos son peligrosos y muy pocos tienen gana de trabajar y menos estudiar. He vivido en centros se como va la gente muchos son marroqui que solo fuma y se pelean muchisimo, parecen animales. Si que es cierto que hay chicos que estar por razones familiares y cosas asi, pero algunos simplemente espera recibir sin dar nada a cambio, ni hace las tareas que da el centro como limpiar el lugar donde viven y encima son violentos con los educadores que los cuidan",2019
ntc0kC9lI6A,@franciscorodriguez2457,2022-07-21 10:21:57+00:00,0,Porque no van a Los paises ricos del golf persico,2019
ntc0kC9lI6A,@elenamartinezarias1192,2022-06-28 07:39:53+00:00,1,Por qué no se quedan los migrantes en Marruecos?,2019
ntc0kC9lI6A,@juanhdjbjsbjsbhrh4637,2021-05-01 16:57:06+00:00,0,Cualquier parecido con Niemandsland en Berlín...,2019
ntc0kC9lI6A,@JJ-ey2ys,2022-02-01 04:56:47+00:00,1,"La UE no se quiere dar cuenta de que tener estas dos plazas en Marruecos, son 2 puntos de de gran interés geoestratégico...y tenían que reconocer y defender y poner 2 bases OTAN en estas 2 ciudades y en las Islas Canarias.",2019
ntc0kC9lI6A,@olgaangulo2014,2022-07-15 21:47:20+00:00,1,"No entiendo cómo el mundo tiene ojos solo para Estados Unidos, es indignante cómo viven estás personas migrantes, ahora entiendo porque quieren llegar muchos desde tierras lejanas a Estados Unidos.  Merilla tiene una frontera resguarda mejor que cualquiera otra.  Si Estados Unidos tuviera está clase de fronteras así de resguardada ya los suraméricanos, centroamericanos y cubanos estuvieran maldiciéndolos.
Sin embargo creo que estás personas que tratan de cruzar la frontera para llegar a Europa son los que realmente merecen llegar a un país libre sin pasar peligros, los centroamericanos, suraméricanos y cubanos no pasan nada comparado a estas personas.",2019
ntc0kC9lI6A,@ceciliaortiz2375,2021-05-19 03:08:47+00:00,0,"Terrible, pobre gente.",2019
ntc0kC9lI6A,@EvelynsColors,2022-07-15 02:33:46+00:00,1,"Que pena, África con tanta riqueza, suficiente para ser libres, felices, suficientes, con que necesidad tienen que ir a Europa??",2019
ntc0kC9lI6A,@costaazulporsiempre,2022-07-14 12:07:16+00:00,0,Mis respetos para el joven español que se expresa como otro ser humano simplemente.,2019
ntc0kC9lI6A,@Alicewoods000,2022-07-10 22:06:55+00:00,0,"Asi que ya habian muros fronterizos en otros paises !!.... y en USA cuando se hizo la muralla en el borde, el Mundo entero entro en shock 😲...me pregunto si tambien tienen caravanas de miles de imigrantes? Si no paso de seguro es cuestion de tiempo para que vayan cientos de caravanas a Europa",2019
ntc0kC9lI6A,@elenamartinezarias1192,2022-06-28 07:37:47+00:00,0,Menuda súper valla...y aún así pasan!!!,2019
ntc0kC9lI6A,@miguelangelcarrancomontelo5578,2022-07-26 03:49:26+00:00,0,Muy lamentable la falta de políticas dinámicas que puedan permitir el flujo legal de personas,2019
ntc0kC9lI6A,@aesthetizonia,2021-05-18 19:34:13+00:00,0,"Tiene razón el señor entrevistado, la malla del lado marroquí parece más una zona de campo de concentración y nadie le reclama algo. El tema de la malla española es más que todo por la altura.",2019
ntc0kC9lI6A,@ALEXANDER198727,2022-08-09 17:40:47+00:00,0,"triste, lamentable, pero si sus países no les dan las condiciones de vida adecuadas no hay más que pelear o morir en el intento 🥲🥲🥲🙏🙏🙏",2019
ntc0kC9lI6A,@MIKEDOMO,2021-04-10 02:34:00+00:00,0,La falta de oportunidades es algo serio.,2019
ntc0kC9lI6A,@fjwells593,2022-07-18 02:23:50+00:00,0,Qued Dios este con todos aquellos en esa jornada que solo Dios y ellos saben lo que vale!,2019
ntc0kC9lI6A,@javierheavy904,2022-04-24 12:06:27+00:00,1,Lo q tienen q hacer es lo primero quitar a los gobernantes corruptos de los países africanos lo segundo mejorar condiciones de esos países para q no tengan q arriesgar sus vidas saltando vallas y lo tercero intentar construir un futuro mejor en todo el mundo pero con los gobernantes q hay eso es muy difícil,2019
ntc0kC9lI6A,@ileanavega-ezzine3107,2022-07-20 18:57:55+00:00,0,"Que desepción y  que pena, .
Que hace el gobierno español con ésta frontera.

Ni, en México se ha visto ésta frontera.
Toda la falta de éste conflicto de debe a qué España no ha seguido las reglas seriamente. Y es culpable de todo lo que está pasando ahora.
Buen reportaje y gracias, por informar .",2019
ntc0kC9lI6A,@josevicentecardenaspenagos6046,2022-07-19 21:51:42+00:00,0,Terrible situación que sufren las personas que viven en África. La solución es ayudar a esos países africanos a capacitar sus pueblos y dar ayudas a gobiernos que no tengan corrupción para ayudar al trabajo en sus paises,2019
ntc0kC9lI6A,@novak9462,2022-07-13 19:53:38+00:00,0,Qué horror,2019
ntc0kC9lI6A,@rous9217,2021-05-23 15:04:14+00:00,0,Dios mío  que fuerte  es esto más que si fueran animales y aquí en México nos  asustamos por lo que ocurre en la frontera con E U.con el muro que está poniendo E U.  Dios cuide a todos los migrantes  y creo que en muchos países ocurre esto y la gente más pobre es la que  sufre con todo esto es la que se arriesga  por diferentes nesecidades. Bendiciones de Dios para todos .Cuida Dios a todos los migrantes.,2019
ntc0kC9lI6A,@julioalbertoherrera1339,2021-06-27 13:46:04+00:00,1,"5:08 Aquí hay que hacer un paréntesis. Las autoridades marroquíes no son un socio importante contra la inmigración irregular, permitieron la invasión anfibia de Ceuta, las pateras de Canarias y no atienden a sus menas. El dinero que la U€ les dan solo Dios sabe en qué se lo gastan...",2019
ntc0kC9lI6A,@silviaacosta5018,2021-05-20 01:52:16+00:00,0,"No sabia que existía semejante crueldad en Marruecos!!
Perdónalos Señor, no saben lo que hacen",2019
ntc0kC9lI6A,@joaocarlos8858,2021-05-03 15:03:46+00:00,0,Parece um limes romano no tempo do império 👍🦅🏛,2019
ntc0kC9lI6A,@negrivoluc18,2022-07-21 16:14:04+00:00,0,"Es muy fácil pedir derechos cuando se cree ser la víctima y es fácil sentirse ofendido cuando te sientes invadido. Todos somos humanos, pero todos tenemos una visión y solo los vencedores tienen el derecho de contarla.",2019
ntc0kC9lI6A,@zaidkhazzou9957,2021-05-29 14:56:30+00:00,0,"Incluso el plan de seguridad, la propia seguridad acompaña a Ceuta y Melilla hacia el este, para alejarse de España, y la canción ""Ne me quitte pas"" o ""نو مو كيت با"" ، con amor a la amada no le ayuda.

Même le plan de sécurité, la sûreté elle-même accompagne Ceuta et Melilla à l'est, pour s'éloigner de l'Espagne, et la chanson ""Ne Me quitte pas"" ou ""نو مو كيت با""، avec l'amour de la bien-aimée ne l'aidera pas.",2019
ntc0kC9lI6A,@newworld7365,2022-03-20 17:09:28+00:00,0,Dónde sea hay muros pensé que el de MX-USA era el más peligroso,2019
ntc0kC9lI6A,@BenitoAlonsoaguado,2023-07-22 11:44:24+00:00,3,"Yo lo siento por los migrantes africanos pero España tiene derecho a guardar su  frontera no podemos dejar pasar a todo Africa ilegalmente..
Seria un desastre para España .",2019
ntc0kC9lI6A,@zarnokx3859,2021-04-04 12:34:36+00:00,0,Ay que revulú,2019
ntc0kC9lI6A,@andrespimentel9623,2022-07-27 17:20:17+00:00,1,"Eso se llama Seguridad Nacional y es un derecho de cualquier país. El problema no es la valla, sino las políticas públicas de los países donde ellos viven. Da pena la situación de esas personas. Y los médios no dicen nada al respecto. Sólo cargan a España con problemas ajenos. No sean injustos, ustedes de la BBC.",2019
ntc0kC9lI6A,@josealbertorosales7946,2022-07-17 20:32:51+00:00,0,Cómo es que es el único lugar donde se puede ingresar a España por vía terrestre?,2019
ntc0kC9lI6A,@pedrotrotamundos3326,2021-05-18 15:46:01+00:00,1,el reportaje cae en todos los buenísimos de siempre sin afrontar la problemática real. A nadie que se considere ser humano le gusta ver las imágenes de la gran tragedia de  de la inmigración. Es hora de plantearse otra política. ¿Qué tal un plan Marshall para África? bajo una comisión que vigile el buen fin de hasta el ultimo céntimo de euro y que este supeditado al respeto de los derechos humanos. Pero  ¿ quien lo paga? ¿Estamos dispuestos los europeos a subir los impuestos para ese plan Marshall? Mucho me temo que no.,2019
ntc0kC9lI6A,@fridunguitamora316,2022-07-26 02:52:26+00:00,0,"Tal cual ,me toco el.corazon ,no puedo entender  x que un ser humano  deba de pasar x todo esto y lo peor ,quien muere en el intento,  TODO  o CASI  DEPENDE DEL HOMBRE 😒🙄🤔",2019
ntc0kC9lI6A,@felipehurtadoarias5622,2022-07-16 15:28:00+00:00,3,"Es una desgracia, pero las políticas migratorias son muy importantes. Lo digo como víctima de inmigrantes ilegales y solicitante de visado. El hampa, los delincuentes, son los culpables de este tipo de sistemas férreos, que cierran las vías de escape a personas trabajadoras y honestas.",2019
ntc0kC9lI6A,@keylacortez7854,2021-05-20 01:42:03+00:00,0,Parece que empeora a cada día,2019
ntc0kC9lI6A,@1966Publio,2021-04-06 15:49:48+00:00,2,"La verdadera amenaza está en la explosión demográfica africana: ¿Cuanta gente sabe en Europa que según pronostica la ONU, serán el 40% de la población mundial a finales de este siglo?; ¿Conoce la opinión pública europea las consecuencias en sus sociedades y sus vidas de esta deriva si se sigue enfrentando este problema desde una posición de derechos humanos que sólo se exigen en Europa?. Lo más sorprendente es que en España NO existe un debate lógico, crítico y analítico público y sosegado que permie a la opiniòn pública hacerse una idea cabal sobre esta grave amenaza. En mi opinión, esto se tiene y se debe de parar si España quiere seguir siendo el país que siempre hemos sido: Una sociedad blanca y europea.",2019
ntc0kC9lI6A,@celiamolina7544,2022-07-22 14:13:21+00:00,0,Q crueldad todos emigramos por tener seguridad al menos para vivir lo q los gobiernos no garantizan tengan piedad por esas personas tenemos derecho a vivir con dignidad somos los q menos nos pagan x nuestro trabajo y necesitan del sudor de nuestra frente en mi caso vine mamá soltera y hice a mi😂 hijo un profesional q de vuelve en pago con impuestos para El Progreso de este país  desde Miami una Nica,2019
ntc0kC9lI6A,@felipintapiapena7652,2022-06-18 06:32:23+00:00,1,🤦‍♂️Me suena a la frontera q tiene 🇲🇽con🇺🇸🤷‍♂️,2019
ntc0kC9lI6A,@Cavorca,2021-05-09 23:09:46+00:00,1,la concertina no se usa para cazar personas sino para disuadir las personas a que salten.,2019
ntc0kC9lI6A,@wilsonlopez1978,2022-07-24 18:44:54+00:00,1,Pero para invadir a África  lo hacen sin vallas,2019
ntc0kC9lI6A,@miguelmartinespejoramirez3311,2021-04-25 19:41:54+00:00,1,"La perspectiva del reportaje es totalmente tendencioso. Espala tiene el derecho de cuidar su frontera, no tiene ninguna culpa de hacerlo. El problema es de los países que la rodean que impulsan a que su gente a irse.",2019
ntc0kC9lI6A,@juancardona3129,2026-01-20 18:16:30+00:00,0,"No es alambre de espino. Es algo mucho peor, concertina. En vez de pichos son cuchillas",2019
ntc0kC9lI6A,@juanluistostadocanales3955,2021-04-04 05:02:01+00:00,0,"¿Qué paso con la ""Pax Americana""?",2019
ntc0kC9lI6A,@adamslay1813,2021-05-28 09:16:10+00:00,0,Uff si que miedo...,2019
ntc0kC9lI6A,@luiggyquiroz4037,2022-01-23 23:46:18+00:00,1,"Lamentablemente si vieran como viven en el mismo Italia en zonas que han sido copadas por ellos es una imágen de sus países, en vez de querer vivir mejor llevan todos sus vicios y defectos y malogran la sociedad a la que emigran, es la cruda realidad claro que hay gente que prospera pero la mayoría viven igual o hasta peor.",2019
ntc0kC9lI6A,@Cristo_Rey_Maria_Reina,2022-06-24 23:33:12+00:00,0,Respeto de las Fronteras y de la Ley. Dignidad y orden. Ayuda de verdad y no maquillaje,2019
ntc0kC9lI6A,@jackelinelopez3920,2021-04-09 05:20:12+00:00,0,Pobre gente. VAMOS TIÉNDANLES UNA MANO🤗,2019
ntc0kC9lI6A,@Michen911,2022-03-12 18:49:18+00:00,0,Esas vallas deberían estar electrificadas. Les va a salir mucho más barato que mantenerlos.,2019
ntc0kC9lI6A,@alejandraalvarez3294,2021-05-21 18:04:33+00:00,0,Esto esta mal. Que diferencia con el de Berlin ???,2019
ntc0kC9lI6A,@gerardog2663,2022-07-09 23:56:17+00:00,0,Exactamente lo mismo que sucede en la frontera sur de los Estados Unidos de América.,2019
ntc0kC9lI6A,@victoriabendezu9028,2022-07-24 18:31:11+00:00,1,"Una economista de origen Africano, en una conferencia dijo que el 2008 el ex presidente Chirac en una entrevista aseguró que Francia si no explotase al continente africano se deslizaría hacia el rango de un país del tercer mundo, ellos se llevan la mayor parte , el tesoro francés se lleva 500  mil millones de dólares año tras año de las divisas del tesoro de los países africanos, basado en deudas coloniales que les obligan a pagar.",2019
ntc0kC9lI6A,@folgendeinemtraumen995,2022-07-15 00:11:37+00:00,1,La solución es más educancia...y esperar luego 500 años... Ay juju!,2019
ntc0kC9lI6A,@JosephCrenshaw-kq3bg,2022-07-15 16:44:40+00:00,0,Necesitamos una como esta en Los Estados Unidos.,2019
ntc0kC9lI6A,@cintianochetti9043,2021-05-27 13:02:50+00:00,0,La verdad Es Muy triste mecparte El corazón y se lo Que sienten ser discriminados o lo que sea la verdad yo He he tenido novios parejas Extranjeras y Son Muy de luchar Por Estudiar y trabajadoeres Ellos Son totalmente Unas personas Buenas y lo Que buscan Es lo Que Muchas veces Tenemos y No lo valoramos Ellos trabajan De lo Que sea y Si les das A Estudiar son Un Ejemplo yo Creo Que Devberian Dejar que Ellos Tengan Oportunidades y Bueno Ya La Pabdemia Nos Demuestra Que Nadie Tiene comprado La Vidá Y Hoy Estamos Todos Iguales Desde El Africano o lo que Sea somos Todos Iguales Y Morimos Sin Nada Si No Los Hechos Y Los Hechos como Humanos Que Somos Es Alludar Al Projimo Y No destruirnos xque Nadie Va Llegar A Tener poder Esterno Aca Todos Nos Morimos Y Llevamos Hechos Donde Valla nuestras Obras Asique Muestre Amor Y Den La Oportunidad De Que Sean Feliz Al Fin Uno Nadie Save que Situacion uno Puede Estar Porque Nadie Tiene La Vidá Comprada.Gracias Y Es Trizte Discriminar Y Si La Sagre de todos Es Del Mismo Color,2019
ntc0kC9lI6A,@Sil-fo8zs,2022-08-11 08:26:37+00:00,0,"Todo el mundo tiene derecho a una vida justa, es cierto, pero esto no puede ser  definido. A corto plazo ,hacer eso puede ser  viable, pero sl final, cada cual,  debe luchar por sacar a sus países arriba , y no estar eternamente a expensas de otros, porque eso a medio y largo plazo,  sólo trae más problemas",2019
ntc0kC9lI6A,@esmeraldaramirez16,2022-07-24 17:21:18+00:00,0,"Y los derechos humanos,dónde están las grandes autoridades de el mundo!! Que valor le están dando a la vida de estas personas??????",2019
ntc0kC9lI6A,@miguelostos241,2021-05-20 17:45:02+00:00,2,Eso me recuerda a mexico y estados unidos jaja,2019
ntc0kC9lI6A,@micaelaangel1912,2022-07-28 04:21:45+00:00,0,😯😲😳🥺😨😰😱😢😭😭😭,2019
ntc0kC9lI6A,@elliemaxineperalta3763,2021-05-18 20:04:28+00:00,0,Es como la película Elysium. 😓,2019
ntc0kC9lI6A,@sandaw4312,2024-06-30 09:24:38+00:00,3,Reino Unido y Francia se han beneficiado de todos estos países africanos sin darles nada a cambio es hora de que sean estos  países los que acojan a esta inmigración no España que no le debemos nada. Que sea la BBC la que haga este reportaje es una injerencia política intolerable y lo que debemos hacer los españoles es hacer llegar a estas personas a los países de origen o a Francia o Reino Unido que han  sido los explotadores de sus países,2019
ntc0kC9lI6A,@antonioolaya4488,2022-07-16 20:59:18+00:00,2,"España debe alargar la malla  uniendola desde Melilla, Ceuta hasta el pueblo de Tanger incluyendo a Poleo. Además, ampliar la franja de terreno,desde la costa, en unos ochenta kilómetros terreno a dentro. Y, prepararse belicamente porke más temprano ke tarde tendrá ke librar gran guerra contra Marruecos.",2019
ntc0kC9lI6A,@danielgarciatorres6504,2022-03-03 11:59:32+00:00,0,Es bajo.marruecos idh tiene el pib de chiapas es bajo.tambien,2019
ntc0kC9lI6A,@tomasgonzalezgonzalez2968,2022-03-06 14:19:08+00:00,1,Valla eléctrica,2019
ntc0kC9lI6A,@gomel6292,2024-08-13 15:25:35+00:00,0,Esa frontera deberia ser zona minada.,2019
ntc0kC9lI6A,@l.f.g.c3493,2021-05-18 16:01:53+00:00,0,"Nada nuevo.😐
La ONU: 🙈no veo nada",2019
ntc0kC9lI6A,@julianavellaneda7089,2021-05-24 05:19:45+00:00,7,Defender las fronteras es un requisito idispensable en estos tiempos 🇪🇦🇦🇷 👏👏👏,2019
ntc0kC9lI6A,@mariagb6129,2022-03-29 15:14:06+00:00,1,"Devolución ilegal?,si ellos entran ilegales",2019
ntc0kC9lI6A,@costaazulporsiempre,2022-07-14 11:59:49+00:00,0,.. creí qué solo Don Thrumb!,2019
ntc0kC9lI6A,@Cristinaviruega,2021-06-01 00:17:46+00:00,0,Esta frontera esta mucho mas reforzada que la de USA-México!  Nada mas que a ellos no los critican.,2019
ntc0kC9lI6A,@danielgarciatorres6504,2022-03-12 03:12:40+00:00,2,Pongan un voltaje de cien mil voltios,2019
ntc0kC9lI6A,@dorissiverios,2022-07-24 11:34:22+00:00,0,Wuow melilla España,2019
ntc0kC9lI6A,@yesicz60,2021-05-28 05:37:52+00:00,0,Y yo que pense en usa la borderline era horrible pobre gente ojala ese chico haiga cumplido sus suenos de estudiar  me partio el corazon,2019
ntc0kC9lI6A,@danielgarciatorres6504,2021-09-14 21:05:06+00:00,0,Buen muro por algo se empieza,2019
ntc0kC9lI6A,@rosazena2461,2022-07-21 11:19:23+00:00,0,Las guerras son la consecuencia de la Alta Tecnología....de países más avanzados????????,2019
ntc0kC9lI6A,@PJMD-SAKURA,2025-04-06 13:18:30+00:00,0,"Todas las medidas que se ponen son obviamente de carácter disuasorio. Pero tal vez no es lo suficiente, ya que como pasan tantos, el efecto disuasorio no causa el efecto deseado. Estoy seguro de que si se endureciese el tema y se pusiesen medidas más duras, de manera que no pudiesen pasar tantos, y los que pasasen fuesen inmediatamente retornados al otro lado, se lo pensarían mejor y posiblemente buscasen otros métodos. El problema no la inmigración, el problema es la ilegalidad de los inmigrantes. Deberían si son necesarios para trabajar, realizarles contratos normales, para que desde donde fuese, pudiesen venir con total garantías, pero solo aquellos que tuviesen permiso legal para cruzar la frontera, lo mismo que sucede con cualquier país civilizado como por ejemplo China.",2019
ntc0kC9lI6A,@dulcepena4075,2021-05-24 16:12:27+00:00,0,"Mucha hipocresía del mundo, triste y ahora todos los vamos a pagar por omisión y voltear la cabeza para no ver lo que pasa. Todos somos humanos y el mundo es para todos",2019
ntc0kC9lI6A,@Lp3393jp,2023-09-08 05:57:01+00:00,0,Tijuana y San Diego,2019
ntc0kC9lI6A,@mcarmenlopeznavas4823,2022-07-20 16:33:11+00:00,0,"Y cuando se pedirá responsabilidades a los países que maltratan así a su población, esos países piden ayudas para el desarrollo y luego los dirigentes de turno se lo quedan para si, las naciones unidas no hacen un seguimiento y lo que es peor hacen la vista gorda y encima señalan a los países receptores, osea somos los malos malisimos, eso sin contar con los problemas que tenemos que afrontar que son muchísimos.",2019
ntc0kC9lI6A,@natedomain7501,2021-05-21 13:12:53+00:00,0,Que frontera será peor esa o la de México/USA.,2019
ntc0kC9lI6A,@sergioancyt1536,2022-07-31 14:38:21+00:00,1,LA FRONTERA CON MAS DESIGUALDAD DEL MUNDO,2019
ntc0kC9lI6A,@Gloriarios6312,2022-08-03 00:02:51+00:00,0,"Omg. Pence que solo Estados Unidos de Norte America .Existía un muro. Y triztemrnte no. Que Pena con estas personas que igual q América . En España buscan oportunidades. 
Espero un mundo sin barreras, sin divisiones.  Que la vida sea Justa.",2019
ntc0kC9lI6A,@felipemas9234,2021-05-18 18:58:18+00:00,0,"Lo curioso y cierto es que los ciudadanos hispanos en su inmensa mayoria  querrian mas fortificacion y una fuerza militar que asegurase efectivamentela frontera de nuestra nacion. Tan cierto como que esta opinion abrumadoramente mayoritaria no se difunde por los medios masivos de comunicacion. Si no se asegura la frontera el desastre es certisimo, desastre que por suppuesto no sufriran las altas autoridades politicas, responsables ultimas de la no resolucion del problema.",2019
ntc0kC9lI6A,@mildredb6326,2022-08-01 13:37:06+00:00,0,Dios nos ayude a todos eso culpa del sistema cada país los gobiernos no trabajan para que las gentes no salgan de sus países las poca posibilidad de trabajo y otras cosas,2019
ntc0kC9lI6A,@alexiscarrillo820,2024-09-01 21:59:02+00:00,0,Minas anti personal seria una excelente  opción.,2019
ntc0kC9lI6A,@faridelh6591,2022-07-04 09:54:19+00:00,1,"A mi no me van a engañar con reflexiones o sentimientos humanitarios❗ A caso no veis que al saltar la valla, ésta gente ha cometido un delito❓ Entonces ya no puede pedir asilo. Se tiene que arrestar, encarcelar y expulsar. Esto es justicia. Para eso España es un país de DERECHO.    🇲🇦 🇲🇦",2019
ntc0kC9lI6A,@claudiarodriguez-fi9ii,2022-07-29 05:12:21+00:00,0,Vergonzoso!,2019
ntc0kC9lI6A,@milcaorozco49,2022-07-15 07:11:56+00:00,0,El joven que quier  estudiar se merece una oportunidad,2019
ntc0kC9lI6A,@oscarbadalonaespana6257,2021-11-18 11:19:49+00:00,0,Yo servi en melilla año 97 99 no pasaba ni dios sin vallas je,2019
ntc0kC9lI6A,@nickgavner,2021-05-19 17:30:29+00:00,0,Y dicen que va vamos en una época de paz ....,2019
ntc0kC9lI6A,@Antonio-Moons,2021-05-26 18:03:56+00:00,0,"Una vergüenza la violacion constante de los Derechos Humanos, y ver la poca o nula reacción de los organismos naturales……y esos problemas de la emigración tanto en Europa, África y America Latina, se vuelve un tema delicado, que nadie atiende y menos les preocupa.",2019
ntc0kC9lI6A,@julioramonfigueroadelbusto4585,2022-07-05 20:55:22+00:00,1,"Gracias BBC!!!
Muy impresionante el vídeo. Se ve descarnadanente la Condición Humana de ese mundo invisible y que muchos no gustarían ver o que les es indiferente, que es peor.
Me afecta y da mucha tristeza escuchar a un joven negro, discriminado, que desea estudiar y tiene apesar de las adversidades un Sueño y una Esperanza...
Lima, Perú.",2019
ntc0kC9lI6A,@cruzguardado6640,2022-07-17 14:36:20+00:00,0,Porq debería haber fronteras,2019
ntc0kC9lI6A,@nomelacontes2302,2021-05-06 18:03:34+00:00,0,Jajaja ese muro está como la de mi hermana,2019
ntc0kC9lI6A,@JimmiDanielzam,2021-05-18 15:45:59+00:00,0,"Que tristeza que usen alambre que ni para animales esta aprobado y si para impedir paso de personas , el mundo y su hipocrecia al fin que lamentable situacion como inmigrante me toca porque obvio no pase por una situacion similar pero cuando eres inmigrantes todas estas cosas y noticias te tocan.",2019
ntc0kC9lI6A,@victorraulsantivanezrodriguez,2022-07-14 01:20:25+00:00,0,y si ponemos uranio radioactivo?,2019
ntc0kC9lI6A,@Astro_Nomada,2021-05-19 03:21:53+00:00,0,Curioso como los países que han empobrecido a otros se hacen de la vista gorda frente a la necesidad que ellos mismos a la larga crearon 😅,2019
ntc0kC9lI6A,@nestcorrea3741,2022-07-24 19:57:10+00:00,0,"Es muy duro lo que pasa en muchos países, pero entiendo que si no tuvieran estás vallas o alambradas seguro que se van todos para Europa o estados unidos? Que sería de estos países? Otros peores que los de dónde vienen. Cuántos han cruzado y han traído sus vicios y problemas? Son muchos que hacen de estos países prósperos inseguros y llenos de más males. No soy racista ni clasista es una realidad. Si hay un indigente tu no lo entras a tu casa y lo mantienes, tu le das herramientas para salir de su posición, tu lo ayudas a ser persona pero desde su posición. Y castigas a quienes hacen allá que la vida de estos sea miserable.  
Porq si no todo esto se viene abajo.",2019
ntc0kC9lI6A,@victoriamorna1560,2022-07-05 06:46:47+00:00,0,Es durisimo ser emigrante.. .y mas en estas condiciones,2019
ntc0kC9lI6A,@socorroordenana6596,2022-07-12 19:48:35+00:00,0,Todos merecemos una oportunidad. Solo el hombre hizo fronteras..,2019
ntc0kC9lI6A,@aff8007,2022-06-27 06:22:57+00:00,0,Lo que llega es lo peor.,2019
ntc0kC9lI6A,@normacastro2643,2022-07-26 17:43:42+00:00,0,Que deshumano es el mundo para muchísimos humanos.,2019
ntc0kC9lI6A,@susanacarbajal6968,2021-05-18 18:17:31+00:00,3,"Sueño con un mundo sin fronteras y donde todos Países se ayuden unos a otros. 
Donde no halla armas y todos tengan que comer, que vestir y donde vivir.
Ese día Díos nos bendicira y podremos vivir en Paz.",2019
ntc0kC9lI6A,@angeltorres-qp6vn,2022-07-16 23:02:35+00:00,1,Parece película de muertos vivientes...,2019
ntc0kC9lI6A,@kikegavilan3873,2022-07-16 17:19:50+00:00,0,La migración es un fenómeno social que ha existido por siempre y no hay muro o valla que lo detenga!,2019
ntc0kC9lI6A,@nelcycardoso5299,2022-06-30 00:40:14+00:00,0,"Que triste cuántas personas intentando tener una oportunidad para crecer y progresar, en ese lugar al igual que la frontera de EEUU, se pierden muchas vidas en el intento, no debería ser así, todo ser humano debería tener igualdad de oportunidades, para los que nacimos en lugares pobres, difícilmente llega la oportunidad de cambiar la vida.",2019
ntc0kC9lI6A,@maximaalion8529,2021-05-19 00:02:02+00:00,0,Por DIOS JEHOVA que pena pobre gente,2019
ntc0kC9lI6A,@oscarahernandez112,2022-07-21 14:14:11+00:00,0,"Cual es la solucion?
Quien esta dispuesto a dar su casa o trabajo ? 
Desgraciadamente los ciudadanos de primer mundo no entendemos que nuestras sociedades son únicas. 
La mayoría del planeta esta regido por humanos que solo les importa el poder a cual quier presio.  
Queremos ayudar, dejemos de consumir sus materias primas para q esos pueblos reaccionen y luchen por su propio bienestar",2019
ntc0kC9lI6A,@virginiamariaortizcastillo1611,2023-02-16 22:10:24+00:00,0,🇪🇦,2019
ntc0kC9lI6A,@pepearenas110,2022-07-13 02:43:46+00:00,0,Deven de hacer hoyos para pasar,2019
ntc0kC9lI6A,@anavaldez6550,2022-08-18 20:00:09+00:00,0,Que todo emigrante del mundo que tienen buen corazón ❤  Jehova les ilumine el camino.,2019
ntc0kC9lI6A,@samuelcelis2989,2022-06-27 10:25:55+00:00,0,Vergüenza esa frontera,2019
ntc0kC9lI6A,@farmer-ok9rc,2022-02-17 15:19:18+00:00,0,i neet to watch this for my forking spanish lession,2019
ntc0kC9lI6A,@jbs_659,2022-07-22 14:00:07+00:00,0,Es lamentable 🙏 hay nacimiento en condiciones inhumanas y así es un descontrol y esclavitud en todo sentido .,2019
ntc0kC9lI6A,@moisessanchez288,2022-07-17 00:00:48+00:00,0,"Que horgullo yo de nacer  en america latina,mexico.",2019
ntc0kC9lI6A,@osomadronero,2022-03-17 10:56:36+00:00,1,"Todo el que entra, afuera.
Y los que vengan, que lo hagan tal y como siguen haciendo, con contrato de trabajo, acabado el trabajo, vuelta a su país.
Ya es hora que España empiece a ser un país como todos.",2019
ntc0kC9lI6A,@tallito3941,2021-05-02 15:21:23+00:00,0,Hola a todos,2019
ntc0kC9lI6A,@marcialticona625,2022-07-23 20:13:10+00:00,0,Que tal lusura comí se puede permitir esto,2019
ntc0kC9lI6A,@evertondarosa8311,2022-07-15 03:42:35+00:00,0,TASO PELOS MEUS PASOS,2019
ntc0kC9lI6A,@mralgonzz,2021-05-24 21:23:23+00:00,0,Ha sounds familiar,2019
ntc0kC9lI6A,@TEFUNO,2022-07-22 22:38:40+00:00,0,NINGUN PAIS TIENE POR QUE CARGAR CON LA CULPA Y LOS PROBLEMAS DE MALA CONVIVENCIA INTERNA DE PAISES SUBDESARROLLADOS  EN  DONDE EN EL PAIS DE LOS CIEGOS EL TUERTO ES EL REY .CADA PAIS TIENE SUS LEYES Y DEBEN ACATARLAS Y SI TE PASAN A LLEVAR TUS DERECHOS SE RECURRE A LOS DERECHOS HUMANOS PARA DENUNCIARLO SIN NECESIDAD DE SALIR DE SU PAIS Y ANDAR MOLESTANDO A OTROS PAISES QUE NO TIENEN NADA QUE VER EN EL ASUNTO .,2019
ntc0kC9lI6A,@etienneetienne8309,2021-04-10 08:09:33+00:00,0,"Más que peligrosa...
para Europa.",2019
ntc0kC9lI6A,@once1185,2021-04-28 12:52:33+00:00,3,Fuerza muchachos ustedes son seres humanos no terroristas solo son personas que quieren un mejor futuro por amor a Dios ellos van a producir a trabajar la gran mayoría,2019
ntc0kC9lI6A,@ermazepba8280,2021-05-18 18:39:15+00:00,1,"No sólo entraron a España, a la Unión Europea.",2019
ntc0kC9lI6A,@yldefonsoaraquevivas9048,2022-07-23 02:19:36+00:00,0,"Creo que una posible solución a la Inmigración Ilegal, es que todos los Países de la Comunidad Económica Europea, definan objetivos comunes con estrategias bien claras; que permitan disminuir significativamente el flujo de inmigrantes hacia la frontera Europea y eso pudiera ser:
• Fomentando Proyectos de alto impacto en la Población Inmigrante de esos Países, que permita mejorar la Calidad de Vida de esas Personas en el mediano y largo Plazo.
• Realizar convenios de diferentes tipo, con los Gobiernos de los Países que aportan mayor cantidad de migrantes, donde se  le ""enseñe a Pescar"" al inmigrante, instruyendolo en áreas técnicas, agrícolas, pecuarias, ambientales, etc. que le permita generar su sustento para sí mismo y sus familias
• Enseñarles a transformar (Valor Agregado) la Materia Prima, y la comercialización",2019
ntc0kC9lI6A,@edithlopez3403,2021-05-21 18:32:28+00:00,0,De presidente a presidente tienen que hablar respecto a esta migracion. Crear políticas de produccion .Deberían de prestar dinero al 1%.Para que haya emprendimientos .,2019
ntc0kC9lI6A,@albaelizabethreyesbonilla9315,2022-07-17 16:31:39+00:00,0,Que triste. Esta malla está peor que el muro de Estados Unidos- México,2019
ntc0kC9lI6A,@EstebanPerez-yj6pt,2021-05-20 00:24:40+00:00,0,Yp pensé que el que ponía muros era Donald trump!!,2019
ntc0kC9lI6A,@janicas5,2022-07-25 16:00:58+00:00,0,"No se está utilizando para cazar personas, las vallas están y las personas conocen del peligro si las saltan, y es decisión racional de si lo hacen o no, nadie puede ni debe entrar a la fuerza o a las malas a otro país! Si fuera para cazar personas, entonces los aprehenderían y para que los aprehenden, para alimentarlos, curarlos, darles vivienda, salud, vivienda ??? Que país quiere ese cargo?",2019
ntc0kC9lI6A,@JJcomics100,2022-07-18 01:49:18+00:00,0,"Nadie pelea en su propio país todos quieren probar suerte, si igual vas a morir que toca más que pelear en tu propio país, no es justo ni sensato pero en verdad moririas intentado trabajar de lo que sea de tu país.",2019
ntc0kC9lI6A,@DaoudaZombra-fj7yv,2024-03-09 21:44:37+00:00,0,llevo 18 años en España gracias a valla de melilla he llegado en España,2019
ntc0kC9lI6A,@jesusmzama,2021-05-23 16:33:51+00:00,2,"Muy parcial, pijoprogre... total.",2019
ntc0kC9lI6A,@JavierRodriguez-pp8ci,2021-05-19 18:17:25+00:00,0,Que extrañas fronteras ciudades españolas en continente africano.,2019
ntc0kC9lI6A,@gabrielpalomino2566,2021-05-18 15:52:28+00:00,1,Una lástima que el futuro de los africanos no pueda estar en África.,2019
ntc0kC9lI6A,@josemanueloliveradominguez7076,2021-05-21 08:21:22+00:00,2,Soy de Perú y viví en la isla de Palma de Mallorca y me daban mucha pena los africanos tirados en las calles mendigando. Ya que van sin siquiera saber el idioma. Y acaban como mendigos.,2019
ntc0kC9lI6A,@luisguillen1163,2021-05-18 22:18:54+00:00,0,"Parecen un montón de zombies, como en las películas intentando entrar dónde están los no infectados",2019
ntc0kC9lI6A,@adriangonzalez8442,2022-07-30 09:20:36+00:00,1,"Éxodo 22:21 - Dice:
Y al extranjero no engañarás ni angustiarás, porque extranjeros fuisteis vosotros en la tierra de Egipto.",2019
ntc0kC9lI6A,@sergiocampos3797,2022-07-27 17:51:24+00:00,0,No son los mismos que critican US??,2019
ntc0kC9lI6A,@joecoraz5559,2021-05-30 10:47:59+00:00,0,Um,2019
ntc0kC9lI6A,@franciscorodriguez2457,2022-07-21 10:23:04+00:00,0,La valla hay que electrificarla y poner Campos de Minas Como en korea,2019
ntc0kC9lI6A,@salvadocastrejon346,2022-07-16 14:31:22+00:00,0,Porque cuando fueron de invasores por el mundo no pusieron muros ?  Sois unos genios,2019
ntc0kC9lI6A,@Алек-д7щ,2022-07-16 19:36:36+00:00,2,"Pues si, España está en todo su derecho de protejer su soberanía, recordemos también el expansionismo Marroquí. En este caso comienzan metiendo migrantes de a montón para luego tratar de apoderarse de éstos territorios.
Es triste lo que le pasa a la gente, pero qué le vamos a hacer.",2019
ntc0kC9lI6A,@haverweiss7733,2021-05-19 22:49:42+00:00,1,"Va a pasar lo mismo de la Texas Mexicana. Llenadla de extranjeros y después piden ""Su Independencia""..",2019
ntc0kC9lI6A,@JesusMartinez-wm4dk,2021-05-27 19:18:58+00:00,0,Tiene que hace Cita primero ! Ya después le da lo papeles.,2019
ntc0kC9lI6A,@carlosruiz7104,2021-04-06 12:33:11+00:00,2,"Demasiado buenismo existe con la mencionada valla. En un país serio con un gobierno serio, si la valla actual no tuviera el funcionamiento necesario (como lo es actualmente), se tendría que poner electrificada, y con unas torres de vigilancia con francotiradores preparados y con orden de disparar a todo aquel que la cruce ilegalmente. El que lograra escapar vivo de la electricidad y disparos, debería encontrar a una legión de doberman para darles la bienvenida. En cambio en España les damos la bienvenida, una paguita, les ponemos welcome refugees en el consistorio de la capital del país y si no fuera suficiente, les realizamos en hoteles de 4 estrellas de Canarias con pensión completa piscina y gimnasio. Somos un país de pandereta",2019
ntc0kC9lI6A,@esthersanchez5261,2021-05-29 16:11:22+00:00,0,"Ufff que triste,  definitivamente que injusticias hay en la tierra , pobre gente que sólo buscan un mejor futuro. Me dan más pena los negritos, ellos la enorme mayoría son muy nobles y buenas personas.",2019
ntc0kC9lI6A,@antonioserrano1161,2022-07-15 07:39:56+00:00,0,Ai qe reforzar la frontera qe no entren ni uno mas,2019
ntc0kC9lI6A,@isaaconiqua7221,2021-05-05 13:08:58+00:00,0,Xde,2019
ntc0kC9lI6A,@oscarcorea5702,2022-07-15 02:52:47+00:00,1,"Ya ves y le hicieron alboroto a Trump con su muro . Pero en realidad cada país tiene el derecho de hacer lo que quiera con sus fronteras, igual que nosotros en nuestras casas. No podemos dejar entrar a cualquiera, pudiera ser delincuente !!!!!",2019
ntc0kC9lI6A,@yara_mar8,2021-05-05 03:18:27+00:00,3,El mundo es  un terrible desastre donde miles sufren !!! 😭,2019
ntc0kC9lI6A,@MariaHwhshd-s4b,2026-05-25 08:36:59+00:00,0,Dejar de hipócritas quien quiera ayudar me parece muy digno pero que lo hagan con sus propios medios.,2019
ntc0kC9lI6A,@josealvarollopeznavarro1403,2021-05-20 08:49:42+00:00,0,"cuando era pequeño y franco aún vivía mi abuelo os oía,sois la esperanza de la democracia",2019
ntc0kC9lI6A,@negrivoluc18,2022-07-21 16:15:29+00:00,0,Mexico: Por fin un digno rival de frontera fortificada,2019
ntc0kC9lI6A,@whanerrodriguez3676,2022-07-16 11:51:17+00:00,0,Sin embargo quieren que nosotros los dominicanos dejemos la frontera abierta con haiti pero los paises grandes si pueden cuidar sus fronteras...,2019
ntc0kC9lI6A,@oscara7366,2022-07-24 16:39:46+00:00,1,El que salta.  Tiro limpio.  Saltan a las bravas tirando ácido sulfúrico a los guardias civiles por hacer su trabajo,2019
ntc0kC9lI6A,@patron_Hao,2026-01-10 15:00:24+00:00,1,Otro muro de la vergüenza,2019
ntc0kC9lI6A,@migueldiazatencia4373,2021-04-15 08:45:52+00:00,0,Cuando nos aga falta jente entrarán por la puerta,2019
ntc0kC9lI6A,@mariadelosangeles8148,2022-11-15 14:17:45+00:00,1,"En otra ocasión diré lo que me parece este video, por que yo me divido entre lo que piensa unas personas y otras es conplicado por que en verdad me voy inclinar para los inmigrantes pero tanbien por la guardia civil por que hacen 1 trabajo muy importante....",2019
ntc0kC9lI6A,@plastibch,2021-05-30 07:40:30+00:00,0,"sin duda son historias ke no deverian suceder 
pero tambien creo ke todos en nuestra casa
tenemos cerruduras 
por alguna extraña razon...

españa no puede albergar al continente africano 
aunke nos pese a todos",2019
ntc0kC9lI6A,@sweetm2381,2021-05-18 14:57:03+00:00,0,"En vez de hacer políticas para sacarlos, que limpien sus tierras de corrupción y delincuentes. Lo justo es vivir bien cada uno en su tierra, que pena que seamos inmigrantes, inmigrante es ser visita en casa ajena sin ser invitado, así lo describo por experiencia porque así se siente",2019
ntc0kC9lI6A,@shinra50,2021-05-24 11:56:26+00:00,0,"Nuestra lucha no es contra personas, sino contra demonios.",2019
ntc0kC9lI6A,@mariagb6129,2022-03-29 15:12:57+00:00,1,"Hay que defender la frontera con militares,que estamos pensando",2019
ntc0kC9lI6A,@santo.8177,2021-05-23 12:38:09+00:00,2,"ESTA LA FRONTERA???
ESTA NADA,
ESPAÑA NECESITA UNA FRONTERA COMO LA FRONTERA DE HUNGRÍA 💪🏼👍💪🏼👍
ESPAÑA TIENES QUE A PRENDER DE HUNGRÍA .👍👍
BRAVO HUNGRÍA BRAVO 💪🏼👍💪🏼👍💪🏼👍💪🏼💪🏼👍",2019
ntc0kC9lI6A,@brian27lp,2022-07-20 17:30:55+00:00,0,Desgarrador y cada vez peor...,2019
ntc0kC9lI6A,@tobimaru09,2022-07-09 23:54:20+00:00,0,"Debería haber un pasillo humanitario directo y estanco desde las fronteras de Las Canarias, Ceuta y Melilla hasta Bruselas y allí poner la valla para que lo vean en primera fila. 
Por cierto, desde la publicación de este video hasta hoy hay una cosa que ha cambiado, la valla, ya no se salta se asalta con palos y armas blancas y como el agua sigue su curso, por desgracia, las armas un día puede que dejen de ser blancas.",2019
ntc0kC9lI6A,@bellg3ni085,2021-05-19 19:25:47+00:00,1,"los migrantes que quieren ir España enfrentan grandes peligros. Su vida es muy triste en su país de origen, guerras, pobreza y sin falta de oportunidades.
La maldad y la indiferencia abundan",2019
ntc0kC9lI6A,@marcospinto6701,2022-07-21 12:25:44+00:00,0,"Las fronteras no deberían existir, el mundo es libre para transitarlo.",2019
ntc0kC9lI6A,@yhovaniquispemamani2399,2021-07-06 15:31:26+00:00,0,🤯wauuuu crei q.solo era mexico i eeuu .,2019
ntc0kC9lI6A,@kiyu_,2022-07-10 21:21:01+00:00,1,Devuelvan esos enclaves a quienes realme te pertenecen... Fin sl colonialismo en todo el mundo,2019
ntc0kC9lI6A,@ivanelparra425,2022-07-19 01:35:09+00:00,0,Wow yo pensaba que solo USA tenia muro...,2019
ntc0kC9lI6A,@librajm6459,2021-05-18 14:39:23+00:00,0,"Dios Mio, pense que solo pasaba esto entre Mexico y USA. 
Que ciga estaba.
Todo por el poder Europa genera tanto dinero para ayudar a estos paises del Hermoso Africa.",2019
ntc0kC9lI6A,@nancyper8496,2021-04-17 04:04:08+00:00,0,🗡️🗡️🗡️🗡️🗡️,2019
ntc0kC9lI6A,@MrFeynmanDiagram,2021-06-13 14:48:13+00:00,1,"También hay un muro bien largo en el Sáhara, aunque no creo que a los sionistas ni a Marruecos les convenga airearlo, ¿verdad?",2019
ntc0kC9lI6A,@Weedkipedia.,2022-07-21 21:23:35+00:00,0,Chile necesita un muro como ese para evitar que inmigrantes ilegales entren a mi país.,2019
ntc0kC9lI6A,@theoneandonly7213,2021-05-19 12:34:32+00:00,1,"Ni España ni Europa ni EEUU tenemos la obligación de arreglar los problemas del mundo. El rey de Marruecos tiene una fortuna de más de 5 mil millones de euros pero deja que su gente se muera de hambre. NO ES NUESTRO PROBLEMA. Hay muchos españoles que lo están pasando muy mal, hay un vacío laboral por todo el país, no podemos ni queremos más inmigrantes ilegales, que por cierto son todos hombres fuertes, no veo a ningún desnutrido ni a mujeres.",2019
ntc0kC9lI6A,@ViajesymasConMiguel,2022-06-27 14:44:23+00:00,0,"Es triste ver como le ser humano esta ciego. ningún inmigrante dejamos nuestra tierra natal por gusto sabiendo que podemos perder la vida y dejamos atrás a nuestros seres queridos (abuelos, padres, hermanos, etc.) que quizás nunca volvamos a ver (si llegamos a destino) y más triste como es el humano de mezquino al no querer ayudar, vemos la naturaleza como por negligencia del hombre el mismo desierto va creciendo más y más, no será posible que el hombre pueda de igual manera poco a poco ir creciendo en inversión en esos países para ayudar a su economía y así evitar esa MAL QUERIDA inmigración? esa es la manera más inteligente para poder matar el hambre y la nesesidad de una inmigración indeseable muchas veces, Yo he estado en Africa y he colaborado con mi granto de arena pero hay millonarios que pudieran conseguir permisos de inversión y ayudar a esa gente y a la vez favorecerse, HAGAMOSLO PARA UN MEJOR FUTURO DE ESOS NIÑOS QUE SOLO NESESITAN UN OPORTUNIDAD.....😢😢😢😢 se los dice un inmigrante estadounidense",2019
ntc0kC9lI6A,@gabrielastudillo6780,2021-05-20 23:26:29+00:00,0,"y cuantos hijos tienen? saben que tienen problemas y están llenos de niños, entonces de quién es la culpa",2019
ntc0kC9lI6A,@ribauro4569,2022-08-10 20:29:56+00:00,0,"es lamentable ver esto, pero las leyes son asi... si queremos salir y triunfar hay que hacerlo como debe ser..  a madie le gustaría que entren a tu casa por el muro creo yo.",2019
ntc0kC9lI6A,@rosaelenajereztejada2113,2021-07-03 19:25:40+00:00,0,Vamos ayudarnos antes que Dios nos elimine a todos,2019
ntc0kC9lI6A,@lilisteer6133,2021-05-27 07:31:37+00:00,0,Qué desagradable!!!,2019
ntc0kC9lI6A,@isaosasukeGS,2022-07-20 10:48:18+00:00,0,"Es increible como los paises con mas recursos naturales,  sean los mas pobres como africa 🌍.... Que raro no?",2019
ntc0kC9lI6A,@mauriciofuentes6237,2021-05-20 00:48:37+00:00,0,yo soy mexicano y siempre estoy biendo  que cada bes se pone mas difisi en el mundo  esa baya se parese que la contrullo un  a leman en mil 945   no se aprendio nada de ese terror  en berdad que solo nos tocamos el corazon cuando ahi muerte pero no cuando estan su friendo las personas  que Dios los bendiga a los emigrantes porque la palabra de Dios dise que los pobres eredaran  el reyno de Dios amen,2019
ntc0kC9lI6A,@jesushernandez6600,2022-08-09 13:43:19+00:00,2,"Pensé que esto solo pasaba en México, cuánta similitud! Da tristeza no poder ayudar a tanta gente, aunque los gobiernos que si pudieran hacerlo no lo hacen por las razones que sean",2019
ntc0kC9lI6A,@nestorjonaygonzalezdelgado8333,2021-05-02 23:35:36+00:00,1,"No ahí trabajo en España, ni trabajo de alto valor añadido si todos vinieran sería un polvorín social que ya lo es, pues imagina con más gente",2019
ntc0kC9lI6A,@alexarceo5609,2022-07-18 17:24:19+00:00,0,A pero Trump era el malo del muro! Hahaha,2019
ntc0kC9lI6A,@sebassc4697,2021-05-22 18:07:14+00:00,0,....Mi vida la deje entre ceuta de Gibraltar,2019
ntc0kC9lI6A,@cristiancasi4495,2021-05-30 22:22:26+00:00,1,bamos españa detene a esoa pobre inmigrantes que crusa ilegalmente,2019
ntc0kC9lI6A,@angelin82,2022-07-14 00:37:27+00:00,0,"La necesidad que hay en esos países africano es demasiado cruda , nada de lo que pasa en Africa es noticia en America 🇺🇸 pero en realidad en Africa se pasa mucha miseria",2019
ntc0kC9lI6A,@manuelangel4102,2022-07-26 06:09:56+00:00,1,"Los problemas se solucionan en origen, no se trasladan al vecino, si tengo un escape de agua en mi piso y, mancho el piso del vecino de abajo, arreglo el problema en mi piso, no lo dejo como está y empiezo a pagar a pintores, albañiles, carpinteros y una interminable lista de profecionales, para que arreglen la humedad del vecino indefenidamente...",2019
ntc0kC9lI6A,@juanacabrera8204,2022-07-19 23:57:21+00:00,0,En este si no se habla mal como de Rep. Dom.,2019
ntc0kC9lI6A,@eugeniaperez312,2021-05-18 16:36:12+00:00,2,Que su Rey marroqui se despoje de sus tesoros y de a su pueblo dignidad,2019
ntc0kC9lI6A,@danielgarciatorres6504,2021-09-20 19:19:01+00:00,1,Viva España bien echo 🇪🇸🇪🇸🇪🇸,2019
ntc0kC9lI6A,@marurbina353,2021-05-28 00:47:21+00:00,0,en ese pais deberian de invertir en  empresas pata que la ciudadania obtengan trabajos y nommigren a españa,2019
ntc0kC9lI6A,@botelhopiaget5369,2022-07-19 13:40:28+00:00,0,🖐️🖐️👍👍👍👍🙂🙂🙂🌞🌞❤️👍👍👍,2019
ntc0kC9lI6A,@Kurtsova,2021-09-12 16:12:03+00:00,0,Las devoluciones em caliente son la única solución,2019
ntc0kC9lI6A,@erikav3152,2021-05-20 04:51:56+00:00,0,"Yo sé que desde el año pasado han optado por ingresar a España desde Canarias, sin embargo la migración es solventada y patrocinada.",2019
ntc0kC9lI6A,@yolar5518,2022-07-22 21:30:22+00:00,0,Siempre hablamos del muro fronterizo estados unidos y México yo nunca escuché qué existiera un muro entre España y Marruecos y no es uno son tres Muy cerca él uno de los otros aquí en usa 🇺🇸 siempre están hablando derechos humanos y critican a nuestro país por él muro si no fuera por la barda fronteriza serían millones por semana qué cruzarán de forma ilegal,2019
ntc0kC9lI6A,@anakamoto,2022-08-11 08:08:46+00:00,0,"El futuro es de estas personas como el chaval de 19 años. Imagínate la diferencia entre esta persona, con todo lo que ha sufrido y con las ganas que tiene de comerse el mundo, y compáralo con el chaval de 19 que no tiene claro qué hacer con su vida y al que su madre le lleva el desayuno a la cama después de una noche de fiesta que se ha financiado con la paga de la abuela.

No hay color.",2019
ntc0kC9lI6A,@marialouvaldez7068,2022-07-04 14:00:36+00:00,0,"Dios pronto acabará con estas injusticias. Seres inteligentes, humildes que buscan la paz. Qué importa la raza. Todos son hermosos a los ojos de Jehová Dios, y a los de corazón dispuesto.",2019
ntc0kC9lI6A,@valenzuela8025,2021-05-16 23:25:25+00:00,0,Que mi Dios les bendiga a todos los migrantes,2019
ntc0kC9lI6A,@raulr.219,2022-07-22 10:36:57+00:00,0,"Esa valla tendria que medir mas, no podemos hacernos cargo si hay 300.000.000 de pobres, mientras sus mandatarios son MUY RICOS",2019
ntc0kC9lI6A,@franklincamarena5834,2022-07-30 00:19:18+00:00,0,"No entiendo como hay paises europeos  pidiendo trabajadores, porqué no se ponen en las fronteras a reclutar esas personas y evitar que sufran tanto. Es mi  humilde opinión",2019
ntc0kC9lI6A,@GKBIP,2022-07-12 19:54:33+00:00,0,"El buen juez ,por si casa empieza !!",2019
ntc0kC9lI6A,@ingridsaturno8434,2022-06-27 22:56:11+00:00,0,Todo el mundo se queja de la frontera de México/USA. Pero de esta nadie habla y es la misma vaina!!,2019
ntc0kC9lI6A,@sinergiat,2022-07-27 21:54:29+00:00,0,Restringiendo en el mismo territorio africano? Manda,2019
ntc0kC9lI6A,@agusmeza478,2021-09-12 03:12:14+00:00,1,Asu igual que México con USA pero los migrantes vienen de centro América,2019
ntc0kC9lI6A,@eliosantos3860,2022-07-16 17:11:27+00:00,0,"Ellos levantan muros y a la vez, quieren derribar los que otros levantan , cuánta hipocresía",2019
ntc0kC9lI6A,@miquelzapata2864,2022-07-15 15:48:35+00:00,0,Eso da pena pero no podemos ayudarlos a todos y eso deve de entenderlo.ese problema que tiene españa es el mismo que tenemos a qui en Republica dominicana. Hay que ayudarle paro en su pais,2019
ntc0kC9lI6A,@lunamaria5605,2022-07-19 18:18:05+00:00,0,Y tantos jóvenes españoles que andan viviendo la ilusión de TikTok y que son irrespetuosos y perezosos.,2019
ntc0kC9lI6A,@marielagomez3938,2021-04-23 14:29:08+00:00,1,"Desde los inicios del mundo el pez grande se come a al más pequeño, el que tiene más poder para que entiendan aplasta sin compacion al el otro, este mundo no lo arregla hombre, debemos mejorar como personas nosotros mismo,  con el paso de los años lo estamos destruyendo la población del mundo a crecido, la palabras de Dios no se equivoca todo esta escrito en la biblia de como pasarán las cosa busque la salvación en Cristo Jesús para cuando les llegue la hora de morir estén salvos.",2019
ntc0kC9lI6A,@jordan6969,2021-06-10 05:29:21+00:00,1,Un muro de tromp en españa y nadie dice ni un carajo,2019
ntc0kC9lI6A,@mariadelourdesosoriogonzal4485,2021-05-23 18:24:02+00:00,2,"No me gusta lo que le hacen a España
Quisiera que los musulmanes primero se civilizaran.
Saludos desde México",2019
ntc0kC9lI6A,@juanfranciscoperez7693,2022-11-11 16:21:28+00:00,1,ES INAUDITO QUE PAIS EUROPE COMPARTA COOPERACION CON UN PAIS SALVAJE COMO MARUECO.,2019
ntc0kC9lI6A,@albertorpuertocruz8621,2022-10-13 03:37:57+00:00,0,Dios,2019
ntc0kC9lI6A,@abdellahomarmoussa9620,2021-05-22 11:35:50+00:00,0,"La cuestion es de  preguntar si es Logicom que  Europa se exstende asta africa ?!?.
Me parece que los europeos deben llegar a una respuesta justa y conforme  a sus pricipios, sobre todo la autodeterminacion de los pueblos ?!?.",2019
ntc0kC9lI6A,@lmomariscal9051,2022-07-16 18:09:36+00:00,0,Y somos civilizados?,2019
ntc0kC9lI6A,@juliovargas-qp1eq,2022-07-25 18:15:16+00:00,0,Que irónica es la historia un país que era lucrava con la trata de gente ahora evita que entren en su país,2019
ntc0kC9lI6A,@pfm6283,2022-07-30 04:07:24+00:00,0,Mexicans would have dug tunnels already 😂😂😂,2019
ntc0kC9lI6A,@loiis7691,2021-08-23 13:56:48+00:00,0,Señores en África seguro que se pasa muy mal. el problema es que viene a Europa que es un continente muy pequeño todo un continente enorme,2019
ntc0kC9lI6A,@Wall.Street.AV.,2021-05-25 16:33:26+00:00,0,"Yo soy cubano y trabaje en la marina mercante española y entre muchas veces en barco a cargar a marruecos y teniamos que hacer guardia 24 por 24 porque los polizontes nos vijilaban, se colaban y se escondian en el barco para cuando llegaramos a españa salir corriendo.
Me daba mucha lastima, la mayoria eran Buenos chicos que solo buscaban una vida mejor. Cuando el barco atracaba en españa salian corriendo y teniamos que ""cazarlos"", yo la verdad nunca hice mucho por cojerlos, yo queria que escaparan, que tuvieran una vida mejor y nunca los maltrate sino los ayudaba, yo tambien era el mas joven de la tripulacion, tenia solo 23 años cuando aquello, ademas de ser cubano, tal ves por eso me identificaba con ellos.",2019
ntc0kC9lI6A,@franciscocastrodelacruz5431,2022-07-26 19:07:52+00:00,0,Hay personas en África más iguales que otras,2019
ntc0kC9lI6A,@CarlosAlcarazLopez-h4b,2025-07-17 01:19:45+00:00,0,Y por qué no arreglan papeles y entran legalmente?,2019
ntc0kC9lI6A,@IldefonsoMunoz,2021-06-10 23:18:28+00:00,0,Nunca he visto un reportaje donde se diga en qué usan la ayuda económica que Europa  le da a África para detener la migración.,2019
ntc0kC9lI6A,@claravazquez4927,2021-05-19 13:55:55+00:00,2,Está situación es parecida a lo que se vive entre México y Estados Unidos. Es indescriptible el sufrimiento que viven nuestros hermanos inmigrantes.,2019
ntc0kC9lI6A,@ivancarranza7082,2022-08-08 13:57:36+00:00,0,"yo creo que en este mundo no deberían existir las fronteras, el mundo nos pertenece a todos, siempre y cuando no hagamos mal a nadie y vayamos a trabajar y contribuir con la economía de algún país.",2019
ntc0kC9lI6A,@Helmer227,2024-08-05 00:02:07+00:00,1,"QUE CADA QUIEN VIVA DONDE NACIÓ. 
NO JODAN.",2019
ntc0kC9lI6A,@marceladiaz6106,2021-06-05 19:44:46+00:00,0,Por eso doy gracias al de arriba de como sea mi Chile es un paraíso.,2019
ntc0kC9lI6A,@anacasanova7350,2021-05-23 10:04:00+00:00,0,Y porque no van a Gibraltar los que hablan inglés.,2019
ntc0kC9lI6A,@helenaalarcon8189,2022-07-27 19:59:06+00:00,0,"No les importa lo que les pase a los que tratan de pasar , solo que no lleguen .",2019
ntc0kC9lI6A,@solrex2504,2021-06-18 07:40:20+00:00,0,Este es un problema que se podia resolver entre gobiernos. No se trata de construir fuertes barreras ni muros. Tampoco se trata de enviar Dinero a los lideres Africanos. No son las soluciones Para nada. Lo que tienen que hacer es planear y desarrollar soluciones Para que Los inmigrantes paren de hacer esto. Desarrollar planes de desarrollo Como en agricultura donde Los dos paises se beneficien. Eso es lo que hay que hacer. Brindar education a esta gente pobre entrenarlos y darles trabajo EN SU PROPIO PAIS.,2019
ntc0kC9lI6A,@anacarolinadanler4613,2021-05-21 23:33:14+00:00,0,"Por Dios,  🙏 que pretende Africa  ?!  Europa es muy pequeña para toda Africa, todos los africanos quieren venir y quedarse en Europa y Ya tenemos demasiados habitantes, imposible mas gente que migre para aqui, imposible ‼️🙈🙉🙊",2019
ntc0kC9lI6A,@keepmoving.3043,2021-08-19 11:46:17+00:00,1,"Los marroquíes, en su tierra, con su cultura, su gastronomía, su religión, sus amigos y, su familia. 
España no es quien para secuestrarlos y/o retenerlos por sus incoherentes leyes a conveniencia de las subvencionadas ONG's.",2019
ntc0kC9lI6A,@FerchoGamin,2022-07-17 09:48:00+00:00,0,"Si es cierto que enseguida a como entran les inscriben como españoles asu paisa beneficios personales y dan optunidad aceso estudiar como a cualquier ciudadano español, entonces ellos están más mejor que latinoamericanos 😊😅🤔👍👍👍",2019
ntc0kC9lI6A,@florrubio2225,2025-04-25 20:15:05+00:00,0,"Que mundo más  injusto, X.D.
Criticando a otros y lo tenemos aquí. 
Que vayas, a la carce por delitos menores.  Y ésta gentuza haga éstas barbaridades,  con personas que solo quieren vivir. 
Espero que haya otra vida, si no, no valió la pena nacer.😢😢",2019
ntc0kC9lI6A,@salvadorrivas51,2021-05-19 20:31:39+00:00,2,Marruecos debería de ser de España,2019
ntc0kC9lI6A,@jes1835,2021-06-23 17:15:14+00:00,0,"Estas medidas deberian ser imitadas en EEUU,",2019
ntc0kC9lI6A,@PM-ld4nn,2022-07-22 22:17:27+00:00,0,"Estoy esperando un reportaje del tipo ""¿Por qué en la américa conquistada por los británicos no hay mulatos, ni indígenas ni población mezclada"""". Bueno, eso en inglés, aunque no habría que hacer ningún reportaje, sería simplemente usar a palabra ""extermination"", ya esta. Asco de cadena continuista de la leyenda negra.",2019
ntc0kC9lI6A,@fernandosuarezdelosrobles5090,2022-06-29 14:44:12+00:00,0,"A estas pobres personas no se las ayuda dejando que entren al asalto en Europa,donde son marginados ,ignorados y pasan un calvario de país en país.Hay que crear condiciones en África.La diferencia entre el África Oriental y el África Occidental Francesa e Inglesa es significativa.Esta en lo que hacemos nosotros en esos países y lo que está haciendo China en el otro lado ,crear condiciones,enviar población China que ayude.",2019
ntc0kC9lI6A,@marthalg.8199,2022-07-17 18:29:07+00:00,0,"Es una condición humana el emigrar, y un derecho también.",2019
ntc0kC9lI6A,@lucasfiestero,2021-10-24 22:19:46+00:00,0,"Si saben que és peligrosa, para qué entran? 😂😂😂",2019
ntc0kC9lI6A,@chechuAg,2021-05-21 18:50:16+00:00,0,"Pienso que su país debería resolver algunos problemas y bríndales oportunidades o hacer un reclamo Justo ante la ONU por parte de ellos, el problema no se resuelva migrando ilegalmente.",2019
ntc0kC9lI6A,@gfghcghht1247,2021-04-09 19:04:30+00:00,0,🇲🇦🇲🇦🇲🇦🇲🇦🇲🇦💪🏽💪🏽💪🏽💪🏽💪🏽💪🏽💪🏽,2019
ntc0kC9lI6A,@marthat1390,2022-08-11 20:36:38+00:00,0,"Los tiempos cambian y España tiene que proteger a sus ciudadanos, esos paises africanos tienen que enfocarse en los problemas sociales para que esos ciudadanos puedan vivir tranquilamente en sus paises de origen. El muro fronterizo puede ser modificada y crear un muro alto tapado en la parte de arriba para que no puedan subir, En este caso España no esta canzando personas, esas personas que quedan atrapadas en el alambrado o se lastimas son culpa de ellos mismos, ellos no son animales y saben lo que hacen. Tienen que sancionar a Marruecos y que deje ese chantaje por que al parecer eso es lo que hacen.",2019
ntc0kC9lI6A,@marthamunguia3072,2022-07-18 18:34:04+00:00,0,"Yo nada más pregunto: acaso Dios hizo esta tierra para que los países “ricos” económicamente, porque muy pobres de compasión, amor, y principios que debemos tener hacia el,prójimo. Porque somos los humanos así? Como ansío la 2@. Venida de Jesucristo, acabará con estos que se creen el dueños de la tierra? y los corruptos gobernantes que mantienen a sus ciudadanos en esa pobreza, cuando deberían protegerlos, darles un trabajo digno con sueldos, no cabe duda que el amor se ha acabado entre nosotros. Dios nos bendiga.",2019
ntc0kC9lI6A,@ananuccio1533,2022-07-20 02:15:43+00:00,0,"Está bien que haya vallas, hay que respetar las fronteras y no dejar pasar a los extranjeros que no aportan nada al país.",2019
ntc0kC9lI6A,@robertoreochoa4017,2022-07-25 20:33:14+00:00,0,"Que pena lo que está pasando en ese continente, y pensar que acá en el Perú tenemos todo para sacar adelante a nuestras familias, pero los gobiernos y políticos acá son unos ignorantes, porque no hacen su trabajo, solo están en el poder para enriquecerse, y nobles interesa el pueblo que o eligió",2019
ntc0kC9lI6A,@danielgarciatorres6504,2022-02-26 03:22:08+00:00,1,Viva españa bien echo🇪🇸,2019
ntc0kC9lI6A,@elizabethmosquera8589,2021-05-18 22:17:01+00:00,0,"Gas este mundo, con países  que se roban las riquezas  de otras partes pero el día de ayudar a esas personas  todo el mundo  se hacen  los locos",2019
ntc0kC9lI6A,@felipelopeztorres8605,2021-05-18 21:15:16+00:00,0,Cómo lo se van a China o Korea del norte  o Rusia no dicen que esos países son paraísos en la tierra,2019
ntc0kC9lI6A,@pablovazquez2684,2021-04-18 01:52:27+00:00,0,"África para Europa es como Latinoamerica para USA, En África especialmente Francia sigue usando su moneda Francés y no el Euro para explotar sus recursos, y al mismo tiempo no permiten que se desarrollen",2019
ntc0kC9lI6A,@cristiancec6448,2021-09-14 19:07:00+00:00,1,Primera valla pelotas de goma de advertencia y la segunda valla balas de verdad ya veras como se quedarían en su país. Que protesten en su pais,2019
ntc0kC9lI6A,@zxreliastito,2022-07-05 14:25:15+00:00,0,Pense k era la frontera de EEUU,2019
ntc0kC9lI6A,@maricarmencamina8580,2022-07-21 20:10:46+00:00,0,Ayyy las mafias y sus trabajos,2019
ntc0kC9lI6A,@rimenez12,2021-04-10 21:12:52+00:00,0,Què tal si Marruecos hubiera sido Amèrica en 1492 ?,2019
ntc0kC9lI6A,@mhbra6351,2022-02-17 09:05:50+00:00,1,"Arrepiéntanse y crean en el Evangelio, acepten a Jesucristo como Señor y Salvador en vuestros corazones, crean en Él, Jesucristo murió por nuestros pecados, para salvarnos y darnos la vida eterna.",2019
ntc0kC9lI6A,@miguelchuicov5889,2022-07-23 16:11:48+00:00,0,Que vergüenza,2019
ntc0kC9lI6A,@alma.lagos80,2022-07-28 14:01:37+00:00,0,Y criticaron el muro de Trump 😒😒😒🤔,2019
ntc0kC9lI6A,@spanishmasterpieces5203,2021-05-20 05:27:18+00:00,1,"Si se cortan, su problema. Hacen algo ilegal.",2019
ntc0kC9lI6A,@aleksandrsolzhenitsyn7126,2022-06-25 13:27:28+00:00,0,"El des-gobierno de España ya debería haber pedido ayuda a Europa y Europa se debería de implicar más y detener esta invasión en toda regla.
Ejército, marina y los medios que hagan falta. 
Si miran para otro lado esto se convertirá en un problema muy serio.",2019
ntc0kC9lI6A,@leovazquez6904,2022-07-17 17:41:16+00:00,0,Mexico  y centro America  nos quejamos de la frontera de usa 🇺🇸,2019
ntc0kC9lI6A,@zeukrob,2021-05-03 08:03:59+00:00,0,Y si estudias en tu país y después vas a aportar profesionalmente con tu riqueza cultural.,2019
ntc0kC9lI6A,@lozan2758,2022-07-25 05:55:30+00:00,0,Yo penze que nomas en Mexico/Usa,2019
ntc0kC9lI6A,@josemiguelbb,2021-04-30 04:17:27+00:00,0,"En Chile nos falta una de estas vallas... Ya que cerramos fronteras, pero los venezolanos ilegales se cuelan día a día sin que les importe traer el coronavirus a Chile y causar muertes de Chilenos en su afán migratorio. No me malinterpreten, la migración regular es buena, pero la irregular es malísima y en este momento de pandemia... La vida de los Chilenos es más importante que la búsqueda de mejor vida de los venezolanos.
Creo que este tipo de decisiones sobre la migración debieran ser decididas por cada país y mediante un plebiscito democrático... De esa forma las leyes migratorias tendrían una mayor legitimidad y no serían una imposición de bloques político económicos y administrativos como la unión europea.",2019
ntc0kC9lI6A,@ricardobenjamincanalestorr8054,2022-07-22 05:36:21+00:00,1,"ALGO SIMILAR NECESITAMOS AQUI EN CHILE,ACOMPAÑADO DE UNA LEY PENAL QUE SANCIONE A QUIEN BRINDE APOYO AL INMIGRANTE ILEGAL",2019
ntc0kC9lI6A,@dr.renere,2021-05-02 13:21:42+00:00,0,"Y así criticaban a Trump, si son mucho más agresivos",2019
ntc0kC9lI6A,@perikog2392,2022-07-19 13:11:35+00:00,0,"Para cazar personas dice, que no salten hay muchos países",2019
ntc0kC9lI6A,@alvarosan7817,2022-03-06 08:29:51+00:00,0,Lo primero que la UE no considera Ceuta y Melilla como parte de la UE así que somos de la UE pero ese territorio español no? Esto es un pitorreo.,2019
ntc0kC9lI6A,@pablonarvaez9425,2021-05-23 20:24:24+00:00,0,Ha pero entonces solo Marruecos puede construir muros?,2019
ntc0kC9lI6A,@beatrizbrito3503,2022-07-15 17:44:28+00:00,0,Por que no existen las.oportunidades para todos. Igualdad de derechos. Todos queremos ser libres y vivir tranquilamente. Es un derecho.,2019
ntc0kC9lI6A,@losangeles6735,2021-10-01 19:35:09+00:00,2,Ceuta and mellila and canaries belongs to Morocco 🇲🇦 and Gibraltar belongs to England 🇬🇧🇬🇮,2019
ntc0kC9lI6A,@marinaocejocolin5378,2021-05-19 14:37:08+00:00,1,"Pero esto no sucederia si los Gobernantes fueran mas honestos y realmente trabajaran para el pueblo.
Dieran educacion, seguridad etc.
Pero igual los pobladores parecen conejos tienen muchos hijos y pues asi no se puede.",2019
ntc0kC9lI6A,@MiguelERPerez,2021-04-04 06:46:59+00:00,0,Pensé que era México y USA.,2019
ntc0kC9lI6A,@hectorc4997,2021-05-18 16:11:15+00:00,0,"Si los gobiernos no cubren las necesidades básicas; entonces, eso es lo que pasará, una demograficacion masiva.",2019
ntc0kC9lI6A,@VictorHugo-ih3qr,2022-06-28 01:32:46+00:00,0,SE LES DEBERÍA DAR UNA OPORTUNIDAD. PORQUE HACEN UN RECORRIDO MUY SACRIFICADO. DIGNO DE TENER UNA RECOMPENSA. DESDE LIMA PERÚ,2019
ntc0kC9lI6A,@alda20mante,2021-04-20 22:04:02+00:00,0,Es una estupides que en su propia tierra sean ilegales!!!!?????,2019
ntc0kC9lI6A,@eliaspalacios2320,2021-05-19 20:23:26+00:00,0,Esto se compara con cenntro América  Ono,2019
ntc0kC9lI6A,@ident63,2022-07-01 18:20:25+00:00,0,Es territorio español y punto. ¿Por qué no hablan de las Malvinas o de Gibraltar por ejemplo?,2019
ntc0kC9lI6A,@danielgarciatorres6504,2022-03-09 03:23:55+00:00,0,De cien mil.millones de voltios jajaaj,2019
ntc0kC9lI6A,@pabloespinal2279,2022-07-19 14:53:42+00:00,0,Ayayay! están dividiendo al mundo.  Dios lo hizo sin frontera y el hombre la construye para dividir su lado,2019
ntc0kC9lI6A,@alonsotapia1769,2021-04-02 21:08:21+00:00,0,Esa esta mas dificil de brincar que la de USA y Mexico,2019
ntc0kC9lI6A,@danielgarciatorres6504,2022-05-01 20:59:40+00:00,0,Pongan una valla eléctrica de 100 mil voltios,2019
ntc0kC9lI6A,@makoma669,2022-07-13 03:43:56+00:00,0,"La unión europea se ha enriquecido a manos llenas de África, entrando sin problemas y tratados de la mejor manera .. es indignante la existencia de esta valla y todo lo que trae consigo... Abuso de poder, maltrato miseria, vigilancia extrema y muerte.",2019
ntc0kC9lI6A,@JuanCarlos-bm4xf,2021-07-14 04:16:53+00:00,0,Pero nosotros que somos los que estamos obligados a rescatar a todo el mundo? A darles oportunidades que ni nosotros hemos tenido y que muchos de nuestros hijos tampoco! Piensen un poco. Esta gente por que tienen tantos hijos? Para que se los criémos nosotros. En Europa se lucho mucho por nuestros derechos. ¿Porque no luchan también ellos? Es muy bonito llegar a un país y ya tener derecho a todo. Cuando a nosotros los cristianos nos matan por ayudar. Esta gente tiene más recursos que cualquier español. Yo no tendría dinero para pagar a tantas mafias en tantos países. Venga ya. Ya nos daremos cuenta del error que estamos cometiendo. Espero no vivir para verlo.,2019
ntc0kC9lI6A,@keyneraltamirano5612,2022-07-20 16:14:30+00:00,0,Tremenda hipocresía de los seres humanos más civilizados del mundo segun ellos( europeos ) no cabe duda que son perversos ma que nadie. La migración es un derecho humano. Y pensar como pueblos latinoamericanos que hay gente en nuestros países van y se  arridillan ante ellos ( políticos traidores a sus pueblo ),2019
ntc0kC9lI6A,@napoleoncedenovillagomez1331,2022-07-18 18:49:23+00:00,1,Viva la gran libertad y la democracia europea pues son el mejor ejemplo de humanidad y solidaridad sus dirigentes deben ser nominados al premio nobel de la paz en conjunto con eeuu y la otan y todos sus amigos (perros y lacayos),2019
ntc0kC9lI6A,@paella-emocionpaella-emoci22,2022-07-21 09:45:54+00:00,0,Yo entiendo que estas personas buscan liberta y un sitio mejor para vivir ....el problema esta que si se enbaden fronteras el problema es cada dia mas grande  marruecos recibe bastante dinero para remediar esto ... y no puede ser que cada vez que marruecos quiera algo utilice esta forma para hacer presion  a españa igual que a Europa es un problema comun ...estas personas no es solo el problema dejarlo entrar tambien formalos  y demas  y si no hay planes para estas personas   lo que estas formando es una invasion  sin leyes y personas no legalizada  estar en un pais sin estar legalizado y sin nada es un punto negro  donde se forma robos  criminalidad  y muchas cosas mas negativas que acabo del tienpo sera un problema grande  que despues dificil de arreglar,2019
ntc0kC9lI6A,@susanasanzserrano3026,2022-07-26 15:46:16+00:00,0,"Pues exactamente lo mismo que pasa en la frontera de México con estados unidos
Con la diferencia qué acá los migrantes llegan exigiendo qué los dejen pasar y que los reciban en Estados unidos",2019
ntc0kC9lI6A,@gracielabecerra460,2022-07-20 13:07:46+00:00,0,Dios santo pobre hombre tanta divisiones entre países si todos somos hijos de Dios.,2019
ntc0kC9lI6A,@augustocf4124,2022-07-22 18:23:18+00:00,0,"Cuando Europa estaba en guerra  a principios y mediados del siglo pasado...fueron África,América latina y Norte América...quienes recibieron a esos millones de emigrantes...sin importar su estatus económico...ahora el visado schenge restringe a paises como Republica Dominicana la entrada a suelo Europeo...las manos que dan esperan...¡.PERO EL CREADOR OBRA EN JUSTICIA!",2019
ntc0kC9lI6A,@chavarivera562,2021-05-25 19:09:37+00:00,0,"Dios los bendiga en especial a estos chicos, hay que valorar lo que tenemos",2019
ntc0kC9lI6A,@miroslavastern4744,2022-07-20 07:16:56+00:00,0,Jajaja y critican la estados unidos que es una sola pared de lámina!!!🤣🤣🤣,2019
ntc0kC9lI6A,@malarkythompsonwilson9981,2021-05-21 20:59:37+00:00,1,Y los weyes que se ponen a gritar que los saquen de latinoamerica y que no hay peor tercermundismo,2019
ntc0kC9lI6A,@pelagiaestrella7032,2022-07-22 14:49:36+00:00,0,Y tanto k gritican las de usa es k caza país es una casa y ahí k cuidarla nadie duerme en su casa con las puerta abierta y yo veo k la inmigración se a convertido en un negocio no es una nesecida  y esto ahí k ponerle freno y no estar politizado  la inmigración irregular  y todos esos paise ponerle reglas k gobiernen para su conciudadanos y k se salga de ahí preso y poner otro pork a donde ba parar si esto sigue así y todos eso organismo k lo k están ahí es para apollar lo k está mal echo ponerle sanciones fuertes 💪  a ellos tanbien ellos son tanbien los k están impulsando la inmigración irregular esto tiene k parrar,2019
ntc0kC9lI6A,@abdelhilahahmed1090,2021-05-22 00:32:27+00:00,0,👳abdel kharim kattabi🤜🇪🇸,2019
ntc0kC9lI6A,@gabrielvigil7886,2021-05-22 10:34:24+00:00,0,"Muy triste y dramático. La verdad es que Europa no pueda dar asilo a todos los emigrantes de Africa y del mundo. El sistema YA está colapsado y eso va a causar más sufrimiento y injusticia en el futuro. La política mundial tiene la responsabilidad de ayudar a Africa y lograr resolver los problemas que perduran de hace siglos. No digo en American style, “exportando SU democracia” sino con planes que funcionen y que sean de ellos.",2019
ntc0kC9lI6A,@cesaraugusto9954,2022-07-14 23:48:54+00:00,0,Estamos en el xxI porque no somos más humanos y ayudarnos unos a otros abran las fronteras,2019
ntc0kC9lI6A,@christophernewberryescobar,2022-07-16 13:02:28+00:00,0,Ah caray y la familia en el norte la península criticando el muro de trump jajajajaja hay que ser cínicos,2019
ntc0kC9lI6A,@marmartinez7273,2021-05-18 12:39:02+00:00,0,"Nosotros fuimos emigrantes, ellos no se merecen lo que están pasando",2019
ntc0kC9lI6A,@espiaruso339,2021-07-11 05:08:46+00:00,1,Saquen los de España,2019
ntc0kC9lI6A,@OliverCamara,2021-04-17 18:24:18+00:00,2,Pongan la valla más alta que aquí sigue llegando gente .,2019
ntc0kC9lI6A,@monikamich9002,2022-08-05 19:37:04+00:00,0,Que europa les de un permiso de un año para ir trabajar y que puedan renovarlo por buena conducta laboral.,2019
ntc0kC9lI6A,@MrFeynmanDiagram,2021-06-13 14:43:28+00:00,0,"¿La verja no siempre estuvo allí? ¡Claro! ¡Igualito que la base Británica en Gibraltar! ¡Gracias por recordarmelo, BBC! 🙄😂😂😂😂",2019
ntc0kC9lI6A,@josemanuelm2977,2022-07-01 21:02:30+00:00,0,"Aquí no dicen nada de los garfios, la cal, el ácido y que entran muy sanos y fuertes en edad militar. Ah!! y de mujer no salta ni una!!!🤣🤣",2019
ntc0kC9lI6A,@edgarandre5216,2022-07-15 00:37:21+00:00,0,"Siempre hablan de el muro
 México/USA por dónde vienen todos los de latinoamérica, asiáticos y africanos pero nunca hablan de otros muros horribles como este, el de Korea, el de Suria, el de Ucrania, el de Afganistán 
Solo he salido a Alemania dos años a estudiar mi maestría en arquitectura.",2019
ntc0kC9lI6A,@janicas5,2022-07-25 16:03:54+00:00,0,"Y los que atraviesan son solo hombres, que mujer com hijos va a atravesar esas vallas? Abandonan sus hijos y esposas y si te vi, no me acuerdo!",2019
ntc0kC9lI6A,@josetv8429,2021-05-18 21:58:34+00:00,0,Esta frontera de la UE seria casi lo mismp que el muro que hizp trump 👀,2019
ntc0kC9lI6A,@hornachos,2026-05-16 14:48:45+00:00,0,"Menudo CHISTE, si España no tiene FRONTERA NI NADA SIMILAR, entra cualquiera como Pedro por su casa.",2019
ntc0kC9lI6A,@sergiomeza4610,2022-07-17 07:48:54+00:00,0,"Estamos pensando en terraformar Marte y que algún humano pueda vivir ahí, porqué no votamos todos los ciudadanos del mundo por terraformar la tierra y que todos los humanos podamos vivir aquí, no más misiones al resto del sistema solar mientras haya humanos muriendo de hambre en la tierra",2019
ntc0kC9lI6A,@jeniferangeline,2021-05-18 23:59:14+00:00,0,ONU deberían ayudar intervenir en los países que están en crisis .. no hacen nada ..bla bla,2019
ntc0kC9lI6A,@Jm4-hms,2024-09-11 17:28:41+00:00,0,"Mucha vigilancia aqui , y luego llegan con pateras cada dia, y les ayudan a llegar las ONG, GC., Salvamento maritimo .No se entiende.",2019
ntc0kC9lI6A,@FranAlcázarGonzález,2024-09-05 15:08:07+00:00,0,Valla eléctrica ya,2019
ntc0kC9lI6A,@TheGaztela,2022-08-07 09:07:05+00:00,0,"Un muro electrificado de veinte metros es lo que hace falta, con drones echando gases paralizantes 24/7. Se les avisa a medida que se vayan acercando a la  valla. Si luego ocurre cualquier cosa, culpa suya es.",2019
ntc0kC9lI6A,@sergio1492es,2022-07-19 15:00:55+00:00,1,La BBC solo pone lo que le conviene descolonizar Gibraltar 🇪🇦🇪🇺 ONU,2019
ntc0kC9lI6A,@1988PERU,2022-08-02 19:30:50+00:00,1,LA ONU DEBE INTERVENIR MILITARMENTE EN ESTOS PAÍSES AFRICANOS Y ASÍ EVITAR ESTAS MIGRACIONES.,2019
ntc0kC9lI6A,@M4o8x,2025-05-30 01:09:07+00:00,0,Así saltaremos nosotros desde Cuba hacia Liberty City la nueva y prospera ciudad que se fundara en el territorio estadounidense en la isla de Cuba,2019
ntc0kC9lI6A,@ricardoorosco6889,2022-07-17 03:55:19+00:00,0,Creo que la gente de de quedarse en su país y sacar alas empresas extranjeras que son las que hacen que las personas se vallan de sus tierras,2019
ntc0kC9lI6A,@davidmijares5074,2022-07-20 11:54:14+00:00,0,"Porque este tipo de escenas en contra de nosotros mismos aunque seamos de diferentes países.deberiamos de ayudarnos unos a los otros, porque somos hijos de Dios. Y en vez de donar dinero a esos gobiernos crueles deberían de obligarlos a cambiar sus políticas salvajes.los países no le pertenecen a ningún político",2019
ntc0kC9lI6A,@alvinnyon1,2021-05-22 09:43:26+00:00,1,"illegales significa quebrantar la ley, punto",2019
ntc0kC9lI6A,@glomibabel1894,2021-05-23 11:58:34+00:00,0,necesitamos un muro de cemento,2019
ntc0kC9lI6A,@jomahiro9924,2021-05-18 09:34:05+00:00,1,Valla de España en España,2019
ntc0kC9lI6A,@teaclaro1,2022-07-16 15:29:55+00:00,0,"Cuando interesa la vaya es de españa y cuando no, la vaya es de Europa 🤷‍♂️🤦 de locos",2019
ntc0kC9lI6A,@miguelmendoza8767,2022-07-18 05:41:36+00:00,0,Eslo mismo la frontera d USA es la misma canción 🎶 🙄,2019
ntc0kC9lI6A,@JuanGarcia-fo3pk,2021-05-19 03:48:20+00:00,1,¿Por que tanto problema mi amada España? Solo tienes que ordenar abrir fuego y ya,2019
ntc0kC9lI6A,@joaquinnavarro9342,2021-06-08 21:49:34+00:00,0,Como que primero tendrían que dejar Melilla a Marruecos.,2019
ntc0kC9lI6A,@vanessafuentes3291,2022-07-16 22:24:24+00:00,0,Quienes trafican personas a Europa,2019
ntc0kC9lI6A,@abdelhilahahmed1090,2021-05-22 00:37:04+00:00,0,🇪🇺🇪🇸  🤝  💶🤴🇲🇦  😀,2019
ntc0kC9lI6A,@luciacontreras9354,2021-05-12 20:53:44+00:00,3,"Es terrible que los manden de vuelta viendo todo lo que hacen estás personas por sobrevivir, están desesperados, necesitan ayuda. Es un mundo terrible en el que vivimos, es re triste. Y lo peor es la mala memoria que tenemos los humanos. Si buscamos un poco en nuestra propia historia lo más probable es que  veamos que todos somos hijos de migrantes.",2019
ntc0kC9lI6A,@ozkrwrrior733,2021-05-21 16:35:54+00:00,0,Los Europeos se repartieron esas tierras y ahora ni los dejan entrar a recoger sus migajas,2019
ntc0kC9lI6A,@jorgeaguirre7260,2021-06-17 01:52:14+00:00,0,"El día que Europa y por Europa digo todos los países, se comprometan a recibor la distribución de la migración que llega a España, hablamos. No se le puede pedir a un país con problemas de creación de empleo, que asuma los costes de millones de personas que tienen intención de migrar a Europa, la capacidad de España para poder cubrir con los impuestos que pagan sus ciudadanos para sus servicios básicos, es limitada, y con eso estaría de acuerdo hasta Austria si tuviera la frontera con África que tiene España",2019
ntc0kC9lI6A,@dixon3809,2021-05-23 17:47:26+00:00,0,"Q le den la oportunidad d vivir pobre gente ,disparan  d la muerte !",2019
ntc0kC9lI6A,@carmelonold1090,2022-06-27 22:06:24+00:00,0,"Bravo por la policía marroquí que ha dado su vida por defender la legalidad 
 👏👏👏👏👏👏👏👏",2019
ntc0kC9lI6A,@pepevanlee4275,2021-06-29 23:13:45+00:00,0,La verdad es que vaya putada y que injusto es nacer en algunos lugares...si de verdad los gobiernos quisieran...,2019
ntc0kC9lI6A,@jennyportilla5774,2021-05-18 12:42:27+00:00,0,El acento de estos africanos es parecido a los habitantes del pacifico colombiano.,2019
ntc0kC9lI6A,@jonathanpanchame3230,2021-05-01 19:30:13+00:00,0,"Y bien que se quejan de Gibraltar, miren el doble rasero.",2019
ntc0kC9lI6A,@gonzalo8280,2022-07-19 16:25:25+00:00,0,"España pertenece a la UE. Ceuta y Melilla pertenecen a España, pero no a la UE porque están fuera de la Unión Aduanera. ERGO no son frontera de la UE. (NOTA. Y tampoco están en la OTAN).",2019
ntc0kC9lI6A,@luislmatlmat7014,2022-07-11 18:35:52+00:00,0,La frontera de la unión chanchito :V,2019
ntc0kC9lI6A,@gustavochagra1,2022-07-19 14:02:27+00:00,0,"Así tendría que ser en la frontera de Argentina con Bolivia estamos llenos de bolivianos en mi país entran como si nada solo a tener hijos, cobrar planes y asignaciones, hacerse atender en los hospitales públicos, etc en fin la culpa es del gobierno argentino que es muy permisivo e irresponsable les facilita todo desgraciadamente.",2019
ntc0kC9lI6A,@JavierGomez-sb1nz,2022-07-26 10:50:10+00:00,0,"Vaya vergüenza de documental, solo un lado de la moneda. Como siempre los que hacemos las cosas por la vía legal somos los perjudicados.",2019
ntc0kC9lI6A,@ES2350,2022-07-26 23:37:59+00:00,1,"Porque no desarrollar esa zona en Marruecos cerca de la frontera como zona franca; una vez se comienza el comercio, la gente parara de intentar saltar. Recuerdo que hace 50 años los españoles se iban a Francia a trabajar y la mejor forma que la EU resolvió ese problema fue ayudar a España que en ese entonces era un país tercermundista.",2019
ntc0kC9lI6A,@mario905,2021-05-22 16:39:14+00:00,0,Entonces los muros no son solamente en la frontera usa con mexico...porque criticaban a Trump entonces???,2019
ntc0kC9lI6A,@MT-qj8oy,2021-04-08 18:03:52+00:00,0,Ellos saben  a que  se arriesgan.. y lo  hacen voluntariamente. No se puede comparar  con trampas  de  animales.,2019
ntc0kC9lI6A,@elenamartinezarias1192,2022-06-28 07:42:50+00:00,0,"Por qué no los acogen en Alemania, Bélgica, Holanda, Francia, etccc?",2019
ntc0kC9lI6A,@paratussentidos7180,2021-05-19 00:27:17+00:00,0,"Por eso, no hay lugar como el hogar, a poco no? Cada chango a su mecate y que nadie se ande cruzando a donde no le tocó vivir.",2019
ntc0kC9lI6A,@adbaro3448,2022-07-15 23:10:21+00:00,0,El muro de la verguenza...,2019
ntc0kC9lI6A,@Mindyourbusiness2012-s4m,2021-05-30 21:20:49+00:00,0,Melilla se parece a Miami por donde entran tanto migrante por balsas o barcos pequeños illegalmente!!,2019
ntc0kC9lI6A,@juliandavid8547,2025-03-29 03:47:10+00:00,0,"Pobres, yo creo que alla los volvieron paellas =(",2019
ntc0kC9lI6A,@renereyes9872,2022-07-30 05:03:50+00:00,0,"Y dónde quedo esa maravillosa de John Lennon (imagine) ,espero que todos esos países que se encierran no les sea contraproducente😤😤😤😤😤😤😤😤😤😤😤😤",2019
ntc0kC9lI6A,@cetmelc4034,2022-07-29 14:10:16+00:00,0,"me hace muchisima gracia el como algunas autoridades y voceros de estas se refieren a estas personas casi como si fuesen animales, no digamos que es racismo por que sabemos que les incomoda esa palabra 🥶",2019
ntc0kC9lI6A,@milafuentes7958,2022-06-27 18:48:48+00:00,0,Que terrible  que  no tengan la oportunidad  de llegar a España y poder pedir asilo.,2019
ntc0kC9lI6A,@damiancuberoramos8176,2022-06-30 07:11:48+00:00,0,Eso colocas unos pocos nidos de ametralladoras y se acabó,2019
ntc0kC9lI6A,@jbs_659,2022-07-22 14:06:06+00:00,0,Pero todos van tras el dinero €$£ mafias y drogas ...tal ves las tarjetas contribuyan algo.,2019
ntc0kC9lI6A,@evavera1346,2022-07-25 02:14:47+00:00,0,"Siempre estoy enojada,con rabia y odio a los gobiernos de paises que por corruptos,ladrones,hacen que sus abitantes que luchan y luchan y nunca yegan a tener una vida digna y no empujan a emigrar, nadie quiere irese del país natal y en otro país luchamos y logramos nuestros sueños y llegamos amar el país que nos acoje,no odien a los inmigrantes reconozcan que son necesarios para la economía",2019
ntc0kC9lI6A,@danielgarciatorres6504,2021-09-20 19:15:54+00:00,1,Esa balacera del mar estuvo chido de que balacearan a esos weyes y aniqularan a 15 bien,2019
ntc0kC9lI6A,@costaazulporsiempre,2022-07-14 11:55:29+00:00,0,".. oigan hermanos españoles y, ""quién les puso baya cuándo sus ancestros vinieron a las Américas? .. todo lo contrario les brindaron hospitalidad.",2019
ntc0kC9lI6A,@agent3268,2022-06-28 14:55:08+00:00,0,"No son ucranianos, no?🤔",2019
ntc0kC9lI6A,@Xanadú1976-s7u,2023-02-03 11:18:07+00:00,0,"Me hace gracia como los periodistas sesgan la información, claro que es la frontera más fortificada de Europa, entonces,  qué hacemos según los progresistas, los dejamos entrar sin control y con las ayudas que la mayoría recibe",2019
ntc0kC9lI6A,@MarlynHSilva,2022-07-15 07:16:04+00:00,0,Las fronteras las ponen los hombres a nivel histórico las migraciones siempre han existido poner muros sólo va a generar agravios en las vidas de las personas y separación de familias. En cambio sino hubieran fronteras la gente podría ir y venir a su ciudad Natal.,2019
ntc0kC9lI6A,@keepmoving.3043,2022-12-04 10:47:15+00:00,1,Que los inmigrantes ilegales africanos entren en Gibraltar...,2019
ntc0kC9lI6A,@brunildamata7791,2022-12-22 22:58:11+00:00,0,Porq no dan oportunidades a los necesitados los españoles también han sido migrantes en varias épocas de sus vidas creo q la gente no emigra porq quiere sino por necesidad de una vida mejor,2019
ntc0kC9lI6A,@rosaalmendra6367,2021-07-04 02:09:28+00:00,0,"Este mundo no tiene solución  , jamás  viviremos  tranquilos  y en paz  .   Tanto cuesta ordenar  un país  y se logra  apenas  ,  luego  llegan  los  migrantes  y desestabilizan  la sociedad .  Por otro lado , esta pobre gente  huye de una vida  miserable  .    Lo que se debe de evitar  son las guerras  pero  eso nunca pasará  porque es el negocio  de los países ricos 🤑.  Y después  con  unas cuantas migajas  “disque”  ayudan  a los países pobres .   Cuando lo que les interesa  es mantener  su pobreza para  aprovecharse  de ellos .  Tráfico humano , de drogas , de  armas …………….   pero ellos los ayudarán  con sus  ONGs  , con sus  filántropos  y sus derechos humanos .    Tanta PERVERSION  es inhumana  y  nunca  acabará  por esa sed  insaciable  de poder  maligno  que tienen .",2019
ntc0kC9lI6A,@patisuahe,2021-05-20 15:50:12+00:00,0,"Debería ser una obligación hoy en dia para los europeos, ayudar a los africanos que les piden asilo, después de todo lo que se robaron de ese continente antes.",2019
ntc0kC9lI6A,@GuerreroDomi,2022-07-25 13:29:54+00:00,0,"Y tanto que se quejan de USA 🇺🇸 POR LO ER MURO 🤣🤣 

República Dominicana también necesita un muro de este alto y largo",2019
ntc0kC9lI6A,@mariagb6129,2022-03-29 15:08:46+00:00,0,"No luchan x k su país sea mejor,pero a los nuestros los agreden",2019
ntc0kC9lI6A,@danielgarciatorres6504,2021-09-18 04:04:44+00:00,0,No los dejen pasar o al rato no va ser España va ser centro África o el congo,2019
ntc0kC9lI6A,@amcl5638,2022-06-29 08:42:35+00:00,0,"Los inmigrantes se lo buscaron, por no obedecer, y buenoo con tentísimos inmigrantes no pudieron indenticar.",2019
ntc0kC9lI6A,@mariagb6129,2022-03-29 15:11:58+00:00,0,140 millones para más armamento moderno,2019
ntc0kC9lI6A,@mariagb6129,2022-03-29 15:06:50+00:00,0,"Gráficos,violentos,nada de refugiados,invasión en cubierto,ejército ya",2019
ntc0kC9lI6A,@GTRedux,2021-05-30 19:51:17+00:00,0,Go to Gibraltar!,2019
ntc0kC9lI6A,@melissamendez5859,2021-04-27 21:38:19+00:00,0,"Y nos escandalizamos por el muro de Trump... en varias partes del mundo la misma situación, pero no sé pasa en las noticias internacionales",2019
ntc0kC9lI6A,@mariepi,2021-06-13 17:09:48+00:00,0,"la opcion es declarar ciudad internacional a Melilla, como Tanger, en que se indemnice a los españoles que tengan  propiedades si desean ir a vivir a España, y garantizar que nunca jamas nadie que entre ilegalmente en Melilla recibirá visado ni residencia para poder vivir en España",2019
ntc0kC9lI6A,@jorgevaldes2873,2022-07-20 03:05:37+00:00,0,Es igual a la valla que separa a los africamos de mexico con estados unidos xD,2019
ntc0kC9lI6A,@nicolasdelgado1694,2022-07-25 14:05:24+00:00,0,"Es importante entender porque Europa es la principal responsable de la migración africana, aquí solo se llenan la boca con las consecuencias, pero convenientemente evitan el problema",2019
ntc0kC9lI6A,@diegofloressantander6643,2021-05-19 12:23:41+00:00,0,"Ah pero si fuese Rusia, la ONU y todas las instituciones mundiales saltan... 
Hipocresía, cuando son los malos no lo son.",2019
ntc0kC9lI6A,@ricardovasquez1416,2022-07-17 01:34:24+00:00,0,Marruecos y España son el México  entre Europa y África,2019
ntc0kC9lI6A,@ISHNUNEZ,2022-07-15 17:04:39+00:00,0,Bueno esta prohibido usar eso para cazar animales por que los animales no tienen conozimiento pero los humanos si tenemos conozimiento y cada quien se arriezga sabiendo que hay consecuencias,2019
ntc0kC9lI6A,@Cirbon77,2022-02-19 10:24:14+00:00,0,"A la BBC se le olvidó informar de la Jungla de Calais en Francia. Periodismo hipócrita. 
Reino Unido presionó mucho a Francia para que ""eliminaran"" ese campamento.",2019
ntc0kC9lI6A,@ahmadbmo4012,2021-05-04 12:11:22+00:00,0,Viva Áfricano,2019
ntc0kC9lI6A,@rositagunter4283,2022-07-14 18:27:42+00:00,0,"Por eso es importante El muro entre USA y Mexico...esa gente viene sin dinero, education, escuela, sin skills..como piensan mantenerse asi solos en un pais, a Costa se quien piensan vivir..",2019
ntc0kC9lI6A,@punchl1n310,2021-10-14 01:03:24+00:00,3,Qué curioso ver a algunos comentaristas pensar que los inmigrantes quieren vivir en España.  La realidad es que España es solo una ruta hacia el norte de Europa.  España no es diferente de Marruecos.,2019
ntc0kC9lI6A,@isaacespinosa9385,2021-04-14 07:55:14+00:00,0,¿Una valla? Yo pensaba que era una pista de carreras para correr Humor Amarillo.,2019
ntc0kC9lI6A,@Qriouz,2024-09-24 10:16:36+00:00,0,Cidade espanhola ...sei... em solo africano..  Entretanto so se fala do muro do trump mmmm,2019
ntc0kC9lI6A,@celiabarraza5137,2021-04-28 05:41:19+00:00,0,qué cosas España tienes tu propio muro,2019
ntc0kC9lI6A,@jovitavillalpando2827,2022-07-12 10:41:10+00:00,0,Si no les gusta el muro que se queden en casita,2019
ntc0kC9lI6A,@miriamgaliciavarela865,2021-05-19 13:48:30+00:00,0,"El ser humano continúa con la triste problematica del racismo, la ONU es un organismo que no resuelve estos problemas tan graves. Los países ricos sólo quieren ""ayudar"" a un pais pobre sólo si saca ganancia de ellos. La deshumanidad persiste y el dinero impera",2019
ntc0kC9lI6A,@alejandrog9866,2021-05-18 14:05:45+00:00,0,El ejército marroquí esta abriendo las puertas de frontera,2019
ntc0kC9lI6A,@hanallo7485,2022-07-21 20:03:46+00:00,0,El chico como cualquier joven solo quiere una oportunidad para ser un hombre trabajador no pide que le regalen nada solo pide oportunidad para trabajar y estudiar como acá en mi país que si salen los jóvenes a marchar por sus derechos los asesinan.,2019
ntc0kC9lI6A,@Gnzxlx,2022-07-19 20:24:25+00:00,0,"BBC trata este tema como si el reino unido no hiciera lo propio con sus ""territorios"", lease colonias, absurdo.",2019
ntc0kC9lI6A,@jerrylundly9971,2021-05-18 22:45:34+00:00,0,Luchen por sus paises.,2019
ntc0kC9lI6A,@Ibarra20091,2021-05-19 20:56:04+00:00,0,"Me molesta mucho que le llame guerra de guerrillas, a seres humanos que huyen por diversos motivos. Cuando olvidaron los españoles que también fueron migrantes bien recibidos en América Latina.",2019
ntc0kC9lI6A,@sinergiat,2022-07-27 21:55:42+00:00,0,Los menosprecian quienes los has saqueado.,2019
ntc0kC9lI6A,@erikawielersevilla2980,2022-06-30 15:19:51+00:00,0,"Despues critican a Trump, y la verdad es que tienen derecho a controlar sus fronteras porque entre buena gente entran tambien personas peligrosas. Todos los paises tienen el derecho  de controlar sus fronteras",2019
ntc0kC9lI6A,@ginoyanez2932,2021-05-26 03:16:12+00:00,0,"La hipocresia de españa y la union europea.y bien que sacan mucho provecho de esa pibre gente y encima los maltratan y les humillan y encima ponen tremendos muros de fierro para que solo lleguen los mas fuerte y los debiles se quedan heridos,muertos y se quedan o regresan a sus lugares de origen con ese trauma. Si señores es una hipocresia inmensa!!!",2019
ntc0kC9lI6A,@sankor5894,2021-05-18 14:11:58+00:00,0,De más fortificada nada,2019
ntc0kC9lI6A,@KarlaGomez-wp3cf,2024-06-12 15:39:09+00:00,0,"ahora resulta que los europeos simepre han podido ir a cualquier continente sin permiso..... pero de los otros continentes a europa o usa no se puede. la migracion es historica, no es de ahora",2019
ntc0kC9lI6A,@fahdkamal8441,2024-09-22 20:10:08+00:00,0,La honte !!!!,2019
ntc0kC9lI6A,@Mr_T-800,2022-07-16 04:38:54+00:00,0,"Me parece bien que hayan puesto esa valla, así no entran estos hombres marroquis o de otros países de africa de olor nauseabundo con sus ideas radicales de jala jala jalala ✅️ saludos estimados caballeros 👌🏻",2019
ntc0kC9lI6A,@dajinmonlio,2021-05-24 14:19:26+00:00,0,"Y mientras tanto en latinoAmerica ""nos están matando"" y en EEUU ""i can't briii 🤷 jajajajajajaja",2019
ntc0kC9lI6A,@erihjuarez9511,2022-07-16 05:56:53+00:00,0,El sueño gringo en Melilla,2019
ntc0kC9lI6A,@anaf.l.1307,2021-05-25 09:58:43+00:00,0,Bendicion 🌾🙏  que religión tienen 🌾📖porque sus gobiernos no les dan lo necesario que ocurre ..? 🤔😓😱,2019
ntc0kC9lI6A,@abdelkrimmadmadiferhani2474,2022-07-21 17:15:02+00:00,0,Quería decir que Melilla no está en África  que tontos,2019
ntc0kC9lI6A,@gerardarazo794,2022-07-20 12:59:16+00:00,0,Idéntico que en México. También tenemos una barda q divide al país y USA. Desgraciadamente la gente huye por violencia y pibreza  en su país de origen. Culpa?? De los migrantes ? De los gobiernos??,2019
ntc0kC9lI6A,@ocielperez4171,2021-05-23 00:46:11+00:00,0,El ser humano maltratado su prójimo,2019
ntc0kC9lI6A,@kyroa138,2022-07-15 19:42:21+00:00,0,"Y los españoles se ponen a decirle cosas a México cuando detienen personas al sur de nuestra frontera y las autoridades mexicanas no maltratan a las personas, además no tenemos vallas, bardas, ni cercas peligrosas.",2019
ntc0kC9lI6A,@twistedfatead1269,2022-07-31 23:05:23+00:00,0,Es como México con USA,2019
ntc0kC9lI6A,@diegomelnik2028,2022-07-17 21:03:42+00:00,0,Devuelvan las tierras.,2019
ntc0kC9lI6A,@enriquemedina8918,2021-04-10 15:48:04+00:00,0,Porque no la electrifican y hacen un pozo con cocodrilos,2019
ntc0kC9lI6A,@jessyv.143,2022-07-13 22:19:20+00:00,0,Solo quieren vivir en paz 😔,2019
ntc0kC9lI6A,@jaimeaguirre2706,2021-05-19 03:51:12+00:00,0,Eso se da porque el.Gobierno Marroqui como.muchos gobiernos africanos no les interesan a su ciudadano sino.enriquecerse. Ono es solo un meretrz,2019
ntc0kC9lI6A,@kevinviart6169,2021-05-22 18:24:09+00:00,1,"UNA COSA ES CLARA AFRICA NO CABE EN EUROPA, LO MEJOR ES QUE LOS GOBERNATES NO SE HAGAN MAS LA PELOTA Y SOLUCIONES LOS PROBLEMAS",2019
ntc0kC9lI6A,@14badra52,2021-06-18 10:49:24+00:00,0,Melilla y Ceuta de Marruecos,2019
ntc0kC9lI6A,@danielgarciatorres6504,2022-04-27 14:18:28+00:00,0,Pongan el.muro build the wall spain,2019
ntc0kC9lI6A,@abdelhilahahmed1090,2021-05-22 00:48:52+00:00,0,👳abdel alkharim khattabi 🤜🤴🇫🇷🇲🇦,2019
ntc0kC9lI6A,@danielgarciatorres6504,2022-02-27 21:55:16+00:00,2,Pongan ese muro con corriente eléctrica españa al rato van a ser negros.como mejico,2019
ntc0kC9lI6A,@alejandrosalvador5250,2022-07-17 12:42:02+00:00,0,Es una provocación d guerra,2019
ntc0kC9lI6A,@theoldleafybeard,2022-07-15 21:59:04+00:00,0,"Se nos han olvidado los valores de Cristo, que si bien hermano de todos, se rodeaba de los más pobres y necesitados.
¿Dónde está el samaritanismo?

¿A cuénto de qué tanto odio, desprecio y desconfianza? 
Criminales los hay de todos los colores (aunque en Europa a veces están en una oficina), y negar la ayuda a un hermano en necesidad, es inhumano.

Tanta podredumbre en este mundo.",2019
ntc0kC9lI6A,@china2221,2026-06-01 14:14:52+00:00,0,El precio por robar territorio Africano. Eso no es Europa. No pertenece a España ni Inglaterra.,2019
ntc0kC9lI6A,@brendaisem7952,2022-07-19 05:15:36+00:00,0,"Y tanto que criticaron a Trump por querer hacer un 
Un muro.",2019
ntc0kC9lI6A,@danielgarciatorres6504,2022-02-26 03:23:19+00:00,0,Bien echo por esto.ganaran el mundial españa.bien,2019
ntc0kC9lI6A,@blasvillamayor1,2021-05-19 12:17:12+00:00,1,POBRE GENTE DE LOSMDOS.LADOS ..ESPAÑA.YA ESTA ZARPADS DE EXTRANJEROS Y LA.POBRE OTRA GENTE.SUFRE TODO ESAS CUESTIONES EN SUS PAISES TAN DEPLORABLES...PERO.FIJATE.VOS.COMOMTODO EL.MUNDO QUIERE IR A EUROPA MAS ALLA DE QUE SABEMOS QUE ED EL EUROCENTRISMO Y DEMAS NO??? PERO LOS.PAISES DONDE SONS ESTAS PERSONAS TAMPOCO HACEN NADA COMO.PARA QUE SUS CIUDADDANOS VIVAN DIGNAMENTE,2019
ntc0kC9lI6A,@esthermedina9447,2021-05-20 08:27:46+00:00,0,"Un país tán rico como África que su pueblo tenga que salir de esta manera tán indigna y peligrosa, nó hay derecho!! Y pienso que Hassan es un verdadero sinvergüenza.",2019
ntc0kC9lI6A,@blancavelasquez9859,2021-04-22 02:05:37+00:00,0,y españoles criticando EEUU cuando quiere construir su propio muro...,2019
ntc0kC9lI6A,@hernandoalcidesrodriguez6928,2022-07-25 03:05:34+00:00,0,Solo doy Gracias al rey del universo por lo que me permite luchar y conseguir día a día sanamente  solo eso digo,2019
ntc0kC9lI6A,@anaruthcalerocruz1658,2022-07-17 00:10:30+00:00,0,"Españoles se les olvida todo lo que vinieron a hacer a América Central, y lo que les pasó a ellos mimos después de la segunda Guerra mundial",2019
ntc0kC9lI6A,@saravictoriagomezvalverde3363,2022-07-15 18:11:34+00:00,0,"Son racistas,hasta cuándo va acabar eso ,son seres humanos.que les pasa a esa gente .....",2019
ntc0kC9lI6A,@az_arq2306,2021-06-28 16:05:28+00:00,0,Pensé q trump era único homofobico extremo...,2019
ntc0kC9lI6A,@thomasandersonrittberg2903,2022-07-25 15:53:21+00:00,0,"Cada Cual Huye de Un Infierno Personal, yo también Pienso Imigrar De Colombia Pues Para Unos Hay Oportunidad y Otros No,muchos Queremos Vivir Mejor Creo que,el muro de México Usa No sea Cual Sea Peor.",2019
ntc0kC9lI6A,@WHU448,2022-07-11 01:19:27+00:00,0,"Dejen de cruzar fronteras de manera ILEGAL, & lleguen a otros territorios de la manera LEGAL.",2019
ntc0kC9lI6A,@nancy2119able,2022-07-26 00:52:47+00:00,0,AQUI EN ESTADOS UNIDOS COMO CRITICAN POR EL MURO ENTRE MEXICO Y USA Y ESTA VALLA Y NADIE DICE NADA 😡😡😡,2019
ntc0kC9lI6A,@Nidaro,2025-02-13 15:27:49+00:00,0,el dairen de africa,2019
ntc0kC9lI6A,@Colombiamusicalacade,2021-05-23 22:07:53+00:00,1,España debe devolver a África esos territorios,2019
ntc0kC9lI6A,@cc1843,2021-05-24 21:38:43+00:00,0,"Porqué será que los africanos no se van a China (maravilla de país),  NO?",2019
ntc0kC9lI6A,@bardiadil5923,2021-06-16 17:26:59+00:00,0,"Que ridiculo de decir la valla de la UE y encima dentro de Africa sin vergüenza.ceuta y Melilla son marroquís pero colonizadas por España la que se tiene que salir tarde o temprano, lo unico que Marruecos esta ocupado con el tema del sahara occidentale y cuando termine va empezar para récupérar à ceuta y Melilla porque és muy facil solo se esta esperando el momento adecuado.",2019
ntc0kC9lI6A,@danielgarciatorres6504,2021-09-20 19:13:38+00:00,0,Tiene acento mexicano ese wey el negro,2019
ntc0kC9lI6A,@EstrellaPeregrina,2022-07-17 09:43:18+00:00,0,"A pesar de todas estas través, Europa ya es árabe africano musulman,  a veses pienso que estas trabas son solo adornos,  Francia holanda Alemania Bélgica España etc etc están invadidos de africanos arabes , mezquitas en cada ciudad",2019
ntc0kC9lI6A,@cristinapinerosgiraldo2772,2021-10-02 06:59:46+00:00,0,Si nos damos cuenta Melilla y Ceuta se encuentran en territorio marroquí quiere decir que el marroquí que desea saltar la valla estaría saltando de Marruecos al otro lado de marruecos pasa igual como guantamamo Cuba una cárcel estadounidense en territorio cubano eso era lo que tenían que hacer los africanos para que los europeos no invadieran África,2019
ntc0kC9lI6A,@marciavivianarojasvaldovin374,2022-07-18 12:59:29+00:00,0,En chile hace falta una.... El problema migratorio nos tiene superados,2019
ntc0kC9lI6A,@luisaclementinaperozasanch660,2022-07-12 01:38:49+00:00,0,Yo  soy  migrante.venezolana  mientras.venezuela  tubo.buena  .vida  éramos  .pobre.pero.mi  sueldo  me  alcansaba  para  cubrir  mis  nesecidad es. Antes  del  año  2.000,2019
ntc0kC9lI6A,@rosyeligonzalez7574,2022-07-21 00:06:43+00:00,0,lets make soft,2019
ntc0kC9lI6A,@MrTomberi211,2021-05-21 13:30:11+00:00,1,La manipulación de este video es brutal,2019
ntc0kC9lI6A,@danfawks7164,2024-08-24 01:57:49+00:00,0,Y así los europeos critican Latinoamérica,2019
ntc0kC9lI6A,@dumitrubadila8303,2022-07-12 16:24:56+00:00,0,"Tanto criticando a Trump por el muro y esta valla,que?",2019
ntc0kC9lI6A,@nestoredgardo6891,2022-07-15 16:32:31+00:00,0,Y si vuelan al tarambana que Majeja el país !? Lo cambian con el voto ? Democrático! Obvio ?,2019
ntc0kC9lI6A,@wandimatos461,2022-07-01 16:37:03+00:00,0,españa tiene que poner mas autoridad en estas fronteras y en sus leyes si no dentro de poco tendremos otra venezuela,2019
ntc0kC9lI6A,@aless1709030405,2021-06-22 12:07:23+00:00,0,Tanto que critican a Israel y EEUU con sus muros y sólo vean a Europa!!!,2019
ntc0kC9lI6A,@tangokosby4663,2021-09-02 01:40:15+00:00,1,"1- spain out of 2 towns sauta and mellila and out of all ilands
2- spain stop fishing in teretory atlantic oceon 
3- spain out of sahara problem 
4- spain should leave protecole protection of ibis chaut birds who stop all kinds of tourist  projets in south of morocco 
5- and olso in most area in north morocc",2019
ntc0kC9lI6A,@Charrlie589,2022-07-29 01:12:41+00:00,0,El muro de Trump de España,2019
ntc0kC9lI6A,@hornachos,2026-05-16 14:50:32+00:00,0,LAS ONG SON MAFIAS QUE SE LUCRAN,2019
ntc0kC9lI6A,@sil2677,2022-07-24 08:33:53+00:00,0,"VUENAS VALLAS , HACEN BUENOS VECINOS. LO CONTRARIO, BABEL",2019
ntc0kC9lI6A,@luisangelramirez7883,2021-05-23 16:54:33+00:00,0,En Norteamérica tenemos el mismo problema con los centroaméricanos..los salvadoreños.. guatemalas y Honduras están 1nv4di3nd0 nececitam un muro alto y fuerte en la frontera sur de México,2019
ntc0kC9lI6A,@lancero77,2021-05-29 12:10:38+00:00,0,Hay que enviarlos todos al Reino Unido,2019
ntc0kC9lI6A,@estherrodriguez6952,2022-07-17 18:51:05+00:00,0,Lo peor.....los tratan cómo animales cazados..... Dirigido por Marruecos 😑😑😡😡😡😡😡......no lo sé..... Simplemente de terror,2019
ntc0kC9lI6A,@Pablovish,2021-05-19 12:58:30+00:00,0,Puras fronteras en el mundo,2019
ntc0kC9lI6A,@fabianaamache8942,2022-06-20 20:07:19+00:00,0,Viva la Unión europea.vivan los reyes cuánta ayuda derechos humanos .están desesperando pidiendo ayuda van a trabajar.,2019
ntc0kC9lI6A,@hugomunoz6823,2021-05-28 19:27:57+00:00,0,"Entonces tambien , q hacen españoles en Africa. ? No estan allï escapando de europa!  Que rajen los ingleses del peñon!!!",2019
ntc0kC9lI6A,@noalasfeminazis7935,2021-05-08 22:28:33+00:00,1,"Donald trump construye muro  para que mexicanos inmigrantes no lleguen a EEUU*
La generación de cristal: que malo es donald trump
España hace lo mismo y peor*
Generación de cristal: ta bien",2019
ntc0kC9lI6A,@mariacortes5168,2021-05-20 00:02:27+00:00,0,No saben de las estrategias de el chapo.,2019
ntc0kC9lI6A,@reiamos,2021-05-20 16:51:08+00:00,0,Por que no van a Israel?,2019
ntc0kC9lI6A,@mariagb6129,2022-03-29 15:12:15+00:00,0,Y nosotros con pelotas de goma,2019
ntc0kC9lI6A,@ElenaGarcia-og5ml,2022-07-22 13:06:22+00:00,0,Cuando habra una valla entre Latinoamerica y los colonizadores Españoles?,2019
ntc0kC9lI6A,@skipskip21,2022-07-30 19:00:51+00:00,0,"Los italianos son dueños del agua en Honduras 🇭🇳 otros de la energía eléctrica, otros xon grandes maquilas sw adueñan y hacen sus propias ciudades",2019
ntc0kC9lI6A,@weroxplay9592,2022-07-27 22:38:22+00:00,0,Igual Ala frontera de México con Estados Unidos,2019
ntc0kC9lI6A,@marielaaleiramh3819,2021-05-26 04:42:03+00:00,0,Españoles resistas.,2019
ntc0kC9lI6A,@CarlosVValdez,2021-06-07 14:39:06+00:00,0,se quejan de USA y tienen mas,2019
ntc0kC9lI6A,@sementalgaranon70,2022-07-17 14:09:35+00:00,0,Mejor que evacúen a esos 85 mil europeos y abandonen este punto de entrada. Igual para Ceuta.,2019
ntc0kC9lI6A,@elenamartinezarias1192,2022-06-28 07:38:50+00:00,0,"España tiene el problema de ser frontera, Inglaterra no lo tiene,",2019
ntc0kC9lI6A,@manueldavid1630,2024-05-30 19:14:21+00:00,0,"Después, Europa nacionaliza africanos para ganar Eurocopas y mundiales en fin la hipocresía.",2019
ntc0kC9lI6A,@Toallazulsecadeverano,2022-08-13 16:37:19+00:00,0,"Que la quiten, no sirve de nada ....",2019
ntc0kC9lI6A,@jorgegalindomunoz9201,2022-04-09 00:40:33+00:00,0,"bueno con la bajada de pantalones actual del gobierno actual español ya ni hace falta la valla, ahora no va a pasar ni un inmigrante ilegal, acercare? creo que si",2019
ntc0kC9lI6A,@Ilokemor,2021-06-01 22:09:18+00:00,0,Que separa Marruecos de su ciudad ocupada,2019
ntc0kC9lI6A,@huamantlakid,2022-07-24 14:14:09+00:00,0,Están peor que Donald Trump de Estados Unidos con México,2019
ntc0kC9lI6A,@miguelvidalmartinez9456,2026-02-01 17:02:28+00:00,0,Electrificarla y problema resuelto.,2019
ntc0kC9lI6A,@silviaacosta5018,2021-05-20 01:53:43+00:00,0,Porque no les dan asilo si tienen lugar de sobra!! Cada vez menos nacimientos,2019
ntc0kC9lI6A,@enniolizano6625,2022-07-23 22:04:18+00:00,0,"De donde saca agua Ceuta y Melilla , la energía eléctrica y la energía , cuál es la fuente de su economía??",2019
ntc0kC9lI6A,@armandogonzalez885,2022-07-26 16:45:15+00:00,0,el mudo es injusto ser pobre es un delito,2019
ntc0kC9lI6A,@elpanaposting377,2021-05-18 23:10:57+00:00,1,"La biblia dice que en los últimos tiempos iban haber múltiples guerras, y tenia razón, israel con palestina, estados unidos en seguramente una futura guerra con rusia, etc",2019
ntc0kC9lI6A,@tincou7694,2021-05-21 20:44:28+00:00,0,Parece Gaza,2019
ntc0kC9lI6A,@julianpuzzo6559,2021-05-25 01:45:32+00:00,0,"Mas que separar a la UE de Africa, yo diría que separa a una colonia africana de España, del resto de Africa.
Las cosas por su nombre...!!!",2019
ntc0kC9lI6A,@dorkoize,2021-07-15 09:55:20+00:00,0,"No, la valla de España en España",2019
ntc0kC9lI6A,@ng8169,2022-07-20 18:59:00+00:00,0,"Estos inmigrantes ilegales si son los que necesitan un asilo en el país, no como los latinoamericanos que buscan el supuesto y anticuado sueño americano.",2019
ntc0kC9lI6A,@marielaaleiramh3819,2021-05-26 04:36:19+00:00,0,📻 go’s Del Trump,2019
ntc0kC9lI6A,@elsenorviciado106,2022-03-09 19:13:38+00:00,0,A pero si lo hiciera trump en vez de Obama o españa,2019
ntc0kC9lI6A,@moisesrodriguez5997,2022-07-27 15:48:28+00:00,0,Tanto q critics la valla hecha en los EUA 🇺🇸 inmigración los detienen los deportándole inmediatamente y no hay problemas pero aqui x todo es una crítica… Q ASCO 🤮,2019
ntc0kC9lI6A,@juandediossolar7645,2021-05-12 19:35:23+00:00,2,"España, Portugal e Italia necesitan construir muros más altos y reforzar la seguridad fronteriza. Porque si siguen así en unos años europa será enundada por los migrantes peor que EEUU, saludos desde Medellín Colombia....",2019
ntc0kC9lI6A,@aliag6471,2022-07-16 04:48:20+00:00,0,Hipócritas medios masivos de comunicación calladitos y a TRUMP si lo criticaban por el muro en la frontera de México,2019
ntc0kC9lI6A,@JuanCastro-td2jt,2022-07-26 08:03:36+00:00,0,Que la quiten y todos para Alemania Holanda Bélgica francia,2019
ntc0kC9lI6A,@lom1964,2023-02-03 12:09:29+00:00,0,"aora es Africa no es marruecos que lo spremiais........... africa?  BBC haceros mirar eso anda, volveis a hacer lo que hicisteis durante la epoca del descubrimiento, menospreciar a España porque no teniais bemoles....... tiraros al brexis que os va bien,",2019
ntc0kC9lI6A,@diegtria1,2022-07-19 20:54:30+00:00,0,"Mecanismos poco humanos, la doble moral muy común de los europeos.",2019
ntc0kC9lI6A,@pablogadea9539,2021-05-23 04:56:52+00:00,0,Yo me preguntó que carajo tiene que hacer un enclave de españa en ese territorio africano ? Un capricho nomas,2019
ntc0kC9lI6A,@rosavazquez6195,2022-07-24 03:32:29+00:00,0,Vergüenza de la humanidad,2019
ntc0kC9lI6A,@alejandroc.453,2021-04-05 00:11:09+00:00,0,Tanto que critican a USA con méxico y esta es la primera vez que veo que existe esta valla 🤡,2019
ntc0kC9lI6A,@andresrodriguez6028,2025-05-17 18:03:01+00:00,0,Adoro a los intelectuales opinando sobre problemas  est pi os. 😂😂😂😂😂,2019
ntc0kC9lI6A,@jaimevalenzuela2502,2022-07-20 21:40:11+00:00,0,Que generen empleos en Marruecos y Argelia,2019
ntc0kC9lI6A,@pedro.antoniomarinrozo1072,2022-07-21 00:10:58+00:00,0,Esto es como el calentamiento global la banaber negra por la sobre población,2019
ntc0kC9lI6A,@henryglzx,2022-07-23 21:00:19+00:00,0,en el futuro proximo se va a incrementar la migracion con mucha mas fuerza,2019
ntc0kC9lI6A,@santiagocamilollinasmathie4819,2021-06-15 17:02:28+00:00,0,devuelvan Melilla,2019
ntc0kC9lI6A,@alfredonunez4255,2022-07-20 01:49:09+00:00,1,"No me alegro pero España tiene por lo que ha pedido y le puede ir mejor en la dirección que van ,mejor means tener más de lo mismo . Desde Chicago.",2019
ntc0kC9lI6A,@javiervelascomarquez3225,2023-07-28 21:21:00+00:00,0,Lopera 🐔🐓.,2019
ntc0kC9lI6A,@profesorfundasinem2116,2022-08-01 03:00:14+00:00,0,¿Qué tiene este canal en contra de Europa? ¿porque quiere que sea invadida?,2019
ntc0kC9lI6A,@esthermedina9447,2021-05-20 09:09:57+00:00,0,Una trampa en toda regla!! Chantaje...,2019
ntc0kC9lI6A,@anamaryjuarez596,2021-05-21 00:25:43+00:00,0,"Que tristeza que tu país no pueda darte las garantías individuales que como ser humano mereces y tengas que salir a buscarlas a otro lugar en el que ya de entrada te ven con rechazo, carajo el planeta es de todos... Mi México va para allá con este abrojo de presidente 😡",2019
ntc0kC9lI6A,@hannialoria8811,2021-06-11 10:05:18+00:00,0,Europa no seas inumana,2019
ntc0kC9lI6A,@josehbhidalgo172,2021-05-19 19:48:18+00:00,0,"Lo extraño es que ninguno vaya a Gibraltar debe de ser porque los ingleses les dispararían en el acto
BBC es patetica",2019
ntc0kC9lI6A,@GaboT5,2021-05-19 04:49:31+00:00,0,"Pobres personas :( .... El mundo es para todos, malditas políticas, malditas fronteras",2019
ntc0kC9lI6A,@winziped,2021-05-30 20:34:56+00:00,0,"Hipócritas, con el muro de Trump hicieron muchos reclamos pero ustedes tienes muros y vallas como esta o la que hay en la frontera Turca , Rusa con Europa ..",2019
ntc0kC9lI6A,@forever24s,2022-07-18 00:47:30+00:00,0,Pero se dicen primermundistas  los de la ue y pregonan derechos humanos la verdad son hipocritas,2019
ntc0kC9lI6A,@gerardoaguirre4822,2021-05-19 02:20:48+00:00,0,"Los Europeos son muy suaves con la inmigración, deportación no es malo, si no haces las cosas bien, las regresas a su casa, no hay donde perderse, no jodan",2019
ntc0kC9lI6A,@chalanlopez7632,2022-07-26 19:33:18+00:00,0,Los invasores no quieren ser invadidos asi como dise el dicho quieres ver enojado a un vandido rovale a el,2019
ntc0kC9lI6A,@gerson4297,2022-07-30 04:10:50+00:00,0,tipico de los europeos,2019
ntc0kC9lI6A,@familiamdlr1985,2021-10-05 14:35:37+00:00,1,"Melilla ciudad de marreucos, y’a que está en marruecos",2019
ntc0kC9lI6A,@thiagomota6183,2021-05-06 00:07:46+00:00,0,UE dentro de África,2019
ntc0kC9lI6A,@AFLnewsNtruthatstorytime,2022-07-15 12:18:55+00:00,0,Esta jente miente,2019
ntc0kC9lI6A,@eduardoherrera4894,2022-07-14 16:07:45+00:00,0,y entonces como juzgan las acciones del mundo cuando tratan alos seres humanos como animales?? culpan a marruecos de salvajes con dinero europeo. hipocrecia no existe en español creo,2019
ntc0kC9lI6A,@NachodeRamos,2022-07-16 21:42:48+00:00,0,Porqué Gibraltar es una colonia y Ceuta no?,2019
ntc0kC9lI6A,@busoshokuryou,2021-05-29 05:36:45+00:00,0,Así nos va. Apelando al sentimentalismo... Venga no me toques los cojones...,2019
ntc0kC9lI6A,@manuelfernandez862,2021-05-20 19:04:29+00:00,0,Esto es culpa de Marruecos lo que quiere es que España se desesperé y se vaya y Marruecos quedarse con el territorio .,2019
ntc0kC9lI6A,@juansanchez1590,2022-07-19 16:11:35+00:00,0,Gracias Europa los españoles estamos súper contento de ser invadidos,2019
ntc0kC9lI6A,@danielgarciatorres6504,2021-04-04 17:26:52+00:00,0,Y son rateros ademas jajaj,2019
ntc0kC9lI6A,@mariagb6129,2022-03-29 15:10:57+00:00,0,Luego tenéis la cara de acusar a España de racismo,2019
ntc0kC9lI6A,@corochoquejuanbautistar.8380,2022-06-27 12:45:32+00:00,0,"DW>BBC,  sus documentales son una burla a la palabra",2019
ntc0kC9lI6A,@mehassanb,2021-05-26 14:10:19+00:00,0,"Ceuta y Melilla son dos ciudades marroquíes ocupadas por los españoles , esta es la verdad",2019
ntc0kC9lI6A,@tonyolguin9435,2021-05-18 12:44:40+00:00,0,"Que poca madre , primero van y los saquean hasta su máxima expresión  y luego ...... nada mas se van , y dejan su pinch3 religión y la brutalidad de su dizque modernidad , que tristeza ver como se sigue "" olvidando"" los crímenes de ocupación """,2019
ntc0kC9lI6A,@Julissamendozahna,2021-05-20 03:02:40+00:00,0,Cuando vamos a evolucionar lo suficiente para que no existan fronteras!! 😭😭😭😭,2019
ntc0kC9lI6A,@joseba5061,2022-06-28 11:44:34+00:00,0,viva las fuerzas de seguridad del Estado.,2019
ntc0kC9lI6A,@javencera,2021-04-28 16:18:13+00:00,0,Marruecos: el Mexico de africa....,2019
ntc0kC9lI6A,@juanignaciosanchezvalenzuela,2022-07-10 23:45:00+00:00,0,"ESPAÑA habla de una leyenda contra ellos, si tal vez, defiende como argumento que ellos fundaban ciudades y no exterminaron indígenas como los anglosajones,  favorecieron el mestizaje en latinoamerica , pero parece que el mestizaje a domicilio ya no les pareció,",2019
ntc0kC9lI6A,@RosannaParedes-od2zx,2023-08-13 18:07:33+00:00,0,"Ironía de esta vida tan injusta, España tiene territorio en Marruecos y los marroquíes cuando quieren cruzar ese territorio (que les pertenece) son tratados de forma inhumana! A la mmm todas las vallas y muros!",2019
ntc0kC9lI6A,@pepitaperez1272,2021-05-20 03:50:38+00:00,0,Que se dejen de tantos cuentos los marroquíes. Sabemos que este es un asunto político que tiene que ver con el apoyo de España a la República Saharaui. Mucho cuidado con estás extorsiones. Cero tolerancia al gobierno de Marruecos.,2019
ntc0kC9lI6A,@gadarenogadara1673,2021-07-18 11:09:46+00:00,0,Solo los asesinos ponen una valla asi,2019
ntc0kC9lI6A,@janiaflores9013,2021-05-23 12:54:35+00:00,0,"Que triste, solo quieren tener una mejor vida, me hizo llorar 😢.",2019
ntc0kC9lI6A,@vimergastelum4613,2022-07-13 16:43:02+00:00,0,"yo como ser humano y fui inmigrante  aqui en estados unidos entiendo a esas personas que : tambien sienten, tienen corazon  son seres humanos como nosotros ,: porque no darles una oportunidad que en su pais no tienen, porque ser tan abusivos con ellos , porque los gobiernos de esos paises son tan inhumanos . DIOS BENDIGA A TODOS LOS SERES HUMANOS DESPROTEJIDOS POR OTROS QUE NO TIENEN COMPACION POR ELLOS.",2019
ntc0kC9lI6A,@sofiacastillo1533,2022-07-23 19:37:58+00:00,0,Esa está más fea que la de Estados Unidos,2019
ntc0kC9lI6A,@RiverCityRansom36,2022-07-09 01:25:16+00:00,0,Los humanos inventaron las fronteras,2019
ntc0kC9lI6A,@simonjavieriglesiasandres5192,2022-07-08 12:02:48+00:00,0,"La Ley es para todos.
 Viva la policia",2019
ntc0kC9lI6A,@rafaeleliecermoreno2510,2021-04-21 05:05:33+00:00,0,Que hacen los españoles en africa,2019
ntc0kC9lI6A,@evertars,2021-05-14 12:54:53+00:00,0,Dale like si odias los anuncios de youtube.,2019
ntc0kC9lI6A,@mariagb6129,2022-03-03 14:37:50+00:00,0,Invasión,2019
ntc0kC9lI6A,@smartkitville7167,2021-07-21 16:37:46+00:00,0,"Para luego agradecer la acogida viviendo del cuento como Menas, robando a los turistas o cometiendo atentados terroristas en Las Ramblas. Que los acoja su rey en sus palacios.",2019
ntc0kC9lI6A,@JohnRios2And,2021-05-18 17:05:12+00:00,0,ONU igual a CACA,2019
ntc0kC9lI6A,@m0hamedabdalhetanjawi647,2021-05-21 19:38:15+00:00,1,🇲🇦🇲🇦🇲🇦🇲🇦💪💪💪,2019
ntc0kC9lI6A,@avantos6738,2022-07-16 11:02:14+00:00,0,Se podrían disfrazar de ucranianos...,2019
ntc0kC9lI6A,@GOKU-dz8lm,2022-11-03 09:29:35+00:00,0,MUCHO MAS COMO LAS DE ISRAEL ESO COLOCARÍA 🇬🇧👎🐷) 🇪🇦🇪🇦🇪🇦🇪🇦,2019
ntc0kC9lI6A,@josechino4704,2021-06-27 13:30:29+00:00,0,Vienen a enamorar las mujeres y convertirlas al Islam.,2019
ntc0kC9lI6A,@nohrarodriguez6959,2022-07-20 15:49:45+00:00,0,Qué vergüenza España!,2019
ntc0kC9lI6A,@maximomartinez8596,2022-07-16 12:58:41+00:00,0,A mi me da verguenza españa pais que toda la vida ah practicado barbaries contra otros paises. Hablas de ilegalidad cundo nosotros hemos hecho barbaries a rededor del mundo.,2019
ntc0kC9lI6A,@toyo3826,2023-08-22 09:14:37+00:00,0,"Melilla terras mareucos,💥",2019
ntc0kC9lI6A,@henry4237,2021-04-28 15:09:21+00:00,0,Este tipo de fronteras hay que solicitar la entre Colombia y Venezuela.,2019
ntc0kC9lI6A,@vardangrigoryan4469,2021-05-18 16:10:51+00:00,0,No dejeis que entren !!!,2019
ntc0kC9lI6A,@blackryu21,2022-07-14 20:01:09+00:00,0,"Todo gracias a las políticas leves del corrupto Marruecos.

En ves de hacer ver a España como lo peor , se debería de centrar en el problema marroquí",2019
ntc0kC9lI6A,@sweetm2381,2021-05-18 14:55:10+00:00,0,Y España volviendose más pobre,2019
ntc0kC9lI6A,@dog2379,2022-07-17 09:28:27+00:00,0,España es africana europa es de Francia arriba,2019
ntc0kC9lI6A,@baristavic,2022-08-13 04:01:38+00:00,1,Deberían reitirarse de ese territorio,2019
ntc0kC9lI6A,@4life_project,2021-05-22 22:18:41+00:00,0,La historia misma dice que los españoles nunca respetaron los derechos humanos.,2019
ntc0kC9lI6A,@Lukelefor,2021-05-19 20:44:37+00:00,0,"Y no es más sencillo que entreguen esas ciudades a Marruecos, al fin y al cabo les entregaron (de facto) territorios mucho más extensos en el sahara. Entiendo que la península tiene la capacidad logística para acomodar en condiciones más o menos similares a los españoles de dichas ciudades.",2019
ntc0kC9lI6A,@AntonioGarcia-ni5fd,2021-05-19 13:03:09+00:00,0,"Lo.que no entiendo  , es porque tanto afan por Melilla o Ceuta , que aunque pertenecen a Europa , aun  estan  en Africa !!",2019
ntc0kC9lI6A,@alanpro3261,2021-05-23 17:19:15+00:00,0,Los colonizadores no quieren ser colonizados buenos para invadir pero que no sean invadidos,2019
ntc0kC9lI6A,@marinobaron,2021-05-22 08:50:53+00:00,0,"Soy extranjero y vivo en España. Lo que de verdad no entiendo es porque no le regala Ceuta y Melilla a los africanos y ya. Se acabó. Luego solo hay que hacer una barrera para que nadie entre a Europa y no contestar al teléfono. Boh, así de sencillo… si alguien sabe porque no lo hacen que me lo explique por favor. Gracias",2019
ntc0kC9lI6A,@victorguadarrama4796,2021-05-04 20:10:19+00:00,1,"América para los americanos 
África para los africanos 
Asía para los asiáticos 
Y Europa para los EUROPEOS",2019
ntc0kC9lI6A,@levisescobar8611,2022-11-27 16:17:12+00:00,0,"Cuantos Muros tienen el Mundo, elmas famoso fue el de Alemania",2019
ntc0kC9lI6A,@adilelaoufi,2021-05-29 02:51:03+00:00,0,"from lybia, Tunesia, Algeria ,Morocco and Mauritania we have the same Language and culture and religion and we have always dreaming to bee a Maghreb Union to develop our country's and Ceuta and Mellilia are the only cities that prevent us from starting these Maghrebs union ,what are they looking for with their ugly wall as a borderline with Morocco ,Spain is in Europe continent and not in Africa continent.give the city's what you steal Morocco back.",2019
ntc0kC9lI6A,@akroppoli,2022-06-29 05:45:32+00:00,0,España terminara con esto restituendo las 2 ciudades africanas ocupadas,2019
ntc0kC9lI6A,@hermann2020,2024-07-07 15:08:19+00:00,0,"Esto es similar a lo que Vive Chile con Argentina El Peru y Bolivia que siempre han querido nuestros angosto territorio  de hecho la Patagonia segun el Reino de Chile era completamnet territorio del reino de Chile y e incluso las falklands o islas  Sebaldinas  verdadero nombre por eso en Chile somos aliados  tanto de España,  Reino unido e Israel a pesar de tener la colonia mas grande en el mundo de Palestinos 800.000",2019
ntc0kC9lI6A,@MB-su6bv,2021-05-13 21:35:00+00:00,0,"Pero quien es el tonto que ha hecho esto, no pongas vallas con agujeros, planchas de metal lisas a las que no se puedan agarrar o barrotes gruesos verticales son más efectivos x q no tienen de donde trepar",2019
ntc0kC9lI6A,@Insertcoin99,2021-05-15 14:10:11+00:00,0,"Pero que necesidad muchachos, después de todo lo que le robaron a África ponerse en estos gastos. 
La valla de Micky Vainilla.",2019
ntc0kC9lI6A,@paisgeneroso4800,2022-07-17 02:39:26+00:00,0,Todos negros,2019
ntc0kC9lI6A,@jorditishri1760,2021-07-05 17:45:16+00:00,0,"En España no pueden entrar mas personas extranjeras, tenemos 6 millones de parados",2019
ntc0kC9lI6A,@diegoesquivel8548,2021-05-23 04:10:40+00:00,0,Se nos olvida que los migrantes también son seres humanos 😐,2019
ntc0kC9lI6A,@jacosoles7474,2021-05-19 00:36:40+00:00,1,Esa gente solo está recuperando lo que les robaron,2019
ntc0kC9lI6A,@JosueRodriguezsharon,2021-05-19 13:01:35+00:00,0,España paga sus pecados,2019
ntc0kC9lI6A,@victorh.ch.2404,2021-05-15 20:03:21+00:00,0,SE ACUERDAN DEL MURO DE BERLIN Y LAS GUEBADAS QUE SE HABLARON DE ELLA.....  Y AHORA MIREN QUIENES SON LOS QUE CONSTRUYEN MUROS.....  ironico,2019
ntc0kC9lI6A,@hajiraabel3825,2022-11-07 21:44:07+00:00,0,Dernières colonies espagnoles en Afrique,2019
ntc0kC9lI6A,@Geminisz87,2021-05-18 14:07:14+00:00,0,La doble moral de los países europeos criticando a Donald Trump cuando hacen lo mismo o quizás peor,2019
ntc0kC9lI6A,@juanjosedelatorre65,2021-05-21 14:25:47+00:00,0,Si Melilla está en África...es de los africanos. No es de España.,2019
ntc0kC9lI6A,@Vaacharte,2024-02-29 00:54:25+00:00,0,no habrán colonizado melilla también porq son bravos los gallegos.Sino recuerden a COLON EN AMERICA.,2019
ntc0kC9lI6A,@MIGUEL-kf5pr,2021-05-19 07:52:59+00:00,0,Pero si Ceuta y Melilla debieran ser Marroquí yo siempre e dicho que son y están en Marruecos,2019
ntc0kC9lI6A,@adilelaoufi,2021-05-26 08:14:45+00:00,0,"If Europe's greed is questioning its entire future and economy, Spain is far from the Canary Islands, just like the two towns of Melilia and Ceuta, which are in Morocco, if these two towns were Europaëch, then Spain should be part of Africa and not Europe exploitation, you can see why Africa could never develop. I am just saying, thanks to our dear neighbours, Europe. I wonder how Spain will feel when Morocco takes or possesses Madrid and Barcelona, and also a huge wall as a border between these two towns and the rest of Morocco. Spain has no place in Morocco (Africa). Go out and return both city's to Morocco.",2019
ntc0kC9lI6A,@mariogalmu6588,2022-07-20 22:09:31+00:00,0,España es un país muy racista!!,2019
ntc0kC9lI6A,@jhonsonolvera,2021-05-18 14:05:56+00:00,0,Apoco  españa   tiene territorios  fuera  de la  españa  continental    no  bueno   .,2019
ntc0kC9lI6A,@strobo1984,2021-05-19 17:01:58+00:00,0,"Saquearon África durante años y ahora estás son las consecuencias y se enojan de que las personas quieran ir del otro lado, háganse responsables.",2019
ntc0kC9lI6A,@karlosralez7023,2021-05-18 16:37:05+00:00,0,Los españoles en específico y los europeos en general tienen su muro de Berlín. No entiendo cómo justifican eso?,2019
ntc0kC9lI6A,@pedrosalazar8644,2021-07-15 22:33:46+00:00,0,"What a horror Spain continues as an imperialist power
Morocco does nothing different from Spain
A horror.",2019
ntc0kC9lI6A,@elcaminodeunemprendedor,2021-05-14 17:00:52+00:00,0,En el mundo anglo sajón siempre ha habido racismo,2019
ntc0kC9lI6A,@angyoconner5489,2021-05-13 15:46:35+00:00,0,Muere mas gente cruzando de mexico a estados unidos,2019
ntc0kC9lI6A,@TheKamejo,2021-05-16 09:59:57+00:00,0,Video comunista,2019
ntc0kC9lI6A,@armando3965,2021-05-31 05:29:59+00:00,0,Lo mejor es regalarle toda África a Reino Unido... los reto a que me digan una sola Colonia británica que no sea un país desarrollado,2019
ntc0kC9lI6A,@juanjosebiondi,2021-04-23 17:32:56+00:00,0,Ceuta y Melilla 100% marroquí,2019
ntc0kC9lI6A,@Xavier-ty4jw,2022-12-08 23:03:41+00:00,0,Melilla no es Española,2019
ntc0kC9lI6A,@Qnmlvm007,2023-04-08 16:54:51+00:00,0,SAHRA MARROQUI !!!!!,2019
ntc0kC9lI6A,@cientificobronceqfbmg1230,2022-07-21 19:28:57+00:00,0,"Eso es racista, en 🇲🇽 no hacemos eso nosotros les ayudamos. Porqué por ser afros. Cómo no se ponen así contra los ingleses que les quitaron Gibraltar",2019
ntc0kC9lI6A,@tourinachafik607,2022-03-19 20:38:42+00:00,0,primero ceuta  y melilia es africanas,2019
ntc0kC9lI6A,@lucianoalexisledesma4595,2021-05-19 01:01:13+00:00,0,España es uno de los países más racistas de Europa. Si tienes piel oscura indeferentemente del país que provengas hay altas probabilidades de que en el Aeropuerto te aparten,2019
