comunidad,año,ambito,delitos
Andalucía,2024,ANTIGITANISMO,4
Andalucía,2023,ANTIGITANISMO,11
Andalucía,2022,ANTIGITANISMO,4
Andalucía,2021,ANTIGITANISMO,3
Andalucía,2020,ANTIGITANISMO,2
Andalucía,2019,ANTIGITANISMO,3
Andalucía,2018,ANTIGITANISMO,0
Andalucía,2017,ANTIGITANISMO,0
Andalucía,2016,ANTIGITANISMO,0
Andalucía,2015,ANTIGITANISMO,0
Andalucía,2014,ANTIGITANISMO,0
Andalucía,2024,ANTISEMITISMO,2
Andalucía,2023,ANTISEMITISMO,11
Andalucía,2022,ANTISEMITISMO,0
Andalucía,2021,ANTISEMITISMO,1
Andalucía,2020,ANTISEMITISMO,0
Andalucía,2019,ANTISEMITISMO,0
Andalucía,2018,ANTISEMITISMO,2
Andalucía,2017,ANTISEMITISMO,0
Andalucía,2016,ANTISEMITISMO,1
Andalucía,2015,ANTISEMITISMO,0
Andalucía,2014,ANTISEMITISMO,3
Andalucía,2024,APOROFOBIA,4
Andalucía,2023,APOROFOBIA,5
Andalucía,2022,APOROFOBIA,3
Andalucía,2021,APOROFOBIA,0
Andalucía,2020,APOROFOBIA,0
Andalucía,2019,APOROFOBIA,3
Andalucía,2018,APOROFOBIA,3
Andalucía,2017,APOROFOBIA,3
Andalucía,2016,APOROFOBIA,1
Andalucía,2015,APOROFOBIA,0
Andalucía,2014,APOROFOBIA,2
Andalucía,2024,CREENCIAS O PRÁCTICAS RELIGIOSAS,7
Andalucía,2023,CREENCIAS O PRÁCTICAS RELIGIOSAS,8
Andalucía,2022,CREENCIAS O PRÁCTICAS RELIGIOSAS,9
Andalucía,2021,CREENCIAS O PRÁCTICAS RELIGIOSAS,9
Andalucía,2020,CREENCIAS O PRÁCTICAS RELIGIOSAS,4
Andalucía,2019,CREENCIAS O PRÁCTICAS RELIGIOSAS,7
Andalucía,2018,CREENCIAS O PRÁCTICAS RELIGIOSAS,6
Andalucía,2017,CREENCIAS O PRÁCTICAS RELIGIOSAS,18
Andalucía,2016,CREENCIAS O PRÁCTICAS RELIGIOSAS,4
Andalucía,2015,CREENCIAS O PRÁCTICAS RELIGIOSAS,5
Andalucía,2014,CREENCIAS O PRÁCTICAS RELIGIOSAS,3
Andalucía,2024,DISFOBIA,5
Andalucía,2023,DISFOBIA,4
Andalucía,2022,DISFOBIA,4
Andalucía,2021,DISFOBIA,8
Andalucía,2020,DISFOBIA,5
Andalucía,2019,DISFOBIA,12
Andalucía,2018,DISFOBIA,2
Andalucía,2017,DISFOBIA,3
Andalucía,2016,DISFOBIA,58
Andalucía,2015,DISFOBIA,42
Andalucía,2014,DISFOBIA,42
Andalucía,2024,DISCRIMINACIÓN GENERACIONAL,2
Andalucía,2023,DISCRIMINACIÓN GENERACIONAL,1
Andalucía,2022,DISCRIMINACIÓN GENERACIONAL,4
Andalucía,2021,DISCRIMINACIÓN GENERACIONAL,1
Andalucía,2020,DISCRIMINACIÓN GENERACIONAL,2
Andalucía,2019,DISCRIMINACIÓN GENERACIONAL,0
Andalucía,2018,DISCRIMINACIÓN GENERACIONAL,2
Andalucía,2017,DISCRIMINACIÓN GENERACIONAL,0
Andalucía,2016,DISCRIMINACIÓN GENERACIONAL,0
Andalucía,2015,DISCRIMINACIÓN GENERACIONAL,0
Andalucía,2014,DISCRIMINACIÓN GENERACIONAL,0
Andalucía,2024,DISCRIMINACIÓN POR RAZÓN DE ENFERMEDAD,2
Andalucía,2023,DISCRIMINACIÓN POR RAZÓN DE ENFERMEDAD,4
Andalucía,2022,DISCRIMINACIÓN POR RAZÓN DE ENFERMEDAD,0
Andalucía,2021,DISCRIMINACIÓN POR RAZÓN DE ENFERMEDAD,8
Andalucía,2020,DISCRIMINACIÓN POR RAZÓN DE ENFERMEDAD,2
Andalucía,2019,DISCRIMINACIÓN POR RAZÓN DE ENFERMEDAD,2
Andalucía,2018,DISCRIMINACIÓN POR RAZÓN DE ENFERMEDAD,2
Andalucía,2017,DISCRIMINACIÓN POR RAZÓN DE ENFERMEDAD,0
Andalucía,2016,DISCRIMINACIÓN POR RAZÓN DE ENFERMEDAD,0
Andalucía,2015,DISCRIMINACIÓN POR RAZÓN DE ENFERMEDAD,0
Andalucía,2014,DISCRIMINACIÓN POR RAZÓN DE ENFERMEDAD,0
Andalucía,2024,DISCRIMINACIÓN POR RAZÓN DE SEXO/GÉNERO,21
Andalucía,2023,DISCRIMINACIÓN POR RAZÓN DE SEXO/GÉNERO,33
Andalucía,2022,DISCRIMINACIÓN POR RAZÓN DE SEXO/GÉNERO,21
Andalucía,2021,DISCRIMINACIÓN POR RAZÓN DE SEXO/GÉNERO,11
Andalucía,2020,DISCRIMINACIÓN POR RAZÓN DE SEXO/GÉNERO,9
Andalucía,2019,DISCRIMINACIÓN POR RAZÓN DE SEXO/GÉNERO,14
Andalucía,2018,DISCRIMINACIÓN POR RAZÓN DE SEXO/GÉNERO,19
Andalucía,2017,DISCRIMINACIÓN POR RAZÓN DE SEXO/GÉNERO,4
Andalucía,2016,DISCRIMINACIÓN POR RAZÓN DE SEXO/GÉNERO,2
Andalucía,2015,DISCRIMINACIÓN POR RAZÓN DE SEXO/GÉNERO,2
Andalucía,2014,DISCRIMINACIÓN POR RAZÓN DE SEXO/GÉNERO,0
Andalucía,2024,IDEOLOGIA,8
Andalucía,2023,IDEOLOGIA,36
Andalucía,2022,IDEOLOGIA,17
Andalucía,2021,IDEOLOGIA,32
Andalucía,2020,IDEOLOGIA,48
Andalucía,2019,IDEOLOGIA,47
Andalucía,2018,IDEOLOGIA,46
Andalucía,2017,IDEOLOGIA,25
Andalucía,2016,IDEOLOGIA,14
Andalucía,2015,IDEOLOGIA,28
Andalucía,2014,IDEOLOGIA,0
Andalucía,2024,ISLAMOFOBIA,5
Andalucía,2023,ISLAMOFOBIA,0
Andalucía,2022,ISLAMOFOBIA,0
Andalucía,2021,ISLAMOFOBIA,0
Andalucía,2020,ISLAMOFOBIA,0
Andalucía,2019,ISLAMOFOBIA,0
Andalucía,2018,ISLAMOFOBIA,0
Andalucía,2017,ISLAMOFOBIA,0
Andalucía,2016,ISLAMOFOBIA,0
Andalucía,2015,ISLAMOFOBIA,0
Andalucía,2014,ISLAMOFOBIA,0
Andalucía,2024,ORIENTACIÓN SEXUAL E IDENTIDAD DE GÉNERO,81
Andalucía,2023,ORIENTACIÓN SEXUAL E IDENTIDAD DE GÉNERO,80
Andalucía,2022,ORIENTACIÓN SEXUAL E IDENTIDAD DE GÉNERO,68
Andalucía,2021,ORIENTACIÓN SEXUAL E IDENTIDAD DE GÉNERO,64
Andalucía,2020,ORIENTACIÓN SEXUAL E IDENTIDAD DE GÉNERO,36
Andalucía,2019,ORIENTACIÓN SEXUAL E IDENTIDAD DE GÉNERO,42
Andalucía,2018,ORIENTACIÓN SEXUAL E IDENTIDAD DE GÉNERO,36
Andalucía,2017,ORIENTACIÓN SEXUAL E IDENTIDAD DE GÉNERO,18
Andalucía,2016,ORIENTACIÓN SEXUAL E IDENTIDAD DE GÉNERO,30
Andalucía,2015,ORIENTACIÓN SEXUAL E IDENTIDAD DE GÉNERO,15
Andalucía,2014,ORIENTACIÓN SEXUAL E IDENTIDAD DE GÉNERO,188
Andalucía,2024,RACISMO/XENOFOBIA,82
Andalucía,2023,RACISMO/XENOFOBIA,137
Andalucía,2022,RACISMO/XENOFOBIA,77
Andalucía,2021,RACISMO/XENOFOBIA,54
Andalucía,2020,RACISMO/XENOFOBIA,48
Andalucía,2019,RACISMO/XENOFOBIA,71
Andalucía,2018,RACISMO/XENOFOBIA,47
Andalucía,2017,RACISMO/XENOFOBIA,64
Andalucía,2016,RACISMO/XENOFOBIA,42
Andalucía,2015,RACISMO/XENOFOBIA,50
Andalucía,2014,RACISMO/XENOFOBIA,59
Andalucía,2024,TOTAL ámbitos,223
Andalucía,2023,TOTAL ámbitos,330
Andalucía,2022,TOTAL ámbitos,207
Andalucía,2021,TOTAL ámbitos,191
Andalucía,2020,TOTAL ámbitos,156
Andalucía,2019,TOTAL ámbitos,201
Andalucía,2018,TOTAL ámbitos,165
Andalucía,2017,TOTAL ámbitos,135
Andalucía,2016,TOTAL ámbitos,152
Andalucía,2015,TOTAL ámbitos,142
Andalucía,2014,TOTAL ámbitos,297
Aragón,2024,ANTIGITANISMO,0
Aragón,2023,ANTIGITANISMO,2
Aragón,2022,ANTIGITANISMO,2
Aragón,2021,ANTIGITANISMO,0
Aragón,2020,ANTIGITANISMO,1
Aragón,2019,ANTIGITANISMO,0
Aragón,2018,ANTIGITANISMO,0
Aragón,2017,ANTIGITANISMO,0
Aragón,2016,ANTIGITANISMO,0
Aragón,2015,ANTIGITANISMO,0
Aragón,2014,ANTIGITANISMO,0
Aragón,2024,ANTISEMITISMO,1
Aragón,2023,ANTISEMITISMO,0
Aragón,2022,ANTISEMITISMO,0
Aragón,2021,ANTISEMITISMO,0
Aragón,2020,ANTISEMITISMO,0
Aragón,2019,ANTISEMITISMO,0
Aragón,2018,ANTISEMITISMO,0
Aragón,2017,ANTISEMITISMO,0
Aragón,2016,ANTISEMITISMO,0
Aragón,2015,ANTISEMITISMO,0
Aragón,2014,ANTISEMITISMO,0
Aragón,2024,APOROFOBIA,0
Aragón,2023,APOROFOBIA,0
Aragón,2022,APOROFOBIA,1
Aragón,2021,APOROFOBIA,0
Aragón,2020,APOROFOBIA,0
Aragón,2019,APOROFOBIA,0
Aragón,2018,APOROFOBIA,0
Aragón,2017,APOROFOBIA,1
Aragón,2016,APOROFOBIA,0
Aragón,2015,APOROFOBIA,2
Aragón,2014,APOROFOBIA,1
Aragón,2024,CREENCIAS O PRÁCTICAS RELIGIOSAS,2
Aragón,2023,CREENCIAS O PRÁCTICAS RELIGIOSAS,0
Aragón,2022,CREENCIAS O PRÁCTICAS RELIGIOSAS,2
Aragón,2021,CREENCIAS O PRÁCTICAS RELIGIOSAS,0
Aragón,2020,CREENCIAS O PRÁCTICAS RELIGIOSAS,0
Aragón,2019,CREENCIAS O PRÁCTICAS RELIGIOSAS,2
Aragón,2018,CREENCIAS O PRÁCTICAS RELIGIOSAS,1
Aragón,2017,CREENCIAS O PRÁCTICAS RELIGIOSAS,1
Aragón,2016,CREENCIAS O PRÁCTICAS RELIGIOSAS,0
Aragón,2015,CREENCIAS O PRÁCTICAS RELIGIOSAS,0
Aragón,2014,CREENCIAS O PRÁCTICAS RELIGIOSAS,3
Aragón,2024,DISFOBIA,2
Aragón,2023,DISFOBIA,0
Aragón,2022,DISFOBIA,0
Aragón,2021,DISFOBIA,0
Aragón,2020,DISFOBIA,2
Aragón,2019,DISFOBIA,1
Aragón,2018,DISFOBIA,0
Aragón,2017,DISFOBIA,0
Aragón,2016,DISFOBIA,11
Aragón,2015,DISFOBIA,11
Aragón,2014,DISFOBIA,1
Aragón,2024,DISCRIMINACIÓN GENERACIONAL,0
Aragón,2023,DISCRIMINACIÓN GENERACIONAL,0
Aragón,2022,DISCRIMINACIÓN GENERACIONAL,0
Aragón,2021,DISCRIMINACIÓN GENERACIONAL,1
Aragón,2020,DISCRIMINACIÓN GENERACIONAL,1
Aragón,2019,DISCRIMINACIÓN GENERACIONAL,0
Aragón,2018,DISCRIMINACIÓN GENERACIONAL,0
Aragón,2017,DISCRIMINACIÓN GENERACIONAL,0
Aragón,2016,DISCRIMINACIÓN GENERACIONAL,0
Aragón,2015,DISCRIMINACIÓN GENERACIONAL,0
Aragón,2014,DISCRIMINACIÓN GENERACIONAL,0
Aragón,2024,DISCRIMINACIÓN POR RAZÓN DE ENFERMEDAD,0
Aragón,2023,DISCRIMINACIÓN POR RAZÓN DE ENFERMEDAD,0
Aragón,2022,DISCRIMINACIÓN POR RAZÓN DE ENFERMEDAD,0
Aragón,2021,DISCRIMINACIÓN POR RAZÓN DE ENFERMEDAD,0
Aragón,2020,DISCRIMINACIÓN POR RAZÓN DE ENFERMEDAD,1
Aragón,2019,DISCRIMINACIÓN POR RAZÓN DE ENFERMEDAD,0
Aragón,2018,DISCRIMINACIÓN POR RAZÓN DE ENFERMEDAD,0
Aragón,2017,DISCRIMINACIÓN POR RAZÓN DE ENFERMEDAD,0
Aragón,2016,DISCRIMINACIÓN POR RAZÓN DE ENFERMEDAD,0
Aragón,2015,DISCRIMINACIÓN POR RAZÓN DE ENFERMEDAD,0
Aragón,2014,DISCRIMINACIÓN POR RAZÓN DE ENFERMEDAD,0
Aragón,2024,DISCRIMINACIÓN POR RAZÓN DE SEXO/GÉNERO,0
Aragón,2023,DISCRIMINACIÓN POR RAZÓN DE SEXO/GÉNERO,0
Aragón,2022,DISCRIMINACIÓN POR RAZÓN DE SEXO/GÉNERO,1
Aragón,2021,DISCRIMINACIÓN POR RAZÓN DE SEXO/GÉNERO,5
Aragón,2020,DISCRIMINACIÓN POR RAZÓN DE SEXO/GÉNERO,1
Aragón,2019,DISCRIMINACIÓN POR RAZÓN DE SEXO/GÉNERO,0
Aragón,2018,DISCRIMINACIÓN POR RAZÓN DE SEXO/GÉNERO,1
Aragón,2017,DISCRIMINACIÓN POR RAZÓN DE SEXO/GÉNERO,0
Aragón,2016,DISCRIMINACIÓN POR RAZÓN DE SEXO/GÉNERO,0
Aragón,2015,DISCRIMINACIÓN POR RAZÓN DE SEXO/GÉNERO,0
Aragón,2014,DISCRIMINACIÓN POR RAZÓN DE SEXO/GÉNERO,0
Aragón,2024,IDEOLOGIA,10
Aragón,2023,IDEOLOGIA,10
Aragón,2022,IDEOLOGIA,5
Aragón,2021,IDEOLOGIA,6
Aragón,2020,IDEOLOGIA,6
Aragón,2019,IDEOLOGIA,17
Aragón,2018,IDEOLOGIA,11
Aragón,2017,IDEOLOGIA,17
Aragón,2016,IDEOLOGIA,4
Aragón,2015,IDEOLOGIA,6
Aragón,2014,IDEOLOGIA,0
Aragón,2024,ISLAMOFOBIA,0
Aragón,2023,ISLAMOFOBIA,0
Aragón,2022,ISLAMOFOBIA,0
Aragón,2021,ISLAMOFOBIA,0
Aragón,2020,ISLAMOFOBIA,0
Aragón,2019,ISLAMOFOBIA,0
Aragón,2018,ISLAMOFOBIA,0
Aragón,2017,ISLAMOFOBIA,0
Aragón,2016,ISLAMOFOBIA,0
Aragón,2015,ISLAMOFOBIA,0
Aragón,2014,ISLAMOFOBIA,0
Aragón,2024,ORIENTACIÓN SEXUAL E IDENTIDAD DE GÉNERO,13
Aragón,2023,ORIENTACIÓN SEXUAL E IDENTIDAD DE GÉNERO,15
Aragón,2022,ORIENTACIÓN SEXUAL E IDENTIDAD DE GÉNERO,9
Aragón,2021,ORIENTACIÓN SEXUAL E IDENTIDAD DE GÉNERO,13
Aragón,2020,ORIENTACIÓN SEXUAL E IDENTIDAD DE GÉNERO,3
Aragón,2019,ORIENTACIÓN SEXUAL E IDENTIDAD DE GÉNERO,2
Aragón,2018,ORIENTACIÓN SEXUAL E IDENTIDAD DE GÉNERO,6
Aragón,2017,ORIENTACIÓN SEXUAL E IDENTIDAD DE GÉNERO,3
Aragón,2016,ORIENTACIÓN SEXUAL E IDENTIDAD DE GÉNERO,5
Aragón,2015,ORIENTACIÓN SEXUAL E IDENTIDAD DE GÉNERO,4
Aragón,2014,ORIENTACIÓN SEXUAL E IDENTIDAD DE GÉNERO,36
Aragón,2024,RACISMO/XENOFOBIA,24
Aragón,2023,RACISMO/XENOFOBIA,14
Aragón,2022,RACISMO/XENOFOBIA,11
Aragón,2021,RACISMO/XENOFOBIA,15
Aragón,2020,RACISMO/XENOFOBIA,10
Aragón,2019,RACISMO/XENOFOBIA,15
Aragón,2018,RACISMO/XENOFOBIA,14
Aragón,2017,RACISMO/XENOFOBIA,9
Aragón,2016,RACISMO/XENOFOBIA,8
Aragón,2015,RACISMO/XENOFOBIA,9
Aragón,2014,RACISMO/XENOFOBIA,9
Aragón,2024,TOTAL ámbitos,52
Aragón,2023,TOTAL ámbitos,41
Aragón,2022,TOTAL ámbitos,31
Aragón,2021,TOTAL ámbitos,40
Aragón,2020,TOTAL ámbitos,25
Aragón,2019,TOTAL ámbitos,37
Aragón,2018,TOTAL ámbitos,33
Aragón,2017,TOTAL ámbitos,31
Aragón,2016,TOTAL ámbitos,28
Aragón,2015,TOTAL ámbitos,32
Aragón,2014,TOTAL ámbitos,50
Asturias,2024,ANTIGITANISMO,1
Asturias,2023,ANTIGITANISMO,1
Asturias,2022,ANTIGITANISMO,0
Asturias,2021,ANTIGITANISMO,0
Asturias,2020,ANTIGITANISMO,1
Asturias,2019,ANTIGITANISMO,0
Asturias,2018,ANTIGITANISMO,0
Asturias,2017,ANTIGITANISMO,0
Asturias,2016,ANTIGITANISMO,0
Asturias,2015,ANTIGITANISMO,0
Asturias,2014,ANTIGITANISMO,0
Asturias,2024,ANTISEMITISMO,1
Asturias,2023,ANTISEMITISMO,0
Asturias,2022,ANTISEMITISMO,2
Asturias,2021,ANTISEMITISMO,1
Asturias,2020,ANTISEMITISMO,0
Asturias,2019,ANTISEMITISMO,0
Asturias,2018,ANTISEMITISMO,0
Asturias,2017,ANTISEMITISMO,1
Asturias,2016,ANTISEMITISMO,1
Asturias,2015,ANTISEMITISMO,0
Asturias,2014,ANTISEMITISMO,0
Asturias,2024,APOROFOBIA,0
Asturias,2023,APOROFOBIA,0
Asturias,2022,APOROFOBIA,1
Asturias,2021,APOROFOBIA,0
Asturias,2020,APOROFOBIA,0
Asturias,2019,APOROFOBIA,0
Asturias,2018,APOROFOBIA,0
Asturias,2017,APOROFOBIA,0
Asturias,2016,APOROFOBIA,0
Asturias,2015,APOROFOBIA,1
Asturias,2014,APOROFOBIA,0
Asturias,2024,CREENCIAS O PRÁCTICAS RELIGIOSAS,2
Asturias,2023,CREENCIAS O PRÁCTICAS RELIGIOSAS,0
Asturias,2022,CREENCIAS O PRÁCTICAS RELIGIOSAS,0
Asturias,2021,CREENCIAS O PRÁCTICAS RELIGIOSAS,2
Asturias,2020,CREENCIAS O PRÁCTICAS RELIGIOSAS,1
Asturias,2019,CREENCIAS O PRÁCTICAS RELIGIOSAS,1
Asturias,2018,CREENCIAS O PRÁCTICAS RELIGIOSAS,1
Asturias,2017,CREENCIAS O PRÁCTICAS RELIGIOSAS,0
Asturias,2016,CREENCIAS O PRÁCTICAS RELIGIOSAS,3
Asturias,2015,CREENCIAS O PRÁCTICAS RELIGIOSAS,2
Asturias,2014,CREENCIAS O PRÁCTICAS RELIGIOSAS,0
Asturias,2024,DISFOBIA,0
Asturias,2023,DISFOBIA,1
Asturias,2022,DISFOBIA,0
Asturias,2021,DISFOBIA,0
Asturias,2020,DISFOBIA,0
Asturias,2019,DISFOBIA,0
Asturias,2018,DISFOBIA,0
Asturias,2017,DISFOBIA,1
Asturias,2016,DISFOBIA,10
Asturias,2015,DISFOBIA,4
Asturias,2014,DISFOBIA,7
Asturias,2024,DISCRIMINACIÓN GENERACIONAL,0
Asturias,2023,DISCRIMINACIÓN GENERACIONAL,0
Asturias,2022,DISCRIMINACIÓN GENERACIONAL,0
Asturias,2021,DISCRIMINACIÓN GENERACIONAL,0
Asturias,2020,DISCRIMINACIÓN GENERACIONAL,0
Asturias,2019,DISCRIMINACIÓN GENERACIONAL,1
Asturias,2018,DISCRIMINACIÓN GENERACIONAL,0
Asturias,2017,DISCRIMINACIÓN GENERACIONAL,0
Asturias,2016,DISCRIMINACIÓN GENERACIONAL,0
Asturias,2015,DISCRIMINACIÓN GENERACIONAL,0
Asturias,2014,DISCRIMINACIÓN GENERACIONAL,0
Asturias,2024,DISCRIMINACIÓN POR RAZÓN DE ENFERMEDAD,0
Asturias,2023,DISCRIMINACIÓN POR RAZÓN DE ENFERMEDAD,0
Asturias,2022,DISCRIMINACIÓN POR RAZÓN DE ENFERMEDAD,0
Asturias,2021,DISCRIMINACIÓN POR RAZÓN DE ENFERMEDAD,0
Asturias,2020,DISCRIMINACIÓN POR RAZÓN DE ENFERMEDAD,0
Asturias,2019,DISCRIMINACIÓN POR RAZÓN DE ENFERMEDAD,0
Asturias,2018,DISCRIMINACIÓN POR RAZÓN DE ENFERMEDAD,0
Asturias,2017,DISCRIMINACIÓN POR RAZÓN DE ENFERMEDAD,0
Asturias,2016,DISCRIMINACIÓN POR RAZÓN DE ENFERMEDAD,0
Asturias,2015,DISCRIMINACIÓN POR RAZÓN DE ENFERMEDAD,0
Asturias,2014,DISCRIMINACIÓN POR RAZÓN DE ENFERMEDAD,0
Asturias,2024,DISCRIMINACIÓN POR RAZÓN DE SEXO/GÉNERO,0
Asturias,2023,DISCRIMINACIÓN POR RAZÓN DE SEXO/GÉNERO,1
Asturias,2022,DISCRIMINACIÓN POR RAZÓN DE SEXO/GÉNERO,1
Asturias,2021,DISCRIMINACIÓN POR RAZÓN DE SEXO/GÉNERO,0
Asturias,2020,DISCRIMINACIÓN POR RAZÓN DE SEXO/GÉNERO,0
Asturias,2019,DISCRIMINACIÓN POR RAZÓN DE SEXO/GÉNERO,1
Asturias,2018,DISCRIMINACIÓN POR RAZÓN DE SEXO/GÉNERO,0
Asturias,2017,DISCRIMINACIÓN POR RAZÓN DE SEXO/GÉNERO,0
Asturias,2016,DISCRIMINACIÓN POR RAZÓN DE SEXO/GÉNERO,0
Asturias,2015,DISCRIMINACIÓN POR RAZÓN DE SEXO/GÉNERO,1
Asturias,2014,DISCRIMINACIÓN POR RAZÓN DE SEXO/GÉNERO,0
Asturias,2024,IDEOLOGIA,10
Asturias,2023,IDEOLOGIA,18
Asturias,2022,IDEOLOGIA,11
Asturias,2021,IDEOLOGIA,8
Asturias,2020,IDEOLOGIA,11
Asturias,2019,IDEOLOGIA,21
Asturias,2018,IDEOLOGIA,14
Asturias,2017,IDEOLOGIA,5
Asturias,2016,IDEOLOGIA,9
Asturias,2015,IDEOLOGIA,8
Asturias,2014,IDEOLOGIA,0
Asturias,2024,ISLAMOFOBIA,0
Asturias,2023,ISLAMOFOBIA,0
Asturias,2022,ISLAMOFOBIA,0
Asturias,2021,ISLAMOFOBIA,0
Asturias,2020,ISLAMOFOBIA,0
Asturias,2019,ISLAMOFOBIA,0
Asturias,2018,ISLAMOFOBIA,0
Asturias,2017,ISLAMOFOBIA,0
Asturias,2016,ISLAMOFOBIA,0
Asturias,2015,ISLAMOFOBIA,0
Asturias,2014,ISLAMOFOBIA,0
Asturias,2024,ORIENTACIÓN SEXUAL E IDENTIDAD DE GÉNERO,9
Asturias,2023,ORIENTACIÓN SEXUAL E IDENTIDAD DE GÉNERO,10
Asturias,2022,ORIENTACIÓN SEXUAL E IDENTIDAD DE GÉNERO,9
Asturias,2021,ORIENTACIÓN SEXUAL E IDENTIDAD DE GÉNERO,10
Asturias,2020,ORIENTACIÓN SEXUAL E IDENTIDAD DE GÉNERO,1
Asturias,2019,ORIENTACIÓN SEXUAL E IDENTIDAD DE GÉNERO,6
Asturias,2018,ORIENTACIÓN SEXUAL E IDENTIDAD DE GÉNERO,5
Asturias,2017,ORIENTACIÓN SEXUAL E IDENTIDAD DE GÉNERO,2
Asturias,2016,ORIENTACIÓN SEXUAL E IDENTIDAD DE GÉNERO,1
Asturias,2015,ORIENTACIÓN SEXUAL E IDENTIDAD DE GÉNERO,1
Asturias,2014,ORIENTACIÓN SEXUAL E IDENTIDAD DE GÉNERO,15
Asturias,2024,RACISMO/XENOFOBIA,22
Asturias,2023,RACISMO/XENOFOBIA,39
Asturias,2022,RACISMO/XENOFOBIA,12
Asturias,2021,RACISMO/XENOFOBIA,19
Asturias,2020,RACISMO/XENOFOBIA,10
Asturias,2019,RACISMO/XENOFOBIA,7
Asturias,2018,RACISMO/XENOFOBIA,14
Asturias,2017,RACISMO/XENOFOBIA,5
Asturias,2016,RACISMO/XENOFOBIA,5
Asturias,2015,RACISMO/XENOFOBIA,5
Asturias,2014,RACISMO/XENOFOBIA,5
Asturias,2024,TOTAL ámbitos,45
Asturias,2023,TOTAL ámbitos,70
Asturias,2022,TOTAL ámbitos,36
Asturias,2021,TOTAL ámbitos,40
Asturias,2020,TOTAL ámbitos,24
Asturias,2019,TOTAL ámbitos,37
Asturias,2018,TOTAL ámbitos,34
Asturias,2017,TOTAL ámbitos,14
Asturias,2016,TOTAL ámbitos,29
Asturias,2015,TOTAL ámbitos,22
Asturias,2014,TOTAL ámbitos,27
Baleares,2024,ANTIGITANISMO,1
Baleares,2023,ANTIGITANISMO,0
Baleares,2022,ANTIGITANISMO,0
Baleares,2021,ANTIGITANISMO,0
Baleares,2020,ANTIGITANISMO,0
Baleares,2019,ANTIGITANISMO,0
Baleares,2018,ANTIGITANISMO,0
Baleares,2017,ANTIGITANISMO,0
Baleares,2016,ANTIGITANISMO,0
Baleares,2015,ANTIGITANISMO,0
Baleares,2014,ANTIGITANISMO,0
Baleares,2024,ANTISEMITISMO,1
Baleares,2023,ANTISEMITISMO,0
Baleares,2022,ANTISEMITISMO,0
Baleares,2021,ANTISEMITISMO,0
Baleares,2020,ANTISEMITISMO,0
Baleares,2019,ANTISEMITISMO,0
Baleares,2018,ANTISEMITISMO,0
Baleares,2017,ANTISEMITISMO,0
Baleares,2016,ANTISEMITISMO,0
Baleares,2015,ANTISEMITISMO,0
Baleares,2014,ANTISEMITISMO,0
Baleares,2024,APOROFOBIA,2
Baleares,2023,APOROFOBIA,0
Baleares,2022,APOROFOBIA,1
Baleares,2021,APOROFOBIA,0
Baleares,2020,APOROFOBIA,0
Baleares,2019,APOROFOBIA,0
Baleares,2018,APOROFOBIA,1
Baleares,2017,APOROFOBIA,0
Baleares,2016,APOROFOBIA,1
Baleares,2015,APOROFOBIA,1
Baleares,2014,APOROFOBIA,0
Baleares,2024,CREENCIAS O PRÁCTICAS RELIGIOSAS,2
Baleares,2023,CREENCIAS O PRÁCTICAS RELIGIOSAS,2
Baleares,2022,CREENCIAS O PRÁCTICAS RELIGIOSAS,0
Baleares,2021,CREENCIAS O PRÁCTICAS RELIGIOSAS,7
Baleares,2020,CREENCIAS O PRÁCTICAS RELIGIOSAS,0
Baleares,2019,CREENCIAS O PRÁCTICAS RELIGIOSAS,2
Baleares,2018,CREENCIAS O PRÁCTICAS RELIGIOSAS,1
Baleares,2017,CREENCIAS O PRÁCTICAS RELIGIOSAS,2
Baleares,2016,CREENCIAS O PRÁCTICAS RELIGIOSAS,0
Baleares,2015,CREENCIAS O PRÁCTICAS RELIGIOSAS,0
Baleares,2014,CREENCIAS O PRÁCTICAS RELIGIOSAS,0
Baleares,2024,DISFOBIA,0
Baleares,2023,DISFOBIA,3
Baleares,2022,DISFOBIA,0
Baleares,2021,DISFOBIA,0
Baleares,2020,DISFOBIA,0
Baleares,2019,DISFOBIA,5
Baleares,2018,DISFOBIA,1
Baleares,2017,DISFOBIA,1
Baleares,2016,DISFOBIA,6
Baleares,2015,DISFOBIA,8
Baleares,2014,DISFOBIA,8
Baleares,2024,DISCRIMINACIÓN GENERACIONAL,0
Baleares,2023,DISCRIMINACIÓN GENERACIONAL,1
Baleares,2022,DISCRIMINACIÓN GENERACIONAL,1
Baleares,2021,DISCRIMINACIÓN GENERACIONAL,0
Baleares,2020,DISCRIMINACIÓN GENERACIONAL,0
Baleares,2019,DISCRIMINACIÓN GENERACIONAL,1
Baleares,2018,DISCRIMINACIÓN GENERACIONAL,0
Baleares,2017,DISCRIMINACIÓN GENERACIONAL,0
Baleares,2016,DISCRIMINACIÓN GENERACIONAL,0
Baleares,2015,DISCRIMINACIÓN GENERACIONAL,0
Baleares,2014,DISCRIMINACIÓN GENERACIONAL,0
Baleares,2024,DISCRIMINACIÓN POR RAZÓN DE ENFERMEDAD,0
Baleares,2023,DISCRIMINACIÓN POR RAZÓN DE ENFERMEDAD,1
Baleares,2022,DISCRIMINACIÓN POR RAZÓN DE ENFERMEDAD,1
Baleares,2021,DISCRIMINACIÓN POR RAZÓN DE ENFERMEDAD,1
Baleares,2020,DISCRIMINACIÓN POR RAZÓN DE ENFERMEDAD,0
Baleares,2019,DISCRIMINACIÓN POR RAZÓN DE ENFERMEDAD,0
Baleares,2018,DISCRIMINACIÓN POR RAZÓN DE ENFERMEDAD,0
Baleares,2017,DISCRIMINACIÓN POR RAZÓN DE ENFERMEDAD,0
Baleares,2016,DISCRIMINACIÓN POR RAZÓN DE ENFERMEDAD,0
Baleares,2015,DISCRIMINACIÓN POR RAZÓN DE ENFERMEDAD,0
Baleares,2014,DISCRIMINACIÓN POR RAZÓN DE ENFERMEDAD,0
Baleares,2024,DISCRIMINACIÓN POR RAZÓN DE SEXO/GÉNERO,5
Baleares,2023,DISCRIMINACIÓN POR RAZÓN DE SEXO/GÉNERO,1
Baleares,2022,DISCRIMINACIÓN POR RAZÓN DE SEXO/GÉNERO,8
Baleares,2021,DISCRIMINACIÓN POR RAZÓN DE SEXO/GÉNERO,3
Baleares,2020,DISCRIMINACIÓN POR RAZÓN DE SEXO/GÉNERO,6
Baleares,2019,DISCRIMINACIÓN POR RAZÓN DE SEXO/GÉNERO,1
Baleares,2018,DISCRIMINACIÓN POR RAZÓN DE SEXO/GÉNERO,1
Baleares,2017,DISCRIMINACIÓN POR RAZÓN DE SEXO/GÉNERO,1
Baleares,2016,DISCRIMINACIÓN POR RAZÓN DE SEXO/GÉNERO,4
Baleares,2015,DISCRIMINACIÓN POR RAZÓN DE SEXO/GÉNERO,5
Baleares,2014,DISCRIMINACIÓN POR RAZÓN DE SEXO/GÉNERO,0
Baleares,2024,IDEOLOGIA,2
Baleares,2023,IDEOLOGIA,11
Baleares,2022,IDEOLOGIA,1
Baleares,2021,IDEOLOGIA,3
Baleares,2020,IDEOLOGIA,6
Baleares,2019,IDEOLOGIA,8
Baleares,2018,IDEOLOGIA,7
Baleares,2017,IDEOLOGIA,9
Baleares,2016,IDEOLOGIA,3
Baleares,2015,IDEOLOGIA,2
Baleares,2014,IDEOLOGIA,0
Baleares,2024,ISLAMOFOBIA,1
Baleares,2023,ISLAMOFOBIA,0
Baleares,2022,ISLAMOFOBIA,0
Baleares,2021,ISLAMOFOBIA,0
Baleares,2020,ISLAMOFOBIA,0
Baleares,2019,ISLAMOFOBIA,0
Baleares,2018,ISLAMOFOBIA,0
Baleares,2017,ISLAMOFOBIA,0
Baleares,2016,ISLAMOFOBIA,0
Baleares,2015,ISLAMOFOBIA,0
Baleares,2014,ISLAMOFOBIA,0
Baleares,2024,ORIENTACIÓN SEXUAL E IDENTIDAD DE GÉNERO,11
Baleares,2023,ORIENTACIÓN SEXUAL E IDENTIDAD DE GÉNERO,9
Baleares,2022,ORIENTACIÓN SEXUAL E IDENTIDAD DE GÉNERO,2
Baleares,2021,ORIENTACIÓN SEXUAL E IDENTIDAD DE GÉNERO,10
Baleares,2020,ORIENTACIÓN SEXUAL E IDENTIDAD DE GÉNERO,5
Baleares,2019,ORIENTACIÓN SEXUAL E IDENTIDAD DE GÉNERO,1
Baleares,2018,ORIENTACIÓN SEXUAL E IDENTIDAD DE GÉNERO,6
Baleares,2017,ORIENTACIÓN SEXUAL E IDENTIDAD DE GÉNERO,1
Baleares,2016,ORIENTACIÓN SEXUAL E IDENTIDAD DE GÉNERO,4
Baleares,2015,ORIENTACIÓN SEXUAL E IDENTIDAD DE GÉNERO,4
Baleares,2014,ORIENTACIÓN SEXUAL E IDENTIDAD DE GÉNERO,41
Baleares,2024,RACISMO/XENOFOBIA,26
Baleares,2023,RACISMO/XENOFOBIA,29
Baleares,2022,RACISMO/XENOFOBIA,25
Baleares,2021,RACISMO/XENOFOBIA,32
Baleares,2020,RACISMO/XENOFOBIA,12
Baleares,2019,RACISMO/XENOFOBIA,20
Baleares,2018,RACISMO/XENOFOBIA,13
Baleares,2017,RACISMO/XENOFOBIA,7
Baleares,2016,RACISMO/XENOFOBIA,7
Baleares,2015,RACISMO/XENOFOBIA,5
Baleares,2014,RACISMO/XENOFOBIA,11
Baleares,2024,TOTAL ámbitos,51
Baleares,2023,TOTAL ámbitos,57
Baleares,2022,TOTAL ámbitos,39
Baleares,2021,TOTAL ámbitos,56
Baleares,2020,TOTAL ámbitos,29
Baleares,2019,TOTAL ámbitos,38
Baleares,2018,TOTAL ámbitos,30
Baleares,2017,TOTAL ámbitos,21
Baleares,2016,TOTAL ámbitos,25
Baleares,2015,TOTAL ámbitos,25
Baleares,2014,TOTAL ámbitos,60
Canarias,2024,ANTIGITANISMO,0
Canarias,2023,ANTIGITANISMO,0
Canarias,2022,ANTIGITANISMO,0
Canarias,2021,ANTIGITANISMO,0
Canarias,2020,ANTIGITANISMO,0
Canarias,2019,ANTIGITANISMO,0
Canarias,2018,ANTIGITANISMO,0
Canarias,2017,ANTIGITANISMO,0
Canarias,2016,ANTIGITANISMO,0
Canarias,2015,ANTIGITANISMO,0
Canarias,2014,ANTIGITANISMO,0
Canarias,2024,ANTISEMITISMO,0
Canarias,2023,ANTISEMITISMO,0
Canarias,2022,ANTISEMITISMO,0
Canarias,2021,ANTISEMITISMO,0
Canarias,2020,ANTISEMITISMO,0
Canarias,2019,ANTISEMITISMO,0
Canarias,2018,ANTISEMITISMO,1
Canarias,2017,ANTISEMITISMO,0
Canarias,2016,ANTISEMITISMO,0
Canarias,2015,ANTISEMITISMO,0
Canarias,2014,ANTISEMITISMO,1
Canarias,2024,APOROFOBIA,1
Canarias,2023,APOROFOBIA,1
Canarias,2022,APOROFOBIA,1
Canarias,2021,APOROFOBIA,2
Canarias,2020,APOROFOBIA,0
Canarias,2019,APOROFOBIA,0
Canarias,2018,APOROFOBIA,1
Canarias,2017,APOROFOBIA,0
Canarias,2016,APOROFOBIA,0
Canarias,2015,APOROFOBIA,0
Canarias,2014,APOROFOBIA,1
Canarias,2024,CREENCIAS O PRÁCTICAS RELIGIOSAS,2
Canarias,2023,CREENCIAS O PRÁCTICAS RELIGIOSAS,1
Canarias,2022,CREENCIAS O PRÁCTICAS RELIGIOSAS,1
Canarias,2021,CREENCIAS O PRÁCTICAS RELIGIOSAS,0
Canarias,2020,CREENCIAS O PRÁCTICAS RELIGIOSAS,1
Canarias,2019,CREENCIAS O PRÁCTICAS RELIGIOSAS,1
Canarias,2018,CREENCIAS O PRÁCTICAS RELIGIOSAS,0
Canarias,2017,CREENCIAS O PRÁCTICAS RELIGIOSAS,3
Canarias,2016,CREENCIAS O PRÁCTICAS RELIGIOSAS,0
Canarias,2015,CREENCIAS O PRÁCTICAS RELIGIOSAS,0
Canarias,2014,CREENCIAS O PRÁCTICAS RELIGIOSAS,0
Canarias,2024,DISFOBIA,0
Canarias,2023,DISFOBIA,1
Canarias,2022,DISFOBIA,1
Canarias,2021,DISFOBIA,0
Canarias,2020,DISFOBIA,1
Canarias,2019,DISFOBIA,3
Canarias,2018,DISFOBIA,1
Canarias,2017,DISFOBIA,0
Canarias,2016,DISFOBIA,8
Canarias,2015,DISFOBIA,20
Canarias,2014,DISFOBIA,7
Canarias,2024,DISCRIMINACIÓN GENERACIONAL,0
Canarias,2023,DISCRIMINACIÓN GENERACIONAL,1
Canarias,2022,DISCRIMINACIÓN GENERACIONAL,0
Canarias,2021,DISCRIMINACIÓN GENERACIONAL,1
Canarias,2020,DISCRIMINACIÓN GENERACIONAL,0
Canarias,2019,DISCRIMINACIÓN GENERACIONAL,0
Canarias,2018,DISCRIMINACIÓN GENERACIONAL,0
Canarias,2017,DISCRIMINACIÓN GENERACIONAL,0
Canarias,2016,DISCRIMINACIÓN GENERACIONAL,0
Canarias,2015,DISCRIMINACIÓN GENERACIONAL,0
Canarias,2014,DISCRIMINACIÓN GENERACIONAL,0
Canarias,2024,DISCRIMINACIÓN POR RAZÓN DE ENFERMEDAD,1
Canarias,2023,DISCRIMINACIÓN POR RAZÓN DE ENFERMEDAD,0
Canarias,2022,DISCRIMINACIÓN POR RAZÓN DE ENFERMEDAD,2
Canarias,2021,DISCRIMINACIÓN POR RAZÓN DE ENFERMEDAD,0
Canarias,2020,DISCRIMINACIÓN POR RAZÓN DE ENFERMEDAD,2
Canarias,2019,DISCRIMINACIÓN POR RAZÓN DE ENFERMEDAD,0
Canarias,2018,DISCRIMINACIÓN POR RAZÓN DE ENFERMEDAD,0
Canarias,2017,DISCRIMINACIÓN POR RAZÓN DE ENFERMEDAD,0
Canarias,2016,DISCRIMINACIÓN POR RAZÓN DE ENFERMEDAD,0
Canarias,2015,DISCRIMINACIÓN POR RAZÓN DE ENFERMEDAD,0
Canarias,2014,DISCRIMINACIÓN POR RAZÓN DE ENFERMEDAD,0
Canarias,2024,DISCRIMINACIÓN POR RAZÓN DE SEXO/GÉNERO,8
Canarias,2023,DISCRIMINACIÓN POR RAZÓN DE SEXO/GÉNERO,7
Canarias,2022,DISCRIMINACIÓN POR RAZÓN DE SEXO/GÉNERO,4
Canarias,2021,DISCRIMINACIÓN POR RAZÓN DE SEXO/GÉNERO,7
Canarias,2020,DISCRIMINACIÓN POR RAZÓN DE SEXO/GÉNERO,3
Canarias,2019,DISCRIMINACIÓN POR RAZÓN DE SEXO/GÉNERO,4
Canarias,2018,DISCRIMINACIÓN POR RAZÓN DE SEXO/GÉNERO,1
Canarias,2017,DISCRIMINACIÓN POR RAZÓN DE SEXO/GÉNERO,0
Canarias,2016,DISCRIMINACIÓN POR RAZÓN DE SEXO/GÉNERO,3
Canarias,2015,DISCRIMINACIÓN POR RAZÓN DE SEXO/GÉNERO,1
Canarias,2014,DISCRIMINACIÓN POR RAZÓN DE SEXO/GÉNERO,0
Canarias,2024,IDEOLOGIA,2
Canarias,2023,IDEOLOGIA,0
Canarias,2022,IDEOLOGIA,3
Canarias,2021,IDEOLOGIA,1
Canarias,2020,IDEOLOGIA,3
Canarias,2019,IDEOLOGIA,0
Canarias,2018,IDEOLOGIA,3
Canarias,2017,IDEOLOGIA,4
Canarias,2016,IDEOLOGIA,0
Canarias,2015,IDEOLOGIA,3
Canarias,2014,IDEOLOGIA,0
Canarias,2024,ISLAMOFOBIA,1
Canarias,2023,ISLAMOFOBIA,0
Canarias,2022,ISLAMOFOBIA,0
Canarias,2021,ISLAMOFOBIA,0
Canarias,2020,ISLAMOFOBIA,0
Canarias,2019,ISLAMOFOBIA,0
Canarias,2018,ISLAMOFOBIA,0
Canarias,2017,ISLAMOFOBIA,0
Canarias,2016,ISLAMOFOBIA,0
Canarias,2015,ISLAMOFOBIA,0
Canarias,2014,ISLAMOFOBIA,0
Canarias,2024,ORIENTACIÓN SEXUAL E IDENTIDAD DE GÉNERO,26
Canarias,2023,ORIENTACIÓN SEXUAL E IDENTIDAD DE GÉNERO,35
Canarias,2022,ORIENTACIÓN SEXUAL E IDENTIDAD DE GÉNERO,18
Canarias,2021,ORIENTACIÓN SEXUAL E IDENTIDAD DE GÉNERO,15
Canarias,2020,ORIENTACIÓN SEXUAL E IDENTIDAD DE GÉNERO,14
Canarias,2019,ORIENTACIÓN SEXUAL E IDENTIDAD DE GÉNERO,14
Canarias,2018,ORIENTACIÓN SEXUAL E IDENTIDAD DE GÉNERO,5
Canarias,2017,ORIENTACIÓN SEXUAL E IDENTIDAD DE GÉNERO,17
Canarias,2016,ORIENTACIÓN SEXUAL E IDENTIDAD DE GÉNERO,2
Canarias,2015,ORIENTACIÓN SEXUAL E IDENTIDAD DE GÉNERO,6
Canarias,2014,ORIENTACIÓN SEXUAL E IDENTIDAD DE GÉNERO,16
Canarias,2024,RACISMO/XENOFOBIA,37
Canarias,2023,RACISMO/XENOFOBIA,38
Canarias,2022,RACISMO/XENOFOBIA,48
Canarias,2021,RACISMO/XENOFOBIA,40
Canarias,2020,RACISMO/XENOFOBIA,24
Canarias,2019,RACISMO/XENOFOBIA,30
Canarias,2018,RACISMO/XENOFOBIA,19
Canarias,2017,RACISMO/XENOFOBIA,18
Canarias,2016,RACISMO/XENOFOBIA,5
Canarias,2015,RACISMO/XENOFOBIA,5
Canarias,2014,RACISMO/XENOFOBIA,13
Canarias,2024,TOTAL ámbitos,78
Canarias,2023,TOTAL ámbitos,84
Canarias,2022,TOTAL ámbitos,78
Canarias,2021,TOTAL ámbitos,66
Canarias,2020,TOTAL ámbitos,48
Canarias,2019,TOTAL ámbitos,52
Canarias,2018,TOTAL ámbitos,31
Canarias,2017,TOTAL ámbitos,42
Canarias,2016,TOTAL ámbitos,18
Canarias,2015,TOTAL ámbitos,35
Canarias,2014,TOTAL ámbitos,38
Cantabria,2024,ANTIGITANISMO,0
Cantabria,2023,ANTIGITANISMO,0
Cantabria,2022,ANTIGITANISMO,2
Cantabria,2021,ANTIGITANISMO,0
Cantabria,2020,ANTIGITANISMO,2
Cantabria,2019,ANTIGITANISMO,0
Cantabria,2018,ANTIGITANISMO,0
Cantabria,2017,ANTIGITANISMO,0
Cantabria,2016,ANTIGITANISMO,0
Cantabria,2015,ANTIGITANISMO,0
Cantabria,2014,ANTIGITANISMO,0
Cantabria,2024,ANTISEMITISMO,0
Cantabria,2023,ANTISEMITISMO,0
Cantabria,2022,ANTISEMITISMO,0
Cantabria,2021,ANTISEMITISMO,0
Cantabria,2020,ANTISEMITISMO,0
Cantabria,2019,ANTISEMITISMO,0
Cantabria,2018,ANTISEMITISMO,0
Cantabria,2017,ANTISEMITISMO,0
Cantabria,2016,ANTISEMITISMO,0
Cantabria,2015,ANTISEMITISMO,0
Cantabria,2014,ANTISEMITISMO,0
Cantabria,2024,APOROFOBIA,0
Cantabria,2023,APOROFOBIA,0
Cantabria,2022,APOROFOBIA,0
Cantabria,2021,APOROFOBIA,0
Cantabria,2020,APOROFOBIA,0
Cantabria,2019,APOROFOBIA,0
Cantabria,2018,APOROFOBIA,2
Cantabria,2017,APOROFOBIA,0
Cantabria,2016,APOROFOBIA,0
Cantabria,2015,APOROFOBIA,1
Cantabria,2014,APOROFOBIA,0
Cantabria,2024,CREENCIAS O PRÁCTICAS RELIGIOSAS,1
Cantabria,2023,CREENCIAS O PRÁCTICAS RELIGIOSAS,1
Cantabria,2022,CREENCIAS O PRÁCTICAS RELIGIOSAS,0
Cantabria,2021,CREENCIAS O PRÁCTICAS RELIGIOSAS,0
Cantabria,2020,CREENCIAS O PRÁCTICAS RELIGIOSAS,1
Cantabria,2019,CREENCIAS O PRÁCTICAS RELIGIOSAS,1
Cantabria,2018,CREENCIAS O PRÁCTICAS RELIGIOSAS,1
Cantabria,2017,CREENCIAS O PRÁCTICAS RELIGIOSAS,0
Cantabria,2016,CREENCIAS O PRÁCTICAS RELIGIOSAS,0
Cantabria,2015,CREENCIAS O PRÁCTICAS RELIGIOSAS,0
Cantabria,2014,CREENCIAS O PRÁCTICAS RELIGIOSAS,2
Cantabria,2024,DISFOBIA,0
Cantabria,2023,DISFOBIA,1
Cantabria,2022,DISFOBIA,0
Cantabria,2021,DISFOBIA,0
Cantabria,2020,DISFOBIA,0
Cantabria,2019,DISFOBIA,3
Cantabria,2018,DISFOBIA,0
Cantabria,2017,DISFOBIA,0
Cantabria,2016,DISFOBIA,5
Cantabria,2015,DISFOBIA,3
Cantabria,2014,DISFOBIA,4
Cantabria,2024,DISCRIMINACIÓN GENERACIONAL,1
Cantabria,2023,DISCRIMINACIÓN GENERACIONAL,0
Cantabria,2022,DISCRIMINACIÓN GENERACIONAL,0
Cantabria,2021,DISCRIMINACIÓN GENERACIONAL,0
Cantabria,2020,DISCRIMINACIÓN GENERACIONAL,1
Cantabria,2019,DISCRIMINACIÓN GENERACIONAL,0
Cantabria,2018,DISCRIMINACIÓN GENERACIONAL,0
Cantabria,2017,DISCRIMINACIÓN GENERACIONAL,0
Cantabria,2016,DISCRIMINACIÓN GENERACIONAL,0
Cantabria,2015,DISCRIMINACIÓN GENERACIONAL,0
Cantabria,2014,DISCRIMINACIÓN GENERACIONAL,0
Cantabria,2024,DISCRIMINACIÓN POR RAZÓN DE ENFERMEDAD,0
Cantabria,2023,DISCRIMINACIÓN POR RAZÓN DE ENFERMEDAD,0
Cantabria,2022,DISCRIMINACIÓN POR RAZÓN DE ENFERMEDAD,2
Cantabria,2021,DISCRIMINACIÓN POR RAZÓN DE ENFERMEDAD,0
Cantabria,2020,DISCRIMINACIÓN POR RAZÓN DE ENFERMEDAD,0
Cantabria,2019,DISCRIMINACIÓN POR RAZÓN DE ENFERMEDAD,1
Cantabria,2018,DISCRIMINACIÓN POR RAZÓN DE ENFERMEDAD,0
Cantabria,2017,DISCRIMINACIÓN POR RAZÓN DE ENFERMEDAD,0
Cantabria,2016,DISCRIMINACIÓN POR RAZÓN DE ENFERMEDAD,0
Cantabria,2015,DISCRIMINACIÓN POR RAZÓN DE ENFERMEDAD,0
Cantabria,2014,DISCRIMINACIÓN POR RAZÓN DE ENFERMEDAD,0
Cantabria,2024,DISCRIMINACIÓN POR RAZÓN DE SEXO/GÉNERO,3
Cantabria,2023,DISCRIMINACIÓN POR RAZÓN DE SEXO/GÉNERO,1
Cantabria,2022,DISCRIMINACIÓN POR RAZÓN DE SEXO/GÉNERO,1
Cantabria,2021,DISCRIMINACIÓN POR RAZÓN DE SEXO/GÉNERO,2
Cantabria,2020,DISCRIMINACIÓN POR RAZÓN DE SEXO/GÉNERO,2
Cantabria,2019,DISCRIMINACIÓN POR RAZÓN DE SEXO/GÉNERO,0
Cantabria,2018,DISCRIMINACIÓN POR RAZÓN DE SEXO/GÉNERO,3
Cantabria,2017,DISCRIMINACIÓN POR RAZÓN DE SEXO/GÉNERO,2
Cantabria,2016,DISCRIMINACIÓN POR RAZÓN DE SEXO/GÉNERO,3
Cantabria,2015,DISCRIMINACIÓN POR RAZÓN DE SEXO/GÉNERO,0
Cantabria,2014,DISCRIMINACIÓN POR RAZÓN DE SEXO/GÉNERO,0
Cantabria,2024,IDEOLOGIA,0
Cantabria,2023,IDEOLOGIA,4
Cantabria,2022,IDEOLOGIA,5
Cantabria,2021,IDEOLOGIA,0
Cantabria,2020,IDEOLOGIA,5
Cantabria,2019,IDEOLOGIA,5
Cantabria,2018,IDEOLOGIA,1
Cantabria,2017,IDEOLOGIA,0
Cantabria,2016,IDEOLOGIA,1
Cantabria,2015,IDEOLOGIA,1
Cantabria,2014,IDEOLOGIA,0
Cantabria,2024,ISLAMOFOBIA,0
Cantabria,2023,ISLAMOFOBIA,0
Cantabria,2022,ISLAMOFOBIA,0
Cantabria,2021,ISLAMOFOBIA,0
Cantabria,2020,ISLAMOFOBIA,0
Cantabria,2019,ISLAMOFOBIA,0
Cantabria,2018,ISLAMOFOBIA,0
Cantabria,2017,ISLAMOFOBIA,0
Cantabria,2016,ISLAMOFOBIA,0
Cantabria,2015,ISLAMOFOBIA,0
Cantabria,2014,ISLAMOFOBIA,0
Cantabria,2024,ORIENTACIÓN SEXUAL E IDENTIDAD DE GÉNERO,10
Cantabria,2023,ORIENTACIÓN SEXUAL E IDENTIDAD DE GÉNERO,2
Cantabria,2022,ORIENTACIÓN SEXUAL E IDENTIDAD DE GÉNERO,6
Cantabria,2021,ORIENTACIÓN SEXUAL E IDENTIDAD DE GÉNERO,4
Cantabria,2020,ORIENTACIÓN SEXUAL E IDENTIDAD DE GÉNERO,1
Cantabria,2019,ORIENTACIÓN SEXUAL E IDENTIDAD DE GÉNERO,1
Cantabria,2018,ORIENTACIÓN SEXUAL E IDENTIDAD DE GÉNERO,1
Cantabria,2017,ORIENTACIÓN SEXUAL E IDENTIDAD DE GÉNERO,0
Cantabria,2016,ORIENTACIÓN SEXUAL E IDENTIDAD DE GÉNERO,3
Cantabria,2015,ORIENTACIÓN SEXUAL E IDENTIDAD DE GÉNERO,2
Cantabria,2014,ORIENTACIÓN SEXUAL E IDENTIDAD DE GÉNERO,0
Cantabria,2024,RACISMO/XENOFOBIA,7
Cantabria,2023,RACISMO/XENOFOBIA,11
Cantabria,2022,RACISMO/XENOFOBIA,12
Cantabria,2021,RACISMO/XENOFOBIA,7
Cantabria,2020,RACISMO/XENOFOBIA,1
Cantabria,2019,RACISMO/XENOFOBIA,6
Cantabria,2018,RACISMO/XENOFOBIA,6
Cantabria,2017,RACISMO/XENOFOBIA,1
Cantabria,2016,RACISMO/XENOFOBIA,5
Cantabria,2015,RACISMO/XENOFOBIA,2
Cantabria,2014,RACISMO/XENOFOBIA,9
Cantabria,2024,TOTAL ámbitos,22
Cantabria,2023,TOTAL ámbitos,20
Cantabria,2022,TOTAL ámbitos,28
Cantabria,2021,TOTAL ámbitos,13
Cantabria,2020,TOTAL ámbitos,13
Cantabria,2019,TOTAL ámbitos,17
Cantabria,2018,TOTAL ámbitos,14
Cantabria,2017,TOTAL ámbitos,3
Cantabria,2016,TOTAL ámbitos,17
Cantabria,2015,TOTAL ámbitos,9
Cantabria,2014,TOTAL ámbitos,15
Castilla y León,2024,ANTIGITANISMO,4
Castilla y León,2023,ANTIGITANISMO,2
Castilla y León,2022,ANTIGITANISMO,0
Castilla y León,2021,ANTIGITANISMO,2
Castilla y León,2020,ANTIGITANISMO,0
Castilla y León,2019,ANTIGITANISMO,0
Castilla y León,2018,ANTIGITANISMO,0
Castilla y León,2017,ANTIGITANISMO,0
Castilla y León,2016,ANTIGITANISMO,0
Castilla y León,2015,ANTIGITANISMO,0
Castilla y León,2014,ANTIGITANISMO,0
Castilla y León,2024,ANTISEMITISMO,4
Castilla y León,2023,ANTISEMITISMO,0
Castilla y León,2022,ANTISEMITISMO,1
Castilla y León,2021,ANTISEMITISMO,1
Castilla y León,2020,ANTISEMITISMO,0
Castilla y León,2019,ANTISEMITISMO,0
Castilla y León,2018,ANTISEMITISMO,0
Castilla y León,2017,ANTISEMITISMO,0
Castilla y León,2016,ANTISEMITISMO,0
Castilla y León,2015,ANTISEMITISMO,1
Castilla y León,2014,ANTISEMITISMO,1
Castilla y León,2024,APOROFOBIA,2
Castilla y León,2023,APOROFOBIA,2
Castilla y León,2022,APOROFOBIA,0
Castilla y León,2021,APOROFOBIA,0
Castilla y León,2020,APOROFOBIA,0
Castilla y León,2019,APOROFOBIA,3
Castilla y León,2018,APOROFOBIA,0
Castilla y León,2017,APOROFOBIA,0
Castilla y León,2016,APOROFOBIA,2
Castilla y León,2015,APOROFOBIA,2
Castilla y León,2014,APOROFOBIA,0
Castilla y León,2024,CREENCIAS O PRÁCTICAS RELIGIOSAS,1
Castilla y León,2023,CREENCIAS O PRÁCTICAS RELIGIOSAS,3
Castilla y León,2022,CREENCIAS O PRÁCTICAS RELIGIOSAS,2
Castilla y León,2021,CREENCIAS O PRÁCTICAS RELIGIOSAS,11
Castilla y León,2020,CREENCIAS O PRÁCTICAS RELIGIOSAS,3
Castilla y León,2019,CREENCIAS O PRÁCTICAS RELIGIOSAS,3
Castilla y León,2018,CREENCIAS O PRÁCTICAS RELIGIOSAS,1
Castilla y León,2017,CREENCIAS O PRÁCTICAS RELIGIOSAS,6
Castilla y León,2016,CREENCIAS O PRÁCTICAS RELIGIOSAS,2
Castilla y León,2015,CREENCIAS O PRÁCTICAS RELIGIOSAS,1
Castilla y León,2014,CREENCIAS O PRÁCTICAS RELIGIOSAS,3
Castilla y León,2024,DISFOBIA,2
Castilla y León,2023,DISFOBIA,6
Castilla y León,2022,DISFOBIA,2
Castilla y León,2021,DISFOBIA,0
Castilla y León,2020,DISFOBIA,0
Castilla y León,2019,DISFOBIA,3
Castilla y León,2018,DISFOBIA,2
Castilla y León,2017,DISFOBIA,0
Castilla y León,2016,DISFOBIA,14
Castilla y León,2015,DISFOBIA,9
Castilla y León,2014,DISFOBIA,20
Castilla y León,2024,DISCRIMINACIÓN GENERACIONAL,0
Castilla y León,2023,DISCRIMINACIÓN GENERACIONAL,1
Castilla y León,2022,DISCRIMINACIÓN GENERACIONAL,0
Castilla y León,2021,DISCRIMINACIÓN GENERACIONAL,0
Castilla y León,2020,DISCRIMINACIÓN GENERACIONAL,1
Castilla y León,2019,DISCRIMINACIÓN GENERACIONAL,0
Castilla y León,2018,DISCRIMINACIÓN GENERACIONAL,0
Castilla y León,2017,DISCRIMINACIÓN GENERACIONAL,0
Castilla y León,2016,DISCRIMINACIÓN GENERACIONAL,0
Castilla y León,2015,DISCRIMINACIÓN GENERACIONAL,0
Castilla y León,2014,DISCRIMINACIÓN GENERACIONAL,0
Castilla y León,2024,DISCRIMINACIÓN POR RAZÓN DE ENFERMEDAD,1
Castilla y León,2023,DISCRIMINACIÓN POR RAZÓN DE ENFERMEDAD,1
Castilla y León,2022,DISCRIMINACIÓN POR RAZÓN DE ENFERMEDAD,2
Castilla y León,2021,DISCRIMINACIÓN POR RAZÓN DE ENFERMEDAD,1
Castilla y León,2020,DISCRIMINACIÓN POR RAZÓN DE ENFERMEDAD,1
Castilla y León,2019,DISCRIMINACIÓN POR RAZÓN DE ENFERMEDAD,0
Castilla y León,2018,DISCRIMINACIÓN POR RAZÓN DE ENFERMEDAD,2
Castilla y León,2017,DISCRIMINACIÓN POR RAZÓN DE ENFERMEDAD,0
Castilla y León,2016,DISCRIMINACIÓN POR RAZÓN DE ENFERMEDAD,0
Castilla y León,2015,DISCRIMINACIÓN POR RAZÓN DE ENFERMEDAD,0
Castilla y León,2014,DISCRIMINACIÓN POR RAZÓN DE ENFERMEDAD,0
Castilla y León,2024,DISCRIMINACIÓN POR RAZÓN DE SEXO/GÉNERO,9
Castilla y León,2023,DISCRIMINACIÓN POR RAZÓN DE SEXO/GÉNERO,11
Castilla y León,2022,DISCRIMINACIÓN POR RAZÓN DE SEXO/GÉNERO,2
Castilla y León,2021,DISCRIMINACIÓN POR RAZÓN DE SEXO/GÉNERO,2
Castilla y León,2020,DISCRIMINACIÓN POR RAZÓN DE SEXO/GÉNERO,3
Castilla y León,2019,DISCRIMINACIÓN POR RAZÓN DE SEXO/GÉNERO,0
Castilla y León,2018,DISCRIMINACIÓN POR RAZÓN DE SEXO/GÉNERO,4
Castilla y León,2017,DISCRIMINACIÓN POR RAZÓN DE SEXO/GÉNERO,1
Castilla y León,2016,DISCRIMINACIÓN POR RAZÓN DE SEXO/GÉNERO,1
Castilla y León,2015,DISCRIMINACIÓN POR RAZÓN DE SEXO/GÉNERO,0
Castilla y León,2014,DISCRIMINACIÓN POR RAZÓN DE SEXO/GÉNERO,0
Castilla y León,2024,IDEOLOGIA,15
Castilla y León,2023,IDEOLOGIA,25
Castilla y León,2022,IDEOLOGIA,17
Castilla y León,2021,IDEOLOGIA,37
Castilla y León,2020,IDEOLOGIA,27
Castilla y León,2019,IDEOLOGIA,36
Castilla y León,2018,IDEOLOGIA,20
Castilla y León,2017,IDEOLOGIA,25
Castilla y León,2016,IDEOLOGIA,12
Castilla y León,2015,IDEOLOGIA,20
Castilla y León,2014,IDEOLOGIA,0
Castilla y León,2024,ISLAMOFOBIA,1
Castilla y León,2023,ISLAMOFOBIA,0
Castilla y León,2022,ISLAMOFOBIA,0
Castilla y León,2021,ISLAMOFOBIA,0
Castilla y León,2020,ISLAMOFOBIA,0
Castilla y León,2019,ISLAMOFOBIA,0
Castilla y León,2018,ISLAMOFOBIA,0
Castilla y León,2017,ISLAMOFOBIA,0
Castilla y León,2016,ISLAMOFOBIA,0
Castilla y León,2015,ISLAMOFOBIA,0
Castilla y León,2014,ISLAMOFOBIA,0
Castilla y León,2024,ORIENTACIÓN SEXUAL E IDENTIDAD DE GÉNERO,17
Castilla y León,2023,ORIENTACIÓN SEXUAL E IDENTIDAD DE GÉNERO,28
Castilla y León,2022,ORIENTACIÓN SEXUAL E IDENTIDAD DE GÉNERO,15
Castilla y León,2021,ORIENTACIÓN SEXUAL E IDENTIDAD DE GÉNERO,18
Castilla y León,2020,ORIENTACIÓN SEXUAL E IDENTIDAD DE GÉNERO,8
Castilla y León,2019,ORIENTACIÓN SEXUAL E IDENTIDAD DE GÉNERO,16
Castilla y León,2018,ORIENTACIÓN SEXUAL E IDENTIDAD DE GÉNERO,5
Castilla y León,2017,ORIENTACIÓN SEXUAL E IDENTIDAD DE GÉNERO,7
Castilla y León,2016,ORIENTACIÓN SEXUAL E IDENTIDAD DE GÉNERO,4
Castilla y León,2015,ORIENTACIÓN SEXUAL E IDENTIDAD DE GÉNERO,5
Castilla y León,2014,ORIENTACIÓN SEXUAL E IDENTIDAD DE GÉNERO,19
Castilla y León,2024,RACISMO/XENOFOBIA,37
Castilla y León,2023,RACISMO/XENOFOBIA,36
Castilla y León,2022,RACISMO/XENOFOBIA,23
Castilla y León,2021,RACISMO/XENOFOBIA,18
Castilla y León,2020,RACISMO/XENOFOBIA,13
Castilla y León,2019,RACISMO/XENOFOBIA,17
Castilla y León,2018,RACISMO/XENOFOBIA,23
Castilla y León,2017,RACISMO/XENOFOBIA,23
Castilla y León,2016,RACISMO/XENOFOBIA,14
Castilla y León,2015,RACISMO/XENOFOBIA,17
Castilla y León,2014,RACISMO/XENOFOBIA,12
Castilla y León,2024,TOTAL ámbitos,93
Castilla y León,2023,TOTAL ámbitos,115
Castilla y León,2022,TOTAL ámbitos,64
Castilla y León,2021,TOTAL ámbitos,90
Castilla y León,2020,TOTAL ámbitos,56
Castilla y León,2019,TOTAL ámbitos,78
Castilla y León,2018,TOTAL ámbitos,57
Castilla y León,2017,TOTAL ámbitos,62
Castilla y León,2016,TOTAL ámbitos,49
Castilla y León,2015,TOTAL ámbitos,55
Castilla y León,2014,TOTAL ámbitos,55
Castilla-La Mancha,2024,ANTIGITANISMO,3
Castilla-La Mancha,2023,ANTIGITANISMO,4
Castilla-La Mancha,2022,ANTIGITANISMO,2
Castilla-La Mancha,2021,ANTIGITANISMO,2
Castilla-La Mancha,2020,ANTIGITANISMO,1
Castilla-La Mancha,2019,ANTIGITANISMO,4
Castilla-La Mancha,2018,ANTIGITANISMO,0
Castilla-La Mancha,2017,ANTIGITANISMO,0
Castilla-La Mancha,2016,ANTIGITANISMO,0
Castilla-La Mancha,2015,ANTIGITANISMO,0
Castilla-La Mancha,2014,ANTIGITANISMO,0
Castilla-La Mancha,2024,ANTISEMITISMO,0
Castilla-La Mancha,2023,ANTISEMITISMO,0
Castilla-La Mancha,2022,ANTISEMITISMO,0
Castilla-La Mancha,2021,ANTISEMITISMO,0
Castilla-La Mancha,2020,ANTISEMITISMO,0
Castilla-La Mancha,2019,ANTISEMITISMO,0
Castilla-La Mancha,2018,ANTISEMITISMO,0
Castilla-La Mancha,2017,ANTISEMITISMO,0
Castilla-La Mancha,2016,ANTISEMITISMO,0
Castilla-La Mancha,2015,ANTISEMITISMO,0
Castilla-La Mancha,2014,ANTISEMITISMO,1
Castilla-La Mancha,2024,APOROFOBIA,0
Castilla-La Mancha,2023,APOROFOBIA,1
Castilla-La Mancha,2022,APOROFOBIA,1
Castilla-La Mancha,2021,APOROFOBIA,0
Castilla-La Mancha,2020,APOROFOBIA,0
Castilla-La Mancha,2019,APOROFOBIA,0
Castilla-La Mancha,2018,APOROFOBIA,0
Castilla-La Mancha,2017,APOROFOBIA,0
Castilla-La Mancha,2016,APOROFOBIA,0
Castilla-La Mancha,2015,APOROFOBIA,0
Castilla-La Mancha,2014,APOROFOBIA,1
Castilla-La Mancha,2024,CREENCIAS O PRÁCTICAS RELIGIOSAS,5
Castilla-La Mancha,2023,CREENCIAS O PRÁCTICAS RELIGIOSAS,2
Castilla-La Mancha,2022,CREENCIAS O PRÁCTICAS RELIGIOSAS,2
Castilla-La Mancha,2021,CREENCIAS O PRÁCTICAS RELIGIOSAS,2
Castilla-La Mancha,2020,CREENCIAS O PRÁCTICAS RELIGIOSAS,0
Castilla-La Mancha,2019,CREENCIAS O PRÁCTICAS RELIGIOSAS,0
Castilla-La Mancha,2018,CREENCIAS O PRÁCTICAS RELIGIOSAS,3
Castilla-La Mancha,2017,CREENCIAS O PRÁCTICAS RELIGIOSAS,0
Castilla-La Mancha,2016,CREENCIAS O PRÁCTICAS RELIGIOSAS,1
Castilla-La Mancha,2015,CREENCIAS O PRÁCTICAS RELIGIOSAS,3
Castilla-La Mancha,2014,CREENCIAS O PRÁCTICAS RELIGIOSAS,3
Castilla-La Mancha,2024,DISFOBIA,1
Castilla-La Mancha,2023,DISFOBIA,7
Castilla-La Mancha,2022,DISFOBIA,0
Castilla-La Mancha,2021,DISFOBIA,1
Castilla-La Mancha,2020,DISFOBIA,3
Castilla-La Mancha,2019,DISFOBIA,3
Castilla-La Mancha,2018,DISFOBIA,1
Castilla-La Mancha,2017,DISFOBIA,0
Castilla-La Mancha,2016,DISFOBIA,29
Castilla-La Mancha,2015,DISFOBIA,7
Castilla-La Mancha,2014,DISFOBIA,9
Castilla-La Mancha,2024,DISCRIMINACIÓN GENERACIONAL,3
Castilla-La Mancha,2023,DISCRIMINACIÓN GENERACIONAL,0
Castilla-La Mancha,2022,DISCRIMINACIÓN GENERACIONAL,0
Castilla-La Mancha,2021,DISCRIMINACIÓN GENERACIONAL,0
Castilla-La Mancha,2020,DISCRIMINACIÓN GENERACIONAL,0
Castilla-La Mancha,2019,DISCRIMINACIÓN GENERACIONAL,0
Castilla-La Mancha,2018,DISCRIMINACIÓN GENERACIONAL,0
Castilla-La Mancha,2017,DISCRIMINACIÓN GENERACIONAL,0
Castilla-La Mancha,2016,DISCRIMINACIÓN GENERACIONAL,0
Castilla-La Mancha,2015,DISCRIMINACIÓN GENERACIONAL,0
Castilla-La Mancha,2014,DISCRIMINACIÓN GENERACIONAL,0
Castilla-La Mancha,2024,DISCRIMINACIÓN POR RAZÓN DE ENFERMEDAD,1
Castilla-La Mancha,2023,DISCRIMINACIÓN POR RAZÓN DE ENFERMEDAD,2
Castilla-La Mancha,2022,DISCRIMINACIÓN POR RAZÓN DE ENFERMEDAD,1
Castilla-La Mancha,2021,DISCRIMINACIÓN POR RAZÓN DE ENFERMEDAD,4
Castilla-La Mancha,2020,DISCRIMINACIÓN POR RAZÓN DE ENFERMEDAD,2
Castilla-La Mancha,2019,DISCRIMINACIÓN POR RAZÓN DE ENFERMEDAD,1
Castilla-La Mancha,2018,DISCRIMINACIÓN POR RAZÓN DE ENFERMEDAD,2
Castilla-La Mancha,2017,DISCRIMINACIÓN POR RAZÓN DE ENFERMEDAD,0
Castilla-La Mancha,2016,DISCRIMINACIÓN POR RAZÓN DE ENFERMEDAD,0
Castilla-La Mancha,2015,DISCRIMINACIÓN POR RAZÓN DE ENFERMEDAD,0
Castilla-La Mancha,2014,DISCRIMINACIÓN POR RAZÓN DE ENFERMEDAD,0
Castilla-La Mancha,2024,DISCRIMINACIÓN POR RAZÓN DE SEXO/GÉNERO,3
Castilla-La Mancha,2023,DISCRIMINACIÓN POR RAZÓN DE SEXO/GÉNERO,2
Castilla-La Mancha,2022,DISCRIMINACIÓN POR RAZÓN DE SEXO/GÉNERO,5
Castilla-La Mancha,2021,DISCRIMINACIÓN POR RAZÓN DE SEXO/GÉNERO,4
Castilla-La Mancha,2020,DISCRIMINACIÓN POR RAZÓN DE SEXO/GÉNERO,3
Castilla-La Mancha,2019,DISCRIMINACIÓN POR RAZÓN DE SEXO/GÉNERO,2
Castilla-La Mancha,2018,DISCRIMINACIÓN POR RAZÓN DE SEXO/GÉNERO,2
Castilla-La Mancha,2017,DISCRIMINACIÓN POR RAZÓN DE SEXO/GÉNERO,0
Castilla-La Mancha,2016,DISCRIMINACIÓN POR RAZÓN DE SEXO/GÉNERO,0
Castilla-La Mancha,2015,DISCRIMINACIÓN POR RAZÓN DE SEXO/GÉNERO,1
Castilla-La Mancha,2014,DISCRIMINACIÓN POR RAZÓN DE SEXO/GÉNERO,0
Castilla-La Mancha,2024,IDEOLOGIA,6
Castilla-La Mancha,2023,IDEOLOGIA,28
Castilla-La Mancha,2022,IDEOLOGIA,12
Castilla-La Mancha,2021,IDEOLOGIA,13
Castilla-La Mancha,2020,IDEOLOGIA,22
Castilla-La Mancha,2019,IDEOLOGIA,23
Castilla-La Mancha,2018,IDEOLOGIA,10
Castilla-La Mancha,2017,IDEOLOGIA,18
Castilla-La Mancha,2016,IDEOLOGIA,17
Castilla-La Mancha,2015,IDEOLOGIA,31
Castilla-La Mancha,2014,IDEOLOGIA,0
Castilla-La Mancha,2024,ISLAMOFOBIA,1
Castilla-La Mancha,2023,ISLAMOFOBIA,0
Castilla-La Mancha,2022,ISLAMOFOBIA,0
Castilla-La Mancha,2021,ISLAMOFOBIA,0
Castilla-La Mancha,2020,ISLAMOFOBIA,0
Castilla-La Mancha,2019,ISLAMOFOBIA,0
Castilla-La Mancha,2018,ISLAMOFOBIA,0
Castilla-La Mancha,2017,ISLAMOFOBIA,0
Castilla-La Mancha,2016,ISLAMOFOBIA,0
Castilla-La Mancha,2015,ISLAMOFOBIA,0
Castilla-La Mancha,2014,ISLAMOFOBIA,0
Castilla-La Mancha,2024,ORIENTACIÓN SEXUAL E IDENTIDAD DE GÉNERO,16
Castilla-La Mancha,2023,ORIENTACIÓN SEXUAL E IDENTIDAD DE GÉNERO,12
Castilla-La Mancha,2022,ORIENTACIÓN SEXUAL E IDENTIDAD DE GÉNERO,20
Castilla-La Mancha,2021,ORIENTACIÓN SEXUAL E IDENTIDAD DE GÉNERO,7
Castilla-La Mancha,2020,ORIENTACIÓN SEXUAL E IDENTIDAD DE GÉNERO,7
Castilla-La Mancha,2019,ORIENTACIÓN SEXUAL E IDENTIDAD DE GÉNERO,5
Castilla-La Mancha,2018,ORIENTACIÓN SEXUAL E IDENTIDAD DE GÉNERO,7
Castilla-La Mancha,2017,ORIENTACIÓN SEXUAL E IDENTIDAD DE GÉNERO,6
Castilla-La Mancha,2016,ORIENTACIÓN SEXUAL E IDENTIDAD DE GÉNERO,4
Castilla-La Mancha,2015,ORIENTACIÓN SEXUAL E IDENTIDAD DE GÉNERO,6
Castilla-La Mancha,2014,ORIENTACIÓN SEXUAL E IDENTIDAD DE GÉNERO,15
Castilla-La Mancha,2024,RACISMO/XENOFOBIA,24
Castilla-La Mancha,2023,RACISMO/XENOFOBIA,23
Castilla-La Mancha,2022,RACISMO/XENOFOBIA,32
Castilla-La Mancha,2021,RACISMO/XENOFOBIA,13
Castilla-La Mancha,2020,RACISMO/XENOFOBIA,11
Castilla-La Mancha,2019,RACISMO/XENOFOBIA,13
Castilla-La Mancha,2018,RACISMO/XENOFOBIA,8
Castilla-La Mancha,2017,RACISMO/XENOFOBIA,15
Castilla-La Mancha,2016,RACISMO/XENOFOBIA,5
Castilla-La Mancha,2015,RACISMO/XENOFOBIA,25
Castilla-La Mancha,2014,RACISMO/XENOFOBIA,29
Castilla-La Mancha,2024,TOTAL ámbitos,63
Castilla-La Mancha,2023,TOTAL ámbitos,81
Castilla-La Mancha,2022,TOTAL ámbitos,75
Castilla-La Mancha,2021,TOTAL ámbitos,46
Castilla-La Mancha,2020,TOTAL ámbitos,49
Castilla-La Mancha,2019,TOTAL ámbitos,51
Castilla-La Mancha,2018,TOTAL ámbitos,33
Castilla-La Mancha,2017,TOTAL ámbitos,39
Castilla-La Mancha,2016,TOTAL ámbitos,56
Castilla-La Mancha,2015,TOTAL ámbitos,73
Castilla-La Mancha,2014,TOTAL ámbitos,58
Cataluña,2024,ANTIGITANISMO,0
Cataluña,2023,ANTIGITANISMO,0
Cataluña,2022,ANTIGITANISMO,0
Cataluña,2021,ANTIGITANISMO,0
Cataluña,2020,ANTIGITANISMO,0
Cataluña,2019,ANTIGITANISMO,0
Cataluña,2018,ANTIGITANISMO,0
Cataluña,2017,ANTIGITANISMO,0
Cataluña,2016,ANTIGITANISMO,0
Cataluña,2015,ANTIGITANISMO,0
Cataluña,2014,ANTIGITANISMO,0
Cataluña,2024,ANTISEMITISMO,9
Cataluña,2023,ANTISEMITISMO,4
Cataluña,2022,ANTISEMITISMO,3
Cataluña,2021,ANTISEMITISMO,5
Cataluña,2020,ANTISEMITISMO,2
Cataluña,2019,ANTISEMITISMO,3
Cataluña,2018,ANTISEMITISMO,2
Cataluña,2017,ANTISEMITISMO,3
Cataluña,2016,ANTISEMITISMO,5
Cataluña,2015,ANTISEMITISMO,3
Cataluña,2014,ANTISEMITISMO,5
Cataluña,2024,APOROFOBIA,6
Cataluña,2023,APOROFOBIA,3
Cataluña,2022,APOROFOBIA,2
Cataluña,2021,APOROFOBIA,3
Cataluña,2020,APOROFOBIA,2
Cataluña,2019,APOROFOBIA,1
Cataluña,2018,APOROFOBIA,1
Cataluña,2017,APOROFOBIA,2
Cataluña,2016,APOROFOBIA,1
Cataluña,2015,APOROFOBIA,4
Cataluña,2014,APOROFOBIA,3
Cataluña,2024,CREENCIAS O PRÁCTICAS RELIGIOSAS,8
Cataluña,2023,CREENCIAS O PRÁCTICAS RELIGIOSAS,12
Cataluña,2022,CREENCIAS O PRÁCTICAS RELIGIOSAS,4
Cataluña,2021,CREENCIAS O PRÁCTICAS RELIGIOSAS,7
Cataluña,2020,CREENCIAS O PRÁCTICAS RELIGIOSAS,12
Cataluña,2019,CREENCIAS O PRÁCTICAS RELIGIOSAS,17
Cataluña,2018,CREENCIAS O PRÁCTICAS RELIGIOSAS,37
Cataluña,2017,CREENCIAS O PRÁCTICAS RELIGIOSAS,43
Cataluña,2016,CREENCIAS O PRÁCTICAS RELIGIOSAS,14
Cataluña,2015,CREENCIAS O PRÁCTICAS RELIGIOSAS,32
Cataluña,2014,CREENCIAS O PRÁCTICAS RELIGIOSAS,33
Cataluña,2024,DISFOBIA,9
Cataluña,2023,DISFOBIA,8
Cataluña,2022,DISFOBIA,6
Cataluña,2021,DISFOBIA,5
Cataluña,2020,DISFOBIA,2
Cataluña,2019,DISFOBIA,8
Cataluña,2018,DISFOBIA,10
Cataluña,2017,DISFOBIA,10
Cataluña,2016,DISFOBIA,6
Cataluña,2015,DISFOBIA,9
Cataluña,2014,DISFOBIA,6
Cataluña,2024,DISCRIMINACIÓN GENERACIONAL,0
Cataluña,2023,DISCRIMINACIÓN GENERACIONAL,0
Cataluña,2022,DISCRIMINACIÓN GENERACIONAL,2
Cataluña,2021,DISCRIMINACIÓN GENERACIONAL,2
Cataluña,2020,DISCRIMINACIÓN GENERACIONAL,0
Cataluña,2019,DISCRIMINACIÓN GENERACIONAL,0
Cataluña,2018,DISCRIMINACIÓN GENERACIONAL,0
Cataluña,2017,DISCRIMINACIÓN GENERACIONAL,0
Cataluña,2016,DISCRIMINACIÓN GENERACIONAL,0
Cataluña,2015,DISCRIMINACIÓN GENERACIONAL,0
Cataluña,2014,DISCRIMINACIÓN GENERACIONAL,0
Cataluña,2024,DISCRIMINACIÓN POR RAZÓN DE ENFERMEDAD,0
Cataluña,2023,DISCRIMINACIÓN POR RAZÓN DE ENFERMEDAD,0
Cataluña,2022,DISCRIMINACIÓN POR RAZÓN DE ENFERMEDAD,0
Cataluña,2021,DISCRIMINACIÓN POR RAZÓN DE ENFERMEDAD,0
Cataluña,2020,DISCRIMINACIÓN POR RAZÓN DE ENFERMEDAD,0
Cataluña,2019,DISCRIMINACIÓN POR RAZÓN DE ENFERMEDAD,0
Cataluña,2018,DISCRIMINACIÓN POR RAZÓN DE ENFERMEDAD,0
Cataluña,2017,DISCRIMINACIÓN POR RAZÓN DE ENFERMEDAD,0
Cataluña,2016,DISCRIMINACIÓN POR RAZÓN DE ENFERMEDAD,0
Cataluña,2015,DISCRIMINACIÓN POR RAZÓN DE ENFERMEDAD,0
Cataluña,2014,DISCRIMINACIÓN POR RAZÓN DE ENFERMEDAD,0
Cataluña,2024,DISCRIMINACIÓN POR RAZÓN DE SEXO/GÉNERO,9
Cataluña,2023,DISCRIMINACIÓN POR RAZÓN DE SEXO/GÉNERO,9
Cataluña,2022,DISCRIMINACIÓN POR RAZÓN DE SEXO/GÉNERO,10
Cataluña,2021,DISCRIMINACIÓN POR RAZÓN DE SEXO/GÉNERO,15
Cataluña,2020,DISCRIMINACIÓN POR RAZÓN DE SEXO/GÉNERO,5
Cataluña,2019,DISCRIMINACIÓN POR RAZÓN DE SEXO/GÉNERO,9
Cataluña,2018,DISCRIMINACIÓN POR RAZÓN DE SEXO/GÉNERO,9
Cataluña,2017,DISCRIMINACIÓN POR RAZÓN DE SEXO/GÉNERO,6
Cataluña,2016,DISCRIMINACIÓN POR RAZÓN DE SEXO/GÉNERO,20
Cataluña,2015,DISCRIMINACIÓN POR RAZÓN DE SEXO/GÉNERO,3
Cataluña,2014,DISCRIMINACIÓN POR RAZÓN DE SEXO/GÉNERO,0
Cataluña,2024,IDEOLOGIA,35
Cataluña,2023,IDEOLOGIA,72
Cataluña,2022,IDEOLOGIA,46
Cataluña,2021,IDEOLOGIA,65
Cataluña,2020,IDEOLOGIA,72
Cataluña,2019,IDEOLOGIA,257
Cataluña,2018,IDEOLOGIA,350
Cataluña,2017,IDEOLOGIA,187
Cataluña,2016,IDEOLOGIA,65
Cataluña,2015,IDEOLOGIA,83
Cataluña,2014,IDEOLOGIA,0
Cataluña,2024,ISLAMOFOBIA,3
Cataluña,2023,ISLAMOFOBIA,0
Cataluña,2022,ISLAMOFOBIA,0
Cataluña,2021,ISLAMOFOBIA,0
Cataluña,2020,ISLAMOFOBIA,0
Cataluña,2019,ISLAMOFOBIA,0
Cataluña,2018,ISLAMOFOBIA,0
Cataluña,2017,ISLAMOFOBIA,0
Cataluña,2016,ISLAMOFOBIA,0
Cataluña,2015,ISLAMOFOBIA,0
Cataluña,2014,ISLAMOFOBIA,0
Cataluña,2024,ORIENTACIÓN SEXUAL E IDENTIDAD DE GÉNERO,116
Cataluña,2023,ORIENTACIÓN SEXUAL E IDENTIDAD DE GÉNERO,111
Cataluña,2022,ORIENTACIÓN SEXUAL E IDENTIDAD DE GÉNERO,88
Cataluña,2021,ORIENTACIÓN SEXUAL E IDENTIDAD DE GÉNERO,101
Cataluña,2020,ORIENTACIÓN SEXUAL E IDENTIDAD DE GÉNERO,69
Cataluña,2019,ORIENTACIÓN SEXUAL E IDENTIDAD DE GÉNERO,101
Cataluña,2018,ORIENTACIÓN SEXUAL E IDENTIDAD DE GÉNERO,77
Cataluña,2017,ORIENTACIÓN SEXUAL E IDENTIDAD DE GÉNERO,99
Cataluña,2016,ORIENTACIÓN SEXUAL E IDENTIDAD DE GÉNERO,60
Cataluña,2015,ORIENTACIÓN SEXUAL E IDENTIDAD DE GÉNERO,50
Cataluña,2014,ORIENTACIÓN SEXUAL E IDENTIDAD DE GÉNERO,43
Cataluña,2024,RACISMO/XENOFOBIA,96
Cataluña,2023,RACISMO/XENOFOBIA,89
Cataluña,2022,RACISMO/XENOFOBIA,92
Cataluña,2021,RACISMO/XENOFOBIA,82
Cataluña,2020,RACISMO/XENOFOBIA,72
Cataluña,2019,RACISMO/XENOFOBIA,119
Cataluña,2018,RACISMO/XENOFOBIA,114
Cataluña,2017,RACISMO/XENOFOBIA,166
Cataluña,2016,RACISMO/XENOFOBIA,111
Cataluña,2015,RACISMO/XENOFOBIA,93
Cataluña,2014,RACISMO/XENOFOBIA,124
Cataluña,2024,TOTAL ámbitos,291
Cataluña,2023,TOTAL ámbitos,308
Cataluña,2022,TOTAL ámbitos,253
Cataluña,2021,TOTAL ámbitos,285
Cataluña,2020,TOTAL ámbitos,236
Cataluña,2019,TOTAL ámbitos,515
Cataluña,2018,TOTAL ámbitos,600
Cataluña,2017,TOTAL ámbitos,516
Cataluña,2016,TOTAL ámbitos,282
Cataluña,2015,TOTAL ámbitos,277
Cataluña,2014,TOTAL ámbitos,214
Comunidad Valenciana,2024,ANTIGITANISMO,1
Comunidad Valenciana,2023,ANTIGITANISMO,2
Comunidad Valenciana,2022,ANTIGITANISMO,1
Comunidad Valenciana,2021,ANTIGITANISMO,0
Comunidad Valenciana,2020,ANTIGITANISMO,1
Comunidad Valenciana,2019,ANTIGITANISMO,0
Comunidad Valenciana,2018,ANTIGITANISMO,0
Comunidad Valenciana,2017,ANTIGITANISMO,0
Comunidad Valenciana,2016,ANTIGITANISMO,0
Comunidad Valenciana,2015,ANTIGITANISMO,0
Comunidad Valenciana,2014,ANTIGITANISMO,0
Comunidad Valenciana,2024,ANTISEMITISMO,3
Comunidad Valenciana,2023,ANTISEMITISMO,6
Comunidad Valenciana,2022,ANTISEMITISMO,0
Comunidad Valenciana,2021,ANTISEMITISMO,1
Comunidad Valenciana,2020,ANTISEMITISMO,0
Comunidad Valenciana,2019,ANTISEMITISMO,1
Comunidad Valenciana,2018,ANTISEMITISMO,0
Comunidad Valenciana,2017,ANTISEMITISMO,0
Comunidad Valenciana,2016,ANTISEMITISMO,0
Comunidad Valenciana,2015,ANTISEMITISMO,0
Comunidad Valenciana,2014,ANTISEMITISMO,3
Comunidad Valenciana,2024,APOROFOBIA,3
Comunidad Valenciana,2023,APOROFOBIA,3
Comunidad Valenciana,2022,APOROFOBIA,3
Comunidad Valenciana,2021,APOROFOBIA,1
Comunidad Valenciana,2020,APOROFOBIA,2
Comunidad Valenciana,2019,APOROFOBIA,0
Comunidad Valenciana,2018,APOROFOBIA,2
Comunidad Valenciana,2017,APOROFOBIA,3
Comunidad Valenciana,2016,APOROFOBIA,2
Comunidad Valenciana,2015,APOROFOBIA,2
Comunidad Valenciana,2014,APOROFOBIA,2
Comunidad Valenciana,2024,CREENCIAS O PRÁCTICAS RELIGIOSAS,5
Comunidad Valenciana,2023,CREENCIAS O PRÁCTICAS RELIGIOSAS,9
Comunidad Valenciana,2022,CREENCIAS O PRÁCTICAS RELIGIOSAS,6
Comunidad Valenciana,2021,CREENCIAS O PRÁCTICAS RELIGIOSAS,11
Comunidad Valenciana,2020,CREENCIAS O PRÁCTICAS RELIGIOSAS,5
Comunidad Valenciana,2019,CREENCIAS O PRÁCTICAS RELIGIOSAS,5
Comunidad Valenciana,2018,CREENCIAS O PRÁCTICAS RELIGIOSAS,6
Comunidad Valenciana,2017,CREENCIAS O PRÁCTICAS RELIGIOSAS,8
Comunidad Valenciana,2016,CREENCIAS O PRÁCTICAS RELIGIOSAS,3
Comunidad Valenciana,2015,CREENCIAS O PRÁCTICAS RELIGIOSAS,6
Comunidad Valenciana,2014,CREENCIAS O PRÁCTICAS RELIGIOSAS,6
Comunidad Valenciana,2024,DISFOBIA,1
Comunidad Valenciana,2023,DISFOBIA,7
Comunidad Valenciana,2022,DISFOBIA,2
Comunidad Valenciana,2021,DISFOBIA,1
Comunidad Valenciana,2020,DISFOBIA,4
Comunidad Valenciana,2019,DISFOBIA,3
Comunidad Valenciana,2018,DISFOBIA,2
Comunidad Valenciana,2017,DISFOBIA,0
Comunidad Valenciana,2016,DISFOBIA,50
Comunidad Valenciana,2015,DISFOBIA,43
Comunidad Valenciana,2014,DISFOBIA,39
Comunidad Valenciana,2024,DISCRIMINACIÓN GENERACIONAL,2
Comunidad Valenciana,2023,DISCRIMINACIÓN GENERACIONAL,3
Comunidad Valenciana,2022,DISCRIMINACIÓN GENERACIONAL,4
Comunidad Valenciana,2021,DISCRIMINACIÓN GENERACIONAL,23
Comunidad Valenciana,2020,DISCRIMINACIÓN GENERACIONAL,0
Comunidad Valenciana,2019,DISCRIMINACIÓN GENERACIONAL,0
Comunidad Valenciana,2018,DISCRIMINACIÓN GENERACIONAL,4
Comunidad Valenciana,2017,DISCRIMINACIÓN GENERACIONAL,0
Comunidad Valenciana,2016,DISCRIMINACIÓN GENERACIONAL,0
Comunidad Valenciana,2015,DISCRIMINACIÓN GENERACIONAL,0
Comunidad Valenciana,2014,DISCRIMINACIÓN GENERACIONAL,0
Comunidad Valenciana,2024,DISCRIMINACIÓN POR RAZÓN DE ENFERMEDAD,1
Comunidad Valenciana,2023,DISCRIMINACIÓN POR RAZÓN DE ENFERMEDAD,1
Comunidad Valenciana,2022,DISCRIMINACIÓN POR RAZÓN DE ENFERMEDAD,2
Comunidad Valenciana,2021,DISCRIMINACIÓN POR RAZÓN DE ENFERMEDAD,2
Comunidad Valenciana,2020,DISCRIMINACIÓN POR RAZÓN DE ENFERMEDAD,3
Comunidad Valenciana,2019,DISCRIMINACIÓN POR RAZÓN DE ENFERMEDAD,2
Comunidad Valenciana,2018,DISCRIMINACIÓN POR RAZÓN DE ENFERMEDAD,1
Comunidad Valenciana,2017,DISCRIMINACIÓN POR RAZÓN DE ENFERMEDAD,0
Comunidad Valenciana,2016,DISCRIMINACIÓN POR RAZÓN DE ENFERMEDAD,0
Comunidad Valenciana,2015,DISCRIMINACIÓN POR RAZÓN DE ENFERMEDAD,0
Comunidad Valenciana,2014,DISCRIMINACIÓN POR RAZÓN DE ENFERMEDAD,0
Comunidad Valenciana,2024,DISCRIMINACIÓN POR RAZÓN DE SEXO/GÉNERO,30
Comunidad Valenciana,2023,DISCRIMINACIÓN POR RAZÓN DE SEXO/GÉNERO,27
Comunidad Valenciana,2022,DISCRIMINACIÓN POR RAZÓN DE SEXO/GÉNERO,16
Comunidad Valenciana,2021,DISCRIMINACIÓN POR RAZÓN DE SEXO/GÉNERO,19
Comunidad Valenciana,2020,DISCRIMINACIÓN POR RAZÓN DE SEXO/GÉNERO,24
Comunidad Valenciana,2019,DISCRIMINACIÓN POR RAZÓN DE SEXO/GÉNERO,9
Comunidad Valenciana,2018,DISCRIMINACIÓN POR RAZÓN DE SEXO/GÉNERO,7
Comunidad Valenciana,2017,DISCRIMINACIÓN POR RAZÓN DE SEXO/GÉNERO,1
Comunidad Valenciana,2016,DISCRIMINACIÓN POR RAZÓN DE SEXO/GÉNERO,2
Comunidad Valenciana,2015,DISCRIMINACIÓN POR RAZÓN DE SEXO/GÉNERO,4
Comunidad Valenciana,2014,DISCRIMINACIÓN POR RAZÓN DE SEXO/GÉNERO,0
Comunidad Valenciana,2024,IDEOLOGIA,12
Comunidad Valenciana,2023,IDEOLOGIA,19
Comunidad Valenciana,2022,IDEOLOGIA,16
Comunidad Valenciana,2021,IDEOLOGIA,22
Comunidad Valenciana,2020,IDEOLOGIA,24
Comunidad Valenciana,2019,IDEOLOGIA,48
Comunidad Valenciana,2018,IDEOLOGIA,42
Comunidad Valenciana,2017,IDEOLOGIA,28
Comunidad Valenciana,2016,IDEOLOGIA,18
Comunidad Valenciana,2015,IDEOLOGIA,18
Comunidad Valenciana,2014,IDEOLOGIA,0
Comunidad Valenciana,2024,ISLAMOFOBIA,5
Comunidad Valenciana,2023,ISLAMOFOBIA,0
Comunidad Valenciana,2022,ISLAMOFOBIA,0
Comunidad Valenciana,2021,ISLAMOFOBIA,0
Comunidad Valenciana,2020,ISLAMOFOBIA,0
Comunidad Valenciana,2019,ISLAMOFOBIA,0
Comunidad Valenciana,2018,ISLAMOFOBIA,0
Comunidad Valenciana,2017,ISLAMOFOBIA,0
Comunidad Valenciana,2016,ISLAMOFOBIA,0
Comunidad Valenciana,2015,ISLAMOFOBIA,0
Comunidad Valenciana,2014,ISLAMOFOBIA,0
Comunidad Valenciana,2024,ORIENTACIÓN SEXUAL E IDENTIDAD DE GÉNERO,59
Comunidad Valenciana,2023,ORIENTACIÓN SEXUAL E IDENTIDAD DE GÉNERO,70
Comunidad Valenciana,2022,ORIENTACIÓN SEXUAL E IDENTIDAD DE GÉNERO,55
Comunidad Valenciana,2021,ORIENTACIÓN SEXUAL E IDENTIDAD DE GÉNERO,53
Comunidad Valenciana,2020,ORIENTACIÓN SEXUAL E IDENTIDAD DE GÉNERO,21
Comunidad Valenciana,2019,ORIENTACIÓN SEXUAL E IDENTIDAD DE GÉNERO,18
Comunidad Valenciana,2018,ORIENTACIÓN SEXUAL E IDENTIDAD DE GÉNERO,13
Comunidad Valenciana,2017,ORIENTACIÓN SEXUAL E IDENTIDAD DE GÉNERO,26
Comunidad Valenciana,2016,ORIENTACIÓN SEXUAL E IDENTIDAD DE GÉNERO,17
Comunidad Valenciana,2015,ORIENTACIÓN SEXUAL E IDENTIDAD DE GÉNERO,17
Comunidad Valenciana,2014,ORIENTACIÓN SEXUAL E IDENTIDAD DE GÉNERO,28
Comunidad Valenciana,2024,RACISMO/XENOFOBIA,132
Comunidad Valenciana,2023,RACISMO/XENOFOBIA,104
Comunidad Valenciana,2022,RACISMO/XENOFOBIA,83
Comunidad Valenciana,2021,RACISMO/XENOFOBIA,61
Comunidad Valenciana,2020,RACISMO/XENOFOBIA,67
Comunidad Valenciana,2019,RACISMO/XENOFOBIA,58
Comunidad Valenciana,2018,RACISMO/XENOFOBIA,48
Comunidad Valenciana,2017,RACISMO/XENOFOBIA,55
Comunidad Valenciana,2016,RACISMO/XENOFOBIA,35
Comunidad Valenciana,2015,RACISMO/XENOFOBIA,33
Comunidad Valenciana,2014,RACISMO/XENOFOBIA,41
Comunidad Valenciana,2024,TOTAL ámbitos,254
Comunidad Valenciana,2023,TOTAL ámbitos,251
Comunidad Valenciana,2022,TOTAL ámbitos,188
Comunidad Valenciana,2021,TOTAL ámbitos,194
Comunidad Valenciana,2020,TOTAL ámbitos,151
Comunidad Valenciana,2019,TOTAL ámbitos,144
Comunidad Valenciana,2018,TOTAL ámbitos,125
Comunidad Valenciana,2017,TOTAL ámbitos,121
Comunidad Valenciana,2016,TOTAL ámbitos,127
Comunidad Valenciana,2015,TOTAL ámbitos,123
Comunidad Valenciana,2014,TOTAL ámbitos,119
Extremadura,2024,ANTIGITANISMO,1
Extremadura,2023,ANTIGITANISMO,1
Extremadura,2022,ANTIGITANISMO,0
Extremadura,2021,ANTIGITANISMO,0
Extremadura,2020,ANTIGITANISMO,1
Extremadura,2019,ANTIGITANISMO,1
Extremadura,2018,ANTIGITANISMO,0
Extremadura,2017,ANTIGITANISMO,0
Extremadura,2016,ANTIGITANISMO,0
Extremadura,2015,ANTIGITANISMO,0
Extremadura,2014,ANTIGITANISMO,0
Extremadura,2024,ANTISEMITISMO,0
Extremadura,2023,ANTISEMITISMO,0
Extremadura,2022,ANTISEMITISMO,0
Extremadura,2021,ANTISEMITISMO,0
Extremadura,2020,ANTISEMITISMO,0
Extremadura,2019,ANTISEMITISMO,0
Extremadura,2018,ANTISEMITISMO,0
Extremadura,2017,ANTISEMITISMO,0
Extremadura,2016,ANTISEMITISMO,0
Extremadura,2015,ANTISEMITISMO,0
Extremadura,2014,ANTISEMITISMO,0
Extremadura,2024,APOROFOBIA,0
Extremadura,2023,APOROFOBIA,0
Extremadura,2022,APOROFOBIA,0
Extremadura,2021,APOROFOBIA,0
Extremadura,2020,APOROFOBIA,0
Extremadura,2019,APOROFOBIA,0
Extremadura,2018,APOROFOBIA,0
Extremadura,2017,APOROFOBIA,0
Extremadura,2016,APOROFOBIA,0
Extremadura,2015,APOROFOBIA,0
Extremadura,2014,APOROFOBIA,0
Extremadura,2024,CREENCIAS O PRÁCTICAS RELIGIOSAS,0
Extremadura,2023,CREENCIAS O PRÁCTICAS RELIGIOSAS,0
Extremadura,2022,CREENCIAS O PRÁCTICAS RELIGIOSAS,2
Extremadura,2021,CREENCIAS O PRÁCTICAS RELIGIOSAS,2
Extremadura,2020,CREENCIAS O PRÁCTICAS RELIGIOSAS,2
Extremadura,2019,CREENCIAS O PRÁCTICAS RELIGIOSAS,1
Extremadura,2018,CREENCIAS O PRÁCTICAS RELIGIOSAS,0
Extremadura,2017,CREENCIAS O PRÁCTICAS RELIGIOSAS,0
Extremadura,2016,CREENCIAS O PRÁCTICAS RELIGIOSAS,0
Extremadura,2015,CREENCIAS O PRÁCTICAS RELIGIOSAS,0
Extremadura,2014,CREENCIAS O PRÁCTICAS RELIGIOSAS,0
Extremadura,2024,DISFOBIA,0
Extremadura,2023,DISFOBIA,0
Extremadura,2022,DISFOBIA,0
Extremadura,2021,DISFOBIA,4
Extremadura,2020,DISFOBIA,2
Extremadura,2019,DISFOBIA,3
Extremadura,2018,DISFOBIA,0
Extremadura,2017,DISFOBIA,0
Extremadura,2016,DISFOBIA,10
Extremadura,2015,DISFOBIA,9
Extremadura,2014,DISFOBIA,6
Extremadura,2024,DISCRIMINACIÓN GENERACIONAL,0
Extremadura,2023,DISCRIMINACIÓN GENERACIONAL,0
Extremadura,2022,DISCRIMINACIÓN GENERACIONAL,0
Extremadura,2021,DISCRIMINACIÓN GENERACIONAL,1
Extremadura,2020,DISCRIMINACIÓN GENERACIONAL,1
Extremadura,2019,DISCRIMINACIÓN GENERACIONAL,1
Extremadura,2018,DISCRIMINACIÓN GENERACIONAL,0
Extremadura,2017,DISCRIMINACIÓN GENERACIONAL,0
Extremadura,2016,DISCRIMINACIÓN GENERACIONAL,0
Extremadura,2015,DISCRIMINACIÓN GENERACIONAL,0
Extremadura,2014,DISCRIMINACIÓN GENERACIONAL,0
Extremadura,2024,DISCRIMINACIÓN POR RAZÓN DE ENFERMEDAD,0
Extremadura,2023,DISCRIMINACIÓN POR RAZÓN DE ENFERMEDAD,1
Extremadura,2022,DISCRIMINACIÓN POR RAZÓN DE ENFERMEDAD,0
Extremadura,2021,DISCRIMINACIÓN POR RAZÓN DE ENFERMEDAD,0
Extremadura,2020,DISCRIMINACIÓN POR RAZÓN DE ENFERMEDAD,0
Extremadura,2019,DISCRIMINACIÓN POR RAZÓN DE ENFERMEDAD,0
Extremadura,2018,DISCRIMINACIÓN POR RAZÓN DE ENFERMEDAD,1
Extremadura,2017,DISCRIMINACIÓN POR RAZÓN DE ENFERMEDAD,0
Extremadura,2016,DISCRIMINACIÓN POR RAZÓN DE ENFERMEDAD,0
Extremadura,2015,DISCRIMINACIÓN POR RAZÓN DE ENFERMEDAD,0
Extremadura,2014,DISCRIMINACIÓN POR RAZÓN DE ENFERMEDAD,0
Extremadura,2024,DISCRIMINACIÓN POR RAZÓN DE SEXO/GÉNERO,0
Extremadura,2023,DISCRIMINACIÓN POR RAZÓN DE SEXO/GÉNERO,1
Extremadura,2022,DISCRIMINACIÓN POR RAZÓN DE SEXO/GÉNERO,1
Extremadura,2021,DISCRIMINACIÓN POR RAZÓN DE SEXO/GÉNERO,0
Extremadura,2020,DISCRIMINACIÓN POR RAZÓN DE SEXO/GÉNERO,3
Extremadura,2019,DISCRIMINACIÓN POR RAZÓN DE SEXO/GÉNERO,0
Extremadura,2018,DISCRIMINACIÓN POR RAZÓN DE SEXO/GÉNERO,2
Extremadura,2017,DISCRIMINACIÓN POR RAZÓN DE SEXO/GÉNERO,0
Extremadura,2016,DISCRIMINACIÓN POR RAZÓN DE SEXO/GÉNERO,0
Extremadura,2015,DISCRIMINACIÓN POR RAZÓN DE SEXO/GÉNERO,0
Extremadura,2014,DISCRIMINACIÓN POR RAZÓN DE SEXO/GÉNERO,0
Extremadura,2024,IDEOLOGIA,5
Extremadura,2023,IDEOLOGIA,10
Extremadura,2022,IDEOLOGIA,5
Extremadura,2021,IDEOLOGIA,2
Extremadura,2020,IDEOLOGIA,1
Extremadura,2019,IDEOLOGIA,4
Extremadura,2018,IDEOLOGIA,4
Extremadura,2017,IDEOLOGIA,10
Extremadura,2016,IDEOLOGIA,10
Extremadura,2015,IDEOLOGIA,12
Extremadura,2014,IDEOLOGIA,0
Extremadura,2024,ISLAMOFOBIA,0
Extremadura,2023,ISLAMOFOBIA,0
Extremadura,2022,ISLAMOFOBIA,0
Extremadura,2021,ISLAMOFOBIA,0
Extremadura,2020,ISLAMOFOBIA,0
Extremadura,2019,ISLAMOFOBIA,0
Extremadura,2018,ISLAMOFOBIA,0
Extremadura,2017,ISLAMOFOBIA,0
Extremadura,2016,ISLAMOFOBIA,0
Extremadura,2015,ISLAMOFOBIA,0
Extremadura,2014,ISLAMOFOBIA,0
Extremadura,2024,ORIENTACIÓN SEXUAL E IDENTIDAD DE GÉNERO,8
Extremadura,2023,ORIENTACIÓN SEXUAL E IDENTIDAD DE GÉNERO,3
Extremadura,2022,ORIENTACIÓN SEXUAL E IDENTIDAD DE GÉNERO,5
Extremadura,2021,ORIENTACIÓN SEXUAL E IDENTIDAD DE GÉNERO,5
Extremadura,2020,ORIENTACIÓN SEXUAL E IDENTIDAD DE GÉNERO,10
Extremadura,2019,ORIENTACIÓN SEXUAL E IDENTIDAD DE GÉNERO,5
Extremadura,2018,ORIENTACIÓN SEXUAL E IDENTIDAD DE GÉNERO,3
Extremadura,2017,ORIENTACIÓN SEXUAL E IDENTIDAD DE GÉNERO,5
Extremadura,2016,ORIENTACIÓN SEXUAL E IDENTIDAD DE GÉNERO,3
Extremadura,2015,ORIENTACIÓN SEXUAL E IDENTIDAD DE GÉNERO,0
Extremadura,2014,ORIENTACIÓN SEXUAL E IDENTIDAD DE GÉNERO,3
Extremadura,2024,RACISMO/XENOFOBIA,8
Extremadura,2023,RACISMO/XENOFOBIA,5
Extremadura,2022,RACISMO/XENOFOBIA,8
Extremadura,2021,RACISMO/XENOFOBIA,3
Extremadura,2020,RACISMO/XENOFOBIA,3
Extremadura,2019,RACISMO/XENOFOBIA,5
Extremadura,2018,RACISMO/XENOFOBIA,6
Extremadura,2017,RACISMO/XENOFOBIA,3
Extremadura,2016,RACISMO/XENOFOBIA,8
Extremadura,2015,RACISMO/XENOFOBIA,9
Extremadura,2014,RACISMO/XENOFOBIA,4
Extremadura,2024,TOTAL ámbitos,22
Extremadura,2023,TOTAL ámbitos,21
Extremadura,2022,TOTAL ámbitos,21
Extremadura,2021,TOTAL ámbitos,17
Extremadura,2020,TOTAL ámbitos,23
Extremadura,2019,TOTAL ámbitos,20
Extremadura,2018,TOTAL ámbitos,16
Extremadura,2017,TOTAL ámbitos,18
Extremadura,2016,TOTAL ámbitos,31
Extremadura,2015,TOTAL ámbitos,30
Extremadura,2014,TOTAL ámbitos,13
Galicia,2024,ANTIGITANISMO,1
Galicia,2023,ANTIGITANISMO,8
Galicia,2022,ANTIGITANISMO,2
Galicia,2021,ANTIGITANISMO,0
Galicia,2020,ANTIGITANISMO,2
Galicia,2019,ANTIGITANISMO,2
Galicia,2018,ANTIGITANISMO,0
Galicia,2017,ANTIGITANISMO,0
Galicia,2016,ANTIGITANISMO,0
Galicia,2015,ANTIGITANISMO,0
Galicia,2014,ANTIGITANISMO,0
Galicia,2024,ANTISEMITISMO,3
Galicia,2023,ANTISEMITISMO,0
Galicia,2022,ANTISEMITISMO,0
Galicia,2021,ANTISEMITISMO,0
Galicia,2020,ANTISEMITISMO,0
Galicia,2019,ANTISEMITISMO,0
Galicia,2018,ANTISEMITISMO,0
Galicia,2017,ANTISEMITISMO,0
Galicia,2016,ANTISEMITISMO,0
Galicia,2015,ANTISEMITISMO,0
Galicia,2014,ANTISEMITISMO,1
Galicia,2024,APOROFOBIA,1
Galicia,2023,APOROFOBIA,0
Galicia,2022,APOROFOBIA,0
Galicia,2021,APOROFOBIA,1
Galicia,2020,APOROFOBIA,0
Galicia,2019,APOROFOBIA,0
Galicia,2018,APOROFOBIA,0
Galicia,2017,APOROFOBIA,0
Galicia,2016,APOROFOBIA,0
Galicia,2015,APOROFOBIA,1
Galicia,2014,APOROFOBIA,0
Galicia,2024,CREENCIAS O PRÁCTICAS RELIGIOSAS,1
Galicia,2023,CREENCIAS O PRÁCTICAS RELIGIOSAS,3
Galicia,2022,CREENCIAS O PRÁCTICAS RELIGIOSAS,0
Galicia,2021,CREENCIAS O PRÁCTICAS RELIGIOSAS,2
Galicia,2020,CREENCIAS O PRÁCTICAS RELIGIOSAS,0
Galicia,2019,CREENCIAS O PRÁCTICAS RELIGIOSAS,5
Galicia,2018,CREENCIAS O PRÁCTICAS RELIGIOSAS,2
Galicia,2017,CREENCIAS O PRÁCTICAS RELIGIOSAS,3
Galicia,2016,CREENCIAS O PRÁCTICAS RELIGIOSAS,0
Galicia,2015,CREENCIAS O PRÁCTICAS RELIGIOSAS,1
Galicia,2014,CREENCIAS O PRÁCTICAS RELIGIOSAS,1
Galicia,2024,DISFOBIA,4
Galicia,2023,DISFOBIA,1
Galicia,2022,DISFOBIA,0
Galicia,2021,DISFOBIA,2
Galicia,2020,DISFOBIA,0
Galicia,2019,DISFOBIA,2
Galicia,2018,DISFOBIA,0
Galicia,2017,DISFOBIA,2
Galicia,2016,DISFOBIA,13
Galicia,2015,DISFOBIA,16
Galicia,2014,DISFOBIA,13
Galicia,2024,DISCRIMINACIÓN GENERACIONAL,0
Galicia,2023,DISCRIMINACIÓN GENERACIONAL,0
Galicia,2022,DISCRIMINACIÓN GENERACIONAL,1
Galicia,2021,DISCRIMINACIÓN GENERACIONAL,0
Galicia,2020,DISCRIMINACIÓN GENERACIONAL,0
Galicia,2019,DISCRIMINACIÓN GENERACIONAL,0
Galicia,2018,DISCRIMINACIÓN GENERACIONAL,1
Galicia,2017,DISCRIMINACIÓN GENERACIONAL,0
Galicia,2016,DISCRIMINACIÓN GENERACIONAL,0
Galicia,2015,DISCRIMINACIÓN GENERACIONAL,0
Galicia,2014,DISCRIMINACIÓN GENERACIONAL,0
Galicia,2024,DISCRIMINACIÓN POR RAZÓN DE ENFERMEDAD,0
Galicia,2023,DISCRIMINACIÓN POR RAZÓN DE ENFERMEDAD,0
Galicia,2022,DISCRIMINACIÓN POR RAZÓN DE ENFERMEDAD,0
Galicia,2021,DISCRIMINACIÓN POR RAZÓN DE ENFERMEDAD,0
Galicia,2020,DISCRIMINACIÓN POR RAZÓN DE ENFERMEDAD,0
Galicia,2019,DISCRIMINACIÓN POR RAZÓN DE ENFERMEDAD,1
Galicia,2018,DISCRIMINACIÓN POR RAZÓN DE ENFERMEDAD,0
Galicia,2017,DISCRIMINACIÓN POR RAZÓN DE ENFERMEDAD,0
Galicia,2016,DISCRIMINACIÓN POR RAZÓN DE ENFERMEDAD,0
Galicia,2015,DISCRIMINACIÓN POR RAZÓN DE ENFERMEDAD,0
Galicia,2014,DISCRIMINACIÓN POR RAZÓN DE ENFERMEDAD,0
Galicia,2024,DISCRIMINACIÓN POR RAZÓN DE SEXO/GÉNERO,3
Galicia,2023,DISCRIMINACIÓN POR RAZÓN DE SEXO/GÉNERO,11
Galicia,2022,DISCRIMINACIÓN POR RAZÓN DE SEXO/GÉNERO,2
Galicia,2021,DISCRIMINACIÓN POR RAZÓN DE SEXO/GÉNERO,4
Galicia,2020,DISCRIMINACIÓN POR RAZÓN DE SEXO/GÉNERO,3
Galicia,2019,DISCRIMINACIÓN POR RAZÓN DE SEXO/GÉNERO,2
Galicia,2018,DISCRIMINACIÓN POR RAZÓN DE SEXO/GÉNERO,0
Galicia,2017,DISCRIMINACIÓN POR RAZÓN DE SEXO/GÉNERO,0
Galicia,2016,DISCRIMINACIÓN POR RAZÓN DE SEXO/GÉNERO,2
Galicia,2015,DISCRIMINACIÓN POR RAZÓN DE SEXO/GÉNERO,0
Galicia,2014,DISCRIMINACIÓN POR RAZÓN DE SEXO/GÉNERO,0
Galicia,2024,IDEOLOGIA,5
Galicia,2023,IDEOLOGIA,35
Galicia,2022,IDEOLOGIA,26
Galicia,2021,IDEOLOGIA,15
Galicia,2020,IDEOLOGIA,15
Galicia,2019,IDEOLOGIA,34
Galicia,2018,IDEOLOGIA,10
Galicia,2017,IDEOLOGIA,21
Galicia,2016,IDEOLOGIA,14
Galicia,2015,IDEOLOGIA,31
Galicia,2014,IDEOLOGIA,0
Galicia,2024,ISLAMOFOBIA,1
Galicia,2023,ISLAMOFOBIA,0
Galicia,2022,ISLAMOFOBIA,0
Galicia,2021,ISLAMOFOBIA,0
Galicia,2020,ISLAMOFOBIA,0
Galicia,2019,ISLAMOFOBIA,0
Galicia,2018,ISLAMOFOBIA,0
Galicia,2017,ISLAMOFOBIA,0
Galicia,2016,ISLAMOFOBIA,0
Galicia,2015,ISLAMOFOBIA,0
Galicia,2014,ISLAMOFOBIA,0
Galicia,2024,ORIENTACIÓN SEXUAL E IDENTIDAD DE GÉNERO,18
Galicia,2023,ORIENTACIÓN SEXUAL E IDENTIDAD DE GÉNERO,24
Galicia,2022,ORIENTACIÓN SEXUAL E IDENTIDAD DE GÉNERO,11
Galicia,2021,ORIENTACIÓN SEXUAL E IDENTIDAD DE GÉNERO,23
Galicia,2020,ORIENTACIÓN SEXUAL E IDENTIDAD DE GÉNERO,5
Galicia,2019,ORIENTACIÓN SEXUAL E IDENTIDAD DE GÉNERO,12
Galicia,2018,ORIENTACIÓN SEXUAL E IDENTIDAD DE GÉNERO,10
Galicia,2017,ORIENTACIÓN SEXUAL E IDENTIDAD DE GÉNERO,6
Galicia,2016,ORIENTACIÓN SEXUAL E IDENTIDAD DE GÉNERO,10
Galicia,2015,ORIENTACIÓN SEXUAL E IDENTIDAD DE GÉNERO,4
Galicia,2014,ORIENTACIÓN SEXUAL E IDENTIDAD DE GÉNERO,43
Galicia,2024,RACISMO/XENOFOBIA,40
Galicia,2023,RACISMO/XENOFOBIA,41
Galicia,2022,RACISMO/XENOFOBIA,43
Galicia,2021,RACISMO/XENOFOBIA,26
Galicia,2020,RACISMO/XENOFOBIA,21
Galicia,2019,RACISMO/XENOFOBIA,18
Galicia,2018,RACISMO/XENOFOBIA,19
Galicia,2017,RACISMO/XENOFOBIA,9
Galicia,2016,RACISMO/XENOFOBIA,21
Galicia,2015,RACISMO/XENOFOBIA,11
Galicia,2014,RACISMO/XENOFOBIA,4
Galicia,2024,TOTAL ámbitos,77
Galicia,2023,TOTAL ámbitos,123
Galicia,2022,TOTAL ámbitos,85
Galicia,2021,TOTAL ámbitos,73
Galicia,2020,TOTAL ámbitos,46
Galicia,2019,TOTAL ámbitos,76
Galicia,2018,TOTAL ámbitos,42
Galicia,2017,TOTAL ámbitos,41
Galicia,2016,TOTAL ámbitos,60
Galicia,2015,TOTAL ámbitos,64
Galicia,2014,TOTAL ámbitos,62
Madrid,2024,ANTIGITANISMO,1
Madrid,2023,ANTIGITANISMO,6
Madrid,2022,ANTIGITANISMO,1
Madrid,2021,ANTIGITANISMO,0
Madrid,2020,ANTIGITANISMO,2
Madrid,2019,ANTIGITANISMO,1
Madrid,2018,ANTIGITANISMO,0
Madrid,2017,ANTIGITANISMO,0
Madrid,2016,ANTIGITANISMO,0
Madrid,2015,ANTIGITANISMO,0
Madrid,2014,ANTIGITANISMO,0
Madrid,2024,ANTISEMITISMO,9
Madrid,2023,ANTISEMITISMO,4
Madrid,2022,ANTISEMITISMO,6
Madrid,2021,ANTISEMITISMO,2
Madrid,2020,ANTISEMITISMO,0
Madrid,2019,ANTISEMITISMO,2
Madrid,2018,ANTISEMITISMO,4
Madrid,2017,ANTISEMITISMO,1
Madrid,2016,ANTISEMITISMO,0
Madrid,2015,ANTISEMITISMO,0
Madrid,2014,ANTISEMITISMO,4
Madrid,2024,APOROFOBIA,4
Madrid,2023,APOROFOBIA,1
Madrid,2022,APOROFOBIA,3
Madrid,2021,APOROFOBIA,1
Madrid,2020,APOROFOBIA,4
Madrid,2019,APOROFOBIA,2
Madrid,2018,APOROFOBIA,2
Madrid,2017,APOROFOBIA,1
Madrid,2016,APOROFOBIA,1
Madrid,2015,APOROFOBIA,1
Madrid,2014,APOROFOBIA,1
Madrid,2024,CREENCIAS O PRÁCTICAS RELIGIOSAS,3
Madrid,2023,CREENCIAS O PRÁCTICAS RELIGIOSAS,11
Madrid,2022,CREENCIAS O PRÁCTICAS RELIGIOSAS,11
Madrid,2021,CREENCIAS O PRÁCTICAS RELIGIOSAS,12
Madrid,2020,CREENCIAS O PRÁCTICAS RELIGIOSAS,8
Madrid,2019,CREENCIAS O PRÁCTICAS RELIGIOSAS,8
Madrid,2018,CREENCIAS O PRÁCTICAS RELIGIOSAS,1
Madrid,2017,CREENCIAS O PRÁCTICAS RELIGIOSAS,6
Madrid,2016,CREENCIAS O PRÁCTICAS RELIGIOSAS,8
Madrid,2015,CREENCIAS O PRÁCTICAS RELIGIOSAS,6
Madrid,2014,CREENCIAS O PRÁCTICAS RELIGIOSAS,2
Madrid,2024,DISFOBIA,5
Madrid,2023,DISFOBIA,5
Madrid,2022,DISFOBIA,1
Madrid,2021,DISFOBIA,2
Madrid,2020,DISFOBIA,1
Madrid,2019,DISFOBIA,2
Madrid,2018,DISFOBIA,2
Madrid,2017,DISFOBIA,2
Madrid,2016,DISFOBIA,23
Madrid,2015,DISFOBIA,28
Madrid,2014,DISFOBIA,24
Madrid,2024,DISCRIMINACIÓN GENERACIONAL,3
Madrid,2023,DISCRIMINACIÓN GENERACIONAL,0
Madrid,2022,DISCRIMINACIÓN GENERACIONAL,2
Madrid,2021,DISCRIMINACIÓN GENERACIONAL,5
Madrid,2020,DISCRIMINACIÓN GENERACIONAL,2
Madrid,2019,DISCRIMINACIÓN GENERACIONAL,2
Madrid,2018,DISCRIMINACIÓN GENERACIONAL,0
Madrid,2017,DISCRIMINACIÓN GENERACIONAL,0
Madrid,2016,DISCRIMINACIÓN GENERACIONAL,0
Madrid,2015,DISCRIMINACIÓN GENERACIONAL,0
Madrid,2014,DISCRIMINACIÓN GENERACIONAL,0
Madrid,2024,DISCRIMINACIÓN POR RAZÓN DE ENFERMEDAD,3
Madrid,2023,DISCRIMINACIÓN POR RAZÓN DE ENFERMEDAD,2
Madrid,2022,DISCRIMINACIÓN POR RAZÓN DE ENFERMEDAD,2
Madrid,2021,DISCRIMINACIÓN POR RAZÓN DE ENFERMEDAD,4
Madrid,2020,DISCRIMINACIÓN POR RAZÓN DE ENFERMEDAD,1
Madrid,2019,DISCRIMINACIÓN POR RAZÓN DE ENFERMEDAD,1
Madrid,2018,DISCRIMINACIÓN POR RAZÓN DE ENFERMEDAD,0
Madrid,2017,DISCRIMINACIÓN POR RAZÓN DE ENFERMEDAD,0
Madrid,2016,DISCRIMINACIÓN POR RAZÓN DE ENFERMEDAD,0
Madrid,2015,DISCRIMINACIÓN POR RAZÓN DE ENFERMEDAD,0
Madrid,2014,DISCRIMINACIÓN POR RAZÓN DE ENFERMEDAD,0
Madrid,2024,DISCRIMINACIÓN POR RAZÓN DE SEXO/GÉNERO,32
Madrid,2023,DISCRIMINACIÓN POR RAZÓN DE SEXO/GÉNERO,30
Madrid,2022,DISCRIMINACIÓN POR RAZÓN DE SEXO/GÉNERO,25
Madrid,2021,DISCRIMINACIÓN POR RAZÓN DE SEXO/GÉNERO,17
Madrid,2020,DISCRIMINACIÓN POR RAZÓN DE SEXO/GÉNERO,16
Madrid,2019,DISCRIMINACIÓN POR RAZÓN DE SEXO/GÉNERO,21
Madrid,2018,DISCRIMINACIÓN POR RAZÓN DE SEXO/GÉNERO,16
Madrid,2017,DISCRIMINACIÓN POR RAZÓN DE SEXO/GÉNERO,17
Madrid,2016,DISCRIMINACIÓN POR RAZÓN DE SEXO/GÉNERO,3
Madrid,2015,DISCRIMINACIÓN POR RAZÓN DE SEXO/GÉNERO,1
Madrid,2014,DISCRIMINACIÓN POR RAZÓN DE SEXO/GÉNERO,0
Madrid,2024,IDEOLOGIA,10
Madrid,2023,IDEOLOGIA,39
Madrid,2022,IDEOLOGIA,21
Madrid,2021,IDEOLOGIA,85
Madrid,2020,IDEOLOGIA,47
Madrid,2019,IDEOLOGIA,65
Madrid,2018,IDEOLOGIA,44
Madrid,2017,IDEOLOGIA,44
Madrid,2016,IDEOLOGIA,26
Madrid,2015,IDEOLOGIA,19
Madrid,2014,IDEOLOGIA,0
Madrid,2024,ISLAMOFOBIA,5
Madrid,2023,ISLAMOFOBIA,0
Madrid,2022,ISLAMOFOBIA,0
Madrid,2021,ISLAMOFOBIA,0
Madrid,2020,ISLAMOFOBIA,0
Madrid,2019,ISLAMOFOBIA,0
Madrid,2018,ISLAMOFOBIA,0
Madrid,2017,ISLAMOFOBIA,0
Madrid,2016,ISLAMOFOBIA,0
Madrid,2015,ISLAMOFOBIA,0
Madrid,2014,ISLAMOFOBIA,0
Madrid,2024,ORIENTACIÓN SEXUAL E IDENTIDAD DE GÉNERO,64
Madrid,2023,ORIENTACIÓN SEXUAL E IDENTIDAD DE GÉNERO,71
Madrid,2022,ORIENTACIÓN SEXUAL E IDENTIDAD DE GÉNERO,51
Madrid,2021,ORIENTACIÓN SEXUAL E IDENTIDAD DE GÉNERO,75
Madrid,2020,ORIENTACIÓN SEXUAL E IDENTIDAD DE GÉNERO,42
Madrid,2019,ORIENTACIÓN SEXUAL E IDENTIDAD DE GÉNERO,42
Madrid,2018,ORIENTACIÓN SEXUAL E IDENTIDAD DE GÉNERO,42
Madrid,2017,ORIENTACIÓN SEXUAL E IDENTIDAD DE GÉNERO,39
Madrid,2016,ORIENTACIÓN SEXUAL E IDENTIDAD DE GÉNERO,42
Madrid,2015,ORIENTACIÓN SEXUAL E IDENTIDAD DE GÉNERO,19
Madrid,2014,ORIENTACIÓN SEXUAL E IDENTIDAD DE GÉNERO,26
Madrid,2024,RACISMO/XENOFOBIA,133
Madrid,2023,RACISMO/XENOFOBIA,149
Madrid,2022,RACISMO/XENOFOBIA,114
Madrid,2021,RACISMO/XENOFOBIA,130
Madrid,2020,RACISMO/XENOFOBIA,102
Madrid,2019,RACISMO/XENOFOBIA,112
Madrid,2018,RACISMO/XENOFOBIA,123
Madrid,2017,RACISMO/XENOFOBIA,70
Madrid,2016,RACISMO/XENOFOBIA,68
Madrid,2015,RACISMO/XENOFOBIA,85
Madrid,2014,RACISMO/XENOFOBIA,45
Madrid,2024,TOTAL ámbitos,272
Madrid,2023,TOTAL ámbitos,318
Madrid,2022,TOTAL ámbitos,237
Madrid,2021,TOTAL ámbitos,333
Madrid,2020,TOTAL ámbitos,225
Madrid,2019,TOTAL ámbitos,258
Madrid,2018,TOTAL ámbitos,234
Madrid,2017,TOTAL ámbitos,180
Madrid,2016,TOTAL ámbitos,171
Madrid,2015,TOTAL ámbitos,159
Madrid,2014,TOTAL ámbitos,102
Murcia,2024,ANTIGITANISMO,0
Murcia,2023,ANTIGITANISMO,0
Murcia,2022,ANTIGITANISMO,0
Murcia,2021,ANTIGITANISMO,0
Murcia,2020,ANTIGITANISMO,0
Murcia,2019,ANTIGITANISMO,0
Murcia,2018,ANTIGITANISMO,0
Murcia,2017,ANTIGITANISMO,0
Murcia,2016,ANTIGITANISMO,0
Murcia,2015,ANTIGITANISMO,0
Murcia,2014,ANTIGITANISMO,0
Murcia,2024,ANTISEMITISMO,2
Murcia,2023,ANTISEMITISMO,0
Murcia,2022,ANTISEMITISMO,1
Murcia,2021,ANTISEMITISMO,0
Murcia,2020,ANTISEMITISMO,0
Murcia,2019,ANTISEMITISMO,0
Murcia,2018,ANTISEMITISMO,0
Murcia,2017,ANTISEMITISMO,0
Murcia,2016,ANTISEMITISMO,0
Murcia,2015,ANTISEMITISMO,0
Murcia,2014,ANTISEMITISMO,0
Murcia,2024,APOROFOBIA,1
Murcia,2023,APOROFOBIA,0
Murcia,2022,APOROFOBIA,0
Murcia,2021,APOROFOBIA,0
Murcia,2020,APOROFOBIA,0
Murcia,2019,APOROFOBIA,0
Murcia,2018,APOROFOBIA,0
Murcia,2017,APOROFOBIA,0
Murcia,2016,APOROFOBIA,0
Murcia,2015,APOROFOBIA,1
Murcia,2014,APOROFOBIA,0
Murcia,2024,CREENCIAS O PRÁCTICAS RELIGIOSAS,4
Murcia,2023,CREENCIAS O PRÁCTICAS RELIGIOSAS,3
Murcia,2022,CREENCIAS O PRÁCTICAS RELIGIOSAS,4
Murcia,2021,CREENCIAS O PRÁCTICAS RELIGIOSAS,1
Murcia,2020,CREENCIAS O PRÁCTICAS RELIGIOSAS,4
Murcia,2019,CREENCIAS O PRÁCTICAS RELIGIOSAS,3
Murcia,2018,CREENCIAS O PRÁCTICAS RELIGIOSAS,1
Murcia,2017,CREENCIAS O PRÁCTICAS RELIGIOSAS,3
Murcia,2016,CREENCIAS O PRÁCTICAS RELIGIOSAS,1
Murcia,2015,CREENCIAS O PRÁCTICAS RELIGIOSAS,1
Murcia,2014,CREENCIAS O PRÁCTICAS RELIGIOSAS,2
Murcia,2024,DISFOBIA,0
Murcia,2023,DISFOBIA,0
Murcia,2022,DISFOBIA,0
Murcia,2021,DISFOBIA,1
Murcia,2020,DISFOBIA,0
Murcia,2019,DISFOBIA,2
Murcia,2018,DISFOBIA,0
Murcia,2017,DISFOBIA,1
Murcia,2016,DISFOBIA,9
Murcia,2015,DISFOBIA,13
Murcia,2014,DISFOBIA,3
Murcia,2024,DISCRIMINACIÓN GENERACIONAL,0
Murcia,2023,DISCRIMINACIÓN GENERACIONAL,1
Murcia,2022,DISCRIMINACIÓN GENERACIONAL,0
Murcia,2021,DISCRIMINACIÓN GENERACIONAL,1
Murcia,2020,DISCRIMINACIÓN GENERACIONAL,0
Murcia,2019,DISCRIMINACIÓN GENERACIONAL,3
Murcia,2018,DISCRIMINACIÓN GENERACIONAL,0
Murcia,2017,DISCRIMINACIÓN GENERACIONAL,0
Murcia,2016,DISCRIMINACIÓN GENERACIONAL,0
Murcia,2015,DISCRIMINACIÓN GENERACIONAL,0
Murcia,2014,DISCRIMINACIÓN GENERACIONAL,0
Murcia,2024,DISCRIMINACIÓN POR RAZÓN DE ENFERMEDAD,0
Murcia,2023,DISCRIMINACIÓN POR RAZÓN DE ENFERMEDAD,0
Murcia,2022,DISCRIMINACIÓN POR RAZÓN DE ENFERMEDAD,0
Murcia,2021,DISCRIMINACIÓN POR RAZÓN DE ENFERMEDAD,0
Murcia,2020,DISCRIMINACIÓN POR RAZÓN DE ENFERMEDAD,0
Murcia,2019,DISCRIMINACIÓN POR RAZÓN DE ENFERMEDAD,0
Murcia,2018,DISCRIMINACIÓN POR RAZÓN DE ENFERMEDAD,0
Murcia,2017,DISCRIMINACIÓN POR RAZÓN DE ENFERMEDAD,0
Murcia,2016,DISCRIMINACIÓN POR RAZÓN DE ENFERMEDAD,0
Murcia,2015,DISCRIMINACIÓN POR RAZÓN DE ENFERMEDAD,0
Murcia,2014,DISCRIMINACIÓN POR RAZÓN DE ENFERMEDAD,0
Murcia,2024,DISCRIMINACIÓN POR RAZÓN DE SEXO/GÉNERO,6
Murcia,2023,DISCRIMINACIÓN POR RAZÓN DE SEXO/GÉNERO,3
Murcia,2022,DISCRIMINACIÓN POR RAZÓN DE SEXO/GÉNERO,1
Murcia,2021,DISCRIMINACIÓN POR RAZÓN DE SEXO/GÉNERO,5
Murcia,2020,DISCRIMINACIÓN POR RAZÓN DE SEXO/GÉNERO,1
Murcia,2019,DISCRIMINACIÓN POR RAZÓN DE SEXO/GÉNERO,3
Murcia,2018,DISCRIMINACIÓN POR RAZÓN DE SEXO/GÉNERO,2
Murcia,2017,DISCRIMINACIÓN POR RAZÓN DE SEXO/GÉNERO,1
Murcia,2016,DISCRIMINACIÓN POR RAZÓN DE SEXO/GÉNERO,0
Murcia,2015,DISCRIMINACIÓN POR RAZÓN DE SEXO/GÉNERO,0
Murcia,2014,DISCRIMINACIÓN POR RAZÓN DE SEXO/GÉNERO,0
Murcia,2024,IDEOLOGIA,1
Murcia,2023,IDEOLOGIA,3
Murcia,2022,IDEOLOGIA,2
Murcia,2021,IDEOLOGIA,5
Murcia,2020,IDEOLOGIA,6
Murcia,2019,IDEOLOGIA,8
Murcia,2018,IDEOLOGIA,6
Murcia,2017,IDEOLOGIA,15
Murcia,2016,IDEOLOGIA,18
Murcia,2015,IDEOLOGIA,9
Murcia,2014,IDEOLOGIA,0
Murcia,2024,ISLAMOFOBIA,1
Murcia,2023,ISLAMOFOBIA,0
Murcia,2022,ISLAMOFOBIA,0
Murcia,2021,ISLAMOFOBIA,0
Murcia,2020,ISLAMOFOBIA,0
Murcia,2019,ISLAMOFOBIA,0
Murcia,2018,ISLAMOFOBIA,0
Murcia,2017,ISLAMOFOBIA,0
Murcia,2016,ISLAMOFOBIA,0
Murcia,2015,ISLAMOFOBIA,0
Murcia,2014,ISLAMOFOBIA,0
Murcia,2024,ORIENTACIÓN SEXUAL E IDENTIDAD DE GÉNERO,15
Murcia,2023,ORIENTACIÓN SEXUAL E IDENTIDAD DE GÉNERO,11
Murcia,2022,ORIENTACIÓN SEXUAL E IDENTIDAD DE GÉNERO,10
Murcia,2021,ORIENTACIÓN SEXUAL E IDENTIDAD DE GÉNERO,7
Murcia,2020,ORIENTACIÓN SEXUAL E IDENTIDAD DE GÉNERO,4
Murcia,2019,ORIENTACIÓN SEXUAL E IDENTIDAD DE GÉNERO,3
Murcia,2018,ORIENTACIÓN SEXUAL E IDENTIDAD DE GÉNERO,4
Murcia,2017,ORIENTACIÓN SEXUAL E IDENTIDAD DE GÉNERO,5
Murcia,2016,ORIENTACIÓN SEXUAL E IDENTIDAD DE GÉNERO,2
Murcia,2015,ORIENTACIÓN SEXUAL E IDENTIDAD DE GÉNERO,4
Murcia,2014,ORIENTACIÓN SEXUAL E IDENTIDAD DE GÉNERO,11
Murcia,2024,RACISMO/XENOFOBIA,18
Murcia,2023,RACISMO/XENOFOBIA,28
Murcia,2022,RACISMO/XENOFOBIA,6
Murcia,2021,RACISMO/XENOFOBIA,11
Murcia,2020,RACISMO/XENOFOBIA,11
Murcia,2019,RACISMO/XENOFOBIA,3
Murcia,2018,RACISMO/XENOFOBIA,9
Murcia,2017,RACISMO/XENOFOBIA,5
Murcia,2016,RACISMO/XENOFOBIA,7
Murcia,2015,RACISMO/XENOFOBIA,3
Murcia,2014,RACISMO/XENOFOBIA,4
Murcia,2024,TOTAL ámbitos,48
Murcia,2023,TOTAL ámbitos,49
Murcia,2022,TOTAL ámbitos,24
Murcia,2021,TOTAL ámbitos,31
Murcia,2020,TOTAL ámbitos,26
Murcia,2019,TOTAL ámbitos,25
Murcia,2018,TOTAL ámbitos,22
Murcia,2017,TOTAL ámbitos,30
Murcia,2016,TOTAL ámbitos,37
Murcia,2015,TOTAL ámbitos,31
Murcia,2014,TOTAL ámbitos,20
Navarra,2024,ANTIGITANISMO,2
Navarra,2023,ANTIGITANISMO,0
Navarra,2022,ANTIGITANISMO,0
Navarra,2021,ANTIGITANISMO,0
Navarra,2020,ANTIGITANISMO,4
Navarra,2019,ANTIGITANISMO,2
Navarra,2018,ANTIGITANISMO,0
Navarra,2017,ANTIGITANISMO,0
Navarra,2016,ANTIGITANISMO,0
Navarra,2015,ANTIGITANISMO,0
Navarra,2014,ANTIGITANISMO,0
Navarra,2024,ANTISEMITISMO,0
Navarra,2023,ANTISEMITISMO,0
Navarra,2022,ANTISEMITISMO,0
Navarra,2021,ANTISEMITISMO,0
Navarra,2020,ANTISEMITISMO,0
Navarra,2019,ANTISEMITISMO,0
Navarra,2018,ANTISEMITISMO,0
Navarra,2017,ANTISEMITISMO,0
Navarra,2016,ANTISEMITISMO,0
Navarra,2015,ANTISEMITISMO,2
Navarra,2014,ANTISEMITISMO,0
Navarra,2024,APOROFOBIA,0
Navarra,2023,APOROFOBIA,0
Navarra,2022,APOROFOBIA,0
Navarra,2021,APOROFOBIA,0
Navarra,2020,APOROFOBIA,0
Navarra,2019,APOROFOBIA,0
Navarra,2018,APOROFOBIA,0
Navarra,2017,APOROFOBIA,0
Navarra,2016,APOROFOBIA,0
Navarra,2015,APOROFOBIA,0
Navarra,2014,APOROFOBIA,0
Navarra,2024,CREENCIAS O PRÁCTICAS RELIGIOSAS,4
Navarra,2023,CREENCIAS O PRÁCTICAS RELIGIOSAS,1
Navarra,2022,CREENCIAS O PRÁCTICAS RELIGIOSAS,1
Navarra,2021,CREENCIAS O PRÁCTICAS RELIGIOSAS,4
Navarra,2020,CREENCIAS O PRÁCTICAS RELIGIOSAS,3
Navarra,2019,CREENCIAS O PRÁCTICAS RELIGIOSAS,1
Navarra,2018,CREENCIAS O PRÁCTICAS RELIGIOSAS,1
Navarra,2017,CREENCIAS O PRÁCTICAS RELIGIOSAS,1
Navarra,2016,CREENCIAS O PRÁCTICAS RELIGIOSAS,7
Navarra,2015,CREENCIAS O PRÁCTICAS RELIGIOSAS,0
Navarra,2014,CREENCIAS O PRÁCTICAS RELIGIOSAS,2
Navarra,2024,DISFOBIA,1
Navarra,2023,DISFOBIA,0
Navarra,2022,DISFOBIA,1
Navarra,2021,DISFOBIA,1
Navarra,2020,DISFOBIA,0
Navarra,2019,DISFOBIA,1
Navarra,2018,DISFOBIA,0
Navarra,2017,DISFOBIA,0
Navarra,2016,DISFOBIA,2
Navarra,2015,DISFOBIA,0
Navarra,2014,DISFOBIA,0
Navarra,2024,DISCRIMINACIÓN GENERACIONAL,5
Navarra,2023,DISCRIMINACIÓN GENERACIONAL,9
Navarra,2022,DISCRIMINACIÓN GENERACIONAL,0
Navarra,2021,DISCRIMINACIÓN GENERACIONAL,1
Navarra,2020,DISCRIMINACIÓN GENERACIONAL,0
Navarra,2019,DISCRIMINACIÓN GENERACIONAL,1
Navarra,2018,DISCRIMINACIÓN GENERACIONAL,0
Navarra,2017,DISCRIMINACIÓN GENERACIONAL,0
Navarra,2016,DISCRIMINACIÓN GENERACIONAL,0
Navarra,2015,DISCRIMINACIÓN GENERACIONAL,0
Navarra,2014,DISCRIMINACIÓN GENERACIONAL,0
Navarra,2024,DISCRIMINACIÓN POR RAZÓN DE ENFERMEDAD,0
Navarra,2023,DISCRIMINACIÓN POR RAZÓN DE ENFERMEDAD,0
Navarra,2022,DISCRIMINACIÓN POR RAZÓN DE ENFERMEDAD,0
Navarra,2021,DISCRIMINACIÓN POR RAZÓN DE ENFERMEDAD,0
Navarra,2020,DISCRIMINACIÓN POR RAZÓN DE ENFERMEDAD,1
Navarra,2019,DISCRIMINACIÓN POR RAZÓN DE ENFERMEDAD,0
Navarra,2018,DISCRIMINACIÓN POR RAZÓN DE ENFERMEDAD,0
Navarra,2017,DISCRIMINACIÓN POR RAZÓN DE ENFERMEDAD,0
Navarra,2016,DISCRIMINACIÓN POR RAZÓN DE ENFERMEDAD,0
Navarra,2015,DISCRIMINACIÓN POR RAZÓN DE ENFERMEDAD,0
Navarra,2014,DISCRIMINACIÓN POR RAZÓN DE ENFERMEDAD,0
Navarra,2024,DISCRIMINACIÓN POR RAZÓN DE SEXO/GÉNERO,45
Navarra,2023,DISCRIMINACIÓN POR RAZÓN DE SEXO/GÉNERO,53
Navarra,2022,DISCRIMINACIÓN POR RAZÓN DE SEXO/GÉNERO,26
Navarra,2021,DISCRIMINACIÓN POR RAZÓN DE SEXO/GÉNERO,0
Navarra,2020,DISCRIMINACIÓN POR RAZÓN DE SEXO/GÉNERO,3
Navarra,2019,DISCRIMINACIÓN POR RAZÓN DE SEXO/GÉNERO,0
Navarra,2018,DISCRIMINACIÓN POR RAZÓN DE SEXO/GÉNERO,2
Navarra,2017,DISCRIMINACIÓN POR RAZÓN DE SEXO/GÉNERO,0
Navarra,2016,DISCRIMINACIÓN POR RAZÓN DE SEXO/GÉNERO,1
Navarra,2015,DISCRIMINACIÓN POR RAZÓN DE SEXO/GÉNERO,0
Navarra,2014,DISCRIMINACIÓN POR RAZÓN DE SEXO/GÉNERO,0
Navarra,2024,IDEOLOGIA,10
Navarra,2023,IDEOLOGIA,8
Navarra,2022,IDEOLOGIA,30
Navarra,2021,IDEOLOGIA,23
Navarra,2020,IDEOLOGIA,21
Navarra,2019,IDEOLOGIA,16
Navarra,2018,IDEOLOGIA,4
Navarra,2017,IDEOLOGIA,4
Navarra,2016,IDEOLOGIA,7
Navarra,2015,IDEOLOGIA,5
Navarra,2014,IDEOLOGIA,0
Navarra,2024,ISLAMOFOBIA,0
Navarra,2023,ISLAMOFOBIA,0
Navarra,2022,ISLAMOFOBIA,0
Navarra,2021,ISLAMOFOBIA,0
Navarra,2020,ISLAMOFOBIA,0
Navarra,2019,ISLAMOFOBIA,0
Navarra,2018,ISLAMOFOBIA,0
Navarra,2017,ISLAMOFOBIA,0
Navarra,2016,ISLAMOFOBIA,0
Navarra,2015,ISLAMOFOBIA,0
Navarra,2014,ISLAMOFOBIA,0
Navarra,2024,ORIENTACIÓN SEXUAL E IDENTIDAD DE GÉNERO,14
Navarra,2023,ORIENTACIÓN SEXUAL E IDENTIDAD DE GÉNERO,6
Navarra,2022,ORIENTACIÓN SEXUAL E IDENTIDAD DE GÉNERO,8
Navarra,2021,ORIENTACIÓN SEXUAL E IDENTIDAD DE GÉNERO,4
Navarra,2020,ORIENTACIÓN SEXUAL E IDENTIDAD DE GÉNERO,4
Navarra,2019,ORIENTACIÓN SEXUAL E IDENTIDAD DE GÉNERO,0
Navarra,2018,ORIENTACIÓN SEXUAL E IDENTIDAD DE GÉNERO,1
Navarra,2017,ORIENTACIÓN SEXUAL E IDENTIDAD DE GÉNERO,5
Navarra,2016,ORIENTACIÓN SEXUAL E IDENTIDAD DE GÉNERO,10
Navarra,2015,ORIENTACIÓN SEXUAL E IDENTIDAD DE GÉNERO,5
Navarra,2014,ORIENTACIÓN SEXUAL E IDENTIDAD DE GÉNERO,9
Navarra,2024,RACISMO/XENOFOBIA,14
Navarra,2023,RACISMO/XENOFOBIA,18
Navarra,2022,RACISMO/XENOFOBIA,16
Navarra,2021,RACISMO/XENOFOBIA,12
Navarra,2020,RACISMO/XENOFOBIA,15
Navarra,2019,RACISMO/XENOFOBIA,10
Navarra,2018,RACISMO/XENOFOBIA,2
Navarra,2017,RACISMO/XENOFOBIA,4
Navarra,2016,RACISMO/XENOFOBIA,4
Navarra,2015,RACISMO/XENOFOBIA,19
Navarra,2014,RACISMO/XENOFOBIA,13
Navarra,2024,TOTAL ámbitos,95
Navarra,2023,TOTAL ámbitos,95
Navarra,2022,TOTAL ámbitos,82
Navarra,2021,TOTAL ámbitos,45
Navarra,2020,TOTAL ámbitos,51
Navarra,2019,TOTAL ámbitos,31
Navarra,2018,TOTAL ámbitos,10
Navarra,2017,TOTAL ámbitos,14
Navarra,2016,TOTAL ámbitos,31
Navarra,2015,TOTAL ámbitos,31
Navarra,2014,TOTAL ámbitos,24
País Vasco,2024,ANTIGITANISMO,0
País Vasco,2023,ANTIGITANISMO,0
País Vasco,2022,ANTIGITANISMO,9
País Vasco,2021,ANTIGITANISMO,11
País Vasco,2020,ANTIGITANISMO,6
País Vasco,2019,ANTIGITANISMO,0
País Vasco,2018,ANTIGITANISMO,0
País Vasco,2017,ANTIGITANISMO,0
País Vasco,2016,ANTIGITANISMO,0
País Vasco,2015,ANTIGITANISMO,0
País Vasco,2014,ANTIGITANISMO,0
País Vasco,2024,ANTISEMITISMO,2
País Vasco,2023,ANTISEMITISMO,0
País Vasco,2022,ANTISEMITISMO,0
País Vasco,2021,ANTISEMITISMO,0
País Vasco,2020,ANTISEMITISMO,1
País Vasco,2019,ANTISEMITISMO,1
País Vasco,2018,ANTISEMITISMO,0
País Vasco,2017,ANTISEMITISMO,0
País Vasco,2016,ANTISEMITISMO,0
País Vasco,2015,ANTISEMITISMO,3
País Vasco,2014,ANTISEMITISMO,3
País Vasco,2024,APOROFOBIA,0
País Vasco,2023,APOROFOBIA,2
País Vasco,2022,APOROFOBIA,1
País Vasco,2021,APOROFOBIA,2
País Vasco,2020,APOROFOBIA,2
País Vasco,2019,APOROFOBIA,3
País Vasco,2018,APOROFOBIA,2
País Vasco,2017,APOROFOBIA,1
País Vasco,2016,APOROFOBIA,2
País Vasco,2015,APOROFOBIA,1
País Vasco,2014,APOROFOBIA,0
País Vasco,2024,CREENCIAS O PRÁCTICAS RELIGIOSAS,7
País Vasco,2023,CREENCIAS O PRÁCTICAS RELIGIOSAS,0
País Vasco,2022,CREENCIAS O PRÁCTICAS RELIGIOSAS,3
País Vasco,2021,CREENCIAS O PRÁCTICAS RELIGIOSAS,3
País Vasco,2020,CREENCIAS O PRÁCTICAS RELIGIOSAS,0
País Vasco,2019,CREENCIAS O PRÁCTICAS RELIGIOSAS,8
País Vasco,2018,CREENCIAS O PRÁCTICAS RELIGIOSAS,7
País Vasco,2017,CREENCIAS O PRÁCTICAS RELIGIOSAS,6
País Vasco,2016,CREENCIAS O PRÁCTICAS RELIGIOSAS,3
País Vasco,2015,CREENCIAS O PRÁCTICAS RELIGIOSAS,12
País Vasco,2014,CREENCIAS O PRÁCTICAS RELIGIOSAS,2
País Vasco,2024,DISFOBIA,2
País Vasco,2023,DISFOBIA,6
País Vasco,2022,DISFOBIA,7
País Vasco,2021,DISFOBIA,7
País Vasco,2020,DISFOBIA,25
País Vasco,2019,DISFOBIA,6
País Vasco,2018,DISFOBIA,3
País Vasco,2017,DISFOBIA,2
País Vasco,2016,DISFOBIA,4
País Vasco,2015,DISFOBIA,2
País Vasco,2014,DISFOBIA,9
País Vasco,2024,DISCRIMINACIÓN GENERACIONAL,0
País Vasco,2023,DISCRIMINACIÓN GENERACIONAL,4
País Vasco,2022,DISCRIMINACIÓN GENERACIONAL,1
País Vasco,2021,DISCRIMINACIÓN GENERACIONAL,0
País Vasco,2020,DISCRIMINACIÓN GENERACIONAL,1
País Vasco,2019,DISCRIMINACIÓN GENERACIONAL,0
País Vasco,2018,DISCRIMINACIÓN GENERACIONAL,0
País Vasco,2017,DISCRIMINACIÓN GENERACIONAL,0
País Vasco,2016,DISCRIMINACIÓN GENERACIONAL,0
País Vasco,2015,DISCRIMINACIÓN GENERACIONAL,0
País Vasco,2014,DISCRIMINACIÓN GENERACIONAL,0
País Vasco,2024,DISCRIMINACIÓN POR RAZÓN DE ENFERMEDAD,0
País Vasco,2023,DISCRIMINACIÓN POR RAZÓN DE ENFERMEDAD,0
País Vasco,2022,DISCRIMINACIÓN POR RAZÓN DE ENFERMEDAD,0
País Vasco,2021,DISCRIMINACIÓN POR RAZÓN DE ENFERMEDAD,1
País Vasco,2020,DISCRIMINACIÓN POR RAZÓN DE ENFERMEDAD,0
País Vasco,2019,DISCRIMINACIÓN POR RAZÓN DE ENFERMEDAD,0
País Vasco,2018,DISCRIMINACIÓN POR RAZÓN DE ENFERMEDAD,0
País Vasco,2017,DISCRIMINACIÓN POR RAZÓN DE ENFERMEDAD,0
País Vasco,2016,DISCRIMINACIÓN POR RAZÓN DE ENFERMEDAD,0
País Vasco,2015,DISCRIMINACIÓN POR RAZÓN DE ENFERMEDAD,0
País Vasco,2014,DISCRIMINACIÓN POR RAZÓN DE ENFERMEDAD,0
País Vasco,2024,DISCRIMINACIÓN POR RAZÓN DE SEXO/GÉNERO,9
País Vasco,2023,DISCRIMINACIÓN POR RAZÓN DE SEXO/GÉNERO,15
País Vasco,2022,DISCRIMINACIÓN POR RAZÓN DE SEXO/GÉNERO,64
País Vasco,2021,DISCRIMINACIÓN POR RAZÓN DE SEXO/GÉNERO,16
País Vasco,2020,DISCRIMINACIÓN POR RAZÓN DE SEXO/GÉNERO,15
País Vasco,2019,DISCRIMINACIÓN POR RAZÓN DE SEXO/GÉNERO,3
País Vasco,2018,DISCRIMINACIÓN POR RAZÓN DE SEXO/GÉNERO,0
País Vasco,2017,DISCRIMINACIÓN POR RAZÓN DE SEXO/GÉNERO,0
País Vasco,2016,DISCRIMINACIÓN POR RAZÓN DE SEXO/GÉNERO,0
País Vasco,2015,DISCRIMINACIÓN POR RAZÓN DE SEXO/GÉNERO,1
País Vasco,2014,DISCRIMINACIÓN POR RAZÓN DE SEXO/GÉNERO,0
País Vasco,2024,IDEOLOGIA,18
País Vasco,2023,IDEOLOGIA,28
País Vasco,2022,IDEOLOGIA,29
País Vasco,2021,IDEOLOGIA,10
País Vasco,2020,IDEOLOGIA,22
País Vasco,2019,IDEOLOGIA,16
País Vasco,2018,IDEOLOGIA,15
País Vasco,2017,IDEOLOGIA,28
País Vasco,2016,IDEOLOGIA,39
País Vasco,2015,IDEOLOGIA,26
País Vasco,2014,IDEOLOGIA,0
País Vasco,2024,ISLAMOFOBIA,1
País Vasco,2023,ISLAMOFOBIA,0
País Vasco,2022,ISLAMOFOBIA,0
País Vasco,2021,ISLAMOFOBIA,0
País Vasco,2020,ISLAMOFOBIA,0
País Vasco,2019,ISLAMOFOBIA,0
País Vasco,2018,ISLAMOFOBIA,0
País Vasco,2017,ISLAMOFOBIA,0
País Vasco,2016,ISLAMOFOBIA,0
País Vasco,2015,ISLAMOFOBIA,0
País Vasco,2014,ISLAMOFOBIA,0
País Vasco,2024,ORIENTACIÓN SEXUAL E IDENTIDAD DE GÉNERO,54
País Vasco,2023,ORIENTACIÓN SEXUAL E IDENTIDAD DE GÉNERO,37
País Vasco,2022,ORIENTACIÓN SEXUAL E IDENTIDAD DE GÉNERO,88
País Vasco,2021,ORIENTACIÓN SEXUAL E IDENTIDAD DE GÉNERO,65
País Vasco,2020,ORIENTACIÓN SEXUAL E IDENTIDAD DE GÉNERO,45
País Vasco,2019,ORIENTACIÓN SEXUAL E IDENTIDAD DE GÉNERO,12
País Vasco,2018,ORIENTACIÓN SEXUAL E IDENTIDAD DE GÉNERO,34
País Vasco,2017,ORIENTACIÓN SEXUAL E IDENTIDAD DE GÉNERO,30
País Vasco,2016,ORIENTACIÓN SEXUAL E IDENTIDAD DE GÉNERO,30
País Vasco,2015,ORIENTACIÓN SEXUAL E IDENTIDAD DE GÉNERO,27
País Vasco,2014,ORIENTACIÓN SEXUAL E IDENTIDAD DE GÉNERO,14
País Vasco,2024,RACISMO/XENOFOBIA,148
País Vasco,2023,RACISMO/XENOFOBIA,179
País Vasco,2022,RACISMO/XENOFOBIA,205
País Vasco,2021,RACISMO/XENOFOBIA,149
País Vasco,2020,RACISMO/XENOFOBIA,104
País Vasco,2019,RACISMO/XENOFOBIA,54
País Vasco,2018,RACISMO/XENOFOBIA,60
País Vasco,2017,RACISMO/XENOFOBIA,67
País Vasco,2016,RACISMO/XENOFOBIA,63
País Vasco,2015,RACISMO/XENOFOBIA,129
País Vasco,2014,RACISMO/XENOFOBIA,89
País Vasco,2024,TOTAL ámbitos,241
País Vasco,2023,TOTAL ámbitos,271
País Vasco,2022,TOTAL ámbitos,407
País Vasco,2021,TOTAL ámbitos,264
País Vasco,2020,TOTAL ámbitos,221
País Vasco,2019,TOTAL ámbitos,103
País Vasco,2018,TOTAL ámbitos,121
País Vasco,2017,TOTAL ámbitos,134
País Vasco,2016,TOTAL ámbitos,141
País Vasco,2015,TOTAL ámbitos,201
País Vasco,2014,TOTAL ámbitos,117
La Rioja,2024,ANTIGITANISMO,0
La Rioja,2023,ANTIGITANISMO,0
La Rioja,2022,ANTIGITANISMO,0
La Rioja,2021,ANTIGITANISMO,0
La Rioja,2020,ANTIGITANISMO,0
La Rioja,2019,ANTIGITANISMO,1
La Rioja,2018,ANTIGITANISMO,0
La Rioja,2017,ANTIGITANISMO,0
La Rioja,2016,ANTIGITANISMO,0
La Rioja,2015,ANTIGITANISMO,0
La Rioja,2014,ANTIGITANISMO,0
La Rioja,2024,ANTISEMITISMO,0
La Rioja,2023,ANTISEMITISMO,0
La Rioja,2022,ANTISEMITISMO,0
La Rioja,2021,ANTISEMITISMO,0
La Rioja,2020,ANTISEMITISMO,0
La Rioja,2019,ANTISEMITISMO,0
La Rioja,2018,ANTISEMITISMO,0
La Rioja,2017,ANTISEMITISMO,0
La Rioja,2016,ANTISEMITISMO,0
La Rioja,2015,ANTISEMITISMO,0
La Rioja,2014,ANTISEMITISMO,0
La Rioja,2024,APOROFOBIA,0
La Rioja,2023,APOROFOBIA,0
La Rioja,2022,APOROFOBIA,0
La Rioja,2021,APOROFOBIA,0
La Rioja,2020,APOROFOBIA,0
La Rioja,2019,APOROFOBIA,0
La Rioja,2018,APOROFOBIA,0
La Rioja,2017,APOROFOBIA,0
La Rioja,2016,APOROFOBIA,0
La Rioja,2015,APOROFOBIA,0
La Rioja,2014,APOROFOBIA,0
La Rioja,2024,CREENCIAS O PRÁCTICAS RELIGIOSAS,2
La Rioja,2023,CREENCIAS O PRÁCTICAS RELIGIOSAS,0
La Rioja,2022,CREENCIAS O PRÁCTICAS RELIGIOSAS,0
La Rioja,2021,CREENCIAS O PRÁCTICAS RELIGIOSAS,0
La Rioja,2020,CREENCIAS O PRÁCTICAS RELIGIOSAS,0
La Rioja,2019,CREENCIAS O PRÁCTICAS RELIGIOSAS,0
La Rioja,2018,CREENCIAS O PRÁCTICAS RELIGIOSAS,0
La Rioja,2017,CREENCIAS O PRÁCTICAS RELIGIOSAS,1
La Rioja,2016,CREENCIAS O PRÁCTICAS RELIGIOSAS,0
La Rioja,2015,CREENCIAS O PRÁCTICAS RELIGIOSAS,1
La Rioja,2014,CREENCIAS O PRÁCTICAS RELIGIOSAS,0
La Rioja,2024,DISFOBIA,0
La Rioja,2023,DISFOBIA,0
La Rioja,2022,DISFOBIA,0
La Rioja,2021,DISFOBIA,0
La Rioja,2020,DISFOBIA,0
La Rioja,2019,DISFOBIA,0
La Rioja,2018,DISFOBIA,0
La Rioja,2017,DISFOBIA,0
La Rioja,2016,DISFOBIA,3
La Rioja,2015,DISFOBIA,2
La Rioja,2014,DISFOBIA,0
La Rioja,2024,DISCRIMINACIÓN GENERACIONAL,0
La Rioja,2023,DISCRIMINACIÓN GENERACIONAL,0
La Rioja,2022,DISCRIMINACIÓN GENERACIONAL,0
La Rioja,2021,DISCRIMINACIÓN GENERACIONAL,0
La Rioja,2020,DISCRIMINACIÓN GENERACIONAL,1
La Rioja,2019,DISCRIMINACIÓN GENERACIONAL,0
La Rioja,2018,DISCRIMINACIÓN GENERACIONAL,9
La Rioja,2017,DISCRIMINACIÓN GENERACIONAL,0
La Rioja,2016,DISCRIMINACIÓN GENERACIONAL,0
La Rioja,2015,DISCRIMINACIÓN GENERACIONAL,0
La Rioja,2014,DISCRIMINACIÓN GENERACIONAL,0
La Rioja,2024,DISCRIMINACIÓN POR RAZÓN DE ENFERMEDAD,0
La Rioja,2023,DISCRIMINACIÓN POR RAZÓN DE ENFERMEDAD,0
La Rioja,2022,DISCRIMINACIÓN POR RAZÓN DE ENFERMEDAD,0
La Rioja,2021,DISCRIMINACIÓN POR RAZÓN DE ENFERMEDAD,0
La Rioja,2020,DISCRIMINACIÓN POR RAZÓN DE ENFERMEDAD,0
La Rioja,2019,DISCRIMINACIÓN POR RAZÓN DE ENFERMEDAD,0
La Rioja,2018,DISCRIMINACIÓN POR RAZÓN DE ENFERMEDAD,0
La Rioja,2017,DISCRIMINACIÓN POR RAZÓN DE ENFERMEDAD,0
La Rioja,2016,DISCRIMINACIÓN POR RAZÓN DE ENFERMEDAD,0
La Rioja,2015,DISCRIMINACIÓN POR RAZÓN DE ENFERMEDAD,0
La Rioja,2014,DISCRIMINACIÓN POR RAZÓN DE ENFERMEDAD,0
La Rioja,2024,DISCRIMINACIÓN POR RAZÓN DE SEXO/GÉNERO,2
La Rioja,2023,DISCRIMINACIÓN POR RAZÓN DE SEXO/GÉNERO,2
La Rioja,2022,DISCRIMINACIÓN POR RAZÓN DE SEXO/GÉNERO,0
La Rioja,2021,DISCRIMINACIÓN POR RAZÓN DE SEXO/GÉNERO,0
La Rioja,2020,DISCRIMINACIÓN POR RAZÓN DE SEXO/GÉNERO,0
La Rioja,2019,DISCRIMINACIÓN POR RAZÓN DE SEXO/GÉNERO,0
La Rioja,2018,DISCRIMINACIÓN POR RAZÓN DE SEXO/GÉNERO,1
La Rioja,2017,DISCRIMINACIÓN POR RAZÓN DE SEXO/GÉNERO,0
La Rioja,2016,DISCRIMINACIÓN POR RAZÓN DE SEXO/GÉNERO,0
La Rioja,2015,DISCRIMINACIÓN POR RAZÓN DE SEXO/GÉNERO,0
La Rioja,2014,DISCRIMINACIÓN POR RAZÓN DE SEXO/GÉNERO,0
La Rioja,2024,IDEOLOGIA,1
La Rioja,2023,IDEOLOGIA,5
La Rioja,2022,IDEOLOGIA,3
La Rioja,2021,IDEOLOGIA,7
La Rioja,2020,IDEOLOGIA,3
La Rioja,2019,IDEOLOGIA,2
La Rioja,2018,IDEOLOGIA,9
La Rioja,2017,IDEOLOGIA,3
La Rioja,2016,IDEOLOGIA,2
La Rioja,2015,IDEOLOGIA,3
La Rioja,2014,IDEOLOGIA,0
La Rioja,2024,ISLAMOFOBIA,0
La Rioja,2023,ISLAMOFOBIA,0
La Rioja,2022,ISLAMOFOBIA,0
La Rioja,2021,ISLAMOFOBIA,0
La Rioja,2020,ISLAMOFOBIA,0
La Rioja,2019,ISLAMOFOBIA,0
La Rioja,2018,ISLAMOFOBIA,0
La Rioja,2017,ISLAMOFOBIA,0
La Rioja,2016,ISLAMOFOBIA,0
La Rioja,2015,ISLAMOFOBIA,0
La Rioja,2014,ISLAMOFOBIA,0
La Rioja,2024,ORIENTACIÓN SEXUAL E IDENTIDAD DE GÉNERO,5
La Rioja,2023,ORIENTACIÓN SEXUAL E IDENTIDAD DE GÉNERO,2
La Rioja,2022,ORIENTACIÓN SEXUAL E IDENTIDAD DE GÉNERO,0
La Rioja,2021,ORIENTACIÓN SEXUAL E IDENTIDAD DE GÉNERO,0
La Rioja,2020,ORIENTACIÓN SEXUAL E IDENTIDAD DE GÉNERO,0
La Rioja,2019,ORIENTACIÓN SEXUAL E IDENTIDAD DE GÉNERO,0
La Rioja,2018,ORIENTACIÓN SEXUAL E IDENTIDAD DE GÉNERO,1
La Rioja,2017,ORIENTACIÓN SEXUAL E IDENTIDAD DE GÉNERO,0
La Rioja,2016,ORIENTACIÓN SEXUAL E IDENTIDAD DE GÉNERO,0
La Rioja,2015,ORIENTACIÓN SEXUAL E IDENTIDAD DE GÉNERO,0
La Rioja,2014,ORIENTACIÓN SEXUAL E IDENTIDAD DE GÉNERO,0
La Rioja,2024,RACISMO/XENOFOBIA,3
La Rioja,2023,RACISMO/XENOFOBIA,8
La Rioja,2022,RACISMO/XENOFOBIA,3
La Rioja,2021,RACISMO/XENOFOBIA,4
La Rioja,2020,RACISMO/XENOFOBIA,0
La Rioja,2019,RACISMO/XENOFOBIA,3
La Rioja,2018,RACISMO/XENOFOBIA,3
La Rioja,2017,RACISMO/XENOFOBIA,1
La Rioja,2016,RACISMO/XENOFOBIA,7
La Rioja,2015,RACISMO/XENOFOBIA,5
La Rioja,2014,RACISMO/XENOFOBIA,1
La Rioja,2024,TOTAL ámbitos,13
La Rioja,2023,TOTAL ámbitos,17
La Rioja,2022,TOTAL ámbitos,6
La Rioja,2021,TOTAL ámbitos,11
La Rioja,2020,TOTAL ámbitos,4
La Rioja,2019,TOTAL ámbitos,6
La Rioja,2018,TOTAL ámbitos,23
La Rioja,2017,TOTAL ámbitos,5
La Rioja,2016,TOTAL ámbitos,12
La Rioja,2015,TOTAL ámbitos,11
La Rioja,2014,TOTAL ámbitos,1
Ceuta,2024,ANTIGITANISMO,0
Ceuta,2023,ANTIGITANISMO,0
Ceuta,2022,ANTIGITANISMO,0
Ceuta,2021,ANTIGITANISMO,0
Ceuta,2020,ANTIGITANISMO,0
Ceuta,2019,ANTIGITANISMO,0
Ceuta,2018,ANTIGITANISMO,0
Ceuta,2017,ANTIGITANISMO,0
Ceuta,2016,ANTIGITANISMO,0
Ceuta,2015,ANTIGITANISMO,0
Ceuta,2014,ANTIGITANISMO,0
Ceuta,2024,ANTISEMITISMO,0
Ceuta,2023,ANTISEMITISMO,0
Ceuta,2022,ANTISEMITISMO,0
Ceuta,2021,ANTISEMITISMO,0
Ceuta,2020,ANTISEMITISMO,0
Ceuta,2019,ANTISEMITISMO,0
Ceuta,2018,ANTISEMITISMO,0
Ceuta,2017,ANTISEMITISMO,0
Ceuta,2016,ANTISEMITISMO,0
Ceuta,2015,ANTISEMITISMO,0
Ceuta,2014,ANTISEMITISMO,0
Ceuta,2024,APOROFOBIA,0
Ceuta,2023,APOROFOBIA,0
Ceuta,2022,APOROFOBIA,0
Ceuta,2021,APOROFOBIA,0
Ceuta,2020,APOROFOBIA,0
Ceuta,2019,APOROFOBIA,0
Ceuta,2018,APOROFOBIA,0
Ceuta,2017,APOROFOBIA,0
Ceuta,2016,APOROFOBIA,0
Ceuta,2015,APOROFOBIA,0
Ceuta,2014,APOROFOBIA,0
Ceuta,2024,CREENCIAS O PRÁCTICAS RELIGIOSAS,3
Ceuta,2023,CREENCIAS O PRÁCTICAS RELIGIOSAS,1
Ceuta,2022,CREENCIAS O PRÁCTICAS RELIGIOSAS,0
Ceuta,2021,CREENCIAS O PRÁCTICAS RELIGIOSAS,0
Ceuta,2020,CREENCIAS O PRÁCTICAS RELIGIOSAS,1
Ceuta,2019,CREENCIAS O PRÁCTICAS RELIGIOSAS,1
Ceuta,2018,CREENCIAS O PRÁCTICAS RELIGIOSAS,0
Ceuta,2017,CREENCIAS O PRÁCTICAS RELIGIOSAS,1
Ceuta,2016,CREENCIAS O PRÁCTICAS RELIGIOSAS,0
Ceuta,2015,CREENCIAS O PRÁCTICAS RELIGIOSAS,0
Ceuta,2014,CREENCIAS O PRÁCTICAS RELIGIOSAS,0
Ceuta,2024,DISFOBIA,0
Ceuta,2023,DISFOBIA,1
Ceuta,2022,DISFOBIA,0
Ceuta,2021,DISFOBIA,0
Ceuta,2020,DISFOBIA,0
Ceuta,2019,DISFOBIA,0
Ceuta,2018,DISFOBIA,0
Ceuta,2017,DISFOBIA,0
Ceuta,2016,DISFOBIA,0
Ceuta,2015,DISFOBIA,0
Ceuta,2014,DISFOBIA,1
Ceuta,2024,DISCRIMINACIÓN GENERACIONAL,0
Ceuta,2023,DISCRIMINACIÓN GENERACIONAL,0
Ceuta,2022,DISCRIMINACIÓN GENERACIONAL,0
Ceuta,2021,DISCRIMINACIÓN GENERACIONAL,0
Ceuta,2020,DISCRIMINACIÓN GENERACIONAL,0
Ceuta,2019,DISCRIMINACIÓN GENERACIONAL,0
Ceuta,2018,DISCRIMINACIÓN GENERACIONAL,0
Ceuta,2017,DISCRIMINACIÓN GENERACIONAL,0
Ceuta,2016,DISCRIMINACIÓN GENERACIONAL,0
Ceuta,2015,DISCRIMINACIÓN GENERACIONAL,0
Ceuta,2014,DISCRIMINACIÓN GENERACIONAL,0
Ceuta,2024,DISCRIMINACIÓN POR RAZÓN DE ENFERMEDAD,0
Ceuta,2023,DISCRIMINACIÓN POR RAZÓN DE ENFERMEDAD,0
Ceuta,2022,DISCRIMINACIÓN POR RAZÓN DE ENFERMEDAD,0
Ceuta,2021,DISCRIMINACIÓN POR RAZÓN DE ENFERMEDAD,0
Ceuta,2020,DISCRIMINACIÓN POR RAZÓN DE ENFERMEDAD,0
Ceuta,2019,DISCRIMINACIÓN POR RAZÓN DE ENFERMEDAD,0
Ceuta,2018,DISCRIMINACIÓN POR RAZÓN DE ENFERMEDAD,0
Ceuta,2017,DISCRIMINACIÓN POR RAZÓN DE ENFERMEDAD,0
Ceuta,2016,DISCRIMINACIÓN POR RAZÓN DE ENFERMEDAD,0
Ceuta,2015,DISCRIMINACIÓN POR RAZÓN DE ENFERMEDAD,0
Ceuta,2014,DISCRIMINACIÓN POR RAZÓN DE ENFERMEDAD,0
Ceuta,2024,DISCRIMINACIÓN POR RAZÓN DE SEXO/GÉNERO,2
Ceuta,2023,DISCRIMINACIÓN POR RAZÓN DE SEXO/GÉNERO,0
Ceuta,2022,DISCRIMINACIÓN POR RAZÓN DE SEXO/GÉNERO,1
Ceuta,2021,DISCRIMINACIÓN POR RAZÓN DE SEXO/GÉNERO,0
Ceuta,2020,DISCRIMINACIÓN POR RAZÓN DE SEXO/GÉNERO,1
Ceuta,2019,DISCRIMINACIÓN POR RAZÓN DE SEXO/GÉNERO,0
Ceuta,2018,DISCRIMINACIÓN POR RAZÓN DE SEXO/GÉNERO,0
Ceuta,2017,DISCRIMINACIÓN POR RAZÓN DE SEXO/GÉNERO,1
Ceuta,2016,DISCRIMINACIÓN POR RAZÓN DE SEXO/GÉNERO,0
Ceuta,2015,DISCRIMINACIÓN POR RAZÓN DE SEXO/GÉNERO,0
Ceuta,2014,DISCRIMINACIÓN POR RAZÓN DE SEXO/GÉNERO,0
Ceuta,2024,IDEOLOGIA,0
Ceuta,2023,IDEOLOGIA,0
Ceuta,2022,IDEOLOGIA,0
Ceuta,2021,IDEOLOGIA,1
Ceuta,2020,IDEOLOGIA,0
Ceuta,2019,IDEOLOGIA,0
Ceuta,2018,IDEOLOGIA,0
Ceuta,2017,IDEOLOGIA,0
Ceuta,2016,IDEOLOGIA,0
Ceuta,2015,IDEOLOGIA,0
Ceuta,2014,IDEOLOGIA,0
Ceuta,2024,ISLAMOFOBIA,0
Ceuta,2023,ISLAMOFOBIA,0
Ceuta,2022,ISLAMOFOBIA,0
Ceuta,2021,ISLAMOFOBIA,0
Ceuta,2020,ISLAMOFOBIA,0
Ceuta,2019,ISLAMOFOBIA,0
Ceuta,2018,ISLAMOFOBIA,0
Ceuta,2017,ISLAMOFOBIA,0
Ceuta,2016,ISLAMOFOBIA,0
Ceuta,2015,ISLAMOFOBIA,0
Ceuta,2014,ISLAMOFOBIA,0
Ceuta,2024,ORIENTACIÓN SEXUAL E IDENTIDAD DE GÉNERO,1
Ceuta,2023,ORIENTACIÓN SEXUAL E IDENTIDAD DE GÉNERO,1
Ceuta,2022,ORIENTACIÓN SEXUAL E IDENTIDAD DE GÉNERO,0
Ceuta,2021,ORIENTACIÓN SEXUAL E IDENTIDAD DE GÉNERO,0
Ceuta,2020,ORIENTACIÓN SEXUAL E IDENTIDAD DE GÉNERO,0
Ceuta,2019,ORIENTACIÓN SEXUAL E IDENTIDAD DE GÉNERO,0
Ceuta,2018,ORIENTACIÓN SEXUAL E IDENTIDAD DE GÉNERO,0
Ceuta,2017,ORIENTACIÓN SEXUAL E IDENTIDAD DE GÉNERO,0
Ceuta,2016,ORIENTACIÓN SEXUAL E IDENTIDAD DE GÉNERO,0
Ceuta,2015,ORIENTACIÓN SEXUAL E IDENTIDAD DE GÉNERO,0
Ceuta,2014,ORIENTACIÓN SEXUAL E IDENTIDAD DE GÉNERO,2
Ceuta,2024,RACISMO/XENOFOBIA,1
Ceuta,2023,RACISMO/XENOFOBIA,0
Ceuta,2022,RACISMO/XENOFOBIA,0
Ceuta,2021,RACISMO/XENOFOBIA,1
Ceuta,2020,RACISMO/XENOFOBIA,1
Ceuta,2019,RACISMO/XENOFOBIA,0
Ceuta,2018,RACISMO/XENOFOBIA,0
Ceuta,2017,RACISMO/XENOFOBIA,1
Ceuta,2016,RACISMO/XENOFOBIA,0
Ceuta,2015,RACISMO/XENOFOBIA,0
Ceuta,2014,RACISMO/XENOFOBIA,1
Ceuta,2024,TOTAL ámbitos,7
Ceuta,2023,TOTAL ámbitos,3
Ceuta,2022,TOTAL ámbitos,1
Ceuta,2021,TOTAL ámbitos,2
Ceuta,2020,TOTAL ámbitos,3
Ceuta,2019,TOTAL ámbitos,1
Ceuta,2018,TOTAL ámbitos,0
Ceuta,2017,TOTAL ámbitos,3
Ceuta,2016,TOTAL ámbitos,0
Ceuta,2015,TOTAL ámbitos,0
Ceuta,2014,TOTAL ámbitos,4
Melilla,2024,ANTIGITANISMO,0
Melilla,2023,ANTIGITANISMO,0
Melilla,2022,ANTIGITANISMO,0
Melilla,2021,ANTIGITANISMO,0
Melilla,2020,ANTIGITANISMO,0
Melilla,2019,ANTIGITANISMO,0
Melilla,2018,ANTIGITANISMO,0
Melilla,2017,ANTIGITANISMO,0
Melilla,2016,ANTIGITANISMO,0
Melilla,2015,ANTIGITANISMO,0
Melilla,2014,ANTIGITANISMO,0
Melilla,2024,ANTISEMITISMO,0
Melilla,2023,ANTISEMITISMO,4
Melilla,2022,ANTISEMITISMO,0
Melilla,2021,ANTISEMITISMO,0
Melilla,2020,ANTISEMITISMO,0
Melilla,2019,ANTISEMITISMO,0
Melilla,2018,ANTISEMITISMO,0
Melilla,2017,ANTISEMITISMO,1
Melilla,2016,ANTISEMITISMO,0
Melilla,2015,ANTISEMITISMO,0
Melilla,2014,ANTISEMITISMO,2
Melilla,2024,APOROFOBIA,0
Melilla,2023,APOROFOBIA,0
Melilla,2022,APOROFOBIA,0
Melilla,2021,APOROFOBIA,0
Melilla,2020,APOROFOBIA,0
Melilla,2019,APOROFOBIA,0
Melilla,2018,APOROFOBIA,0
Melilla,2017,APOROFOBIA,0
Melilla,2016,APOROFOBIA,0
Melilla,2015,APOROFOBIA,0
Melilla,2014,APOROFOBIA,0
Melilla,2024,CREENCIAS O PRÁCTICAS RELIGIOSAS,0
Melilla,2023,CREENCIAS O PRÁCTICAS RELIGIOSAS,0
Melilla,2022,CREENCIAS O PRÁCTICAS RELIGIOSAS,0
Melilla,2021,CREENCIAS O PRÁCTICAS RELIGIOSAS,0
Melilla,2020,CREENCIAS O PRÁCTICAS RELIGIOSAS,0
Melilla,2019,CREENCIAS O PRÁCTICAS RELIGIOSAS,0
Melilla,2018,CREENCIAS O PRÁCTICAS RELIGIOSAS,0
Melilla,2017,CREENCIAS O PRÁCTICAS RELIGIOSAS,1
Melilla,2016,CREENCIAS O PRÁCTICAS RELIGIOSAS,1
Melilla,2015,CREENCIAS O PRÁCTICAS RELIGIOSAS,0
Melilla,2014,CREENCIAS O PRÁCTICAS RELIGIOSAS,1
Melilla,2024,DISFOBIA,0
Melilla,2023,DISFOBIA,0
Melilla,2022,DISFOBIA,0
Melilla,2021,DISFOBIA,0
Melilla,2020,DISFOBIA,0
Melilla,2019,DISFOBIA,2
Melilla,2018,DISFOBIA,0
Melilla,2017,DISFOBIA,1
Melilla,2016,DISFOBIA,1
Melilla,2015,DISFOBIA,0
Melilla,2014,DISFOBIA,0
Melilla,2024,DISCRIMINACIÓN GENERACIONAL,0
Melilla,2023,DISCRIMINACIÓN GENERACIONAL,0
Melilla,2022,DISCRIMINACIÓN GENERACIONAL,0
Melilla,2021,DISCRIMINACIÓN GENERACIONAL,0
Melilla,2020,DISCRIMINACIÓN GENERACIONAL,0
Melilla,2019,DISCRIMINACIÓN GENERACIONAL,0
Melilla,2018,DISCRIMINACIÓN GENERACIONAL,0
Melilla,2017,DISCRIMINACIÓN GENERACIONAL,0
Melilla,2016,DISCRIMINACIÓN GENERACIONAL,0
Melilla,2015,DISCRIMINACIÓN GENERACIONAL,0
Melilla,2014,DISCRIMINACIÓN GENERACIONAL,0
Melilla,2024,DISCRIMINACIÓN POR RAZÓN DE ENFERMEDAD,0
Melilla,2023,DISCRIMINACIÓN POR RAZÓN DE ENFERMEDAD,0
Melilla,2022,DISCRIMINACIÓN POR RAZÓN DE ENFERMEDAD,0
Melilla,2021,DISCRIMINACIÓN POR RAZÓN DE ENFERMEDAD,0
Melilla,2020,DISCRIMINACIÓN POR RAZÓN DE ENFERMEDAD,0
Melilla,2019,DISCRIMINACIÓN POR RAZÓN DE ENFERMEDAD,0
Melilla,2018,DISCRIMINACIÓN POR RAZÓN DE ENFERMEDAD,0
Melilla,2017,DISCRIMINACIÓN POR RAZÓN DE ENFERMEDAD,0
Melilla,2016,DISCRIMINACIÓN POR RAZÓN DE ENFERMEDAD,0
Melilla,2015,DISCRIMINACIÓN POR RAZÓN DE ENFERMEDAD,0
Melilla,2014,DISCRIMINACIÓN POR RAZÓN DE ENFERMEDAD,0
Melilla,2024,DISCRIMINACIÓN POR RAZÓN DE SEXO/GÉNERO,1
Melilla,2023,DISCRIMINACIÓN POR RAZÓN DE SEXO/GÉNERO,3
Melilla,2022,DISCRIMINACIÓN POR RAZÓN DE SEXO/GÉNERO,0
Melilla,2021,DISCRIMINACIÓN POR RAZÓN DE SEXO/GÉNERO,0
Melilla,2020,DISCRIMINACIÓN POR RAZÓN DE SEXO/GÉNERO,3
Melilla,2019,DISCRIMINACIÓN POR RAZÓN DE SEXO/GÉNERO,0
Melilla,2018,DISCRIMINACIÓN POR RAZÓN DE SEXO/GÉNERO,1
Melilla,2017,DISCRIMINACIÓN POR RAZÓN DE SEXO/GÉNERO,1
Melilla,2016,DISCRIMINACIÓN POR RAZÓN DE SEXO/GÉNERO,0
Melilla,2015,DISCRIMINACIÓN POR RAZÓN DE SEXO/GÉNERO,0
Melilla,2014,DISCRIMINACIÓN POR RAZÓN DE SEXO/GÉNERO,0
Melilla,2024,IDEOLOGIA,2
Melilla,2023,IDEOLOGIA,0
Melilla,2022,IDEOLOGIA,0
Melilla,2021,IDEOLOGIA,0
Melilla,2020,IDEOLOGIA,0
Melilla,2019,IDEOLOGIA,2
Melilla,2018,IDEOLOGIA,0
Melilla,2017,IDEOLOGIA,2
Melilla,2016,IDEOLOGIA,0
Melilla,2015,IDEOLOGIA,0
Melilla,2014,IDEOLOGIA,0
Melilla,2024,ISLAMOFOBIA,0
Melilla,2023,ISLAMOFOBIA,0
Melilla,2022,ISLAMOFOBIA,0
Melilla,2021,ISLAMOFOBIA,0
Melilla,2020,ISLAMOFOBIA,0
Melilla,2019,ISLAMOFOBIA,0
Melilla,2018,ISLAMOFOBIA,0
Melilla,2017,ISLAMOFOBIA,0
Melilla,2016,ISLAMOFOBIA,0
Melilla,2015,ISLAMOFOBIA,0
Melilla,2014,ISLAMOFOBIA,0
Melilla,2024,ORIENTACIÓN SEXUAL E IDENTIDAD DE GÉNERO,1
Melilla,2023,ORIENTACIÓN SEXUAL E IDENTIDAD DE GÉNERO,2
Melilla,2022,ORIENTACIÓN SEXUAL E IDENTIDAD DE GÉNERO,1
Melilla,2021,ORIENTACIÓN SEXUAL E IDENTIDAD DE GÉNERO,2
Melilla,2020,ORIENTACIÓN SEXUAL E IDENTIDAD DE GÉNERO,7
Melilla,2019,ORIENTACIÓN SEXUAL E IDENTIDAD DE GÉNERO,1
Melilla,2018,ORIENTACIÓN SEXUAL E IDENTIDAD DE GÉNERO,2
Melilla,2017,ORIENTACIÓN SEXUAL E IDENTIDAD DE GÉNERO,1
Melilla,2016,ORIENTACIÓN SEXUAL E IDENTIDAD DE GÉNERO,3
Melilla,2015,ORIENTACIÓN SEXUAL E IDENTIDAD DE GÉNERO,0
Melilla,2014,ORIENTACIÓN SEXUAL E IDENTIDAD DE GÉNERO,2
Melilla,2024,RACISMO/XENOFOBIA,3
Melilla,2023,RACISMO/XENOFOBIA,0
Melilla,2022,RACISMO/XENOFOBIA,1
Melilla,2021,RACISMO/XENOFOBIA,1
Melilla,2020,RACISMO/XENOFOBIA,0
Melilla,2019,RACISMO/XENOFOBIA,0
Melilla,2018,RACISMO/XENOFOBIA,3
Melilla,2017,RACISMO/XENOFOBIA,0
Melilla,2016,RACISMO/XENOFOBIA,1
Melilla,2015,RACISMO/XENOFOBIA,0
Melilla,2014,RACISMO/XENOFOBIA,1
Melilla,2024,TOTAL ámbitos,7
Melilla,2023,TOTAL ámbitos,9
Melilla,2022,TOTAL ámbitos,2
Melilla,2021,TOTAL ámbitos,3
Melilla,2020,TOTAL ámbitos,10
Melilla,2019,TOTAL ámbitos,5
Melilla,2018,TOTAL ámbitos,6
Melilla,2017,TOTAL ámbitos,7
Melilla,2016,TOTAL ámbitos,6
Melilla,2015,TOTAL ámbitos,0
Melilla,2014,TOTAL ámbitos,6
