video_id,autor,fecha,likes,texto,titulo_video,canal,fecha_video,año_video,tema
mjZX6RUsyR0,@elputofu3922,2023-08-21T11:25:57Z,0,"La passsta manda, yo también soy ""friendly"" de quien se deje la passssta en el negocio",ORGULLO GAY | Más de 1.500 empresas españolas se han declarado &#39;gay friendly&#39;,laSexta Noticias,2015-07-04T16:54:15Z,2015,lgtbi
mjZX6RUsyR0,@alancruz5998,2020-04-29T04:51:30Z,0,Hola quiero que me ayuden ❤️😭😭😭😭😭,ORGULLO GAY | Más de 1.500 empresas españolas se han declarado &#39;gay friendly&#39;,laSexta Noticias,2015-07-04T16:54:15Z,2015,lgtbi
b8hU_-43y3w,@miguelmamani2293,2023-04-19T22:47:23Z,2,"Como que  a veces me da risa cuando dice
8.000 homosexuales hahah reunidos hahah",8.000 homosexuales se dan cita en el &#39;Water Park Day&#39; de Barcelona,Antena 3 Noticias,2015-08-11T14:15:46Z,2015,lgtbi
b8hU_-43y3w,@danielcalderonsanchez8756,2023-03-13T04:11:47Z,0,"Ufff super 😃 , me encantaría ir.",8.000 homosexuales se dan cita en el &#39;Water Park Day&#39; de Barcelona,Antena 3 Noticias,2015-08-11T14:15:46Z,2015,lgtbi
b8hU_-43y3w,@11esve,2023-06-28T19:50:30Z,2,Un asteroide como lo que le paso a una ciudad antes,8.000 homosexuales se dan cita en el &#39;Water Park Day&#39; de Barcelona,Antena 3 Noticias,2015-08-11T14:15:46Z,2015,lgtbi
b8hU_-43y3w,@joni33333,2015-08-11T20:23:54Z,0,facepalm,8.000 homosexuales se dan cita en el &#39;Water Park Day&#39; de Barcelona,Antena 3 Noticias,2015-08-11T14:15:46Z,2015,lgtbi
b8hU_-43y3w,@Kitana_ultimate,2026-04-01T02:42:28Z,0,Viva la pluma,8.000 homosexuales se dan cita en el &#39;Water Park Day&#39; de Barcelona,Antena 3 Noticias,2015-08-11T14:15:46Z,2015,lgtbi
b8hU_-43y3w,@cescfontvela8330,2025-08-12T12:24:10Z,0,Tot un negoci rodo,8.000 homosexuales se dan cita en el &#39;Water Park Day&#39; de Barcelona,Antena 3 Noticias,2015-08-11T14:15:46Z,2015,lgtbi
b8hU_-43y3w,@pboy9875,2015-08-11T14:19:14Z,2,Q Pena...,8.000 homosexuales se dan cita en el &#39;Water Park Day&#39; de Barcelona,Antena 3 Noticias,2015-08-11T14:15:46Z,2015,lgtbi
b8hU_-43y3w,@antoniolinaressaiz8939,2023-11-12T23:00:33Z,1,Mucha loca...,8.000 homosexuales se dan cita en el &#39;Water Park Day&#39; de Barcelona,Antena 3 Noticias,2015-08-11T14:15:46Z,2015,lgtbi
b8hU_-43y3w,@cescfontvela8330,2025-08-12T12:16:32Z,2,Soc homosexual pero no ting res que veure amb aquesta gent consumista capitalists d dretes  I egocentrics😢,8.000 homosexuales se dan cita en el &#39;Water Park Day&#39; de Barcelona,Antena 3 Noticias,2015-08-11T14:15:46Z,2015,lgtbi
b8hU_-43y3w,@felixmedranogamboa352,2022-11-11T21:26:36Z,0,O may gaaaaaaaaaaaaa,8.000 homosexuales se dan cita en el &#39;Water Park Day&#39; de Barcelona,Antena 3 Noticias,2015-08-11T14:15:46Z,2015,lgtbi
yJ2pyR3q_XA,@jesusmv92,2020-06-09T17:01:44Z,11,"Viva la libertad, vivan aquellos que viven su vida como la quieren vivir","Zapatero: &quot;El movimiento LGTB nos ha hecho un país más decente, más digno&quot;",laSexta Noticias,2015-07-02T21:49:51Z,2015,lgtbi
yJ2pyR3q_XA,@cueris2010,2020-08-30T07:35:51Z,2,Merecidísimo homenaje a Pedro Zerolo,"Zapatero: &quot;El movimiento LGTB nos ha hecho un país más decente, más digno&quot;",laSexta Noticias,2015-07-02T21:49:51Z,2015,lgtbi
yJ2pyR3q_XA,@mateosanfitz9625,2017-09-19T16:39:22Z,28,Algo bueno que hizo zp,"Zapatero: &quot;El movimiento LGTB nos ha hecho un país más decente, más digno&quot;",laSexta Noticias,2015-07-02T21:49:51Z,2015,lgtbi
yJ2pyR3q_XA,@amorcienfuegos,2019-06-16T15:39:55Z,2,"Voy a vomitarrrrr.....
Agggggg","Zapatero: &quot;El movimiento LGTB nos ha hecho un país más decente, más digno&quot;",laSexta Noticias,2015-07-02T21:49:51Z,2015,lgtbi
yJ2pyR3q_XA,@segasaturnscar3682,2021-01-01T13:02:19Z,2,Yo estoy en contra del matrimonio homosexual,"Zapatero: &quot;El movimiento LGTB nos ha hecho un país más decente, más digno&quot;",laSexta Noticias,2015-07-02T21:49:51Z,2015,lgtbi
ZduZA4xirh0,@pepi6620,2021-12-29T08:46:22Z,34,Entonces  porque el rey no está en la cárcel?,El drama de ser homosexual en Marruecos,laSexta Noticias,2015-04-03T15:25:45Z,2015,lgtbi
ZduZA4xirh0,@mariadelao9474,2024-05-29T06:24:49Z,10,"28/5/2024
Este video tiene años, esos irrespetuosos están llegado a europa 🤦🏼‍♀️
Los gobiernos los están trayendo 🤬🤬🤬",El drama de ser homosexual en Marruecos,laSexta Noticias,2015-04-03T15:25:45Z,2015,lgtbi
ZduZA4xirh0,@beatrizfernandez2044,2021-03-22T06:13:40Z,16,NUNCA AMAR A QUIEN  UNO QUIERA debe ser DELITO.,El drama de ser homosexual en Marruecos,laSexta Noticias,2015-04-03T15:25:45Z,2015,lgtbi
ZduZA4xirh0,@tarikabaraka2251,2023-12-07T09:36:09Z,2,Marruecos recuerda el terror vivido en las prisiones secretas del rey Hasán II  con una manifestación ante la antigua prisión secreta de Tazmamart,El drama de ser homosexual en Marruecos,laSexta Noticias,2015-04-03T15:25:45Z,2015,lgtbi
ZduZA4xirh0,@aficimpresiones6369,2024-06-19T18:20:36Z,1,excelente,El drama de ser homosexual en Marruecos,laSexta Noticias,2015-04-03T15:25:45Z,2015,lgtbi
ZduZA4xirh0,@j.bsimulation418,2022-12-15T05:17:38Z,10,Pues a vuestro rey también le va el rollo y a el nadie le dice nada.,El drama de ser homosexual en Marruecos,laSexta Noticias,2015-04-03T15:25:45Z,2015,lgtbi
ZduZA4xirh0,@perico214,2018-08-09T17:27:06Z,45,"No entiendo como una Madre le hace eso a su hijo, como vas a maltratar a tu hijo al contrario  deberia darle su proteccion",El drama de ser homosexual en Marruecos,laSexta Noticias,2015-04-03T15:25:45Z,2015,lgtbi
ZduZA4xirh0,@rabiephotographie6228,2023-11-03T19:21:18Z,13,Soy gay de Marruecos y necesito soluciones para salir de mi infierno.,El drama de ser homosexual en Marruecos,laSexta Noticias,2015-04-03T15:25:45Z,2015,lgtbi
ZduZA4xirh0,@blackgoku3788,2022-07-05T19:19:32Z,4,Pobrecito,El drama de ser homosexual en Marruecos,laSexta Noticias,2015-04-03T15:25:45Z,2015,lgtbi
ZduZA4xirh0,@diegopaul5265,2021-06-17T22:52:57Z,15,"Tiene suerte de estar vivo, si el hubiera nacido en iran o arabia saudita ya estaria muerto",El drama de ser homosexual en Marruecos,laSexta Noticias,2015-04-03T15:25:45Z,2015,lgtbi
ZduZA4xirh0,@richarddelgadomongragon7697,2023-01-01T12:34:54Z,7,Una ayuda psicológico debe tener ..pero no a la violencia!,El drama de ser homosexual en Marruecos,laSexta Noticias,2015-04-03T15:25:45Z,2015,lgtbi
ZduZA4xirh0,@moritzmenendez3227,2026-05-27T20:45:49Z,0,El colmo de la hipocresía teniendo a un rey gay.,El drama de ser homosexual en Marruecos,laSexta Noticias,2015-04-03T15:25:45Z,2015,lgtbi
ZduZA4xirh0,@gipsy9129,2023-05-22T19:26:22Z,3,HIPOCRESÍA.,El drama de ser homosexual en Marruecos,laSexta Noticias,2015-04-03T15:25:45Z,2015,lgtbi
ZduZA4xirh0,@saraI123-r6i,2022-12-16T17:42:48Z,1,La cosa ha cambiado ya no es así.,El drama de ser homosexual en Marruecos,laSexta Noticias,2015-04-03T15:25:45Z,2015,lgtbi
ZduZA4xirh0,@kamarkamar8877,2018-06-25T16:13:09Z,0,h,El drama de ser homosexual en Marruecos,laSexta Noticias,2015-04-03T15:25:45Z,2015,lgtbi
ZduZA4xirh0,@marivanecardozo1547,2024-11-14T13:42:46Z,1,Pero si el rey de ahí lo es 😅😅😅,El drama de ser homosexual en Marruecos,laSexta Noticias,2015-04-03T15:25:45Z,2015,lgtbi
ZduZA4xirh0,@pabloblume6113,2024-05-11T07:46:37Z,16,Esta noticia no la dais ni de coña en 2024. Diríais que hay homofobia en España pero no en Marruecos,El drama de ser homosexual en Marruecos,laSexta Noticias,2015-04-03T15:25:45Z,2015,lgtbi
ZduZA4xirh0,@jmudikun,2018-12-06T00:51:50Z,28,En Marruecos no está bien visto ser homosexual pero son muchos hombres que alquilan su pene a los hombres turistas para ayudar a su familia sin que esto se considere malo porque están trabajando :D,El drama de ser homosexual en Marruecos,laSexta Noticias,2015-04-03T15:25:45Z,2015,lgtbi
ZduZA4xirh0,@kmaster589,2022-06-03T13:59:03Z,1,😂😂😂😂😂😂😂😂😂😂😂😂😂😂😂,El drama de ser homosexual en Marruecos,laSexta Noticias,2015-04-03T15:25:45Z,2015,lgtbi
ZduZA4xirh0,@lizmartinez6885,2020-08-08T19:21:07Z,16,El rey de Marruecos es gay jaja y todo cambio ahora son libres casi todos los MARROQUIES,El drama de ser homosexual en Marruecos,laSexta Noticias,2015-04-03T15:25:45Z,2015,lgtbi
ZduZA4xirh0,@berthaflores4195,2018-04-07T23:09:23Z,9,Pobrecitos !!!,El drama de ser homosexual en Marruecos,laSexta Noticias,2015-04-03T15:25:45Z,2015,lgtbi
ZduZA4xirh0,@gonzaloaldairalejo5877,2018-10-13T22:51:15Z,26,"😢 Me Da Tristeza Como La Gente Discrimina A Los Gays
Recuerden Somos Seres Humanos
Y Tenemos Derecho A La Vida",El drama de ser homosexual en Marruecos,laSexta Noticias,2015-04-03T15:25:45Z,2015,lgtbi
ZduZA4xirh0,@elcordobes6947,2019-10-18T21:30:51Z,6,Que pena por dios..,El drama de ser homosexual en Marruecos,laSexta Noticias,2015-04-03T15:25:45Z,2015,lgtbi
ZduZA4xirh0,@fernandonavasbolivar4530,2026-01-12T03:06:05Z,0,Horrible. Y hay quien dice que no hay razones para seguir peleando por derechos humanos.,El drama de ser homosexual en Marruecos,laSexta Noticias,2015-04-03T15:25:45Z,2015,lgtbi
ZduZA4xirh0,@juanjomonago4632,2025-12-13T14:42:25Z,1,Los marroquis a Marruecos,El drama de ser homosexual en Marruecos,laSexta Noticias,2015-04-03T15:25:45Z,2015,lgtbi
ZduZA4xirh0,@thetruthwillmakeusfreen9143,2019-07-07T12:13:08Z,17,"Creo que la vida íntima debería quedar en la casa de cada cual, 
El el cristianismo Jesus nunca dijo agredir a un homosexual pero si llama al respeto Dios es juez de todos",El drama de ser homosexual en Marruecos,laSexta Noticias,2015-04-03T15:25:45Z,2015,lgtbi
ZduZA4xirh0,@danaismaflores4707,2022-10-02T10:37:25Z,1,"En Lavapiés muchos árabes me buscan para liarse conmigo
A veces hasta dinero o algo te ofrecen 
Eso sí si les ves por la calles debes hacer que ni les conocés",El drama de ser homosexual en Marruecos,laSexta Noticias,2015-04-03T15:25:45Z,2015,lgtbi
ZduZA4xirh0,@lunacristal416,2024-07-04T15:34:23Z,1,Se endereza a la mala o buena,El drama de ser homosexual en Marruecos,laSexta Noticias,2015-04-03T15:25:45Z,2015,lgtbi
ZduZA4xirh0,@miguelpalomorodriguez3711,2022-08-15T13:01:46Z,3,Yo preferiría tener un hijo gay antes que un hijo enfermo inchallah,El drama de ser homosexual en Marruecos,laSexta Noticias,2015-04-03T15:25:45Z,2015,lgtbi
ZduZA4xirh0,@AxelFoley0,2021-02-13T18:55:57Z,4,Esos son los países referenciales de los homofóbicos...,El drama de ser homosexual en Marruecos,laSexta Noticias,2015-04-03T15:25:45Z,2015,lgtbi
ZduZA4xirh0,@amrani247,2020-12-13T21:58:29Z,3,"desde cuando la homosexualidad son 3 años en la carcl en marrucos , eso es mentira",El drama de ser homosexual en Marruecos,laSexta Noticias,2015-04-03T15:25:45Z,2015,lgtbi
ZduZA4xirh0,@mikey_artist105,2020-09-22T19:08:05Z,4,Tuve que nacer mulsulmana,El drama de ser homosexual en Marruecos,laSexta Noticias,2015-04-03T15:25:45Z,2015,lgtbi
ZduZA4xirh0,@emoticonfeliz2129,2016-12-03T00:03:55Z,13,"Todo esto me parece mal, y odio mas a los que defienden esto, nos hacen ver como un mal pais, y aparte asi la gente piensa que todos estamos igual, yo estoy a favor de los homosexuales, cada uno puede hacer lo que quiera",El drama de ser homosexual en Marruecos,laSexta Noticias,2015-04-03T15:25:45Z,2015,lgtbi
ZduZA4xirh0,@fordmustang2474,2022-06-20T11:02:29Z,4,"Joder, no sabía que mi país era tan good 🤑",El drama de ser homosexual en Marruecos,laSexta Noticias,2015-04-03T15:25:45Z,2015,lgtbi
ZduZA4xirh0,@bytrax3196,2020-11-19T13:38:42Z,2,Eso era en los noventa cuando gobernaba hasan 5 ahora mohamed 6 ha quitado esas leyes,El drama de ser homosexual en Marruecos,laSexta Noticias,2015-04-03T15:25:45Z,2015,lgtbi
ZduZA4xirh0,@mustaphahiayda9778,2020-12-08T00:58:09Z,6,"La drama  es  de España  es el primer  pais del mundo con menos  jóvenes  
Y niños  sera por algo  😂",El drama de ser homosexual en Marruecos,laSexta Noticias,2015-04-03T15:25:45Z,2015,lgtbi
ZduZA4xirh0,@Pedro-wz8rp,2019-06-12T06:43:21Z,7,"1:12 Samir está hermoso , yo me caso contigo baby.",El drama de ser homosexual en Marruecos,laSexta Noticias,2015-04-03T15:25:45Z,2015,lgtbi
ZduZA4xirh0,@pablogafi4549,2022-07-25T13:01:05Z,1,Viva Marruecos y sus leyes oleee,El drama de ser homosexual en Marruecos,laSexta Noticias,2015-04-03T15:25:45Z,2015,lgtbi
ZduZA4xirh0,@mohamedmakkor4298,2018-10-27T20:16:15Z,8,Los hombre son hombre las mujeres son mujeres. Y punto,El drama de ser homosexual en Marruecos,laSexta Noticias,2015-04-03T15:25:45Z,2015,lgtbi
ZduZA4xirh0,@horcod.j,2021-03-10T10:11:34Z,0,ALLAHU AKBAR,El drama de ser homosexual en Marruecos,laSexta Noticias,2015-04-03T15:25:45Z,2015,lgtbi
ZduZA4xirh0,@ecomdigital.online,2024-03-02T11:56:28Z,2,"DE VERDAD AL VER ESTE VIDEO ME HA DADO GANAS DE LLORAR Y MI MADRE ME VÉ 
MADRE:QUE PASA HIJO
YO:NO SABÍA QUE EL PAÍS DE MI PADRE ERA EXSIVAMENTE GOD🤑
MADRE 
---------------‐--------------------------
MI MADRE ES DE GEORGIA Y MI PADRE DE MARRUECOS",El drama de ser homosexual en Marruecos,laSexta Noticias,2015-04-03T15:25:45Z,2015,lgtbi
OtQ2RPuT5oc,@1843allen,2017-12-31T18:28:50Z,0,Why didn't Francisco represent Spain in the Mr Gay world pageant?,Gala Mr Gay Pride España 2015,Cáscara Amarga,2015-07-08T22:07:31Z,2015,lgtbi
26RrT4fVRH0,@susanasuarezsuquia2275,2024-06-03T14:51:15Z,7,Que maravilla que dejen ser a las personas felices.,Décimo aniversario de la ley del matrimonio homosexual en España,Telemadrid,2015-07-06T12:02:48Z,2015,lgtbi
26RrT4fVRH0,@colo2034,2026-03-05T11:52:30Z,0,Yes yes colo,Décimo aniversario de la ley del matrimonio homosexual en España,Telemadrid,2015-07-06T12:02:48Z,2015,lgtbi
26RrT4fVRH0,@tanny1317,2024-11-02T13:03:16Z,0,BOUTE OUAI OUAI OUAI,Décimo aniversario de la ley del matrimonio homosexual en España,Telemadrid,2015-07-06T12:02:48Z,2015,lgtbi
26RrT4fVRH0,@alvaroromeromartinez3478,2025-02-22T22:30:14Z,0,No es un matrimonio que le llamen de otra forma pero no con los mismos derechos,Décimo aniversario de la ley del matrimonio homosexual en España,Telemadrid,2015-07-06T12:02:48Z,2015,lgtbi
26RrT4fVRH0,@benjilic,2021-02-27T11:39:43Z,3,"Da la impresión de que al pertenecer a la comunidad LQTB, se dispara la creatividad argumental en proporción inversa a la calidad cognitiva",Décimo aniversario de la ley del matrimonio homosexual en España,Telemadrid,2015-07-06T12:02:48Z,2015,lgtbi
26RrT4fVRH0,@jorgeortiz3415,2022-05-18T02:01:10Z,5,El amor es paz de humano es su verdad su sexo es su liberta y amor es amor y paz mental es su pareja y felicidad es amor,Décimo aniversario de la ley del matrimonio homosexual en España,Telemadrid,2015-07-06T12:02:48Z,2015,lgtbi
26RrT4fVRH0,@KarenG8,2020-04-18T05:47:43Z,7,💛💛💛💛💛,Décimo aniversario de la ley del matrimonio homosexual en España,Telemadrid,2015-07-06T12:02:48Z,2015,lgtbi
26RrT4fVRH0,@miwelgonza1606,2020-07-15T22:46:03Z,4,❤❤❤❤,Décimo aniversario de la ley del matrimonio homosexual en España,Telemadrid,2015-07-06T12:02:48Z,2015,lgtbi
26RrT4fVRH0,@benjilic,2021-02-27T11:40:33Z,1,"""Restaurado la dignidad!!!!!!?????",Décimo aniversario de la ley del matrimonio homosexual en España,Telemadrid,2015-07-06T12:02:48Z,2015,lgtbi
26RrT4fVRH0,@eduardol.1189,2023-07-24T23:56:21Z,0,"MATRIMONIO=MATRI ""MÃE"" monio 'CERIMONIO"" cerimonia onde nsce a vida..",Décimo aniversario de la ley del matrimonio homosexual en España,Telemadrid,2015-07-06T12:02:48Z,2015,lgtbi
26RrT4fVRH0,@jorgeheighesuribe6429,2024-06-30T06:42:54Z,1,Horror  de la sociedad,Décimo aniversario de la ley del matrimonio homosexual en España,Telemadrid,2015-07-06T12:02:48Z,2015,lgtbi
26RrT4fVRH0,@romeocaramelo1427,2021-02-15T20:15:09Z,8,Que verguenza!!,Décimo aniversario de la ley del matrimonio homosexual en España,Telemadrid,2015-07-06T12:02:48Z,2015,lgtbi
26RrT4fVRH0,@cainfranco3886,2023-04-14T06:35:08Z,2,No manchen eso no es normal,Décimo aniversario de la ley del matrimonio homosexual en España,Telemadrid,2015-07-06T12:02:48Z,2015,lgtbi
S-hE2RDeY1Q,@pilarcentenoturiel2257,2025-08-31T06:50:16Z,0,🎉❤❤🎉🎉,"&#39;Agrogays&#39;, los homosexuales de la zona rural también celebran su festival",laSexta Noticias,2015-08-29T18:28:50Z,2015,lgtbi
S-hE2RDeY1Q,@pilarcentenoturiel2257,2025-08-31T06:50:41Z,0,Me apunto,"&#39;Agrogays&#39;, los homosexuales de la zona rural también celebran su festival",laSexta Noticias,2015-08-29T18:28:50Z,2015,lgtbi
PNOLQ9lcFgU,@c.c.m98,2020-06-20T10:06:14Z,638,De verdad que no entiendo estar en contra de algo que no te afecta en absoluto y tampoco tiene forma de perjudicarte,Se cumplen 10 años de la Ley de matrimonio homosexual,MARCO MARTINEZ SANCHEZ,2015-07-01T07:17:23Z,2015,lgtbi
PNOLQ9lcFgU,@rodrigb,2020-06-30T21:22:31Z,57,5 años después veo este video. Hoy se cumple 15 años de esa ley,Se cumplen 10 años de la Ley de matrimonio homosexual,MARCO MARTINEZ SANCHEZ,2015-07-01T07:17:23Z,2015,lgtbi
PNOLQ9lcFgU,@Andres-lp6uk,2020-06-23T15:57:40Z,221,"""Me gusta que ciertas cosas se respeten"", pero yo no respeto. 🤷🏻‍♂️ En fin, la hipocresía...",Se cumplen 10 años de la Ley de matrimonio homosexual,MARCO MARTINEZ SANCHEZ,2015-07-01T07:17:23Z,2015,lgtbi
PNOLQ9lcFgU,@hugoc6313,2020-06-09T21:53:50Z,84,1:51 el hombre iba a decir al estilo Franco,Se cumplen 10 años de la Ley de matrimonio homosexual,MARCO MARTINEZ SANCHEZ,2015-07-01T07:17:23Z,2015,lgtbi
PNOLQ9lcFgU,@davidmartinezmartinez8972,2019-08-04T21:49:25Z,304,"El chico joven (de camisa azul), sin argumentos. Pobre..",Se cumplen 10 años de la Ley de matrimonio homosexual,MARCO MARTINEZ SANCHEZ,2015-07-01T07:17:23Z,2015,lgtbi
PNOLQ9lcFgU,@luisothys,2019-03-27T17:52:47Z,400,Vergüenza del chaval homófobo pero orgulloso del resto 👏🏻👏🏻🏳️‍🌈,Se cumplen 10 años de la Ley de matrimonio homosexual,MARCO MARTINEZ SANCHEZ,2015-07-01T07:17:23Z,2015,lgtbi
PNOLQ9lcFgU,@danilotafurcossio4806,2019-03-19T13:22:41Z,227,"Arriba la libertad de las personas en España, un país que dice ser del primer mundo en algunos aspectos.",Se cumplen 10 años de la Ley de matrimonio homosexual,MARCO MARTINEZ SANCHEZ,2015-07-01T07:17:23Z,2015,lgtbi
PNOLQ9lcFgU,@calamarisac16,2019-02-28T18:36:33Z,52,"Cada que alguien dice que no está a favor le pregunto que si me apoya en mi moción de que a la gente fea y a ancianos no se les permita contraer matrimonio ni expresar su cariño en público. Porque si aplicamos los criterios que usan para prohibir el matrimonio igualitario entonces, por concenso, deberíamos de prohibirlo para la gente físicamente desagradable porque estadísticamente es desagradable ver eso en público y deberíamos prohibirles el matrimonio porque no queremos que esos genes se transmitan a las siguientes generaciones.
Cuando me dicen que eso es tuna pendejada (estupidez) le digo, ha mira... ya entendiste mi punto XD je je je",Se cumplen 10 años de la Ley de matrimonio homosexual,MARCO MARTINEZ SANCHEZ,2015-07-01T07:17:23Z,2015,lgtbi
PNOLQ9lcFgU,@manueljorgedecastroaguado8941,2020-03-31T11:46:33Z,79,"Solo digo una cosa.
Si tengo unas obligaciones para con mi país,QUIERO DISFRUTAR DE LOS MISMOS DERECHOS QUE TODO EL MUNDO.🌈🌈🌈🌈🌈🌈🌈🌈🌈🌈🌈🌈🌈",Se cumplen 10 años de la Ley de matrimonio homosexual,MARCO MARTINEZ SANCHEZ,2015-07-01T07:17:23Z,2015,lgtbi
PNOLQ9lcFgU,@saracarrascosoriano7416,2020-07-04T12:41:52Z,14,"Si amar no se puede elegir, ¿ por qué hay gente de ciertos partidos políticos que se creen con el derecho de restringir la libertad de cada individuo hasta tal punto de politizar un tema que tiene que ser un derecho humano y básico?",Se cumplen 10 años de la Ley de matrimonio homosexual,MARCO MARTINEZ SANCHEZ,2015-07-01T07:17:23Z,2015,lgtbi
PNOLQ9lcFgU,@javipp8506,2020-07-02T09:48:08Z,18,"Esta ley, como todas las que garantizan derechos, no  obligan a ejercitarlos. Si usted no ve bien casarse con un homosexual, es muy sencillo, no se case con uno y si usted no ve bien abortar en los plazos que la ley lo contempla o en ningún caso tb lo tiene muy fácil, no lo haga, pero deje a los demás ejercitar su derecho, porque su moral es suya pero no puede pretender que sea ley general para todos. Viva su vida como más se adapte a sus criterios éticos, pero deje de dar por saco a los demás con su manía de prohibir todo lo que a usted no le gusta. Un saludo para todos los intolerantes y homófobos del mundo, se que llegarán a evolucionar algún día.",Se cumplen 10 años de la Ley de matrimonio homosexual,MARCO MARTINEZ SANCHEZ,2015-07-01T07:17:23Z,2015,lgtbi
PNOLQ9lcFgU,@likzy6837,2020-07-10T13:09:21Z,2,0:29  jajaja xdd😂 v:,Se cumplen 10 años de la Ley de matrimonio homosexual,MARCO MARTINEZ SANCHEZ,2015-07-01T07:17:23Z,2015,lgtbi
PNOLQ9lcFgU,@angelostevengeronimourruti340,2020-06-23T22:54:04Z,43,"14 años después.... Acaso más niña y niños se ""hicieron"" homosexuales por validar algo que viene sucediendo siempre?
Claro que no! Argumentos débiles contra algo que debe ser transparente y justo.",Se cumplen 10 años de la Ley de matrimonio homosexual,MARCO MARTINEZ SANCHEZ,2015-07-01T07:17:23Z,2015,lgtbi
PNOLQ9lcFgU,@loloypunto,2020-06-22T23:47:04Z,25,0:55 patada en el pecho,Se cumplen 10 años de la Ley de matrimonio homosexual,MARCO MARTINEZ SANCHEZ,2015-07-01T07:17:23Z,2015,lgtbi
PNOLQ9lcFgU,@jamiemcgeer7231,2020-06-25T20:30:57Z,22,"Tengo amigos heteros pero como q no lo quiero ver por la calle sabes, pero bueno cada uno a lo suyo",Se cumplen 10 años de la Ley de matrimonio homosexual,MARCO MARTINEZ SANCHEZ,2015-07-01T07:17:23Z,2015,lgtbi
PNOLQ9lcFgU,@javierlopez9770,2020-06-07T11:38:59Z,64,"España es un país que respeta el matrimonio homosexual en general. Y muy orgulloso estamos de ello y enarbolamos la bandera de la lógica y el respeto en todo el mundo, a pesar de nuestros problemas internos políticos y económicos.",Se cumplen 10 años de la Ley de matrimonio homosexual,MARCO MARTINEZ SANCHEZ,2015-07-01T07:17:23Z,2015,lgtbi
PNOLQ9lcFgU,@danielocana8273,2020-06-24T15:05:30Z,12,Mi oido izquierdo esta muy de acuerdo con los que defienden el matrimonio homosexual,Se cumplen 10 años de la Ley de matrimonio homosexual,MARCO MARTINEZ SANCHEZ,2015-07-01T07:17:23Z,2015,lgtbi
PNOLQ9lcFgU,@pacomermela6497,2020-06-30T14:28:40Z,9,"A esta gente no le han enseñado lo que e el respeto? ""Lo respeto pero que no se case..."" Que verguenza de país por favor",Se cumplen 10 años de la Ley de matrimonio homosexual,MARCO MARTINEZ SANCHEZ,2015-07-01T07:17:23Z,2015,lgtbi
PNOLQ9lcFgU,@xmoiox_,2019-10-27T01:18:45Z,44,Mil millones de gracias Zapatero (y Zerolo). 🏳️‍🌈🏳️‍🌈🏳️‍🌈,Se cumplen 10 años de la Ley de matrimonio homosexual,MARCO MARTINEZ SANCHEZ,2015-07-01T07:17:23Z,2015,lgtbi
PNOLQ9lcFgU,@lisandror583,2020-06-26T01:22:09Z,29,Y por que su dios tiene que meterse en mi vida si ni me importa esa cosa,Se cumplen 10 años de la Ley de matrimonio homosexual,MARCO MARTINEZ SANCHEZ,2015-07-01T07:17:23Z,2015,lgtbi
PNOLQ9lcFgU,@jamesquirozolara9419,2019-10-28T01:00:53Z,13,Llevo 53 años con mi pareja y no nos hemos casado y somos felices,Se cumplen 10 años de la Ley de matrimonio homosexual,MARCO MARTINEZ SANCHEZ,2015-07-01T07:17:23Z,2015,lgtbi
PNOLQ9lcFgU,@dxxt6205,2020-06-26T13:17:52Z,8,Siempre va a ver PALETOS,Se cumplen 10 años de la Ley de matrimonio homosexual,MARCO MARTINEZ SANCHEZ,2015-07-01T07:17:23Z,2015,lgtbi
PNOLQ9lcFgU,@celiaespinosa8509,2020-07-02T13:54:31Z,5,"Espero que el que es tradicional lo sea para todo, no sólo para restringir las libertades de los demás",Se cumplen 10 años de la Ley de matrimonio homosexual,MARCO MARTINEZ SANCHEZ,2015-07-01T07:17:23Z,2015,lgtbi
PNOLQ9lcFgU,@javiermarcosmontano6229,2022-02-04T20:04:49Z,0,Min. 2:00 la remera  con la bandera de USA..genial!!!!,Se cumplen 10 años de la Ley de matrimonio homosexual,MARCO MARTINEZ SANCHEZ,2015-07-01T07:17:23Z,2015,lgtbi
PNOLQ9lcFgU,@davido9980,2021-09-12T15:35:49Z,3,"Al que dice que está en contra de que la homosexualidad se promocione habria que explicarle que la heterosexualidad es el marketing del sistema en el que los homosexuales hemos crecido. A nosotros se nos ha hecho promoción a toda costa, con la palabra, el insulto y el abuso desde que salimos del claustro de nuestras madres, y aún así nuestra naturaleza y nuestra identidad siempre imperó.. No sufrimos por nada. Sí hemos sido víctimas y lo seguiremos siendo mientras existan  estos discursos. No te preocupes muchacho, ser homosexual no depende de ninguna campaña, como tampoco depende  de ninguna el hecho de ser rubio o ser moreno. Creo que quienes hablan de promoción son precisamente  quienes tienen miedo a la visibilidad por propia inseguridad o negación de sus instintos, odio visceral o porque tienen pocas neuronas.
Y a quienes hablan de Antigua Escuela, matrimonio como Unión tradicional mujer y hombre, bla bla bla: qué fácil lo habéis tenido!! Frivolizáis con nuestro avance en derechos argumentando con raíces etimológicas porque no tenéis ni idea de lo que es salir a la calle con los detectores del peligro activos y todos los sentidos en alerta aún siendo un niño al que ya con 6 años en el colegio se le está insultando y sexualizando por el amaneramiento. Luego vais a la iglesia a pedir por los demás y a daros la paz. Hipócritas",Se cumplen 10 años de la Ley de matrimonio homosexual,MARCO MARTINEZ SANCHEZ,2015-07-01T07:17:23Z,2015,lgtbi
PNOLQ9lcFgU,@carlosrubio130,2020-06-07T14:21:10Z,2,El chaval del minuto 2 se parece a Rocío Monasterio.,Se cumplen 10 años de la Ley de matrimonio homosexual,MARCO MARTINEZ SANCHEZ,2015-07-01T07:17:23Z,2015,lgtbi
PNOLQ9lcFgU,@javierfernandezfernandez6727,2021-03-21T18:43:10Z,1,Que haga cada uno lo que quiera,Se cumplen 10 años de la Ley de matrimonio homosexual,MARCO MARTINEZ SANCHEZ,2015-07-01T07:17:23Z,2015,lgtbi
PNOLQ9lcFgU,@criterioimpropio710,2020-07-12T10:14:19Z,5,"¡Bienvenidos a los comentarios! 🤩🤗 En esta ocasión, trataremos el matrimonio homosexual en España, así que, con una idea previa de lo que nos vamos a encontrar, solo podemos ponernos cómodos y disfrutar. 🍿🍿 Por cierto, sois todos guapísimos y guapísimas y lo sabéis. 😘😉",Se cumplen 10 años de la Ley de matrimonio homosexual,MARCO MARTINEZ SANCHEZ,2015-07-01T07:17:23Z,2015,lgtbi
PNOLQ9lcFgU,@radoslav2235,2019-06-16T23:38:02Z,11,Solo vine aquí a saludar y ¡viva la hierba!🦁🔥,Se cumplen 10 años de la Ley de matrimonio homosexual,MARCO MARTINEZ SANCHEZ,2015-07-01T07:17:23Z,2015,lgtbi
PNOLQ9lcFgU,@chicaDeMalaga81,2020-04-10T01:11:18Z,39,"Se puede creer en Dios, ok se puede ir al iglesia a misa, ok. 
 Pero lo que nunca nunca se puede hacer es Discrminar a una persona por ser diferente a ustedes, es absurdo. Cada cuerpo y cada vida forma parte de es persona, no de otra. Nadie debe juzgar si no quiere lo Juzguen.  Uno es libre de tener sexo o pareja con qien le. Dê la gana. Para eso es la vida, para trabajar, cuidar a nuestra familia y para aprender a amar.  Pero que coño me cuenta la gente de Dios, que si los homosexuales no podemos ser padres o no podemos besarnos en la calle cn nuestras parejas?? Pero eso que essss??  Vamos aver
. Una cosa es besarse cn educación y otra dar 1espectaculo en plan película porno joder. Yo he visto. Parejas de chico_chica que daban asco verlos, sacandose la Lengua delante de los niños.  Y ya por el hecho de ser heteros ya está eso bien? No señores, No. Hay que respectar, seamos heteros u homos.  Hay que vivir pensando en  nuestra felicidad lo primero. Y luego en los demás.  Nadie tiene derecho a decirle a otra persona que es menos que nadie por tener un Trabajo menos remunerado que el. Suyo. O insultar a alguien por ser gordo, retrasado, feo, muy delgada, u homosexual. Cada persona es diferente y única. Y ahí está lo interesante, en la diversidad. Si todo el mundo fuese igual no creeis que sería todo muy aburrido?  En al vida debe haber y ha habido siempre de todo. Cosas Buenas, malas, personas buenas y personas malas.  Y las cosas no se pueden cambiar, Solón luchar pr ellas respetar alos demás.  Yo, soy lesbiana, y estoy muy orgullosa de serlo, aunq.. Luego no tenga suerte  cn las chicas, (novias)me dā igual. Hay que aprender a vivir sin depender de nadie.  Ni vivir para nadie, solo para ti. Un saludo",Se cumplen 10 años de la Ley de matrimonio homosexual,MARCO MARTINEZ SANCHEZ,2015-07-01T07:17:23Z,2015,lgtbi
PNOLQ9lcFgU,@c1kasable873,2021-04-26T12:04:56Z,0,Les profs d’espagnol j’te jure,Se cumplen 10 años de la Ley de matrimonio homosexual,MARCO MARTINEZ SANCHEZ,2015-07-01T07:17:23Z,2015,lgtbi
PNOLQ9lcFgU,@MrJaviereivaj,2020-07-10T09:59:15Z,6,Y todavía quedan algunos fascistas que están en contra de que dos personas puedan amarse.,Se cumplen 10 años de la Ley de matrimonio homosexual,MARCO MARTINEZ SANCHEZ,2015-07-01T07:17:23Z,2015,lgtbi
PNOLQ9lcFgU,@miggy5851,2020-06-30T13:13:41Z,4,"El chaval ese, ¿Cómo vamos a respetar la tradicional unión entre hombre y mujer sino se respeta la único matrimonial del mismo sexo? Yo me niego a respetar aquella ideologías que discriminan, menosprecian los derechos de las personas",Se cumplen 10 años de la Ley de matrimonio homosexual,MARCO MARTINEZ SANCHEZ,2015-07-01T07:17:23Z,2015,lgtbi
PNOLQ9lcFgU,@AlexGarcia-wh6fo,2020-12-18T07:35:54Z,0,Cambiamos la tecnología. Obtuvimos. Una evolución. Educandonos pero de nos olvidó evolucionar mentalmente,Se cumplen 10 años de la Ley de matrimonio homosexual,MARCO MARTINEZ SANCHEZ,2015-07-01T07:17:23Z,2015,lgtbi
PNOLQ9lcFgU,@ismaelf.a.5936,2020-06-24T23:49:21Z,13,DIOS QUIERE SUE NOS AMEMOS Y NOS RESPETEMOS!!!! 🇪🇸🏳️‍🌈,Se cumplen 10 años de la Ley de matrimonio homosexual,MARCO MARTINEZ SANCHEZ,2015-07-01T07:17:23Z,2015,lgtbi
PNOLQ9lcFgU,@varutgabrieliulian3092,2020-07-11T10:49:54Z,0,"A favor,, a mi que más me da, cada uno que haga lo que le guste y yasta",Se cumplen 10 años de la Ley de matrimonio homosexual,MARCO MARTINEZ SANCHEZ,2015-07-01T07:17:23Z,2015,lgtbi
PNOLQ9lcFgU,@pichi1811,2020-06-29T20:52:32Z,0,Mi barrio jajajjajaja menudos son,Se cumplen 10 años de la Ley de matrimonio homosexual,MARCO MARTINEZ SANCHEZ,2015-07-01T07:17:23Z,2015,lgtbi
PNOLQ9lcFgU,@MrJaviereivaj,2020-07-10T10:02:28Z,7,"La izquierda da derechos y libertad, la derecha te los quita.",Se cumplen 10 años de la Ley de matrimonio homosexual,MARCO MARTINEZ SANCHEZ,2015-07-01T07:17:23Z,2015,lgtbi
PNOLQ9lcFgU,@MariaMaria-km3nf,2020-06-29T23:52:06Z,2,"Es horrible que pese a que se acepte y esté legalmente aceptado, siga habiendo homofobia en España",Se cumplen 10 años de la Ley de matrimonio homosexual,MARCO MARTINEZ SANCHEZ,2015-07-01T07:17:23Z,2015,lgtbi
PNOLQ9lcFgU,@masalladelamuerte1756,2020-07-10T04:07:14Z,3,Aún hay estupidos que le parecen mal . Que la iglesia alce la voz contra  los abusadores que hay entre ellos .,Se cumplen 10 años de la Ley de matrimonio homosexual,MARCO MARTINEZ SANCHEZ,2015-07-01T07:17:23Z,2015,lgtbi
PNOLQ9lcFgU,@benjilic,2021-02-27T11:39:01Z,0,"Da la impresión de que al pertenecer a la comunidad LQTB, se dispara la creatividad argumental en proporción inversa a la calidad cognitiva",Se cumplen 10 años de la Ley de matrimonio homosexual,MARCO MARTINEZ SANCHEZ,2015-07-01T07:17:23Z,2015,lgtbi
PNOLQ9lcFgU,@Leire1420,2020-07-08T23:02:37Z,8,"Pfff me pongo negra con algunos comentarios...un chaval diciendo que es ""tradicional"" y que no le gusta que dos hombres o dos mujeres se casen?????? Pero bueno que es esto? Que el chaval no llega a los 30 años. Mi abuelo con 80 es más abierto que el y es de la vieja escuela y lo ve perfectamente normal. Que viva el amor libre, coño!!!",Se cumplen 10 años de la Ley de matrimonio homosexual,MARCO MARTINEZ SANCHEZ,2015-07-01T07:17:23Z,2015,lgtbi
PNOLQ9lcFgU,@fral-homosexualrebel9888,2019-02-17T02:19:33Z,11,"Espero que en Venezuela, Guyana y la República Centroafricana se apruebe la legalización del matrimonio entre personas del mismo sexo, como se hizo en Argentina, España, Brasil, Estados Unidos, entre otros. ¡Viva el matrimonio igualitario en el mundo! 😉👍

I hope that in Venezuela, Guyana and the Central African Republic the legalization of same-sex marriage will be approved, as has been done in Argentina, Spain, Brazil, the United States, among others. Long live the equal marriage in the world! 😉👍",Se cumplen 10 años de la Ley de matrimonio homosexual,MARCO MARTINEZ SANCHEZ,2015-07-01T07:17:23Z,2015,lgtbi
PNOLQ9lcFgU,@decosta5566,2019-01-28T00:17:13Z,14,A favor,Se cumplen 10 años de la Ley de matrimonio homosexual,MARCO MARTINEZ SANCHEZ,2015-07-01T07:17:23Z,2015,lgtbi
PNOLQ9lcFgU,@stratojazzy,2020-06-23T12:42:35Z,5,"Aquel q no está de acuerdo simplemente denota mucha incultura y falta de información. Con una buena educación y una buena base cultural se entiende y comprende la lucha del colectivo LGTBI,no sólo en nuestro país, sino en aquellos en donde a día de hoy hay muerte y discriminación. No vivimos aislados del mundo. Debemos empatizar como personas con toda la sociedad del planeta, consiguiéndose solamente mediante una buena educación. Ante todos somos personas y tenemos el derecho a amar con el corazón, no con normas preestablecidas de siglos arcaicos.",Se cumplen 10 años de la Ley de matrimonio homosexual,MARCO MARTINEZ SANCHEZ,2015-07-01T07:17:23Z,2015,lgtbi
PNOLQ9lcFgU,@SolsitaLaVerdadera,2020-06-23T15:04:45Z,1,porqué se escucha solo de un lado ._.?,Se cumplen 10 años de la Ley de matrimonio homosexual,MARCO MARTINEZ SANCHEZ,2015-07-01T07:17:23Z,2015,lgtbi
PNOLQ9lcFgU,@liff1169,2020-06-12T13:30:31Z,4,"La derecha no es más mala porque no hay más horas al día,pues os guste o no se llama matrimonio, gracias a Dios k los k están encontra es la minoría👏👏👏",Se cumplen 10 años de la Ley de matrimonio homosexual,MARCO MARTINEZ SANCHEZ,2015-07-01T07:17:23Z,2015,lgtbi
PNOLQ9lcFgU,@skbrown8909,2020-07-17T02:32:43Z,2,"Eso es una unión civil, no un matrimonio.",Se cumplen 10 años de la Ley de matrimonio homosexual,MARCO MARTINEZ SANCHEZ,2015-07-01T07:17:23Z,2015,lgtbi
PNOLQ9lcFgU,@nanssss5926,2018-09-23T11:52:53Z,2,hola,Se cumplen 10 años de la Ley de matrimonio homosexual,MARCO MARTINEZ SANCHEZ,2015-07-01T07:17:23Z,2015,lgtbi
PNOLQ9lcFgU,@SergiMyself,2020-07-04T09:47:00Z,4,"0:54 Dios también le dijo a Abraham que matara a su hijo, convirtió a una mujer en una estatua de sal, envió a dos osos a matar a 42 niños, y odiaba a los discapacitados. Date un puntito en la boca, querida.",Se cumplen 10 años de la Ley de matrimonio homosexual,MARCO MARTINEZ SANCHEZ,2015-07-01T07:17:23Z,2015,lgtbi
PNOLQ9lcFgU,@tiaabuelagladys4466,2020-07-17T19:57:43Z,11,"*""Dios creó al hombre y a la mujer para formar un hogar""*

Lo dice el libro en el que las serpientes hablan",Se cumplen 10 años de la Ley de matrimonio homosexual,MARCO MARTINEZ SANCHEZ,2015-07-01T07:17:23Z,2015,lgtbi
PNOLQ9lcFgU,@chornetraf,2020-06-27T23:28:45Z,1,El matrimonio es un sacramento🤷‍♀️,Se cumplen 10 años de la Ley de matrimonio homosexual,MARCO MARTINEZ SANCHEZ,2015-07-01T07:17:23Z,2015,lgtbi
PNOLQ9lcFgU,@estrellaromerorodriguez3294,2020-07-08T16:05:48Z,3,"El típico comentario de Dios y la biblia 🤮🤮🤮🤮 
si Dios es amor, debería estar de acuerdo que dos personas se sientan libres y felices , ellos y su familia porq las familias de estas personas sufren si ellos sufren.",Se cumplen 10 años de la Ley de matrimonio homosexual,MARCO MARTINEZ SANCHEZ,2015-07-01T07:17:23Z,2015,lgtbi
PNOLQ9lcFgU,@fvcastilla,2020-07-05T03:01:25Z,2,Espero que después de 5 años hayan cambiado mentalidades. Al menos de los jóvenes 🤦,Se cumplen 10 años de la Ley de matrimonio homosexual,MARCO MARTINEZ SANCHEZ,2015-07-01T07:17:23Z,2015,lgtbi
PNOLQ9lcFgU,@agustinriosjimenez2721,2022-06-05T17:06:51Z,0,"NO a la Homofobia,Igualdad LOVE 🏳️‍🌈🌈🤗😘🥰",Se cumplen 10 años de la Ley de matrimonio homosexual,MARCO MARTINEZ SANCHEZ,2015-07-01T07:17:23Z,2015,lgtbi
PNOLQ9lcFgU,@theamazingkavro8634,2021-06-02T20:47:20Z,0,Que vergüenza que la iglesia se meta en temas de leyes.,Se cumplen 10 años de la Ley de matrimonio homosexual,MARCO MARTINEZ SANCHEZ,2015-07-01T07:17:23Z,2015,lgtbi
PNOLQ9lcFgU,@patrisanmillan8384,2020-06-23T11:03:30Z,6,El amor es amor señores ! Que pena que haya homofobia y mas por parte de gente joven,Se cumplen 10 años de la Ley de matrimonio homosexual,MARCO MARTINEZ SANCHEZ,2015-07-01T07:17:23Z,2015,lgtbi
PNOLQ9lcFgU,@elmejorfriki3,2020-07-06T04:06:07Z,0,Matrimonio gay sí. Pero no vería sentido que quisieran hacerlo por la iglesia.,Se cumplen 10 años de la Ley de matrimonio homosexual,MARCO MARTINEZ SANCHEZ,2015-07-01T07:17:23Z,2015,lgtbi
PNOLQ9lcFgU,@matiiaas182,2019-01-16T22:02:58Z,16,🇪🇸❤️🏳️‍🌈,Se cumplen 10 años de la Ley de matrimonio homosexual,MARCO MARTINEZ SANCHEZ,2015-07-01T07:17:23Z,2015,lgtbi
PNOLQ9lcFgU,@kacdela,2020-08-26T05:15:22Z,0,02:00 seguramente es de closet espero que ya siendo 2020 el tío haya salido del closet,Se cumplen 10 años de la Ley de matrimonio homosexual,MARCO MARTINEZ SANCHEZ,2015-07-01T07:17:23Z,2015,lgtbi
PNOLQ9lcFgU,@䔁66,2020-06-28T22:07:38Z,2,La pareja que se abraza en el minuto 2:54 eran muy tiernos ❤️,Se cumplen 10 años de la Ley de matrimonio homosexual,MARCO MARTINEZ SANCHEZ,2015-07-01T07:17:23Z,2015,lgtbi
PNOLQ9lcFgU,@joaquimgironescallis680,2020-06-10T14:51:35Z,3,Viva la libertad y los gays el de la camisa azul debe ser de derechas o de vox,Se cumplen 10 años de la Ley de matrimonio homosexual,MARCO MARTINEZ SANCHEZ,2015-07-01T07:17:23Z,2015,lgtbi
PNOLQ9lcFgU,@vikotv6174,2020-07-12T15:36:29Z,2,"No estás a la antigua usanza, eres sensato. El matrimonio es entre hombre y mujer, la unión civil si es entre homosexuales y heterosexuales.

Hay que aprender a diferenciar y el porqué es importante hacerlo.",Se cumplen 10 años de la Ley de matrimonio homosexual,MARCO MARTINEZ SANCHEZ,2015-07-01T07:17:23Z,2015,lgtbi
PNOLQ9lcFgU,@winsurf1000,2019-07-23T23:18:49Z,1,Rojo Varela y toda la iglesia culpables de la infelicidad de mucha gente en el pasado el señor de la antigua “ usanza” está situado en el siglo 11,Se cumplen 10 años de la Ley de matrimonio homosexual,MARCO MARTINEZ SANCHEZ,2015-07-01T07:17:23Z,2015,lgtbi
PNOLQ9lcFgU,@alejandramedel1764,2020-07-04T19:11:36Z,2,"Algo tan bonito no puede ser malo, nos digan lo que nos digan... 🏳️‍🌈",Se cumplen 10 años de la Ley de matrimonio homosexual,MARCO MARTINEZ SANCHEZ,2015-07-01T07:17:23Z,2015,lgtbi
PNOLQ9lcFgU,@poetaurbano479,2019-09-18T15:02:45Z,2,QUE VERGÜENZA DEBE SENTIR EL SEÑOR JULIO IGLESIAS...,Se cumplen 10 años de la Ley de matrimonio homosexual,MARCO MARTINEZ SANCHEZ,2015-07-01T07:17:23Z,2015,lgtbi
PNOLQ9lcFgU,@rodrigomonteromiguez6684,2020-06-25T23:12:16Z,2,Y lo dice con una camiseta rosa jajajaj,Se cumplen 10 años de la Ley de matrimonio homosexual,MARCO MARTINEZ SANCHEZ,2015-07-01T07:17:23Z,2015,lgtbi
PNOLQ9lcFgU,@luana1121,2020-06-28T14:53:57Z,1,"Me hace gracia los que dicen que NO, las mismas obligaciones pero diferentes derechos? Jajajajajaja jajajajajaja no saben nada manda cojones... Si es cara que tienen.. 😂😂😂😂😂😂

Y ya cuando salen con  sus creencias de hombre  mujer, espíritu santo..

 Apaga y vámonos",Se cumplen 10 años de la Ley de matrimonio homosexual,MARCO MARTINEZ SANCHEZ,2015-07-01T07:17:23Z,2015,lgtbi
PNOLQ9lcFgU,@Theyoutuberpolyglot,2020-06-24T08:25:00Z,1,"Vamos a poner los puntos sobre las i.
La homosexualidad no se promociona. 
Existe la sexualidad fluida, me atrevo a decir la orientación sexual fluida.
Los que se sienten identificados de esta manera son así por naturaleza. 
Si un hombre que aparenta ser heterosexual, y ve a un par de chicos guapos besandose, tocandose, abrazandose en público no se va a convertir en homosexual- No es promoción. 
Ahora bien, yo no estoy a favor del orgullo gay (de la minifestación), pero tampoco me afecta personalmente. 
No hay manifestaciones de heterosexuales, y por qué? 
Por una parte, sí estoy a favor, aunque no me guste el escandalo. A ver, que me explico.
A través de estas manifestaciones, muchos que están escondidos en el armario salen del armario, y se declaran homosexuales. No tenemos que llevar doble vida. Casarse, tener hijos, y por detrás tenemos una doble vida con una persona del mismo genero.
Es muy injusto que se tenga que luchar por algo obvio, y que haya tanta gente ignorante. La homosexualidad no es una elección. Es amor entre dos seres humanos. La familia tradicional- Padre y Madre, eso lo ha creado la sociedad. 
No sé porque tenemos que debatir en este tema. Hay especies de animales homosexuales, y que le vamos hacer.
Vamos a debatir, porque ese elefante es homosexual. Estás a favor que esas jirafas homosexuales tengan relaciones sexuales? 
Es de risa, cuando la gente saca el discurso de la religión. Dios creó al hombre y a la mujer, y no a Adan y Cristian.",Se cumplen 10 años de la Ley de matrimonio homosexual,MARCO MARTINEZ SANCHEZ,2015-07-01T07:17:23Z,2015,lgtbi
PNOLQ9lcFgU,@consuelogonzalezgonzalez1986,2020-07-19T14:48:42Z,0,"Pues creo que desde el respeto, ""Todas,"" las opiniones son válidas.
Pensar ditferente en una democracia es delito???
El chico de azul me ha encantado.Ha hablado con respeto en todo momento. 
Lo único que dice es que no está de acuerdo con el exhibicionismo. Normalizsr no es ponderar.",Se cumplen 10 años de la Ley de matrimonio homosexual,MARCO MARTINEZ SANCHEZ,2015-07-01T07:17:23Z,2015,lgtbi
PNOLQ9lcFgU,@kerrycaverga333,2020-07-09T01:24:31Z,2,"Pero vamos a ver, lo único es que no deberían de llamarse matrimonio, solo eso. Que se llame unión, enlace o algo y ya esta. Es como el bautizo civil, cambiarle el nombre y ya esta",Se cumplen 10 años de la Ley de matrimonio homosexual,MARCO MARTINEZ SANCHEZ,2015-07-01T07:17:23Z,2015,lgtbi
PNOLQ9lcFgU,@Punky708,2020-06-24T12:04:27Z,1,Me mola la gente a favor. ❤️🧡💛💚💙💜,Se cumplen 10 años de la Ley de matrimonio homosexual,MARCO MARTINEZ SANCHEZ,2015-07-01T07:17:23Z,2015,lgtbi
PNOLQ9lcFgU,@martacastello5413,2020-07-02T13:45:36Z,3,A favor ✊🏾🏳️‍🌈,Se cumplen 10 años de la Ley de matrimonio homosexual,MARCO MARTINEZ SANCHEZ,2015-07-01T07:17:23Z,2015,lgtbi
PNOLQ9lcFgU,@CERVAIEVSKI,2020-06-26T13:09:32Z,1,"DE TODA LA VIDAD JODER VIVA FRANCO Y VIVA ESPAÑIIAAAA

JAJAJAJAJAJ",Se cumplen 10 años de la Ley de matrimonio homosexual,MARCO MARTINEZ SANCHEZ,2015-07-01T07:17:23Z,2015,lgtbi
PNOLQ9lcFgU,@evimena2661,2020-07-01T11:57:07Z,1,España es maravillosa,Se cumplen 10 años de la Ley de matrimonio homosexual,MARCO MARTINEZ SANCHEZ,2015-07-01T07:17:23Z,2015,lgtbi
PNOLQ9lcFgU,@ernestgasp,2020-06-15T03:45:25Z,1,"2:00 es lindo, quiero que sea homofóbico conmigo.
🤣",Se cumplen 10 años de la Ley de matrimonio homosexual,MARCO MARTINEZ SANCHEZ,2015-07-01T07:17:23Z,2015,lgtbi
PNOLQ9lcFgU,@alonsoluengo4285,2019-11-08T09:18:49Z,6,"Vox tiene razón, el “matrimonio”  homosexual no debería ser considerado matrimonio. Simplemente ser una unión civil. ✅",Se cumplen 10 años de la Ley de matrimonio homosexual,MARCO MARTINEZ SANCHEZ,2015-07-01T07:17:23Z,2015,lgtbi
PNOLQ9lcFgU,@ruthpolanco3379,2021-10-15T14:03:10Z,1,☺🏳️‍🌈 soy gey,Se cumplen 10 años de la Ley de matrimonio homosexual,MARCO MARTINEZ SANCHEZ,2015-07-01T07:17:23Z,2015,lgtbi
PNOLQ9lcFgU,@javiruiz9876,2019-05-28T13:20:57Z,1,Una de las mujeres no es española ..jajaja,Se cumplen 10 años de la Ley de matrimonio homosexual,MARCO MARTINEZ SANCHEZ,2015-07-01T07:17:23Z,2015,lgtbi
PNOLQ9lcFgU,@deivisrios5774,2020-06-25T14:19:56Z,1,Nada en contra de los homosexuales pero el.matrimonio es de hombre y mujer ....,Se cumplen 10 años de la Ley de matrimonio homosexual,MARCO MARTINEZ SANCHEZ,2015-07-01T07:17:23Z,2015,lgtbi
PNOLQ9lcFgU,@sabrinajupiternomimalone5918,2020-10-08T19:44:32Z,1,Todavía hay gente que parece que vivan en cuevas del cromañón,Se cumplen 10 años de la Ley de matrimonio homosexual,MARCO MARTINEZ SANCHEZ,2015-07-01T07:17:23Z,2015,lgtbi
2ubV_hwC6lU,@pedropalaciosm.1395,2025-03-11T09:24:11Z,1,Me encanta el vídeo chulo.,El año pasado creció un 13% el número de agresiones a homosexuales,laSexta Noticias,2015-07-05T17:42:53Z,2015,lgtbi
2ubV_hwC6lU,@QueMirasBot,2022-08-14T03:01:35Z,1,Esa es mi voz yo fui el que grabó el audio 😸,El año pasado creció un 13% el número de agresiones a homosexuales,laSexta Noticias,2015-07-05T17:42:53Z,2015,lgtbi
bVB3ZOx9n1w,@agustinriosjimenez2721,2022-06-15T14:59:49Z,0,"Felicidades chicos,soys Majisimos,Amor del bueno,me alegro mucho de vuestro amor verdadero y felicidad LOVE ,abrazos😃👍🤗👏🏽👏👏🏽👏🤗😘🥰🥰🥰🥰🥰",Gonzo entrevista a un matrimonio homosexual para celebrar los diez años de la aprobación de la ley,laSexta,2015-06-30T22:03:35Z,2015,lgtbi
bVB3ZOx9n1w,@danielgonzales1246,2020-10-24T06:49:05Z,1,FELICITACIONES PARA ESTA HERMOSA Y AMOROSA FAMILIA.,Gonzo entrevista a un matrimonio homosexual para celebrar los diez años de la aprobación de la ley,laSexta,2015-06-30T22:03:35Z,2015,lgtbi
bVB3ZOx9n1w,@Schlapinski1,2015-07-01T09:26:38Z,2,"La sexta se ha cuidado de eliminar del video el momento cumbre, incómodo sin duda hasta para Wyoming), cuando Gonzo, el entrevistador, les pregunta si quieren decirle algo a Wyoming y uno de ellos contesta (por los dos) que si tuvieran que ponerse mutuamente los cuernos con alguien lo harían sin duda con él. Por la boca muere el pez. Y luego quieren que les tomen en serio...",Gonzo entrevista a un matrimonio homosexual para celebrar los diez años de la aprobación de la ley,laSexta,2015-06-30T22:03:35Z,2015,lgtbi
bVB3ZOx9n1w,@mepersonal5651,2016-10-06T22:37:53Z,14,viva el matrimonio igualitario,Gonzo entrevista a un matrimonio homosexual para celebrar los diez años de la aprobación de la ley,laSexta,2015-06-30T22:03:35Z,2015,lgtbi
bVB3ZOx9n1w,@DanielaGarcia-ol9zh,2020-05-01T02:59:59Z,4,"puro comentario homofobico aqui, que lastima que ese tipo de gente con pensamientos retrogadas y pendejos aun tengan derecho a la vida.
En fin, QUE VIVA EL AMOR, QUE VIVA EL MATRIMONIO IGUALITARIOO",Gonzo entrevista a un matrimonio homosexual para celebrar los diez años de la aprobación de la ley,laSexta,2015-06-30T22:03:35Z,2015,lgtbi
bVB3ZOx9n1w,@focotaku,2020-08-08T09:01:51Z,5,"Gente que viene a estos vídeos a airear su homofobia ... 🤷🏻‍♂️ Cada vez sois menos y el mundo os dará la espalda. Lo natural es la libertad y el amor, no la represión.
🏳️‍🌈🏳️‍🌈🏳️‍🌈🏳️‍🌈🏳️‍🌈🏳️‍🌈🏳️‍🌈🏳️‍🌈🏳️‍🌈🏳️‍🌈🏳️‍🌈
🏳️‍🌈🏳️‍🌈🏳️‍🌈🏳️‍🌈🏳️‍🌈🏳️‍🌈🏳️‍🌈🏳️‍🌈🏳️‍🌈🏳️‍🌈🏳️‍🌈
🕊",Gonzo entrevista a un matrimonio homosexual para celebrar los diez años de la aprobación de la ley,laSexta,2015-06-30T22:03:35Z,2015,lgtbi
bVB3ZOx9n1w,@ramonlopez9548,2020-04-11T15:38:53Z,3,El coronabirus llegó  por todo esto,Gonzo entrevista a un matrimonio homosexual para celebrar los diez años de la aprobación de la ley,laSexta,2015-06-30T22:03:35Z,2015,lgtbi
bVB3ZOx9n1w,@yimberramirezpineda553,2021-10-29T18:46:50Z,1,Falso de toda falsedad  están mal y deven de arrepentirse de esos caminos antes k venga cristo,Gonzo entrevista a un matrimonio homosexual para celebrar los diez años de la aprobación de la ley,laSexta,2015-06-30T22:03:35Z,2015,lgtbi
MPZidj0AIPo,@HermelJaworski,2021-09-08T20:39:44Z,0,"molt interesant aquest documentari, moltes gràcies a totes i tots per al seu testimoni sobre un tema mal conegut pero molt important!","Documental &quot;Persones grans lgtb&quot;, de GAG (en catalán)",Federación Estatal LGTBI+ - FELGTBI+,2015-12-03T17:51:09Z,2015,lgtbi
MPZidj0AIPo,@patriciarivera3318,2023-01-02T04:52:04Z,0,"En qué puede beneficiar el dar aceptación a quien tiene su orientación sexual .   En qué ayuda este movimiento a mejor el cambio climático, el problema de las guerras políticas,   el hambre, las enfermedades la pobreza.   No veo Pirque hacer tanto alboroto con un asunto que no tiene relación con los problemas reales de la humanidad en general.","Documental &quot;Persones grans lgtb&quot;, de GAG (en catalán)",Federación Estatal LGTBI+ - FELGTBI+,2015-12-03T17:51:09Z,2015,lgtbi
MPZidj0AIPo,@luisvaldes7901,2018-11-01T01:19:12Z,1,"podrían subtitular las partes en catalán, solo hablo español","Documental &quot;Persones grans lgtb&quot;, de GAG (en catalán)",Federación Estatal LGTBI+ - FELGTBI+,2015-12-03T17:51:09Z,2015,lgtbi
88IUgOvy1ic,@LCBABEZ,2019-07-09T05:11:54Z,58,"All > saw was women being sapphic with other women so I click.
Realizing it's in English.


Cries tears in gay gay",VECINAS. Cortometraje. LGBT. Lesbico,Eli Navarro,2015-02-26T18:28:53Z,2015,lgtbi
88IUgOvy1ic,@wowyeah4694,2015-12-20T05:51:54Z,7,"La promiscuidad es parte del hombre, pero, cuándo se está con alguien entran en juego valores & sentimientos, el corto es divertido & una continuación mola mucho",VECINAS. Cortometraje. LGBT. Lesbico,Eli Navarro,2015-02-26T18:28:53Z,2015,lgtbi
88IUgOvy1ic,@michaelfernandez5974,2019-05-10T03:30:41Z,85,"La vi con 7 veces y es como si la viera la primera vez , es buenisima el corto, me dejo con ganas de mas. Mas cortos como esta porfavor",VECINAS. Cortometraje. LGBT. Lesbico,Eli Navarro,2015-02-26T18:28:53Z,2015,lgtbi
88IUgOvy1ic,@audreycristalline1500,2020-03-03T12:01:50Z,13,"How Can someone say "" iam in a relationship and i love her "" but keep on treating on her . And do you expect your lover to forgive you ??",VECINAS. Cortometraje. LGBT. Lesbico,Eli Navarro,2015-02-26T18:28:53Z,2015,lgtbi
88IUgOvy1ic,@MicaeleSousa-y5h,2026-03-05T17:57:55Z,3,"Amei ! Estou falando de Russas, ceará, Brasil. Eu tenho 31 anos e sou uma mulher lésbica, homossexual e me sinto representada com curtas metragens e séries LGBT.❤",VECINAS. Cortometraje. LGBT. Lesbico,Eli Navarro,2015-02-26T18:28:53Z,2015,lgtbi
88IUgOvy1ic,@marinacuenca6054,2015-07-15T14:06:05Z,82,"Me encantó! Creo q fue muy natural y con mucho humor. Las actuaciones de las chicas fueron magníficas, las felicito!!!!",VECINAS. Cortometraje. LGBT. Lesbico,Eli Navarro,2015-02-26T18:28:53Z,2015,lgtbi
88IUgOvy1ic,@22mariafatima,2015-12-13T10:58:01Z,20,Merece continuação. Beijo de Portugal. Muito bom trabalho.,VECINAS. Cortometraje. LGBT. Lesbico,Eli Navarro,2015-02-26T18:28:53Z,2015,lgtbi
88IUgOvy1ic,@fernandaalvezescalera1248,2020-05-02T01:42:07Z,33,"Me ha alucinado! Pero de verdad, me he echado unas risas y el final increíble, nada esperado. Me encanta que se haga un vídeo sobre el cambio de pareja ya que está como un poco escondido y la verdad que hay muchísimas gente que lo hace. INCREÍBLE DE VERDAD.",VECINAS. Cortometraje. LGBT. Lesbico,Eli Navarro,2015-02-26T18:28:53Z,2015,lgtbi
88IUgOvy1ic,@PrymusGamer,2019-07-10T05:44:04Z,30,"Jajaja......muy bueno, me he reido mucho y mas en el final, aun que la idea del intercambio no me gusta pero me a parecido muy divertido. Gracias por algo asi",VECINAS. Cortometraje. LGBT. Lesbico,Eli Navarro,2015-02-26T18:28:53Z,2015,lgtbi
88IUgOvy1ic,@concienciaactiva24,2015-12-15T20:31:17Z,86,Tremendo libreto los felicito deberian seguir esto a una mini serie por que les quedo brutal sigan con este talento llegaran muchisimo mas lejos de lo que estan ahora,VECINAS. Cortometraje. LGBT. Lesbico,Eli Navarro,2015-02-26T18:28:53Z,2015,lgtbi
88IUgOvy1ic,@Sharonliv1,2015-03-29T03:45:04Z,43,¡Absolutamente brillante! Me he reído a muerte a lo largo de los quince minutos de duración XD. Las interpretaciones son espléndidas y los diálogos increíblemente divertidos e ingeniosos. Siendo sincera llevaba un buen tiempo sin ver un cortometraje que me fascinara tanto como este :D. Millones de gracias por brindarnos esta maravilla :3.,VECINAS. Cortometraje. LGBT. Lesbico,Eli Navarro,2015-02-26T18:28:53Z,2015,lgtbi
88IUgOvy1ic,@morenasancor5885,2020-06-28T23:46:55Z,1,Thanks for translated in English.love u both.,VECINAS. Cortometraje. LGBT. Lesbico,Eli Navarro,2015-02-26T18:28:53Z,2015,lgtbi
88IUgOvy1ic,@fernandagomez4839,2015-03-19T02:02:59Z,246,"Al decir ""pareja"" es coml que queda todo en el aire. Jajaj si que me he reido con ese corto. Muy buen trabajo. Me ha encantado ",VECINAS. Cortometraje. LGBT. Lesbico,Eli Navarro,2015-02-26T18:28:53Z,2015,lgtbi
88IUgOvy1ic,@kostyagutierrez9802,2016-10-01T15:22:36Z,35,Jajaja que se ha cumplido mi fantasía con Mara Barros. ¡Por los dioses!,VECINAS. Cortometraje. LGBT. Lesbico,Eli Navarro,2015-02-26T18:28:53Z,2015,lgtbi
88IUgOvy1ic,@damianbalduvino4679,2015-12-27T12:26:36Z,15,"La verdad que muy bueno, un toque de humor a una situación digamos ""compleja"".  Esperemos que hagan algo más.",VECINAS. Cortometraje. LGBT. Lesbico,Eli Navarro,2015-02-26T18:28:53Z,2015,lgtbi
88IUgOvy1ic,@mariadelvalle7219,2019-09-23T00:35:42Z,20,"Muy buen trabajo, me hubiese gustado que fuera más larga. La historia está bien cómica y han realizado muy bien el casting con las actrices, me imagino que se deben de haber reído mucho filmando, estaría bueno ver los bloopers ;) felicitaciones por todo !",VECINAS. Cortometraje. LGBT. Lesbico,Eli Navarro,2015-02-26T18:28:53Z,2015,lgtbi
88IUgOvy1ic,@89almendra,2015-06-17T21:06:12Z,71,"jaja buenisima, la vi sin fe y me sorprendio, debieran continuar la historia :)",VECINAS. Cortometraje. LGBT. Lesbico,Eli Navarro,2015-02-26T18:28:53Z,2015,lgtbi
88IUgOvy1ic,@monicadonjuan,2015-07-31T09:03:43Z,23,"jajajajaja... que buen corto... yo nunca intercambiaria pareja... LA AMO DEMACIADO COMO PARA VER O QUE VEA QUE ALGUIEN MAS NOS TOCA.. 
estube riendo con el corto.. cuando iba y llevaba regalos a las vecinas jajajajajaaja",VECINAS. Cortometraje. LGBT. Lesbico,Eli Navarro,2015-02-26T18:28:53Z,2015,lgtbi
88IUgOvy1ic,@susangonzalez7418,2019-09-11T04:43:21Z,3,Genial!! Me gustó mucho y creo que está muy completo!! Tiene de todo!! Una segunda parte mmmmm nop!! Muy bien Felicidades!! Desde México!!,VECINAS. Cortometraje. LGBT. Lesbico,Eli Navarro,2015-02-26T18:28:53Z,2015,lgtbi
88IUgOvy1ic,@leonoralvarezfranco519,2015-05-22T14:12:04Z,8,Amor sin límites... ,VECINAS. Cortometraje. LGBT. Lesbico,Eli Navarro,2015-02-26T18:28:53Z,2015,lgtbi
88IUgOvy1ic,@jhonnyhernandez3454,2021-02-18T04:10:41Z,4,ESCELENTE!! unos de los cortos que e visto !actrices de primera y un director de !cojones!!FELICIDADES!,VECINAS. Cortometraje. LGBT. Lesbico,Eli Navarro,2015-02-26T18:28:53Z,2015,lgtbi
88IUgOvy1ic,@amebasinvasoras2068,2017-01-15T16:30:29Z,127,"Muy bueno..me encanto el momento vecina de almejas, tortilla, bollos, tijeras, felpudo..😂 q pexá a reir!",VECINAS. Cortometraje. LGBT. Lesbico,Eli Navarro,2015-02-26T18:28:53Z,2015,lgtbi
88IUgOvy1ic,@kathym5826,2018-08-11T04:58:31Z,6,"Asu, me encanto, y la ultima escena no se me causa un poquis de gracia y como para darle otro giro a la historia, pero en fin todo muy bien pensado bello corto 😘😍😍😘 👭😘 👭😍",VECINAS. Cortometraje. LGBT. Lesbico,Eli Navarro,2015-02-26T18:28:53Z,2015,lgtbi
88IUgOvy1ic,@sandrastephanymartinez8590,2020-05-16T02:58:17Z,1,"Woww q COOL aunque a mi no me gusta eso de intercambios la pareja que no se escogió primero era la que me gustaba, pero las 2 pelis negras.",VECINAS. Cortometraje. LGBT. Lesbico,Eli Navarro,2015-02-26T18:28:53Z,2015,lgtbi
88IUgOvy1ic,@saeranchoi3695,2020-12-06T09:13:37Z,5,"Lo malo del cortometraje es que te quita la esperanza de encontrar un único amor, creo que se enfoca en la poligamia o relación abierta. Aún así agradezco el corto porque encontrar historias de amor entre mujeres es muy complicado",VECINAS. Cortometraje. LGBT. Lesbico,Eli Navarro,2015-02-26T18:28:53Z,2015,lgtbi
88IUgOvy1ic,@mundomandarina,2015-03-19T11:45:05Z,11,"Que bueno, ¡¡¡Enhorabuena!!! Tanto el guión como la elección de las actrices es muy bueno. Seguid así :)",VECINAS. Cortometraje. LGBT. Lesbico,Eli Navarro,2015-02-26T18:28:53Z,2015,lgtbi
88IUgOvy1ic,@luciavalentinasantiagobeja8419,2019-08-01T01:50:14Z,17,"La verdad que me a gustado mucho, sinceramente tengo ganas de saber más de esta historia, ya que me e reído mucho con las indirectas",VECINAS. Cortometraje. LGBT. Lesbico,Eli Navarro,2015-02-26T18:28:53Z,2015,lgtbi
88IUgOvy1ic,@Lalalicius21,2015-10-19T02:55:04Z,23,"esta paja Eli, deberias hacer una secuela :D
Abrazos de Perú.",VECINAS. Cortometraje. LGBT. Lesbico,Eli Navarro,2015-02-26T18:28:53Z,2015,lgtbi
88IUgOvy1ic,@aynedisrosales4705,2022-09-18T12:23:38Z,58,"Hacía rato que no me reía tanto con un audiovisual!! Excelente historia y las actrices, de 10!!!",VECINAS. Cortometraje. LGBT. Lesbico,Eli Navarro,2015-02-26T18:28:53Z,2015,lgtbi
88IUgOvy1ic,@lorenavelazquez5985,2020-09-12T05:42:45Z,0,"bastante cómico y piola !! 💪💪 en la próxima háganlo que se vea más escena che, ya se que la imaginación da que hablar, pero con ayuda resulta mejor.",VECINAS. Cortometraje. LGBT. Lesbico,Eli Navarro,2015-02-26T18:28:53Z,2015,lgtbi
88IUgOvy1ic,@CaldCarri,2015-03-31T04:54:50Z,44,"Guapa, ME HA ENCANTADO. :D 
Soy de Nicaragua, y seguí el enlace a través de Lesbicanarias. Muy Bueno! :D Se lo he pasado a mis Amigas... Haz otro Pronto. Besos y saludos...",VECINAS. Cortometraje. LGBT. Lesbico,Eli Navarro,2015-02-26T18:28:53Z,2015,lgtbi
88IUgOvy1ic,@andresmagne6509,2017-02-10T02:48:52Z,1,"cachan ese sentimiento de estar  nervioso cuando se te acerca la chica que te gusta ? algo así como cuando estas en la montaña rusa y sientes algo en ti pecho , sentí algo así 3 veces con los besos del final lol",VECINAS. Cortometraje. LGBT. Lesbico,Eli Navarro,2015-02-26T18:28:53Z,2015,lgtbi
88IUgOvy1ic,@sandrao.1010,2019-02-21T18:09:34Z,17,"Una de mis partes favoritas ha sido:
""Alicia: No si en nuestro caso la que se resiente es la cama. 
Mamen: ¿La cama? ¿Pero habéis probado a cambiar el colchón?""

 😂 😂 😂",VECINAS. Cortometraje. LGBT. Lesbico,Eli Navarro,2015-02-26T18:28:53Z,2015,lgtbi
88IUgOvy1ic,@ElizabethLopez-cy8fi,2016-11-13T04:43:37Z,1,Buenisimo... Me encantó 😊,VECINAS. Cortometraje. LGBT. Lesbico,Eli Navarro,2015-02-26T18:28:53Z,2015,lgtbi
88IUgOvy1ic,@marglorecarolmd7632,2019-07-07T22:43:11Z,11,"Jajaja,muy entretenido el corto,si que es bueno ser de mente abierta....
Me encantan las españolas",VECINAS. Cortometraje. LGBT. Lesbico,Eli Navarro,2015-02-26T18:28:53Z,2015,lgtbi
88IUgOvy1ic,@rociomartin7994,2016-02-21T19:17:27Z,0,Gran trabajo y el final tremendo que risas XD,VECINAS. Cortometraje. LGBT. Lesbico,Eli Navarro,2015-02-26T18:28:53Z,2015,lgtbi
88IUgOvy1ic,@AguaruGuazu,2019-10-30T04:07:22Z,17,"Que lástima que no hay una segunda parte, me re enganche! 😩",VECINAS. Cortometraje. LGBT. Lesbico,Eli Navarro,2015-02-26T18:28:53Z,2015,lgtbi
88IUgOvy1ic,@elultimotokuil6075,2021-07-15T18:31:48Z,0,"Interesantes, saludos desde México y hasta la próxima emisión !!!",VECINAS. Cortometraje. LGBT. Lesbico,Eli Navarro,2015-02-26T18:28:53Z,2015,lgtbi
88IUgOvy1ic,@teysivazquez3551,2018-09-20T21:01:31Z,4,Jajaja no me canso se ver este corto es gracioso divertido entretenido tiene mucho por que no.lo hacen serie o algo no.me canso de verlo y es como la 5 o 6 ves que lo veo y siempre lo amo .. Jajaja,VECINAS. Cortometraje. LGBT. Lesbico,Eli Navarro,2015-02-26T18:28:53Z,2015,lgtbi
88IUgOvy1ic,@hewgrebe4771,2019-07-15T05:10:59Z,1,Great movie.,VECINAS. Cortometraje. LGBT. Lesbico,Eli Navarro,2015-02-26T18:28:53Z,2015,lgtbi
88IUgOvy1ic,@ValeriaSolisLópez,2024-10-14T06:46:00Z,4,"Hola, mi primo pequeño también tiene autismo. ¡Es lindo ver que la gente crea conciencia sobre las personas con esa condición! Te envío abrazos y besos.❤️🙏",VECINAS. Cortometraje. LGBT. Lesbico,Eli Navarro,2015-02-26T18:28:53Z,2015,lgtbi
88IUgOvy1ic,@andreapikimocho1402,2020-10-26T10:33:00Z,0,"felicidades!!,muy buen guion...la tematica es buena,me gustaron los planos.",VECINAS. Cortometraje. LGBT. Lesbico,Eli Navarro,2015-02-26T18:28:53Z,2015,lgtbi
88IUgOvy1ic,@gatopardo13,2015-07-07T22:11:47Z,37,"que buen final ajajajajaja. Creo que ""o la puta al rio"" es como decir: ""a tomar por saco la situacion"" ¿estoy bien?.",VECINAS. Cortometraje. LGBT. Lesbico,Eli Navarro,2015-02-26T18:28:53Z,2015,lgtbi
88IUgOvy1ic,@luisfernandotoxquigarcia8967,2019-03-29T01:50:45Z,1,Excelente serie felicidades,VECINAS. Cortometraje. LGBT. Lesbico,Eli Navarro,2015-02-26T18:28:53Z,2015,lgtbi
88IUgOvy1ic,@lissetediazve4123,2020-11-22T14:42:35Z,5,"Que buena serie, de verdad, muy buena, felicidades al guionista, interpretaciones y todo realmente 😊😅🎶🥰🍷",VECINAS. Cortometraje. LGBT. Lesbico,Eli Navarro,2015-02-26T18:28:53Z,2015,lgtbi
88IUgOvy1ic,@isaiassilva8923,2020-04-20T14:31:08Z,2,"El atraco oficial en carreteras mediante las llamadas casetas de cobro, empezó con el apátrida del macabro Salinas, es hora de revisar esta cuestión. tenemos Fe en que en este sexenio se revisará. gracias por tu canal Solanita, felicidades.",VECINAS. Cortometraje. LGBT. Lesbico,Eli Navarro,2015-02-26T18:28:53Z,2015,lgtbi
88IUgOvy1ic,@vrnkelez,2015-03-06T14:25:42Z,31,"Enhorabuena de todo corazón, es uno de los cortos bajo esta temática que más me gusta: divertido, desenfadado... Mi parte favorita empieza en el minuto 5:18, hay que tener arte para escribir esa parte, y actuarla como la actua la gran Gran Mara. Enhorabuena una vez más!",VECINAS. Cortometraje. LGBT. Lesbico,Eli Navarro,2015-02-26T18:28:53Z,2015,lgtbi
88IUgOvy1ic,@vasilemartin3273,2021-03-24T17:39:33Z,0,Mulțumesc,VECINAS. Cortometraje. LGBT. Lesbico,Eli Navarro,2015-02-26T18:28:53Z,2015,lgtbi
88IUgOvy1ic,@rominamorales5507,2019-07-30T05:08:20Z,48,Muy bueno!!!!quien no ha fantaseado con alguna vecina? aplaudo la originalidad. De no ser porque estoy casada y enamorada tal vez lo haría 😄. Saludos desde Córdoba Argentina 🇦🇷😘🙋,VECINAS. Cortometraje. LGBT. Lesbico,Eli Navarro,2015-02-26T18:28:53Z,2015,lgtbi
88IUgOvy1ic,@anaclaudiadantas3074,2020-03-27T02:47:36Z,1,Alguém em 2020 ?,VECINAS. Cortometraje. LGBT. Lesbico,Eli Navarro,2015-02-26T18:28:53Z,2015,lgtbi
88IUgOvy1ic,@mafermafer7702,2017-04-20T06:34:46Z,9,jajaja padrisimooo genial!!!!! *SEGUNDA PARTEEEEE* 🔊,VECINAS. Cortometraje. LGBT. Lesbico,Eli Navarro,2015-02-26T18:28:53Z,2015,lgtbi
88IUgOvy1ic,@derechoentuidioma,2020-04-15T23:18:22Z,3,"Excelente corto me divertí muchísimo, ojalá hicieran una secuela igual cortita",VECINAS. Cortometraje. LGBT. Lesbico,Eli Navarro,2015-02-26T18:28:53Z,2015,lgtbi
88IUgOvy1ic,@unotakuestuvoaqui2.0.25,2015-03-18T22:47:43Z,56,"Estuvo muy divertido, me hizo reir mucho la parte de las tortillas y las tijeras, jajaja ",VECINAS. Cortometraje. LGBT. Lesbico,Eli Navarro,2015-02-26T18:28:53Z,2015,lgtbi
88IUgOvy1ic,@supermanca7923,2016-03-09T20:38:48Z,0,buenisimo el corto. jajaja el intercambio¨sera de idioma¨ los celos los dejamos en el armario¨jajajaj mori,VECINAS. Cortometraje. LGBT. Lesbico,Eli Navarro,2015-02-26T18:28:53Z,2015,lgtbi
88IUgOvy1ic,@elisreginabarbosacartaxo6949,2019-03-05T23:04:26Z,5,Concordo. Poderia virar uma série estilo The L Word. Muuito bom. Parabéns pelo trabalho,VECINAS. Cortometraje. LGBT. Lesbico,Eli Navarro,2015-02-26T18:28:53Z,2015,lgtbi
88IUgOvy1ic,@masudbcl,2021-10-10T20:07:39Z,0,The last few seconds are amazing after watching the full video.,VECINAS. Cortometraje. LGBT. Lesbico,Eli Navarro,2015-02-26T18:28:53Z,2015,lgtbi
88IUgOvy1ic,@rizwankhaliq8703,2019-08-25T19:00:24Z,8,Ufff so cute and loving memory,VECINAS. Cortometraje. LGBT. Lesbico,Eli Navarro,2015-02-26T18:28:53Z,2015,lgtbi
88IUgOvy1ic,@Gaba_86,2015-04-02T04:42:23Z,14,Muy buen cortometraje !! Me encantó el trabajo de elipsis para entender que Alicia cada día mantendrá algo de contacto con sus nuevas vecinas. Por otro lado apareces vos en el corto siendo la Directora es como lo que hacia Hitchcock jajaja,VECINAS. Cortometraje. LGBT. Lesbico,Eli Navarro,2015-02-26T18:28:53Z,2015,lgtbi
88IUgOvy1ic,@marglorecarolmd7632,2019-07-07T22:44:07Z,14,"Conviertanla en serie,està buenisima,felicitaciones por el trabajo o talvez a estas alturas ya sea una serial...",VECINAS. Cortometraje. LGBT. Lesbico,Eli Navarro,2015-02-26T18:28:53Z,2015,lgtbi
88IUgOvy1ic,@morenasancor5885,2020-06-28T23:45:24Z,0,Hello....icNot understand  of language but.ilove both of ur chanel..supportive fan from..philippines.,VECINAS. Cortometraje. LGBT. Lesbico,Eli Navarro,2015-02-26T18:28:53Z,2015,lgtbi
88IUgOvy1ic,@lauranataliperezdominguez2480,2015-08-30T06:39:19Z,7,"si se me hizo muy interesante y muy fresco y fluido ,, muy bueno ....",VECINAS. Cortometraje. LGBT. Lesbico,Eli Navarro,2015-02-26T18:28:53Z,2015,lgtbi
88IUgOvy1ic,@soyquynic.s760,2015-11-07T02:44:01Z,1,"Me gusto, me fascinó, me encanto (:",VECINAS. Cortometraje. LGBT. Lesbico,Eli Navarro,2015-02-26T18:28:53Z,2015,lgtbi
88IUgOvy1ic,@Lovekisscherry,2015-09-24T04:50:41Z,33,"¡Me encantó!, saludos desde México",VECINAS. Cortometraje. LGBT. Lesbico,Eli Navarro,2015-02-26T18:28:53Z,2015,lgtbi
88IUgOvy1ic,@geinm,2019-07-11T19:17:11Z,1,Que geniaaaal jajajaja super divertido!!!! Me mataron los cambios de variables al final jajajaja,VECINAS. Cortometraje. LGBT. Lesbico,Eli Navarro,2015-02-26T18:28:53Z,2015,lgtbi
88IUgOvy1ic,@erimarsantos9622,2015-08-11T05:43:30Z,38,Muy bueno el corto de verdad que quedaría bien una serie ... Saludos desde Venezuela,VECINAS. Cortometraje. LGBT. Lesbico,Eli Navarro,2015-02-26T18:28:53Z,2015,lgtbi
88IUgOvy1ic,@sommerlingmauricio2177,2016-08-09T21:47:46Z,15,cortometraje que me ha hecho reir esta tarde XD muy bueno por cierto,VECINAS. Cortometraje. LGBT. Lesbico,Eli Navarro,2015-02-26T18:28:53Z,2015,lgtbi
88IUgOvy1ic,@victoriam1197,2016-08-09T14:06:53Z,214,"Yo quiero segunda parte, me ha encantado!!",VECINAS. Cortometraje. LGBT. Lesbico,Eli Navarro,2015-02-26T18:28:53Z,2015,lgtbi
88IUgOvy1ic,@emmamittani4235,2018-08-21T06:51:21Z,1,"Jajajajajaja que buena me hizo la noche,  que buen final. 

Saludos de Peru",VECINAS. Cortometraje. LGBT. Lesbico,Eli Navarro,2015-02-26T18:28:53Z,2015,lgtbi
88IUgOvy1ic,@saoirnoomi,2015-03-31T23:55:57Z,16,Me ha encantado!!! Cuantas risas xD excelente corto! Muy buen trabajo :-) saludos :-*,VECINAS. Cortometraje. LGBT. Lesbico,Eli Navarro,2015-02-26T18:28:53Z,2015,lgtbi
88IUgOvy1ic,@lizmosh2364,2016-09-16T13:50:30Z,0,Jajajaja maravilloso!!,VECINAS. Cortometraje. LGBT. Lesbico,Eli Navarro,2015-02-26T18:28:53Z,2015,lgtbi
88IUgOvy1ic,@IvonneCRe,2015-07-02T02:37:37Z,26,De los mejores cortos qué he mirado! Muy gracioso. ,VECINAS. Cortometraje. LGBT. Lesbico,Eli Navarro,2015-02-26T18:28:53Z,2015,lgtbi
88IUgOvy1ic,@mariat-es5xe,2016-08-14T04:07:22Z,0,"jajajaja buenisimo, me encanto!...y las chicas muy guapas, tienes que subir mas cortos please",VECINAS. Cortometraje. LGBT. Lesbico,Eli Navarro,2015-02-26T18:28:53Z,2015,lgtbi
88IUgOvy1ic,@SuryPerry,2015-03-19T06:10:06Z,125,"jajajajaja, me ha encantado, me ha sacado unas risas inimaginables , aún lo recuerdo y no inventes jejeje!!!!!!, saludos desde México :D :D",VECINAS. Cortometraje. LGBT. Lesbico,Eli Navarro,2015-02-26T18:28:53Z,2015,lgtbi
88IUgOvy1ic,@FrancescSants-ti6nt,2020-04-29T12:05:24Z,12,adoro a las lesbianas !!! gracias por compartir este corto. excelente !!! no soy homosexual pero a ustedes el cielo abierto !!! gracias !!!,VECINAS. Cortometraje. LGBT. Lesbico,Eli Navarro,2015-02-26T18:28:53Z,2015,lgtbi
88IUgOvy1ic,@Z.B126,2022-07-27T01:50:18Z,48,"Que bonito es recordar los años en los que aún estaba en el closet y veía este cortometraje :""v Me da mucha nostalgia",VECINAS. Cortometraje. LGBT. Lesbico,Eli Navarro,2015-02-26T18:28:53Z,2015,lgtbi
88IUgOvy1ic,@nicaurimartinez5372,2019-07-13T23:58:21Z,0,Ahy me encanto esto esta re bueno .,VECINAS. Cortometraje. LGBT. Lesbico,Eli Navarro,2015-02-26T18:28:53Z,2015,lgtbi
88IUgOvy1ic,@KelitohPelitoh,2015-03-25T05:39:52Z,8,Hahahah buenísimo! He pasado muerta de risa todo el vídeo! Hahaha más por favor!,VECINAS. Cortometraje. LGBT. Lesbico,Eli Navarro,2015-02-26T18:28:53Z,2015,lgtbi
88IUgOvy1ic,@diegofernandorodriguezorej464,2015-06-03T05:40:11Z,5,Muy buen trabajo. La verdad es increíble los espacios y los formatos donde se pueden narrar historias interesantes.,VECINAS. Cortometraje. LGBT. Lesbico,Eli Navarro,2015-02-26T18:28:53Z,2015,lgtbi
88IUgOvy1ic,@marcelabibianaolivarmenese4468,2019-07-11T02:27:36Z,24,"Que risa la verdad
Un corto muy cómico
Que bueno que hicieran más como este",VECINAS. Cortometraje. LGBT. Lesbico,Eli Navarro,2015-02-26T18:28:53Z,2015,lgtbi
88IUgOvy1ic,@lizbaut9553,2021-03-17T16:53:56Z,1,"Vaya joyita 😂👌 el final inesperado...
Excelente trabajo",VECINAS. Cortometraje. LGBT. Lesbico,Eli Navarro,2015-02-26T18:28:53Z,2015,lgtbi
88IUgOvy1ic,@elizabethechenique1050,2016-01-01T22:39:50Z,24,"naa buenisimo me encanto C: felicidades excelente trabajo, me quede con ganas de ver más jaja saludos desde Argentina....",VECINAS. Cortometraje. LGBT. Lesbico,Eli Navarro,2015-02-26T18:28:53Z,2015,lgtbi
88IUgOvy1ic,@herminiatunezgarre7836,2020-11-20T09:46:06Z,0,Es buenisimo.el guión las actrices.todo.me he reído muchisimo,VECINAS. Cortometraje. LGBT. Lesbico,Eli Navarro,2015-02-26T18:28:53Z,2015,lgtbi
88IUgOvy1ic,@alexa8691,2015-09-23T13:19:26Z,19,"muy buen trabajo please hagan mas, estaría bueno lo de una mini serie :)",VECINAS. Cortometraje. LGBT. Lesbico,Eli Navarro,2015-02-26T18:28:53Z,2015,lgtbi
88IUgOvy1ic,@marlinjuliethmosqueraherna7151,2020-03-29T00:13:33Z,1,"Me siento enamorada......de la nena q hace el papel de ""gloria"" uffff q mujer mas bella....",VECINAS. Cortometraje. LGBT. Lesbico,Eli Navarro,2015-02-26T18:28:53Z,2015,lgtbi
88IUgOvy1ic,@monicadasilva1740,2019-05-28T03:52:58Z,6,"I Really had to watch it again, they are so Funny! 😂😂😂😂😂😂😂😂😂😂😂😂😂😂😂😂😂😂😂😂😂😂😂 I loved it!Recuerdos de Montréal!🇧🇪🇨🇦🤗🌹❤😘😘😘😘😘  Would love to see other movies with them, or series, etc..👏🏽👏🏽👏🏽👏🏽👏🏽😂😂😂😂😂😂😂😂😂😂😂😂😂",VECINAS. Cortometraje. LGBT. Lesbico,Eli Navarro,2015-02-26T18:28:53Z,2015,lgtbi
88IUgOvy1ic,@joelmasantosq,2017-09-17T01:23:22Z,1,Elas são lindas 😍,VECINAS. Cortometraje. LGBT. Lesbico,Eli Navarro,2015-02-26T18:28:53Z,2015,lgtbi
88IUgOvy1ic,@ulzana53,2019-10-02T15:46:40Z,8,"Un fantastico trabajo Eli, el cast sensacional y Mara Barros se sale, este talento merece un largo...",VECINAS. Cortometraje. LGBT. Lesbico,Eli Navarro,2015-02-26T18:28:53Z,2015,lgtbi
88IUgOvy1ic,@reneecarper8279,2019-07-08T17:02:10Z,1,This was great!!,VECINAS. Cortometraje. LGBT. Lesbico,Eli Navarro,2015-02-26T18:28:53Z,2015,lgtbi
88IUgOvy1ic,@kerlysanin1315,2015-03-27T23:42:25Z,22,me ha encantado hahahaha excelente peor me quede con ganas de mas!! saludos desde colombia,VECINAS. Cortometraje. LGBT. Lesbico,Eli Navarro,2015-02-26T18:28:53Z,2015,lgtbi
88IUgOvy1ic,@jessicaescobar1260,2019-07-06T21:52:31Z,1,Jajaja muy bueno me encanta😍,VECINAS. Cortometraje. LGBT. Lesbico,Eli Navarro,2015-02-26T18:28:53Z,2015,lgtbi
88IUgOvy1ic,@lissetluna3729,2020-05-29T20:21:09Z,30,"Muy bueno el corto,si que me hizo reír y en estos tiempos de cuarentena viene muy bien...por cierto que linda que está Gloria 😉",VECINAS. Cortometraje. LGBT. Lesbico,Eli Navarro,2015-02-26T18:28:53Z,2015,lgtbi
88IUgOvy1ic,@nataliasalcedo2098,2019-09-19T18:31:18Z,1,"pues me ha gustado, asi como ocurre en las parejas hetero ocurre en las parejas homosexuales.",VECINAS. Cortometraje. LGBT. Lesbico,Eli Navarro,2015-02-26T18:28:53Z,2015,lgtbi
88IUgOvy1ic,@Mafs75,2019-07-12T13:01:59Z,5,me encanto! hace mucho no veia un corto asi. muy original y realista. enhorabuena!,VECINAS. Cortometraje. LGBT. Lesbico,Eli Navarro,2015-02-26T18:28:53Z,2015,lgtbi
88IUgOvy1ic,@jteixeira42,2021-05-08T01:13:54Z,0,Quie voy hacer con vosotras? Que representación!? Me mola,VECINAS. Cortometraje. LGBT. Lesbico,Eli Navarro,2015-02-26T18:28:53Z,2015,lgtbi
88IUgOvy1ic,@AlexRamirez-vd5wz,2019-04-17T15:06:57Z,3,Exelente trabajo. Grandioso desarrollo de roles.,VECINAS. Cortometraje. LGBT. Lesbico,Eli Navarro,2015-02-26T18:28:53Z,2015,lgtbi
88IUgOvy1ic,@robertcraig4704,2019-07-15T20:46:41Z,1,"WOW,,,,AWESOME",VECINAS. Cortometraje. LGBT. Lesbico,Eli Navarro,2015-02-26T18:28:53Z,2015,lgtbi
88IUgOvy1ic,@LeguisTCantautor,2020-12-30T06:04:35Z,3,"Buenas actuaciones, no esperaba mucho y me sorprendio, felicidades!",VECINAS. Cortometraje. LGBT. Lesbico,Eli Navarro,2015-02-26T18:28:53Z,2015,lgtbi
88IUgOvy1ic,@orianaalarcon4417,2020-02-27T23:01:56Z,1,Muy buen cortometraje!!!,VECINAS. Cortometraje. LGBT. Lesbico,Eli Navarro,2015-02-26T18:28:53Z,2015,lgtbi
88IUgOvy1ic,@mishelrivera4484,2016-10-30T10:20:25Z,25,"ooohhh por diosss me encanto el final, las parejas quedaron como quería 😝😝😝😝",VECINAS. Cortometraje. LGBT. Lesbico,Eli Navarro,2015-02-26T18:28:53Z,2015,lgtbi
88IUgOvy1ic,@RajuKumar-tp2ww,2019-10-02T19:54:50Z,0,Beautiful.app,VECINAS. Cortometraje. LGBT. Lesbico,Eli Navarro,2015-02-26T18:28:53Z,2015,lgtbi
88IUgOvy1ic,@mirandacastro9812,2019-01-13T16:49:25Z,3,"me encanta este corto, es divertidisimo.",VECINAS. Cortometraje. LGBT. Lesbico,Eli Navarro,2015-02-26T18:28:53Z,2015,lgtbi
88IUgOvy1ic,@lucky4haniel,2019-07-16T05:03:32Z,2,Good work. Creative !,VECINAS. Cortometraje. LGBT. Lesbico,Eli Navarro,2015-02-26T18:28:53Z,2015,lgtbi
88IUgOvy1ic,@enadaza741,2020-08-26T19:27:24Z,7,Lo evisto 2 veces y me a sacado una risa interminable que EXELENTE trabajo estos juegos son un peligro...🤦‍♂️🥰,VECINAS. Cortometraje. LGBT. Lesbico,Eli Navarro,2015-02-26T18:28:53Z,2015,lgtbi
88IUgOvy1ic,@mdlrosa,2019-10-07T10:24:22Z,1,"Es muy bueno, y divertido. Enhorabuena Eli.",VECINAS. Cortometraje. LGBT. Lesbico,Eli Navarro,2015-02-26T18:28:53Z,2015,lgtbi
88IUgOvy1ic,@leylaramosprinque9933,2016-02-08T09:11:34Z,19,Muy divertido el corto.. me he reido muchisimo!... Saludos desde Perú!,VECINAS. Cortometraje. LGBT. Lesbico,Eli Navarro,2015-02-26T18:28:53Z,2015,lgtbi
88IUgOvy1ic,@namishad4569,2019-03-27T22:44:51Z,0,Magnifica actuacion me gusto,VECINAS. Cortometraje. LGBT. Lesbico,Eli Navarro,2015-02-26T18:28:53Z,2015,lgtbi
88IUgOvy1ic,@goofye349,2015-09-18T00:45:31Z,3,felicidades muy bueno,VECINAS. Cortometraje. LGBT. Lesbico,Eli Navarro,2015-02-26T18:28:53Z,2015,lgtbi
88IUgOvy1ic,@yesseniaedith4380,2016-03-30T08:21:07Z,2,omg :p,VECINAS. Cortometraje. LGBT. Lesbico,Eli Navarro,2015-02-26T18:28:53Z,2015,lgtbi
88IUgOvy1ic,@karlayudithromanapolinar9152,2015-05-08T21:33:07Z,557,Deberian hacer una serie de esto exelente trabajo:D,VECINAS. Cortometraje. LGBT. Lesbico,Eli Navarro,2015-02-26T18:28:53Z,2015,lgtbi
88IUgOvy1ic,@zahirzazai4787,2024-11-28T20:30:39Z,1,series short name please please,VECINAS. Cortometraje. LGBT. Lesbico,Eli Navarro,2015-02-26T18:28:53Z,2015,lgtbi
88IUgOvy1ic,@danieletettamanti3218,2020-01-06T18:04:37Z,3,"Maravilhoso, excelente trabalho, adorei, e as meninas lindas. bjsss a todos.",VECINAS. Cortometraje. LGBT. Lesbico,Eli Navarro,2015-02-26T18:28:53Z,2015,lgtbi
88IUgOvy1ic,@Wen-ux2xj,2015-07-26T19:40:08Z,0,Estubo muy bueno  😂😂😂,VECINAS. Cortometraje. LGBT. Lesbico,Eli Navarro,2015-02-26T18:28:53Z,2015,lgtbi
88IUgOvy1ic,@danielmachin7406,2020-10-11T07:00:54Z,5,No sé cómo llego este vídeo pero guau es lo mejor que ví en mi vida,VECINAS. Cortometraje. LGBT. Lesbico,Eli Navarro,2015-02-26T18:28:53Z,2015,lgtbi
88IUgOvy1ic,@maryoricherres7650,2017-10-27T18:12:40Z,0,Hooo Me Encantooo Al Finallll :) :*,VECINAS. Cortometraje. LGBT. Lesbico,Eli Navarro,2015-02-26T18:28:53Z,2015,lgtbi
88IUgOvy1ic,@gloriadelsocorrolezamaguti6871,2021-03-26T07:34:08Z,3,Hola chicas me a encantado esté corto y por su puesto esperaré la segunda ó la pelicula completa muchas felicidades y agradecida con la persona que lo a compartido con nosotras y para todo aquél que deseé verla y por su puesto que la recomiendo muy pero muy buena serie,VECINAS. Cortometraje. LGBT. Lesbico,Eli Navarro,2015-02-26T18:28:53Z,2015,lgtbi
88IUgOvy1ic,@leslyramirez5938,2019-08-16T04:56:25Z,0,"megusta todo esto
Videos yono los pierdos
sonmismejores entretenimientos",VECINAS. Cortometraje. LGBT. Lesbico,Eli Navarro,2015-02-26T18:28:53Z,2015,lgtbi
88IUgOvy1ic,@sigoandadndo8446,2016-02-09T01:49:03Z,29,muy buen corto jaja mori de risa xD que genial excelente trabajo (y) chicas,VECINAS. Cortometraje. LGBT. Lesbico,Eli Navarro,2015-02-26T18:28:53Z,2015,lgtbi
88IUgOvy1ic,@melanygarcia2284,2020-07-24T00:51:21Z,0,Jajaja pasando en la cuarentena y encontré esto jakakakakaka muy bien!!!,VECINAS. Cortometraje. LGBT. Lesbico,Eli Navarro,2015-02-26T18:28:53Z,2015,lgtbi
88IUgOvy1ic,@jadekawai9544,2019-07-30T00:57:42Z,32,"-pareja?

-eh?

- POR DIOS SOY LESBIANA..!!!😂😂😂😂😂😂

MORI D RISAAAAA",VECINAS. Cortometraje. LGBT. Lesbico,Eli Navarro,2015-02-26T18:28:53Z,2015,lgtbi
88IUgOvy1ic,@ninhajesus7249,2019-08-21T02:46:24Z,0,Gostaria que fosse  completa. Não  assim,VECINAS. Cortometraje. LGBT. Lesbico,Eli Navarro,2015-02-26T18:28:53Z,2015,lgtbi
88IUgOvy1ic,@mishellalejandragordilloar5453,2015-07-16T05:38:36Z,3,"Que buenaso, un goce muy muy bueno",VECINAS. Cortometraje. LGBT. Lesbico,Eli Navarro,2015-02-26T18:28:53Z,2015,lgtbi
88IUgOvy1ic,@raizagalindo2417,2017-10-21T07:28:52Z,0,bunisimooo me da ideas este corto,VECINAS. Cortometraje. LGBT. Lesbico,Eli Navarro,2015-02-26T18:28:53Z,2015,lgtbi
88IUgOvy1ic,@vianeysalazar631,2019-02-24T05:23:14Z,7,"Me gustó la última variable jajaja,",VECINAS. Cortometraje. LGBT. Lesbico,Eli Navarro,2015-02-26T18:28:53Z,2015,lgtbi
88IUgOvy1ic,@YULIDLG84,2015-03-19T19:43:41Z,0, Qbuen cortometraje....las csrcajadas en cada momento...buen trabajo..rei tanto como.si fuera una niña...saludoss mexicanos,VECINAS. Cortometraje. LGBT. Lesbico,Eli Navarro,2015-02-26T18:28:53Z,2015,lgtbi
88IUgOvy1ic,@marioreyesj.926,2021-02-16T02:50:38Z,8,Tremendo amor el de estas chicas. Saludo desde Colombia.,VECINAS. Cortometraje. LGBT. Lesbico,Eli Navarro,2015-02-26T18:28:53Z,2015,lgtbi
88IUgOvy1ic,@kimberlyg1312,2020-04-15T07:03:43Z,0,I loved it,VECINAS. Cortometraje. LGBT. Lesbico,Eli Navarro,2015-02-26T18:28:53Z,2015,lgtbi
88IUgOvy1ic,@grancanariaswomenband,2015-03-17T11:31:39Z,13,"Me encantó!!!! Bravo, hacía tiempo que no veía algo tan fresco y divertido. Muchas gracias!!!!",VECINAS. Cortometraje. LGBT. Lesbico,Eli Navarro,2015-02-26T18:28:53Z,2015,lgtbi
88IUgOvy1ic,@monicahwangui5317,2017-09-18T13:55:43Z,0,What's the point of having subtitles one can hardly read🤔,VECINAS. Cortometraje. LGBT. Lesbico,Eli Navarro,2015-02-26T18:28:53Z,2015,lgtbi
88IUgOvy1ic,@NYDC_,2018-07-11T06:08:56Z,18,"Mori con el ""habeis cambiao el colchon"" jajajaja... Super este corte",VECINAS. Cortometraje. LGBT. Lesbico,Eli Navarro,2015-02-26T18:28:53Z,2015,lgtbi
88IUgOvy1ic,@marthacrusgutierrz5353,2021-07-01T04:52:36Z,0,Disfruté mucho este corto gracias🤣🤣🤣🤣,VECINAS. Cortometraje. LGBT. Lesbico,Eli Navarro,2015-02-26T18:28:53Z,2015,lgtbi
88IUgOvy1ic,@yenniffervilla4102,2021-05-06T08:26:58Z,9,"Jajaja a la final todas se probaron y que daron satisfechas, muy buen cortometraje gracias",VECINAS. Cortometraje. LGBT. Lesbico,Eli Navarro,2015-02-26T18:28:53Z,2015,lgtbi
88IUgOvy1ic,@joisecarla3118,2019-07-16T16:33:02Z,0,Amor Joelma amor VC Moça Fernandes amor,VECINAS. Cortometraje. LGBT. Lesbico,Eli Navarro,2015-02-26T18:28:53Z,2015,lgtbi
88IUgOvy1ic,@micaelasott,2015-04-01T01:45:12Z,28,"Me encanto, el cuarto de hora mas entretenido! Saludos desde Argentina",VECINAS. Cortometraje. LGBT. Lesbico,Eli Navarro,2015-02-26T18:28:53Z,2015,lgtbi
88IUgOvy1ic,@ajarnStef,2022-08-16T22:32:16Z,0,this was so funny! well done!,VECINAS. Cortometraje. LGBT. Lesbico,Eli Navarro,2015-02-26T18:28:53Z,2015,lgtbi
88IUgOvy1ic,@SanSan-wo8hu,2015-03-11T11:12:30Z,7,jajajajaja! Muy bueno!!! Muchas felicidades por el trabajo! :) Espero saber más de tus proyectos en el fututo!,VECINAS. Cortometraje. LGBT. Lesbico,Eli Navarro,2015-02-26T18:28:53Z,2015,lgtbi
88IUgOvy1ic,@alanalorena8086,2019-07-10T02:03:53Z,0,🔥😛,VECINAS. Cortometraje. LGBT. Lesbico,Eli Navarro,2015-02-26T18:28:53Z,2015,lgtbi
88IUgOvy1ic,@catalinaarevalo569,2017-02-13T07:02:23Z,5,😂😂 mori de la risa xD,VECINAS. Cortometraje. LGBT. Lesbico,Eli Navarro,2015-02-26T18:28:53Z,2015,lgtbi
88IUgOvy1ic,@sofiaalvarezalvarez1329,2022-04-28T12:57:41Z,0,Me gusta mucho este film.,VECINAS. Cortometraje. LGBT. Lesbico,Eli Navarro,2015-02-26T18:28:53Z,2015,lgtbi
88IUgOvy1ic,@zerivama17,2015-08-15T17:18:57Z,20,"Me encanto, me hizo reír jaja",VECINAS. Cortometraje. LGBT. Lesbico,Eli Navarro,2015-02-26T18:28:53Z,2015,lgtbi
88IUgOvy1ic,@BlackTearsMary,2016-09-21T09:10:58Z,0,otro capitulo please!!! lol 10/10,VECINAS. Cortometraje. LGBT. Lesbico,Eli Navarro,2015-02-26T18:28:53Z,2015,lgtbi
88IUgOvy1ic,@itzelhernandez6501,2015-07-26T01:00:31Z,3,Muy buen corto me hicieron pasar un buen momento de risa ,VECINAS. Cortometraje. LGBT. Lesbico,Eli Navarro,2015-02-26T18:28:53Z,2015,lgtbi
88IUgOvy1ic,@marioterzi3006,2015-06-09T02:08:16Z,1,"ah ah ah molto divertente grazie ragazze per questo simpatico cortometraggio e a voi tutte vi auguro una bella giornata ciao, ah dimenticavo l omofobia é una brutta malattia spero che sparisca presto ;;;;;;;",VECINAS. Cortometraje. LGBT. Lesbico,Eli Navarro,2015-02-26T18:28:53Z,2015,lgtbi
88IUgOvy1ic,@annagalo7677,2021-07-18T23:13:41Z,3,Me ha encantado ojalá haya segunda parte 👏🏻👏🏻,VECINAS. Cortometraje. LGBT. Lesbico,Eli Navarro,2015-02-26T18:28:53Z,2015,lgtbi
88IUgOvy1ic,@kirbyclark9282,2017-01-29T20:54:04Z,0,love you,VECINAS. Cortometraje. LGBT. Lesbico,Eli Navarro,2015-02-26T18:28:53Z,2015,lgtbi
88IUgOvy1ic,@dairamarino3897,2019-09-22T23:49:28Z,10,Genial! muy original el final,VECINAS. Cortometraje. LGBT. Lesbico,Eli Navarro,2015-02-26T18:28:53Z,2015,lgtbi
88IUgOvy1ic,@leydicamataflores6027,2021-04-22T02:34:10Z,1,Como me gustaria que tuviera otro capitulo  🙃,VECINAS. Cortometraje. LGBT. Lesbico,Eli Navarro,2015-02-26T18:28:53Z,2015,lgtbi
88IUgOvy1ic,@mariaespfer,2017-11-21T03:07:42Z,4,"Demasiado bueno, que arte tienen😂",VECINAS. Cortometraje. LGBT. Lesbico,Eli Navarro,2015-02-26T18:28:53Z,2015,lgtbi
88IUgOvy1ic,@Ytoro33,2020-12-13T18:40:02Z,0,Muy bueno! Felicitaciones,VECINAS. Cortometraje. LGBT. Lesbico,Eli Navarro,2015-02-26T18:28:53Z,2015,lgtbi
88IUgOvy1ic,@pippervasquez6321,2017-03-01T17:07:22Z,2,pero que corto mas genial me he visto!!!!!!!!!!!!!!! me encanto hay mas ????????? me encantan las españolas es que simplemente las amo....!!!!,VECINAS. Cortometraje. LGBT. Lesbico,Eli Navarro,2015-02-26T18:28:53Z,2015,lgtbi
88IUgOvy1ic,@PiccoleFollie,2024-08-19T22:10:26Z,0,Muy de acuerdo con el final.,VECINAS. Cortometraje. LGBT. Lesbico,Eli Navarro,2015-02-26T18:28:53Z,2015,lgtbi
88IUgOvy1ic,@DianaCarolina140,2020-03-29T05:39:43Z,3,Me saco muchas risas y me encanto esta historia o lo que sea me gusta..💖👏👏,VECINAS. Cortometraje. LGBT. Lesbico,Eli Navarro,2015-02-26T18:28:53Z,2015,lgtbi
88IUgOvy1ic,@johanaa.2760,2017-02-03T04:10:30Z,1,"Dioooos! como me encanta este corto 😍😍😍😍
quisiera una novia así de bella 😱😍",VECINAS. Cortometraje. LGBT. Lesbico,Eli Navarro,2015-02-26T18:28:53Z,2015,lgtbi
88IUgOvy1ic,@csdgt,2015-03-10T22:52:36Z,8,"
Buenísimo corto!!! felicidades esta genial un abrazo desde México ",VECINAS. Cortometraje. LGBT. Lesbico,Eli Navarro,2015-02-26T18:28:53Z,2015,lgtbi
88IUgOvy1ic,@otelatorres5500,2020-04-29T06:59:49Z,1,"Exelente, me encantó",VECINAS. Cortometraje. LGBT. Lesbico,Eli Navarro,2015-02-26T18:28:53Z,2015,lgtbi
88IUgOvy1ic,@pikachuuurelly9618,2019-07-09T21:00:10Z,18,Divertido y lindo corto😄 me quede con ganas de mas.. me enamore de Gloria😍😍😍,VECINAS. Cortometraje. LGBT. Lesbico,Eli Navarro,2015-02-26T18:28:53Z,2015,lgtbi
88IUgOvy1ic,@brokenheart3773,2019-07-19T02:51:42Z,0,Nice 👌👌👌👌,VECINAS. Cortometraje. LGBT. Lesbico,Eli Navarro,2015-02-26T18:28:53Z,2015,lgtbi
88IUgOvy1ic,@anniiebravo597,2015-10-23T04:47:34Z,6,"morii!!  lo máximo, excelente trabajo 😂😂😂😂",VECINAS. Cortometraje. LGBT. Lesbico,Eli Navarro,2015-02-26T18:28:53Z,2015,lgtbi
88IUgOvy1ic,@franciscojavierlacamara7274,2021-01-18T15:47:33Z,0,"buenisimooooo
hay que tener cuidado con eso,puede ocurrir.......",VECINAS. Cortometraje. LGBT. Lesbico,Eli Navarro,2015-02-26T18:28:53Z,2015,lgtbi
88IUgOvy1ic,@liviagutierrez9049,2019-01-14T15:06:10Z,5,"No me canso de ver este corto, muy bien hecho",VECINAS. Cortometraje. LGBT. Lesbico,Eli Navarro,2015-02-26T18:28:53Z,2015,lgtbi
88IUgOvy1ic,@andrusol15,2018-10-19T15:01:48Z,2,Ame el remate jajajaja muy genial!!,VECINAS. Cortometraje. LGBT. Lesbico,Eli Navarro,2015-02-26T18:28:53Z,2015,lgtbi
88IUgOvy1ic,@SuperNefthaly,2016-06-18T04:38:48Z,23,"me hizo reír mucho, muy buen cortometraje , felicidades 😁",VECINAS. Cortometraje. LGBT. Lesbico,Eli Navarro,2015-02-26T18:28:53Z,2015,lgtbi
88IUgOvy1ic,@ahmetgurbuz9559,2020-02-27T19:31:51Z,0,Hayırlı geceler güzel insanlar,VECINAS. Cortometraje. LGBT. Lesbico,Eli Navarro,2015-02-26T18:28:53Z,2015,lgtbi
88IUgOvy1ic,@TheRoUsE99,2015-03-19T10:32:10Z,200,"Sinceramente, me he quedado con ganas de más",VECINAS. Cortometraje. LGBT. Lesbico,Eli Navarro,2015-02-26T18:28:53Z,2015,lgtbi
88IUgOvy1ic,@aymanboutouil5462,2019-07-20T22:32:17Z,0,Mercis et,VECINAS. Cortometraje. LGBT. Lesbico,Eli Navarro,2015-02-26T18:28:53Z,2015,lgtbi
88IUgOvy1ic,@jusb5510,2015-05-23T15:18:54Z,5,"Ajajajaj estuvo muy bueno seria muy lindo que hicieran otro, excelente trabajo ♥",VECINAS. Cortometraje. LGBT. Lesbico,Eli Navarro,2015-02-26T18:28:53Z,2015,lgtbi
88IUgOvy1ic,@naoayagao5112,2020-11-29T11:33:06Z,0,"M encanta este corto metraje ,",VECINAS. Cortometraje. LGBT. Lesbico,Eli Navarro,2015-02-26T18:28:53Z,2015,lgtbi
88IUgOvy1ic,@Catandtuga73,2019-10-20T18:30:23Z,12,Se me hizo corto... Hubiera querido más.,VECINAS. Cortometraje. LGBT. Lesbico,Eli Navarro,2015-02-26T18:28:53Z,2015,lgtbi
88IUgOvy1ic,@jiselpineda63,2017-11-15T18:35:41Z,0,😲je je je je je me sorprendió ...y me encanto😆,VECINAS. Cortometraje. LGBT. Lesbico,Eli Navarro,2015-02-26T18:28:53Z,2015,lgtbi
88IUgOvy1ic,@elsygranados7681,2019-08-04T03:31:15Z,25,"Estuvo genial, las 4 muy buenas actrices jajaja me divertí",VECINAS. Cortometraje. LGBT. Lesbico,Eli Navarro,2015-02-26T18:28:53Z,2015,lgtbi
88IUgOvy1ic,@veronicavargas9543,2019-09-12T21:08:40Z,0,Pao y gloria lindas mujeres me encantaron,VECINAS. Cortometraje. LGBT. Lesbico,Eli Navarro,2015-02-26T18:28:53Z,2015,lgtbi
88IUgOvy1ic,@jofm2927,2015-03-03T11:42:08Z,12,"Mucho talento , felicidades Eli!!!",VECINAS. Cortometraje. LGBT. Lesbico,Eli Navarro,2015-02-26T18:28:53Z,2015,lgtbi
88IUgOvy1ic,@nenamix8506,2017-04-29T14:23:45Z,0,ami el corto me encanta y el final tmbn y el corto de naranjas tmbn me encanta haz mas,VECINAS. Cortometraje. LGBT. Lesbico,Eli Navarro,2015-02-26T18:28:53Z,2015,lgtbi
88IUgOvy1ic,@key00keykey21,2015-10-19T18:24:28Z,43,ahora no voy a poder escuchar pareja sin pensar en eso xD,VECINAS. Cortometraje. LGBT. Lesbico,Eli Navarro,2015-02-26T18:28:53Z,2015,lgtbi
88IUgOvy1ic,@adelaformoso1046,2022-08-02T16:54:39Z,0,Me ha parecido fantástico y muy real,VECINAS. Cortometraje. LGBT. Lesbico,Eli Navarro,2015-02-26T18:28:53Z,2015,lgtbi
88IUgOvy1ic,@annycarolinacarmonaflorez6671,2015-07-16T22:11:22Z,517,"Quiero q continúe pero con los mismos personajes,  porq me acabó de enamorar de gloria.  :)",VECINAS. Cortometraje. LGBT. Lesbico,Eli Navarro,2015-02-26T18:28:53Z,2015,lgtbi
88IUgOvy1ic,@lugergr,2018-11-16T18:29:47Z,2,"Joder! Coml me cortan así, ya me estaba preparando.",VECINAS. Cortometraje. LGBT. Lesbico,Eli Navarro,2015-02-26T18:28:53Z,2015,lgtbi
88IUgOvy1ic,@nataliagermanotta6348,2018-02-11T02:04:40Z,4,lleva la camisa de lady gaga <3,VECINAS. Cortometraje. LGBT. Lesbico,Eli Navarro,2015-02-26T18:28:53Z,2015,lgtbi
88IUgOvy1ic,@paulaaguila9098,2018-02-08T19:01:51Z,0,"El guión es buenísimo, me descojono",VECINAS. Cortometraje. LGBT. Lesbico,Eli Navarro,2015-02-26T18:28:53Z,2015,lgtbi
88IUgOvy1ic,@MisChristiane,2019-11-27T23:51:13Z,13,""" tu eres rara eh, pero rara de cojones""😂😂😂😂😂 me parto",VECINAS. Cortometraje. LGBT. Lesbico,Eli Navarro,2015-02-26T18:28:53Z,2015,lgtbi
88IUgOvy1ic,@elgatoazul_573,2024-04-06T02:51:40Z,0,Esta padrísimo esta peli,VECINAS. Cortometraje. LGBT. Lesbico,Eli Navarro,2015-02-26T18:28:53Z,2015,lgtbi
88IUgOvy1ic,@pan_8099_,2016-10-03T05:22:59Z,18,Lo puedo ver una otra vez y me sigue encantando!,VECINAS. Cortometraje. LGBT. Lesbico,Eli Navarro,2015-02-26T18:28:53Z,2015,lgtbi
88IUgOvy1ic,@cristianfernandez7403,2018-11-04T17:15:20Z,0,"Unas vecinas así, me muero",VECINAS. Cortometraje. LGBT. Lesbico,Eli Navarro,2015-02-26T18:28:53Z,2015,lgtbi
88IUgOvy1ic,@emilsevelardez3890,2015-10-21T07:08:14Z,7,jejeje fue lo mejor que eh visto desde hace ya tanto tiempo :),VECINAS. Cortometraje. LGBT. Lesbico,Eli Navarro,2015-02-26T18:28:53Z,2015,lgtbi
88IUgOvy1ic,@adrygorozo2534,2020-04-28T17:54:15Z,0,💝,VECINAS. Cortometraje. LGBT. Lesbico,Eli Navarro,2015-02-26T18:28:53Z,2015,lgtbi
88IUgOvy1ic,@anitabruera6212,2020-12-31T05:33:42Z,2,"Exelente corto , deseo que tengais un comienzo de año lleno de paz y amor  , bendiciones a toda la gente 🤗💋",VECINAS. Cortometraje. LGBT. Lesbico,Eli Navarro,2015-02-26T18:28:53Z,2015,lgtbi
88IUgOvy1ic,@MrGerman900,2019-07-12T19:42:30Z,0,"No sé como llegué acá... Pero, no me arrepiento!!! POR DIOS!!!",VECINAS. Cortometraje. LGBT. Lesbico,Eli Navarro,2015-02-26T18:28:53Z,2015,lgtbi
88IUgOvy1ic,@talentrihannawen8499,2015-09-14T18:35:09Z,11,jaajjajajjaaa .. EL MEJOR DE TODOS 😂😍,VECINAS. Cortometraje. LGBT. Lesbico,Eli Navarro,2015-02-26T18:28:53Z,2015,lgtbi
88IUgOvy1ic,@natachagomez6350,2015-07-15T03:10:11Z,0,Muy buen corto tío,VECINAS. Cortometraje. LGBT. Lesbico,Eli Navarro,2015-02-26T18:28:53Z,2015,lgtbi
88IUgOvy1ic,@dondeestaelisa1,2015-07-15T05:25:00Z,27,Wooooo jajaja muy buenoooo,VECINAS. Cortometraje. LGBT. Lesbico,Eli Navarro,2015-02-26T18:28:53Z,2015,lgtbi
88IUgOvy1ic,@alejandroperez7266,2019-10-06T09:10:55Z,0,esto si esta bueno me gusto y estas españolas son mis faboritas,VECINAS. Cortometraje. LGBT. Lesbico,Eli Navarro,2015-02-26T18:28:53Z,2015,lgtbi
88IUgOvy1ic,@yesicaandreaquicenorojas8485,2020-09-23T16:13:04Z,5,"Ay caramba quede así, cuando la otra también quería con gloria 😳😳😳",VECINAS. Cortometraje. LGBT. Lesbico,Eli Navarro,2015-02-26T18:28:53Z,2015,lgtbi
88IUgOvy1ic,@carlostorrez834,2020-04-29T01:34:57Z,0,Espero lo puedan ver los niños ..es vastante infantil como lo llevan adelante el tema!! Vamos por mas,VECINAS. Cortometraje. LGBT. Lesbico,Eli Navarro,2015-02-26T18:28:53Z,2015,lgtbi
88IUgOvy1ic,@Tematicaless,2015-03-11T21:34:56Z,30,Esto se jodió!! jajajaja,VECINAS. Cortometraje. LGBT. Lesbico,Eli Navarro,2015-02-26T18:28:53Z,2015,lgtbi
88IUgOvy1ic,@DayanaDooley,2018-04-23T00:47:34Z,0,jajajjaja genial merece ser serie me gusto mucho,VECINAS. Cortometraje. LGBT. Lesbico,Eli Navarro,2015-02-26T18:28:53Z,2015,lgtbi
88IUgOvy1ic,@ash7s815,2017-01-17T22:44:29Z,30,"Que buena que está ""Gloria"" ♥",VECINAS. Cortometraje. LGBT. Lesbico,Eli Navarro,2015-02-26T18:28:53Z,2015,lgtbi
88IUgOvy1ic,@RaulRojas-jc2rl,2026-02-28T17:02:32Z,0,"Al final no se ha enterado nada de nada en el tema central y eso es un trabajo que exquisito de la producción y dirección, la espectativa de nosotros( as)ha sido muy interesante,las escenas de la vecina Rara de Cojones me han hecho reír y todo en general, esperamos segunda y muchas más partes👍👍😸😸❤️❤️❤️💜💜💜!!!...",VECINAS. Cortometraje. LGBT. Lesbico,Eli Navarro,2015-02-26T18:28:53Z,2015,lgtbi
88IUgOvy1ic,@michellescarleyochoazambra3670,2022-11-24T03:29:59Z,3,Irónica la ironía 🤣 hablando en serio es espléndido el cortometraje y me dá envidia no haberlo visto antes porque siento que perdí en comentarios entonces sólo me queda entregar esto 👏🏻👏🏻👏🏻,VECINAS. Cortometraje. LGBT. Lesbico,Eli Navarro,2015-02-26T18:28:53Z,2015,lgtbi
88IUgOvy1ic,@laurajim3371,2020-03-18T06:20:31Z,0,"que guapa Gloria, que corto tan gracioso, gracias por compartirlo",VECINAS. Cortometraje. LGBT. Lesbico,Eli Navarro,2015-02-26T18:28:53Z,2015,lgtbi
88IUgOvy1ic,@aemhere,2021-11-06T16:25:37Z,3,"No me canso de verlo, me da mucha risa 😂 es muy bueno",VECINAS. Cortometraje. LGBT. Lesbico,Eli Navarro,2015-02-26T18:28:53Z,2015,lgtbi
88IUgOvy1ic,@ionprisacaru6459,2020-04-11T09:21:18Z,0,Buna ziua ași vrea traduse in limba romana dacă se poate vă mulțumesc,VECINAS. Cortometraje. LGBT. Lesbico,Eli Navarro,2015-02-26T18:28:53Z,2015,lgtbi
88IUgOvy1ic,@dimey641,2016-12-18T00:48:09Z,62,"tu eres rara, rara de cojones...jajajajaja!! tremenda Silvia Acosta. Me ha encantado!",VECINAS. Cortometraje. LGBT. Lesbico,Eli Navarro,2015-02-26T18:28:53Z,2015,lgtbi
88IUgOvy1ic,@jodieferrer7057,2019-07-10T23:49:13Z,1,No me gusta intercambiar. Pero aceptaría con una gloria je je je. Gracias x el corto,VECINAS. Cortometraje. LGBT. Lesbico,Eli Navarro,2015-02-26T18:28:53Z,2015,lgtbi
88IUgOvy1ic,@lulisneikap3978,2015-12-18T04:27:55Z,14,"Me ha encantado este corto, Muy bueno. excelente trabajo ;)",VECINAS. Cortometraje. LGBT. Lesbico,Eli Navarro,2015-02-26T18:28:53Z,2015,lgtbi
88IUgOvy1ic,@pablocesarcarbonari6637,2021-09-18T04:47:03Z,0,QUE RICO ENTENDERSE SIEMPRE.,VECINAS. Cortometraje. LGBT. Lesbico,Eli Navarro,2015-02-26T18:28:53Z,2015,lgtbi
88IUgOvy1ic,@shizumahanazono1325,2016-02-24T20:36:18Z,18,waaa!!! jamás compartiría mi pareja xd u.u,VECINAS. Cortometraje. LGBT. Lesbico,Eli Navarro,2015-02-26T18:28:53Z,2015,lgtbi
88IUgOvy1ic,@blancanayaradelacruzguajar3565,2021-08-01T09:04:19Z,0,increible amee,VECINAS. Cortometraje. LGBT. Lesbico,Eli Navarro,2015-02-26T18:28:53Z,2015,lgtbi
88IUgOvy1ic,@melissaadami3144,2016-07-02T23:42:50Z,27,"Buen cortometraje, una pregunta: las chicas son lesbianas en la vida real?",VECINAS. Cortometraje. LGBT. Lesbico,Eli Navarro,2015-02-26T18:28:53Z,2015,lgtbi
88IUgOvy1ic,@evelinhernandez6880,2020-02-21T01:01:01Z,0,exelente.,VECINAS. Cortometraje. LGBT. Lesbico,Eli Navarro,2015-02-26T18:28:53Z,2015,lgtbi
88IUgOvy1ic,@drycintilante.,2017-12-17T17:40:23Z,4,A *Paixão* é uma força que não pode ser parada.,VECINAS. Cortometraje. LGBT. Lesbico,Eli Navarro,2015-02-26T18:28:53Z,2015,lgtbi
88IUgOvy1ic,@bungabunga88,2015-03-18T22:07:17Z,2,"Eli! Para cuando un largo?? 
Felicidades por esta maravilla! ",VECINAS. Cortometraje. LGBT. Lesbico,Eli Navarro,2015-02-26T18:28:53Z,2015,lgtbi
88IUgOvy1ic,@laurabohorquez9467,2019-09-03T07:55:35Z,9,"Yo ame ha Paula que chica tan hermosa !!!!! Necesito una novia española por favor jajajaj
Saludos desde Colombia :3",VECINAS. Cortometraje. LGBT. Lesbico,Eli Navarro,2015-02-26T18:28:53Z,2015,lgtbi
88IUgOvy1ic,@DAYDUGIL,2017-05-24T00:45:34Z,0,Un divertido cortometraje.,VECINAS. Cortometraje. LGBT. Lesbico,Eli Navarro,2015-02-26T18:28:53Z,2015,lgtbi
88IUgOvy1ic,@eliushminecraft7958,2020-06-11T15:43:24Z,4,like si queres estar ahi ;v,VECINAS. Cortometraje. LGBT. Lesbico,Eli Navarro,2015-02-26T18:28:53Z,2015,lgtbi
88IUgOvy1ic,@AlinaVNunez,2020-04-25T08:12:55Z,0,genialllll,VECINAS. Cortometraje. LGBT. Lesbico,Eli Navarro,2015-02-26T18:28:53Z,2015,lgtbi
88IUgOvy1ic,@chivitaher,2016-07-26T04:26:24Z,7,Jajaja... excelente!!,VECINAS. Cortometraje. LGBT. Lesbico,Eli Navarro,2015-02-26T18:28:53Z,2015,lgtbi
88IUgOvy1ic,@pepito2467,2019-09-24T18:58:11Z,1,Cada espanhola linda encantado.,VECINAS. Cortometraje. LGBT. Lesbico,Eli Navarro,2015-02-26T18:28:53Z,2015,lgtbi
88IUgOvy1ic,@ContextoAunqueNoNesesite,2023-11-02T06:16:24Z,5,13:52 cerca de aqui empieza el bso,VECINAS. Cortometraje. LGBT. Lesbico,Eli Navarro,2015-02-26T18:28:53Z,2015,lgtbi
88IUgOvy1ic,@darlyruiz3645,2018-06-29T23:08:17Z,1,"Que me a encantado no oaro de verlo el mejor, me gusta el toque de comedia que tienen algunas escenas",VECINAS. Cortometraje. LGBT. Lesbico,Eli Navarro,2015-02-26T18:28:53Z,2015,lgtbi
88IUgOvy1ic,@jaelmendoza71,2019-10-17T02:57:39Z,7,La neta al último no sabia cual era cual 😁😁😁,VECINAS. Cortometraje. LGBT. Lesbico,Eli Navarro,2015-02-26T18:28:53Z,2015,lgtbi
88IUgOvy1ic,@Nathy_aredaa,2020-09-11T08:33:00Z,0,Pq não tem continuação,VECINAS. Cortometraje. LGBT. Lesbico,Eli Navarro,2015-02-26T18:28:53Z,2015,lgtbi
88IUgOvy1ic,@maribeldelacruz4276,2019-11-13T02:23:43Z,5,Ya me estaba enganchando jajaja,VECINAS. Cortometraje. LGBT. Lesbico,Eli Navarro,2015-02-26T18:28:53Z,2015,lgtbi
88IUgOvy1ic,@gustavodelarubia7953,2021-06-04T19:37:38Z,0,Buenísimo gracias,VECINAS. Cortometraje. LGBT. Lesbico,Eli Navarro,2015-02-26T18:28:53Z,2015,lgtbi
88IUgOvy1ic,@itzelhernandez6501,2015-07-26T00:59:46Z,7,Muy buen corto me hicieron pasar un buen momento de risa :D,VECINAS. Cortometraje. LGBT. Lesbico,Eli Navarro,2015-02-26T18:28:53Z,2015,lgtbi
88IUgOvy1ic,@alejandromontalbanbronson3836,2018-09-07T00:32:23Z,0,"Hace años vi una película muy parecida a este cortometraje, no recuerdo su nombre, ... americana, algún experto en buscar películas que me pueda ayudar?",VECINAS. Cortometraje. LGBT. Lesbico,Eli Navarro,2015-02-26T18:28:53Z,2015,lgtbi
88IUgOvy1ic,@maribelbautista7436,2019-02-23T21:37:03Z,4,Me encantó🤗,VECINAS. Cortometraje. LGBT. Lesbico,Eli Navarro,2015-02-26T18:28:53Z,2015,lgtbi
88IUgOvy1ic,@florjimenez9210,2020-08-20T15:34:18Z,0,"Muy bueno, de los pocos que he visto, bien por Paula y Gloria",VECINAS. Cortometraje. LGBT. Lesbico,Eli Navarro,2015-02-26T18:28:53Z,2015,lgtbi
88IUgOvy1ic,@macarenapalacio3094,2016-02-29T18:50:18Z,5,Me encantó:) Genias totales!,VECINAS. Cortometraje. LGBT. Lesbico,Eli Navarro,2015-02-26T18:28:53Z,2015,lgtbi
88IUgOvy1ic,@Maxyoruichi452,2018-09-03T16:38:52Z,0,"hay que probar todas laS variables,jajaja muy bueno.",VECINAS. Cortometraje. LGBT. Lesbico,Eli Navarro,2015-02-26T18:28:53Z,2015,lgtbi
88IUgOvy1ic,@rosemaryalvaradoalva3002,2019-07-16T05:01:20Z,2,Excelenteeeee!!!!!,VECINAS. Cortometraje. LGBT. Lesbico,Eli Navarro,2015-02-26T18:28:53Z,2015,lgtbi
88IUgOvy1ic,@deliaroblesaraya9149,2020-08-28T07:37:00Z,0,K buena películas,VECINAS. Cortometraje. LGBT. Lesbico,Eli Navarro,2015-02-26T18:28:53Z,2015,lgtbi
88IUgOvy1ic,@monicadasilva1740,2019-05-28T03:59:44Z,3,"The neighbor is always there, never gives up on her "" Plan"" 😂😂😂😂😂😂😂😂😂😂😂😂😂😂😂😂😂😂 No puedo!😉😂😂😂😂😂😂😂😂😂",VECINAS. Cortometraje. LGBT. Lesbico,Eli Navarro,2015-02-26T18:28:53Z,2015,lgtbi
88IUgOvy1ic,@Legends09J,2017-11-09T05:10:02Z,0,"Buen cortometraje,  seria una buena miniserie",VECINAS. Cortometraje. LGBT. Lesbico,Eli Navarro,2015-02-26T18:28:53Z,2015,lgtbi
88IUgOvy1ic,@marinaflores7561,2018-06-05T05:07:26Z,7,"LO QUE ME REIII CON ESTAS CUATRO!!! POR FAVORR, LAS ESPAÑOLAS SON LO TODO CHEEE!!",VECINAS. Cortometraje. LGBT. Lesbico,Eli Navarro,2015-02-26T18:28:53Z,2015,lgtbi
88IUgOvy1ic,@lorenamondragon4725,2016-08-27T03:01:26Z,1,Me Encanta,VECINAS. Cortometraje. LGBT. Lesbico,Eli Navarro,2015-02-26T18:28:53Z,2015,lgtbi
88IUgOvy1ic,@andreaetxeberria5414,2022-11-23T05:19:15Z,14,Gran cortometraje!!!!!!! Me he reído muchiiiiiiisimo.  Que pena que no se hizo una serie basada en este corto y con las mismas actrices.,VECINAS. Cortometraje. LGBT. Lesbico,Eli Navarro,2015-02-26T18:28:53Z,2015,lgtbi
88IUgOvy1ic,@jteixeira42,2021-05-08T01:10:33Z,0,"Pues sin palabras, reindo se habla enserio",VECINAS. Cortometraje. LGBT. Lesbico,Eli Navarro,2015-02-26T18:28:53Z,2015,lgtbi
88IUgOvy1ic,@CarlosSanchez-do9lv,2015-05-05T17:30:21Z,9,"Jajaajaja  ay dios mio xD  me encanto <3  :3  excelente trabajo :D

Pau esta muy guapa ^^",VECINAS. Cortometraje. LGBT. Lesbico,Eli Navarro,2015-02-26T18:28:53Z,2015,lgtbi
88IUgOvy1ic,@olartedaisyagusa3784,2022-01-03T03:34:23Z,0,Is there true lesbian to love here.,VECINAS. Cortometraje. LGBT. Lesbico,Eli Navarro,2015-02-26T18:28:53Z,2015,lgtbi
88IUgOvy1ic,@saragl8181,2017-02-22T03:21:34Z,7,jajajajaja no se ustedes pero yo me he cagado de risa con el final...,VECINAS. Cortometraje. LGBT. Lesbico,Eli Navarro,2015-02-26T18:28:53Z,2015,lgtbi
88IUgOvy1ic,@jasminsulca7255,2015-06-12T22:59:52Z,1,esto tiene que continuar xd buen trabajo,VECINAS. Cortometraje. LGBT. Lesbico,Eli Navarro,2015-02-26T18:28:53Z,2015,lgtbi
88IUgOvy1ic,@Maria-iz8nj,2015-05-23T14:48:50Z,4,Me encanta ♡ hacia tiempo que no me reìa tan bien ! ,VECINAS. Cortometraje. LGBT. Lesbico,Eli Navarro,2015-02-26T18:28:53Z,2015,lgtbi
88IUgOvy1ic,@jbrfrench1,2016-03-31T23:58:24Z,0,"muy divertido, enhorabuena",VECINAS. Cortometraje. LGBT. Lesbico,Eli Navarro,2015-02-26T18:28:53Z,2015,lgtbi
88IUgOvy1ic,@j.kuronekodark7565,2019-07-08T15:16:46Z,11,"UNA SEGUNDA PARTEEEE, SE NECESITA URGENTEEE",VECINAS. Cortometraje. LGBT. Lesbico,Eli Navarro,2015-02-26T18:28:53Z,2015,lgtbi
88IUgOvy1ic,@vaniawendie1256,2020-09-17T12:45:30Z,0,LINDAS MUJERES.,VECINAS. Cortometraje. LGBT. Lesbico,Eli Navarro,2015-02-26T18:28:53Z,2015,lgtbi
88IUgOvy1ic,@yennysanchez4614,2019-07-08T21:14:50Z,3,"""Pareja"" ""venga, ahora me haces lo de la lengua"" Me he reido mucho. Saludos desde Colombia.",VECINAS. Cortometraje. LGBT. Lesbico,Eli Navarro,2015-02-26T18:28:53Z,2015,lgtbi
88IUgOvy1ic,@kassandraalcivar1085,2019-07-18T23:44:20Z,0,Quiero la otra parte me a encantado....,VECINAS. Cortometraje. LGBT. Lesbico,Eli Navarro,2015-02-26T18:28:53Z,2015,lgtbi
88IUgOvy1ic,@keliajimenez7968,2019-07-09T05:33:09Z,4,JAJAJAJA buenísima,VECINAS. Cortometraje. LGBT. Lesbico,Eli Navarro,2015-02-26T18:28:53Z,2015,lgtbi
88IUgOvy1ic,@RUBIA1019,2015-12-05T22:51:13Z,0,jjajajaj muy buen corto¡ buen trabajo¡,VECINAS. Cortometraje. LGBT. Lesbico,Eli Navarro,2015-02-26T18:28:53Z,2015,lgtbi
88IUgOvy1ic,@ailenrivas5401,2019-08-17T14:30:06Z,36,yo no conpartiria mi pareja pero gloria esta buena 😍😍😍😍me enemore de ella,VECINAS. Cortometraje. LGBT. Lesbico,Eli Navarro,2015-02-26T18:28:53Z,2015,lgtbi
88IUgOvy1ic,@yaquelinandino7649,2019-12-05T07:05:59Z,1,Ostia me ancatado esto el final muy epico jajajaja,VECINAS. Cortometraje. LGBT. Lesbico,Eli Navarro,2015-02-26T18:28:53Z,2015,lgtbi
88IUgOvy1ic,@virginialopez5492,2016-01-03T12:39:32Z,6,Necesito una continuación!!! unas genias las actrices <3,VECINAS. Cortometraje. LGBT. Lesbico,Eli Navarro,2015-02-26T18:28:53Z,2015,lgtbi
88IUgOvy1ic,@yulizafernandez4044,2017-05-27T19:45:14Z,0,excelente me gusto,VECINAS. Cortometraje. LGBT. Lesbico,Eli Navarro,2015-02-26T18:28:53Z,2015,lgtbi
88IUgOvy1ic,@aguedasanchez9110,2017-07-12T04:02:37Z,12,"Joder me ha encantado .. 😍😂 .!! 
Muy guapas Gloria y Alicia .!! 👌",VECINAS. Cortometraje. LGBT. Lesbico,Eli Navarro,2015-02-26T18:28:53Z,2015,lgtbi
88IUgOvy1ic,@anabeltrejo2544,2020-02-19T07:32:55Z,0,Buen cortometraje....,VECINAS. Cortometraje. LGBT. Lesbico,Eli Navarro,2015-02-26T18:28:53Z,2015,lgtbi
88IUgOvy1ic,@erickavause617,2017-10-30T22:58:20Z,8,Me encantó una segunda parte porfavor ❤❤,VECINAS. Cortometraje. LGBT. Lesbico,Eli Navarro,2015-02-26T18:28:53Z,2015,lgtbi
88IUgOvy1ic,@ryogililiws_23,2021-02-03T03:36:12Z,0,Me encanto saludos desde Perú 😀😉🙂🙂,VECINAS. Cortometraje. LGBT. Lesbico,Eli Navarro,2015-02-26T18:28:53Z,2015,lgtbi
88IUgOvy1ic,@verolujan8492,2018-03-08T03:07:24Z,3,Justo el final que quería 😍,VECINAS. Cortometraje. LGBT. Lesbico,Eli Navarro,2015-02-26T18:28:53Z,2015,lgtbi
88IUgOvy1ic,@andreinapita6633,2019-09-14T16:55:09Z,1,Esta super buena este corto,VECINAS. Cortometraje. LGBT. Lesbico,Eli Navarro,2015-02-26T18:28:53Z,2015,lgtbi
88IUgOvy1ic,@fabiolajimenez4158,2015-07-09T21:20:35Z,21,Muy bonito me enamoré de gloria su voz toda ella 😍 deberían hacer más ,VECINAS. Cortometraje. LGBT. Lesbico,Eli Navarro,2015-02-26T18:28:53Z,2015,lgtbi
88IUgOvy1ic,@sheisafiguereo7270,2020-04-16T05:20:56Z,1,8:57 😁,VECINAS. Cortometraje. LGBT. Lesbico,Eli Navarro,2015-02-26T18:28:53Z,2015,lgtbi
88IUgOvy1ic,@dieguezroxette6342,2017-06-22T22:21:31Z,15,No se como llegue hasta qui pero me llego ese corto jajaja,VECINAS. Cortometraje. LGBT. Lesbico,Eli Navarro,2015-02-26T18:28:53Z,2015,lgtbi
88IUgOvy1ic,@DanielaPerez-ys9tk,2023-01-05T22:16:37Z,0,Estaría vien la peli completa y no solo un coto metraje 😁,VECINAS. Cortometraje. LGBT. Lesbico,Eli Navarro,2015-02-26T18:28:53Z,2015,lgtbi
88IUgOvy1ic,@pequerock1,2015-03-19T00:41:23Z,7,Jajajaja muy pero muy bueno!,VECINAS. Cortometraje. LGBT. Lesbico,Eli Navarro,2015-02-26T18:28:53Z,2015,lgtbi
88IUgOvy1ic,@danieloteft6962,2019-07-23T20:22:19Z,0,Las que son recatadas son las que vienen siendo las más apasionadas y entregadas,VECINAS. Cortometraje. LGBT. Lesbico,Eli Navarro,2015-02-26T18:28:53Z,2015,lgtbi
88IUgOvy1ic,@fatimahernandez-jw9il,2016-12-10T03:01:22Z,18,Silvia Acosta 😍😍😍😍😘😍💕💕💕,VECINAS. Cortometraje. LGBT. Lesbico,Eli Navarro,2015-02-26T18:28:53Z,2015,lgtbi
88IUgOvy1ic,@elisapayan7562,2016-07-01T19:13:17Z,1,😈 divertido y realista ha...gracias..,VECINAS. Cortometraje. LGBT. Lesbico,Eli Navarro,2015-02-26T18:28:53Z,2015,lgtbi
88IUgOvy1ic,@Cucocucoso,2019-09-07T20:26:20Z,29,Me salió en recomendados que querra decirme YouTube? :v,VECINAS. Cortometraje. LGBT. Lesbico,Eli Navarro,2015-02-26T18:28:53Z,2015,lgtbi
88IUgOvy1ic,@nazar5658,2019-07-14T08:34:41Z,0,Q hermosa gloria..me encantaría conocer una española Ji. Saludos de Argentina,VECINAS. Cortometraje. LGBT. Lesbico,Eli Navarro,2015-02-26T18:28:53Z,2015,lgtbi
88IUgOvy1ic,@inmaacosta8084,2015-03-20T00:25:50Z,5,"Genial, me quedé con ganas de mas! ",VECINAS. Cortometraje. LGBT. Lesbico,Eli Navarro,2015-02-26T18:28:53Z,2015,lgtbi
88IUgOvy1ic,@patyusma1831,2019-07-07T23:28:15Z,0,Que locura!!!!!!,VECINAS. Cortometraje. LGBT. Lesbico,Eli Navarro,2015-02-26T18:28:53Z,2015,lgtbi
88IUgOvy1ic,@valentinacovadongaestradag4345,2019-07-25T06:02:03Z,9,JAJAJAJAJJAA ME REÍ MUCHO la amé xd,VECINAS. Cortometraje. LGBT. Lesbico,Eli Navarro,2015-02-26T18:28:53Z,2015,lgtbi
88IUgOvy1ic,@eagle7757,2021-03-23T17:15:13Z,0,"For God so loved the world, that he gave his only begotten Son, that whosoever believeth in him should not perish, but have everlasting life. John 3:16 KJV,  Ephesians 2:8-9, Jesus Christ is the only way....",VECINAS. Cortometraje. LGBT. Lesbico,Eli Navarro,2015-02-26T18:28:53Z,2015,lgtbi
88IUgOvy1ic,@lizhdz95,2019-10-12T17:23:39Z,3,Vamos a darnos un poco de amor/juego/lujuria/deseo,VECINAS. Cortometraje. LGBT. Lesbico,Eli Navarro,2015-02-26T18:28:53Z,2015,lgtbi
88IUgOvy1ic,@rossynina5099,2020-04-08T04:53:05Z,0,Me encantó,VECINAS. Cortometraje. LGBT. Lesbico,Eli Navarro,2015-02-26T18:28:53Z,2015,lgtbi
88IUgOvy1ic,@Tytulandia,2015-09-24T00:56:07Z,3,JAJAJAJ MUY BUENO..!!!!,VECINAS. Cortometraje. LGBT. Lesbico,Eli Navarro,2015-02-26T18:28:53Z,2015,lgtbi
88IUgOvy1ic,@chichiromero68,2020-03-24T10:44:58Z,0,Me encanto alguien sabe como se llaman los personajes,VECINAS. Cortometraje. LGBT. Lesbico,Eli Navarro,2015-02-26T18:28:53Z,2015,lgtbi
88IUgOvy1ic,@yam3091,2017-01-15T11:54:53Z,7,"personas como ellas necesitamos en nuestros países , orale vivan las españolas",VECINAS. Cortometraje. LGBT. Lesbico,Eli Navarro,2015-02-26T18:28:53Z,2015,lgtbi
88IUgOvy1ic,@ajaibsingh2779,2019-10-04T09:45:27Z,0,Nice video,VECINAS. Cortometraje. LGBT. Lesbico,Eli Navarro,2015-02-26T18:28:53Z,2015,lgtbi
88IUgOvy1ic,@zerivama17,2015-08-15T17:17:57Z,4,"Me encanto, me hizo reír jaja",VECINAS. Cortometraje. LGBT. Lesbico,Eli Navarro,2015-02-26T18:28:53Z,2015,lgtbi
88IUgOvy1ic,@marialozano7123,2019-12-01T19:46:10Z,1,Que bueno 😍,VECINAS. Cortometraje. LGBT. Lesbico,Eli Navarro,2015-02-26T18:28:53Z,2015,lgtbi
88IUgOvy1ic,@wowyeah4694,2015-12-20T05:49:45Z,46,"Qué idea tan funesta la de ""compartir"" para acabar con la rutina, preferible terminar.",VECINAS. Cortometraje. LGBT. Lesbico,Eli Navarro,2015-02-26T18:28:53Z,2015,lgtbi
88IUgOvy1ic,@juanbacicampos1853,2020-09-01T22:31:20Z,0,Buen video,VECINAS. Cortometraje. LGBT. Lesbico,Eli Navarro,2015-02-26T18:28:53Z,2015,lgtbi
88IUgOvy1ic,@madelinachavez2357,2018-01-20T07:16:39Z,5,Me enamoré de Gloria y Paula 😍,VECINAS. Cortometraje. LGBT. Lesbico,Eli Navarro,2015-02-26T18:28:53Z,2015,lgtbi
88IUgOvy1ic,@cantinhodafabi609,2019-11-29T07:58:02Z,0,Yo procurando la continuación ahora que repare que es un curta que no tiene otras partes!  😂😂😟,VECINAS. Cortometraje. LGBT. Lesbico,Eli Navarro,2015-02-26T18:28:53Z,2015,lgtbi
88IUgOvy1ic,@sabrinafrias7774,2015-03-19T17:04:27Z,6,"Es genial, muy buen corto!! Saludos desde Argentina :D ",VECINAS. Cortometraje. LGBT. Lesbico,Eli Navarro,2015-02-26T18:28:53Z,2015,lgtbi
88IUgOvy1ic,@ДмитрийСавицкий-д7ю,2020-08-27T04:15:48Z,1,Савицкого Артём 18,VECINAS. Cortometraje. LGBT. Lesbico,Eli Navarro,2015-02-26T18:28:53Z,2015,lgtbi
88IUgOvy1ic,@vanesazelada7020,2020-03-28T03:28:38Z,3,"Me ah encantado 
Estoy aburrida quien para chat.
Solo mujeres",VECINAS. Cortometraje. LGBT. Lesbico,Eli Navarro,2015-02-26T18:28:53Z,2015,lgtbi
88IUgOvy1ic,@vaniawendie1256,2020-09-17T12:42:24Z,0,Amo los dos.,VECINAS. Cortometraje. LGBT. Lesbico,Eli Navarro,2015-02-26T18:28:53Z,2015,lgtbi
88IUgOvy1ic,@FantasticaHistoria,2020-05-02T09:06:14Z,3,jajajajaj un mate de risa xDDDD Me encanta este corto x'D,VECINAS. Cortometraje. LGBT. Lesbico,Eli Navarro,2015-02-26T18:28:53Z,2015,lgtbi
88IUgOvy1ic,@7dldrm,2021-05-06T04:10:52Z,0,👍,VECINAS. Cortometraje. LGBT. Lesbico,Eli Navarro,2015-02-26T18:28:53Z,2015,lgtbi
88IUgOvy1ic,@julietbone1499,2019-08-01T03:18:48Z,2,ALM no se como llegue a ver esto pero me gusto,VECINAS. Cortometraje. LGBT. Lesbico,Eli Navarro,2015-02-26T18:28:53Z,2015,lgtbi
88IUgOvy1ic,@marcelitaabueno8107,2019-11-07T04:52:18Z,0,Tanbonito el amor de una pareja,VECINAS. Cortometraje. LGBT. Lesbico,Eli Navarro,2015-02-26T18:28:53Z,2015,lgtbi
88IUgOvy1ic,@naandlrb6074,2018-10-28T04:19:55Z,13,"jajajaja quiero hacer eso, pero primero necesito una novia y amigas x.x",VECINAS. Cortometraje. LGBT. Lesbico,Eli Navarro,2015-02-26T18:28:53Z,2015,lgtbi
88IUgOvy1ic,@ivanaperez2231,2019-07-14T00:28:07Z,0,😌,VECINAS. Cortometraje. LGBT. Lesbico,Eli Navarro,2015-02-26T18:28:53Z,2015,lgtbi
88IUgOvy1ic,@fentilove5847,2015-08-04T22:24:55Z,12,ME ENAMORE DE GLORIA <3,VECINAS. Cortometraje. LGBT. Lesbico,Eli Navarro,2015-02-26T18:28:53Z,2015,lgtbi
88IUgOvy1ic,@ДмитрийСавицкий-д7ю,2020-08-27T04:15:38Z,1,Савицкого Артём 18,VECINAS. Cortometraje. LGBT. Lesbico,Eli Navarro,2015-02-26T18:28:53Z,2015,lgtbi
88IUgOvy1ic,@tomazbangelter1894,2019-08-10T01:26:21Z,3,"Ah, ahora entiendo porque facebook te bloquea si dices ""tortillera""",VECINAS. Cortometraje. LGBT. Lesbico,Eli Navarro,2015-02-26T18:28:53Z,2015,lgtbi
88IUgOvy1ic,@manuelarrufatgil8431,2026-03-17T15:11:00Z,2,Geniales !!! Sencillamente geniales !!! Un largometraje y estaríamos hablando de la peli más taquillera del año.,VECINAS. Cortometraje. LGBT. Lesbico,Eli Navarro,2015-02-26T18:28:53Z,2015,lgtbi
88IUgOvy1ic,@mayaceylan6888,2019-03-04T11:23:02Z,3,Sinceramente muy buena me gusta quiero una igual,VECINAS. Cortometraje. LGBT. Lesbico,Eli Navarro,2015-02-26T18:28:53Z,2015,lgtbi
88IUgOvy1ic,@profesorsalvador698,2020-06-03T15:48:06Z,0,Hola cómo puedo contactar con la realizadora del corto? Saludos.,VECINAS. Cortometraje. LGBT. Lesbico,Eli Navarro,2015-02-26T18:28:53Z,2015,lgtbi
88IUgOvy1ic,@ClubAmerica1916,2018-05-22T17:18:46Z,6,JAJAJA VENGA VAMOS ANTES DE QUE ME ARREPIENTA! JAJAJA,VECINAS. Cortometraje. LGBT. Lesbico,Eli Navarro,2015-02-26T18:28:53Z,2015,lgtbi
88IUgOvy1ic,@mar.-2ñ,2017-06-02T05:27:42Z,0,me he hecho de la risa 😂😂😂😂 buenísimo 😂😂😂,VECINAS. Cortometraje. LGBT. Lesbico,Eli Navarro,2015-02-26T18:28:53Z,2015,lgtbi
88IUgOvy1ic,@taniaruelas1715,2018-06-04T23:25:38Z,10,"Excelente cortometraje
Por qe ami no me pasa!!! 😅😅por que no tengo unas vecinas asi ay Dios",VECINAS. Cortometraje. LGBT. Lesbico,Eli Navarro,2015-02-26T18:28:53Z,2015,lgtbi
88IUgOvy1ic,@ДмитрийСавицкий-д7ю,2020-08-27T04:15:28Z,1,Савицкого Артём 18,VECINAS. Cortometraje. LGBT. Lesbico,Eli Navarro,2015-02-26T18:28:53Z,2015,lgtbi
88IUgOvy1ic,@xluciianax,2015-09-16T03:32:30Z,3,muy bueno! :D clap clap clap...,VECINAS. Cortometraje. LGBT. Lesbico,Eli Navarro,2015-02-26T18:28:53Z,2015,lgtbi
88IUgOvy1ic,@yxxngim7125,2018-01-12T13:10:16Z,2,Al principio ya pensé que iban a tener un trio ahre,VECINAS. Cortometraje. LGBT. Lesbico,Eli Navarro,2015-02-26T18:28:53Z,2015,lgtbi
88IUgOvy1ic,@yobanypaz1629,2019-10-08T22:44:07Z,11,Dale like si te volviste lesbiana al ver esta (película),VECINAS. Cortometraje. LGBT. Lesbico,Eli Navarro,2015-02-26T18:28:53Z,2015,lgtbi
88IUgOvy1ic,@Redpill2136,2019-07-12T02:56:46Z,0,Es primera vez que veo esto y soy tero pero me excito y no tengo nada en contra voy buscar más videos este estuvo bueno pero voy buscar con más detalles ya saben saludos tengo 21,VECINAS. Cortometraje. LGBT. Lesbico,Eli Navarro,2015-02-26T18:28:53Z,2015,lgtbi
88IUgOvy1ic,@dianellysjimenez2635,2015-08-31T18:26:46Z,4,jaajaja muy comico todo esto..,VECINAS. Cortometraje. LGBT. Lesbico,Eli Navarro,2015-02-26T18:28:53Z,2015,lgtbi
88IUgOvy1ic,@roxisola3121,2020-03-08T05:24:15Z,1,Me encantó ♥️♥️♥️,VECINAS. Cortometraje. LGBT. Lesbico,Eli Navarro,2015-02-26T18:28:53Z,2015,lgtbi
88IUgOvy1ic,@milagrosaguirre8276,2015-12-28T19:49:16Z,66,Creo que me he enamorado! ❤️😂,VECINAS. Cortometraje. LGBT. Lesbico,Eli Navarro,2015-02-26T18:28:53Z,2015,lgtbi
88IUgOvy1ic,@gurlnotfound,2016-08-09T05:07:02Z,2,Típico xD,VECINAS. Cortometraje. LGBT. Lesbico,Eli Navarro,2015-02-26T18:28:53Z,2015,lgtbi
88IUgOvy1ic,@marlubardales2941,2019-07-06T04:07:19Z,6,Necesito una española en mi vida 😊😊,VECINAS. Cortometraje. LGBT. Lesbico,Eli Navarro,2015-02-26T18:28:53Z,2015,lgtbi
88IUgOvy1ic,@alfonsosaenz6542,2021-02-04T14:37:25Z,1,Las relaciones lésbicas son las más intensas de todas,VECINAS. Cortometraje. LGBT. Lesbico,Eli Navarro,2015-02-26T18:28:53Z,2015,lgtbi
88IUgOvy1ic,@alejandramartinez317,2019-12-19T20:19:33Z,4,Aaa órale 🤭🤭,VECINAS. Cortometraje. LGBT. Lesbico,Eli Navarro,2015-02-26T18:28:53Z,2015,lgtbi
88IUgOvy1ic,@elihvqxz8337,2019-08-28T07:13:17Z,1,"🤣🤣🤣🤣🤣
🥰🥰🥰🥰",VECINAS. Cortometraje. LGBT. Lesbico,Eli Navarro,2015-02-26T18:28:53Z,2015,lgtbi
88IUgOvy1ic,@nancycarlos6587,2022-07-03T20:18:54Z,3,NO HAY DIFERENCIAS ENTRE HOMBRES Y MUJERES SOMOS TOTALMENTE IGUALES EN TODO SENTIDO,VECINAS. Cortometraje. LGBT. Lesbico,Eli Navarro,2015-02-26T18:28:53Z,2015,lgtbi
88IUgOvy1ic,@lauracali4977,2017-12-19T02:31:43Z,0,muy buenoooo,VECINAS. Cortometraje. LGBT. Lesbico,Eli Navarro,2015-02-26T18:28:53Z,2015,lgtbi
88IUgOvy1ic,@tatamiusic,2016-07-30T11:53:02Z,3,Jajajaja genial!!!!,VECINAS. Cortometraje. LGBT. Lesbico,Eli Navarro,2015-02-26T18:28:53Z,2015,lgtbi
88IUgOvy1ic,@biancamartinez4763,2022-05-18T14:09:44Z,0,Me encanta puedes a ser una segunda parte plizz 😊,VECINAS. Cortometraje. LGBT. Lesbico,Eli Navarro,2015-02-26T18:28:53Z,2015,lgtbi
88IUgOvy1ic,@ismailindayanacruz637,2019-07-10T18:17:02Z,8,jajjajajjaa me encanto xd,VECINAS. Cortometraje. LGBT. Lesbico,Eli Navarro,2015-02-26T18:28:53Z,2015,lgtbi
88IUgOvy1ic,@yenimarrincon999,2020-03-25T13:31:37Z,1,Holaaaa. Quien en este 2020. Me encantó este cortometraje  jajaja,VECINAS. Cortometraje. LGBT. Lesbico,Eli Navarro,2015-02-26T18:28:53Z,2015,lgtbi
88IUgOvy1ic,@nayralazcano8281,2019-04-02T14:10:35Z,3,Me morí con el final 😂😂😂😂😂,VECINAS. Cortometraje. LGBT. Lesbico,Eli Navarro,2015-02-26T18:28:53Z,2015,lgtbi
88IUgOvy1ic,@ofeliaacchi1777,2019-09-02T23:34:43Z,2,No se aman. Porque cuando amas no compartes a tu pareja con nadie.,VECINAS. Cortometraje. LGBT. Lesbico,Eli Navarro,2015-02-26T18:28:53Z,2015,lgtbi
88IUgOvy1ic,@rosag8981,2015-07-01T20:35:44Z,4,"jajaajaaj mmque bueno,,,jajajajjaja",VECINAS. Cortometraje. LGBT. Lesbico,Eli Navarro,2015-02-26T18:28:53Z,2015,lgtbi
88IUgOvy1ic,@melaniie_ginamurillo9057,2016-08-31T03:42:31Z,1,muy buena,VECINAS. Cortometraje. LGBT. Lesbico,Eli Navarro,2015-02-26T18:28:53Z,2015,lgtbi
88IUgOvy1ic,@annycarolinacarmonaflorez6671,2015-07-16T22:08:50Z,11,"Gloria es muy linda.  Me encantó,  quisiera seguir viendo más. ",VECINAS. Cortometraje. LGBT. Lesbico,Eli Navarro,2015-02-26T18:28:53Z,2015,lgtbi
88IUgOvy1ic,@wendianayeliperezmoreno1759,2020-11-28T05:22:47Z,1,Muy bonito excelente,VECINAS. Cortometraje. LGBT. Lesbico,Eli Navarro,2015-02-26T18:28:53Z,2015,lgtbi
88IUgOvy1ic,@fabiolacarrasco8862,2019-07-18T05:58:10Z,3,jajajaj que buena <3,VECINAS. Cortometraje. LGBT. Lesbico,Eli Navarro,2015-02-26T18:28:53Z,2015,lgtbi
88IUgOvy1ic,@mirandajesm,2015-03-28T09:13:50Z,1,"Me ha encantado, brillante! ",VECINAS. Cortometraje. LGBT. Lesbico,Eli Navarro,2015-02-26T18:28:53Z,2015,lgtbi
88IUgOvy1ic,@neylacaamano951,2016-01-15T18:52:58Z,3,jajajajajajaja demasiado bueno el corto jajajajajajaja,VECINAS. Cortometraje. LGBT. Lesbico,Eli Navarro,2015-02-26T18:28:53Z,2015,lgtbi
88IUgOvy1ic,@manuelzapata4308,2019-09-12T21:28:41Z,1,Muy bueno. Me gusta mucho el humor. Muy bueno felicidades,VECINAS. Cortometraje. LGBT. Lesbico,Eli Navarro,2015-02-26T18:28:53Z,2015,lgtbi
88IUgOvy1ic,@silviaredondo1187,2017-01-22T17:13:11Z,7,jajajaja me he reído muchísimo.,VECINAS. Cortometraje. LGBT. Lesbico,Eli Navarro,2015-02-26T18:28:53Z,2015,lgtbi
88IUgOvy1ic,@yaguelinbanega341,2020-01-28T06:32:35Z,0,Todo el mundo es libre de hacer lo que quiera en suvida,VECINAS. Cortometraje. LGBT. Lesbico,Eli Navarro,2015-02-26T18:28:53Z,2015,lgtbi
88IUgOvy1ic,@doyouseeaflower,2016-09-01T08:08:17Z,84,Me enamoré de la chica de cabello corto que estaba en la barra.,VECINAS. Cortometraje. LGBT. Lesbico,Eli Navarro,2015-02-26T18:28:53Z,2015,lgtbi
88IUgOvy1ic,@mandujaztayeb4023,2020-03-09T08:50:37Z,0,Hay como no lo vi antes! Me rei bastante! Tiene cosas verdaderas!,VECINAS. Cortometraje. LGBT. Lesbico,Eli Navarro,2015-02-26T18:28:53Z,2015,lgtbi
88IUgOvy1ic,@user_idkedith,2020-09-28T03:13:26Z,19,"Sinceramente, siento que este cortometraje no tiene sentido.",VECINAS. Cortometraje. LGBT. Lesbico,Eli Navarro,2015-02-26T18:28:53Z,2015,lgtbi
88IUgOvy1ic,@andychavez2585,2019-07-20T09:24:59Z,1,Super un abrazo desde cuba.🤗🤗😙😙,VECINAS. Cortometraje. LGBT. Lesbico,Eli Navarro,2015-02-26T18:28:53Z,2015,lgtbi
88IUgOvy1ic,@juandavidjamesluna4508,2020-09-30T21:07:02Z,7,"Soy un fanatico de las lesbianas, me fascina cómo se aman y se acarician, q viva las lesbianas 👩‍❤️‍👩👭",VECINAS. Cortometraje. LGBT. Lesbico,Eli Navarro,2015-02-26T18:28:53Z,2015,lgtbi
88IUgOvy1ic,@miminoleru,2015-06-16T03:54:05Z,1,Esta buena la cosa!,VECINAS. Cortometraje. LGBT. Lesbico,Eli Navarro,2015-02-26T18:28:53Z,2015,lgtbi
88IUgOvy1ic,@andaluciacondori4116,2015-04-16T12:10:15Z,3,Jajajajjaa  que buena !! ,VECINAS. Cortometraje. LGBT. Lesbico,Eli Navarro,2015-02-26T18:28:53Z,2015,lgtbi
88IUgOvy1ic,@luvmorrisey20,2019-04-22T03:44:24Z,1,"Hahaha, me encantó!",VECINAS. Cortometraje. LGBT. Lesbico,Eli Navarro,2015-02-26T18:28:53Z,2015,lgtbi
88IUgOvy1ic,@soniaguerra7980,2022-04-08T16:15:45Z,3,Hermosa pareja❤️❤️❤️❤️,VECINAS. Cortometraje. LGBT. Lesbico,Eli Navarro,2015-02-26T18:28:53Z,2015,lgtbi
88IUgOvy1ic,@romeveliz7094,2019-11-17T20:38:34Z,0,😍😍😍😍😍💛💛💛,VECINAS. Cortometraje. LGBT. Lesbico,Eli Navarro,2015-02-26T18:28:53Z,2015,lgtbi
88IUgOvy1ic,@RosaRodriguez-eq3tp,2022-11-11T22:53:09Z,2,Jajajajaja me encanto. Nunca había visto un corto tan bueno.,VECINAS. Cortometraje. LGBT. Lesbico,Eli Navarro,2015-02-26T18:28:53Z,2015,lgtbi
88IUgOvy1ic,@mohammedbouchach4146,2019-11-20T20:43:15Z,0,Ok,VECINAS. Cortometraje. LGBT. Lesbico,Eli Navarro,2015-02-26T18:28:53Z,2015,lgtbi
88IUgOvy1ic,@gabrielagomez7222,2019-07-22T19:30:51Z,4,Soy de argentina tendrian que hacer una serie aca tambien 😆😆😆😆😆 quiero una noviaaaaaaaa,VECINAS. Cortometraje. LGBT. Lesbico,Eli Navarro,2015-02-26T18:28:53Z,2015,lgtbi
88IUgOvy1ic,@Catbluetv,2019-10-07T12:34:47Z,0,Super bien,VECINAS. Cortometraje. LGBT. Lesbico,Eli Navarro,2015-02-26T18:28:53Z,2015,lgtbi
88IUgOvy1ic,@paulajauck7695,2017-11-18T16:29:47Z,8,Yo tambien quiero lo de la lengua!! Jajjaa,VECINAS. Cortometraje. LGBT. Lesbico,Eli Navarro,2015-02-26T18:28:53Z,2015,lgtbi
88IUgOvy1ic,@lilianabracci2497,2020-05-26T03:05:40Z,0,Muy bueno,VECINAS. Cortometraje. LGBT. Lesbico,Eli Navarro,2015-02-26T18:28:53Z,2015,lgtbi
88IUgOvy1ic,@suicideroom5116,2019-10-26T06:01:04Z,2,Soy la unica que se enamoro asi maaal de gloria ≧ω≦,VECINAS. Cortometraje. LGBT. Lesbico,Eli Navarro,2015-02-26T18:28:53Z,2015,lgtbi
88IUgOvy1ic,@nitopapuki9023,2019-10-02T18:12:27Z,0,9,VECINAS. Cortometraje. LGBT. Lesbico,Eli Navarro,2015-02-26T18:28:53Z,2015,lgtbi
88IUgOvy1ic,@mistytarot360,2018-10-03T02:42:11Z,9,Somos tocayas 😂😂,VECINAS. Cortometraje. LGBT. Lesbico,Eli Navarro,2015-02-26T18:28:53Z,2015,lgtbi
88IUgOvy1ic,@albertopasero6797,2016-01-09T02:56:55Z,2,excelente muy buen guion te felicito desde Venezuela.,VECINAS. Cortometraje. LGBT. Lesbico,Eli Navarro,2015-02-26T18:28:53Z,2015,lgtbi
88IUgOvy1ic,@solcaceres9824,2016-12-07T06:16:27Z,7,quisiera conocer a chicas tan bellas como las españolas 😊😊😍,VECINAS. Cortometraje. LGBT. Lesbico,Eli Navarro,2015-02-26T18:28:53Z,2015,lgtbi
88IUgOvy1ic,@letiorrego5895,2017-04-05T16:38:39Z,0,Geniallll😂😂👌👌👌👌,VECINAS. Cortometraje. LGBT. Lesbico,Eli Navarro,2015-02-26T18:28:53Z,2015,lgtbi
88IUgOvy1ic,@kanastz,2015-05-03T23:33:09Z,4,JAJAJAJAJAJA esta súper genial!,VECINAS. Cortometraje. LGBT. Lesbico,Eli Navarro,2015-02-26T18:28:53Z,2015,lgtbi
88IUgOvy1ic,@juzmanyespeleta2715,2017-12-04T02:16:13Z,0,"JajAja, si está chistosa el cortometraje",VECINAS. Cortometraje. LGBT. Lesbico,Eli Navarro,2015-02-26T18:28:53Z,2015,lgtbi
88IUgOvy1ic,@rebecalandes5822,2017-04-21T00:15:20Z,5,para cuando la segunda parte?,VECINAS. Cortometraje. LGBT. Lesbico,Eli Navarro,2015-02-26T18:28:53Z,2015,lgtbi
88IUgOvy1ic,@Amyal1998,2019-01-30T09:35:57Z,2,"Definitivamente hermoso, me encanto gloria 😍, excelente trabajo. Felicidades.",VECINAS. Cortometraje. LGBT. Lesbico,Eli Navarro,2015-02-26T18:28:53Z,2015,lgtbi
88IUgOvy1ic,@isaacocampo1145,2019-04-10T22:58:42Z,3,así me imagino a tres vecinas que tengo,VECINAS. Cortometraje. LGBT. Lesbico,Eli Navarro,2015-02-26T18:28:53Z,2015,lgtbi
88IUgOvy1ic,@violetaaldana6387,2021-02-25T00:09:45Z,1,Merece la segunda parte hasta una serie completa,VECINAS. Cortometraje. LGBT. Lesbico,Eli Navarro,2015-02-26T18:28:53Z,2015,lgtbi
88IUgOvy1ic,@gabrielarios8629,2016-10-29T02:12:10Z,3,Noooooooooooooooooooooooo     qué final tan mas trucado! Vamos venga! que lo bueno se pondría después de todos los intercambios!!!,VECINAS. Cortometraje. LGBT. Lesbico,Eli Navarro,2015-02-26T18:28:53Z,2015,lgtbi
88IUgOvy1ic,@lauravanilla7795,2020-03-19T19:55:48Z,0,Jajajajajajajaja me encanta!!!!!,VECINAS. Cortometraje. LGBT. Lesbico,Eli Navarro,2015-02-26T18:28:53Z,2015,lgtbi
88IUgOvy1ic,@JackAhn-eul,2015-05-11T22:00:17Z,6,Hahahah muy gracioso,VECINAS. Cortometraje. LGBT. Lesbico,Eli Navarro,2015-02-26T18:28:53Z,2015,lgtbi
88IUgOvy1ic,@trevornieuenkerk8953,2019-11-10T19:03:54Z,0,"Liba


Girl making out",VECINAS. Cortometraje. LGBT. Lesbico,Eli Navarro,2015-02-26T18:28:53Z,2015,lgtbi
88IUgOvy1ic,@fernandacarrillo9300,2020-01-01T17:25:20Z,46,Luke si quieres que Diosito te perdone 🙏🙏🙏🙏,VECINAS. Cortometraje. LGBT. Lesbico,Eli Navarro,2015-02-26T18:28:53Z,2015,lgtbi
88IUgOvy1ic,@aslhyalcantara7292,2019-03-07T05:35:22Z,2,Jajaja me encantó esa pelis 😍😍,VECINAS. Cortometraje. LGBT. Lesbico,Eli Navarro,2015-02-26T18:28:53Z,2015,lgtbi
88IUgOvy1ic,@candelagiselle,2019-06-30T05:51:15Z,7,Lo de usar el termino 'pareja' es posta😂😂😂 es muy comun si son parte del colectivo lgbt,VECINAS. Cortometraje. LGBT. Lesbico,Eli Navarro,2015-02-26T18:28:53Z,2015,lgtbi
88IUgOvy1ic,@yainatrujillo7642,2020-11-06T05:25:24Z,0,Muy bueno,VECINAS. Cortometraje. LGBT. Lesbico,Eli Navarro,2015-02-26T18:28:53Z,2015,lgtbi
88IUgOvy1ic,@acuarionm1313,2015-03-24T15:19:02Z,34,"La verdad es que no me ha gustado el corto, no por las actrices sino por el guion, pienso que no da una buena imagen a nuestro colectivo, estoy cansada de que la gente piense que por ser lesbiana o gay lo único que hacemos son hacer orgias, tríos o tentarías del estilo…yo llevo casi 5 años con mi novia y nunca se me ha pasado por la cabeza hacer nada de lo que se ve en el corto. Tampoco entiendo lo que quieres expresar con el corto…",VECINAS. Cortometraje. LGBT. Lesbico,Eli Navarro,2015-02-26T18:28:53Z,2015,lgtbi
88IUgOvy1ic,@aipidneresrelyt8759,2017-11-10T20:59:34Z,0,yo leí un fic camren de esto hace un año. No puedo creer que este basado en esto!!! <3,VECINAS. Cortometraje. LGBT. Lesbico,Eli Navarro,2015-02-26T18:28:53Z,2015,lgtbi
88IUgOvy1ic,@yovanasialerzapata387,2024-01-20T14:45:26Z,2,❤❤❤pero deben lanzar machas películas lesvica me encanta 😅😅😅,VECINAS. Cortometraje. LGBT. Lesbico,Eli Navarro,2015-02-26T18:28:53Z,2015,lgtbi
88IUgOvy1ic,@AlexLopez-sr3yh,2018-11-26T03:38:17Z,0,Me gusto 🙈,VECINAS. Cortometraje. LGBT. Lesbico,Eli Navarro,2015-02-26T18:28:53Z,2015,lgtbi
88IUgOvy1ic,@smartbug1,2018-11-12T01:38:02Z,7,I ship Paula and Gloria,VECINAS. Cortometraje. LGBT. Lesbico,Eli Navarro,2015-02-26T18:28:53Z,2015,lgtbi
88IUgOvy1ic,@resines111111,2015-11-12T12:17:35Z,0,"Quiero hacer un guión para un cortometraje que es dramático y metafórico.¿Puedo hacerlo sin nada de diálogo ,describiendo muy poco los personajes?.¿Tengo que poner el estílo de música que lleva?....",VECINAS. Cortometraje. LGBT. Lesbico,Eli Navarro,2015-02-26T18:28:53Z,2015,lgtbi
88IUgOvy1ic,@karenrobayo5238,2018-10-13T22:05:32Z,4,Jajaja a quien le gustaría probar un poliamor ??,VECINAS. Cortometraje. LGBT. Lesbico,Eli Navarro,2015-02-26T18:28:53Z,2015,lgtbi
88IUgOvy1ic,@leydizhita4,2015-05-10T23:42:40Z,2,Me encanto !!,VECINAS. Cortometraje. LGBT. Lesbico,Eli Navarro,2015-02-26T18:28:53Z,2015,lgtbi
88IUgOvy1ic,@lianbelentorasso941,2015-06-26T03:44:08Z,8,Oh.. yuri :$$,VECINAS. Cortometraje. LGBT. Lesbico,Eli Navarro,2015-02-26T18:28:53Z,2015,lgtbi
88IUgOvy1ic,@orlandopalma1711,2020-05-13T06:30:42Z,0,Excelente,VECINAS. Cortometraje. LGBT. Lesbico,Eli Navarro,2015-02-26T18:28:53Z,2015,lgtbi
88IUgOvy1ic,@esmeralda_hayase6572,2022-01-15T01:26:12Z,27,No entendi xd,VECINAS. Cortometraje. LGBT. Lesbico,Eli Navarro,2015-02-26T18:28:53Z,2015,lgtbi
88IUgOvy1ic,@mexicanadeuranio6412,2016-02-08T22:06:29Z,1,jaja muy buena,VECINAS. Cortometraje. LGBT. Lesbico,Eli Navarro,2015-02-26T18:28:53Z,2015,lgtbi
88IUgOvy1ic,@AntonioOrellano,2023-12-22T06:32:52Z,3,Gloria . Es la cantante puede ser. O me equivoco .,VECINAS. Cortometraje. LGBT. Lesbico,Eli Navarro,2015-02-26T18:28:53Z,2015,lgtbi
88IUgOvy1ic,@zaraerazo9538,2019-08-20T19:06:49Z,0,Me encanta,VECINAS. Cortometraje. LGBT. Lesbico,Eli Navarro,2015-02-26T18:28:53Z,2015,lgtbi
88IUgOvy1ic,@victofab,2019-07-10T23:25:57Z,3,JAJAJAJA omg!,VECINAS. Cortometraje. LGBT. Lesbico,Eli Navarro,2015-02-26T18:28:53Z,2015,lgtbi
88IUgOvy1ic,@luzmarinadelgadofalcon1749,2019-08-02T02:07:07Z,1,wuaooo,VECINAS. Cortometraje. LGBT. Lesbico,Eli Navarro,2015-02-26T18:28:53Z,2015,lgtbi
88IUgOvy1ic,@noeliasanchez3879,2015-07-15T13:51:15Z,12,"Como siempre, terminamos las lesbianas como promiscuas. Yo no soy así. No meIdentifico. No hagáis una serie de esto, seria de vergüenza.",VECINAS. Cortometraje. LGBT. Lesbico,Eli Navarro,2015-02-26T18:28:53Z,2015,lgtbi
88IUgOvy1ic,@yusmaryrivas8587,2020-06-05T03:59:29Z,0,Hola buenas noches así me gusta la película,VECINAS. Cortometraje. LGBT. Lesbico,Eli Navarro,2015-02-26T18:28:53Z,2015,lgtbi
88IUgOvy1ic,@marcoshertelnegociosyfinan5449,2021-07-19T21:54:39Z,6,"Si seria mujer , seria re lesbiana mal. 😂😂😂",VECINAS. Cortometraje. LGBT. Lesbico,Eli Navarro,2015-02-26T18:28:53Z,2015,lgtbi
88IUgOvy1ic,@amaliacolorado6134,2021-02-14T11:58:16Z,1,Jajaja me encantó buenísimo suele suceder 😜,VECINAS. Cortometraje. LGBT. Lesbico,Eli Navarro,2015-02-26T18:28:53Z,2015,lgtbi
88IUgOvy1ic,@jverde5249,2015-05-20T22:58:16Z,3,Jajaja,VECINAS. Cortometraje. LGBT. Lesbico,Eli Navarro,2015-02-26T18:28:53Z,2015,lgtbi
88IUgOvy1ic,@puntosolopunto,2019-11-14T21:29:28Z,2,"Soy un tío, heterosexual para más señas, y me ha encantado el corto!!
Y no tanto por el morbo,,pero es que las actuaciones han sido geniales!!",VECINAS. Cortometraje. LGBT. Lesbico,Eli Navarro,2015-02-26T18:28:53Z,2015,lgtbi
88IUgOvy1ic,@karicampos7532,2017-09-12T05:21:09Z,0,Me a encantado Pau 😍,VECINAS. Cortometraje. LGBT. Lesbico,Eli Navarro,2015-02-26T18:28:53Z,2015,lgtbi
88IUgOvy1ic,@alejandralabra4734,2020-09-02T03:38:51Z,1,Me encanto muy bueno corto pero bueno,VECINAS. Cortometraje. LGBT. Lesbico,Eli Navarro,2015-02-26T18:28:53Z,2015,lgtbi
88IUgOvy1ic,@carlosprada7513,2021-11-15T22:52:03Z,1,"Super la historia, que rico.",VECINAS. Cortometraje. LGBT. Lesbico,Eli Navarro,2015-02-26T18:28:53Z,2015,lgtbi
88IUgOvy1ic,@mariavictoriaboullon3896,2020-05-10T01:14:41Z,0,me encanto! aunque no he compartido a mis parejas con otras. seria guay!,VECINAS. Cortometraje. LGBT. Lesbico,Eli Navarro,2015-02-26T18:28:53Z,2015,lgtbi
88IUgOvy1ic,@miriamlopezoficial519,2018-06-26T19:09:57Z,1,Qué bueno 😊,VECINAS. Cortometraje. LGBT. Lesbico,Eli Navarro,2015-02-26T18:28:53Z,2015,lgtbi
88IUgOvy1ic,@faustinasilvestretolentino239,2022-06-09T18:28:01Z,0,👏,VECINAS. Cortometraje. LGBT. Lesbico,Eli Navarro,2015-02-26T18:28:53Z,2015,lgtbi
88IUgOvy1ic,@bashirbhai7226,2019-07-19T13:21:25Z,0,تین.نمبر,VECINAS. Cortometraje. LGBT. Lesbico,Eli Navarro,2015-02-26T18:28:53Z,2015,lgtbi
88IUgOvy1ic,@pablodario3523,2019-10-07T04:00:47Z,1,Fua que lindo algún papelito para mi ?,VECINAS. Cortometraje. LGBT. Lesbico,Eli Navarro,2015-02-26T18:28:53Z,2015,lgtbi
88IUgOvy1ic,@manfredoernestopuschmann6953,2021-10-31T20:39:53Z,0,❤,VECINAS. Cortometraje. LGBT. Lesbico,Eli Navarro,2015-02-26T18:28:53Z,2015,lgtbi
88IUgOvy1ic,@misschanandlerbong9,2015-09-06T01:31:27Z,1,Me enamoré de Gloria <3,VECINAS. Cortometraje. LGBT. Lesbico,Eli Navarro,2015-02-26T18:28:53Z,2015,lgtbi
88IUgOvy1ic,@mpadlegok5482,2020-03-23T15:51:48Z,0,Kirimin yang Hot jangan yang semi,VECINAS. Cortometraje. LGBT. Lesbico,Eli Navarro,2015-02-26T18:28:53Z,2015,lgtbi
88IUgOvy1ic,@veronicavargas9543,2019-09-12T21:07:33Z,0,Me a encantado un nundo e reido con gusto,VECINAS. Cortometraje. LGBT. Lesbico,Eli Navarro,2015-02-26T18:28:53Z,2015,lgtbi
88IUgOvy1ic,@maincrav4812,2020-03-23T20:28:55Z,0,Dejaron el departamento abiertoooo XDXDXD,VECINAS. Cortometraje. LGBT. Lesbico,Eli Navarro,2015-02-26T18:28:53Z,2015,lgtbi
88IUgOvy1ic,@mariafernandacamachovargas6143,2019-07-09T03:56:07Z,2,JAJAJAJAJAJAJA JAJAJAJA que gran final!,VECINAS. Cortometraje. LGBT. Lesbico,Eli Navarro,2015-02-26T18:28:53Z,2015,lgtbi
88IUgOvy1ic,@AmeliaEscrivaSanz-yt7ow,2024-08-15T22:13:43Z,0,"Es buenísimo, me reído un montón, sois espectaculares chicas.",VECINAS. Cortometraje. LGBT. Lesbico,Eli Navarro,2015-02-26T18:28:53Z,2015,lgtbi
88IUgOvy1ic,@vikatalero8878,2017-05-14T02:34:39Z,1,me vuelvo a morir de la risaaaa,VECINAS. Cortometraje. LGBT. Lesbico,Eli Navarro,2015-02-26T18:28:53Z,2015,lgtbi
88IUgOvy1ic,@alejizoviedo3749,2019-08-28T00:09:08Z,0,K lindad estad bbs,VECINAS. Cortometraje. LGBT. Lesbico,Eli Navarro,2015-02-26T18:28:53Z,2015,lgtbi
88IUgOvy1ic,@saraahmadi9118,2019-09-24T21:12:25Z,1,👭💑😍💋,VECINAS. Cortometraje. LGBT. Lesbico,Eli Navarro,2015-02-26T18:28:53Z,2015,lgtbi
88IUgOvy1ic,@marisolbriones89,2015-05-24T04:06:16Z,1,"Me encanto sin duda alguna, eres buena en esto ",VECINAS. Cortometraje. LGBT. Lesbico,Eli Navarro,2015-02-26T18:28:53Z,2015,lgtbi
88IUgOvy1ic,@mdls2735,2019-05-02T17:33:23Z,2,😂😂😂 estuvo chistoso xD,VECINAS. Cortometraje. LGBT. Lesbico,Eli Navarro,2015-02-26T18:28:53Z,2015,lgtbi
88IUgOvy1ic,@kkaretbusta516,2020-03-02T07:32:19Z,0,Genial,VECINAS. Cortometraje. LGBT. Lesbico,Eli Navarro,2015-02-26T18:28:53Z,2015,lgtbi
88IUgOvy1ic,@emanuelrock0667,2021-09-13T18:51:22Z,0,"Cada vez que escucho a una española hablar, me enamoro y me caliento. Tienen una voz muy particular. 😍",VECINAS. Cortometraje. LGBT. Lesbico,Eli Navarro,2015-02-26T18:28:53Z,2015,lgtbi
88IUgOvy1ic,@Rehifel,2020-11-27T19:34:49Z,1,me encanto,VECINAS. Cortometraje. LGBT. Lesbico,Eli Navarro,2015-02-26T18:28:53Z,2015,lgtbi
88IUgOvy1ic,@tonyrobels5929,2020-11-12T00:54:59Z,1,Muy bueno,VECINAS. Cortometraje. LGBT. Lesbico,Eli Navarro,2015-02-26T18:28:53Z,2015,lgtbi
88IUgOvy1ic,@cynthiafermin3987,2022-06-30T22:18:46Z,0,Muy buena,VECINAS. Cortometraje. LGBT. Lesbico,Eli Navarro,2015-02-26T18:28:53Z,2015,lgtbi
88IUgOvy1ic,@jackelinebermudez827,2021-02-19T20:54:30Z,0,Jajaja... Buen corto.,VECINAS. Cortometraje. LGBT. Lesbico,Eli Navarro,2015-02-26T18:28:53Z,2015,lgtbi
88IUgOvy1ic,@alejandrovazquez91,2022-03-09T20:10:27Z,0,❤️❤️❤️,VECINAS. Cortometraje. LGBT. Lesbico,Eli Navarro,2015-02-26T18:28:53Z,2015,lgtbi
88IUgOvy1ic,@raulbotero8576,2022-06-11T01:48:27Z,0,Excelente,VECINAS. Cortometraje. LGBT. Lesbico,Eli Navarro,2015-02-26T18:28:53Z,2015,lgtbi
88IUgOvy1ic,@paolaruiz3923,2019-09-15T04:07:25Z,1,Jajajjaja que papeleta 😂😂,VECINAS. Cortometraje. LGBT. Lesbico,Eli Navarro,2015-02-26T18:28:53Z,2015,lgtbi
88IUgOvy1ic,@arelilopez8300,2019-08-24T06:27:37Z,2,"Esto es de riza, de verdad seria algo medió lo quitó pero no podría a ser un intercambio de pareja por lo menos si la amo no",VECINAS. Cortometraje. LGBT. Lesbico,Eli Navarro,2015-02-26T18:28:53Z,2015,lgtbi
88IUgOvy1ic,@Beatriz-zv6hs,2017-03-15T01:21:45Z,0,Q bueno,VECINAS. Cortometraje. LGBT. Lesbico,Eli Navarro,2015-02-26T18:28:53Z,2015,lgtbi
88IUgOvy1ic,@fabriciosantossilva6785,2021-05-15T19:04:58Z,0,Parabéns      lidas,VECINAS. Cortometraje. LGBT. Lesbico,Eli Navarro,2015-02-26T18:28:53Z,2015,lgtbi
88IUgOvy1ic,@alexandredallagnol8ou80,2021-05-08T03:47:48Z,0,Muy bueno 👏👏👏👏👏😁😁,VECINAS. Cortometraje. LGBT. Lesbico,Eli Navarro,2015-02-26T18:28:53Z,2015,lgtbi
88IUgOvy1ic,@juditlopez6788,2020-02-11T19:09:28Z,0,Gracias por la ayuda la necesito,VECINAS. Cortometraje. LGBT. Lesbico,Eli Navarro,2015-02-26T18:28:53Z,2015,lgtbi
88IUgOvy1ic,@maypg713,2021-02-10T19:32:57Z,0,Buenísimo 🤣🤣🤣,VECINAS. Cortometraje. LGBT. Lesbico,Eli Navarro,2015-02-26T18:28:53Z,2015,lgtbi
88IUgOvy1ic,@fridakalota370,2019-07-12T17:05:51Z,0,aclarando que no todas son así…yo no comporto lo mío,VECINAS. Cortometraje. LGBT. Lesbico,Eli Navarro,2015-02-26T18:28:53Z,2015,lgtbi
88IUgOvy1ic,@mohmmadbaratkat1758,2019-10-05T19:43:53Z,0,بعشق تفاصيلك,VECINAS. Cortometraje. LGBT. Lesbico,Eli Navarro,2015-02-26T18:28:53Z,2015,lgtbi
88IUgOvy1ic,@yilibehtlicea7432,2020-01-01T16:15:40Z,0,Me encantò,VECINAS. Cortometraje. LGBT. Lesbico,Eli Navarro,2015-02-26T18:28:53Z,2015,lgtbi
88IUgOvy1ic,@luisinasayago3065,2019-07-12T03:44:34Z,0,Jajajajaja me encantó,VECINAS. Cortometraje. LGBT. Lesbico,Eli Navarro,2015-02-26T18:28:53Z,2015,lgtbi
88IUgOvy1ic,@gabycehcolly1462,2016-03-01T05:47:46Z,0,No lleno todas mis eso expectativas 7.7,VECINAS. Cortometraje. LGBT. Lesbico,Eli Navarro,2015-02-26T18:28:53Z,2015,lgtbi
88IUgOvy1ic,@Msnobodyart,2016-05-08T04:57:35Z,0,Jajajajajajjaja Muy bueno,VECINAS. Cortometraje. LGBT. Lesbico,Eli Navarro,2015-02-26T18:28:53Z,2015,lgtbi
88IUgOvy1ic,@mahendrapanchal3400,2019-09-28T06:10:39Z,0,Nice,VECINAS. Cortometraje. LGBT. Lesbico,Eli Navarro,2015-02-26T18:28:53Z,2015,lgtbi
88IUgOvy1ic,@abramnismende6772,2019-10-11T02:31:37Z,0,Bueno,VECINAS. Cortometraje. LGBT. Lesbico,Eli Navarro,2015-02-26T18:28:53Z,2015,lgtbi
88IUgOvy1ic,@fandomcamdreaa1197,2021-09-29T21:42:45Z,0,Queremos mas de vecinas en especial de paula y gloria porfa 🙏🏻😉,VECINAS. Cortometraje. LGBT. Lesbico,Eli Navarro,2015-02-26T18:28:53Z,2015,lgtbi
88IUgOvy1ic,@fathifathi9665,2019-09-02T15:42:52Z,0,Nice,VECINAS. Cortometraje. LGBT. Lesbico,Eli Navarro,2015-02-26T18:28:53Z,2015,lgtbi
88IUgOvy1ic,@AbcDef-lm8tj,2019-10-03T18:52:16Z,0,Anas,VECINAS. Cortometraje. LGBT. Lesbico,Eli Navarro,2015-02-26T18:28:53Z,2015,lgtbi
88IUgOvy1ic,@lizbethhernandez2308,2019-12-07T16:48:52Z,0,"Gloria y Pau, si como no con mucho gusto. 😍😋💕",VECINAS. Cortometraje. LGBT. Lesbico,Eli Navarro,2015-02-26T18:28:53Z,2015,lgtbi
88IUgOvy1ic,@arrow236,2020-01-18T06:50:35Z,0,Che meraviglia mmm,VECINAS. Cortometraje. LGBT. Lesbico,Eli Navarro,2015-02-26T18:28:53Z,2015,lgtbi
88IUgOvy1ic,@alaymvasquez6559,2020-02-07T22:08:21Z,0,Yo amo la voces esas,VECINAS. Cortometraje. LGBT. Lesbico,Eli Navarro,2015-02-26T18:28:53Z,2015,lgtbi
88IUgOvy1ic,@vanessamiranda2047,2016-04-25T01:43:25Z,0,tremendo corto mavilloso,VECINAS. Cortometraje. LGBT. Lesbico,Eli Navarro,2015-02-26T18:28:53Z,2015,lgtbi
88IUgOvy1ic,@isabellariquelme3169,2020-04-17T03:12:07Z,0,No entendí ni mierda pero estuvo bueno 😂😂,VECINAS. Cortometraje. LGBT. Lesbico,Eli Navarro,2015-02-26T18:28:53Z,2015,lgtbi
88IUgOvy1ic,@eloisamorales8984,2019-06-17T13:58:40Z,1,Ja ja ja que bueno la verdad que ahora me a encantado y me e reído mucho pero vecinas así yo quiero,VECINAS. Cortometraje. LGBT. Lesbico,Eli Navarro,2015-02-26T18:28:53Z,2015,lgtbi
88IUgOvy1ic,@noeliab.6767,2019-08-17T18:49:10Z,2,con lo que me encantan  las españolas me derrito escucharlas hablar.,VECINAS. Cortometraje. LGBT. Lesbico,Eli Navarro,2015-02-26T18:28:53Z,2015,lgtbi
88IUgOvy1ic,@orlandom.r1649,2020-04-27T16:30:11Z,0,Espectacular Historia del Libro para escuchar en la Intimidad. Recomendado para todas las mujeres en Audible. Espectacular historia del libro para escuchar en la intimidad. Recomendado para todas las mujeres en Audible. @t,VECINAS. Cortometraje. LGBT. Lesbico,Eli Navarro,2015-02-26T18:28:53Z,2015,lgtbi
88IUgOvy1ic,@lacolocha5036,2021-06-14T03:01:52Z,0,Me muero!😂😂😂 todo un rollo.,VECINAS. Cortometraje. LGBT. Lesbico,Eli Navarro,2015-02-26T18:28:53Z,2015,lgtbi
88IUgOvy1ic,@dorisarias1191,2019-07-08T02:32:56Z,2,QUE ESPAÑOLAS TAN BONITAS😊,VECINAS. Cortometraje. LGBT. Lesbico,Eli Navarro,2015-02-26T18:28:53Z,2015,lgtbi
88IUgOvy1ic,@naymarrangel6609,2020-02-24T22:33:37Z,0,"conchale mi pana, super bueno jajaja",VECINAS. Cortometraje. LGBT. Lesbico,Eli Navarro,2015-02-26T18:28:53Z,2015,lgtbi
88IUgOvy1ic,@ncea08,2020-07-09T02:16:09Z,0,Jaja el final,VECINAS. Cortometraje. LGBT. Lesbico,Eli Navarro,2015-02-26T18:28:53Z,2015,lgtbi
88IUgOvy1ic,@donrealcastillo6225,2021-08-25T07:29:30Z,0,Mis respetos Para El Elenco y Todos Los Que Hicieron Este Cortometraje,VECINAS. Cortometraje. LGBT. Lesbico,Eli Navarro,2015-02-26T18:28:53Z,2015,lgtbi
88IUgOvy1ic,@vikatalero8878,2019-07-08T18:36:07Z,1,Wajajajaja no me canso de verla jajaja,VECINAS. Cortometraje. LGBT. Lesbico,Eli Navarro,2015-02-26T18:28:53Z,2015,lgtbi
88IUgOvy1ic,@Catandtuga73,2019-10-20T18:30:58Z,0,Queremos serie.,VECINAS. Cortometraje. LGBT. Lesbico,Eli Navarro,2015-02-26T18:28:53Z,2015,lgtbi
88IUgOvy1ic,@desmasalas4381,2015-06-18T21:46:45Z,1,"Jajajaja enserio q muchas felicidades estuvo buenisimo y ojala q acá en México se hicieran mas de estos cortos ya q pinches machistas yo creo q es x eso, pero esta de poca enserio muy bien  ",VECINAS. Cortometraje. LGBT. Lesbico,Eli Navarro,2015-02-26T18:28:53Z,2015,lgtbi
88IUgOvy1ic,@ramontamarezperez3768,2019-08-01T23:48:43Z,0,Un,VECINAS. Cortometraje. LGBT. Lesbico,Eli Navarro,2015-02-26T18:28:53Z,2015,lgtbi
88IUgOvy1ic,@rockydavis94,2024-02-06T21:49:14Z,0,So do they end up back the way they were?,VECINAS. Cortometraje. LGBT. Lesbico,Eli Navarro,2015-02-26T18:28:53Z,2015,lgtbi
88IUgOvy1ic,@peprchato3947,2020-04-02T13:43:28Z,0,El,VECINAS. Cortometraje. LGBT. Lesbico,Eli Navarro,2015-02-26T18:28:53Z,2015,lgtbi
88IUgOvy1ic,@yovanasialerzapata387,2024-01-20T14:53:49Z,0,Muy buena pero corto  así no es x fa más larga la istoria😂😂😂,VECINAS. Cortometraje. LGBT. Lesbico,Eli Navarro,2015-02-26T18:28:53Z,2015,lgtbi
88IUgOvy1ic,@MsFiorella1990,2019-07-23T16:07:38Z,1,Me gustó,VECINAS. Cortometraje. LGBT. Lesbico,Eli Navarro,2015-02-26T18:28:53Z,2015,lgtbi
88IUgOvy1ic,@matiasballesterosdiaz2094,2019-12-04T05:34:12Z,0,Vamos,VECINAS. Cortometraje. LGBT. Lesbico,Eli Navarro,2015-02-26T18:28:53Z,2015,lgtbi
88IUgOvy1ic,@Ryo-Kunj,2019-04-12T01:53:21Z,0,😂😂😍😍,VECINAS. Cortometraje. LGBT. Lesbico,Eli Navarro,2015-02-26T18:28:53Z,2015,lgtbi
88IUgOvy1ic,@fabiolavargas1664,2019-07-07T21:28:12Z,0,JAJAJ LO AMÉ 😂😂,VECINAS. Cortometraje. LGBT. Lesbico,Eli Navarro,2015-02-26T18:28:53Z,2015,lgtbi
88IUgOvy1ic,@swaggapy1342,2020-09-07T20:14:48Z,0,Si  estuvo muy bueno,VECINAS. Cortometraje. LGBT. Lesbico,Eli Navarro,2015-02-26T18:28:53Z,2015,lgtbi
88IUgOvy1ic,@deliaroblesaraya9149,2020-08-28T07:40:29Z,1,Me encanto💋🖐️❤️,VECINAS. Cortometraje. LGBT. Lesbico,Eli Navarro,2015-02-26T18:28:53Z,2015,lgtbi
88IUgOvy1ic,@milynm27,2020-02-03T00:45:43Z,1,Genial,VECINAS. Cortometraje. LGBT. Lesbico,Eli Navarro,2015-02-26T18:28:53Z,2015,lgtbi
88IUgOvy1ic,@laitoniniana,2020-02-24T00:14:10Z,0,Jaja muy buena,VECINAS. Cortometraje. LGBT. Lesbico,Eli Navarro,2015-02-26T18:28:53Z,2015,lgtbi
88IUgOvy1ic,@muhammetozum2150,2023-07-24T10:58:26Z,0,❤❤,VECINAS. Cortometraje. LGBT. Lesbico,Eli Navarro,2015-02-26T18:28:53Z,2015,lgtbi
88IUgOvy1ic,@maliyaro9907,2019-08-09T02:32:33Z,0,Q buena,VECINAS. Cortometraje. LGBT. Lesbico,Eli Navarro,2015-02-26T18:28:53Z,2015,lgtbi
88IUgOvy1ic,@flish7087,2019-11-27T21:57:31Z,1,Me encanto gloria😍😍,VECINAS. Cortometraje. LGBT. Lesbico,Eli Navarro,2015-02-26T18:28:53Z,2015,lgtbi
88IUgOvy1ic,@robertovalenzuela7118,2020-02-26T05:57:28Z,0,F,VECINAS. Cortometraje. LGBT. Lesbico,Eli Navarro,2015-02-26T18:28:53Z,2015,lgtbi
88IUgOvy1ic,@ricardoaguilar1720,2019-10-29T01:06:37Z,0,y,VECINAS. Cortometraje. LGBT. Lesbico,Eli Navarro,2015-02-26T18:28:53Z,2015,lgtbi
88IUgOvy1ic,@natacha2057,2016-03-26T14:18:01Z,0,JA JA. ES BUENISÍMA.,VECINAS. Cortometraje. LGBT. Lesbico,Eli Navarro,2015-02-26T18:28:53Z,2015,lgtbi
88IUgOvy1ic,@angelesmorales3538,2021-02-06T16:54:10Z,0,Jajajaja muy bueno,VECINAS. Cortometraje. LGBT. Lesbico,Eli Navarro,2015-02-26T18:28:53Z,2015,lgtbi
88IUgOvy1ic,@mariamuria4264,2015-10-23T19:51:45Z,1,mare k 4 Jajaja,VECINAS. Cortometraje. LGBT. Lesbico,Eli Navarro,2015-02-26T18:28:53Z,2015,lgtbi
88IUgOvy1ic,@irenegarcia8811,2017-10-20T21:53:18Z,0,No entiendo lo del final,VECINAS. Cortometraje. LGBT. Lesbico,Eli Navarro,2015-02-26T18:28:53Z,2015,lgtbi
88IUgOvy1ic,@luzmarinasanchezcalderon2402,2019-11-02T18:16:14Z,0,Que significa bobada,VECINAS. Cortometraje. LGBT. Lesbico,Eli Navarro,2015-02-26T18:28:53Z,2015,lgtbi
88IUgOvy1ic,@martincotrina841,2021-04-12T01:38:42Z,0,⁰,VECINAS. Cortometraje. LGBT. Lesbico,Eli Navarro,2015-02-26T18:28:53Z,2015,lgtbi
88IUgOvy1ic,@kakemetal91,2015-06-22T15:12:42Z,1,Me he echado unas risas con vuestro corto! muy bueno!!!,VECINAS. Cortometraje. LGBT. Lesbico,Eli Navarro,2015-02-26T18:28:53Z,2015,lgtbi
88IUgOvy1ic,@charlie86107,2019-10-06T07:35:20Z,0,Hay carne en barraaaaaaaaaaaaaaaaa !!,VECINAS. Cortometraje. LGBT. Lesbico,Eli Navarro,2015-02-26T18:28:53Z,2015,lgtbi
88IUgOvy1ic,@carmen_mmommy,2016-12-24T12:56:17Z,0,es buenisimo jajjj,VECINAS. Cortometraje. LGBT. Lesbico,Eli Navarro,2015-02-26T18:28:53Z,2015,lgtbi
88IUgOvy1ic,@neha9761,2020-02-20T15:53:49Z,0,I need a lesbian girlfriend,VECINAS. Cortometraje. LGBT. Lesbico,Eli Navarro,2015-02-26T18:28:53Z,2015,lgtbi
88IUgOvy1ic,@alexiaochoa4368,2019-08-31T04:06:31Z,0,Mencanta a ser eso,VECINAS. Cortometraje. LGBT. Lesbico,Eli Navarro,2015-02-26T18:28:53Z,2015,lgtbi
88IUgOvy1ic,@dattashinde5444,2019-10-02T12:02:02Z,0,Buti,VECINAS. Cortometraje. LGBT. Lesbico,Eli Navarro,2015-02-26T18:28:53Z,2015,lgtbi
88IUgOvy1ic,@nataliamayavargas681,2020-08-30T05:55:24Z,0,gloria esta como para casarse es hermosa,VECINAS. Cortometraje. LGBT. Lesbico,Eli Navarro,2015-02-26T18:28:53Z,2015,lgtbi
88IUgOvy1ic,@angelurena10,2017-05-11T18:12:13Z,0,"No Mamen

okno :vvvvvv",VECINAS. Cortometraje. LGBT. Lesbico,Eli Navarro,2015-02-26T18:28:53Z,2015,lgtbi
88IUgOvy1ic,@رضوانالباشا-ت6ق,2019-04-23T19:39:57Z,0,رايد وحده من النصريه بيتي وحدي وتدلل,VECINAS. Cortometraje. LGBT. Lesbico,Eli Navarro,2015-02-26T18:28:53Z,2015,lgtbi
88IUgOvy1ic,@mauriciohiguera3002,2023-10-01T00:06:26Z,0,Es algo lindo,VECINAS. Cortometraje. LGBT. Lesbico,Eli Navarro,2015-02-26T18:28:53Z,2015,lgtbi
88IUgOvy1ic,@noviembrerain9844,2018-06-29T19:12:28Z,1,Super divertidoooooo,VECINAS. Cortometraje. LGBT. Lesbico,Eli Navarro,2015-02-26T18:28:53Z,2015,lgtbi
88IUgOvy1ic,@valeriawright2269,2019-10-27T03:43:55Z,0,Itok,VECINAS. Cortometraje. LGBT. Lesbico,Eli Navarro,2015-02-26T18:28:53Z,2015,lgtbi
88IUgOvy1ic,@lucianalarrivey8289,2019-07-08T16:30:32Z,0,Jajajajaja buenísimo!!,VECINAS. Cortometraje. LGBT. Lesbico,Eli Navarro,2015-02-26T18:28:53Z,2015,lgtbi
88IUgOvy1ic,@shyamkaushal7187,2019-10-10T12:20:09Z,0,I don't understand what type of person,VECINAS. Cortometraje. LGBT. Lesbico,Eli Navarro,2015-02-26T18:28:53Z,2015,lgtbi
88IUgOvy1ic,@imperiafuentes2211,2023-06-07T03:29:59Z,0,8:55 JAJAJAJAJA LAS MIRADILLAS JAJASKAJA,VECINAS. Cortometraje. LGBT. Lesbico,Eli Navarro,2015-02-26T18:28:53Z,2015,lgtbi
88IUgOvy1ic,@yeysifiorella4422,2017-05-25T07:33:07Z,1,hay las españolas😍😍😍❤😝,VECINAS. Cortometraje. LGBT. Lesbico,Eli Navarro,2015-02-26T18:28:53Z,2015,lgtbi
88IUgOvy1ic,@veronicavargas9543,2019-09-12T21:04:42Z,0,Me encanto gloria,VECINAS. Cortometraje. LGBT. Lesbico,Eli Navarro,2015-02-26T18:28:53Z,2015,lgtbi
88IUgOvy1ic,@patyusma1831,2020-06-26T12:03:34Z,1,final disparejo.. bueno me reí  lo suficiente!!  cachos son cachos!!,VECINAS. Cortometraje. LGBT. Lesbico,Eli Navarro,2015-02-26T18:28:53Z,2015,lgtbi
88IUgOvy1ic,@vanessaavalos9656,2020-06-02T03:24:13Z,0,Que CHISTOSAS,VECINAS. Cortometraje. LGBT. Lesbico,Eli Navarro,2015-02-26T18:28:53Z,2015,lgtbi
88IUgOvy1ic,@mvictoriacabelloramirez5055,2020-04-18T21:45:16Z,0,Jaja k.bueno que risasss.,VECINAS. Cortometraje. LGBT. Lesbico,Eli Navarro,2015-02-26T18:28:53Z,2015,lgtbi
88IUgOvy1ic,@julianajaramillo8936,2020-11-10T03:24:12Z,0,Jajajajja super buena me encanto desde. Colombia españolas hermosas,VECINAS. Cortometraje. LGBT. Lesbico,Eli Navarro,2015-02-26T18:28:53Z,2015,lgtbi
88IUgOvy1ic,@claudiostrehar8251,2024-01-24T01:02:35Z,0,Nju,VECINAS. Cortometraje. LGBT. Lesbico,Eli Navarro,2015-02-26T18:28:53Z,2015,lgtbi
88IUgOvy1ic,@LinisGonzalez,2024-09-28T07:03:37Z,0,La amo de verdad ❤️‍🔥,VECINAS. Cortometraje. LGBT. Lesbico,Eli Navarro,2015-02-26T18:28:53Z,2015,lgtbi
88IUgOvy1ic,@josequevedo6978,2020-04-09T23:42:18Z,1,"ME GUSTAN LAS MUJERES, QUE LES GUSTAN LAS MUJERES",VECINAS. Cortometraje. LGBT. Lesbico,Eli Navarro,2015-02-26T18:28:53Z,2015,lgtbi
88IUgOvy1ic,@vanessadesantana9878,2021-05-28T09:22:07Z,0,Se,VECINAS. Cortometraje. LGBT. Lesbico,Eli Navarro,2015-02-26T18:28:53Z,2015,lgtbi
88IUgOvy1ic,@sgirardi3508,2019-06-22T18:40:18Z,1,"Tortilla, bollos, tijeras... Que lesbico todo",VECINAS. Cortometraje. LGBT. Lesbico,Eli Navarro,2015-02-26T18:28:53Z,2015,lgtbi
88IUgOvy1ic,@blahblah3485,2015-09-19T04:40:24Z,0,ahhahaahahahahah,VECINAS. Cortometraje. LGBT. Lesbico,Eli Navarro,2015-02-26T18:28:53Z,2015,lgtbi
88IUgOvy1ic,@aliabas-od3fw,2019-07-07T19:59:31Z,0,عمي الي عندي شنو شغلة يمعودين,VECINAS. Cortometraje. LGBT. Lesbico,Eli Navarro,2015-02-26T18:28:53Z,2015,lgtbi
88IUgOvy1ic,@yuderkaleonardo5051,2020-03-08T19:35:43Z,1,Jajajajaja  esto me a encantado,VECINAS. Cortometraje. LGBT. Lesbico,Eli Navarro,2015-02-26T18:28:53Z,2015,lgtbi
88IUgOvy1ic,@reginaperez7077,2019-07-10T03:56:57Z,1,Jajajaja estubo re' buena :),VECINAS. Cortometraje. LGBT. Lesbico,Eli Navarro,2015-02-26T18:28:53Z,2015,lgtbi
88IUgOvy1ic,@davidfuste3195,2024-04-02T15:37:17Z,0,Megusta muchos dé lesbianas,VECINAS. Cortometraje. LGBT. Lesbico,Eli Navarro,2015-02-26T18:28:53Z,2015,lgtbi
88IUgOvy1ic,@albertozucchi4212,2021-03-25T02:42:23Z,0,"The neat head dfly attach because work mostly wobble without a comfortable conifer. unsuitable, loutish fired",VECINAS. Cortometraje. LGBT. Lesbico,Eli Navarro,2015-02-26T18:28:53Z,2015,lgtbi
88IUgOvy1ic,@carolaandreagaraypalma5763,2021-10-04T17:19:27Z,0,Porque tantos Likes eso no se ase •~•,VECINAS. Cortometraje. LGBT. Lesbico,Eli Navarro,2015-02-26T18:28:53Z,2015,lgtbi
88IUgOvy1ic,@MajoRodriguez-qx5yh,2023-04-09T23:05:37Z,1,Todos pueden estar con quien ellos quieran🏳️‍🌈🏳️‍🌈,VECINAS. Cortometraje. LGBT. Lesbico,Eli Navarro,2015-02-26T18:28:53Z,2015,lgtbi
88IUgOvy1ic,@garagerocktv8214,2019-07-27T01:56:13Z,0,"ps://www.youtube.com/watch?v=Q-zaLTnmeKc&t=46s
Up Lapsus es una banda de Hard rock, quien desde sus inicios en 1979 marcaron en sus canciones una posición en contra de las guerras, la discriminación y su activismo en favor de los derechos de la comunidad LGBTI. Este track forma parte de su álbum “Somos Guerreros” lanzado en  el 2018 y su inspiración nació luego de numerosas conversaciones sostenidas con una pareja de amigas quienes relataban sus estados de frustración  y soledad siendo jóvenes , al punto que para revertir estos momentos solían visitar lugares en busca de amor y comprensión.",VECINAS. Cortometraje. LGBT. Lesbico,Eli Navarro,2015-02-26T18:28:53Z,2015,lgtbi
88IUgOvy1ic,@alfrestark9640,2023-04-05T04:54:31Z,1,Quería ver cómo lo hacían 👀👀,VECINAS. Cortometraje. LGBT. Lesbico,Eli Navarro,2015-02-26T18:28:53Z,2015,lgtbi
88IUgOvy1ic,@aliciaesterlopezrojas6423,2019-10-06T21:41:13Z,0,Jjj,VECINAS. Cortometraje. LGBT. Lesbico,Eli Navarro,2015-02-26T18:28:53Z,2015,lgtbi
88IUgOvy1ic,@mercipaolacasadobatista1005,2019-08-15T00:08:24Z,1,"""gay confusion"" (e)",VECINAS. Cortometraje. LGBT. Lesbico,Eli Navarro,2015-02-26T18:28:53Z,2015,lgtbi
88IUgOvy1ic,@ysabelcastro3001,2021-03-01T09:41:06Z,0,Jajajajajajajjaja no mamen 😂😂😂😂😂😂 me encantó,VECINAS. Cortometraje. LGBT. Lesbico,Eli Navarro,2015-02-26T18:28:53Z,2015,lgtbi
88IUgOvy1ic,@jguz2161,2020-05-08T20:03:50Z,0,Morí de risa no no no está muy bueno.,VECINAS. Cortometraje. LGBT. Lesbico,Eli Navarro,2015-02-26T18:28:53Z,2015,lgtbi
88IUgOvy1ic,@jorgemainguez5940,2020-04-13T22:15:13Z,0,Todas estas chicas q he mirado son muy guapas,VECINAS. Cortometraje. LGBT. Lesbico,Eli Navarro,2015-02-26T18:28:53Z,2015,lgtbi
88IUgOvy1ic,@betyolivaresmiramontes2700,2019-08-14T14:28:31Z,1,Jaja esta bueno 😂😂😂👌,VECINAS. Cortometraje. LGBT. Lesbico,Eli Navarro,2015-02-26T18:28:53Z,2015,lgtbi
88IUgOvy1ic,@connienakahodo5095,2019-10-01T09:51:35Z,0,0m」,VECINAS. Cortometraje. LGBT. Lesbico,Eli Navarro,2015-02-26T18:28:53Z,2015,lgtbi
88IUgOvy1ic,@jennyB89,2019-07-10T01:17:19Z,1,"Si es que lo que viene siendo la fidelidad ya está pasada de moda... lo curioso es que aquí hay comentarios sobre las españolas y yo soy española y si amo a mi pareja no la comparto 🤣 si ella se quiere acostar con otra, ale, que lo disfrute. Pero a mi cama no vuelve 😌",VECINAS. Cortometraje. LGBT. Lesbico,Eli Navarro,2015-02-26T18:28:53Z,2015,lgtbi
88IUgOvy1ic,@silviatorres4752,2015-03-21T19:13:20Z,1,"Eli Navarro, aparece en escena, en el bar, ella se parece mucho a una youtuber 
que ahora mismo no recuerdo su nombre, pero de hecho hace sus videos con su ´
''pareja'' ... se parece bastante",VECINAS. Cortometraje. LGBT. Lesbico,Eli Navarro,2015-02-26T18:28:53Z,2015,lgtbi
88IUgOvy1ic,@lunaragarces7188,2015-05-15T04:09:03Z,0,haha me gusto mucho me termine riendo como burra al final XD,VECINAS. Cortometraje. LGBT. Lesbico,Eli Navarro,2015-02-26T18:28:53Z,2015,lgtbi
88IUgOvy1ic,@anniekjc,2019-07-13T10:26:20Z,1,Jajaja me parto de la risaaaa,VECINAS. Cortometraje. LGBT. Lesbico,Eli Navarro,2015-02-26T18:28:53Z,2015,lgtbi
88IUgOvy1ic,@nicoceleita1564,2018-01-10T06:39:03Z,0,La que no quería fue a la que más le gustó,VECINAS. Cortometraje. LGBT. Lesbico,Eli Navarro,2015-02-26T18:28:53Z,2015,lgtbi
88IUgOvy1ic,@katywilliams3027,2019-12-02T22:28:24Z,2,Jajajaja el final muy épico 😂😂,VECINAS. Cortometraje. LGBT. Lesbico,Eli Navarro,2015-02-26T18:28:53Z,2015,lgtbi
88IUgOvy1ic,@CSeunngmin,2016-01-12T07:17:57Z,1,Una más parrrtible que la otra!!!! :P,VECINAS. Cortometraje. LGBT. Lesbico,Eli Navarro,2015-02-26T18:28:53Z,2015,lgtbi
88IUgOvy1ic,@rt-je6lo,2020-04-15T04:49:21Z,1,HOLA ESTOY CALIENTE ALGUNA CHICA QUE ME ESCRIBA PLIS PERO SOLO POR ACA ESTOY RE EXCITADA PLIS,VECINAS. Cortometraje. LGBT. Lesbico,Eli Navarro,2015-02-26T18:28:53Z,2015,lgtbi
88IUgOvy1ic,@wawa8687,2017-05-07T08:02:57Z,0,super!!!!!!! 😂😂😂😂😋😋😋😄😄😄,VECINAS. Cortometraje. LGBT. Lesbico,Eli Navarro,2015-02-26T18:28:53Z,2015,lgtbi
88IUgOvy1ic,@albertcebriariu4469,2021-03-08T18:54:00Z,0,muy satirico,VECINAS. Cortometraje. LGBT. Lesbico,Eli Navarro,2015-02-26T18:28:53Z,2015,lgtbi
88IUgOvy1ic,@plenasanhess3599,2019-07-13T03:53:46Z,1,Jajajajajaja muy buena,VECINAS. Cortometraje. LGBT. Lesbico,Eli Navarro,2015-02-26T18:28:53Z,2015,lgtbi
88IUgOvy1ic,@kajolytae3168,2019-08-19T20:48:42Z,1,Que continúe me encanta la última variable👉👈😅,VECINAS. Cortometraje. LGBT. Lesbico,Eli Navarro,2015-02-26T18:28:53Z,2015,lgtbi
88IUgOvy1ic,@vanesajuanlucas5601,2020-01-24T00:01:13Z,0,Que fiesta,VECINAS. Cortometraje. LGBT. Lesbico,Eli Navarro,2015-02-26T18:28:53Z,2015,lgtbi
88IUgOvy1ic,@marcelitaabueno8107,2019-11-07T04:46:34Z,1,Yo tanpoco conparto pero esta linda ella bb hermosa,VECINAS. Cortometraje. LGBT. Lesbico,Eli Navarro,2015-02-26T18:28:53Z,2015,lgtbi
88IUgOvy1ic,@trinidadgonzalez1365,2019-07-29T04:48:41Z,1,La isla por,VECINAS. Cortometraje. LGBT. Lesbico,Eli Navarro,2015-02-26T18:28:53Z,2015,lgtbi
88IUgOvy1ic,@raulmenendez8876,2019-10-06T02:35:12Z,0,Los Angeles lloran,VECINAS. Cortometraje. LGBT. Lesbico,Eli Navarro,2015-02-26T18:28:53Z,2015,lgtbi
88IUgOvy1ic,@soltanmohamed4430,2019-09-26T22:51:12Z,0,.,VECINAS. Cortometraje. LGBT. Lesbico,Eli Navarro,2015-02-26T18:28:53Z,2015,lgtbi
88IUgOvy1ic,@luzmarinadelgadofalcon1749,2019-09-02T01:42:55Z,1,yo soy española,VECINAS. Cortometraje. LGBT. Lesbico,Eli Navarro,2015-02-26T18:28:53Z,2015,lgtbi
88IUgOvy1ic,@fannyyormeririvera1407,2019-12-23T01:13:42Z,2,Muaaa😘😙😜😛,VECINAS. Cortometraje. LGBT. Lesbico,Eli Navarro,2015-02-26T18:28:53Z,2015,lgtbi
88IUgOvy1ic,@OscarGuillengalan,2024-06-29T04:37:25Z,0,M encanto yo estuve kn un vecino 2 años y ahora soltero,VECINAS. Cortometraje. LGBT. Lesbico,Eli Navarro,2015-02-26T18:28:53Z,2015,lgtbi
88IUgOvy1ic,@joeljardin6760,2019-10-25T05:12:38Z,0,Joelle,VECINAS. Cortometraje. LGBT. Lesbico,Eli Navarro,2015-02-26T18:28:53Z,2015,lgtbi
88IUgOvy1ic,@vikatalero8878,2017-05-14T02:28:11Z,0,jajaja muerooooo de risaaaa jajajaja,VECINAS. Cortometraje. LGBT. Lesbico,Eli Navarro,2015-02-26T18:28:53Z,2015,lgtbi
88IUgOvy1ic,@Envidesfisoeta,2015-11-26T00:36:20Z,0,Jajajajaja---,VECINAS. Cortometraje. LGBT. Lesbico,Eli Navarro,2015-02-26T18:28:53Z,2015,lgtbi
88IUgOvy1ic,@marthazaldivar9913,2023-07-12T03:26:22Z,0,Jjjj q bien. Jjj,VECINAS. Cortometraje. LGBT. Lesbico,Eli Navarro,2015-02-26T18:28:53Z,2015,lgtbi
88IUgOvy1ic,@gurgenghazaryan2344,2022-06-24T08:55:53Z,0,33d e,VECINAS. Cortometraje. LGBT. Lesbico,Eli Navarro,2015-02-26T18:28:53Z,2015,lgtbi
88IUgOvy1ic,@MsEdju,2015-08-22T00:57:10Z,2,excelente.... me encanto un monton,VECINAS. Cortometraje. LGBT. Lesbico,Eli Navarro,2015-02-26T18:28:53Z,2015,lgtbi
88IUgOvy1ic,@jessikbebe,2016-02-19T00:51:17Z,0,Paula  WUAUUU me encanta,VECINAS. Cortometraje. LGBT. Lesbico,Eli Navarro,2015-02-26T18:28:53Z,2015,lgtbi
88IUgOvy1ic,@Crepitar,2019-11-28T19:31:35Z,0,.,VECINAS. Cortometraje. LGBT. Lesbico,Eli Navarro,2015-02-26T18:28:53Z,2015,lgtbi
88IUgOvy1ic,@sanukydugal1425,2019-07-08T18:14:39Z,0,Hott,VECINAS. Cortometraje. LGBT. Lesbico,Eli Navarro,2015-02-26T18:28:53Z,2015,lgtbi
88IUgOvy1ic,@raquelguanchez3528,2015-10-19T07:18:50Z,2,jajaja que risa,VECINAS. Cortometraje. LGBT. Lesbico,Eli Navarro,2015-02-26T18:28:53Z,2015,lgtbi
88IUgOvy1ic,@yaeltsolt7631,2020-01-10T18:17:54Z,0,.,VECINAS. Cortometraje. LGBT. Lesbico,Eli Navarro,2015-02-26T18:28:53Z,2015,lgtbi
88IUgOvy1ic,@fulviofontana3024,2021-02-19T16:09:31Z,0,86,VECINAS. Cortometraje. LGBT. Lesbico,Eli Navarro,2015-02-26T18:28:53Z,2015,lgtbi
88IUgOvy1ic,@tonolaragutierrez7346,2019-11-21T09:32:26Z,1,PORKA MISERIA DIRIA EL ITALIANO!,VECINAS. Cortometraje. LGBT. Lesbico,Eli Navarro,2015-02-26T18:28:53Z,2015,lgtbi
88IUgOvy1ic,@silvianellyramosavila2624,2019-11-14T13:57:02Z,0,Guapa,VECINAS. Cortometraje. LGBT. Lesbico,Eli Navarro,2015-02-26T18:28:53Z,2015,lgtbi
88IUgOvy1ic,@CarlosEnrique-w2l,2025-04-16T05:56:24Z,0,Me ha encantado y .las chicas son..mui cinseras,VECINAS. Cortometraje. LGBT. Lesbico,Eli Navarro,2015-02-26T18:28:53Z,2015,lgtbi
88IUgOvy1ic,@carlosjosereyes653,2016-07-09T15:39:40Z,2,Jajaja... Excelente !,VECINAS. Cortometraje. LGBT. Lesbico,Eli Navarro,2015-02-26T18:28:53Z,2015,lgtbi
88IUgOvy1ic,@cristinacedillocontreras6798,2021-05-03T19:27:31Z,1,Yo también te amo gloria,VECINAS. Cortometraje. LGBT. Lesbico,Eli Navarro,2015-02-26T18:28:53Z,2015,lgtbi
88IUgOvy1ic,@manfredoernestopuschmann6953,2022-02-27T12:14:40Z,0,💋👄💋👄❤❤,VECINAS. Cortometraje. LGBT. Lesbico,Eli Navarro,2015-02-26T18:28:53Z,2015,lgtbi
88IUgOvy1ic,@normavarela3184,2019-10-08T05:08:46Z,0,Fomentar todo lo bueno en el otro,VECINAS. Cortometraje. LGBT. Lesbico,Eli Navarro,2015-02-26T18:28:53Z,2015,lgtbi
88IUgOvy1ic,@JoseRamos-nl6iy,2019-10-05T20:53:42Z,0,"Ostias..solo leo a lesbianas en celo..
Que viciosillas las criaturas..",VECINAS. Cortometraje. LGBT. Lesbico,Eli Navarro,2015-02-26T18:28:53Z,2015,lgtbi
88IUgOvy1ic,@REALHIPHOPLOVE24,2019-11-19T23:06:36Z,0,11:59 13:31,VECINAS. Cortometraje. LGBT. Lesbico,Eli Navarro,2015-02-26T18:28:53Z,2015,lgtbi
88IUgOvy1ic,@eloisamoralesmorales4395,2020-12-01T23:17:31Z,0,"Jaja jaja que bueno y divertido vecinas así mola, pero cuando hay amor es peligroso porque me recordó cuando mi ex me pidió un trío y me dijo después del trío yo me di cuenta de que mi pareja no me quería sólo quería de mi el follar yo enamorada y ella solo diversion.... 7 años perdidos pero divertidos... Porque hay aprendí que el sexo sin amor no es como el amor con sexo es precioso.. Precioso corto gracias me reí mucho",VECINAS. Cortometraje. LGBT. Lesbico,Eli Navarro,2015-02-26T18:28:53Z,2015,lgtbi
88IUgOvy1ic,@nicolrodriguez5505,2019-06-23T02:21:27Z,0,Wepa sin indesicion,VECINAS. Cortometraje. LGBT. Lesbico,Eli Navarro,2015-02-26T18:28:53Z,2015,lgtbi
88IUgOvy1ic,@phiaportann5557,2016-02-27T16:59:53Z,2,jajajajaaaaaaaa,VECINAS. Cortometraje. LGBT. Lesbico,Eli Navarro,2015-02-26T18:28:53Z,2015,lgtbi
88IUgOvy1ic,@ramonapetra9974,2017-02-16T04:25:51Z,0,ja ja ja ja que cortometraje para loco y divertido,VECINAS. Cortometraje. LGBT. Lesbico,Eli Navarro,2015-02-26T18:28:53Z,2015,lgtbi
88IUgOvy1ic,@heidytomala5569,2019-07-03T23:44:48Z,0,Y esq x cosas como estas mis ganas x una española crecen... 😏😏,VECINAS. Cortometraje. LGBT. Lesbico,Eli Navarro,2015-02-26T18:28:53Z,2015,lgtbi
88IUgOvy1ic,@emmalopez2459,2019-07-13T03:45:12Z,0,Jajajajajajajajaja en nuestro colectivo estás españolitas tan divertidas la verdad,VECINAS. Cortometraje. LGBT. Lesbico,Eli Navarro,2015-02-26T18:28:53Z,2015,lgtbi
88IUgOvy1ic,@karimanobanasencio5721,2021-10-03T20:54:00Z,0,Eli le sabe,VECINAS. Cortometraje. LGBT. Lesbico,Eli Navarro,2015-02-26T18:28:53Z,2015,lgtbi
88IUgOvy1ic,@ramonlopez559,2019-08-12T18:41:55Z,0,Chritop,VECINAS. Cortometraje. LGBT. Lesbico,Eli Navarro,2015-02-26T18:28:53Z,2015,lgtbi
88IUgOvy1ic,@magdiaguero9127,2020-09-14T11:58:50Z,0,Da tan gusto   quien desearia  acer  con  migo,VECINAS. Cortometraje. LGBT. Lesbico,Eli Navarro,2015-02-26T18:28:53Z,2015,lgtbi
88IUgOvy1ic,@yesenialajara2028,2022-06-17T03:27:06Z,0,Quiero actual esa escena,VECINAS. Cortometraje. LGBT. Lesbico,Eli Navarro,2015-02-26T18:28:53Z,2015,lgtbi
88IUgOvy1ic,@soniamolina7408,2019-10-21T10:52:43Z,0,Así quiero unas vecinas yo,VECINAS. Cortometraje. LGBT. Lesbico,Eli Navarro,2015-02-26T18:28:53Z,2015,lgtbi
88IUgOvy1ic,@laineaine11,2025-03-22T05:18:10Z,0,"Foi engraçado 😂😂😂😂
Eu gostei 😂😂😂😂",VECINAS. Cortometraje. LGBT. Lesbico,Eli Navarro,2015-02-26T18:28:53Z,2015,lgtbi
88IUgOvy1ic,@martamariadasilva7939,2023-01-06T18:33:00Z,1,Gostaria de ver mais iniciativas e iniciantes,VECINAS. Cortometraje. LGBT. Lesbico,Eli Navarro,2015-02-26T18:28:53Z,2015,lgtbi
88IUgOvy1ic,@katyque12,2019-10-16T15:21:20Z,1,"Pero que pasa, que esto debía tener segunda parte, me eh quedado con las ganas de ver mas:(",VECINAS. Cortometraje. LGBT. Lesbico,Eli Navarro,2015-02-26T18:28:53Z,2015,lgtbi
88IUgOvy1ic,@kheiryfigueredo1419,2021-09-06T23:32:18Z,0,jjajajajaja puto final jajajajaja buena el corto,VECINAS. Cortometraje. LGBT. Lesbico,Eli Navarro,2015-02-26T18:28:53Z,2015,lgtbi
88IUgOvy1ic,@leticiabonilla,2020-03-30T07:04:26Z,0,"Por que no existen la opción. Me divierte 🤣 ver este comportamiento, yo no sé cómo termine aquí yo estaba viendo videos pop🤣🤣🤣",VECINAS. Cortometraje. LGBT. Lesbico,Eli Navarro,2015-02-26T18:28:53Z,2015,lgtbi
88IUgOvy1ic,@patyusma1831,2020-06-26T11:38:41Z,0,"jajajajaja  ahora a las orgías, le llaman intercambio de parejas,  que avanzados los españoletes jajajaja. y porque te amo, te intercambio.. menudo forma de amar jajajaja  apenas empiezo a ver el video y ya me estoy riendo.",VECINAS. Cortometraje. LGBT. Lesbico,Eli Navarro,2015-02-26T18:28:53Z,2015,lgtbi
88IUgOvy1ic,@TheChingatupadre,2019-07-08T11:28:13Z,1,Gloria😍,VECINAS. Cortometraje. LGBT. Lesbico,Eli Navarro,2015-02-26T18:28:53Z,2015,lgtbi
88IUgOvy1ic,@sofiagimenez7157,2019-06-17T15:57:21Z,0,Q acaba de pasar,VECINAS. Cortometraje. LGBT. Lesbico,Eli Navarro,2015-02-26T18:28:53Z,2015,lgtbi
88IUgOvy1ic,@punitshah2282,2019-07-13T13:39:01Z,0,Girls what's up Number,VECINAS. Cortometraje. LGBT. Lesbico,Eli Navarro,2015-02-26T18:28:53Z,2015,lgtbi
88IUgOvy1ic,@pablobaldomir9430,2019-07-11T08:38:25Z,1,Saludos eli,VECINAS. Cortometraje. LGBT. Lesbico,Eli Navarro,2015-02-26T18:28:53Z,2015,lgtbi
88IUgOvy1ic,@Kal-08-z3q,2020-03-19T08:15:46Z,1,Me enamoré de Paula y Gloria es todo lo que diré,VECINAS. Cortometraje. LGBT. Lesbico,Eli Navarro,2015-02-26T18:28:53Z,2015,lgtbi
88IUgOvy1ic,@juanmelendez2009,2019-06-18T21:18:44Z,0,"Muy guapas las de cabello negro, ambas.",VECINAS. Cortometraje. LGBT. Lesbico,Eli Navarro,2015-02-26T18:28:53Z,2015,lgtbi
88IUgOvy1ic,@alejandromotaguevara3363,2018-10-05T23:17:56Z,0,QUE BUENAS ACTRICES ESPAÑOLAS,VECINAS. Cortometraje. LGBT. Lesbico,Eli Navarro,2015-02-26T18:28:53Z,2015,lgtbi
88IUgOvy1ic,@mariamuria4264,2015-10-23T19:51:41Z,0,mare k 4 Jajaja,VECINAS. Cortometraje. LGBT. Lesbico,Eli Navarro,2015-02-26T18:28:53Z,2015,lgtbi
88IUgOvy1ic,@smartbug1,2018-08-18T12:32:39Z,1,😂😂,VECINAS. Cortometraje. LGBT. Lesbico,Eli Navarro,2015-02-26T18:28:53Z,2015,lgtbi
88IUgOvy1ic,@yencydayanavallehernandez7295,2020-11-02T18:35:17Z,0,Jajajaja todo estuvo muy risible mas bien,VECINAS. Cortometraje. LGBT. Lesbico,Eli Navarro,2015-02-26T18:28:53Z,2015,lgtbi
88IUgOvy1ic,@yodilcarmariacasamayormend5508,2023-01-18T16:15:31Z,0,Ujhio,VECINAS. Cortometraje. LGBT. Lesbico,Eli Navarro,2015-02-26T18:28:53Z,2015,lgtbi
88IUgOvy1ic,@luis-ux7vn,2025-03-19T17:56:44Z,0,Porque cambiaron la musica de fondo?,VECINAS. Cortometraje. LGBT. Lesbico,Eli Navarro,2015-02-26T18:28:53Z,2015,lgtbi
88IUgOvy1ic,@reynithaornelas9062,2019-04-20T16:01:39Z,1,*G L O R I A* 😘 ❤ 😍,VECINAS. Cortometraje. LGBT. Lesbico,Eli Navarro,2015-02-26T18:28:53Z,2015,lgtbi
88IUgOvy1ic,@DonajiGCid,2022-01-24T15:09:11Z,0,Bastante simpático 😂😂,VECINAS. Cortometraje. LGBT. Lesbico,Eli Navarro,2015-02-26T18:28:53Z,2015,lgtbi
88IUgOvy1ic,@draclaudiasegura,2021-01-02T17:58:55Z,0,ja,VECINAS. Cortometraje. LGBT. Lesbico,Eli Navarro,2015-02-26T18:28:53Z,2015,lgtbi
88IUgOvy1ic,@rafixxl2366,2021-11-27T18:09:31Z,0,Ok esto vídeo lésbicos son buenos,VECINAS. Cortometraje. LGBT. Lesbico,Eli Navarro,2015-02-26T18:28:53Z,2015,lgtbi
88IUgOvy1ic,@awildacelesten2193,2020-12-10T07:17:44Z,1,Soy bisexual...y la neta...no presto lo mío...saludos desde República Dominicana,VECINAS. Cortometraje. LGBT. Lesbico,Eli Navarro,2015-02-26T18:28:53Z,2015,lgtbi
88IUgOvy1ic,@salviinmiami,2019-10-30T00:41:42Z,0,buen serie la habian de importar a america,VECINAS. Cortometraje. LGBT. Lesbico,Eli Navarro,2015-02-26T18:28:53Z,2015,lgtbi
88IUgOvy1ic,@natcalderon6248,2019-07-16T07:53:20Z,0,Una cosa¡ Donde lo hacemos?😂😂😂😂,VECINAS. Cortometraje. LGBT. Lesbico,Eli Navarro,2015-02-26T18:28:53Z,2015,lgtbi
88IUgOvy1ic,@carolinacarmonaflorez5133,2018-09-22T04:18:06Z,1,Me gusta gloria 😉,VECINAS. Cortometraje. LGBT. Lesbico,Eli Navarro,2015-02-26T18:28:53Z,2015,lgtbi
88IUgOvy1ic,@lluisa5185,2015-03-19T20:30:25Z,0,"jajajajaja, muy bueno , que peligro las vecinas jajajajajaja !!!!!!",VECINAS. Cortometraje. LGBT. Lesbico,Eli Navarro,2015-02-26T18:28:53Z,2015,lgtbi
88IUgOvy1ic,@MaribelBalderas-jy7rw,2024-08-29T08:29:26Z,0,En dónde vives,VECINAS. Cortometraje. LGBT. Lesbico,Eli Navarro,2015-02-26T18:28:53Z,2015,lgtbi
88IUgOvy1ic,@sarayvalencia4130,2019-04-26T22:16:22Z,1,Yo quiero novia española.,VECINAS. Cortometraje. LGBT. Lesbico,Eli Navarro,2015-02-26T18:28:53Z,2015,lgtbi
88IUgOvy1ic,@antoruiz7944,2016-12-18T18:02:13Z,0,las q aparecía ron primero para la chava se ve un poco mas grande de edad q la otra solo digo !!!!!!..,VECINAS. Cortometraje. LGBT. Lesbico,Eli Navarro,2015-02-26T18:28:53Z,2015,lgtbi
88IUgOvy1ic,@DavidRamirez-zy5ou,2019-10-06T16:43:42Z,0,"Sarita  y Juan  Rejes  
Son novios  Que se besando se 
Los dos Enamorados   Qué Se Ha sen 
El Amor Dos Dos Novios  Y Se besan
Y se cuestan Los Dos novios  
👄👄👄👄👄👄👄👄👄👄👄👄👄👄
A sí Besar ando se   Los Dos Enamorados  
💟  💔  💖  Se  besándose",VECINAS. Cortometraje. LGBT. Lesbico,Eli Navarro,2015-02-26T18:28:53Z,2015,lgtbi
88IUgOvy1ic,@nahoherrera5387,2021-01-29T10:24:01Z,1,Paula y Gloria 😍❤,VECINAS. Cortometraje. LGBT. Lesbico,Eli Navarro,2015-02-26T18:28:53Z,2015,lgtbi
88IUgOvy1ic,@bhavyagupta2544,2019-07-09T20:15:23Z,1,This was so awkward.,VECINAS. Cortometraje. LGBT. Lesbico,Eli Navarro,2015-02-26T18:28:53Z,2015,lgtbi
88IUgOvy1ic,@donsilbadonsilva1208,2019-08-05T20:01:26Z,0,A a g,VECINAS. Cortometraje. LGBT. Lesbico,Eli Navarro,2015-02-26T18:28:53Z,2015,lgtbi
88IUgOvy1ic,@fiore51leon,2021-01-19T04:32:29Z,0,Jajajaja me he reído jajaja,VECINAS. Cortometraje. LGBT. Lesbico,Eli Navarro,2015-02-26T18:28:53Z,2015,lgtbi
88IUgOvy1ic,@TaymTaym-i3r,2026-02-26T23:37:58Z,1,❤❤❤❤🎉,VECINAS. Cortometraje. LGBT. Lesbico,Eli Navarro,2015-02-26T18:28:53Z,2015,lgtbi
88IUgOvy1ic,@deusexxx11,2020-09-17T14:18:19Z,0,La puteria de la forma más normalizada posible XD,VECINAS. Cortometraje. LGBT. Lesbico,Eli Navarro,2015-02-26T18:28:53Z,2015,lgtbi
88IUgOvy1ic,@aren9137,2019-07-10T17:35:18Z,0,K creisi,VECINAS. Cortometraje. LGBT. Lesbico,Eli Navarro,2015-02-26T18:28:53Z,2015,lgtbi
88IUgOvy1ic,@karma8292,2018-09-06T08:22:58Z,0,Todo un estudio el q lo entienda bueno aunq no creo os falta evolucionar más,VECINAS. Cortometraje. LGBT. Lesbico,Eli Navarro,2015-02-26T18:28:53Z,2015,lgtbi
88IUgOvy1ic,@wilderortizcampos668,2021-05-16T13:43:34Z,0,.,VECINAS. Cortometraje. LGBT. Lesbico,Eli Navarro,2015-02-26T18:28:53Z,2015,lgtbi
88IUgOvy1ic,@sarahi1973,2021-03-28T20:31:52Z,0,😂😂😂😂eso de traer otra persona en la relacion no bueno😂😂😂😂😢pero esa peli negra estan ricas,VECINAS. Cortometraje. LGBT. Lesbico,Eli Navarro,2015-02-26T18:28:53Z,2015,lgtbi
88IUgOvy1ic,@kafe9643,2018-02-26T04:26:39Z,1,"Dios mío, me enamoré de Gloria 🤤🤤😍😍

Alguien que sepa sus redes sociales? Algo? 🤤😍🙊",VECINAS. Cortometraje. LGBT. Lesbico,Eli Navarro,2015-02-26T18:28:53Z,2015,lgtbi
88IUgOvy1ic,@marianabeatrizlajevillarru1515,2018-10-23T13:15:18Z,0,"Las lesbianas siempre  me dan ""sensación de colegio de monjas""",VECINAS. Cortometraje. LGBT. Lesbico,Eli Navarro,2015-02-26T18:28:53Z,2015,lgtbi
88IUgOvy1ic,@karensalazarestrada2406,2019-07-22T19:14:29Z,0,"A mi esto no me pasa , jajajaj",VECINAS. Cortometraje. LGBT. Lesbico,Eli Navarro,2015-02-26T18:28:53Z,2015,lgtbi
88IUgOvy1ic,@cristinacedillocontreras6798,2021-05-03T19:28:17Z,1,Hola Annie,VECINAS. Cortometraje. LGBT. Lesbico,Eli Navarro,2015-02-26T18:28:53Z,2015,lgtbi
88IUgOvy1ic,@gloriacalvi1307,2022-01-02T16:31:43Z,0,Que rico,VECINAS. Cortometraje. LGBT. Lesbico,Eli Navarro,2015-02-26T18:28:53Z,2015,lgtbi
88IUgOvy1ic,@angelicasobenis9329,2015-11-06T22:09:49Z,0,Da risa,VECINAS. Cortometraje. LGBT. Lesbico,Eli Navarro,2015-02-26T18:28:53Z,2015,lgtbi
88IUgOvy1ic,@enrienri8300,2020-04-03T15:08:40Z,0,"Si todos tomaramos este camino, la humanidad no existiria. Viva la reproducción!!!. Alguna practicante?",VECINAS. Cortometraje. LGBT. Lesbico,Eli Navarro,2015-02-26T18:28:53Z,2015,lgtbi
88IUgOvy1ic,@rociocuartara2566,2020-09-17T03:02:20Z,0,"hola me llamo Rocío y tengo 14  años busque este vídeo por que dudo de mi sexualidad no se si me gustan los hombres o las mujeres algún vídeo que me recomienden por favor.
PDT:se que mi pregunta no tiene nada que ver con el vídeo",VECINAS. Cortometraje. LGBT. Lesbico,Eli Navarro,2015-02-26T18:28:53Z,2015,lgtbi
88IUgOvy1ic,@gschneider7442,2025-05-27T08:45:47Z,0,Your are Beautiful,VECINAS. Cortometraje. LGBT. Lesbico,Eli Navarro,2015-02-26T18:28:53Z,2015,lgtbi
88IUgOvy1ic,@esthefaniapesantes7647,2020-08-28T10:33:04Z,0,Mori 😂😂😂😂😂,VECINAS. Cortometraje. LGBT. Lesbico,Eli Navarro,2015-02-26T18:28:53Z,2015,lgtbi
88IUgOvy1ic,@willianangulo2218,2019-06-02T14:10:31Z,0,Somos matrimonio bisexual queremos conocer mujeres curiosas bisexuales o lesbianas estamos en Panamá hablemos en privado,VECINAS. Cortometraje. LGBT. Lesbico,Eli Navarro,2015-02-26T18:28:53Z,2015,lgtbi
88IUgOvy1ic,@Kenniroblex799,2020-03-24T10:33:15Z,0,Jaja creo que nunca compartiria pero que si me compartan a mi ..,VECINAS. Cortometraje. LGBT. Lesbico,Eli Navarro,2015-02-26T18:28:53Z,2015,lgtbi
88IUgOvy1ic,@Tuss-C,2022-01-25T05:58:27Z,0,Amo a las lesbianas y ojala hacer un trio con ellas uy me vengo,VECINAS. Cortometraje. LGBT. Lesbico,Eli Navarro,2015-02-26T18:28:53Z,2015,lgtbi
88IUgOvy1ic,@ابوالحب-ق2ر,2019-10-10T11:00:56Z,0,اووووف اريد وحده محرومه,VECINAS. Cortometraje. LGBT. Lesbico,Eli Navarro,2015-02-26T18:28:53Z,2015,lgtbi
88IUgOvy1ic,@armybts-sv6es,2022-02-01T00:57:05Z,0,asu,VECINAS. Cortometraje. LGBT. Lesbico,Eli Navarro,2015-02-26T18:28:53Z,2015,lgtbi
88IUgOvy1ic,@Alonsorafael668,2024-06-17T21:15:21Z,1,Aqui los heteros👇,VECINAS. Cortometraje. LGBT. Lesbico,Eli Navarro,2015-02-26T18:28:53Z,2015,lgtbi
88IUgOvy1ic,@TheMagda1967,2018-10-31T20:40:38Z,3,jajajajajaja sigan de calientonas....!!,VECINAS. Cortometraje. LGBT. Lesbico,Eli Navarro,2015-02-26T18:28:53Z,2015,lgtbi
88IUgOvy1ic,@albamc6341,2017-04-10T14:13:25Z,0,lo que pasa cuando le pones los cuernos a tu pareja....enfin,VECINAS. Cortometraje. LGBT. Lesbico,Eli Navarro,2015-02-26T18:28:53Z,2015,lgtbi
88IUgOvy1ic,@CarlosReyes-xo9fo,2020-09-17T23:39:33Z,0,Gloria esta preciosa,VECINAS. Cortometraje. LGBT. Lesbico,Eli Navarro,2015-02-26T18:28:53Z,2015,lgtbi
88IUgOvy1ic,@RosaMendozaanguiano,2024-09-02T20:39:57Z,0,3:24,VECINAS. Cortometraje. LGBT. Lesbico,Eli Navarro,2015-02-26T18:28:53Z,2015,lgtbi
88IUgOvy1ic,@AlmaLibre_9698,2018-08-14T14:54:36Z,1,Joder😋😋😋😋,VECINAS. Cortometraje. LGBT. Lesbico,Eli Navarro,2015-02-26T18:28:53Z,2015,lgtbi
88IUgOvy1ic,@antonelaabigailruizdiaz4148,2017-02-22T19:35:35Z,0,por dios que risa,VECINAS. Cortometraje. LGBT. Lesbico,Eli Navarro,2015-02-26T18:28:53Z,2015,lgtbi
88IUgOvy1ic,@irmamartinez8883,2019-08-03T17:19:03Z,1,Que linda es gloria 😈😈😈,VECINAS. Cortometraje. LGBT. Lesbico,Eli Navarro,2015-02-26T18:28:53Z,2015,lgtbi
88IUgOvy1ic,@cidyamakeup4098,2020-04-19T15:56:41Z,0,istragram cidia-oliveira 🌈,VECINAS. Cortometraje. LGBT. Lesbico,Eli Navarro,2015-02-26T18:28:53Z,2015,lgtbi
88IUgOvy1ic,@Hirai_Momo,2019-07-15T05:06:27Z,1,:v menkanta,VECINAS. Cortometraje. LGBT. Lesbico,Eli Navarro,2015-02-26T18:28:53Z,2015,lgtbi
88IUgOvy1ic,@gonzalocervantes4976,2022-09-22T22:12:18Z,1,@elinavarro y si lo hacemos soy chica,VECINAS. Cortometraje. LGBT. Lesbico,Eli Navarro,2015-02-26T18:28:53Z,2015,lgtbi
88IUgOvy1ic,@vane-bd6xh,2019-11-09T00:06:12Z,0,😂😂😂😂😂,VECINAS. Cortometraje. LGBT. Lesbico,Eli Navarro,2015-02-26T18:28:53Z,2015,lgtbi
88IUgOvy1ic,@marcod5004,2019-08-28T15:32:40Z,0,Poca fidelidad entre las parejas! No hay diferencia,VECINAS. Cortometraje. LGBT. Lesbico,Eli Navarro,2015-02-26T18:28:53Z,2015,lgtbi
88IUgOvy1ic,@orianalanfiutti2546,2019-07-11T15:05:44Z,0,Me voy a España a buscar una novia ya💙😏😏,VECINAS. Cortometraje. LGBT. Lesbico,Eli Navarro,2015-02-26T18:28:53Z,2015,lgtbi
88IUgOvy1ic,@최성호-w5v,2021-06-16T08:52:00Z,0,옷벗 나 브라질 벗어나 아 진짜 많이 보고 싶어요,VECINAS. Cortometraje. LGBT. Lesbico,Eli Navarro,2015-02-26T18:28:53Z,2015,lgtbi
88IUgOvy1ic,@DIAMELASMITH,2025-01-17T22:09:49Z,0,Eso hago yo todas las mañanas,VECINAS. Cortometraje. LGBT. Lesbico,Eli Navarro,2015-02-26T18:28:53Z,2015,lgtbi
88IUgOvy1ic,@luismujica6098,2019-07-31T21:49:31Z,0,Que? ???,VECINAS. Cortometraje. LGBT. Lesbico,Eli Navarro,2015-02-26T18:28:53Z,2015,lgtbi
88IUgOvy1ic,@coralainlinda3203,2020-04-07T23:43:29Z,0,Jajaja jajajajajajajajajaj me genial son plato muy bueno aunque no se vio nada de ricura pero bueno bueno igual.,VECINAS. Cortometraje. LGBT. Lesbico,Eli Navarro,2015-02-26T18:28:53Z,2015,lgtbi
88IUgOvy1ic,@mirnaventura5812,2019-09-15T22:14:49Z,0,Yo ínter canvir pareja noooooo jamassss,VECINAS. Cortometraje. LGBT. Lesbico,Eli Navarro,2015-02-26T18:28:53Z,2015,lgtbi
88IUgOvy1ic,@kiraaoleonhernandez103,2019-07-06T04:19:37Z,0,👏👏👏👏👏👏👏👏👏👏👏👏👍👍👍👍👍👍👍👍👍👍👍👍😜,VECINAS. Cortometraje. LGBT. Lesbico,Eli Navarro,2015-02-26T18:28:53Z,2015,lgtbi
88IUgOvy1ic,@carolinalopez5900,2016-07-01T01:45:39Z,1,sigue esta historia genial? gracias,VECINAS. Cortometraje. LGBT. Lesbico,Eli Navarro,2015-02-26T18:28:53Z,2015,lgtbi
88IUgOvy1ic,@elidgmOC,2020-01-01T07:28:39Z,0,kk.,VECINAS. Cortometraje. LGBT. Lesbico,Eli Navarro,2015-02-26T18:28:53Z,2015,lgtbi
88IUgOvy1ic,@мямяямєя,2019-09-08T07:27:42Z,0,Siendo mexicana io con fundó el mamen ;-;,VECINAS. Cortometraje. LGBT. Lesbico,Eli Navarro,2015-02-26T18:28:53Z,2015,lgtbi
88IUgOvy1ic,@karlaalejandradiazperez3942,2022-03-11T06:21:19Z,0,a,VECINAS. Cortometraje. LGBT. Lesbico,Eli Navarro,2015-02-26T18:28:53Z,2015,lgtbi
88IUgOvy1ic,@estefanikaze9534,2019-01-21T09:55:45Z,1,"ahhhhhh me hicieron la noche,me encanto,wooo q sexys !!!",VECINAS. Cortometraje. LGBT. Lesbico,Eli Navarro,2015-02-26T18:28:53Z,2015,lgtbi
88IUgOvy1ic,@juantello1857,2022-02-18T01:56:30Z,1,Piñón fijo un besoooo mira como activa una mujer como mueñco,VECINAS. Cortometraje. LGBT. Lesbico,Eli Navarro,2015-02-26T18:28:53Z,2015,lgtbi
88IUgOvy1ic,@johannasaez4775,2021-05-27T17:28:02Z,0,😂😂😂😁😁,VECINAS. Cortometraje. LGBT. Lesbico,Eli Navarro,2015-02-26T18:28:53Z,2015,lgtbi
88IUgOvy1ic,@fermingarciasalvatierra2583,2021-06-16T00:08:11Z,0,@,VECINAS. Cortometraje. LGBT. Lesbico,Eli Navarro,2015-02-26T18:28:53Z,2015,lgtbi
88IUgOvy1ic,@camilagiraldosaldarriaga1920,2019-07-04T11:16:11Z,1,Me encaaaaaanta 💖💖,VECINAS. Cortometraje. LGBT. Lesbico,Eli Navarro,2015-02-26T18:28:53Z,2015,lgtbi
88IUgOvy1ic,@josegonsales7764,2020-09-08T18:14:01Z,0,Q rico,VECINAS. Cortometraje. LGBT. Lesbico,Eli Navarro,2015-02-26T18:28:53Z,2015,lgtbi
88IUgOvy1ic,@machokiller96,2021-09-29T22:12:05Z,0,"13:58
13:59
14:00",VECINAS. Cortometraje. LGBT. Lesbico,Eli Navarro,2015-02-26T18:28:53Z,2015,lgtbi
88IUgOvy1ic,@yesenialajara2028,2022-06-17T03:28:02Z,1,Soy de RD Dominicana,VECINAS. Cortometraje. LGBT. Lesbico,Eli Navarro,2015-02-26T18:28:53Z,2015,lgtbi
88IUgOvy1ic,@ginalvadiascampos7438,2020-07-17T01:21:06Z,0,Argentina...Colômbia sei la,VECINAS. Cortometraje. LGBT. Lesbico,Eli Navarro,2015-02-26T18:28:53Z,2015,lgtbi
88IUgOvy1ic,@sisselhansen3915,2020-12-24T06:38:47Z,1,¿Donde cujons está el sexo??,VECINAS. Cortometraje. LGBT. Lesbico,Eli Navarro,2015-02-26T18:28:53Z,2015,lgtbi
88IUgOvy1ic,@gissellavanessamaldonado1406,2019-07-16T05:20:18Z,0,Hola  como esta tu  Vane  bien  o mal,VECINAS. Cortometraje. LGBT. Lesbico,Eli Navarro,2015-02-26T18:28:53Z,2015,lgtbi
88IUgOvy1ic,@enrikeurbano9016,2021-01-22T04:43:24Z,0,😅😅😅 muy chistoso,VECINAS. Cortometraje. LGBT. Lesbico,Eli Navarro,2015-02-26T18:28:53Z,2015,lgtbi
88IUgOvy1ic,@denisearaujo9795,2019-09-05T04:46:49Z,1,Continuação por favor,VECINAS. Cortometraje. LGBT. Lesbico,Eli Navarro,2015-02-26T18:28:53Z,2015,lgtbi
88IUgOvy1ic,@glorianiles898,2022-08-31T06:29:15Z,0,Hola .me Encanto y Mas mi tocaya Gloria,VECINAS. Cortometraje. LGBT. Lesbico,Eli Navarro,2015-02-26T18:28:53Z,2015,lgtbi
88IUgOvy1ic,@ginalvadiascampos7438,2020-07-17T01:20:28Z,0,Soy brasileira e quiero arrumar una mujer asi!! Q habla asi,VECINAS. Cortometraje. LGBT. Lesbico,Eli Navarro,2015-02-26T18:28:53Z,2015,lgtbi
88IUgOvy1ic,@marlenegomes7429,2024-07-18T12:12:40Z,1,Aiii 😋 ❤❤🎉😂,VECINAS. Cortometraje. LGBT. Lesbico,Eli Navarro,2015-02-26T18:28:53Z,2015,lgtbi
88IUgOvy1ic,@fixne,2018-03-25T06:32:09Z,0,"Si les doy a las españolas 
(Estoy en todos lados)",VECINAS. Cortometraje. LGBT. Lesbico,Eli Navarro,2015-02-26T18:28:53Z,2015,lgtbi
88IUgOvy1ic,@rigobertoortizvelazquez9100,2015-12-05T04:10:44Z,0,no entendi,VECINAS. Cortometraje. LGBT. Lesbico,Eli Navarro,2015-02-26T18:28:53Z,2015,lgtbi
88IUgOvy1ic,@sulaguilera,2019-08-22T15:28:59Z,0,Son unas locas pero me gusto,VECINAS. Cortometraje. LGBT. Lesbico,Eli Navarro,2015-02-26T18:28:53Z,2015,lgtbi
88IUgOvy1ic,@jaquihidalgo4576,2017-06-21T00:56:46Z,0,Me enamoré de la protagonista que hace de mamen.!Ella es hermosa <3,VECINAS. Cortometraje. LGBT. Lesbico,Eli Navarro,2015-02-26T18:28:53Z,2015,lgtbi
88IUgOvy1ic,@agostinacorrea9699,2017-10-29T19:07:08Z,0,Holaaa,VECINAS. Cortometraje. LGBT. Lesbico,Eli Navarro,2015-02-26T18:28:53Z,2015,lgtbi
88IUgOvy1ic,@danimoksia5691,2022-05-27T21:29:33Z,0,Jjajajajajaa le agarraron el gusto....,VECINAS. Cortometraje. LGBT. Lesbico,Eli Navarro,2015-02-26T18:28:53Z,2015,lgtbi
88IUgOvy1ic,@calpuperez2305,2025-05-29T19:24:07Z,0,"No sé si me perdí algo, pero risas, lo que se dice risas no provoca..😮, pero pa' gustos colores..🎉",VECINAS. Cortometraje. LGBT. Lesbico,Eli Navarro,2015-02-26T18:28:53Z,2015,lgtbi
88IUgOvy1ic,@necroghost,2022-01-25T06:00:24Z,0,me mori de la risa,VECINAS. Cortometraje. LGBT. Lesbico,Eli Navarro,2015-02-26T18:28:53Z,2015,lgtbi
88IUgOvy1ic,@natacha2057,2016-03-26T14:19:59Z,0,OS VOY A PROPONER....,VECINAS. Cortometraje. LGBT. Lesbico,Eli Navarro,2015-02-26T18:28:53Z,2015,lgtbi
88IUgOvy1ic,@juscilenedacunha3912,2020-01-31T09:46:49Z,0,Vídeo de pono,VECINAS. Cortometraje. LGBT. Lesbico,Eli Navarro,2015-02-26T18:28:53Z,2015,lgtbi
88IUgOvy1ic,@paolaandrearodriguezriano4804,2016-09-21T07:42:56Z,2,"me gusto mucho este video, Eli eres muy linda",VECINAS. Cortometraje. LGBT. Lesbico,Eli Navarro,2015-02-26T18:28:53Z,2015,lgtbi
88IUgOvy1ic,@joemaccross9649,2019-05-06T17:32:48Z,2,"Como me hubiera gustado ver los vídeos donde si lo hicieron jajajajajajajajajaja 
Que depravado soy",VECINAS. Cortometraje. LGBT. Lesbico,Eli Navarro,2015-02-26T18:28:53Z,2015,lgtbi
88IUgOvy1ic,@caroasseretov-logs3942,2020-04-25T14:19:55Z,1,Rico,VECINAS. Cortometraje. LGBT. Lesbico,Eli Navarro,2015-02-26T18:28:53Z,2015,lgtbi
88IUgOvy1ic,@sofiabalotelli1766,2021-05-12T22:24:26Z,0,🤣🤣🤣🤣que monas.,VECINAS. Cortometraje. LGBT. Lesbico,Eli Navarro,2015-02-26T18:28:53Z,2015,lgtbi
88IUgOvy1ic,@ANSELMOMONTALVO-c2g,2023-11-08T22:59:06Z,0,Mi mama se enamoró de mi  amiga hermosa español xxx,VECINAS. Cortometraje. LGBT. Lesbico,Eli Navarro,2015-02-26T18:28:53Z,2015,lgtbi
88IUgOvy1ic,@Zaidaquintana-ko3dv,2024-07-07T22:18:06Z,1,Jamas haría eso,VECINAS. Cortometraje. LGBT. Lesbico,Eli Navarro,2015-02-26T18:28:53Z,2015,lgtbi
88IUgOvy1ic,@josegarcia-morenodiaz9860,2019-08-26T10:58:33Z,0,Esto es ficción en la realidad no pasa,VECINAS. Cortometraje. LGBT. Lesbico,Eli Navarro,2015-02-26T18:28:53Z,2015,lgtbi
88IUgOvy1ic,@cesarjulioquimbaya301,2019-10-21T12:59:16Z,0,control a la natalidad en desorden,VECINAS. Cortometraje. LGBT. Lesbico,Eli Navarro,2015-02-26T18:28:53Z,2015,lgtbi
88IUgOvy1ic,@juanzziz,2020-12-24T01:15:59Z,0,xd?,VECINAS. Cortometraje. LGBT. Lesbico,Eli Navarro,2015-02-26T18:28:53Z,2015,lgtbi
88IUgOvy1ic,@raizabermatench5199,2022-02-02T18:37:02Z,0,Jajajajajajaajajajajajaja me he reido mucho.,VECINAS. Cortometraje. LGBT. Lesbico,Eli Navarro,2015-02-26T18:28:53Z,2015,lgtbi
88IUgOvy1ic,@VJOCEAN,2021-04-24T11:45:49Z,0,hahaha!,VECINAS. Cortometraje. LGBT. Lesbico,Eli Navarro,2015-02-26T18:28:53Z,2015,lgtbi
88IUgOvy1ic,@juanbenitez917,2019-10-12T13:10:12Z,0,Que pasa con las mujeres apenas ven un cortometraje y resulta que ahora todas son bisexuales.  Que alguien  me explique!!!!??????@#€%,VECINAS. Cortometraje. LGBT. Lesbico,Eli Navarro,2015-02-26T18:28:53Z,2015,lgtbi
88IUgOvy1ic,@Daiki-iw5un,2020-05-27T23:12:35Z,0,Jajajajjajaja buenisima que pendejada jajajaja,VECINAS. Cortometraje. LGBT. Lesbico,Eli Navarro,2015-02-26T18:28:53Z,2015,lgtbi
88IUgOvy1ic,@jbrfrench1,2016-05-21T00:39:43Z,1,"advertencia, teneis que seguir viendo después de que comience los títulos de crédito, ahi viene lo mejor jjjk",VECINAS. Cortometraje. LGBT. Lesbico,Eli Navarro,2015-02-26T18:28:53Z,2015,lgtbi
88IUgOvy1ic,@sprm_24,2017-08-27T01:02:04Z,0,Gloria con Pau y las otras juntas y que no se hable mas,VECINAS. Cortometraje. LGBT. Lesbico,Eli Navarro,2015-02-26T18:28:53Z,2015,lgtbi
88IUgOvy1ic,@alejandroExplorer2023,2016-02-08T05:06:54Z,0,Les falto por lo menos más besos.,VECINAS. Cortometraje. LGBT. Lesbico,Eli Navarro,2015-02-26T18:28:53Z,2015,lgtbi
88IUgOvy1ic,@TaymTaym-i3r,2026-04-28T23:52:26Z,0,❤❤❤❤❤❤❤❤❤❤❤,VECINAS. Cortometraje. LGBT. Lesbico,Eli Navarro,2015-02-26T18:28:53Z,2015,lgtbi
88IUgOvy1ic,@SaDD68,2019-12-03T05:55:51Z,1,Ja ja que pedo con ellas y de andar jugando así se van a quedar torcidas,VECINAS. Cortometraje. LGBT. Lesbico,Eli Navarro,2015-02-26T18:28:53Z,2015,lgtbi
88IUgOvy1ic,@MichelleMartinez-gr9ky,2023-01-17T22:37:53Z,0,hi,VECINAS. Cortometraje. LGBT. Lesbico,Eli Navarro,2015-02-26T18:28:53Z,2015,lgtbi
88IUgOvy1ic,@nomenclaturaiupac6310,2019-12-31T21:44:58Z,0,Lol lol lol,VECINAS. Cortometraje. LGBT. Lesbico,Eli Navarro,2015-02-26T18:28:53Z,2015,lgtbi
88IUgOvy1ic,@nathalielizabeth9165,2019-08-27T19:59:41Z,0,Jajjaj la ptm,VECINAS. Cortometraje. LGBT. Lesbico,Eli Navarro,2015-02-26T18:28:53Z,2015,lgtbi
88IUgOvy1ic,@Agenteycik007,2019-11-28T21:31:37Z,0,Uff esta gloria esta que se come sola yo ai fuera paula no la dejara ir en 1 año jaja,VECINAS. Cortometraje. LGBT. Lesbico,Eli Navarro,2015-02-26T18:28:53Z,2015,lgtbi
88IUgOvy1ic,@helenalopez7085,2019-07-11T06:23:00Z,0,Que delicia! 😋,VECINAS. Cortometraje. LGBT. Lesbico,Eli Navarro,2015-02-26T18:28:53Z,2015,lgtbi
88IUgOvy1ic,@rockydavis94,2024-02-06T21:36:00Z,0,No offence but the subtitles are too small,VECINAS. Cortometraje. LGBT. Lesbico,Eli Navarro,2015-02-26T18:28:53Z,2015,lgtbi
88IUgOvy1ic,@veronicagmverito9706,2019-09-04T22:29:35Z,0,Hahahahah  que   risas  to   con  mi pareja    no   lo aria   ella   me mataaa   y yo  a  ella,VECINAS. Cortometraje. LGBT. Lesbico,Eli Navarro,2015-02-26T18:28:53Z,2015,lgtbi
88IUgOvy1ic,@gregory269,2021-11-08T19:14:15Z,0,"Puse *tortilleras* y me salió 
esto XD. _.",VECINAS. Cortometraje. LGBT. Lesbico,Eli Navarro,2015-02-26T18:28:53Z,2015,lgtbi
88IUgOvy1ic,@qrfyrtf3030,2019-10-30T23:50:50Z,0,زغبوهم و أبوهم,VECINAS. Cortometraje. LGBT. Lesbico,Eli Navarro,2015-02-26T18:28:53Z,2015,lgtbi
88IUgOvy1ic,@최성호-w5v,2021-04-03T02:55:03Z,0,옷벗 나 브라질 벗어나 나 지금 너무 많이 마시지 않을까 싶네요 😂 아 진짜 사나이 있다 오후 서울 종로구 인사동 아 나 진짜 많이 🤦 아 진짜 사나이 있다 오후 있다 있는 것으로 나타났다 나 브라질 벗어나 나 지금 너무 잘 생겼다 잘 못 해요 ㅋㅋ 😂,VECINAS. Cortometraje. LGBT. Lesbico,Eli Navarro,2015-02-26T18:28:53Z,2015,lgtbi
88IUgOvy1ic,@escarlinsuero5244,2019-07-09T01:50:10Z,1,En serio que quiero saber qué asé ella con la lengua me a dejado muy pensativa😋🤔,VECINAS. Cortometraje. LGBT. Lesbico,Eli Navarro,2015-02-26T18:28:53Z,2015,lgtbi
88IUgOvy1ic,@fernandoagnese3047,2020-05-02T12:35:38Z,0,Quiero Ber Asiendo  El Amor No Solo  Beso,VECINAS. Cortometraje. LGBT. Lesbico,Eli Navarro,2015-02-26T18:28:53Z,2015,lgtbi
88IUgOvy1ic,@michellemedina8316,2019-07-11T01:27:38Z,1,Es que le digo eso a mi novia y me doy por mujer muerta jajaja no pensé tener tan buena noche.... Buenísimo 👌,VECINAS. Cortometraje. LGBT. Lesbico,Eli Navarro,2015-02-26T18:28:53Z,2015,lgtbi
88IUgOvy1ic,@DanielGonzalez-xc7qe,2024-09-21T03:41:56Z,0,Me enamore de gloriaaaa😍😍😍😍😋😋💋💋👅👅😜😜,VECINAS. Cortometraje. LGBT. Lesbico,Eli Navarro,2015-02-26T18:28:53Z,2015,lgtbi
88IUgOvy1ic,@user-dn6sl5gx8l,2020-11-02T21:09:58Z,0,"vamo a se feli , vamos felices las cuatro jeje...eso no es una pareja ...las parejas son de dos , por eso terminan mal los swinger",VECINAS. Cortometraje. LGBT. Lesbico,Eli Navarro,2015-02-26T18:28:53Z,2015,lgtbi
88IUgOvy1ic,@fernandaarias2235,2021-11-06T00:24:33Z,0,😂🤣😂,VECINAS. Cortometraje. LGBT. Lesbico,Eli Navarro,2015-02-26T18:28:53Z,2015,lgtbi
88IUgOvy1ic,@desertor7677,2017-12-03T18:42:53Z,0,Que intercambien sus toallas femeninas usadas,VECINAS. Cortometraje. LGBT. Lesbico,Eli Navarro,2015-02-26T18:28:53Z,2015,lgtbi
88IUgOvy1ic,@zuliettearencibia4143,2021-02-02T02:51:50Z,0,lo del polvo ha de ser de latinos en general 😂 en Puerto Rico decimos lo mismo. 😅,VECINAS. Cortometraje. LGBT. Lesbico,Eli Navarro,2015-02-26T18:28:53Z,2015,lgtbi
88IUgOvy1ic,@vielkamontesuma8707,2021-02-06T08:57:00Z,0,Ay no canbio a mi novio por ostra 😍😍,VECINAS. Cortometraje. LGBT. Lesbico,Eli Navarro,2015-02-26T18:28:53Z,2015,lgtbi
88IUgOvy1ic,@AnayaMartínez-x6b,2024-11-30T15:53:08Z,1,Iisa😂,VECINAS. Cortometraje. LGBT. Lesbico,Eli Navarro,2015-02-26T18:28:53Z,2015,lgtbi
88IUgOvy1ic,@naybejaen2418,2019-10-26T19:06:18Z,0,Jajajaja,VECINAS. Cortometraje. LGBT. Lesbico,Eli Navarro,2015-02-26T18:28:53Z,2015,lgtbi
88IUgOvy1ic,@robertoandrade4994,2021-03-07T00:32:33Z,0,LESBIANA BESO LESBIANA,VECINAS. Cortometraje. LGBT. Lesbico,Eli Navarro,2015-02-26T18:28:53Z,2015,lgtbi
88IUgOvy1ic,@josselynsilva3475,2021-03-16T05:04:02Z,0,🤣🤣🤣🤣😆,VECINAS. Cortometraje. LGBT. Lesbico,Eli Navarro,2015-02-26T18:28:53Z,2015,lgtbi
88IUgOvy1ic,@GUSTAVO28101945,2020-04-01T07:30:06Z,0,VAN PARA ALCALDE DE UNA GRAN CIUDAD,VECINAS. Cortometraje. LGBT. Lesbico,Eli Navarro,2015-02-26T18:28:53Z,2015,lgtbi
88IUgOvy1ic,@jesussanabia5432,2021-08-25T18:09:01Z,0,ME GUSTAN LAS MUJERES AUNQUE TENGAN NOVIAS SE VALE,VECINAS. Cortometraje. LGBT. Lesbico,Eli Navarro,2015-02-26T18:28:53Z,2015,lgtbi
88IUgOvy1ic,@sergiogarduno8577,2021-03-11T22:32:19Z,0,Que risa,VECINAS. Cortometraje. LGBT. Lesbico,Eli Navarro,2015-02-26T18:28:53Z,2015,lgtbi
88IUgOvy1ic,@qrislyankim8700,2022-01-25T06:12:01Z,0,omg lesbianas ö,VECINAS. Cortometraje. LGBT. Lesbico,Eli Navarro,2015-02-26T18:28:53Z,2015,lgtbi
88IUgOvy1ic,@sergiodiazgonzalez652,2021-07-05T13:51:35Z,0,Fx€,VECINAS. Cortometraje. LGBT. Lesbico,Eli Navarro,2015-02-26T18:28:53Z,2015,lgtbi
88IUgOvy1ic,@Yeram-e7x,2024-09-21T17:43:32Z,0,😂😂😂,VECINAS. Cortometraje. LGBT. Lesbico,Eli Navarro,2015-02-26T18:28:53Z,2015,lgtbi
88IUgOvy1ic,@alaymvasquez6559,2020-02-07T22:11:16Z,0,Jajajaja,VECINAS. Cortometraje. LGBT. Lesbico,Eli Navarro,2015-02-26T18:28:53Z,2015,lgtbi
88IUgOvy1ic,@marlubardales2941,2018-03-02T01:22:12Z,1,Quiero una españolaaaaaa,VECINAS. Cortometraje. LGBT. Lesbico,Eli Navarro,2015-02-26T18:28:53Z,2015,lgtbi
88IUgOvy1ic,@naydelinmilagros3874,2020-01-06T01:09:05Z,0,No uvo sexo,VECINAS. Cortometraje. LGBT. Lesbico,Eli Navarro,2015-02-26T18:28:53Z,2015,lgtbi
88IUgOvy1ic,@Antimarikas-no4ze,2024-06-04T20:12:36Z,1,Las lesbiana mano ufff. Que riko,VECINAS. Cortometraje. LGBT. Lesbico,Eli Navarro,2015-02-26T18:28:53Z,2015,lgtbi
88IUgOvy1ic,@rodolfotorres484,2021-05-16T07:01:28Z,0,"y luego nosotros los hombres ddonde.quedamos bueno asemos 1 trio puedo con las 2  ,",VECINAS. Cortometraje. LGBT. Lesbico,Eli Navarro,2015-02-26T18:28:53Z,2015,lgtbi
88IUgOvy1ic,@marlenemarisolhofmann5532,2025-01-28T05:01:24Z,2,qué rico 🤤😋,VECINAS. Cortometraje. LGBT. Lesbico,Eli Navarro,2015-02-26T18:28:53Z,2015,lgtbi
88IUgOvy1ic,@romaagustina4480,2020-03-26T03:40:57Z,0,Jajajaja,VECINAS. Cortometraje. LGBT. Lesbico,Eli Navarro,2015-02-26T18:28:53Z,2015,lgtbi
88IUgOvy1ic,@randalleiva256,2020-04-07T17:53:19Z,0,EsS peliculitas mas habladas,VECINAS. Cortometraje. LGBT. Lesbico,Eli Navarro,2015-02-26T18:28:53Z,2015,lgtbi
88IUgOvy1ic,@marilinsoto9978,2018-07-14T01:37:09Z,2,Estas bolleras son un caso. 😂😂😂😂😂😂😂🙈🙊😆,VECINAS. Cortometraje. LGBT. Lesbico,Eli Navarro,2015-02-26T18:28:53Z,2015,lgtbi
88IUgOvy1ic,@greeicynarvaez575,2022-03-14T21:05:02Z,1,Que RICOO ESO BESO SABROSOS,VECINAS. Cortometraje. LGBT. Lesbico,Eli Navarro,2015-02-26T18:28:53Z,2015,lgtbi
88IUgOvy1ic,@silcai937,2019-07-13T13:21:15Z,0,Jajaja me pareció gracioso aunque yo no compartiría,VECINAS. Cortometraje. LGBT. Lesbico,Eli Navarro,2015-02-26T18:28:53Z,2015,lgtbi
88IUgOvy1ic,@saraoscar235,2022-09-03T20:58:15Z,0,🤣🤣😂😂🤣🤣😂🤣😂🤣,VECINAS. Cortometraje. LGBT. Lesbico,Eli Navarro,2015-02-26T18:28:53Z,2015,lgtbi
88IUgOvy1ic,@josecruzhh309,2022-03-18T08:08:55Z,0,Jajajajaja,VECINAS. Cortometraje. LGBT. Lesbico,Eli Navarro,2015-02-26T18:28:53Z,2015,lgtbi
88IUgOvy1ic,@inesrox,2018-11-10T07:18:42Z,1,Jajaja q ganas de complicarte la vida y yo a mi pareja no la comparto ni loca,VECINAS. Cortometraje. LGBT. Lesbico,Eli Navarro,2015-02-26T18:28:53Z,2015,lgtbi
88IUgOvy1ic,@maribellovmar7408,2019-10-28T05:38:07Z,0,Jaja pendejadas pero da risa...,VECINAS. Cortometraje. LGBT. Lesbico,Eli Navarro,2015-02-26T18:28:53Z,2015,lgtbi
88IUgOvy1ic,@cayetanogarciaserrano7826,2024-08-30T12:21:10Z,1,se me a puesto tiesa tio,VECINAS. Cortometraje. LGBT. Lesbico,Eli Navarro,2015-02-26T18:28:53Z,2015,lgtbi
88IUgOvy1ic,@Chocoro-d8,2024-09-13T21:22:59Z,0,XD,VECINAS. Cortometraje. LGBT. Lesbico,Eli Navarro,2015-02-26T18:28:53Z,2015,lgtbi
88IUgOvy1ic,@vikatalero8878,2019-07-08T18:37:14Z,1,Quiero saber como se llama la actriz que realiza a gloria... Que es que bien hermosa si esssss,VECINAS. Cortometraje. LGBT. Lesbico,Eli Navarro,2015-02-26T18:28:53Z,2015,lgtbi
88IUgOvy1ic,@antoruiz7944,2016-12-18T18:12:35Z,0,q cosa nome lo creo ptm,VECINAS. Cortometraje. LGBT. Lesbico,Eli Navarro,2015-02-26T18:28:53Z,2015,lgtbi
88IUgOvy1ic,@yaribethgonzalez6232,2018-03-19T03:32:14Z,2,Me mataaaaa 😂😂😂,VECINAS. Cortometraje. LGBT. Lesbico,Eli Navarro,2015-02-26T18:28:53Z,2015,lgtbi
88IUgOvy1ic,@jairoscampos4512,2020-03-03T12:42:02Z,0,Soy hombre pero dos chicas teniendo sexos es algo genial,VECINAS. Cortometraje. LGBT. Lesbico,Eli Navarro,2015-02-26T18:28:53Z,2015,lgtbi
88IUgOvy1ic,@carolinaparvina7448,2020-12-18T22:03:10Z,0,"No entiendo en qué fortalece esto la relación,  lo que deberían es terminar y estar con la que quieren estar",VECINAS. Cortometraje. LGBT. Lesbico,Eli Navarro,2015-02-26T18:28:53Z,2015,lgtbi
88IUgOvy1ic,@yodilcarmariacasamayormend5508,2023-01-18T16:15:22Z,0,Uuuuuuuuuuu7uuuuuuiyugjo,VECINAS. Cortometraje. LGBT. Lesbico,Eli Navarro,2015-02-26T18:28:53Z,2015,lgtbi
88IUgOvy1ic,@gloriacristinavinascosoto4392,2024-12-03T06:02:49Z,1,Serví. Por o. Lesvianas,VECINAS. Cortometraje. LGBT. Lesbico,Eli Navarro,2015-02-26T18:28:53Z,2015,lgtbi
88IUgOvy1ic,@gianniconi,2020-11-10T01:26:19Z,0,Y ???  Cuando continúa ??,VECINAS. Cortometraje. LGBT. Lesbico,Eli Navarro,2015-02-26T18:28:53Z,2015,lgtbi
88IUgOvy1ic,@TaymTaym-i3r,2026-07-10T00:52:26Z,0,❤❤❤❤,VECINAS. Cortometraje. LGBT. Lesbico,Eli Navarro,2015-02-26T18:28:53Z,2015,lgtbi
88IUgOvy1ic,@claudiomirokonesmachado4674,2019-07-20T04:43:14Z,0,Fodanoca,VECINAS. Cortometraje. LGBT. Lesbico,Eli Navarro,2015-02-26T18:28:53Z,2015,lgtbi
88IUgOvy1ic,@1980NFM,2024-08-31T19:09:40Z,0,Cachaaaaapa,VECINAS. Cortometraje. LGBT. Lesbico,Eli Navarro,2015-02-26T18:28:53Z,2015,lgtbi
88IUgOvy1ic,@florenciaaltmann9382,2021-03-31T01:03:23Z,0,so🤑🤑🤑🤑🤑🤑🤑🤑🤑,VECINAS. Cortometraje. LGBT. Lesbico,Eli Navarro,2015-02-26T18:28:53Z,2015,lgtbi
88IUgOvy1ic,@1980NFM,2024-08-31T19:14:38Z,0,Alli lo que hace falta es macheeeeete,VECINAS. Cortometraje. LGBT. Lesbico,Eli Navarro,2015-02-26T18:28:53Z,2015,lgtbi
88IUgOvy1ic,@alyyuyeu4525,2020-06-29T23:26:02Z,1,Ahora quiero una española,VECINAS. Cortometraje. LGBT. Lesbico,Eli Navarro,2015-02-26T18:28:53Z,2015,lgtbi
88IUgOvy1ic,@LilyLu37,2019-12-25T17:37:03Z,0,Eso no están bueno en la vida real.  Jajajaja,VECINAS. Cortometraje. LGBT. Lesbico,Eli Navarro,2015-02-26T18:28:53Z,2015,lgtbi
88IUgOvy1ic,@thedarkside6859,2019-11-07T03:19:34Z,0,No hay escenas??? Que fome,VECINAS. Cortometraje. LGBT. Lesbico,Eli Navarro,2015-02-26T18:28:53Z,2015,lgtbi
88IUgOvy1ic,@astralsyncmusic,2024-12-23T23:23:47Z,0,"Hmmm, 👀👭👀🧍🏽‍♂️🤭🌹❤️♥️",VECINAS. Cortometraje. LGBT. Lesbico,Eli Navarro,2015-02-26T18:28:53Z,2015,lgtbi
88IUgOvy1ic,@albertoducloux1585,2020-05-30T13:57:30Z,0,"Disforia de Género disfrazada de arte, alerta padres de familia!",VECINAS. Cortometraje. LGBT. Lesbico,Eli Navarro,2015-02-26T18:28:53Z,2015,lgtbi
88IUgOvy1ic,@joaquinadrianortizpadilla8365,2018-01-20T06:56:49Z,0,a * que vecinas promiscuas jajaja,VECINAS. Cortometraje. LGBT. Lesbico,Eli Navarro,2015-02-26T18:28:53Z,2015,lgtbi
88IUgOvy1ic,@leonorromerooliver4930,2020-08-26T22:43:50Z,1,Es una.utopia que por ser lesbianas tengo que pensar más en el sexo,VECINAS. Cortometraje. LGBT. Lesbico,Eli Navarro,2015-02-26T18:28:53Z,2015,lgtbi
88IUgOvy1ic,@maniramroopchand1443,2019-07-18T01:16:25Z,0,.adult.movie,VECINAS. Cortometraje. LGBT. Lesbico,Eli Navarro,2015-02-26T18:28:53Z,2015,lgtbi
88IUgOvy1ic,@blancarosaveladominguez7363,2019-11-06T05:22:04Z,0,Todo esto son vulgaridades esto es algo de muy mal gusto pero por de buenas o de malas vivimos en un país libre,VECINAS. Cortometraje. LGBT. Lesbico,Eli Navarro,2015-02-26T18:28:53Z,2015,lgtbi
88IUgOvy1ic,@christopherfigueroa7411,2020-09-21T21:44:07Z,0,Alguna lesbiana aquí jijijiji??,VECINAS. Cortometraje. LGBT. Lesbico,Eli Navarro,2015-02-26T18:28:53Z,2015,lgtbi
88IUgOvy1ic,@nicolasyt.4731,2020-04-22T03:48:08Z,0,Me repugnan,VECINAS. Cortometraje. LGBT. Lesbico,Eli Navarro,2015-02-26T18:28:53Z,2015,lgtbi
88IUgOvy1ic,@mundoxxxxxx2708,2020-04-01T05:36:46Z,0,Ni siquiera un desnudó,VECINAS. Cortometraje. LGBT. Lesbico,Eli Navarro,2015-02-26T18:28:53Z,2015,lgtbi
88IUgOvy1ic,@liliantalledocruz8899,2018-04-16T03:45:00Z,1,jajajajajaj tmr este cortometraje me mato xD,VECINAS. Cortometraje. LGBT. Lesbico,Eli Navarro,2015-02-26T18:28:53Z,2015,lgtbi
88IUgOvy1ic,@joseangelmataontayor6654,2020-09-29T16:45:11Z,0,No me importaría que mi esposa me traicionara con una mujer a lo mejor hasy podía tener 2 mujeres en mi casa,VECINAS. Cortometraje. LGBT. Lesbico,Eli Navarro,2015-02-26T18:28:53Z,2015,lgtbi
88IUgOvy1ic,@arenachampion900online8,2021-03-08T05:41:48Z,1,Arriba el macho opresor,VECINAS. Cortometraje. LGBT. Lesbico,Eli Navarro,2015-02-26T18:28:53Z,2015,lgtbi
88IUgOvy1ic,@VinicioPeguero-zt9xx,2023-11-03T05:29:28Z,0,"Sy,sy,me,encanta,divertirme,con,lesbiana",VECINAS. Cortometraje. LGBT. Lesbico,Eli Navarro,2015-02-26T18:28:53Z,2015,lgtbi
88IUgOvy1ic,@josuemiguel7776,2019-11-12T04:21:44Z,0,Creo que soy de mucha derecha. Por que veo solo errores,VECINAS. Cortometraje. LGBT. Lesbico,Eli Navarro,2015-02-26T18:28:53Z,2015,lgtbi
88IUgOvy1ic,@miluskitasr4069,2019-07-20T20:39:55Z,0,Jajajjajajja  cuarteto de locassss,VECINAS. Cortometraje. LGBT. Lesbico,Eli Navarro,2015-02-26T18:28:53Z,2015,lgtbi
88IUgOvy1ic,@jorgeruiz8567,2019-07-05T13:37:54Z,0,El concepto del herotismo se apagado  es por eso que las  personas  prefieren ver una novela normal  o no tienen idea de lo que es  sensualidad  herotismo  si hacen una pelicula de Engaño. Deceo  incesto y es  para publico de criterio fomado porque tanto  temor de exponer un talento y bellesa,VECINAS. Cortometraje. LGBT. Lesbico,Eli Navarro,2015-02-26T18:28:53Z,2015,lgtbi
88IUgOvy1ic,@adrianacordova1893,2019-12-10T05:18:11Z,0,Que estafa,VECINAS. Cortometraje. LGBT. Lesbico,Eli Navarro,2015-02-26T18:28:53Z,2015,lgtbi
88IUgOvy1ic,@robertoandrade4994,2021-03-07T00:33:15Z,0,Lesbian,VECINAS. Cortometraje. LGBT. Lesbico,Eli Navarro,2015-02-26T18:28:53Z,2015,lgtbi
88IUgOvy1ic,@maricarmenbuendiafleitas161,2019-04-12T17:38:54Z,0,Pues a mi esto me abuuuurre...,VECINAS. Cortometraje. LGBT. Lesbico,Eli Navarro,2015-02-26T18:28:53Z,2015,lgtbi
88IUgOvy1ic,@ginapaulino2634,2020-01-26T18:24:16Z,0,No me inporto,VECINAS. Cortometraje. LGBT. Lesbico,Eli Navarro,2015-02-26T18:28:53Z,2015,lgtbi
88IUgOvy1ic,@veronicamaria5658,2019-10-22T01:20:07Z,0,Aqui ñ tem nem um brasileiro ñ aff quero companhia,VECINAS. Cortometraje. LGBT. Lesbico,Eli Navarro,2015-02-26T18:28:53Z,2015,lgtbi
88IUgOvy1ic,@PlanetaTierra_eltumbaburros592,2024-10-06T22:00:00Z,2,Que pedo con YouTube me lo recomendó,VECINAS. Cortometraje. LGBT. Lesbico,Eli Navarro,2015-02-26T18:28:53Z,2015,lgtbi
88IUgOvy1ic,@elgatrejo,2019-10-15T05:52:36Z,2,Nunca he tenido un encuentro con otra chica pero me siento lesbiana.,VECINAS. Cortometraje. LGBT. Lesbico,Eli Navarro,2015-02-26T18:28:53Z,2015,lgtbi
88IUgOvy1ic,@alextare1223,2019-07-30T23:12:06Z,1,Kiero una nobia.. me llamó abigail,VECINAS. Cortometraje. LGBT. Lesbico,Eli Navarro,2015-02-26T18:28:53Z,2015,lgtbi
88IUgOvy1ic,@dianavasco1871,2017-09-20T20:55:32Z,1,Hola busco novia soy lesvina y soy de ecuador,VECINAS. Cortometraje. LGBT. Lesbico,Eli Navarro,2015-02-26T18:28:53Z,2015,lgtbi
88IUgOvy1ic,@marcoescalera3566,2019-10-08T16:48:08Z,2,Fíjate que descubrí a mi esposa teniendo relaciones con su mejor amiga,VECINAS. Cortometraje. LGBT. Lesbico,Eli Navarro,2015-02-26T18:28:53Z,2015,lgtbi
88IUgOvy1ic,@heidyduran383,2020-10-15T03:44:01Z,0,Kepar delokita Con Todo respeto es,VECINAS. Cortometraje. LGBT. Lesbico,Eli Navarro,2015-02-26T18:28:53Z,2015,lgtbi
88IUgOvy1ic,@marinuxi4166,2019-12-21T20:57:45Z,1,"Pues la verdad, decir que amas a alguien y follarte a otras no me cabe en la cabeza... Yo llevo 11 años con mi pareja y en mi puta vida se me ocurriría estar con otra. En fin...",VECINAS. Cortometraje. LGBT. Lesbico,Eli Navarro,2015-02-26T18:28:53Z,2015,lgtbi
88IUgOvy1ic,@marcelitaabueno8107,2019-11-07T04:47:04Z,1,Este es 3234890930,VECINAS. Cortometraje. LGBT. Lesbico,Eli Navarro,2015-02-26T18:28:53Z,2015,lgtbi
88IUgOvy1ic,@sweetxid7982,2019-12-14T05:10:15Z,0,👎👎👎👎👎👎👎👎,VECINAS. Cortometraje. LGBT. Lesbico,Eli Navarro,2015-02-26T18:28:53Z,2015,lgtbi
88IUgOvy1ic,@gustavovalencia1397,2024-01-08T03:44:53Z,0,Que locura de verdad🤐🤐,VECINAS. Cortometraje. LGBT. Lesbico,Eli Navarro,2015-02-26T18:28:53Z,2015,lgtbi
88IUgOvy1ic,@cristianorodrigues8726,2020-09-22T23:11:36Z,0,Oi😃😃😃😃😃😃😃😃😃😃😃😃😃😃😃😃😃😃😃😃😃😃😃😃😃😃😃😃😃😃😃😃😃😃😃😃😃😃😃😃😃😃😃😃😃😃😃😃😃😃😃😃😃😃😃😃😃😃😃😃😃😃😃😃😃😃😃😃😃😃😃😃😃😃😃😃😃😃😃😃😃😃😃😃😃😃😃😃😃😃😃😃😃😃😃😃😃😃,VECINAS. Cortometraje. LGBT. Lesbico,Eli Navarro,2015-02-26T18:28:53Z,2015,lgtbi
88IUgOvy1ic,@cristianorodrigues8726,2020-09-22T23:08:56Z,0,Oi😃😃😃😃😃😃😃😃😃😃😃😃😃😃😃😃😃😃😃😃😃😃😃😃😃😃😃😃😃😃😃😃😃😃😃😃😃😃😃😃😃😃😃😃😃😃😃😃😃😃😃😃😃😃😃😃😃😃😃😃😃😃😃😃😃😃😃😃😃😃😃😃😃😃😃😃😃,VECINAS. Cortometraje. LGBT. Lesbico,Eli Navarro,2015-02-26T18:28:53Z,2015,lgtbi
88IUgOvy1ic,@aliciaabella2639,2015-10-12T13:33:22Z,0,No me aporta nada intersante,VECINAS. Cortometraje. LGBT. Lesbico,Eli Navarro,2015-02-26T18:28:53Z,2015,lgtbi
88IUgOvy1ic,@cristianorodrigues8726,2020-09-22T23:10:22Z,0,Oi😃😃😃😃😃😃😃😃😃😃😃😃😃😃😃😃😃😃😃😃😃😃😃😃😃😃😃😃😃😃😃😃😃😃😃😃😃😃😃😃😃😃😃😃😃😃😃😃😃😃😃😃😃😃😃😃😃😃😃😃😃😃😃😃😃😃😃😃😃😃😃😃😃😃😃😃😃😃😃😃😃😃😃😃😃😃😃😃😃😃😃😃😃😃😃😃😃😃😃😃😃😃,VECINAS. Cortometraje. LGBT. Lesbico,Eli Navarro,2015-02-26T18:28:53Z,2015,lgtbi
88IUgOvy1ic,@cristianorodrigues8726,2020-09-22T23:09:52Z,0,Oi😃😃😃😃😃😃😃😃😃😃😃😃😃😃😃😃😃😃😃😃😃😃😃😃😃😃😃😃😃😃😃😃😃😃😃😃😃😃😃😃😃😃😃😃😃😃😃😃😃😃😃😃😃😃😃😃😃😃😃😃😃😃😃😃😃😃😃😃😃😃😃😃😃😃😃😃😃😃😃😃😃😃😃😃😃😃😃😃😃😃😃😃😃😃😃😃😃😃😃😃😃😃😃😃😃😃😃,VECINAS. Cortometraje. LGBT. Lesbico,Eli Navarro,2015-02-26T18:28:53Z,2015,lgtbi
88IUgOvy1ic,@cristianorodrigues8726,2020-09-22T23:11:05Z,0,Oi😃😃😃😃😃😃😃😃😃😃😃😃😃😃😃😃😃😃😃😃😃😃😃😃😃😃😃😃😃😃😃😃😃😃😃😃😃😃😃😃😃😃😃😃😃😃😃😃😃😃😃😃😃😃😃😃😃😃😃😃😃😃😃😃😃😃😃😃😃😃😃😃😃😃😃😃😃😃😃😃😃😃😃😃😃😃😃😃😃😃😃😃😃😃😃😃😃😃😃😃😃😃😃😃😃😃😃😃😃😃😃😃😃😃😃😃😃😃😃😃😃😃😃😃😃😃😃😃😃😃😃😃😃😃😃😃😃😃😃😃😃😃😃😃😃😃😃😃😃😃😃😃😃😃😃😃😃😃😃😃😃😃😃😃😃😃😃😃😃😃😃😃😃😃😃😃😃😃😃😃😃,VECINAS. Cortometraje. LGBT. Lesbico,Eli Navarro,2015-02-26T18:28:53Z,2015,lgtbi
88IUgOvy1ic,@anapaula-vp4ys,2026-06-09T17:31:44Z,0,"Gente banquen a Sol y Cinzia de Gh argentina tienen un Sheepeo Solzia que las estan matando ( Garn hermano, big brother)",VECINAS. Cortometraje. LGBT. Lesbico,Eli Navarro,2015-02-26T18:28:53Z,2015,lgtbi
88IUgOvy1ic,@cristianorodrigues8726,2020-09-22T23:09:24Z,0,Oi😃😃😃😃😃😃😃😃😃😃😃😃😃😃😃😃😃😃😃😃😃😃😃😃😃😃😃😃😃😃😃😃😃😃😃😃😃😃😃😃😃😃😃😃😃😃😃😃😃😃😃😃😃😃😃😃😃😃😃😃😃😃😃😃😃😃😃😃😃😃😃😃😃😃😃😃😃😃😃😃😃😃😃😃😃😃😃😃😃😃😃😃😃😃😃😃😃😃😃😃😃😃😃😃😃,VECINAS. Cortometraje. LGBT. Lesbico,Eli Navarro,2015-02-26T18:28:53Z,2015,lgtbi
88IUgOvy1ic,@JoseAnton01980,2023-07-11T17:40:28Z,0,Soy hombre Español buscando una mujer para mí hombre con todo menos mujer y 42 años,VECINAS. Cortometraje. LGBT. Lesbico,Eli Navarro,2015-02-26T18:28:53Z,2015,lgtbi
88IUgOvy1ic,@marquezaluciafariaz5934,2019-10-30T01:25:01Z,0,Soy homofobico y dislike,VECINAS. Cortometraje. LGBT. Lesbico,Eli Navarro,2015-02-26T18:28:53Z,2015,lgtbi
88IUgOvy1ic,@Pech585,2023-02-02T21:50:31Z,0,Bonitas parejas 👭🏳️‍🌈,VECINAS. Cortometraje. LGBT. Lesbico,Eli Navarro,2015-02-26T18:28:53Z,2015,lgtbi
88IUgOvy1ic,@Anya-eg8lb,2021-09-24T19:07:13Z,0,Enserio son lesbianas:|,VECINAS. Cortometraje. LGBT. Lesbico,Eli Navarro,2015-02-26T18:28:53Z,2015,lgtbi
88IUgOvy1ic,@carlosmaidana2834,2020-03-01T20:15:40Z,0,No me gusto nada 🤢,VECINAS. Cortometraje. LGBT. Lesbico,Eli Navarro,2015-02-26T18:28:53Z,2015,lgtbi
88IUgOvy1ic,@marianabeatrizlajevillarru1515,2020-04-24T12:05:47Z,1,¡¡Qué aburrido es ser lesbiana!!,VECINAS. Cortometraje. LGBT. Lesbico,Eli Navarro,2015-02-26T18:28:53Z,2015,lgtbi
88IUgOvy1ic,@trapprincess4332,2019-05-10T02:58:34Z,1,Soy lesbiana alguna chica quiere hablar conmigo ?,VECINAS. Cortometraje. LGBT. Lesbico,Eli Navarro,2015-02-26T18:28:53Z,2015,lgtbi
88IUgOvy1ic,@angelicamc8375,2015-07-05T16:44:40Z,0,Ehhhhhhh chicas no entendí esa parte de la puta al río... Es una analogía con q??? Soy de colombia y no había escuchado esa frase,VECINAS. Cortometraje. LGBT. Lesbico,Eli Navarro,2015-02-26T18:28:53Z,2015,lgtbi
88IUgOvy1ic,@rainha5973,2020-05-20T19:44:41Z,0,Muy hippiada,VECINAS. Cortometraje. LGBT. Lesbico,Eli Navarro,2015-02-26T18:28:53Z,2015,lgtbi
88IUgOvy1ic,@jorgeromero3160,2019-07-18T20:40:50Z,0,No comprendo lo que dicen! Hablan horrible!,VECINAS. Cortometraje. LGBT. Lesbico,Eli Navarro,2015-02-26T18:28:53Z,2015,lgtbi
88IUgOvy1ic,@valeriaospina1597,2020-03-18T06:06:25Z,0,Jajaja q es está mierda jajaja jajaja me cagué de la risa,VECINAS. Cortometraje. LGBT. Lesbico,Eli Navarro,2015-02-26T18:28:53Z,2015,lgtbi
88IUgOvy1ic,@jesielelaxis7725,2018-06-22T23:34:31Z,0,Dios hizo hombre y mujer para que sean marido y mujer,VECINAS. Cortometraje. LGBT. Lesbico,Eli Navarro,2015-02-26T18:28:53Z,2015,lgtbi
88IUgOvy1ic,@luismujica6098,2019-07-31T21:49:11Z,0,Muy mal vídeo,VECINAS. Cortometraje. LGBT. Lesbico,Eli Navarro,2015-02-26T18:28:53Z,2015,lgtbi
88IUgOvy1ic,@mauriciohiguera3002,2023-10-01T00:06:13Z,0,No es adorable,VECINAS. Cortometraje. LGBT. Lesbico,Eli Navarro,2015-02-26T18:28:53Z,2015,lgtbi
88IUgOvy1ic,@edgarferrer7035,2021-02-24T11:03:57Z,0,Más mala y me mato,VECINAS. Cortometraje. LGBT. Lesbico,Eli Navarro,2015-02-26T18:28:53Z,2015,lgtbi
88IUgOvy1ic,@luismujica6098,2019-07-31T21:49:55Z,0,Los odio,VECINAS. Cortometraje. LGBT. Lesbico,Eli Navarro,2015-02-26T18:28:53Z,2015,lgtbi
88IUgOvy1ic,@royertuerzo3081,2020-03-27T05:27:01Z,0,Pensé que iban a tener más ingenio y mejor sentido del humor. Pésimo guion,VECINAS. Cortometraje. LGBT. Lesbico,Eli Navarro,2015-02-26T18:28:53Z,2015,lgtbi
88IUgOvy1ic,@ultracreador,2021-08-30T02:58:36Z,0,Lesbis,VECINAS. Cortometraje. LGBT. Lesbico,Eli Navarro,2015-02-26T18:28:53Z,2015,lgtbi
88IUgOvy1ic,@ginapaulino2634,2020-01-26T18:24:54Z,0,Es feo no sabes si te bas al diablo,VECINAS. Cortometraje. LGBT. Lesbico,Eli Navarro,2015-02-26T18:28:53Z,2015,lgtbi
88IUgOvy1ic,@erikasanchez233,2022-04-01T08:25:46Z,1,No es lesbianico es lesbiana,VECINAS. Cortometraje. LGBT. Lesbico,Eli Navarro,2015-02-26T18:28:53Z,2015,lgtbi
88IUgOvy1ic,@lavidaesunmegamix2022,2021-07-09T16:44:41Z,0,🤮🤮,VECINAS. Cortometraje. LGBT. Lesbico,Eli Navarro,2015-02-26T18:28:53Z,2015,lgtbi
88IUgOvy1ic,@irrcysc,2020-03-26T08:14:09Z,0,Q estupidez,VECINAS. Cortometraje. LGBT. Lesbico,Eli Navarro,2015-02-26T18:28:53Z,2015,lgtbi
88IUgOvy1ic,@elviramukhanedova2416,2021-04-01T12:26:36Z,0,Que aburrimiento,VECINAS. Cortometraje. LGBT. Lesbico,Eli Navarro,2015-02-26T18:28:53Z,2015,lgtbi
88IUgOvy1ic,@faustinasilvestretolentino239,2022-06-09T18:28:43Z,0,Mancos,VECINAS. Cortometraje. LGBT. Lesbico,Eli Navarro,2015-02-26T18:28:53Z,2015,lgtbi
88IUgOvy1ic,@sgjoyder2890,2020-04-07T01:00:33Z,0,QUE PUTA RISA CON ESTAS CHICAS XDDDDDDDDDDDDDD,VECINAS. Cortometraje. LGBT. Lesbico,Eli Navarro,2015-02-26T18:28:53Z,2015,lgtbi
88IUgOvy1ic,@sarapatriciamartinez4981,2026-02-27T11:34:31Z,0,Las vecinas son lesvianas,VECINAS. Cortometraje. LGBT. Lesbico,Eli Navarro,2015-02-26T18:28:53Z,2015,lgtbi
88IUgOvy1ic,@ibm0110,2023-10-06T21:51:03Z,0,"la homosexualidad está condenada por Dios... acaso no son temerosos de Dios?, cuando mueras que vas hacer?",VECINAS. Cortometraje. LGBT. Lesbico,Eli Navarro,2015-02-26T18:28:53Z,2015,lgtbi
88IUgOvy1ic,@brenbatic,2020-08-24T05:37:07Z,0,Me amas y lo sabes.... que frase de mierda ah,VECINAS. Cortometraje. LGBT. Lesbico,Eli Navarro,2015-02-26T18:28:53Z,2015,lgtbi
88IUgOvy1ic,@notfound-ft5xh,2015-05-07T19:47:53Z,0,PÉSIMO. No se entiende nada de lo que dicen,VECINAS. Cortometraje. LGBT. Lesbico,Eli Navarro,2015-02-26T18:28:53Z,2015,lgtbi
88IUgOvy1ic,@orlandoortizayquipa5206,2019-08-30T04:37:19Z,0,Que basura acabo de ver 🤮,VECINAS. Cortometraje. LGBT. Lesbico,Eli Navarro,2015-02-26T18:28:53Z,2015,lgtbi
88IUgOvy1ic,@BrendaLopez-e6m,2024-09-18T05:10:05Z,0,La chica se la diadema roja no se me hace para nada atractiva esta feita,VECINAS. Cortometraje. LGBT. Lesbico,Eli Navarro,2015-02-26T18:28:53Z,2015,lgtbi
88IUgOvy1ic,@roxanafaundez6610,2021-02-07T01:10:39Z,0,No me gusto para nada.,VECINAS. Cortometraje. LGBT. Lesbico,Eli Navarro,2015-02-26T18:28:53Z,2015,lgtbi
88IUgOvy1ic,@esnoelsilva1353,2021-09-05T09:34:58Z,0,Horrible.,VECINAS. Cortometraje. LGBT. Lesbico,Eli Navarro,2015-02-26T18:28:53Z,2015,lgtbi
88IUgOvy1ic,@LilianMorales-n5m,2024-06-27T19:41:15Z,0,Muchos niños ven esto y no me gusta que no en señen con SAS de su  edad 😡😡!,VECINAS. Cortometraje. LGBT. Lesbico,Eli Navarro,2015-02-26T18:28:53Z,2015,lgtbi
88IUgOvy1ic,@delfimcorreia712,2019-12-18T23:25:30Z,0,Porno,VECINAS. Cortometraje. LGBT. Lesbico,Eli Navarro,2015-02-26T18:28:53Z,2015,lgtbi
88IUgOvy1ic,@yoshivilla389,2019-07-14T00:24:47Z,0,"Que cochinero,es una falta de respeto para los que en realidad sabemos lo que queremos y somos los que somos,en primer lugar es la falta a uno mismo por ese tipo de jentes los demás jusgan parejo que mensaje quisiera saber yo trae ese sucio corto metraje asco lo único bueno fué Gloria",VECINAS. Cortometraje. LGBT. Lesbico,Eli Navarro,2015-02-26T18:28:53Z,2015,lgtbi
88IUgOvy1ic,@karsiansuarez2968,2015-09-19T23:22:58Z,6,"que horror lesbianas
que ago viendo estoo !!!",VECINAS. Cortometraje. LGBT. Lesbico,Eli Navarro,2015-02-26T18:28:53Z,2015,lgtbi
Tx3WuPYU_cE,@cesardejesusmelendezguevar7691,2015-07-08T16:44:03Z,1,"esto no es motivo de orgullo, mas bien un motivo de vergüenza, hay que buscar de Dios por que esta cerca la venida de JESUCRISTO...",España celebra el día del Orgullo Gay tras diez años de ley que les permite casarse,NTN24,2015-07-04T20:22:48Z,2015,lgtbi
kRx6cvcsbLQ,@pepe-jt2zi,2020-04-25T09:07:47Z,181,A RT no le gusta esto!,Los homosexuales sufren persecución en Rusia,DW Español,2015-05-19T14:32:55Z,2015,lgtbi
kRx6cvcsbLQ,@alejandrodelacruzbernachea620,2020-05-28T22:11:31Z,155,"Pero según dicen que la homosexualidad no esta penado Rusia, sino la propaganda homosexual a menores de edad. Tengo muchas dudas?",Los homosexuales sufren persecución en Rusia,DW Español,2015-05-19T14:32:55Z,2015,lgtbi
kRx6cvcsbLQ,@leewis.99,2020-12-06T23:11:11Z,8,Los comentarios?????????????????????????????,Los homosexuales sufren persecución en Rusia,DW Español,2015-05-19T14:32:55Z,2015,lgtbi
kRx6cvcsbLQ,@rocho8023,2020-11-08T00:03:36Z,18,"Y la comunidad inmigrante sufre persecución en Alemania y en los demás países de la UE como Hungría, Croacia, Polonia y Ucrania. Alguna nota al respecto?",Los homosexuales sufren persecución en Rusia,DW Español,2015-05-19T14:32:55Z,2015,lgtbi
kRx6cvcsbLQ,@pablorico844,2020-06-20T13:38:17Z,13,Jajajajjajajajajaja el lavado de imagen,Los homosexuales sufren persecución en Rusia,DW Español,2015-05-19T14:32:55Z,2015,lgtbi
kRx6cvcsbLQ,@carlosleopold7943,2021-08-14T15:14:20Z,17,Dónde están los vídeos de la DW que denuncian la discriminación que sufren las mujeres heterosexual por parte de los hombres homosexuales??,Los homosexuales sufren persecución en Rusia,DW Español,2015-05-19T14:32:55Z,2015,lgtbi
kRx6cvcsbLQ,@kriztk6820,2020-11-23T19:40:55Z,6,*XDDDDDD*,Los homosexuales sufren persecución en Rusia,DW Español,2015-05-19T14:32:55Z,2015,lgtbi
kRx6cvcsbLQ,@joseantoniocortes661,2020-08-12T19:19:01Z,94,"Sólo conozco enfermedades psicológicas y psiquiatricas, no psíquicas.",Los homosexuales sufren persecución en Rusia,DW Español,2015-05-19T14:32:55Z,2015,lgtbi
kRx6cvcsbLQ,@manuelcorteganarodriguez7654,2021-05-05T05:22:31Z,2,"Un centenar???, una cantidad que alcanza o supera la mitad de la poblacion de dicha ciudad, por favor.",Los homosexuales sufren persecución en Rusia,DW Español,2015-05-19T14:32:55Z,2015,lgtbi
kRx6cvcsbLQ,@rayooblanco,2023-09-28T22:24:02Z,0,"COMO ES EL APELLIDO? ,...",Los homosexuales sufren persecución en Rusia,DW Español,2015-05-19T14:32:55Z,2015,lgtbi
kRx6cvcsbLQ,@timelengedary2560,2021-08-23T04:13:49Z,5,Rusia está muy basado 😎🤝,Los homosexuales sufren persecución en Rusia,DW Español,2015-05-19T14:32:55Z,2015,lgtbi
kRx6cvcsbLQ,@sergiopachecopacheco,2023-07-09T21:23:38Z,3,🎉🎉👏👏👏👏,Los homosexuales sufren persecución en Rusia,DW Español,2015-05-19T14:32:55Z,2015,lgtbi
kRx6cvcsbLQ,@carlosleopold7943,2021-08-14T15:11:39Z,4,Dónde están los vídeos de la DW que denuncian la discriminación que sufrimos los hombres por parte de las mujeres lesbianas???,Los homosexuales sufren persecución en Rusia,DW Español,2015-05-19T14:32:55Z,2015,lgtbi
kRx6cvcsbLQ,@dimitreeremaster2175,2020-07-11T00:37:26Z,1,Pues yo no lo lea pregunté,Los homosexuales sufren persecución en Rusia,DW Español,2015-05-19T14:32:55Z,2015,lgtbi
kRx6cvcsbLQ,@danyfalso9584,2020-10-05T07:38:26Z,3,xd,Los homosexuales sufren persecución en Rusia,DW Español,2015-05-19T14:32:55Z,2015,lgtbi
kRx6cvcsbLQ,@juan9349,2021-04-29T01:53:19Z,8,Me quiero ir para aya,Los homosexuales sufren persecución en Rusia,DW Español,2015-05-19T14:32:55Z,2015,lgtbi
kRx6cvcsbLQ,@carlosleopold7943,2021-08-14T15:12:56Z,5,Dónde están los vídeos de la DW que denuncian la discriminación que sufrimos los hombres y mujeres blancos por parte de gente de raza negra???,Los homosexuales sufren persecución en Rusia,DW Español,2015-05-19T14:32:55Z,2015,lgtbi
kRx6cvcsbLQ,@davidescareno8387,2021-04-14T15:08:16Z,17,14 04 2021 y Putin ganó.,Los homosexuales sufren persecución en Rusia,DW Español,2015-05-19T14:32:55Z,2015,lgtbi
kRx6cvcsbLQ,@AngelMadonna,2022-11-24T04:58:22Z,0,Igualdad,Los homosexuales sufren persecución en Rusia,DW Español,2015-05-19T14:32:55Z,2015,lgtbi
kRx6cvcsbLQ,@AntarAcosta,2022-02-11T23:56:58Z,2,Que triste leer la sección de comentarios,Los homosexuales sufren persecución en Rusia,DW Español,2015-05-19T14:32:55Z,2015,lgtbi
kRx6cvcsbLQ,@danielcamiloromeromontano4856,2021-10-03T22:36:28Z,6,joder cuantos niños edgys en los comentarios,Los homosexuales sufren persecución en Rusia,DW Español,2015-05-19T14:32:55Z,2015,lgtbi
kRx6cvcsbLQ,@Cyro9143,2021-12-23T13:48:01Z,14,"Bueno, no está mal poner límites y marcar que es lo no se debe hacer, pero como dice el dicho “todo extremo es malo” y Rusia va tirando mucho al extremo",Los homosexuales sufren persecución en Rusia,DW Español,2015-05-19T14:32:55Z,2015,lgtbi
kRx6cvcsbLQ,@andreatachibana9242,2021-05-14T19:15:04Z,26,"No todo queremos ese ejemplo a nuestros hijos ,no todos queremos ver normal la HOMOSEXUALIDAD respeten las áreas publicas",Los homosexuales sufren persecución en Rusia,DW Español,2015-05-19T14:32:55Z,2015,lgtbi
kRx6cvcsbLQ,@lobitoking2272,2021-02-27T22:12:24Z,0,Ta  bien,Los homosexuales sufren persecución en Rusia,DW Español,2015-05-19T14:32:55Z,2015,lgtbi
kRx6cvcsbLQ,@angelmadonna6558,2022-11-15T08:43:23Z,1,NO ROBARÁS NO MATARÁS NO JUZGARAS NO MENTIRAS NO COMETERÁS ACTOS IMPUROS AMARAS A TU PRÓJIMO COMO A TI MISMO SOBRÉ TODAS LAS COSAS AMARÁS A DIOS,Los homosexuales sufren persecución en Rusia,DW Español,2015-05-19T14:32:55Z,2015,lgtbi
kRx6cvcsbLQ,@norrinRadd2149,2021-06-04T08:13:50Z,14,no pensé q  los rusos fueran tan conservadores,Los homosexuales sufren persecución en Rusia,DW Español,2015-05-19T14:32:55Z,2015,lgtbi
kRx6cvcsbLQ,@DanielTorres-uz7pu,2020-05-18T03:41:56Z,3,:v,Los homosexuales sufren persecución en Rusia,DW Español,2015-05-19T14:32:55Z,2015,lgtbi
kRx6cvcsbLQ,@felinioaluminio7955,2020-07-26T16:19:04Z,367,Bien hecho Rusia demuestra quién manda!!!,Los homosexuales sufren persecución en Rusia,DW Español,2015-05-19T14:32:55Z,2015,lgtbi
kRx6cvcsbLQ,@lobrine8681,2021-11-03T15:27:40Z,0,bien,Los homosexuales sufren persecución en Rusia,DW Español,2015-05-19T14:32:55Z,2015,lgtbi
kRx6cvcsbLQ,@arielmaximo8311,2020-03-26T23:51:59Z,2,🤷‍♂️,Los homosexuales sufren persecución en Rusia,DW Español,2015-05-19T14:32:55Z,2015,lgtbi
kRx6cvcsbLQ,@Meow-cu1zs,2020-03-24T22:25:56Z,24,¿Desde cuándo amar y ser amado esta mal?,Los homosexuales sufren persecución en Rusia,DW Español,2015-05-19T14:32:55Z,2015,lgtbi
kRx6cvcsbLQ,@elrincondebred,2022-01-23T00:18:26Z,3,"Chicos, me voy a Rusia, quien me acompaña?",Los homosexuales sufren persecución en Rusia,DW Español,2015-05-19T14:32:55Z,2015,lgtbi
kRx6cvcsbLQ,@unpatriotacualquiera8867,2020-11-14T18:56:56Z,16,BIEN,Los homosexuales sufren persecución en Rusia,DW Español,2015-05-19T14:32:55Z,2015,lgtbi
kRx6cvcsbLQ,@javierurbano5132,2023-09-15T16:26:27Z,2,"No confundan,no es persecución, deben saber que sus derechos terminan donde comienzan los derechos de los demás.",Los homosexuales sufren persecución en Rusia,DW Español,2015-05-19T14:32:55Z,2015,lgtbi
kRx6cvcsbLQ,@AngelMadonna,2022-11-24T04:58:08Z,0,Perdona,Los homosexuales sufren persecución en Rusia,DW Español,2015-05-19T14:32:55Z,2015,lgtbi
kRx6cvcsbLQ,@martinezhernandezisaaculis7679,2020-12-10T07:02:21Z,42,"Veo un chingo de gente piel morena diciendo que ""Rusia es la mejor nación"" no mames para ellos tú eres como un estorbo, o sea dejen de andar diciendo mamadas",Los homosexuales sufren persecución en Rusia,DW Español,2015-05-19T14:32:55Z,2015,lgtbi
kRx6cvcsbLQ,@benja5346,2021-06-02T19:35:09Z,6,valla Rusia no es el mejor país,Los homosexuales sufren persecución en Rusia,DW Español,2015-05-19T14:32:55Z,2015,lgtbi
kRx6cvcsbLQ,@brandoncasillas293,2021-03-19T08:23:48Z,53,Moraleja si eres LGBT no vayas a rusia xd,Los homosexuales sufren persecución en Rusia,DW Español,2015-05-19T14:32:55Z,2015,lgtbi
kRx6cvcsbLQ,@aisc9463,2021-07-24T05:55:13Z,2,Jajaja 🐬otos,Los homosexuales sufren persecución en Rusia,DW Español,2015-05-19T14:32:55Z,2015,lgtbi
kRx6cvcsbLQ,@AngelMadonna,2022-11-24T04:57:58Z,1,Respeta,Los homosexuales sufren persecución en Rusia,DW Español,2015-05-19T14:32:55Z,2015,lgtbi
kRx6cvcsbLQ,@Diego-if8vw,2020-02-16T04:24:47Z,89,"Se nota la ignorancia en los comentarios 




Si usamos su lógica y la de Rusia todas las parejas publicas deberían ser prohibidas, incluso las que somos heterosexuales.",Los homosexuales sufren persecución en Rusia,DW Español,2015-05-19T14:32:55Z,2015,lgtbi
kRx6cvcsbLQ,@manuelcasas1449,2020-05-19T21:54:52Z,9,Persecución? yo no eh visto a Rusia persiguiendo a un homosexual como los soviéticos a aquel que no estaba de acuerdo con el partido de esa época,Los homosexuales sufren persecución en Rusia,DW Español,2015-05-19T14:32:55Z,2015,lgtbi
kRx6cvcsbLQ,@edvalero9100,2021-07-16T16:49:33Z,16,"a mi me han acosado muchos homosexual es a lo largo de mi vida, al menos alguien hace justicia",Los homosexuales sufren persecución en Rusia,DW Español,2015-05-19T14:32:55Z,2015,lgtbi
kRx6cvcsbLQ,@AngelMadonna,2022-11-24T04:58:03Z,0,Ama,Los homosexuales sufren persecución en Rusia,DW Español,2015-05-19T14:32:55Z,2015,lgtbi
kRx6cvcsbLQ,@margaritafernandez6144,2021-05-17T23:56:24Z,1,"....y los cristianos, en el mundo entero.",Los homosexuales sufren persecución en Rusia,DW Español,2015-05-19T14:32:55Z,2015,lgtbi
kRx6cvcsbLQ,@wrenchproductions,2020-06-17T06:50:13Z,6,Да здравствует Россия,Los homosexuales sufren persecución en Rusia,DW Español,2015-05-19T14:32:55Z,2015,lgtbi
kRx6cvcsbLQ,@ga6owo05,2020-05-24T10:07:32Z,42,"Todas las personas tienen el mismo valor, nadie merece ser juzgado o humillado, y si usan una religion para argumentar su odio son idiotas porque el odio no viene de la religion, si no del miedo",Los homosexuales sufren persecución en Rusia,DW Español,2015-05-19T14:32:55Z,2015,lgtbi
kRx6cvcsbLQ,@vitiachao9765,2015-05-19T14:56:53Z,6,"No se entiende por qué bajo un mismo título 'Los homosexuales sufren persecución en Rusia' han mezclado información de Rusia y de Moldavia, países independientes desde 1991.",Los homosexuales sufren persecución en Rusia,DW Español,2015-05-19T14:32:55Z,2015,lgtbi
kRx6cvcsbLQ,@manuelvaldiviezo2525,2021-03-28T14:22:06Z,0,Jajaja,Los homosexuales sufren persecución en Rusia,DW Español,2015-05-19T14:32:55Z,2015,lgtbi
kRx6cvcsbLQ,@rayooblanco,2023-09-28T22:24:16Z,0,MACHIN?,Los homosexuales sufren persecución en Rusia,DW Español,2015-05-19T14:32:55Z,2015,lgtbi
kRx6cvcsbLQ,@JoseManuelMorenodelAguila,2020-04-05T09:34:07Z,13,"Miles y más miles de años de evolución del ser humano y seguimos sin respetar la posibilidad de otras formas de amar. otras formas de aceptar y otras formas de convivir. Todo aquello que la madre naturaleza permite, es intrínseco a la creación, un breve paseo por la historia del planeta nos invita a comprobar que nos une el amor, y nos separan las diferencias basadas en el miedo. Y ahora te pregunto a ti, que lees este comentario. ¿Eres de los que aceptan todo lo creado, o eres de los que van contra lo que la madre naturaleza ha depositado en su estructura, opciones no binarias incluidas?",Los homosexuales sufren persecución en Rusia,DW Español,2015-05-19T14:32:55Z,2015,lgtbi
kRx6cvcsbLQ,@dogeoxd4372,2021-06-26T08:33:12Z,8,Hora de ir a rusia,Los homosexuales sufren persecución en Rusia,DW Español,2015-05-19T14:32:55Z,2015,lgtbi
kRx6cvcsbLQ,@willyantonyllerena8965,2021-09-24T17:29:07Z,51,Deberían haber más países como Rusia,Los homosexuales sufren persecución en Rusia,DW Español,2015-05-19T14:32:55Z,2015,lgtbi
kRx6cvcsbLQ,@alexisesau108,2021-06-28T16:29:16Z,1,Dw cuando la discriminación en paices de medio oriente???????,Los homosexuales sufren persecución en Rusia,DW Español,2015-05-19T14:32:55Z,2015,lgtbi
kRx6cvcsbLQ,@alexsr7341,2022-06-16T07:11:32Z,0,y para mi que bien,Los homosexuales sufren persecución en Rusia,DW Español,2015-05-19T14:32:55Z,2015,lgtbi
kRx6cvcsbLQ,@Ghost-kw1xd,2021-03-06T06:13:02Z,10,"Grande Russia!!! 

(No me vengan con mamadas que las probabilidades de que responda son ESTÚPIDAMENTE BAJAS y lo dije en broma así que no jodan)",Los homosexuales sufren persecución en Rusia,DW Español,2015-05-19T14:32:55Z,2015,lgtbi
kRx6cvcsbLQ,@999ullxa,2020-11-03T01:57:24Z,50,Así es Rusia !!!! Así se hace !!!,Los homosexuales sufren persecución en Rusia,DW Español,2015-05-19T14:32:55Z,2015,lgtbi
kRx6cvcsbLQ,@Nifelheim1983,2020-02-22T01:42:10Z,16,Acá en México los transexuales reciben hormonizaciones gratuitas con cargo al erario público.,Los homosexuales sufren persecución en Rusia,DW Español,2015-05-19T14:32:55Z,2015,lgtbi
kRx6cvcsbLQ,@AngelMadonna,2022-11-24T04:59:21Z,0,No hagas lo qué no quieres qué te hagan,Los homosexuales sufren persecución en Rusia,DW Español,2015-05-19T14:32:55Z,2015,lgtbi
kRx6cvcsbLQ,@randygonzalez9561,2022-08-02T05:08:48Z,2,Queremos tener novia no ser gay,Los homosexuales sufren persecución en Rusia,DW Español,2015-05-19T14:32:55Z,2015,lgtbi
kRx6cvcsbLQ,@Jeancarloconsultor,2021-01-20T11:04:20Z,21,"Ser o no ser no tiene ninguna relevancia, es decisión y la vida de cada individuo. Pero lo que debe estar prohibido es interferir en el desarrollo de los niños cada infante decidirá si es o no, eso es una  moralidad democrática....",Los homosexuales sufren persecución en Rusia,DW Español,2015-05-19T14:32:55Z,2015,lgtbi
kRx6cvcsbLQ,@Tx8s,2020-07-03T07:17:55Z,6,Soy bisexual algún problema,Los homosexuales sufren persecución en Rusia,DW Español,2015-05-19T14:32:55Z,2015,lgtbi
kRx6cvcsbLQ,@ivanbernardo6592,2022-02-07T18:55:43Z,4,"Como puede ser que haya tantos comentarios justificando la persecución de Homosexuales, es un mundo libre por favor!!! no les afecta en nada y a nadie que 2 mujeres salgan o que 2 hombres sean parejas, me resulta muy Repulsivo ver tantos comentarios apoyando este tipo de situaciones",Los homosexuales sufren persecución en Rusia,DW Español,2015-05-19T14:32:55Z,2015,lgtbi
kRx6cvcsbLQ,@AngelMadonna,2022-11-24T04:57:23Z,0,Sólo Dios puede juzgar,Los homosexuales sufren persecución en Rusia,DW Español,2015-05-19T14:32:55Z,2015,lgtbi
kRx6cvcsbLQ,@ferchcolateqwq4222,2021-12-20T21:24:14Z,0,"La biblia:los hombres no se pueden maquillar.
Los payasos: 0-0",Los homosexuales sufren persecución en Rusia,DW Español,2015-05-19T14:32:55Z,2015,lgtbi
kRx6cvcsbLQ,@21luxAeterna,2015-05-19T14:57:52Z,22,No worse than Saudi  Arabia,Los homosexuales sufren persecución en Rusia,DW Español,2015-05-19T14:32:55Z,2015,lgtbi
kRx6cvcsbLQ,@elfutbolesmipacion9113,2022-01-03T07:37:20Z,4,Creo que no hemos aprendido nada sobre las barbaridades de la guerra y las injusticias. Ignorancia hace que volvamos hacer lo mismo que muchos temen. INJUSTO,Los homosexuales sufren persecución en Rusia,DW Español,2015-05-19T14:32:55Z,2015,lgtbi
kRx6cvcsbLQ,@alvarooo1889,2020-06-09T00:10:50Z,111,Que hermoso país homófobo 😢,Los homosexuales sufren persecución en Rusia,DW Español,2015-05-19T14:32:55Z,2015,lgtbi
kRx6cvcsbLQ,@pablomendez8773,2021-05-22T05:58:11Z,2,Eso se asé Putin...,Los homosexuales sufren persecución en Rusia,DW Español,2015-05-19T14:32:55Z,2015,lgtbi
kRx6cvcsbLQ,@VirusEsparcePlaga,2021-06-28T14:19:20Z,0,Jajajaja,Los homosexuales sufren persecución en Rusia,DW Español,2015-05-19T14:32:55Z,2015,lgtbi
kRx6cvcsbLQ,@nauycacagaming,2020-06-30T18:52:04Z,7,Será porqué no saben guardar sus gustos para ellos mismos.,Los homosexuales sufren persecución en Rusia,DW Español,2015-05-19T14:32:55Z,2015,lgtbi
kRx6cvcsbLQ,@sebastiangg9971,2021-09-27T16:11:31Z,8,Viva la madre rusia!,Los homosexuales sufren persecución en Rusia,DW Español,2015-05-19T14:32:55Z,2015,lgtbi
kRx6cvcsbLQ,@Tralexse,2020-07-20T01:07:10Z,9,Like si quieres vivir en Rusia,Los homosexuales sufren persecución en Rusia,DW Español,2015-05-19T14:32:55Z,2015,lgtbi
kRx6cvcsbLQ,@rayooblanco,2023-09-28T22:00:07Z,0,"Y ADEMAS SI SE PONEN EN ESE PLAN, CUANDO ACABAN?,...",Los homosexuales sufren persecución en Rusia,DW Español,2015-05-19T14:32:55Z,2015,lgtbi
kRx6cvcsbLQ,@richardlaragonzalez4673,2021-08-22T07:06:34Z,0,No ya vienen los XD,Los homosexuales sufren persecución en Rusia,DW Español,2015-05-19T14:32:55Z,2015,lgtbi
kRx6cvcsbLQ,@elprotectordetesoros123,2021-11-23T17:40:43Z,3,vamos RUSIA!!!!!!!!!!!!!!!!!,Los homosexuales sufren persecución en Rusia,DW Español,2015-05-19T14:32:55Z,2015,lgtbi
kRx6cvcsbLQ,@macrisis52,2021-11-06T03:37:23Z,8,"es un país de primer mundo, y su economía está creciendo🙂, y hay homofobia🙂",Los homosexuales sufren persecución en Rusia,DW Español,2015-05-19T14:32:55Z,2015,lgtbi
kRx6cvcsbLQ,@tladk7635,2021-07-01T05:35:06Z,9,Así es como lo hacemos en la madre Rusia  :v,Los homosexuales sufren persecución en Rusia,DW Español,2015-05-19T14:32:55Z,2015,lgtbi
kRx6cvcsbLQ,@rayooblanco,2023-09-28T21:54:51Z,0,Y NO ME ENTROPIEZO AL TEMA POLITICO.,Los homosexuales sufren persecución en Rusia,DW Español,2015-05-19T14:32:55Z,2015,lgtbi
kRx6cvcsbLQ,@elatroceraptor_662,2022-10-11T05:52:00Z,0,Que pro los policías,Los homosexuales sufren persecución en Rusia,DW Español,2015-05-19T14:32:55Z,2015,lgtbi
kRx6cvcsbLQ,@_alien-01_47,2021-04-06T19:27:32Z,5,"Pue tonces nunca podre ir a Rusia qwq ya k soy lesbiana 


Autolike pa no desaparecer unu",Los homosexuales sufren persecución en Rusia,DW Español,2015-05-19T14:32:55Z,2015,lgtbi
kRx6cvcsbLQ,@natalia_rodripe,2019-10-02T01:39:58Z,25,Pues yo admiro a Rusia y a Putin pero ahora me da miedo ir :c,Los homosexuales sufren persecución en Rusia,DW Español,2015-05-19T14:32:55Z,2015,lgtbi
kRx6cvcsbLQ,@seaos5926,2021-12-22T21:31:24Z,22,"Aquí demostrando los rusos por qué ganaron la segunda Guerra mundial, Rusia tiene valores de verdad y una cultura original!",Los homosexuales sufren persecución en Rusia,DW Español,2015-05-19T14:32:55Z,2015,lgtbi
kRx6cvcsbLQ,@rayooblanco,2023-09-28T21:59:04Z,0,LITERAKMENTE*,Los homosexuales sufren persecución en Rusia,DW Español,2015-05-19T14:32:55Z,2015,lgtbi
kRx6cvcsbLQ,@contralienzo3832,2021-10-02T22:53:22Z,2,A 96 amantes de Putin no les gusta el vídeo.,Los homosexuales sufren persecución en Rusia,DW Español,2015-05-19T14:32:55Z,2015,lgtbi
kRx6cvcsbLQ,@mireyamoreno1085,2021-03-05T14:05:57Z,25,Me parece bien lo que hace este  país así no le meten ideas absurdas a los niños que son inocentes al ver este tipo de personas,Los homosexuales sufren persecución en Rusia,DW Español,2015-05-19T14:32:55Z,2015,lgtbi
kRx6cvcsbLQ,@josezerpa8177,2021-06-13T01:44:36Z,15,"No se trata de intolerancia, sino de que el lobby gay quiere imponer su ideologia sobre la mayoria. Bien por Rusia y bien por Moldavia.",Los homosexuales sufren persecución en Rusia,DW Español,2015-05-19T14:32:55Z,2015,lgtbi
kRx6cvcsbLQ,@horaciosporting,2020-11-23T20:01:46Z,2,Viva rusia la gran madre patria querida,Los homosexuales sufren persecución en Rusia,DW Español,2015-05-19T14:32:55Z,2015,lgtbi
kRx6cvcsbLQ,@megaknightff576,2022-07-07T08:47:00Z,0,Rusia basado,Los homosexuales sufren persecución en Rusia,DW Español,2015-05-19T14:32:55Z,2015,lgtbi
kRx6cvcsbLQ,@victorvalladares3336,2021-09-13T01:17:06Z,0,En rusia serespeta.  Sinolesgusta qsebayan,Los homosexuales sufren persecución en Rusia,DW Español,2015-05-19T14:32:55Z,2015,lgtbi
kRx6cvcsbLQ,@argMaan,2020-11-09T14:22:41Z,46,*Aguante la madre Rusia*,Los homosexuales sufren persecución en Rusia,DW Español,2015-05-19T14:32:55Z,2015,lgtbi
kRx6cvcsbLQ,@kissyfurcandy4987,2020-03-17T01:59:59Z,11,"Acá en México les dieron la mano y se agarraron la pata !!!! Esto quiere decir, que se sientes más que empoderados y en sus marchas hacen desfiguro y medio y nadie les dice nada !!!! Los niños están acostumbrados a estas actitudes que ya lo ven como algo normal !!! Y NO ES ASÍ !!!!!",Los homosexuales sufren persecución en Rusia,DW Español,2015-05-19T14:32:55Z,2015,lgtbi
kRx6cvcsbLQ,@Kang-uu1wi,2021-06-20T19:05:34Z,5,Me voy a vivir a Rusia.,Los homosexuales sufren persecución en Rusia,DW Español,2015-05-19T14:32:55Z,2015,lgtbi
kRx6cvcsbLQ,@marryme8211,2021-08-16T04:37:09Z,0,Entonces mariko ya no es un insulto? Pta madre,Los homosexuales sufren persecución en Rusia,DW Español,2015-05-19T14:32:55Z,2015,lgtbi
kRx6cvcsbLQ,@rayooblanco,2023-09-28T22:17:38Z,0,"PST,.. NASURSS TCH XD",Los homosexuales sufren persecución en Rusia,DW Español,2015-05-19T14:32:55Z,2015,lgtbi
kRx6cvcsbLQ,@Sinrazon.-.,2022-03-09T00:25:15Z,3,"los comentarios recientes  están bien estup*dos la verdad 
yo seguiré con mi filosofía:
Vive y deja vivir",Los homosexuales sufren persecución en Rusia,DW Español,2015-05-19T14:32:55Z,2015,lgtbi
kRx6cvcsbLQ,@urieljimenez4789,2020-10-13T19:10:06Z,32,Grande Putin,Los homosexuales sufren persecución en Rusia,DW Español,2015-05-19T14:32:55Z,2015,lgtbi
kRx6cvcsbLQ,@Totel879,2021-01-17T20:52:48Z,5,Yo tengo un tío gay y ni siquiera me acerco,Los homosexuales sufren persecución en Rusia,DW Español,2015-05-19T14:32:55Z,2015,lgtbi
kRx6cvcsbLQ,@nahuncerrato.1262,2022-01-07T20:46:23Z,0,Siiii 🇷🇺,Los homosexuales sufren persecución en Rusia,DW Español,2015-05-19T14:32:55Z,2015,lgtbi
kRx6cvcsbLQ,@AnaisabelMontejano,2025-07-31T03:50:51Z,0,👏👏👏👏🇷🇺🙏,Los homosexuales sufren persecución en Rusia,DW Español,2015-05-19T14:32:55Z,2015,lgtbi
kRx6cvcsbLQ,@aaronarellano8751,2020-12-03T23:17:28Z,14,No bajes solo encontraras weyes diciendo HaCy lO aSem0s eN lA maDrE RwsA,Los homosexuales sufren persecución en Rusia,DW Español,2015-05-19T14:32:55Z,2015,lgtbi
kRx6cvcsbLQ,@maxxomix,2021-10-21T16:52:30Z,72,Me dieron ganas de vivir en rusia 🥵🥵,Los homosexuales sufren persecución en Rusia,DW Español,2015-05-19T14:32:55Z,2015,lgtbi
kRx6cvcsbLQ,@marcosrangel5919,2017-11-20T15:29:59Z,49,Viva Rusia!!!,Los homosexuales sufren persecución en Rusia,DW Español,2015-05-19T14:32:55Z,2015,lgtbi
kRx6cvcsbLQ,@marcoantonioflores2247,2022-09-21T01:33:56Z,0,Jajaja jajajaja jajajaja,Los homosexuales sufren persecución en Rusia,DW Español,2015-05-19T14:32:55Z,2015,lgtbi
kRx6cvcsbLQ,@rayooblanco,2023-09-28T22:31:52Z,0,Y ESO QUE ME ENTERE POR AQUELLOS LARES LES GUSTAN LOS HERMANOS CUESTAS.,Los homosexuales sufren persecución en Rusia,DW Español,2015-05-19T14:32:55Z,2015,lgtbi
kRx6cvcsbLQ,@Yo-ul8yh,2021-10-14T22:37:44Z,4,Razones por las cueles nunca visitaría Rusia,Los homosexuales sufren persecución en Rusia,DW Español,2015-05-19T14:32:55Z,2015,lgtbi
kRx6cvcsbLQ,@francogarcia4551,2020-07-22T09:18:17Z,4,De 10,Los homosexuales sufren persecución en Rusia,DW Español,2015-05-19T14:32:55Z,2015,lgtbi
kRx6cvcsbLQ,@picho3647,2019-06-18T14:20:41Z,35,Ami me gustan las viejas !!! Por qué soy hombre  💪🏽,Los homosexuales sufren persecución en Rusia,DW Español,2015-05-19T14:32:55Z,2015,lgtbi
kRx6cvcsbLQ,@carlosleopold7943,2021-08-21T23:14:03Z,0,"Y los hombres blancos, heterosexual somos discriminados en Europa Y América.",Los homosexuales sufren persecución en Rusia,DW Español,2015-05-19T14:32:55Z,2015,lgtbi
kRx6cvcsbLQ,@Lazaruz-60Hz,2022-04-13T20:31:42Z,0,0:36 para el gulag,Los homosexuales sufren persecución en Rusia,DW Español,2015-05-19T14:32:55Z,2015,lgtbi
kRx6cvcsbLQ,@GHOST-tr2wr,2021-06-29T22:21:53Z,17,Como me hubiese gustado ser ruso,Los homosexuales sufren persecución en Rusia,DW Español,2015-05-19T14:32:55Z,2015,lgtbi
kRx6cvcsbLQ,@jhoncuriirineo8596,2020-05-14T15:12:12Z,26,Bien por rusia,Los homosexuales sufren persecución en Rusia,DW Español,2015-05-19T14:32:55Z,2015,lgtbi
kRx6cvcsbLQ,@pedrovasquez2346,2020-09-25T09:25:06Z,15,Viva Rusia,Los homosexuales sufren persecución en Rusia,DW Español,2015-05-19T14:32:55Z,2015,lgtbi
kRx6cvcsbLQ,@rayooblanco,2023-09-28T22:35:52Z,0,"Y SI JUSTO ES CARNAVAL,  NI LOS VILLAGE PEOPLE,...",Los homosexuales sufren persecución en Rusia,DW Español,2015-05-19T14:32:55Z,2015,lgtbi
kRx6cvcsbLQ,@rayooblanco,2023-09-28T22:21:04Z,0,"ASI K NO SE OLVIDEN DE SUS SPUT,.. NIKS,...",Los homosexuales sufren persecución en Rusia,DW Español,2015-05-19T14:32:55Z,2015,lgtbi
kRx6cvcsbLQ,@Davidperez-kv7ki,2021-07-18T05:17:26Z,39,Ojala todos lo paises fueran como rusia,Los homosexuales sufren persecución en Rusia,DW Español,2015-05-19T14:32:55Z,2015,lgtbi
kRx6cvcsbLQ,@zoxenxbox7243,2021-10-04T21:57:41Z,5,"""sufren persecución"" pobrecitos ....",Los homosexuales sufren persecución en Rusia,DW Español,2015-05-19T14:32:55Z,2015,lgtbi
kRx6cvcsbLQ,@nikolderosas2000,2020-07-03T20:03:06Z,47,Viva Rusia !!!!!!!!!!!!!!!!!!!!!!!!!!!!!!!!!!!,Los homosexuales sufren persecución en Rusia,DW Español,2015-05-19T14:32:55Z,2015,lgtbi
kRx6cvcsbLQ,@lavidaesunmegamix2022,2021-11-12T00:58:09Z,1,VIVA RUSIA,Los homosexuales sufren persecución en Rusia,DW Español,2015-05-19T14:32:55Z,2015,lgtbi
kRx6cvcsbLQ,@rayooblanco,2023-09-28T22:11:50Z,0,_No Condenéis y no seréis Condenados. Jesucristo_,Los homosexuales sufren persecución en Rusia,DW Español,2015-05-19T14:32:55Z,2015,lgtbi
kRx6cvcsbLQ,@MrTiagogh,2023-03-27T23:48:38Z,7,"Rusia, un país con mucho sentido común por suerte",Los homosexuales sufren persecución en Rusia,DW Español,2015-05-19T14:32:55Z,2015,lgtbi
kRx6cvcsbLQ,@dio6171,2020-11-04T16:15:35Z,20,bien por Rusia,Los homosexuales sufren persecución en Rusia,DW Español,2015-05-19T14:32:55Z,2015,lgtbi
kRx6cvcsbLQ,@JoseSuarez-np3nt,2020-05-12T00:09:54Z,47,Me encanta,Los homosexuales sufren persecución en Rusia,DW Español,2015-05-19T14:32:55Z,2015,lgtbi
kRx6cvcsbLQ,@AngelMadonna,2022-11-24T04:57:47Z,0,🏳️‍🌈🏳️‍🌈🏳️‍🌈🏳️‍🌈🏳️‍🌈🏳️‍🌈,Los homosexuales sufren persecución en Rusia,DW Español,2015-05-19T14:32:55Z,2015,lgtbi
kRx6cvcsbLQ,@rayooblanco,2023-09-28T22:06:02Z,0,"Y UNA MAS PEOR, ASEDIA, NO LAS DESOBEDIIENCIAS, SINO EL HACER AUSENTE A DIOS.",Los homosexuales sufren persecución en Rusia,DW Español,2015-05-19T14:32:55Z,2015,lgtbi
kRx6cvcsbLQ,@Dr.RUbstain,2018-04-23T03:47:12Z,25,Vamos rusiaa,Los homosexuales sufren persecución en Rusia,DW Español,2015-05-19T14:32:55Z,2015,lgtbi
kRx6cvcsbLQ,@Westcott79,2020-12-07T18:00:21Z,37,Bien rusia,Los homosexuales sufren persecución en Rusia,DW Español,2015-05-19T14:32:55Z,2015,lgtbi
kRx6cvcsbLQ,@andreafontainesCR,2020-12-13T21:57:14Z,3,Los pájaros no se comerán los globos que soltaron?,Los homosexuales sufren persecución en Rusia,DW Español,2015-05-19T14:32:55Z,2015,lgtbi
kRx6cvcsbLQ,@rayooblanco,2023-09-28T22:29:20Z,0,"MHHHMH,.. COMO SERA EN UCRANIA, MHHH?,...",Los homosexuales sufren persecución en Rusia,DW Español,2015-05-19T14:32:55Z,2015,lgtbi
kRx6cvcsbLQ,@andresyt6896,2021-12-26T00:47:33Z,1,Viva Rusia 🇷🇺 👏🏼👏🏼👏🏼,Los homosexuales sufren persecución en Rusia,DW Español,2015-05-19T14:32:55Z,2015,lgtbi
kRx6cvcsbLQ,@miguelarellano8728,2020-12-12T20:04:01Z,34,"Eso no solo debería ser en Rusia, deberia  ser en todo el mundo, que bueno por Rusia los buenos valores nunca se pierden 🥲",Los homosexuales sufren persecución en Rusia,DW Español,2015-05-19T14:32:55Z,2015,lgtbi
kRx6cvcsbLQ,@inaki1623,2017-11-09T02:58:46Z,17,"Qué desastre y qué pensamientos tan retrógrados. Qué lástima para aquellas personas ,porque sinceramente les están quitando varios derechos importantes.",Los homosexuales sufren persecución en Rusia,DW Español,2015-05-19T14:32:55Z,2015,lgtbi
kRx6cvcsbLQ,@jesusbarrioscuevas7421,2021-07-27T04:41:26Z,3,Viva la madre Rusia viva,Los homosexuales sufren persecución en Rusia,DW Español,2015-05-19T14:32:55Z,2015,lgtbi
kRx6cvcsbLQ,@isaacnunez8927,2021-08-10T15:55:56Z,2,"Que lamentable, solo afianza el odio y maldad de personas contra los homosexuales.

Un país lleno de ideologías dice que quiere prohibir otra (que ni siquiera lo es), que Ironía absurda.",Los homosexuales sufren persecución en Rusia,DW Español,2015-05-19T14:32:55Z,2015,lgtbi
kRx6cvcsbLQ,@karimeesquivel8508,2022-09-28T19:34:40Z,0,Por qué  lanzar globos ...solo contaminan más ...😒😒😒,Los homosexuales sufren persecución en Rusia,DW Español,2015-05-19T14:32:55Z,2015,lgtbi
kRx6cvcsbLQ,@davidscottkennedy4472,2021-02-19T21:45:12Z,34,"Grande Rusia.
Dándose a respetar como siempre.",Los homosexuales sufren persecución en Rusia,DW Español,2015-05-19T14:32:55Z,2015,lgtbi
kRx6cvcsbLQ,@EdgarPacheco-,2020-07-03T03:44:58Z,25,Grande Russia!,Los homosexuales sufren persecución en Rusia,DW Español,2015-05-19T14:32:55Z,2015,lgtbi
kRx6cvcsbLQ,@maxichitpo4089,2021-03-01T03:03:35Z,3,Aquí los que son fans de Putin,Los homosexuales sufren persecución en Rusia,DW Español,2015-05-19T14:32:55Z,2015,lgtbi
kRx6cvcsbLQ,@leonardohaks2123,2020-09-20T19:44:48Z,0,Levi's y puñales 💩💩💩💩💩💩💩💩💩💩💩💩💩💩💩💩💩💩💩🌚🌚🌚🌚🌚🌚💩💩,Los homosexuales sufren persecución en Rusia,DW Español,2015-05-19T14:32:55Z,2015,lgtbi
kRx6cvcsbLQ,@fog7887,2022-05-23T04:19:41Z,0,No se supone que la homosexualidad es castigada con la muerte,Los homosexuales sufren persecución en Rusia,DW Español,2015-05-19T14:32:55Z,2015,lgtbi
kRx6cvcsbLQ,@Mohamed_ortiz,2020-11-02T23:26:53Z,161,Amoo rusia,Los homosexuales sufren persecución en Rusia,DW Español,2015-05-19T14:32:55Z,2015,lgtbi
kRx6cvcsbLQ,@pabloherrero5583,2021-10-21T13:32:55Z,5,España tiene mucho que aprender de esta país,Los homosexuales sufren persecución en Rusia,DW Español,2015-05-19T14:32:55Z,2015,lgtbi
kRx6cvcsbLQ,@cbstnn.2700,2021-03-16T19:41:05Z,14,Quiero vivir en Rusia,Los homosexuales sufren persecución en Rusia,DW Español,2015-05-19T14:32:55Z,2015,lgtbi
kRx6cvcsbLQ,@gnagflow7,2021-12-22T19:10:39Z,0,Si vivo en Rusia me van a deca pitar,Los homosexuales sufren persecución en Rusia,DW Español,2015-05-19T14:32:55Z,2015,lgtbi
kRx6cvcsbLQ,@rayooblanco,2023-09-28T22:03:53Z,0,"YO LES VOY A DECIR CUALES SON LAS ENFERMEDADES Y NO SOLO SIQUICAS IMPERANTES EN EL MUNDO, LA MALDAD Y LA INCOMPRENSION Y LA INTOLERANCIA.",Los homosexuales sufren persecución en Rusia,DW Español,2015-05-19T14:32:55Z,2015,lgtbi
kRx6cvcsbLQ,@RACFYT,2020-01-10T20:27:16Z,20,Que chido sería irse a Rusia...paz,Los homosexuales sufren persecución en Rusia,DW Español,2015-05-19T14:32:55Z,2015,lgtbi
kRx6cvcsbLQ,@alexpineiro4421,2021-08-01T07:19:03Z,3,Que bien 👍,Los homosexuales sufren persecución en Rusia,DW Español,2015-05-19T14:32:55Z,2015,lgtbi
kRx6cvcsbLQ,@eduardomurguiacruz109,2021-07-01T05:03:53Z,9,Alguien conoce a Sury de Quefish? ✌🏼🏳️‍🌈,Los homosexuales sufren persecución en Rusia,DW Español,2015-05-19T14:32:55Z,2015,lgtbi
kRx6cvcsbLQ,@fernandoflorestorvisco5122,2022-01-03T19:25:02Z,0,viva Rusia,Los homosexuales sufren persecución en Rusia,DW Español,2015-05-19T14:32:55Z,2015,lgtbi
kRx6cvcsbLQ,@HermesTrismegisto5999,2021-10-29T22:08:45Z,0,Viva Russia,Los homosexuales sufren persecución en Rusia,DW Español,2015-05-19T14:32:55Z,2015,lgtbi
kRx6cvcsbLQ,@yosmarandradecorro9431,2021-10-11T03:10:02Z,4,Asi como es en Rusia asi debe de ser en todo el mundo,Los homosexuales sufren persecución en Rusia,DW Español,2015-05-19T14:32:55Z,2015,lgtbi
kRx6cvcsbLQ,@ac-yc8zw,2017-12-31T08:25:43Z,11,porq chingados no respetan cada quien es como es a ustedes q les importa vivan su vida y dejen vivir caramba,Los homosexuales sufren persecución en Rusia,DW Español,2015-05-19T14:32:55Z,2015,lgtbi
kRx6cvcsbLQ,@dragonslayerigneel5402,2020-07-18T22:39:07Z,9,Rusia mi papá,Los homosexuales sufren persecución en Rusia,DW Español,2015-05-19T14:32:55Z,2015,lgtbi
kRx6cvcsbLQ,@leonardopinel9452,2021-03-08T01:56:16Z,0,Viva kadirov,Los homosexuales sufren persecución en Rusia,DW Español,2015-05-19T14:32:55Z,2015,lgtbi
kRx6cvcsbLQ,@elmonopig3363,2021-08-05T23:32:00Z,0,Viva rusia,Los homosexuales sufren persecución en Rusia,DW Español,2015-05-19T14:32:55Z,2015,lgtbi
kRx6cvcsbLQ,@estudiosasmr468,2020-04-05T18:08:21Z,18,"Porque les afecta tanto que una persona se bese con otra? Que tengan una relación? Ósea, pareciera que fueran a su casa a matarlos o algo así!!!",Los homosexuales sufren persecución en Rusia,DW Español,2015-05-19T14:32:55Z,2015,lgtbi
kRx6cvcsbLQ,@camus8722,2021-02-03T07:29:35Z,12,Grande RUSSIA,Los homosexuales sufren persecución en Rusia,DW Español,2015-05-19T14:32:55Z,2015,lgtbi
kRx6cvcsbLQ,@danilocaicedo7057,2020-09-09T00:54:44Z,53,un ejemplo a seguir viva Rusia.,Los homosexuales sufren persecución en Rusia,DW Español,2015-05-19T14:32:55Z,2015,lgtbi
kRx6cvcsbLQ,@1992punkk,2022-01-09T12:59:05Z,0,Que viva rusia !,Los homosexuales sufren persecución en Rusia,DW Español,2015-05-19T14:32:55Z,2015,lgtbi
kRx6cvcsbLQ,@CorpasegS.A,2025-04-20T17:53:32Z,0,"Es tu Problema . Si tu quieres vida privada .El Problema es que quieres que yo te reconosca como  Peo ,cuando es Pedoo . HOMBRE Y MUJER NO PUEDES MANEJARME A TU MANERA HAY RESPETO  .",Los homosexuales sufren persecución en Rusia,DW Español,2015-05-19T14:32:55Z,2015,lgtbi
kRx6cvcsbLQ,@ramirez6655,2021-11-29T05:15:22Z,12,Por algo amo Rusia,Los homosexuales sufren persecución en Rusia,DW Español,2015-05-19T14:32:55Z,2015,lgtbi
kRx6cvcsbLQ,@wilmarurbano2083,2020-12-18T14:00:26Z,27,"Oh quiero vivir en Rusia 😍 así me gusta, que se respete la familia tradicional 😘😍",Los homosexuales sufren persecución en Rusia,DW Español,2015-05-19T14:32:55Z,2015,lgtbi
kRx6cvcsbLQ,@victorhrodriguez1159,2021-03-03T06:36:20Z,3,Saben que está prohibido sacar las plumas en público. QUE no se quejen cuando les caen a tranca,Los homosexuales sufren persecución en Rusia,DW Español,2015-05-19T14:32:55Z,2015,lgtbi
kRx6cvcsbLQ,@reparldi8734,2021-11-17T14:02:53Z,1,"Viva Rusia, excelente Putin",Los homosexuales sufren persecución en Rusia,DW Español,2015-05-19T14:32:55Z,2015,lgtbi
kRx6cvcsbLQ,@dracobagnis4696,2021-03-05T03:27:04Z,3,Putin el mejor del mundo..,Los homosexuales sufren persecución en Rusia,DW Español,2015-05-19T14:32:55Z,2015,lgtbi
kRx6cvcsbLQ,@kevinpadron4664,2021-10-09T15:32:42Z,22,Rusia si es un buen país.,Los homosexuales sufren persecución en Rusia,DW Español,2015-05-19T14:32:55Z,2015,lgtbi
kRx6cvcsbLQ,@osmanestrada9615,2020-08-28T14:48:45Z,12,Putin te necesitamos en occidente 😵🙏,Los homosexuales sufren persecución en Rusia,DW Español,2015-05-19T14:32:55Z,2015,lgtbi
kRx6cvcsbLQ,@ajani3,2021-04-14T00:37:51Z,19,Dios bendiga a Rusia,Los homosexuales sufren persecución en Rusia,DW Español,2015-05-19T14:32:55Z,2015,lgtbi
kRx6cvcsbLQ,@danielcardona9736,2021-11-18T01:22:32Z,2,"Que asco los comentarios de este video. Sinceramente, me hace perder la fe en la humanidad",Los homosexuales sufren persecución en Rusia,DW Español,2015-05-19T14:32:55Z,2015,lgtbi
kRx6cvcsbLQ,@jesuscarranzacoaquira4569,2022-06-28T13:59:09Z,0,"¿No sabéis que los injustos no heredarán el reino de Dios? No erréis; ni los fornicarios, ni los idólatras, ni los adúlteros, ni los afeminados, ni los que se echan con varones, ni los ladrones, ni los avaros, ni los borrachos, ni los maldicientes, ni los estafadores, heredarán el reino de Dios.
1Corintios 6:9-10",Los homosexuales sufren persecución en Rusia,DW Español,2015-05-19T14:32:55Z,2015,lgtbi
kRx6cvcsbLQ,@JairoAgama777,2020-03-28T22:21:48Z,7,"La religión no debe ser impuesta, no es obligación que una persona tenga que ser algo en lo que no cree. Eso es como dictadura.",Los homosexuales sufren persecución en Rusia,DW Español,2015-05-19T14:32:55Z,2015,lgtbi
kRx6cvcsbLQ,@Odin23205,2021-03-04T17:44:34Z,5,Eso es alo que yo llamo tener orden en tu pais,Los homosexuales sufren persecución en Rusia,DW Español,2015-05-19T14:32:55Z,2015,lgtbi
kRx6cvcsbLQ,@user-yw2ro8fn8j,2016-03-18T21:32:02Z,89,"Rusia eres grande. 
Viviré ahí",Los homosexuales sufren persecución en Rusia,DW Español,2015-05-19T14:32:55Z,2015,lgtbi
kRx6cvcsbLQ,@ricardoelias9608,2021-02-16T15:29:30Z,0,Que bueno es Putin,Los homosexuales sufren persecución en Rusia,DW Español,2015-05-19T14:32:55Z,2015,lgtbi
kRx6cvcsbLQ,@blackraidendragoneye,2021-12-14T02:39:39Z,0,Homofobia o molestia hacia estos gays.,Los homosexuales sufren persecución en Rusia,DW Español,2015-05-19T14:32:55Z,2015,lgtbi
kRx6cvcsbLQ,@weaweych3227,2021-03-04T02:58:52Z,14,VIVA LA MADRE PATRIA,Los homosexuales sufren persecución en Rusia,DW Español,2015-05-19T14:32:55Z,2015,lgtbi
kRx6cvcsbLQ,@milanramirez1820,2016-11-13T01:23:18Z,14,"la ""homofobia"" evita que te destruyan el c..o",Los homosexuales sufren persecución en Rusia,DW Español,2015-05-19T14:32:55Z,2015,lgtbi
kRx6cvcsbLQ,@fulgorenext,2021-04-05T14:25:43Z,6,"La violencia nunca será buena...
.
.
.
.
.
. La homosexualidad tampoco",Los homosexuales sufren persecución en Rusia,DW Español,2015-05-19T14:32:55Z,2015,lgtbi
kRx6cvcsbLQ,@jesusgilbertguizarcordova931,2022-03-10T04:34:49Z,0,Tienen lo que merecen,Los homosexuales sufren persecución en Rusia,DW Español,2015-05-19T14:32:55Z,2015,lgtbi
kRx6cvcsbLQ,@rayooblanco,2023-09-28T22:28:06Z,0,"CON RAZON TANTAS ESTRELLITAS,..JGM,...",Los homosexuales sufren persecución en Rusia,DW Español,2015-05-19T14:32:55Z,2015,lgtbi
kRx6cvcsbLQ,@sebastianbd6416,2021-08-18T21:37:01Z,13,Buen ejemplo por parte de Rusia.,Los homosexuales sufren persecución en Rusia,DW Español,2015-05-19T14:32:55Z,2015,lgtbi
kRx6cvcsbLQ,@ZetasJGL,2021-07-10T00:10:00Z,13,Hermoso,Los homosexuales sufren persecución en Rusia,DW Español,2015-05-19T14:32:55Z,2015,lgtbi
kRx6cvcsbLQ,@GermanRojas-wf3hr,2017-11-23T18:40:12Z,11,"La “homofobia” no existe.
Solamente son personas con diferentes opiniones y puntos de vista",Los homosexuales sufren persecución en Rusia,DW Español,2015-05-19T14:32:55Z,2015,lgtbi
kRx6cvcsbLQ,@rayooblanco,2023-09-28T21:58:26Z,0,ESO ES LA GENTE QUE DISCIRMINA A  LA GENTE NOMAS POR SER HUMOSEXUAL.,Los homosexuales sufren persecución en Rusia,DW Español,2015-05-19T14:32:55Z,2015,lgtbi
kRx6cvcsbLQ,@narcisagavilanesmejia8067,2022-03-11T19:40:23Z,0,"Si lo son gays por que lo divulgan es muy personal no tiene. Por que ser tan obvios,",Los homosexuales sufren persecución en Rusia,DW Español,2015-05-19T14:32:55Z,2015,lgtbi
kRx6cvcsbLQ,@milkobrecki4578,2020-03-09T01:23:29Z,13,Bueno vamos a rusia,Los homosexuales sufren persecución en Rusia,DW Español,2015-05-19T14:32:55Z,2015,lgtbi
kRx6cvcsbLQ,@mrTeddyi94,2021-12-04T22:52:06Z,4,La Madre Russia 💪,Los homosexuales sufren persecución en Rusia,DW Español,2015-05-19T14:32:55Z,2015,lgtbi
kRx6cvcsbLQ,@vandercollaomaza715,2021-06-29T21:37:05Z,10,Excelente Rusia,Los homosexuales sufren persecución en Rusia,DW Español,2015-05-19T14:32:55Z,2015,lgtbi
kRx6cvcsbLQ,@rayooblanco,2023-09-28T21:44:06Z,0,"_LA HOMOSEXUALIDAD ES UNA BELLEZA MAS DE DIOS, NO DEMAS_",Los homosexuales sufren persecución en Rusia,DW Español,2015-05-19T14:32:55Z,2015,lgtbi
kRx6cvcsbLQ,@wangbural,2020-12-12T17:43:54Z,5,Que triste los comentarios Homofóbicos,Los homosexuales sufren persecución en Rusia,DW Español,2015-05-19T14:32:55Z,2015,lgtbi
kRx6cvcsbLQ,@masterpiano5380,2020-12-27T14:36:14Z,6,Ojala mexico sea como Rusia 🇷🇺,Los homosexuales sufren persecución en Rusia,DW Español,2015-05-19T14:32:55Z,2015,lgtbi
kRx6cvcsbLQ,@JorgePerez-hk3vy,2021-10-24T06:30:05Z,3,Ojala todo el mundo fuera como rusia,Los homosexuales sufren persecución en Rusia,DW Español,2015-05-19T14:32:55Z,2015,lgtbi
kRx6cvcsbLQ,@elcondorito4143,2021-06-21T02:53:58Z,16,Orgulloso de rusia,Los homosexuales sufren persecución en Rusia,DW Español,2015-05-19T14:32:55Z,2015,lgtbi
kRx6cvcsbLQ,@tortemtqr,2021-07-18T01:08:05Z,12,Muy bien!,Los homosexuales sufren persecución en Rusia,DW Español,2015-05-19T14:32:55Z,2015,lgtbi
kRx6cvcsbLQ,@lHarryPopper,2020-09-03T15:18:49Z,4,Que chistosa es la gente techo de lámina de Latinoamérica que defiende estos comportamientos sin saber que en Rusia también los discriminarian por ser latinoamericanos.,Los homosexuales sufren persecución en Rusia,DW Español,2015-05-19T14:32:55Z,2015,lgtbi
kRx6cvcsbLQ,@artyom8626,2019-12-30T21:17:10Z,13,Si no les gusta largense de Rusia y listo.,Los homosexuales sufren persecución en Rusia,DW Español,2015-05-19T14:32:55Z,2015,lgtbi
kRx6cvcsbLQ,@chyllis_tj,2021-06-20T23:15:00Z,4,Grande Rusia,Los homosexuales sufren persecución en Rusia,DW Español,2015-05-19T14:32:55Z,2015,lgtbi
kRx6cvcsbLQ,@luvivc9316,2020-10-31T13:09:52Z,5,"MAN QUE ONDA RUSIA? Su presidente dice ""quiero el ejemplo de una familia normal"" una familia es quien te entrega amor ya sea una pareja gay, lesbiana o hetero, es una familia igual.",Los homosexuales sufren persecución en Rusia,DW Español,2015-05-19T14:32:55Z,2015,lgtbi
kRx6cvcsbLQ,@angelmadonna6558,2022-11-15T08:44:03Z,0,Voten para sacar a Putin,Los homosexuales sufren persecución en Rusia,DW Español,2015-05-19T14:32:55Z,2015,lgtbi
kRx6cvcsbLQ,@gunther1730,2020-03-22T19:29:23Z,2,"Según la Biblia, Dios solo aprueba los matrimonios entre un hombre y una mujer (Mateo 19:4-6). Sin embargo, los cristianos no estamos ni a favor ni en contra de las leyes relacionadas con el matrimonio homosexual. Adoptar o no una ley a favor de los homosexuales es en realidad un asunto político. Y la Biblia dice que no nos involucremos en cuestiones políticas (Juan 18:36).",Los homosexuales sufren persecución en Rusia,DW Español,2015-05-19T14:32:55Z,2015,lgtbi
kRx6cvcsbLQ,@angelcerrorivero1453,2017-12-28T16:47:43Z,11,No a la homofobia nosotros también amamos,Los homosexuales sufren persecución en Rusia,DW Español,2015-05-19T14:32:55Z,2015,lgtbi
kRx6cvcsbLQ,@cesarrodriguez7473,2020-06-27T01:20:32Z,12,Viva russiaaaa,Los homosexuales sufren persecución en Rusia,DW Español,2015-05-19T14:32:55Z,2015,lgtbi
kRx6cvcsbLQ,@drakeclark8356,2020-09-16T06:49:42Z,4,Bien echo Rusia,Los homosexuales sufren persecución en Rusia,DW Español,2015-05-19T14:32:55Z,2015,lgtbi
kRx6cvcsbLQ,@ClayTheSaint,2021-10-06T05:07:23Z,2,Por eso Rusia es god,Los homosexuales sufren persecución en Rusia,DW Español,2015-05-19T14:32:55Z,2015,lgtbi
kRx6cvcsbLQ,@merigo4070,2020-12-14T01:56:45Z,1,"Estoy de acuerdo en que no se les permita convertirse en un activismo.

 Pero despedirlos del trabajo sólo por ser gay o lesbiana?? ......es demasiado, no ??",Los homosexuales sufren persecución en Rusia,DW Español,2015-05-19T14:32:55Z,2015,lgtbi
kRx6cvcsbLQ,@gowonswatermelon.9659,2020-09-26T23:51:50Z,11,"Nunca en mi vida iré a Rusia, ni porque me paguen. Gente rancia",Los homosexuales sufren persecución en Rusia,DW Español,2015-05-19T14:32:55Z,2015,lgtbi
kRx6cvcsbLQ,@pelameelsapallito,2021-09-02T18:53:52Z,8,🌈🚫🌈🚫🌈🚫 rusia es el mejor pais,Los homosexuales sufren persecución en Rusia,DW Español,2015-05-19T14:32:55Z,2015,lgtbi
kRx6cvcsbLQ,@SHHH-l8i,2021-11-13T22:18:07Z,9,Russia es el único país al que no se le caen los pantalones con esa gente 👏👏👏👏,Los homosexuales sufren persecución en Rusia,DW Español,2015-05-19T14:32:55Z,2015,lgtbi
kRx6cvcsbLQ,@rayooblanco,2023-09-28T21:46:48Z,0,PERO USTEDES FILTRAN CON EL ASUNTO DE LA HOMOSEXUALIDAD LA S ESTRELLITAS POLITICAS.,Los homosexuales sufren persecución en Rusia,DW Español,2015-05-19T14:32:55Z,2015,lgtbi
kRx6cvcsbLQ,@AF-uk2ly,2022-03-24T05:29:08Z,0,VIVA RUSIA,Los homosexuales sufren persecución en Rusia,DW Español,2015-05-19T14:32:55Z,2015,lgtbi
kRx6cvcsbLQ,@MiguelMartinez-po1lg,2020-11-26T22:27:54Z,4,Bien por rusia asi deberia de ser en todo el mundo,Los homosexuales sufren persecución en Rusia,DW Español,2015-05-19T14:32:55Z,2015,lgtbi
kRx6cvcsbLQ,@bripppp,2021-02-07T03:16:12Z,8,"Un país tan hermoso con tan poca libertad de expresión y una fuerte discriminación. La verdad, decepcionante.",Los homosexuales sufren persecución en Rusia,DW Español,2015-05-19T14:32:55Z,2015,lgtbi
kRx6cvcsbLQ,@israkybu,2020-12-11T04:14:29Z,4,Viva rusia,Los homosexuales sufren persecución en Rusia,DW Español,2015-05-19T14:32:55Z,2015,lgtbi
kRx6cvcsbLQ,@90minute-nation,2022-01-29T22:56:20Z,1,"Rusia: *vé a un gay en el suelo* *lo patea*
Gay: Ayy porque hisiste eso?
Rusia: No ando con pendejadas",Los homosexuales sufren persecución en Rusia,DW Español,2015-05-19T14:32:55Z,2015,lgtbi
kRx6cvcsbLQ,@carlosleopold7943,2022-02-27T07:33:38Z,0,"Y la discriminación que sufren los hombres heterosexuales por parte de las mujeres lesbianas que odian a los hombres por un tema de celos pues las mujeres heterosexual gustan de los hombres heterosexuales y no de ellas!!!
Y la discriminación que sufren las mujeres heterosexual por parte de los hombres homosexuales por un tema de celos pues los hombres heterosexuales gustan de las mujeres heterosexual y no de ellos!
Este canal feninista radical feminazi constantemente está generando odio hacia el hombre heterosexual!!!!",Los homosexuales sufren persecución en Rusia,DW Español,2015-05-19T14:32:55Z,2015,lgtbi
kRx6cvcsbLQ,@Maxi-ml8ds,2022-01-30T00:58:16Z,3,Rusia un pais con personas sanas,Los homosexuales sufren persecución en Rusia,DW Español,2015-05-19T14:32:55Z,2015,lgtbi
kRx6cvcsbLQ,@lHarryPopper,2021-09-05T20:55:29Z,4,Leyendo los comentarios homofóbicos te das cuenta de porqué Latinoamérica está tan mal 🤮,Los homosexuales sufren persecución en Rusia,DW Español,2015-05-19T14:32:55Z,2015,lgtbi
kRx6cvcsbLQ,@mixelito383,2021-01-07T16:37:24Z,26,Bien hecho arthuro claro que si tu demuestra quien manda,Los homosexuales sufren persecución en Rusia,DW Español,2015-05-19T14:32:55Z,2015,lgtbi
kRx6cvcsbLQ,@raumonthkun2006,2021-08-19T21:07:07Z,1,Joder viva Rusia,Los homosexuales sufren persecución en Rusia,DW Español,2015-05-19T14:32:55Z,2015,lgtbi
kRx6cvcsbLQ,@juanalejandro8490,2018-11-02T02:11:52Z,3,Son solo 000.1  % ..x que no fundan en un lugar remoto..  asi como los x men fundaron. Jenoshaaa..,Los homosexuales sufren persecución en Rusia,DW Español,2015-05-19T14:32:55Z,2015,lgtbi
kRx6cvcsbLQ,@albertkolvalevskii9316,2021-06-16T03:46:14Z,3,Vivi en Rusia y fue difícil ahora vivo en Colombia y es mucho mejor El mundo necesita más Tolerancia,Los homosexuales sufren persecución en Rusia,DW Español,2015-05-19T14:32:55Z,2015,lgtbi
kRx6cvcsbLQ,@eduardoCG,2020-12-30T15:10:59Z,4,Que bueno!!!!,Los homosexuales sufren persecución en Rusia,DW Español,2015-05-19T14:32:55Z,2015,lgtbi
kRx6cvcsbLQ,@alexsolo_o,2021-06-02T15:32:54Z,7,Viva Rusia!!!,Los homosexuales sufren persecución en Rusia,DW Español,2015-05-19T14:32:55Z,2015,lgtbi
kRx6cvcsbLQ,@hernanrodriguez4341,2020-04-28T15:11:56Z,5,"Rusia deberia ser tolerante en estos casos ,hace parte de la libertad de cada individuo.",Los homosexuales sufren persecución en Rusia,DW Español,2015-05-19T14:32:55Z,2015,lgtbi
kRx6cvcsbLQ,@Alicia-rq8ji,2022-02-06T05:26:23Z,3,Grande Rusia 🥵🤙,Los homosexuales sufren persecución en Rusia,DW Español,2015-05-19T14:32:55Z,2015,lgtbi
kRx6cvcsbLQ,@tecnologiaeficiente2621,2021-03-17T02:20:48Z,4,Bien por rusia,Los homosexuales sufren persecución en Rusia,DW Español,2015-05-19T14:32:55Z,2015,lgtbi
kRx6cvcsbLQ,@oimarterrones9423,2021-03-30T16:26:28Z,20,Como amo rusia,Los homosexuales sufren persecución en Rusia,DW Español,2015-05-19T14:32:55Z,2015,lgtbi
kRx6cvcsbLQ,@hectorsantiago1169,2020-12-22T21:36:54Z,7,Bien hecho Rusia !!!,Los homosexuales sufren persecución en Rusia,DW Español,2015-05-19T14:32:55Z,2015,lgtbi
kRx6cvcsbLQ,@mexicodeterror2210,2021-08-16T20:27:13Z,3,"Hermoso país homofóbico 😊😊😊😊😊❤️❤️❤️❤️❤️❤️❤️❤️❤️❤️❤️❤️❤️❤️❤️👏👏👏👏👏👏👏👏👏👏👏👏👏👏👏👏
BRAVO!!!",Los homosexuales sufren persecución en Rusia,DW Español,2015-05-19T14:32:55Z,2015,lgtbi
kRx6cvcsbLQ,@Diosquepenademundo,2022-01-13T20:21:34Z,1,"Si que tiene que ser muy difícil.
Si se prohibe informar desde la educación sexual a los niños y niñas, es claro que se impondrá la versión hetero-patriarcal con todos sus prejuicios.
Seguirán habiendo niños/as gays acosados por compañeros intolerantes y lamentablemente habrá mucha incomprensión y sufrimiento. No quiero ni nombrar las posibles y dramáticas consecuencias al acoso.",Los homosexuales sufren persecución en Rusia,DW Español,2015-05-19T14:32:55Z,2015,lgtbi
kRx6cvcsbLQ,@sebollinxd5573,2021-05-31T04:16:35Z,3,Viva la madre rusia,Los homosexuales sufren persecución en Rusia,DW Español,2015-05-19T14:32:55Z,2015,lgtbi
kRx6cvcsbLQ,@ShiN0bU_19,2017-08-10T20:03:12Z,25,viva rusia,Los homosexuales sufren persecución en Rusia,DW Español,2015-05-19T14:32:55Z,2015,lgtbi
kRx6cvcsbLQ,@Daniii1204,2022-01-18T21:47:01Z,3,"bruh- aveces se me olvida que en verdad existen personas tan ignorantes, intolerantes, irrespetuosas y con tanto odio. los comentarios dan pena y se nota que no entienden la gravedad del asunto y mucho menos la historia de lo que las personas con diferentes preferencias sexuales han tenido que pasar.  Por lo menos un documental o una película basada en hechos reales vean.",Los homosexuales sufren persecución en Rusia,DW Español,2015-05-19T14:32:55Z,2015,lgtbi
kRx6cvcsbLQ,@josevillanueva7064,2021-01-10T20:55:28Z,0,Exibicionismo es lo que no aseptan,Los homosexuales sufren persecución en Rusia,DW Español,2015-05-19T14:32:55Z,2015,lgtbi
kRx6cvcsbLQ,@edwingaitan9351,2021-07-04T04:50:21Z,2,"Hombre y mujer , Dios creó , no a medias ,,, tengan temor a Dios",Los homosexuales sufren persecución en Rusia,DW Español,2015-05-19T14:32:55Z,2015,lgtbi
kRx6cvcsbLQ,@josejaimeguerrajimenez894,2020-03-10T23:11:29Z,26,Rusia es un ejemplo para el mundo,Los homosexuales sufren persecución en Rusia,DW Español,2015-05-19T14:32:55Z,2015,lgtbi
kRx6cvcsbLQ,@rigobertonino1164,2019-12-19T18:53:29Z,26,"Q bueno rusia , sigue asi  mas paises como tu",Los homosexuales sufren persecución en Rusia,DW Español,2015-05-19T14:32:55Z,2015,lgtbi
kRx6cvcsbLQ,@jaanaikori1658,2020-07-06T18:07:54Z,21,Amo Rusia ❤🥺,Los homosexuales sufren persecución en Rusia,DW Español,2015-05-19T14:32:55Z,2015,lgtbi
kRx6cvcsbLQ,@raulgomez1478,2021-03-27T03:43:52Z,1,Que bien,Los homosexuales sufren persecución en Rusia,DW Español,2015-05-19T14:32:55Z,2015,lgtbi
kRx6cvcsbLQ,@mm-2135,2021-06-27T03:20:35Z,1,BIEN RUSIA,Los homosexuales sufren persecución en Rusia,DW Español,2015-05-19T14:32:55Z,2015,lgtbi
kRx6cvcsbLQ,@elspartanrojo4567,2021-06-04T18:10:53Z,3,Heteros God y gays zzzzz,Los homosexuales sufren persecución en Rusia,DW Español,2015-05-19T14:32:55Z,2015,lgtbi
kRx6cvcsbLQ,@marcelopiriz4233,2020-12-23T18:04:30Z,3,"Aplaudo a Rusia por su actitud hacia esta gente y su ideología , quieren darle validez a sus hábitos despreciables.Arriba Rusia fuerte desafiante",Los homosexuales sufren persecución en Rusia,DW Español,2015-05-19T14:32:55Z,2015,lgtbi
kRx6cvcsbLQ,@_Rawr_-tm3gm,2021-05-30T03:47:24Z,6,QUE VIVA LGBTQ+ 😆🏳️‍🌈,Los homosexuales sufren persecución en Rusia,DW Español,2015-05-19T14:32:55Z,2015,lgtbi
kRx6cvcsbLQ,@gonzalopinzon5385,2022-01-25T13:40:00Z,1,Viva rusia,Los homosexuales sufren persecución en Rusia,DW Español,2015-05-19T14:32:55Z,2015,lgtbi
kRx6cvcsbLQ,@AngelMadonna,2022-11-24T04:59:58Z,0,No tienes derecho matar gente inocente,Los homosexuales sufren persecución en Rusia,DW Español,2015-05-19T14:32:55Z,2015,lgtbi
kRx6cvcsbLQ,@javierllanovarced309,2021-08-19T18:18:50Z,5,Me fascina Rusia espectacular 👏🏻👏🏻👏🏻👏🏻👏🏻👏🏻💪💪💪,Los homosexuales sufren persecución en Rusia,DW Español,2015-05-19T14:32:55Z,2015,lgtbi
kRx6cvcsbLQ,@MiguelTorres-gp9uo,2020-04-23T23:40:39Z,5,"Bien por Rusia 🇷🇺 , ideología de género nunca jamás.",Los homosexuales sufren persecución en Rusia,DW Español,2015-05-19T14:32:55Z,2015,lgtbi
kRx6cvcsbLQ,@benjaminfernandez821,2021-06-11T19:58:55Z,4,"asi se hacen hermanos rusos, ustedes son un ejemplo a seguir",Los homosexuales sufren persecución en Rusia,DW Español,2015-05-19T14:32:55Z,2015,lgtbi
kRx6cvcsbLQ,@juanfelipeospinaguapacha2799,2021-07-23T05:02:07Z,1,Cada día lamentandome más de nacer en latam que en rusia,Los homosexuales sufren persecución en Rusia,DW Español,2015-05-19T14:32:55Z,2015,lgtbi
kRx6cvcsbLQ,@rayooblanco,2023-09-28T21:45:47Z,0,AUNQUE YO SEA EL MACHO DEL UNIVERSO SIEMPRE VOY A DEFENDER A  LA PERSONA MALTRATADA NOMAS PORQUE ES HOMOSEXUAL. SEA QUIEN SEA. MAS DIOS.,Los homosexuales sufren persecución en Rusia,DW Español,2015-05-19T14:32:55Z,2015,lgtbi
kRx6cvcsbLQ,@dubon9999,2022-09-28T04:50:22Z,4,"Envío todo mi amor y apoyo a todas las personas LGBT del mundo ❤🧡💛💚💙💜 Todos ustedes son importantes y muy valiosos a pesar de que vivimos en un mundo que les hace creer lo contrario. Recuerden siempre estar orgullosos de ser quienes son 🏳️‍🌈🏳️‍🌈🏳️‍🌈🏳️‍🌈🏳️‍🌈🏳️‍🌈 Todos ustedes hacen de este mundo un lugar mejor ❤🧡💛💚💙💜 Las personas LGBT son un arcoíris de amor en un mundo lleno de odio, pero a diferencia de nuestros compañeros heterosexuales, todos nosotros estamos unidos bajo una misma bandera 🏳️‍🌈🏳️‍🌈🏳️‍🌈🏳️‍🌈🏳️‍🌈🏳️‍🌈🏳️‍🌈 La bandera del amor LGBT ❤🧡💛 💚💙💜 Y todos debemos estar unidos contra el odio, la violencia, la discriminación y la intolerancia ❤🧡💛💚💙💜 Todos somos como una gran familia y debemos luchar para destruir el odio ❤🧡💛💚💙💜 Recuerden, las personas LGBT son amor y el amor siempre gana ❤🧡💛💚💙💜 No me importa tu raza, nacionalidad, sexo biológico, estado de salud, religión o cualquier otra condición ❤🧡💛💚💙💜 Si eres una persona LGBT tienes todo mi amor y mi apoyo ❤🧡💛💚💙💜 Ustedes no están solos en esta lucha y todas las personas LGBT de todo el mundo deben entender este mensaje, porque solo unidos venceremos contra el odio y no debemos permitir que nada ni nadie nos divida a nosotros. Nunca se sientan mal por ser quienes son y nunca permitan que este mundo cruel cambie lo que realmente son o apague su luz y su brillo ❤🧡💛💚💙💜 Todos ustedes nacieron así y recuerden personas LGBT de todo el mundo, al final, el amor siempre gana ❤🧡💛💚💙💜",Los homosexuales sufren persecución en Rusia,DW Español,2015-05-19T14:32:55Z,2015,lgtbi
kRx6cvcsbLQ,@cesarclementecoxtinica8592,2023-01-10T06:34:48Z,2,grande Rusia 🇷🇺 Z 💪 un ejemplo a seguir ..,Los homosexuales sufren persecución en Rusia,DW Español,2015-05-19T14:32:55Z,2015,lgtbi
kRx6cvcsbLQ,@mrivancitod8055,2020-07-25T23:51:44Z,3,Viva el lgtb!!!!,Los homosexuales sufren persecución en Rusia,DW Español,2015-05-19T14:32:55Z,2015,lgtbi
kRx6cvcsbLQ,@tomtorree,2020-03-15T03:13:08Z,4,Biología no idiologia viva rusia,Los homosexuales sufren persecución en Rusia,DW Español,2015-05-19T14:32:55Z,2015,lgtbi
kRx6cvcsbLQ,@rayooblanco,2023-09-28T22:09:34Z,0,"NO SERMONEES NI EXTORSIONES NI COMPROMETAS LA VIDA INTIMA DEL HOMOSEXUAL, SOLO GUIALE INTERCEDIDO  EN LA LUZ DE DIOS COMO ESPERAS TAMBIEN EL HAGA LO MISMO CON VOS.",Los homosexuales sufren persecución en Rusia,DW Español,2015-05-19T14:32:55Z,2015,lgtbi
kRx6cvcsbLQ,@dabadeadlast6027,2022-10-10T02:23:05Z,2,Al fin algo bueno que puedo decir de Rusia 🤗🤗🤗🤗,Los homosexuales sufren persecución en Rusia,DW Español,2015-05-19T14:32:55Z,2015,lgtbi
kRx6cvcsbLQ,@thefuck2834,2020-05-05T19:01:55Z,2,ojala hablara ruso para ir a vivir ahi,Los homosexuales sufren persecución en Rusia,DW Español,2015-05-19T14:32:55Z,2015,lgtbi
kRx6cvcsbLQ,@thekillerfurri1365,2022-02-06T06:32:47Z,0,Viva la madre rrussia,Los homosexuales sufren persecución en Rusia,DW Español,2015-05-19T14:32:55Z,2015,lgtbi
kRx6cvcsbLQ,@josueisaac8966,2021-06-25T08:00:19Z,1,VIVA RUSIA,Los homosexuales sufren persecución en Rusia,DW Español,2015-05-19T14:32:55Z,2015,lgtbi
kRx6cvcsbLQ,@luisudiaz4231,2021-06-08T19:57:12Z,2,Es al mejor regla q tienen los rusos,Los homosexuales sufren persecución en Rusia,DW Español,2015-05-19T14:32:55Z,2015,lgtbi
kRx6cvcsbLQ,@fernandojavierliebanes1712,2021-03-08T23:33:54Z,0,Más discriminados somos los heterosexuales ...,Los homosexuales sufren persecución en Rusia,DW Español,2015-05-19T14:32:55Z,2015,lgtbi
kRx6cvcsbLQ,@elaeleonora424,2022-01-05T02:05:29Z,1,q en Rusia no hay tanta libertad como en otros países y eso es bueno ya que la mayoría de países que tienen exceso de libertad terminan siendo destrozados por esas personas así que en este caso estoy del lado de Rusia 🇷🇺,Los homosexuales sufren persecución en Rusia,DW Español,2015-05-19T14:32:55Z,2015,lgtbi
kRx6cvcsbLQ,@anormalpersona5132,2021-06-29T17:57:36Z,0,"Tanto están diciendo que es un problema esto, pero esto que les afecta? Pues nada así que no le veo sentido",Los homosexuales sufren persecución en Rusia,DW Español,2015-05-19T14:32:55Z,2015,lgtbi
kRx6cvcsbLQ,@carlosleopold7943,2021-08-14T15:08:43Z,1,"La discriminación contra el hombre heterosexual blanco, por parte de mujeres lesbianas que simplemente odian a los hombres por un tema de celo pues las mujeres heterosexual gustan de nosotros los hombres y no de ellas, de los hombres homosexuales que odian a los hombres por qué sé sienten rechazados sexualmente, de las mujeres heterosexual que tuvieron un a mala experiencia con hombres y en vez de asumir que eligieron mal su pareja y así asumir su responsabilidad prefieren responsabilizar al macho, de los medios de comunicación como esté que por razones de conveniencia economica son políticamente  correctos, de las personas de raza negra racistas, etcétera son desde mi punto de vista la nueva versión del fenómeno neonazi en el mundo!!",Los homosexuales sufren persecución en Rusia,DW Español,2015-05-19T14:32:55Z,2015,lgtbi
kRx6cvcsbLQ,@Arcadio009,2022-08-19T22:47:41Z,0,Viva Rusia Z,Los homosexuales sufren persecución en Rusia,DW Español,2015-05-19T14:32:55Z,2015,lgtbi
kRx6cvcsbLQ,@yeshuaart5940,2021-06-28T20:18:47Z,0,"Sodoma y Gomorra
Cristo Viene",Los homosexuales sufren persecución en Rusia,DW Español,2015-05-19T14:32:55Z,2015,lgtbi
kRx6cvcsbLQ,@angelmadonna6558,2022-11-15T08:44:34Z,1,SÓLO HAY UN DIOS Y ES JEHOVÁ SÓLO HAY UN REY Y ES CRISTO,Los homosexuales sufren persecución en Rusia,DW Español,2015-05-19T14:32:55Z,2015,lgtbi
kRx6cvcsbLQ,@2strikes235,2021-07-03T02:15:47Z,0,q bien,Los homosexuales sufren persecución en Rusia,DW Español,2015-05-19T14:32:55Z,2015,lgtbi
kRx6cvcsbLQ,@pablolayme5098,2022-04-01T17:30:14Z,0,Aique volvernos machos,Los homosexuales sufren persecución en Rusia,DW Español,2015-05-19T14:32:55Z,2015,lgtbi
kRx6cvcsbLQ,@doradaR5207,2022-10-28T21:53:04Z,0,"Viva Putin, viva Rusia......gracias RUSIA eres la esperanza a toda la porquería occidental..... VIVA RUSIA 🇷🇺🇷🇺🇷🇺🇲🇽🇲🇽🇷🇺🇷🇺🇷🇺🇷🇺🇷🇺🇷🇺🇷🇺🇲🇽🇲🇽🇷🇺🇲🇽",Los homosexuales sufren persecución en Rusia,DW Español,2015-05-19T14:32:55Z,2015,lgtbi
kRx6cvcsbLQ,@aetim5823,2021-03-13T14:17:48Z,2,"Wtf eso no se elige!!! , de que  protegen a sus niños si ya vienen así?  No es una enfermedad o algo",Los homosexuales sufren persecución en Rusia,DW Español,2015-05-19T14:32:55Z,2015,lgtbi
kRx6cvcsbLQ,@lyodussart,2021-09-28T01:35:21Z,2,"El 90 % son marrones diciendo que aman Rusia, vayan a Moscú al centro, y diganme si siguen amando Rusia, Probablemente les ofendan en público o se burlen de ustedes sólo por su color de piel",Los homosexuales sufren persecución en Rusia,DW Español,2015-05-19T14:32:55Z,2015,lgtbi
kRx6cvcsbLQ,@rolandobenitez222,2022-08-14T19:52:58Z,0,EN MÉXICO AMAMOS A LOS RUSOS Y EN ESTE PAÍS MEXICANO SON MUY BIENVENIDOS A ESTA SU CASA Y NUESTRO GOBIERNO LOS PROTEGE Y HASTA TRABAJO LES CONSIGE 😊😊❤️❤️❤️❤️❤️❤️,Los homosexuales sufren persecución en Rusia,DW Español,2015-05-19T14:32:55Z,2015,lgtbi
kRx6cvcsbLQ,@jorgetorrez416,2022-09-13T23:25:39Z,1,Así debe ser en todo en toda la tierra . hombre y mujer para formar una familia!!!,Los homosexuales sufren persecución en Rusia,DW Español,2015-05-19T14:32:55Z,2015,lgtbi
kRx6cvcsbLQ,@isabeltrevino8375,2020-05-06T02:42:30Z,0,Que paranoicos son seres humanos y sufren x la discriminacion,Los homosexuales sufren persecución en Rusia,DW Español,2015-05-19T14:32:55Z,2015,lgtbi
kRx6cvcsbLQ,@AngelMadonna,2022-11-24T04:57:10Z,0,Nunca escupas al cielo,Los homosexuales sufren persecución en Rusia,DW Español,2015-05-19T14:32:55Z,2015,lgtbi
kRx6cvcsbLQ,@cia8865,2021-06-22T06:20:05Z,2,"El mejor pais de mundo

Aca en el iunited steits hay puros fenomenos",Los homosexuales sufren persecución en Rusia,DW Español,2015-05-19T14:32:55Z,2015,lgtbi
kRx6cvcsbLQ,@ensenanzasbiblicas-giselle3347,2021-05-21T13:05:35Z,1,"Dios dijo amaos los unos a los otros. Solo Jesús Cristo puede juzgarlos. levítico 18:22-30 RVR1960
No te echarás con varón como con mujer; es abominación. Ni con ningún animal tendrás ayuntamiento amancillándote con él, ni mujer alguna se pondrá delante de animal para ayuntarse con él; es perversión. En ninguna de estas cosas os amancillaréis; pues en todas estas cosas se han corrompido las naciones que yo echo de delante de vosotros, y la tierra fue contaminada; y yo visité su maldad sobre ella, y la tierra vomitó sus moradores. Guardad, pues, vosotros mis estatutos y mis ordenanzas, y no hagáis ninguna de estas abominaciones, ni el natural ni el extranjero que mora entre vosotros (porque todas estas abominaciones hicieron los hombres de aquella tierra que fueron antes de vosotros, y la tierra fue contaminada); no sea que la tierra os vomite por haberla contaminado, como vomitó a la nación que la habitó antes de vosotros. Porque cualquiera que hiciere alguna de todas estas abominaciones, las personas que las hicieren serán cortadas de entre su pueblo. Guardad, pues, mi ordenanza, no haciendo las costumbres abominables que practicaron antes de vosotros, y no os contaminéis en ellas. Yo Jehová vuestro Dios.",Los homosexuales sufren persecución en Rusia,DW Español,2015-05-19T14:32:55Z,2015,lgtbi
kRx6cvcsbLQ,@abcdefperry8415,2021-07-27T03:45:56Z,1,Me quiero ir para rusia,Los homosexuales sufren persecución en Rusia,DW Español,2015-05-19T14:32:55Z,2015,lgtbi
kRx6cvcsbLQ,@osvaldodaniel6196,2021-01-22T18:20:37Z,2,Toda mi solidaridad con la comunidad lgtb rusa.,Los homosexuales sufren persecución en Rusia,DW Español,2015-05-19T14:32:55Z,2015,lgtbi
kRx6cvcsbLQ,@MarianoFreyreX,2022-01-08T04:59:04Z,0,Viva Putin. ¡Viva Rusia!,Los homosexuales sufren persecución en Rusia,DW Español,2015-05-19T14:32:55Z,2015,lgtbi
kRx6cvcsbLQ,@marcelorojas8722,2022-05-08T12:31:20Z,0,"Me gusta la idea de q los niños no deberían ser objeto de intromisión en su infancia de ninguna corriente, filosofía, política o religión que quiera imponerse en sus curiosas cabezitas. Lo únicos y más interesados en inculcarles valores son lo padres. Es por ello q un homosexual debería estar lejos de un colegio, lo mismo diría para un sacerdote catolico",Los homosexuales sufren persecución en Rusia,DW Español,2015-05-19T14:32:55Z,2015,lgtbi
kRx6cvcsbLQ,@alfredorodriguez8427,2021-05-13T02:09:01Z,1,Sufren persecucion . cundo llegen al infierno . hay si sufriran de verdad . DIOS EN SU BENDITA PALABRA DISE : LOS AFEMINADOS NO ENTRATAN AL REINO DE LOS CIELOS .,Los homosexuales sufren persecución en Rusia,DW Español,2015-05-19T14:32:55Z,2015,lgtbi
kRx6cvcsbLQ,@sauldiazayquipa5116,2021-01-01T04:11:30Z,1,"Gracias a los homosexuales no habrá sobrepoblación en el mundo... A pesar del transtorno de estas personas, que yo considero, es una alternativa para cuidar nuestro planeta. No todo debe girar sobre los seres humanos. Pero me preocupa la vulneración de los derechos de las demás personas, usando sus impuestos para asuntos que estos no apoyan.",Los homosexuales sufren persecución en Rusia,DW Español,2015-05-19T14:32:55Z,2015,lgtbi
kRx6cvcsbLQ,@josmal9097,2021-10-20T22:54:19Z,0,El odio es odio el amor es amor la intolerancia y exclusión es una mierda,Los homosexuales sufren persecución en Rusia,DW Español,2015-05-19T14:32:55Z,2015,lgtbi
kRx6cvcsbLQ,@leyoutoubien785,2021-08-25T17:39:54Z,1,Viva (rusia) viva (uganda),Los homosexuales sufren persecución en Rusia,DW Español,2015-05-19T14:32:55Z,2015,lgtbi
kRx6cvcsbLQ,@julyus9580,2020-07-11T21:47:55Z,2,Grande rusia nunca desepciona,Los homosexuales sufren persecución en Rusia,DW Español,2015-05-19T14:32:55Z,2015,lgtbi
kRx6cvcsbLQ,@elgrufachero8870,2020-12-21T02:29:00Z,1,"Bien hecho Rusia
Да здравствует Президент Владимир Путин! 🇷🇺🇷🇺🇷🇺
Si no saben que dice usen traductor",Los homosexuales sufren persecución en Rusia,DW Español,2015-05-19T14:32:55Z,2015,lgtbi
kRx6cvcsbLQ,@elited4816,2021-08-18T00:52:45Z,1,Orgulloso de Rusia 😌,Los homosexuales sufren persecución en Rusia,DW Español,2015-05-19T14:32:55Z,2015,lgtbi
kRx6cvcsbLQ,@chriscamp8357,2022-01-30T10:14:20Z,0,Son un problema,Los homosexuales sufren persecución en Rusia,DW Español,2015-05-19T14:32:55Z,2015,lgtbi
kRx6cvcsbLQ,@necrokiller7331,2021-07-02T18:10:30Z,0,GRANDE RUSIA!!,Los homosexuales sufren persecución en Rusia,DW Español,2015-05-19T14:32:55Z,2015,lgtbi
kRx6cvcsbLQ,@alfonsolozano6744,2022-04-01T16:53:09Z,0,EE.UU se está derrumbando por la aprobación de estas leyes. Mientras los otros países dónde es prohibido van creciendo,Los homosexuales sufren persecución en Rusia,DW Español,2015-05-19T14:32:55Z,2015,lgtbi
kRx6cvcsbLQ,@catitoclips7967,2020-07-24T06:57:37Z,0,Al menos los policías detienen a los homofobicos y protegen a los activistas,Los homosexuales sufren persecución en Rusia,DW Español,2015-05-19T14:32:55Z,2015,lgtbi
kRx6cvcsbLQ,@Jota_Galaxy,2021-11-20T05:59:43Z,1,Wuu eso Rusiiaa vamos eso pa todavía queda esperanza,Los homosexuales sufren persecución en Rusia,DW Español,2015-05-19T14:32:55Z,2015,lgtbi
kRx6cvcsbLQ,@willwilfredofloresrojas3294,2020-01-20T04:00:41Z,2,esta  bien  rusia es un ejemplo para el mundo,Los homosexuales sufren persecución en Rusia,DW Español,2015-05-19T14:32:55Z,2015,lgtbi
kRx6cvcsbLQ,@juangas4575,2022-10-02T20:55:23Z,0,Que bueno es russia,Los homosexuales sufren persecución en Rusia,DW Español,2015-05-19T14:32:55Z,2015,lgtbi
kRx6cvcsbLQ,@elargentin0743,2022-01-17T22:43:42Z,1,Grande russia 😎😎,Los homosexuales sufren persecución en Rusia,DW Español,2015-05-19T14:32:55Z,2015,lgtbi
kRx6cvcsbLQ,@andrikerelinbatistaberas6474,2021-06-03T23:40:38Z,0,Viva rusia,Los homosexuales sufren persecución en Rusia,DW Español,2015-05-19T14:32:55Z,2015,lgtbi
kRx6cvcsbLQ,@Snt2589,2022-06-02T22:57:51Z,0,La madrepatria se respeta,Los homosexuales sufren persecución en Rusia,DW Español,2015-05-19T14:32:55Z,2015,lgtbi
kRx6cvcsbLQ,@joseabelsaavedramaguellal3696,2020-06-10T17:23:25Z,1,Qué se vengan para acá a México,Los homosexuales sufren persecución en Rusia,DW Español,2015-05-19T14:32:55Z,2015,lgtbi
kRx6cvcsbLQ,@alejandroaranda7784,2022-06-01T03:42:43Z,0,Completamente de acuerdo... grande Rusia,Los homosexuales sufren persecución en Rusia,DW Español,2015-05-19T14:32:55Z,2015,lgtbi
kRx6cvcsbLQ,@gleidersonperez6703,2022-01-21T03:09:46Z,0,amor asia la madre rusia,Los homosexuales sufren persecución en Rusia,DW Español,2015-05-19T14:32:55Z,2015,lgtbi
kRx6cvcsbLQ,@maupimentel7547,2021-07-23T22:26:11Z,0,Viva RUSIA 🇷🇺,Los homosexuales sufren persecución en Rusia,DW Español,2015-05-19T14:32:55Z,2015,lgtbi
0S94G4r8DLk,@carlosalbertoamarillagonza8025,2025-02-24T23:21:07Z,0,Se va al cielo o al infierno.😮,Comienza el juicio contra un acusado de matar a cuatro jovenes homosexuales en Londres,euronews (en español),2015-10-20T06:24:21Z,2015,lgtbi
0S94G4r8DLk,@FanCR7-y5e,2026-02-17T15:53:00Z,0,Hizo lo correcto xd,Comienza el juicio contra un acusado de matar a cuatro jovenes homosexuales en Londres,euronews (en español),2015-10-20T06:24:21Z,2015,lgtbi
jTM-ndTRrtE,@lisifarinas5725,2026-04-19T20:41:35Z,0,Pobrecito! Dios lo bendiga mucho ❤❤,"Henry, un inmigrante nigeriano y homosexual, con dificultades para conseguir la residencia en España",laSexta Noticias,2015-07-17T19:03:29Z,2015,lgtbi
jTM-ndTRrtE,@lupus-o2p,2025-08-06T12:01:25Z,1,Qué triste. Es un ser humano.,"Henry, un inmigrante nigeriano y homosexual, con dificultades para conseguir la residencia en España",laSexta Noticias,2015-07-17T19:03:29Z,2015,lgtbi
jTM-ndTRrtE,@yeirihernandez6108,2018-07-20T22:36:45Z,1,Que fuerte que pena con este chico,"Henry, un inmigrante nigeriano y homosexual, con dificultades para conseguir la residencia en España",laSexta Noticias,2015-07-17T19:03:29Z,2015,lgtbi
jTM-ndTRrtE,@davidsanchez1148,2019-07-13T13:17:52Z,1,Pobrecito,"Henry, un inmigrante nigeriano y homosexual, con dificultades para conseguir la residencia en España",laSexta Noticias,2015-07-17T19:03:29Z,2015,lgtbi
jTM-ndTRrtE,@blackgoku3788,2022-07-04T19:59:44Z,0,Todos los países tienen que a estar la homosexualidad,"Henry, un inmigrante nigeriano y homosexual, con dificultades para conseguir la residencia en España",laSexta Noticias,2015-07-17T19:03:29Z,2015,lgtbi
jTM-ndTRrtE,@blackgoku3788,2022-07-04T19:56:07Z,0,Yemen y Arabia saudita tiene a estar la homosexualidad,"Henry, un inmigrante nigeriano y homosexual, con dificultades para conseguir la residencia en España",laSexta Noticias,2015-07-17T19:03:29Z,2015,lgtbi
jTM-ndTRrtE,@blackgoku3788,2022-07-04T19:58:56Z,0,Afghanistan y Pakistán tiene que a estar la homosexualidad,"Henry, un inmigrante nigeriano y homosexual, con dificultades para conseguir la residencia en España",laSexta Noticias,2015-07-17T19:03:29Z,2015,lgtbi
jTM-ndTRrtE,@blackgoku3788,2022-07-04T19:57:28Z,0,Iraq irán tiene que a estar la homosexualidad,"Henry, un inmigrante nigeriano y homosexual, con dificultades para conseguir la residencia en España",laSexta Noticias,2015-07-17T19:03:29Z,2015,lgtbi
jTM-ndTRrtE,@blackgoku3788,2022-07-04T20:14:26Z,0,Camerún,"Henry, un inmigrante nigeriano y homosexual, con dificultades para conseguir la residencia en España",laSexta Noticias,2015-07-17T19:03:29Z,2015,lgtbi
jTM-ndTRrtE,@blackgoku3788,2022-07-04T19:52:58Z,0,Sudán tiene que a estar la homosexualidad,"Henry, un inmigrante nigeriano y homosexual, con dificultades para conseguir la residencia en España",laSexta Noticias,2015-07-17T19:03:29Z,2015,lgtbi
jTM-ndTRrtE,@blackgoku3788,2022-07-04T19:54:11Z,0,Somalia tiene que a estar la homosexualidad,"Henry, un inmigrante nigeriano y homosexual, con dificultades para conseguir la residencia en España",laSexta Noticias,2015-07-17T19:03:29Z,2015,lgtbi
jTM-ndTRrtE,@blackgoku3788,2022-07-04T19:51:21Z,0,Mauritania tienes que a estar la homosexualidad,"Henry, un inmigrante nigeriano y homosexual, con dificultades para conseguir la residencia en España",laSexta Noticias,2015-07-17T19:03:29Z,2015,lgtbi
jTM-ndTRrtE,@danieloneroner,2015-07-17T20:36:37Z,0,Que se vaya a Venezuela,"Henry, un inmigrante nigeriano y homosexual, con dificultades para conseguir la residencia en España",laSexta Noticias,2015-07-17T19:03:29Z,2015,lgtbi
jTM-ndTRrtE,@alcon_rojo3155,2021-05-29T02:41:19Z,2,Yo quiero un moreno así de hermoso,"Henry, un inmigrante nigeriano y homosexual, con dificultades para conseguir la residencia en España",laSexta Noticias,2015-07-17T19:03:29Z,2015,lgtbi
jTM-ndTRrtE,@joni33333,2015-07-18T07:14:17Z,0,"Que se haga transexual, entonces ya tiene el pack completo que incluye pasaporte español y pagita","Henry, un inmigrante nigeriano y homosexual, con dificultades para conseguir la residencia en España",laSexta Noticias,2015-07-17T19:03:29Z,2015,lgtbi
jTM-ndTRrtE,@blackgoku3788,2022-07-04T19:50:35Z,0,Nigeria tienes que a estar la homosexualidad,"Henry, un inmigrante nigeriano y homosexual, con dificultades para conseguir la residencia en España",laSexta Noticias,2015-07-17T19:03:29Z,2015,lgtbi
41O_ObO-4G0,@ernestocastro2293,2018-03-27T06:27:38Z,10,Que hermoso pectoral...me encantan y Belludos mas.,"Pero tu me lo prometiste que ir a Paris, a Roma, España !!",Idan Matalon,2015-10-12T21:56:23Z,2015,lgtbi
41O_ObO-4G0,@rhonalrueda5964,2016-07-23T05:01:08Z,64,"Demasiado bueno para ser verdad, que hombre :-)","Pero tu me lo prometiste que ir a Paris, a Roma, España !!",Idan Matalon,2015-10-12T21:56:23Z,2015,lgtbi
41O_ObO-4G0,@yeyavid,2021-06-04T18:04:55Z,3,Eliad es lo que todos queremos ver al despertar <3,"Pero tu me lo prometiste que ir a Paris, a Roma, España !!",Idan Matalon,2015-10-12T21:56:23Z,2015,lgtbi
41O_ObO-4G0,@youscott8459,2019-11-21T00:22:04Z,4,eliad cohen my favorite ❤️❤️😍😘,"Pero tu me lo prometiste que ir a Paris, a Roma, España !!",Idan Matalon,2015-10-12T21:56:23Z,2015,lgtbi
41O_ObO-4G0,@israelphoenix2165,2016-07-01T23:39:26Z,7,Eliad Cohen siempre increíble y super guapo me encanta todo Jajajajajajaj súper el vídeo !!!,"Pero tu me lo prometiste que ir a Paris, a Roma, España !!",Idan Matalon,2015-10-12T21:56:23Z,2015,lgtbi
41O_ObO-4G0,@pabloCulpablE,2015-10-12T23:01:16Z,122,¡Me súper moje con el chavo super VARONIL!,"Pero tu me lo prometiste que ir a Paris, a Roma, España !!",Idan Matalon,2015-10-12T21:56:23Z,2015,lgtbi
41O_ObO-4G0,@Lifepoints-mh1kg,2021-01-28T11:22:40Z,2,"Morí con las caras del final 😂😂😂 y Eliad, please! Llévame a tu cama!! 🤤🔥","Pero tu me lo prometiste que ir a Paris, a Roma, España !!",Idan Matalon,2015-10-12T21:56:23Z,2015,lgtbi
41O_ObO-4G0,@josegarciacarrasco4526,2020-06-17T18:29:36Z,3,"Que alegría tener un hombre como este,que feliz sería","Pero tu me lo prometiste que ir a Paris, a Roma, España !!",Idan Matalon,2015-10-12T21:56:23Z,2015,lgtbi
41O_ObO-4G0,@macromediobalam4509,2018-03-27T09:44:24Z,1,¡No puedo que hayas hecho un vídeo con semejante macho! Creo que es israelí. Es un sueño.,"Pero tu me lo prometiste que ir a Paris, a Roma, España !!",Idan Matalon,2015-10-12T21:56:23Z,2015,lgtbi
41O_ObO-4G0,@gersongallegoespana4381,2016-01-20T01:20:47Z,9,"Idan me gustan muchos tus Videos :3 
Saludos desde Honduras <3 :)","Pero tu me lo prometiste que ir a Paris, a Roma, España !!",Idan Matalon,2015-10-12T21:56:23Z,2015,lgtbi
41O_ObO-4G0,@cristiansuarez9267,2015-10-13T04:52:01Z,2,"jajajaja mori de risa XD, Teresa, Rubi y Soraya son las mejores de las novelas","Pero tu me lo prometiste que ir a Paris, a Roma, España !!",Idan Matalon,2015-10-12T21:56:23Z,2015,lgtbi
41O_ObO-4G0,@diegofernandez2618,2018-09-07T01:28:34Z,2,Tremendo pedazo de hombre,"Pero tu me lo prometiste que ir a Paris, a Roma, España !!",Idan Matalon,2015-10-12T21:56:23Z,2015,lgtbi
41O_ObO-4G0,@williamfreytes-cheverez3688,2018-11-05T10:32:51Z,2,"Eliad, Dios mio.  Te lambo de pies a ""cabeza"" jijiji","Pero tu me lo prometiste que ir a Paris, a Roma, España !!",Idan Matalon,2015-10-12T21:56:23Z,2015,lgtbi
41O_ObO-4G0,@andrusmottola1309,2016-07-03T00:55:10Z,1,"demasiado buenoooo  me encantan todos los videos, me muero de las risa felicidades","Pero tu me lo prometiste que ir a Paris, a Roma, España !!",Idan Matalon,2015-10-12T21:56:23Z,2015,lgtbi
41O_ObO-4G0,@luigiramirezhurtado9585,2018-06-25T21:10:20Z,0,"Estaba apunto de seguir viéndolo, pero se me pasó que aún no veía ese capítulo","Pero tu me lo prometiste que ir a Paris, a Roma, España !!",Idan Matalon,2015-10-12T21:56:23Z,2015,lgtbi
41O_ObO-4G0,@VMrevelations,2015-12-02T01:40:58Z,2,Estaba Bueno El Chavo Ese Varonil 7u7,"Pero tu me lo prometiste que ir a Paris, a Roma, España !!",Idan Matalon,2015-10-12T21:56:23Z,2015,lgtbi
41O_ObO-4G0,@Havock0910,2016-05-14T06:15:37Z,22,mi novio eliad!!!,"Pero tu me lo prometiste que ir a Paris, a Roma, España !!",Idan Matalon,2015-10-12T21:56:23Z,2015,lgtbi
41O_ObO-4G0,@jesusrojas5091,2017-11-29T03:47:52Z,0,Es una divertida representacion de esa escena de telenovela jejee y mas cuando empezaron a hacer gestos y demas,"Pero tu me lo prometiste que ir a Paris, a Roma, España !!",Idan Matalon,2015-10-12T21:56:23Z,2015,lgtbi
41O_ObO-4G0,@emiliano5425,2016-11-10T03:51:53Z,8,Hagan el de La mama de teresa cuando dice me das miedoooo teresa,"Pero tu me lo prometiste que ir a Paris, a Roma, España !!",Idan Matalon,2015-10-12T21:56:23Z,2015,lgtbi
41O_ObO-4G0,@valentinbaron,2017-06-18T15:22:02Z,2,el pedo  estuvo genial me rei tanto que me sorprendi yo solo jajaja,"Pero tu me lo prometiste que ir a Paris, a Roma, España !!",Idan Matalon,2015-10-12T21:56:23Z,2015,lgtbi
41O_ObO-4G0,@nicolasroqe,2017-05-25T11:52:33Z,6,"0:17 ""Nos vamos mañana"" and his lip sync <3","Pero tu me lo prometiste que ir a Paris, a Roma, España !!",Idan Matalon,2015-10-12T21:56:23Z,2015,lgtbi
41O_ObO-4G0,@duvanalbertocarrascalperal1360,2018-05-04T23:30:15Z,1,Me encantó. Super ese final,"Pero tu me lo prometiste que ir a Paris, a Roma, España !!",Idan Matalon,2015-10-12T21:56:23Z,2015,lgtbi
41O_ObO-4G0,@iamdanigua,2018-04-12T19:25:06Z,4,En Cuca mojada al ver al Chacal velludo :3 Santisima Vergara :3,"Pero tu me lo prometiste que ir a Paris, a Roma, España !!",Idan Matalon,2015-10-12T21:56:23Z,2015,lgtbi
41O_ObO-4G0,@pepeperulepu5765,2019-11-26T23:21:12Z,0,"Jajajaja que buena... 😂😂😂
Súper graciosos y súper divertidos. Son los máximos. 🤣🤣🤣","Pero tu me lo prometiste que ir a Paris, a Roma, España !!",Idan Matalon,2015-10-12T21:56:23Z,2015,lgtbi
41O_ObO-4G0,@StephenHVlogTVGaming,2015-10-16T08:46:02Z,2,"Omg these vids are hilarious I love them so much 

Stephen X 
UK X X 
stephenhvlogtv X","Pero tu me lo prometiste que ir a Paris, a Roma, España !!",Idan Matalon,2015-10-12T21:56:23Z,2015,lgtbi
41O_ObO-4G0,@antonyguess5347,2018-06-21T17:20:11Z,0,Fantásticos actores felicitaciónes i love desde Colombia,"Pero tu me lo prometiste que ir a Paris, a Roma, España !!",Idan Matalon,2015-10-12T21:56:23Z,2015,lgtbi
41O_ObO-4G0,@ErickBazterrica02,2015-10-13T00:09:28Z,2,"Adoro tus videos jajaja, me encantaron los gestos al final xD divertidos!!!","Pero tu me lo prometiste que ir a Paris, a Roma, España !!",Idan Matalon,2015-10-12T21:56:23Z,2015,lgtbi
41O_ObO-4G0,@luisarancibiaromero5786,2018-08-09T03:12:32Z,0,es la mejor manera de mejorar el ingles porfavor sigan haciendo este excelente trabajo,"Pero tu me lo prometiste que ir a Paris, a Roma, España !!",Idan Matalon,2015-10-12T21:56:23Z,2015,lgtbi
41O_ObO-4G0,@g.r6872,2016-10-13T11:28:06Z,6,eres tremendo idan jajajaja. muy bueno y saludos desde Madrid,"Pero tu me lo prometiste que ir a Paris, a Roma, España !!",Idan Matalon,2015-10-12T21:56:23Z,2015,lgtbi
41O_ObO-4G0,@egosumvia9953,2017-08-28T15:26:18Z,0,Idan es muy carismatico... cada vez me esta gustando mas... mas que los otros...,"Pero tu me lo prometiste que ir a Paris, a Roma, España !!",Idan Matalon,2015-10-12T21:56:23Z,2015,lgtbi
41O_ObO-4G0,@saulmoralesgarcia1330,2015-10-14T06:53:38Z,0,Jejéjejéjejé buen final me encanto.,"Pero tu me lo prometiste que ir a Paris, a Roma, España !!",Idan Matalon,2015-10-12T21:56:23Z,2015,lgtbi
41O_ObO-4G0,@eliasaugustolezcano1021,2015-10-13T01:10:17Z,2,"Jajjaja chiquito bonito amo tus videos , haz mas asi muero de la riza xd","Pero tu me lo prometiste que ir a Paris, a Roma, España !!",Idan Matalon,2015-10-12T21:56:23Z,2015,lgtbi
41O_ObO-4G0,@alejandrorincon7989,2015-10-12T22:33:38Z,0,jajajajja las cachetadas fue lo mejor jajajaja... eres grandioso idan,"Pero tu me lo prometiste que ir a Paris, a Roma, España !!",Idan Matalon,2015-10-12T21:56:23Z,2015,lgtbi
41O_ObO-4G0,@marcoslescano5318,2015-10-13T02:06:00Z,24,como que regresar a mexico? y nuestro viaje a europa? (la cara que pone me hace reir mucho),"Pero tu me lo prometiste que ir a Paris, a Roma, España !!",Idan Matalon,2015-10-12T21:56:23Z,2015,lgtbi
41O_ObO-4G0,@hogoog,2016-01-24T14:32:16Z,0,oh my God Shaggys amazing HELLO from Colombia Felicitaciones Jóvenes YOUTOBERES,"Pero tu me lo prometiste que ir a Paris, a Roma, España !!",Idan Matalon,2015-10-12T21:56:23Z,2015,lgtbi
41O_ObO-4G0,@jelancritic3158,2017-02-07T06:41:10Z,2,I don't know what that what but I love it,"Pero tu me lo prometiste que ir a Paris, a Roma, España !!",Idan Matalon,2015-10-12T21:56:23Z,2015,lgtbi
41O_ObO-4G0,@juangaldon,2021-11-21T16:33:14Z,0,Eliad saludos desde España 😉😉,"Pero tu me lo prometiste que ir a Paris, a Roma, España !!",Idan Matalon,2015-10-12T21:56:23Z,2015,lgtbi
41O_ObO-4G0,@enigmaticoancestral4033,2015-10-13T04:57:12Z,0,JAJAJAJAJAJAJAJJA IDAAAAAANNN ERES EL MEJOOORRRRRRRRRR JAJAJJA GOZO  CON IDAN,"Pero tu me lo prometiste que ir a Paris, a Roma, España !!",Idan Matalon,2015-10-12T21:56:23Z,2015,lgtbi
41O_ObO-4G0,@yahirst065,2022-07-01T09:43:55Z,0,Me encanta Eliad Cohen 🥰😘,"Pero tu me lo prometiste que ir a Paris, a Roma, España !!",Idan Matalon,2015-10-12T21:56:23Z,2015,lgtbi
41O_ObO-4G0,@WandaLegnaMHM,2015-10-12T22:59:53Z,0,jajajajajajajaa ayyyy ese es Eliad Cohen!!!! <3 <3 <3 <3,"Pero tu me lo prometiste que ir a Paris, a Roma, España !!",Idan Matalon,2015-10-12T21:56:23Z,2015,lgtbi
41O_ObO-4G0,@yoelct8363,2016-02-22T04:35:59Z,0,"estan super buenos sobre todo el alto , saludos","Pero tu me lo prometiste que ir a Paris, a Roma, España !!",Idan Matalon,2015-10-12T21:56:23Z,2015,lgtbi
41O_ObO-4G0,@EpaEsCarlos,2015-10-13T10:36:51Z,0,OH Come On Jajajajajajajajaja!!! Quedo super Fino Jajaja me míe de la risa!!!,"Pero tu me lo prometiste que ir a Paris, a Roma, España !!",Idan Matalon,2015-10-12T21:56:23Z,2015,lgtbi
41O_ObO-4G0,@erickjulio9810,2015-10-30T13:05:06Z,0,Wow... 😱😱😱,"Pero tu me lo prometiste que ir a Paris, a Roma, España !!",Idan Matalon,2015-10-12T21:56:23Z,2015,lgtbi
41O_ObO-4G0,@gustavodelgado23,2018-08-02T22:07:31Z,2,Jajajajajaja se cargó !!,"Pero tu me lo prometiste que ir a Paris, a Roma, España !!",Idan Matalon,2015-10-12T21:56:23Z,2015,lgtbi
41O_ObO-4G0,@GuillermOoMc,2016-07-20T08:00:41Z,1,El final jajajajajajajajajaja,"Pero tu me lo prometiste que ir a Paris, a Roma, España !!",Idan Matalon,2015-10-12T21:56:23Z,2015,lgtbi
41O_ObO-4G0,@leoarioad8684,2018-09-05T03:00:26Z,0,I love eliad cohen 😍😍😍😍,"Pero tu me lo prometiste que ir a Paris, a Roma, España !!",Idan Matalon,2015-10-12T21:56:23Z,2015,lgtbi
41O_ObO-4G0,@jefgamer8619,2020-12-13T21:12:52Z,0,"😂😂😂😂😂
Todas las tomas corresponden totalmente a las novelas 😂😂😂😂","Pero tu me lo prometiste que ir a Paris, a Roma, España !!",Idan Matalon,2015-10-12T21:56:23Z,2015,lgtbi
41O_ObO-4G0,@wessleydeleon1454,2019-03-05T09:41:51Z,0,Eliad es tan bello! 😍,"Pero tu me lo prometiste que ir a Paris, a Roma, España !!",Idan Matalon,2015-10-12T21:56:23Z,2015,lgtbi
41O_ObO-4G0,@Bellaiska,2018-03-18T17:04:05Z,1,"Con ese rolo de macho bien varonil, alto y con pelo en pecho, ya sabemos quien es el pasivo aqui  (osea el mas bajito)","Pero tu me lo prometiste que ir a Paris, a Roma, España !!",Idan Matalon,2015-10-12T21:56:23Z,2015,lgtbi
41O_ObO-4G0,@mifilefer,2017-05-29T21:56:41Z,0,1:08 me mori de la risa... buen video,"Pero tu me lo prometiste que ir a Paris, a Roma, España !!",Idan Matalon,2015-10-12T21:56:23Z,2015,lgtbi
41O_ObO-4G0,@angelj.v.godines696,2015-10-13T01:58:25Z,0,Jajajajjjaja. Idan super me reí demasiado!..,"Pero tu me lo prometiste que ir a Paris, a Roma, España !!",Idan Matalon,2015-10-12T21:56:23Z,2015,lgtbi
41O_ObO-4G0,@laurasanabria3550,2017-03-05T06:55:07Z,0,mencantoo mencantan ts videos,"Pero tu me lo prometiste que ir a Paris, a Roma, España !!",Idan Matalon,2015-10-12T21:56:23Z,2015,lgtbi
41O_ObO-4G0,@jorgeam8338,2018-04-01T17:29:37Z,0,Eliad 😍,"Pero tu me lo prometiste que ir a Paris, a Roma, España !!",Idan Matalon,2015-10-12T21:56:23Z,2015,lgtbi
41O_ObO-4G0,@billy37692,2017-01-05T04:57:21Z,0,Jajajajaja el pedo!! No lo esperaba!!!,"Pero tu me lo prometiste que ir a Paris, a Roma, España !!",Idan Matalon,2015-10-12T21:56:23Z,2015,lgtbi
41O_ObO-4G0,@anthonylobo5570,2017-07-27T16:01:29Z,1,Wauuu,"Pero tu me lo prometiste que ir a Paris, a Roma, España !!",Idan Matalon,2015-10-12T21:56:23Z,2015,lgtbi
41O_ObO-4G0,@monikleiva8458,2015-10-12T21:59:23Z,0,fuego divino,"Pero tu me lo prometiste que ir a Paris, a Roma, España !!",Idan Matalon,2015-10-12T21:56:23Z,2015,lgtbi
41O_ObO-4G0,@nataliav1963,2015-10-23T06:54:23Z,1,"la cara cuando dice "" y nuestro viaje a europa? hahahhaha","Pero tu me lo prometiste que ir a Paris, a Roma, España !!",Idan Matalon,2015-10-12T21:56:23Z,2015,lgtbi
41O_ObO-4G0,@LeguizamonMartin,2020-06-20T03:33:03Z,2,1:02 in slow motion,"Pero tu me lo prometiste que ir a Paris, a Roma, España !!",Idan Matalon,2015-10-12T21:56:23Z,2015,lgtbi
41O_ObO-4G0,@thorzermeno7662,2015-11-03T04:49:56Z,2,eliad is the hottest thing i've ever seen in my life,"Pero tu me lo prometiste que ir a Paris, a Roma, España !!",Idan Matalon,2015-10-12T21:56:23Z,2015,lgtbi
41O_ObO-4G0,@billyjoeibarra1709,2016-01-14T02:41:24Z,0,"hahahaha no puede ser, me duele el estomago de tanto reir","Pero tu me lo prometiste que ir a Paris, a Roma, España !!",Idan Matalon,2015-10-12T21:56:23Z,2015,lgtbi
41O_ObO-4G0,@josearjona5848,2016-01-09T19:32:51Z,0,Que buen remate final........ ja ja ja,"Pero tu me lo prometiste que ir a Paris, a Roma, España !!",Idan Matalon,2015-10-12T21:56:23Z,2015,lgtbi
41O_ObO-4G0,@nombre2apellido274,2015-10-13T20:56:04Z,0,esa defensa es bien útil jajajajaja,"Pero tu me lo prometiste que ir a Paris, a Roma, España !!",Idan Matalon,2015-10-12T21:56:23Z,2015,lgtbi
41O_ObO-4G0,@markpopson5616,2018-12-09T05:19:44Z,0,"Lol, hilarious. You guys r cute together!","Pero tu me lo prometiste que ir a Paris, a Roma, España !!",Idan Matalon,2015-10-12T21:56:23Z,2015,lgtbi
41O_ObO-4G0,@nelson_pelayo,2018-08-15T00:54:54Z,1,Final inesperado jajajaja.,"Pero tu me lo prometiste que ir a Paris, a Roma, España !!",Idan Matalon,2015-10-12T21:56:23Z,2015,lgtbi
41O_ObO-4G0,@eliesandar1771,2017-01-26T00:49:16Z,0,muy buena novela... ja ja ja,"Pero tu me lo prometiste que ir a Paris, a Roma, España !!",Idan Matalon,2015-10-12T21:56:23Z,2015,lgtbi
41O_ObO-4G0,@antoniocastaneda4720,2015-10-12T23:24:57Z,0,te la volaste con tu gas Jajajajajajaja,"Pero tu me lo prometiste que ir a Paris, a Roma, España !!",Idan Matalon,2015-10-12T21:56:23Z,2015,lgtbi
41O_ObO-4G0,@zynix-swgoh,2016-07-02T04:01:00Z,0,OMG LOL me has hecho reír,"Pero tu me lo prometiste que ir a Paris, a Roma, España !!",Idan Matalon,2015-10-12T21:56:23Z,2015,lgtbi
41O_ObO-4G0,@JuanGarcia-ej8ds,2021-07-05T02:29:33Z,0,¡Bonito Teatro! 🎭 👥 🙈🙉🙊,"Pero tu me lo prometiste que ir a Paris, a Roma, España !!",Idan Matalon,2015-10-12T21:56:23Z,2015,lgtbi
41O_ObO-4G0,@bubbajones3241,2017-08-22T05:11:54Z,1,"JAJAJAJA!!!...1:08 Eso estuvo bueno.,se la sacaron los dos!!!...muy bueno ...that's fucking good you guys...hahahahaha!!!...sound like a real fart!!!     :)","Pero tu me lo prometiste que ir a Paris, a Roma, España !!",Idan Matalon,2015-10-12T21:56:23Z,2015,lgtbi
41O_ObO-4G0,@ruggedprincebabu1636,2016-09-27T14:27:02Z,16,Handsome.. Hairy chest,"Pero tu me lo prometiste que ir a Paris, a Roma, España !!",Idan Matalon,2015-10-12T21:56:23Z,2015,lgtbi
41O_ObO-4G0,@adrianpijas8867,2017-05-24T23:49:24Z,0,"jajajaja muy bueno, muy bueno","Pero tu me lo prometiste que ir a Paris, a Roma, España !!",Idan Matalon,2015-10-12T21:56:23Z,2015,lgtbi
41O_ObO-4G0,@victorarellano7360,2019-10-12T00:14:51Z,0,Estos dos están buenos jaja,"Pero tu me lo prometiste que ir a Paris, a Roma, España !!",Idan Matalon,2015-10-12T21:56:23Z,2015,lgtbi
41O_ObO-4G0,@Fabioaliibrahim4149,2019-08-29T04:19:03Z,0,😂😂😂 buenisimo,"Pero tu me lo prometiste que ir a Paris, a Roma, España !!",Idan Matalon,2015-10-12T21:56:23Z,2015,lgtbi
41O_ObO-4G0,@Godisnotrealneverforgetthat,2019-03-04T04:18:13Z,0,Yay Teresa!!! Y ese hombre es un dios.,"Pero tu me lo prometiste que ir a Paris, a Roma, España !!",Idan Matalon,2015-10-12T21:56:23Z,2015,lgtbi
41O_ObO-4G0,@vicjorave,2016-08-22T14:00:47Z,2,uffffffffffffffff,"Pero tu me lo prometiste que ir a Paris, a Roma, España !!",Idan Matalon,2015-10-12T21:56:23Z,2015,lgtbi
41O_ObO-4G0,@latony1,2015-10-13T00:00:02Z,0,Jajajajaja final inesperado jajajaja,"Pero tu me lo prometiste que ir a Paris, a Roma, España !!",Idan Matalon,2015-10-12T21:56:23Z,2015,lgtbi
41O_ObO-4G0,@ميعلى-ن9ث,2019-03-09T20:55:41Z,0,😍😍😍😍😍,"Pero tu me lo prometiste que ir a Paris, a Roma, España !!",Idan Matalon,2015-10-12T21:56:23Z,2015,lgtbi
41O_ObO-4G0,@DunstanoMAdare,2019-02-24T20:35:08Z,0,Buen final. Es obvio que la escena está de sobra al tener presente al wey que la hace de Sebastián Ruly en Teresa.,"Pero tu me lo prometiste que ir a Paris, a Roma, España !!",Idan Matalon,2015-10-12T21:56:23Z,2015,lgtbi
41O_ObO-4G0,@Xaviereduardoful,2017-11-26T11:00:55Z,0,jajajaja. . . Que final !,"Pero tu me lo prometiste que ir a Paris, a Roma, España !!",Idan Matalon,2015-10-12T21:56:23Z,2015,lgtbi
41O_ObO-4G0,@jordiperaltalopez1818,2015-10-22T14:11:11Z,0,eliad cohen si que esta bueno,"Pero tu me lo prometiste que ir a Paris, a Roma, España !!",Idan Matalon,2015-10-12T21:56:23Z,2015,lgtbi
41O_ObO-4G0,@jorgeverdugorenteria8427,2018-09-22T19:22:01Z,0,Si,"Pero tu me lo prometiste que ir a Paris, a Roma, España !!",Idan Matalon,2015-10-12T21:56:23Z,2015,lgtbi
41O_ObO-4G0,@chichipalacio,2024-01-06T05:22:49Z,0,Ese macho es todo...,"Pero tu me lo prometiste que ir a Paris, a Roma, España !!",Idan Matalon,2015-10-12T21:56:23Z,2015,lgtbi
41O_ObO-4G0,@edurneadicto,2019-01-20T04:34:56Z,1,"Dios mio pero si esque estan buenos los dos Sebastian sobretodo, bueno obvio no es Sebastian pero quien fuera Teresa para poder estar en sus brazos y en su pecho robusto Dios, me parece que me estoy pasando verdad? ok no, esta muy bueno","Pero tu me lo prometiste que ir a Paris, a Roma, España !!",Idan Matalon,2015-10-12T21:56:23Z,2015,lgtbi
41O_ObO-4G0,@charlykhalil1597,2017-05-07T23:28:31Z,0,wow. final brutal.... jaja,"Pero tu me lo prometiste que ir a Paris, a Roma, España !!",Idan Matalon,2015-10-12T21:56:23Z,2015,lgtbi
41O_ObO-4G0,@Scorpiona92,2016-06-07T20:19:26Z,10,BELLISIMOS.. SALUDOS.. DESDE PERU°,"Pero tu me lo prometiste que ir a Paris, a Roma, España !!",Idan Matalon,2015-10-12T21:56:23Z,2015,lgtbi
41O_ObO-4G0,@Armi_Mond,2018-08-05T15:08:56Z,1,Elías Cohen papito bebé.,"Pero tu me lo prometiste que ir a Paris, a Roma, España !!",Idan Matalon,2015-10-12T21:56:23Z,2015,lgtbi
41O_ObO-4G0,@ARMANDO-vk9gl,2019-01-29T01:30:38Z,1,❤️😋,"Pero tu me lo prometiste que ir a Paris, a Roma, España !!",Idan Matalon,2015-10-12T21:56:23Z,2015,lgtbi
41O_ObO-4G0,@isaiasramosgarcia9771,2016-10-20T17:32:01Z,1,esta simpatico,"Pero tu me lo prometiste que ir a Paris, a Roma, España !!",Idan Matalon,2015-10-12T21:56:23Z,2015,lgtbi
41O_ObO-4G0,@francogomez3509,2017-07-19T14:48:56Z,1,ajjajajjajjajjaja mori,"Pero tu me lo prometiste que ir a Paris, a Roma, España !!",Idan Matalon,2015-10-12T21:56:23Z,2015,lgtbi
41O_ObO-4G0,@kamiloshousen,2016-02-10T17:30:07Z,1,hahahaha...GOD!! damn hot...and funny! <3 <3 <3,"Pero tu me lo prometiste que ir a Paris, a Roma, España !!",Idan Matalon,2015-10-12T21:56:23Z,2015,lgtbi
41O_ObO-4G0,@juangarcianike8788,2016-06-03T22:58:09Z,0,que bueno jeje,"Pero tu me lo prometiste que ir a Paris, a Roma, España !!",Idan Matalon,2015-10-12T21:56:23Z,2015,lgtbi
41O_ObO-4G0,@hassenaitidir1888,2021-12-04T21:22:55Z,0,Hhhhhhh  es incriyeble,"Pero tu me lo prometiste que ir a Paris, a Roma, España !!",Idan Matalon,2015-10-12T21:56:23Z,2015,lgtbi
41O_ObO-4G0,@ravisherve,2020-10-23T13:28:25Z,0,That fart 🤣🤣🤣🤣🤣🤣🤣,"Pero tu me lo prometiste que ir a Paris, a Roma, España !!",Idan Matalon,2015-10-12T21:56:23Z,2015,lgtbi
41O_ObO-4G0,@AldoDanRuzFerrer,2016-12-13T09:19:56Z,0,😂 el peeo hahahah 😂,"Pero tu me lo prometiste que ir a Paris, a Roma, España !!",Idan Matalon,2015-10-12T21:56:23Z,2015,lgtbi
41O_ObO-4G0,@juangabrielquintanaarellan6802,2016-06-07T16:01:40Z,0,jajaja muero de la risa,"Pero tu me lo prometiste que ir a Paris, a Roma, España !!",Idan Matalon,2015-10-12T21:56:23Z,2015,lgtbi
41O_ObO-4G0,@Miguel-ws1ul,2019-05-28T22:22:09Z,0,"Hahahahahah its so funnny ;)
Teresa...aceita","Pero tu me lo prometiste que ir a Paris, a Roma, España !!",Idan Matalon,2015-10-12T21:56:23Z,2015,lgtbi
41O_ObO-4G0,@joseentodoslostiempos4357,2019-05-31T21:59:06Z,1,Ese final. 🤣🤣,"Pero tu me lo prometiste que ir a Paris, a Roma, España !!",Idan Matalon,2015-10-12T21:56:23Z,2015,lgtbi
41O_ObO-4G0,@emiliano5425,2016-11-10T03:51:34Z,0,Teresa <3 <3 <3,"Pero tu me lo prometiste que ir a Paris, a Roma, España !!",Idan Matalon,2015-10-12T21:56:23Z,2015,lgtbi
41O_ObO-4G0,@randyperez5407,2016-01-18T03:41:23Z,2,el varonil se llama Eliad Cohen un israeli...,"Pero tu me lo prometiste que ir a Paris, a Roma, España !!",Idan Matalon,2015-10-12T21:56:23Z,2015,lgtbi
41O_ObO-4G0,@TheMarkanthony5,2016-04-16T19:32:38Z,0,wtf pissing myself laughing here love it,"Pero tu me lo prometiste que ir a Paris, a Roma, España !!",Idan Matalon,2015-10-12T21:56:23Z,2015,lgtbi
41O_ObO-4G0,@axelaxel8860,2018-04-13T04:41:50Z,0,Me da rise que de Ultima se le sale un pedo😂😂😂😂,"Pero tu me lo prometiste que ir a Paris, a Roma, España !!",Idan Matalon,2015-10-12T21:56:23Z,2015,lgtbi
41O_ObO-4G0,@angelmar1003,2015-10-13T21:18:50Z,1,"ESE FINAL DE ESCENA, NO LO HACE NI JUAN OSORIO!","Pero tu me lo prometiste que ir a Paris, a Roma, España !!",Idan Matalon,2015-10-12T21:56:23Z,2015,lgtbi
41O_ObO-4G0,@bysamirdz1992,2019-12-13T22:52:13Z,0,Hhhhhhhhhhhhhhh 🤣🤣🤣🤣trop rigolo,"Pero tu me lo prometiste que ir a Paris, a Roma, España !!",Idan Matalon,2015-10-12T21:56:23Z,2015,lgtbi
41O_ObO-4G0,@zdrasbuytye,2015-10-15T02:33:57Z,0,"pobre Eliad jajajjaj quedo chamuscado con el pedo,","Pero tu me lo prometiste que ir a Paris, a Roma, España !!",Idan Matalon,2015-10-12T21:56:23Z,2015,lgtbi
41O_ObO-4G0,@amitheone6698,2016-04-30T05:47:50Z,0,jajajajaja me mie!,"Pero tu me lo prometiste que ir a Paris, a Roma, España !!",Idan Matalon,2015-10-12T21:56:23Z,2015,lgtbi
41O_ObO-4G0,@carlosrequena2874,2018-03-24T00:58:22Z,0,jaja que escena,"Pero tu me lo prometiste que ir a Paris, a Roma, España !!",Idan Matalon,2015-10-12T21:56:23Z,2015,lgtbi
41O_ObO-4G0,@Sorosh-fb9vp,2018-07-14T07:37:35Z,0,😀,"Pero tu me lo prometiste que ir a Paris, a Roma, España !!",Idan Matalon,2015-10-12T21:56:23Z,2015,lgtbi
41O_ObO-4G0,@janvloggaa4920,2018-09-04T19:43:42Z,1,ROFL! =D,"Pero tu me lo prometiste que ir a Paris, a Roma, España !!",Idan Matalon,2015-10-12T21:56:23Z,2015,lgtbi
41O_ObO-4G0,@bizarro573,2015-11-11T02:35:40Z,1,M e gustaría  ver un video de Eliad Cohen y tú diciendo: ¡Pobrecita! JAJAJAJA,"Pero tu me lo prometiste que ir a Paris, a Roma, España !!",Idan Matalon,2015-10-12T21:56:23Z,2015,lgtbi
41O_ObO-4G0,@weimarrodriguezconejo9892,2018-05-04T21:25:43Z,1,😂😂😂😂😅😅😅😂😂😂,"Pero tu me lo prometiste que ir a Paris, a Roma, España !!",Idan Matalon,2015-10-12T21:56:23Z,2015,lgtbi
41O_ObO-4G0,@leodrian92,2018-05-05T16:06:52Z,1,jajaja funny and sexy!!,"Pero tu me lo prometiste que ir a Paris, a Roma, España !!",Idan Matalon,2015-10-12T21:56:23Z,2015,lgtbi
41O_ObO-4G0,@alexanderdominguezortizz4110,2018-04-28T21:48:21Z,1,pero que lindo esta  el muchachoo... el chico pecho afuera,"Pero tu me lo prometiste que ir a Paris, a Roma, España !!",Idan Matalon,2015-10-12T21:56:23Z,2015,lgtbi
41O_ObO-4G0,@albertocampos5244,2016-11-10T01:06:03Z,0,"eliad cohen ,tuvo un novio guapichimo . ....:( muy linda pareja","Pero tu me lo prometiste que ir a Paris, a Roma, España !!",Idan Matalon,2015-10-12T21:56:23Z,2015,lgtbi
41O_ObO-4G0,@manwel8803,2017-02-28T14:13:48Z,0,"Madre mía, el judío ese, te da una torta con fuerza, y te deja de dibujo en una pared.","Pero tu me lo prometiste que ir a Paris, a Roma, España !!",Idan Matalon,2015-10-12T21:56:23Z,2015,lgtbi
41O_ObO-4G0,@rodimousa9202,2019-03-31T17:59:14Z,0,Lol😂😂😂😂😂😂😂,"Pero tu me lo prometiste que ir a Paris, a Roma, España !!",Idan Matalon,2015-10-12T21:56:23Z,2015,lgtbi
41O_ObO-4G0,@maheshmaheshthakur3477,2020-07-15T06:22:51Z,0,😌😙😙😙😙😋,"Pero tu me lo prometiste que ir a Paris, a Roma, España !!",Idan Matalon,2015-10-12T21:56:23Z,2015,lgtbi
41O_ObO-4G0,@lokiamsotnas6748,2018-08-07T00:33:19Z,1,Jaja un peson esta mas arriba que el otro,"Pero tu me lo prometiste que ir a Paris, a Roma, España !!",Idan Matalon,2015-10-12T21:56:23Z,2015,lgtbi
41O_ObO-4G0,@manoloheralc,2015-10-13T14:43:17Z,0,Que pedo?... literal hahaha,"Pero tu me lo prometiste que ir a Paris, a Roma, España !!",Idan Matalon,2015-10-12T21:56:23Z,2015,lgtbi
41O_ObO-4G0,@manoloo8,2019-01-28T13:25:53Z,1,Uuhhh! Mucha ropa!!,"Pero tu me lo prometiste que ir a Paris, a Roma, España !!",Idan Matalon,2015-10-12T21:56:23Z,2015,lgtbi
41O_ObO-4G0,@alexkit5067,2016-01-02T22:13:12Z,0,el man tan tonto! me hace reir tanto :D,"Pero tu me lo prometiste que ir a Paris, a Roma, España !!",Idan Matalon,2015-10-12T21:56:23Z,2015,lgtbi
41O_ObO-4G0,@fedepetit,2018-04-13T02:08:43Z,0,No sabía que Eliad Cohen hablaba español,"Pero tu me lo prometiste que ir a Paris, a Roma, España !!",Idan Matalon,2015-10-12T21:56:23Z,2015,lgtbi
41O_ObO-4G0,@mariomunoz6963,2015-10-13T22:21:02Z,0,"😂😂😂😂


Idan 😍😘😂😉","Pero tu me lo prometiste que ir a Paris, a Roma, España !!",Idan Matalon,2015-10-12T21:56:23Z,2015,lgtbi
41O_ObO-4G0,@houstonericssonlaosolorteg5622,2019-02-01T02:18:50Z,0,Hahahaha el pedo🤣🤣🤣,"Pero tu me lo prometiste que ir a Paris, a Roma, España !!",Idan Matalon,2015-10-12T21:56:23Z,2015,lgtbi
41O_ObO-4G0,@artemisaalcala5494,2017-07-18T05:52:42Z,0,ELIAD COHEN OMG 😏😍😍😍😈😈😈🔥🔥🔥,"Pero tu me lo prometiste que ir a Paris, a Roma, España !!",Idan Matalon,2015-10-12T21:56:23Z,2015,lgtbi
41O_ObO-4G0,@EdgarArturoLopezRodriguezz,2016-05-19T23:20:24Z,0,Que cura jajajaj,"Pero tu me lo prometiste que ir a Paris, a Roma, España !!",Idan Matalon,2015-10-12T21:56:23Z,2015,lgtbi
41O_ObO-4G0,@glennmartin5857,2018-07-28T19:51:30Z,0,Hahaha hahaha hahaha,"Pero tu me lo prometiste que ir a Paris, a Roma, España !!",Idan Matalon,2015-10-12T21:56:23Z,2015,lgtbi
41O_ObO-4G0,@rafaelromero7800,2016-04-26T01:29:54Z,0,Jajajajaja que Cura,"Pero tu me lo prometiste que ir a Paris, a Roma, España !!",Idan Matalon,2015-10-12T21:56:23Z,2015,lgtbi
41O_ObO-4G0,@gameal39,2017-09-27T05:56:03Z,0,jajajajajjajajajajaaaa,"Pero tu me lo prometiste que ir a Paris, a Roma, España !!",Idan Matalon,2015-10-12T21:56:23Z,2015,lgtbi
41O_ObO-4G0,@italo9175,2016-05-08T18:54:42Z,1,jajjajajajajajajajajaja,"Pero tu me lo prometiste que ir a Paris, a Roma, España !!",Idan Matalon,2015-10-12T21:56:23Z,2015,lgtbi
41O_ObO-4G0,@ruttii3,2016-12-18T00:51:52Z,0,JAJAJAJAJAAJ,"Pero tu me lo prometiste que ir a Paris, a Roma, España !!",Idan Matalon,2015-10-12T21:56:23Z,2015,lgtbi
41O_ObO-4G0,@SuperJuniorvictor,2016-02-09T23:12:27Z,84,es normal que me excite ?,"Pero tu me lo prometiste que ir a Paris, a Roma, España !!",Idan Matalon,2015-10-12T21:56:23Z,2015,lgtbi
41O_ObO-4G0,@simonebocci4573,2019-01-29T12:18:53Z,0,SNNNNAE,"Pero tu me lo prometiste que ir a Paris, a Roma, España !!",Idan Matalon,2015-10-12T21:56:23Z,2015,lgtbi
41O_ObO-4G0,@federicoflores9505,2019-11-16T23:49:29Z,0,Telesa!,"Pero tu me lo prometiste que ir a Paris, a Roma, España !!",Idan Matalon,2015-10-12T21:56:23Z,2015,lgtbi
41O_ObO-4G0,@andresocampo2721,2018-04-17T15:50:35Z,0,Moje los  cucos....estoy mojada.. que machoooooo  aunque no soy Teresa  ...soy  Rubi,"Pero tu me lo prometiste que ir a Paris, a Roma, España !!",Idan Matalon,2015-10-12T21:56:23Z,2015,lgtbi
41O_ObO-4G0,@Lilimp1011,2015-10-12T23:15:59Z,0,😂😂😂,"Pero tu me lo prometiste que ir a Paris, a Roma, España !!",Idan Matalon,2015-10-12T21:56:23Z,2015,lgtbi
41O_ObO-4G0,@josesanchez-dv8uo,2018-03-17T16:24:31Z,0,Jajja,"Pero tu me lo prometiste que ir a Paris, a Roma, España !!",Idan Matalon,2015-10-12T21:56:23Z,2015,lgtbi
41O_ObO-4G0,@salomonmedina2520,2015-10-12T22:54:52Z,0,Jajajajajajajajaja,"Pero tu me lo prometiste que ir a Paris, a Roma, España !!",Idan Matalon,2015-10-12T21:56:23Z,2015,lgtbi
41O_ObO-4G0,@ricardogil3382,2015-11-02T00:36:31Z,0,JAJAJAJJA,"Pero tu me lo prometiste que ir a Paris, a Roma, España !!",Idan Matalon,2015-10-12T21:56:23Z,2015,lgtbi
41O_ObO-4G0,@Marina81505,2022-09-14T21:25:46Z,0,Eliad Cohen is the most hot man ever!😍❤❤,"Pero tu me lo prometiste que ir a Paris, a Roma, España !!",Idan Matalon,2015-10-12T21:56:23Z,2015,lgtbi
41O_ObO-4G0,@adolfosilva18,2020-02-16T20:12:35Z,0,Jajajajajajaja...,"Pero tu me lo prometiste que ir a Paris, a Roma, España !!",Idan Matalon,2015-10-12T21:56:23Z,2015,lgtbi
41O_ObO-4G0,@leningutierrez7393,2018-10-12T21:59:25Z,0,Jaaaaa,"Pero tu me lo prometiste que ir a Paris, a Roma, España !!",Idan Matalon,2015-10-12T21:56:23Z,2015,lgtbi
41O_ObO-4G0,@cristianarbelo230,2025-10-20T03:39:57Z,0,MI AMOR MI MACHOTE ELIAD COHEN YO QUISIERA VIVIR CONTIGO😍😋💘💘🎶🎶💍💍,"Pero tu me lo prometiste que ir a Paris, a Roma, España !!",Idan Matalon,2015-10-12T21:56:23Z,2015,lgtbi
41O_ObO-4G0,@leovega1225,2016-05-01T00:23:38Z,0,jajjaa,"Pero tu me lo prometiste que ir a Paris, a Roma, España !!",Idan Matalon,2015-10-12T21:56:23Z,2015,lgtbi
41O_ObO-4G0,@jairoantoniomendez5506,2017-05-13T20:03:25Z,0,Ag Jajajajajajajajajajaja,"Pero tu me lo prometiste que ir a Paris, a Roma, España !!",Idan Matalon,2015-10-12T21:56:23Z,2015,lgtbi
41O_ObO-4G0,@marcelomonteiropereira7004,2020-09-01T23:07:18Z,0,🤣🤣🤣🤣🤣🤣🤣,"Pero tu me lo prometiste que ir a Paris, a Roma, España !!",Idan Matalon,2015-10-12T21:56:23Z,2015,lgtbi
41O_ObO-4G0,@rodimousa9202,2018-07-18T19:00:20Z,0,😂😂😂😂😂✋✋✋✋😍😍😍😍🙃🙃😹✋,"Pero tu me lo prometiste que ir a Paris, a Roma, España !!",Idan Matalon,2015-10-12T21:56:23Z,2015,lgtbi
41O_ObO-4G0,@victoregonzalez3240,2018-05-03T03:54:22Z,0,funny,"Pero tu me lo prometiste que ir a Paris, a Roma, España !!",Idan Matalon,2015-10-12T21:56:23Z,2015,lgtbi
41O_ObO-4G0,@oannguyen5099,2020-07-20T19:05:02Z,0,im crazy when look at your chests,"Pero tu me lo prometiste que ir a Paris, a Roma, España !!",Idan Matalon,2015-10-12T21:56:23Z,2015,lgtbi
41O_ObO-4G0,@omarvasquez7639,2023-03-09T23:20:37Z,0,😂,"Pero tu me lo prometiste que ir a Paris, a Roma, España !!",Idan Matalon,2015-10-12T21:56:23Z,2015,lgtbi
41O_ObO-4G0,@ThePenguinCP,2015-10-12T23:21:24Z,0,Teresa *.*,"Pero tu me lo prometiste que ir a Paris, a Roma, España !!",Idan Matalon,2015-10-12T21:56:23Z,2015,lgtbi
41O_ObO-4G0,@antonionegrete2474,2018-04-04T21:55:33Z,0,Creo que se paro con ese hombre 😏😏😏,"Pero tu me lo prometiste que ir a Paris, a Roma, España !!",Idan Matalon,2015-10-12T21:56:23Z,2015,lgtbi
41O_ObO-4G0,@evelynlujan7002,2016-05-01T17:49:59Z,0,m,"Pero tu me lo prometiste que ir a Paris, a Roma, España !!",Idan Matalon,2015-10-12T21:56:23Z,2015,lgtbi
41O_ObO-4G0,@danielcarrillo4284,2018-03-18T20:10:35Z,0,Musculocassss,"Pero tu me lo prometiste que ir a Paris, a Roma, España !!",Idan Matalon,2015-10-12T21:56:23Z,2015,lgtbi
41O_ObO-4G0,@LuisVgogh,2015-10-12T22:52:15Z,0,ERES LO MAXIMO IDAN  jajajajaja eres el mejor del mundo <3,"Pero tu me lo prometiste que ir a Paris, a Roma, España !!",Idan Matalon,2015-10-12T21:56:23Z,2015,lgtbi
41O_ObO-4G0,@markokopic3038,2021-08-21T13:56:01Z,0,Alez.gut.sene.man.pozbrav 💋👄🍷🍷☕🍉💞💕🔥🍦🍹💥💌💫🍌👃🌷🌹👍👌,"Pero tu me lo prometiste que ir a Paris, a Roma, España !!",Idan Matalon,2015-10-12T21:56:23Z,2015,lgtbi
41O_ObO-4G0,@שחרפשוט,2019-08-28T23:22:37Z,2,"שרשרת של ""חי"" תפסתי אתכם😅😅","Pero tu me lo prometiste que ir a Paris, a Roma, España !!",Idan Matalon,2015-10-12T21:56:23Z,2015,lgtbi
41O_ObO-4G0,@alejandorodriguez5380,2015-10-12T22:42:51Z,0,😂😂😂😂😂😂😂😂,"Pero tu me lo prometiste que ir a Paris, a Roma, España !!",Idan Matalon,2015-10-12T21:56:23Z,2015,lgtbi
41O_ObO-4G0,@teresagarcia7234,2018-04-09T19:45:29Z,0,Ese hombre que Rico esta,"Pero tu me lo prometiste que ir a Paris, a Roma, España !!",Idan Matalon,2015-10-12T21:56:23Z,2015,lgtbi
41O_ObO-4G0,@lucaslinares7806,2019-05-05T03:51:08Z,0,"París , Roma , y ... ESPAÑA?😱
Si estaba mencionando capitales por qué soltó el nombre de un país?","Pero tu me lo prometiste que ir a Paris, a Roma, España !!",Idan Matalon,2015-10-12T21:56:23Z,2015,lgtbi
41O_ObO-4G0,@elchefsamysemsem9493,2019-03-11T22:55:40Z,1,سالب نبى موجب عربى جميل,"Pero tu me lo prometiste que ir a Paris, a Roma, España !!",Idan Matalon,2015-10-12T21:56:23Z,2015,lgtbi
41O_ObO-4G0,@МихаилНовиков-п7и,2020-01-06T19:38:59Z,0,Рофл)),"Pero tu me lo prometiste que ir a Paris, a Roma, España !!",Idan Matalon,2015-10-12T21:56:23Z,2015,lgtbi
41O_ObO-4G0,@fulgenjbatista4640,2020-06-01T15:23:09Z,0,"💜 ESPECIALMENTE DEDICADO A RAÚL PEÑA O "" FARRELL 💜","Pero tu me lo prometiste que ir a Paris, a Roma, España !!",Idan Matalon,2015-10-12T21:56:23Z,2015,lgtbi
41O_ObO-4G0,@juniors1652,2016-10-18T22:30:11Z,3,eliah es gay o me parece,"Pero tu me lo prometiste que ir a Paris, a Roma, España !!",Idan Matalon,2015-10-12T21:56:23Z,2015,lgtbi
41O_ObO-4G0,@kurtcalderon,2024-07-22T20:24:42Z,0,Min 0:56,"Pero tu me lo prometiste que ir a Paris, a Roma, España !!",Idan Matalon,2015-10-12T21:56:23Z,2015,lgtbi
41O_ObO-4G0,@andresocampo2721,2018-04-17T15:52:38Z,0,Una  man   asi que maltrate  que  que  ......me viole  no seeee..... jajajjajajaa.....j...ect,"Pero tu me lo prometiste que ir a Paris, a Roma, España !!",Idan Matalon,2015-10-12T21:56:23Z,2015,lgtbi
41O_ObO-4G0,@antoniusbago3624,2018-10-20T17:32:15Z,0,File porno,"Pero tu me lo prometiste que ir a Paris, a Roma, España !!",Idan Matalon,2015-10-12T21:56:23Z,2015,lgtbi
41O_ObO-4G0,@tavita8699,2019-12-07T23:08:01Z,0,Who farted?,"Pero tu me lo prometiste que ir a Paris, a Roma, España !!",Idan Matalon,2015-10-12T21:56:23Z,2015,lgtbi
41O_ObO-4G0,@jesusurrutia6417,2018-03-29T03:06:10Z,0,I love Eliad Cohem.... He is Amazimg.,"Pero tu me lo prometiste que ir a Paris, a Roma, España !!",Idan Matalon,2015-10-12T21:56:23Z,2015,lgtbi
41O_ObO-4G0,@VictorCntrs19,2016-09-22T22:59:42Z,0,que tal pedo wey,"Pero tu me lo prometiste que ir a Paris, a Roma, España !!",Idan Matalon,2015-10-12T21:56:23Z,2015,lgtbi
41O_ObO-4G0,@christianmtnzz,2018-05-06T22:16:18Z,0,No me gusta que estos dos machos hagan esto. Dad :(,"Pero tu me lo prometiste que ir a Paris, a Roma, España !!",Idan Matalon,2015-10-12T21:56:23Z,2015,lgtbi
41O_ObO-4G0,@yourfunnybunny,2018-08-04T14:12:12Z,1,"Lo mas curioso que ese Eliad ni canta, ni es actor , no tiene ningún talento y es mas famoso que famoso , lo vamos a ver que hará a los 50 años.","Pero tu me lo prometiste que ir a Paris, a Roma, España !!",Idan Matalon,2015-10-12T21:56:23Z,2015,lgtbi
41O_ObO-4G0,@jupon9801,2019-01-12T23:52:42Z,4,Sabroso ese Eliad Cohen,"Pero tu me lo prometiste que ir a Paris, a Roma, España !!",Idan Matalon,2015-10-12T21:56:23Z,2015,lgtbi
41O_ObO-4G0,@rafaelromero7800,2016-04-26T01:29:58Z,1,Jajajajaja que Cura,"Pero tu me lo prometiste que ir a Paris, a Roma, España !!",Idan Matalon,2015-10-12T21:56:23Z,2015,lgtbi
41O_ObO-4G0,@nashyolsebya,2019-03-16T13:15:15Z,1,😂😂😂,"Pero tu me lo prometiste que ir a Paris, a Roma, España !!",Idan Matalon,2015-10-12T21:56:23Z,2015,lgtbi
41O_ObO-4G0,@simonebocci4573,2019-01-29T12:18:53Z,0,SNNNNAE,"Pero tu me lo prometiste que ir a Paris, a Roma, España !!",Idan Matalon,2015-10-12T21:56:23Z,2015,lgtbi
41O_ObO-4G0,@rodimousa9202,2018-07-30T07:30:56Z,0,😂😂😂😂😂😂😂😂,"Pero tu me lo prometiste que ir a Paris, a Roma, España !!",Idan Matalon,2015-10-12T21:56:23Z,2015,lgtbi
41O_ObO-4G0,@simonebocci4573,2019-01-29T12:18:53Z,0,SNNNNAE,"Pero tu me lo prometiste que ir a Paris, a Roma, España !!",Idan Matalon,2015-10-12T21:56:23Z,2015,lgtbi
41O_ObO-4G0,@simonebocci4573,2019-01-29T12:18:54Z,0,SNNNNAE,"Pero tu me lo prometiste que ir a Paris, a Roma, España !!",Idan Matalon,2015-10-12T21:56:23Z,2015,lgtbi
41O_ObO-4G0,@simonebocci4573,2019-01-29T12:18:54Z,0,SNNNNAE,"Pero tu me lo prometiste que ir a Paris, a Roma, España !!",Idan Matalon,2015-10-12T21:56:23Z,2015,lgtbi
qAAgUe9O0ns,@pacolacasa1862,2017-03-15T14:39:30Z,0,"Me hago cruces por el día que se ponga de moda el movimiento TRANS/ESPECIE , aunque en cierta manera no sería tan ""inovador"", a algunos hace milenios se les ocurrió la existencia de los ""mixtos"" como los minotauros,centauros,satiros ,sirenas etc",El movimiento LGBT en España (1970-actualidad),ac.social,2015-06-21T19:58:39Z,2015,lgtbi
TgBpJV3kO9U,@marcopelaezfernandez4573,2017-07-01T19:38:21Z,0,"Robará esta tmbien? No se despeguen de sus pantallas, pronto.. muy pronto..",Levy (PP): &quot;Una boda gay en España no debe ser noticia”,Servimedia,2015-09-17T15:54:01Z,2015,lgtbi
TgBpJV3kO9U,@world-in-the-evening886,2015-11-18T19:04:07Z,4,Hipócritas,Levy (PP): &quot;Una boda gay en España no debe ser noticia”,Servimedia,2015-09-17T15:54:01Z,2015,lgtbi
TgBpJV3kO9U,@cerseilannister8482,2017-01-11T05:10:31Z,0,hipócritas.,Levy (PP): &quot;Una boda gay en España no debe ser noticia”,Servimedia,2015-09-17T15:54:01Z,2015,lgtbi
TgBpJV3kO9U,@Akonmj93,2021-06-09T19:25:38Z,0,"Lo que es noticia es lo atrasados que fuisteis cuando se aprobó el matrimonio homosexual, cuando era una novedad que beneficiaba a toda la sociedad, incluidos vuestros propios compañeros de partido. Por fortuna el progreso triunfó entre la mayoría de los magistrados del Constitucional entendieron perfectamente que el matrimonio entre personas del mismo sexo no desprotegía a la familia.",Levy (PP): &quot;Una boda gay en España no debe ser noticia”,Servimedia,2015-09-17T15:54:01Z,2015,lgtbi
9xnwCh-OpYs,@martiglesias60,2021-08-11T08:41:20Z,0,Y porque? No es una bandera oficial!,Por qué no se puso la Bandera LGTBI en ALCORCÓN???,Respeta,2015-08-27T10:55:38Z,2015,lgtbi
gi7-uWyIYRw,@olivauwu8535,2020-04-30T05:57:02Z,11330,Si así tratan a una pareja gay no me imagino cómo sería a una persona trans :c,Experimento de dos chicos para probar que la homofobia empeora en Rusia,laSexta Noticias,2015-07-19T18:50:09Z,2015,lgtbi
gi7-uWyIYRw,@JoseDaniel-dh9hr,2020-09-15T22:25:58Z,1020,"La verdad ese experimento social era como jugar a la ""ruleta rusa"" quien sabe si se hubieran topado con un loco que lleva un AK-47",Experimento de dos chicos para probar que la homofobia empeora en Rusia,laSexta Noticias,2015-07-19T18:50:09Z,2015,lgtbi
gi7-uWyIYRw,@mati7710,2020-05-09T22:54:07Z,3020,Aquí abajo en la caja de respuestas comunidad toxica discutiendo,Experimento de dos chicos para probar que la homofobia empeora en Rusia,laSexta Noticias,2015-07-19T18:50:09Z,2015,lgtbi
gi7-uWyIYRw,@makley77,2021-04-20T21:17:54Z,5,El camarografo:MOdo invisible activado,Experimento de dos chicos para probar que la homofobia empeora en Rusia,laSexta Noticias,2015-07-19T18:50:09Z,2015,lgtbi
gi7-uWyIYRw,@shwensteigerx____,2020-08-07T16:02:26Z,2075,"Empujó e insultó a una pareja de homosexuales, mirenme soy re macho, muestro mi heterosexualidad rechazando y discriminando parejas del mismo sexo que solo quieren caminar en la calle tranquilamente. 🤦🤦",Experimento de dos chicos para probar que la homofobia empeora en Rusia,laSexta Noticias,2015-07-19T18:50:09Z,2015,lgtbi
gi7-uWyIYRw,@darth_weeb_66,2020-07-24T12:28:04Z,629,"Ni era para tanto, nomás estaban caminando de la manita así de compas",Experimento de dos chicos para probar que la homofobia empeora en Rusia,laSexta Noticias,2015-07-19T18:50:09Z,2015,lgtbi
gi7-uWyIYRw,@FerchoCba,2020-09-23T15:25:12Z,1293,Que raro que RT no publique esto... Supuestamente en Estados Unidos todo es racismo y todo es malo... ¿Donde estas RT?,Experimento de dos chicos para probar que la homofobia empeora en Rusia,laSexta Noticias,2015-07-19T18:50:09Z,2015,lgtbi
gi7-uWyIYRw,@mob6981,2021-04-09T01:21:13Z,56,"Los tipos despues de hacer el experimento:  

Era bait bro 😎👊",Experimento de dos chicos para probar que la homofobia empeora en Rusia,laSexta Noticias,2015-07-19T18:50:09Z,2015,lgtbi
gi7-uWyIYRw,@usuariodeyoutube6849,2021-03-10T23:41:56Z,1675,El latinoamericano que no le llega ni luz a su cerro: Asi lo hacemos en la madre rusia😎😈😈🤙🏼🤙🏼,Experimento de dos chicos para probar que la homofobia empeora en Rusia,laSexta Noticias,2015-07-19T18:50:09Z,2015,lgtbi
gi7-uWyIYRw,@biggest_clown_in_the_circus,2020-07-05T18:43:35Z,1829,"Me da pena y risa al mismo tiempo como hay gente en los comentarios diciendo *""Grande Rusia""* ; y como admiran su rechazo a la comunidad LGBT, sin darse cuenta que ellos sufrirían un trato similar al ser de Latinoamérica. Es como si olvidarán completamente (o no supieran), que Rusia es uno de los países más racistas del mundo 🙄",Experimento de dos chicos para probar que la homofobia empeora en Rusia,laSexta Noticias,2015-07-19T18:50:09Z,2015,lgtbi
gi7-uWyIYRw,@miikelcriz9174,2021-03-08T04:14:22Z,1206,Sería bueno que hicieran un video donde los que finge ser gay fueran musculosos o peleadores a ver quién se atreve empujarlos o retarlos,Experimento de dos chicos para probar que la homofobia empeora en Rusia,laSexta Noticias,2015-07-19T18:50:09Z,2015,lgtbi
gi7-uWyIYRw,@karimeuwu6404,2021-04-06T11:57:21Z,7,Ofendidos en 3...2...1...,Experimento de dos chicos para probar que la homofobia empeora en Rusia,laSexta Noticias,2015-07-19T18:50:09Z,2015,lgtbi
gi7-uWyIYRw,@razeerrrr,2021-03-02T02:43:50Z,17,"resumen de los comentarios, niñitos shitposter que tratan de llamar la atencion que nunca reciben",Experimento de dos chicos para probar que la homofobia empeora en Rusia,laSexta Noticias,2015-07-19T18:50:09Z,2015,lgtbi
gi7-uWyIYRw,@estudiosasmr468,2020-04-05T18:13:46Z,1278,"Una cosa es expresar tu opinión en contra de las personas homosexuales y OTRA es verlos y golpearlos, gritarles cosas en la calle y tirarles cosas, ósea si eso es dar un punto de vista en Rusia que miedo ese país...",Experimento de dos chicos para probar que la homofobia empeora en Rusia,laSexta Noticias,2015-07-19T18:50:09Z,2015,lgtbi
gi7-uWyIYRw,@internorigormortis,2020-04-25T12:46:52Z,1742,"Me comenta un amigo ruso que la gran mayoría de ellos no aceptan las muestras de naturaleza homosexual en la vía pública, es decir que toleran a los homosexuales mientras no lo expresen en la calle. Es como el bebér alcohol, lo puedes hacer pero no en la vía pública. Sin embargo una muestra heterosexual pública obviamente no es mal vista. Lo cual me parece sumamente excluyente. Tal vez no apoyo a la ideología de género desde mi perspectiva particular, pero considero que el ser humano no debe ser excluido por su nacionalidad, etnia, nivel socioeconómico o preferencia sexual. Considero que el respeto debe siempre prevalecer en la interacción social de cualquier índole.  a mí no me agradan sus preferencias pero no por eso los voy a agredir.",Experimento de dos chicos para probar que la homofobia empeora en Rusia,laSexta Noticias,2015-07-19T18:50:09Z,2015,lgtbi
gi7-uWyIYRw,@marcoscamacho7059,2021-04-04T00:32:33Z,8,Simplemente estos temas son muy delicados en la sociedad,Experimento de dos chicos para probar que la homofobia empeora en Rusia,laSexta Noticias,2015-07-19T18:50:09Z,2015,lgtbi
gi7-uWyIYRw,@noam6175,2020-10-09T06:19:49Z,474,"Ez khe en ezatdoz unidozz zon zuper homofovoz y zuper raziztaz...

Gente de Rusia:",Experimento de dos chicos para probar que la homofobia empeora en Rusia,laSexta Noticias,2015-07-19T18:50:09Z,2015,lgtbi
gi7-uWyIYRw,@MedUuUsin,2020-08-08T23:52:54Z,1389,"Te puede no gustar los gays o etc, pero no es para molestarlos , cada quien con su vida 😳👌👌👌",Experimento de dos chicos para probar que la homofobia empeora en Rusia,laSexta Noticias,2015-07-19T18:50:09Z,2015,lgtbi
gi7-uWyIYRw,@salazarsilvadarielnl3838,2021-03-23T20:54:23Z,383,"Yo me río de memes ofensivos, y lo seguiré haciendo, pero esto si es inhumano",Experimento de dos chicos para probar que la homofobia empeora en Rusia,laSexta Noticias,2015-07-19T18:50:09Z,2015,lgtbi
gi7-uWyIYRw,@ericcartman5984,2021-04-10T20:10:45Z,141,En México hay mas tolerancia  hacia los gays incluso crearon un equipo de fútbol llamado club América donde solo juegan homosexuales en apoyo a la comunidad gay,Experimento de dos chicos para probar que la homofobia empeora en Rusia,laSexta Noticias,2015-07-19T18:50:09Z,2015,lgtbi
gi7-uWyIYRw,@gonzavera1695,2021-03-23T00:27:57Z,355,"Camarógrafo: *existe *
Gente: haré como si nunca te hubiera visto",Experimento de dos chicos para probar que la homofobia empeora en Rusia,laSexta Noticias,2015-07-19T18:50:09Z,2015,lgtbi
gi7-uWyIYRw,@Atiyo,2020-09-30T14:55:19Z,1032,Que cojones le importa a la gente con quien se acuesta la otra gente?,Experimento de dos chicos para probar que la homofobia empeora en Rusia,laSexta Noticias,2015-07-19T18:50:09Z,2015,lgtbi
gi7-uWyIYRw,@MaraOnce,2020-08-02T19:07:40Z,336,"Y los peores comentarios aparecen solo en ""comentarios recientes"".",Experimento de dos chicos para probar que la homofobia empeora en Rusia,laSexta Noticias,2015-07-19T18:50:09Z,2015,lgtbi
gi7-uWyIYRw,@planetaacuario434,2021-04-11T14:16:22Z,2,La madre Rusia lo hace de nuevo 😎😎😎,Experimento de dos chicos para probar que la homofobia empeora en Rusia,laSexta Noticias,2015-07-19T18:50:09Z,2015,lgtbi
gi7-uWyIYRw,@sayhellotomylittlefriendd,2020-05-26T14:06:23Z,764,Que falta de educación insultar o golpear a alguien solo por su orientación sexual☹️,Experimento de dos chicos para probar que la homofobia empeora en Rusia,laSexta Noticias,2015-07-19T18:50:09Z,2015,lgtbi
gi7-uWyIYRw,@blinkblackpinkinyourarea5337,2021-01-13T05:18:28Z,428,"Pareja gay: **existe**
Homofóbicos: y tomé eso personalmente",Experimento de dos chicos para probar que la homofobia empeora en Rusia,laSexta Noticias,2015-07-19T18:50:09Z,2015,lgtbi
gi7-uWyIYRw,@averagevirgin1526,2020-09-10T01:44:45Z,82,Y uno pensando que latinoamerica estaba mal,Experimento de dos chicos para probar que la homofobia empeora en Rusia,laSexta Noticias,2015-07-19T18:50:09Z,2015,lgtbi
gi7-uWyIYRw,@elchicoquetocacosasconsume8849,2021-04-14T05:12:08Z,16,"Nadie:
Gente burlandose de gente con problemas sociales que se burlan de problemas sociales 👌",Experimento de dos chicos para probar que la homofobia empeora en Rusia,laSexta Noticias,2015-07-19T18:50:09Z,2015,lgtbi
gi7-uWyIYRw,@kevintoche721,2020-11-28T21:46:24Z,354,"Se que todos los comentarios son de broma, pero si los leo de una forma mas seria se vuelve tetrico el asunto",Experimento de dos chicos para probar que la homofobia empeora en Rusia,laSexta Noticias,2015-07-19T18:50:09Z,2015,lgtbi
gi7-uWyIYRw,@wheeinlvsme4216,2021-03-29T02:00:09Z,321,"Ah ptm el chico que dice al final ""quiero vivir una vida tranquila. Estoy cansado, quiero encontrar novio, vivir con él, amarnos, ser felices..."" me da mucha tristeza :(",Experimento de dos chicos para probar que la homofobia empeora en Rusia,laSexta Noticias,2015-07-19T18:50:09Z,2015,lgtbi
gi7-uWyIYRw,@lolsup2511,2020-09-13T07:19:02Z,112,"Chale, valió madres Yuri On Ice",Experimento de dos chicos para probar que la homofobia empeora en Rusia,laSexta Noticias,2015-07-19T18:50:09Z,2015,lgtbi
gi7-uWyIYRw,@swwwsss7870,2021-05-15T20:52:40Z,9,Mucha gente piensa que rusia es un pais que se puede vivir bien solo por los memes pero en la realidad es lo contrario...,Experimento de dos chicos para probar que la homofobia empeora en Rusia,laSexta Noticias,2015-07-19T18:50:09Z,2015,lgtbi
gi7-uWyIYRw,@dailyplanet354,2020-11-16T04:26:55Z,38,¿Pero si no caminan de la mano entonces como van a intercambiar cadenas proteínicas? ¿Acaso tienen una mejor idea?,Experimento de dos chicos para probar que la homofobia empeora en Rusia,laSexta Noticias,2015-07-19T18:50:09Z,2015,lgtbi
gi7-uWyIYRw,@teresavaldez2665,2020-05-21T22:08:19Z,653,"Que pena, que no haya respeto a las personas, Que Viva el amor, Respeto y la Tolerancia.",Experimento de dos chicos para probar que la homofobia empeora en Rusia,laSexta Noticias,2015-07-19T18:50:09Z,2015,lgtbi
gi7-uWyIYRw,@josecortes9532,2020-11-22T06:06:10Z,273,"Y yo que creía que era un país de primer mundo, me da pena ajena que no sepan lo que es el respeto.",Experimento de dos chicos para probar que la homofobia empeora en Rusia,laSexta Noticias,2015-07-19T18:50:09Z,2015,lgtbi
gi7-uWyIYRw,@nosequeponerxd405,2022-02-12T07:27:55Z,4,"Y pensar que hace más de 2 décadas una pareja ""lésbica"" (t.A.T.u.) se presentó en el Kremlin, también el hecho de que representaron a Rusia en Eurovisión 2003, y que incluso cantaron durante los juegos de invierno en 2014 😶",Experimento de dos chicos para probar que la homofobia empeora en Rusia,laSexta Noticias,2015-07-19T18:50:09Z,2015,lgtbi
gi7-uWyIYRw,@soloyoxdxd3225,2020-09-07T07:41:25Z,355,"Hay gente que dice que las personas eligen su orientación sexual, pues no mi ciela, si fuera así nadie querría ser homosexual, a nadie le gusta que lo traten mal o discriminen",Experimento de dos chicos para probar que la homofobia empeora en Rusia,laSexta Noticias,2015-07-19T18:50:09Z,2015,lgtbi
gi7-uWyIYRw,@Skye_Laniakea-chan,2020-07-02T06:38:57Z,112,"Acá donde vivo la mayoría de homofóbicos ya son mayores de 40 años

Afortunadamente eso ya está quedando en el pasado acá",Experimento de dos chicos para probar que la homofobia empeora en Rusia,laSexta Noticias,2015-07-19T18:50:09Z,2015,lgtbi
gi7-uWyIYRw,@kitsunememories8891,2020-12-25T12:11:59Z,39,Ahora que haga un video Estados Unidos de ‘reaccionando a gente negra’,Experimento de dos chicos para probar que la homofobia empeora en Rusia,laSexta Noticias,2015-07-19T18:50:09Z,2015,lgtbi
gi7-uWyIYRw,@reddworld7074,2022-08-10T05:09:02Z,3,Rusia basado,Experimento de dos chicos para probar que la homofobia empeora en Rusia,laSexta Noticias,2015-07-19T18:50:09Z,2015,lgtbi
gi7-uWyIYRw,@glimpseofmingyuu,2020-08-25T15:48:30Z,342,yo : *cancelar viaje a Rusia.*,Experimento de dos chicos para probar que la homofobia empeora en Rusia,laSexta Noticias,2015-07-19T18:50:09Z,2015,lgtbi
gi7-uWyIYRw,@espermagato2748,2020-09-10T21:47:25Z,221,"*Soy un Panafresco homofóbico, ríanse*
 
Literal casi todos los comentarios más recientes son así. ._.XD",Experimento de dos chicos para probar que la homofobia empeora en Rusia,laSexta Noticias,2015-07-19T18:50:09Z,2015,lgtbi
gi7-uWyIYRw,@ellupo3920,2020-09-11T05:30:29Z,130,"Un momento, que es bueno? poner like o dislike?",Experimento de dos chicos para probar que la homofobia empeora en Rusia,laSexta Noticias,2015-07-19T18:50:09Z,2015,lgtbi
gi7-uWyIYRw,@mochilaavila,2021-04-09T18:29:09Z,4,"0:20 Para que me pasen el nombre del tipo que los empujo, para enviarlo a trabajar para Televisa.",Experimento de dos chicos para probar que la homofobia empeora en Rusia,laSexta Noticias,2015-07-19T18:50:09Z,2015,lgtbi
gi7-uWyIYRw,@lyrichome9688,2020-12-01T12:55:02Z,625,"No va a faltar el weon que diga ""asi lo hacen en la madre rusia""


Ed: no me creo la cantidad de pendejos que respondieron solo por molestar XD

Ed2:  . ___________ .",Experimento de dos chicos para probar que la homofobia empeora en Rusia,laSexta Noticias,2015-07-19T18:50:09Z,2015,lgtbi
gi7-uWyIYRw,@stheeven4968,2020-05-26T01:03:27Z,231,"Me da tristeza saber que la gente no mejora....
Solo piensan en lo bueno que es que les hagan eso a los homosexuales, osea a ti te gustaría estar en la calle y que te empujen o te quieran golpear? Si los heteros fueran odiados dirían otro tipo de cosas:)",Experimento de dos chicos para probar que la homofobia empeora en Rusia,laSexta Noticias,2015-07-19T18:50:09Z,2015,lgtbi
gi7-uWyIYRw,@valeria5487,2020-09-08T00:32:28Z,119,"Yo tengo un amigo ruso y el pensó que yo le dejaría de hablar solo por ser gay, es muy triste porque me dijo que nunca lo aceptarían (nadie de su familia lo sabe) y se siente solo, también que quiere huir de su país a algún otro menos homofóbico, me destroza el corazón leer sus mensajes :'/",Experimento de dos chicos para probar que la homofobia empeora en Rusia,laSexta Noticias,2015-07-19T18:50:09Z,2015,lgtbi
gi7-uWyIYRw,@sergioregalado648,2021-09-27T19:35:34Z,4,"Si es ley es ley si la rompen atenganse están Rusia o no ??? 
Excelente video así debe de ser en el mundo mundial.",Experimento de dos chicos para probar que la homofobia empeora en Rusia,laSexta Noticias,2015-07-19T18:50:09Z,2015,lgtbi
gi7-uWyIYRw,@jennniescalanteherrera3587,2020-01-07T22:35:04Z,151,"Que horror yo no me imaginaba que ese hermoso país haya tanta homofobia me parece mal que los empujen solo por que son pareja, espero que la manera de pensar cambie en Rusia",Experimento de dos chicos para probar que la homofobia empeora en Rusia,laSexta Noticias,2015-07-19T18:50:09Z,2015,lgtbi
gi7-uWyIYRw,@daigo67676,2021-03-03T12:34:05Z,14,Los comentarios reflejan que nos falta mucho por avanzar,Experimento de dos chicos para probar que la homofobia empeora en Rusia,laSexta Noticias,2015-07-19T18:50:09Z,2015,lgtbi
gi7-uWyIYRw,@thatpopplio6410,2020-09-12T04:03:46Z,132,"Les comparto un truco de magia.

Paso 1: pon los comentarios en ""más recientes"".
Paso 2: aparecerán comentarios homofóbicos y/o provenientes de niños ""edgys"".
Paso 3: disfruten.",Experimento de dos chicos para probar que la homofobia empeora en Rusia,laSexta Noticias,2015-07-19T18:50:09Z,2015,lgtbi
gi7-uWyIYRw,@Santiago-sc5gj,2022-04-02T22:23:19Z,8,Joder que grande es Rusia 💪🏻💪🏻,Experimento de dos chicos para probar que la homofobia empeora en Rusia,laSexta Noticias,2015-07-19T18:50:09Z,2015,lgtbi
gi7-uWyIYRw,@eberlyalexandra9605,2020-05-20T13:30:21Z,629,Cada persona debe de amar y querer a quien sea nadie puede juzgar amor es amor,Experimento de dos chicos para probar que la homofobia empeora en Rusia,laSexta Noticias,2015-07-19T18:50:09Z,2015,lgtbi
gi7-uWyIYRw,@Martina-uc6dl,2020-06-08T18:51:50Z,22,"Sí, youtube me recomendó un video de hace 4 años.
Ya sabía un poco de este tema en Rusia, bajé a los comentarios y me empezé a dar cuenta que hay varias quejas de otros comentarios diciendo que cuando bajas más en los comentarios sale esto: ""Viva Rusia!"" 
No entiendo, ¿Por qué decir eso?
Rusia es un país en el cuál hay bastante homofobia, y sí, estoy en contra. Apoyo a la comunidad LGBT+ ...Pero esos comentarios....Me sorprenden, la verdad.
(Lo siento, puse mucho la palabra comentario xD)",Experimento de dos chicos para probar que la homofobia empeora en Rusia,laSexta Noticias,2015-07-19T18:50:09Z,2015,lgtbi
gi7-uWyIYRw,@angela-xr6op,2016-11-27T04:30:37Z,690,Qué onda con los comentarios... ew,Experimento de dos chicos para probar que la homofobia empeora en Rusia,laSexta Noticias,2015-07-19T18:50:09Z,2015,lgtbi
gi7-uWyIYRw,@mynameisandrew571,2023-06-01T21:11:18Z,2,"¡MOSCÚ, MOSCÚ!",Experimento de dos chicos para probar que la homofobia empeora en Rusia,laSexta Noticias,2015-07-19T18:50:09Z,2015,lgtbi
gi7-uWyIYRw,@josueguzman7518,2021-03-12T18:53:48Z,85,Huele a que este video va a estar puro edgy XD,Experimento de dos chicos para probar que la homofobia empeora en Rusia,laSexta Noticias,2015-07-19T18:50:09Z,2015,lgtbi
gi7-uWyIYRw,@raigekiren5147,2020-05-04T17:56:08Z,195,Ya se han hecho estudios sobre la homofobia y se esta tomando en cuenta como un trastorno.,Experimento de dos chicos para probar que la homofobia empeora en Rusia,laSexta Noticias,2015-07-19T18:50:09Z,2015,lgtbi
gi7-uWyIYRw,@eris7121,2021-03-25T13:15:29Z,60,Banda una cosa que es que me ría de memes ofensivos que se quedan solo en el sarcasmo y el humor negro pero otra cosa ya es la vida real,Experimento de dos chicos para probar que la homofobia empeora en Rusia,laSexta Noticias,2015-07-19T18:50:09Z,2015,lgtbi
gi7-uWyIYRw,@rocioflores709,2021-09-05T06:57:19Z,2,"Esto es muy difícil de ver chicos, lamento mucho que la situación en su país sea tan mala. Rusia, en los aspectos que más importan, la verdad que dejas mucho que desear; debería darte vergüenza.",Experimento de dos chicos para probar que la homofobia empeora en Rusia,laSexta Noticias,2015-07-19T18:50:09Z,2015,lgtbi
gi7-uWyIYRw,@robertogonzalezortega1737,2020-11-05T02:20:25Z,11,"Pues yo no le veo nada de malo,son dos compas caminando de la mano pa reforsar la amistad",Experimento de dos chicos para probar que la homofobia empeora en Rusia,laSexta Noticias,2015-07-19T18:50:09Z,2015,lgtbi
gi7-uWyIYRw,@eddprado9456,2021-03-06T20:26:10Z,415,"una cosa es hacer simple humor y chistes que se quedan en lo que es simple humor,  pero esto no es humor esto es real esto es mas serio de lo que parece es verdadera discriminación",Experimento de dos chicos para probar que la homofobia empeora en Rusia,laSexta Noticias,2015-07-19T18:50:09Z,2015,lgtbi
gi7-uWyIYRw,@DuskLeChat,2020-08-05T17:36:39Z,12,Esto Es Muy Triste,Experimento de dos chicos para probar que la homofobia empeora en Rusia,laSexta Noticias,2015-07-19T18:50:09Z,2015,lgtbi
gi7-uWyIYRw,@diegorocha2966,2021-07-06T19:29:05Z,2,Cualquier parecido que tenga el gobierno de Putin con la Alemania nazi es mera coincidencia,Experimento de dos chicos para probar que la homofobia empeora en Rusia,laSexta Noticias,2015-07-19T18:50:09Z,2015,lgtbi
gi7-uWyIYRw,@alejo_mg26,2020-06-04T05:33:48Z,112,Que bueno que no está en mis planes ir a Rusia xd,Experimento de dos chicos para probar que la homofobia empeora en Rusia,laSexta Noticias,2015-07-19T18:50:09Z,2015,lgtbi
gi7-uWyIYRw,@rociodaschagas7922,2020-05-25T05:47:08Z,485,Que gente tan enferma cómo carajo le vas a pegar a alguien por gustarle su mismo género eso es enfermo,Experimento de dos chicos para probar que la homofobia empeora en Rusia,laSexta Noticias,2015-07-19T18:50:09Z,2015,lgtbi
gi7-uWyIYRw,@dmigerm0157,2020-12-15T03:02:40Z,258,"Comentarios:
10%: Gente con criterio y respeto social
90%: Panafrescos de 13 años comentando ""Grande Rusita 😍👌""",Experimento de dos chicos para probar que la homofobia empeora en Rusia,laSexta Noticias,2015-07-19T18:50:09Z,2015,lgtbi
gi7-uWyIYRw,@Luisivan-b2h,2025-01-25T21:51:48Z,1,Siempre estuve en el peor lugar y ahora me di cuenta que solo debia cambiar de pais,Experimento de dos chicos para probar que la homofobia empeora en Rusia,laSexta Noticias,2015-07-19T18:50:09Z,2015,lgtbi
gi7-uWyIYRw,@unapelotuda6101,2020-12-20T06:32:32Z,358,"Bld no se metan en los comentarios mas recientes, puros niños edgys 😳",Experimento de dos chicos para probar que la homofobia empeora en Rusia,laSexta Noticias,2015-07-19T18:50:09Z,2015,lgtbi
gi7-uWyIYRw,@arielalmada1606,2020-11-16T12:57:45Z,337,"independientemente de si estás de acuerdo con la homosexualidad o no,no hay forma de justificar que de la nada un tipo te empuje por la calle e intente pegarte solo por ser un hombre que camina tomado de la mano con otro hombre,incluso mirando la situación desde un punto de vista homófobo no estoy de acuerdo con un comportamiento tan agresivo,eh visto animales con mas educación.",Experimento de dos chicos para probar que la homofobia empeora en Rusia,laSexta Noticias,2015-07-19T18:50:09Z,2015,lgtbi
gi7-uWyIYRw,@meloalan,2020-08-11T00:12:55Z,23,"Con todo lo que sé de Rusia, no me dan ganas de viajar a allá. 😕",Experimento de dos chicos para probar que la homofobia empeora en Rusia,laSexta Noticias,2015-07-19T18:50:09Z,2015,lgtbi
gi7-uWyIYRw,@andresito9155,2021-04-11T19:58:35Z,1,Boletos para ir,Experimento de dos chicos para probar que la homofobia empeora en Rusia,laSexta Noticias,2015-07-19T18:50:09Z,2015,lgtbi
gi7-uWyIYRw,@raulsanabria6741,2016-05-25T04:51:05Z,423,me pone muy mal ver gente tan intolerante y corta de mente...,Experimento de dos chicos para probar que la homofobia empeora en Rusia,laSexta Noticias,2015-07-19T18:50:09Z,2015,lgtbi
gi7-uWyIYRw,@susanamartinez4463,2020-07-04T03:04:17Z,114,"La gente que pone “yo estoy en contra, pero no me parece bien golpearles” ¿Cómo alguien puede estar en contra de una orientación sexual? No lo entiendo",Experimento de dos chicos para probar que la homofobia empeora en Rusia,laSexta Noticias,2015-07-19T18:50:09Z,2015,lgtbi
gi7-uWyIYRw,@ilemotta3621,2020-08-09T14:40:51Z,14,Pero que les importa la vida de las personas si no te gusta no les mires también tienen el derecho a vivir,Experimento de dos chicos para probar que la homofobia empeora en Rusia,laSexta Noticias,2015-07-19T18:50:09Z,2015,lgtbi
gi7-uWyIYRw,@Wasdcito,2021-04-04T21:28:29Z,106,"Y ahora a esperar al rarito latinoamericano que dira
aSi lO haZeMos eN lA MAdre RuSIA",Experimento de dos chicos para probar que la homofobia empeora en Rusia,laSexta Noticias,2015-07-19T18:50:09Z,2015,lgtbi
gi7-uWyIYRw,@lolsup2511,2021-01-24T20:49:40Z,70,*Valió madres Yuuri On Ice banda*,Experimento de dos chicos para probar que la homofobia empeora en Rusia,laSexta Noticias,2015-07-19T18:50:09Z,2015,lgtbi
gi7-uWyIYRw,@mingtaizhao8418,2021-03-13T03:31:54Z,35,"Hay un montón de panafrescos que vienen de TikTok y si les dices ""gei de clóset"" se ofenden... JAJAJAJAJAJAJJA",Experimento de dos chicos para probar que la homofobia empeora en Rusia,laSexta Noticias,2015-07-19T18:50:09Z,2015,lgtbi
gi7-uWyIYRw,@Rbrt-gm3yt,2021-01-24T19:23:38Z,23,Me gusta el shitpost que hacen pero esto es cosa seria,Experimento de dos chicos para probar que la homofobia empeora en Rusia,laSexta Noticias,2015-07-19T18:50:09Z,2015,lgtbi
gi7-uWyIYRw,@judithsm5776,2021-08-16T17:25:48Z,1,Me da mucho gusto :),Experimento de dos chicos para probar que la homofobia empeora en Rusia,laSexta Noticias,2015-07-19T18:50:09Z,2015,lgtbi
gi7-uWyIYRw,@ang3l_ru671,2020-06-13T15:32:54Z,17,En Argentina estuve agarrada de mano con mi amiga nos ignoro excepto una señora que nos miro mal :),Experimento de dos chicos para probar que la homofobia empeora en Rusia,laSexta Noticias,2015-07-19T18:50:09Z,2015,lgtbi
gi7-uWyIYRw,@lucasdiaz7718,2020-09-17T01:31:53Z,15,La sociedad rusa está podrida,Experimento de dos chicos para probar que la homofobia empeora en Rusia,laSexta Noticias,2015-07-19T18:50:09Z,2015,lgtbi
gi7-uWyIYRw,@palleterodriguez2232,2020-06-16T04:34:31Z,58,"Y yo que quería ir a rusia con mis amigos gays :c 

Mejor los llevo a brasil a ver el carnaval c:",Experimento de dos chicos para probar que la homofobia empeora en Rusia,laSexta Noticias,2015-07-19T18:50:09Z,2015,lgtbi
gi7-uWyIYRw,@thegaIaga,2021-04-24T17:03:39Z,1,Ya me imagino los comentarios,Experimento de dos chicos para probar que la homofobia empeora en Rusia,laSexta Noticias,2015-07-19T18:50:09Z,2015,lgtbi
gi7-uWyIYRw,@JuanCarlos-jc3hp,2021-02-28T09:30:18Z,12,Cosas que nunca verás en RT,Experimento de dos chicos para probar que la homofobia empeora en Rusia,laSexta Noticias,2015-07-19T18:50:09Z,2015,lgtbi
gi7-uWyIYRw,@rafaelllebariasevilla1956,2020-09-09T17:39:39Z,31,Es curioso han estado casi un siglo bajo un estado autodeclarado ateo y aun así es homofobico. Se ve que la homofobia no solo es cosa de ultra religiosos,Experimento de dos chicos para probar que la homofobia empeora en Rusia,laSexta Noticias,2015-07-19T18:50:09Z,2015,lgtbi
gi7-uWyIYRw,@jaqui913,2020-09-14T04:30:04Z,155,"Mi novia fue insultada y agredida físicamente por cruzar de la mano una calle con su mejor amiga en Rusia, uno de sus sueños era estudiar y vivir ahí... asco que sean así.",Experimento de dos chicos para probar que la homofobia empeora en Rusia,laSexta Noticias,2015-07-19T18:50:09Z,2015,lgtbi
gi7-uWyIYRw,@ronmel40,2022-05-27T16:30:13Z,2,Pero si el kulo no es de ellos!,Experimento de dos chicos para probar que la homofobia empeora en Rusia,laSexta Noticias,2015-07-19T18:50:09Z,2015,lgtbi
gi7-uWyIYRw,@Leay554,2020-09-22T22:49:46Z,167,"Amigoo, qué onda con los comentarios tipo: ""Qué bueno que hagan eso"" ""Viva Rusia!"" 
Sí, chido, pero también vi bastantes insultando a cualquier persona que sea del LGBT sólo porque tienen otros gustos.
No gud no laic la mayoría panafrescos",Experimento de dos chicos para probar que la homofobia empeora en Rusia,laSexta Noticias,2015-07-19T18:50:09Z,2015,lgtbi
gi7-uWyIYRw,@H50-c7v,2020-09-26T21:05:29Z,10,che re violentos alv,Experimento de dos chicos para probar que la homofobia empeora en Rusia,laSexta Noticias,2015-07-19T18:50:09Z,2015,lgtbi
gi7-uWyIYRw,@Balfour.,2020-11-22T10:56:14Z,42,Cosas que nunca vas a ver en RT,Experimento de dos chicos para probar que la homofobia empeora en Rusia,laSexta Noticias,2015-07-19T18:50:09Z,2015,lgtbi
gi7-uWyIYRw,@zowyeh6515,2021-05-24T13:40:23Z,5,"Jajajajajaja, me quiero ir a Rusia",Experimento de dos chicos para probar que la homofobia empeora en Rusia,laSexta Noticias,2015-07-19T18:50:09Z,2015,lgtbi
gi7-uWyIYRw,@charlie_mp3536,2021-03-11T01:08:17Z,271,"En los comentarios recientes encontrarás
-Los weyes grasiosos explotando el chsitpost
-Los weyes que insultan a los geis (son geis de closet xd)
-Los pendejos que dicen ""viva Rusia""
(estos normalmente son Prietos y viven en un cerro)
-Los que desaprueban estas actitudes (los normalitos)",Experimento de dos chicos para probar que la homofobia empeora en Rusia,laSexta Noticias,2015-07-19T18:50:09Z,2015,lgtbi
gi7-uWyIYRw,@randomname5422,2020-05-22T16:15:48Z,223,"Personas de los comentarios que decís: ""no estoy de acuerdo con la homosexualidad, pero yo creo que se merecen respeto"".

Sí, sois homofóbicos. Que dejéis en paz a los homosexuales no quiere decir que no estéis negando su existencia y, por lo tanto, sus derechos.

Además, no puedes estar en contra de algo como la sexualidad porque está científicamente comprobado que es algo natural. Es como si yo no estuviera de acuerdo con los pelirrojos, los gordos o cualquier otro grupo de personas.

Es una característica que no se puede cambiar, y que os intentéis defender detrás de un ""pero los respeto"" es hipocresía y falta de conocimientos.",Experimento de dos chicos para probar que la homofobia empeora en Rusia,laSexta Noticias,2015-07-19T18:50:09Z,2015,lgtbi
gi7-uWyIYRw,@samlovescatsfr,2020-08-15T03:26:27Z,126,"Para los ususarios que comentan: ""Viva Rusia.""
Chicos, eso no causa gracia. Los van a llenar de hate :/",Experimento de dos chicos para probar que la homofobia empeora en Rusia,laSexta Noticias,2015-07-19T18:50:09Z,2015,lgtbi
gi7-uWyIYRw,@danielcanas7804,2021-09-10T17:03:03Z,0,Excelente,Experimento de dos chicos para probar que la homofobia empeora en Rusia,laSexta Noticias,2015-07-19T18:50:09Z,2015,lgtbi
gi7-uWyIYRw,@ardit2.089,2020-09-10T03:55:58Z,18,"Los comentarios : EsTa MaL SeR HoMoFoBiCo

Tambien los comentarios : que rayos con los comentarios ?!",Experimento de dos chicos para probar que la homofobia empeora en Rusia,laSexta Noticias,2015-07-19T18:50:09Z,2015,lgtbi
gi7-uWyIYRw,@milagrosramos1061,2020-12-01T00:00:25Z,82,"Ojalá, algún día se entienda que no hay nada raro en la orientación sexual que se tenga, que no hay una que sea ""normal"" sino que todas ellas lo sean.",Experimento de dos chicos para probar que la homofobia empeora en Rusia,laSexta Noticias,2015-07-19T18:50:09Z,2015,lgtbi
gi7-uWyIYRw,@Valen-di9xd,2020-05-29T00:30:52Z,13,Quisiera que el mundo entero cambie pero se que tardará... Yo también quiero ir de la mano de quien se me pegue la gana y nadie me juzgue.,Experimento de dos chicos para probar que la homofobia empeora en Rusia,laSexta Noticias,2015-07-19T18:50:09Z,2015,lgtbi
gi7-uWyIYRw,@calliuputmadre3138,2021-04-22T01:36:47Z,0,Vaya camara oculta XD un ruso delante grabando :v,Experimento de dos chicos para probar que la homofobia empeora en Rusia,laSexta Noticias,2015-07-19T18:50:09Z,2015,lgtbi
gi7-uWyIYRw,@imperioromano2909,2021-03-22T09:32:25Z,13,Que bueno ver que en Rusia la gente es normal en estos tiempos tan locos.,Experimento de dos chicos para probar que la homofobia empeora en Rusia,laSexta Noticias,2015-07-19T18:50:09Z,2015,lgtbi
gi7-uWyIYRw,@Koalaayy,2020-08-23T06:31:58Z,103,"Teoría, los que dicen ""Viva Rusia"" tienen de 8 a 16 años; les falta papá con moral ; no les dan atención ; no tienen amigos y quieren irse porque menosprecian su país, lo que este pueda descartar, aunque la política sea mala, es su país; tienen algún retraso ; ven que ese tipo de tratos es normal lo cual alguien les pega en su casa.

Fin, teorías.",Experimento de dos chicos para probar que la homofobia empeora en Rusia,laSexta Noticias,2015-07-19T18:50:09Z,2015,lgtbi
gi7-uWyIYRw,@arikokkicarozzi8932,2020-09-27T19:04:39Z,60,"_Ya me imagino a los usuarios que comentan tipo: ""lo bueno que es Rusia"" recibiendo el mismo trato y presion social que tienen que sufrir la LGBT, a ver si eso les gustara_",Experimento de dos chicos para probar que la homofobia empeora en Rusia,laSexta Noticias,2015-07-19T18:50:09Z,2015,lgtbi
gi7-uWyIYRw,@ulisesmolinarovirosa177,2024-12-22T22:31:01Z,3,¡Qué bello!,Experimento de dos chicos para probar que la homofobia empeora en Rusia,laSexta Noticias,2015-07-19T18:50:09Z,2015,lgtbi
gi7-uWyIYRw,@Alexaa345,2020-11-04T19:12:04Z,189,"Entiendo de que no acepten a los homosexuales, pero tampoco es para que los empujen y los insulten  
._.",Experimento de dos chicos para probar que la homofobia empeora en Rusia,laSexta Noticias,2015-07-19T18:50:09Z,2015,lgtbi
gi7-uWyIYRw,@yoosungemputado9653,2020-08-27T06:07:24Z,30,"Ok? Nadie te obliga a seguir su Ideología o aceptarla, pero como mínimo respetalos ಠ_ಠ",Experimento de dos chicos para probar que la homofobia empeora en Rusia,laSexta Noticias,2015-07-19T18:50:09Z,2015,lgtbi
gi7-uWyIYRw,@bryestrada,2020-09-13T13:14:24Z,15,"Ese país no vive en el mismo tiempo que todo el resto del mundo, que vergüenza",Experimento de dos chicos para probar que la homofobia empeora en Rusia,laSexta Noticias,2015-07-19T18:50:09Z,2015,lgtbi
gi7-uWyIYRw,@usuariofederal6793,2022-07-24T17:41:59Z,5,Así ya me dan más ganas de ir a Rusia.,Experimento de dos chicos para probar que la homofobia empeora en Rusia,laSexta Noticias,2015-07-19T18:50:09Z,2015,lgtbi
gi7-uWyIYRw,@tobiasbv3096,2020-12-24T06:09:00Z,20,Nunca más me quejo de mi país después de ver esto :/,Experimento de dos chicos para probar que la homofobia empeora en Rusia,laSexta Noticias,2015-07-19T18:50:09Z,2015,lgtbi
gi7-uWyIYRw,@aleissagomezlorance818,2017-03-27T20:56:03Z,20,"no entiendo por qué la gente es así. Si alguien quiere estar con una persona, que más da que sea hombre o mujer?
todos tenemos derecho a estar y compartir nuestra felicidad con alguien a quien queramos, ya sea hombre o mujer.
te importa a ti mucho con quien esté otra persona? pues no
respetalo porque es totalmente digno y natural, y lo que no es natural es el hecho de creer que la homosexualidad es una enfermedad
madura y verás que lo único que no es natural eres tú y tus pensamientos o actos irrespetuosos",Experimento de dos chicos para probar que la homofobia empeora en Rusia,laSexta Noticias,2015-07-19T18:50:09Z,2015,lgtbi
gi7-uWyIYRw,@andresbalderas845,2020-10-07T17:45:53Z,31,"Nadie 
Adsolutamente nadie
Los pendejos: a Si lO aSeMoS eN lA mAdRe rUsSiA😭😭😭😭😭",Experimento de dos chicos para probar que la homofobia empeora en Rusia,laSexta Noticias,2015-07-19T18:50:09Z,2015,lgtbi
gi7-uWyIYRw,@jorgemartinperez5987,2024-07-07T14:50:08Z,0,"Pues, os ha quedado bien la película,  quien es el director?",Experimento de dos chicos para probar que la homofobia empeora en Rusia,laSexta Noticias,2015-07-19T18:50:09Z,2015,lgtbi
gi7-uWyIYRw,@sofiaposting8984,2021-01-14T05:51:21Z,11,"Y aun hay gente que cree que este país es ""primer mundo"" y sin embargo está en el top de países con más suicidios",Experimento de dos chicos para probar que la homofobia empeora en Rusia,laSexta Noticias,2015-07-19T18:50:09Z,2015,lgtbi
gi7-uWyIYRw,@elcojeviejaa,2021-02-26T03:31:16Z,29,"""Camara oculta"" ajjajaajaa pero si la camara esta literalmente frente ellos",Experimento de dos chicos para probar que la homofobia empeora en Rusia,laSexta Noticias,2015-07-19T18:50:09Z,2015,lgtbi
gi7-uWyIYRw,@cosmicdot.,2020-06-20T23:34:19Z,62,"Bueno a mí me dan igual los LGBT no los discrimino ni los apoyo, cada quien es libre de hacer lo que quiera.",Experimento de dos chicos para probar que la homofobia empeora en Rusia,laSexta Noticias,2015-07-19T18:50:09Z,2015,lgtbi
gi7-uWyIYRw,@carlosg12GAMR,2026-02-28T09:50:24Z,1,"Este video será de hace 10 años, pero tranquilamente sigue reflejando las dificultades de las personas homosexuales en rusia. Una lastima la verdad.",Experimento de dos chicos para probar que la homofobia empeora en Rusia,laSexta Noticias,2015-07-19T18:50:09Z,2015,lgtbi
gi7-uWyIYRw,@ghst3536,2021-03-03T20:12:43Z,25,los 2 chicos en su casa: oye.. y si seguimos con el rol?,Experimento de dos chicos para probar que la homofobia empeora en Rusia,laSexta Noticias,2015-07-19T18:50:09Z,2015,lgtbi
gi7-uWyIYRw,@marcianitoreggaetonero6812,2020-09-13T07:59:24Z,49,Que coincidencia que el presidente mas homofóbico del mundo se apellide literalmente PUTIN 😂,Experimento de dos chicos para probar que la homofobia empeora en Rusia,laSexta Noticias,2015-07-19T18:50:09Z,2015,lgtbi
gi7-uWyIYRw,@latoutyguzman,2020-08-26T06:46:50Z,122,Que horror que traten así a la gente,Experimento de dos chicos para probar que la homofobia empeora en Rusia,laSexta Noticias,2015-07-19T18:50:09Z,2015,lgtbi
gi7-uWyIYRw,@ecoturismovalle1570,2021-04-25T20:12:44Z,9,Pobre muchachito al final....me hizo rodar una lágrima....no tiene quien se lo atornille....,Experimento de dos chicos para probar que la homofobia empeora en Rusia,laSexta Noticias,2015-07-19T18:50:09Z,2015,lgtbi
gi7-uWyIYRw,@Promaster-fe9dv,2021-03-03T22:01:14Z,15,Me alegro de que halla países que sepan cómo tratar a la gente que no evoluciona,Experimento de dos chicos para probar que la homofobia empeora en Rusia,laSexta Noticias,2015-07-19T18:50:09Z,2015,lgtbi
gi7-uWyIYRw,@yerkolopez961,2018-03-05T17:19:17Z,24,Que lado de rusia estan ahí ???,Experimento de dos chicos para probar que la homofobia empeora en Rusia,laSexta Noticias,2015-07-19T18:50:09Z,2015,lgtbi
gi7-uWyIYRw,@Maria-qc7vv,2020-11-18T18:41:16Z,15,Pollo con fresa,Experimento de dos chicos para probar que la homofobia empeora en Rusia,laSexta Noticias,2015-07-19T18:50:09Z,2015,lgtbi
gi7-uWyIYRw,@user-tq9hu4lm8r,2021-09-19T11:07:40Z,9,Los rusos: estoy basadisimo 😎😎😎😎,Experimento de dos chicos para probar que la homofobia empeora en Rusia,laSexta Noticias,2015-07-19T18:50:09Z,2015,lgtbi
gi7-uWyIYRw,@totalindignation7645,2020-09-11T14:27:27Z,62,Yo en Rusia estaría muertisima ._.,Experimento de dos chicos para probar que la homofobia empeora en Rusia,laSexta Noticias,2015-07-19T18:50:09Z,2015,lgtbi
gi7-uWyIYRw,@burakkusuta100,2020-06-15T23:32:37Z,33,Es... culero quitarle el distintivo de HUMANO a alguien solo por sus gustos. Para la gente que no entiende ¿Tratarían diferente a alguien por qué le gusta el café con más o menos azúcar? Pues lo mismo.,Experimento de dos chicos para probar que la homofobia empeora en Rusia,laSexta Noticias,2015-07-19T18:50:09Z,2015,lgtbi
gi7-uWyIYRw,@ronin5573,2020-09-15T03:37:14Z,10,Uf creo que Rusia es mi nuevo lugar felíz,Experimento de dos chicos para probar que la homofobia empeora en Rusia,laSexta Noticias,2015-07-19T18:50:09Z,2015,lgtbi
gi7-uWyIYRw,@Zumm.m,2025-01-14T05:31:42Z,2,Todos los de vace 3 o 4 años piensan más que los de ahora xd,Experimento de dos chicos para probar que la homofobia empeora en Rusia,laSexta Noticias,2015-07-19T18:50:09Z,2015,lgtbi
gi7-uWyIYRw,@charliemorningstar4182,2021-01-29T17:54:28Z,14,"Rusos: nmms que asco jpg.
Fujoshis rusas: duren jpg.",Experimento de dos chicos para probar que la homofobia empeora en Rusia,laSexta Noticias,2015-07-19T18:50:09Z,2015,lgtbi
gi7-uWyIYRw,@magicmiss234,2020-09-01T06:40:15Z,24,"Si supieran que la homosexualidad existe desde Antes de Cristo...

Oh bueno si, seguramente algunos lo sabrán y sabrán más que yo, pero de mi punto de vista me parece algo estupido agredir y violentar a un sector por sus diferencias de gustos siendo que, no afectan en NADA su vida.
Es decir, que te afecta ver una pareja gay, no cambiará nada tu vida cotidiana por ver algo así.

O acaso afectaría sus metas, objetivos o vida cotidiana en general por presenciar algo así?

 Justifique su respuesta.",Experimento de dos chicos para probar que la homofobia empeora en Rusia,laSexta Noticias,2015-07-19T18:50:09Z,2015,lgtbi
gi7-uWyIYRw,@post-mort666m,2020-09-20T03:58:09Z,76,"man porqué los comentarios homofobicos son hechos en su mayoría por ""shitposters"" o ""panafrescos"" ¿? no estoy generalizando pero",Experimento de dos chicos para probar que la homofobia empeora en Rusia,laSexta Noticias,2015-07-19T18:50:09Z,2015,lgtbi
gi7-uWyIYRw,@luisvelasco3534,2021-04-09T01:11:09Z,1,Muy bien.,Experimento de dos chicos para probar que la homofobia empeora en Rusia,laSexta Noticias,2015-07-19T18:50:09Z,2015,lgtbi
gi7-uWyIYRw,@braveclem,2020-09-11T06:01:24Z,29,Muchos Dinosaurios con pensamientos antiguos,Experimento de dos chicos para probar que la homofobia empeora en Rusia,laSexta Noticias,2015-07-19T18:50:09Z,2015,lgtbi
gi7-uWyIYRw,@alubaldini,2015-11-14T23:13:26Z,143,para ser un pais europeo tienen un atraso cultural como de 500 años pense que rusia era avanzado pero veo que son campesinos con buena economia,Experimento de dos chicos para probar que la homofobia empeora en Rusia,laSexta Noticias,2015-07-19T18:50:09Z,2015,lgtbi
gi7-uWyIYRw,@sadkitten831,2020-09-07T14:43:30Z,20,por eso niños quiero ir a canada B),Experimento de dos chicos para probar que la homofobia empeora en Rusia,laSexta Noticias,2015-07-19T18:50:09Z,2015,lgtbi
gi7-uWyIYRw,@juancorvr,2022-03-24T18:08:21Z,3,que basados los rusos,Experimento de dos chicos para probar que la homofobia empeora en Rusia,laSexta Noticias,2015-07-19T18:50:09Z,2015,lgtbi
gi7-uWyIYRw,@crszt0048,2020-11-16T14:00:13Z,46,Obama creo minecraft,Experimento de dos chicos para probar que la homofobia empeora en Rusia,laSexta Noticias,2015-07-19T18:50:09Z,2015,lgtbi
gi7-uWyIYRw,@Honeystamente,2020-09-14T23:39:25Z,16,"Ah esto me hace acordar cuando hicimos una salida con nuestro grupo de amigas, y en un momento que íbamos por un corredor me agarré la mano con una de mis amigas y todos nos empezaron a mirar. Yo recontra feliz y mi amiga re avergonzada encima que somos chicas y íbamos apartadas del grupo, nose que habrán pensado los demás. Pero en todo nuestro grupo nos empezamos a reír 😂",Experimento de dos chicos para probar que la homofobia empeora en Rusia,laSexta Noticias,2015-07-19T18:50:09Z,2015,lgtbi
gi7-uWyIYRw,@klararisinger,2020-09-17T03:19:03Z,15,Tendré que explicarle a mi pequeño novio porque no podemos ir a Rusia ahora .. Diablos,Experimento de dos chicos para probar que la homofobia empeora en Rusia,laSexta Noticias,2015-07-19T18:50:09Z,2015,lgtbi
gi7-uWyIYRw,@kxicc2,2021-04-06T06:57:05Z,3,*¿Que le paso a la madre Rusia?*,Experimento de dos chicos para probar que la homofobia empeora en Rusia,laSexta Noticias,2015-07-19T18:50:09Z,2015,lgtbi
gi7-uWyIYRw,@fabiolaandiarocha56,2020-11-08T22:37:31Z,26,"D:  no mames me sorprendio que hasta un tipo se puso en medio de los dos para luego empujar a uno, intolerancia x1000 wtf solo estan caminando agarrados de la mano, no se estan comiendo a besos o metiendose mano o metiendo mano a otros hombres.",Experimento de dos chicos para probar que la homofobia empeora en Rusia,laSexta Noticias,2015-07-19T18:50:09Z,2015,lgtbi
gi7-uWyIYRw,@dayanaalago1072,2020-05-19T16:46:16Z,71,"Weones ""edgy"": ""Por eso me gustaria ir a Rusia 😂😛🤮""",Experimento de dos chicos para probar que la homofobia empeora en Rusia,laSexta Noticias,2015-07-19T18:50:09Z,2015,lgtbi
gi7-uWyIYRw,@naomiperez2337,2020-08-09T02:20:09Z,10,"El que estaba grabando : ,👁️🌳👄🌳👁️",Experimento de dos chicos para probar que la homofobia empeora en Rusia,laSexta Noticias,2015-07-19T18:50:09Z,2015,lgtbi
gi7-uWyIYRw,@guason673,2021-07-21T19:48:42Z,1,Esta perfecto,Experimento de dos chicos para probar que la homofobia empeora en Rusia,laSexta Noticias,2015-07-19T18:50:09Z,2015,lgtbi
gi7-uWyIYRw,@obedperez8369,2021-03-27T22:28:24Z,30,Vamonos a Rusia 😎😎,Experimento de dos chicos para probar que la homofobia empeora en Rusia,laSexta Noticias,2015-07-19T18:50:09Z,2015,lgtbi
gi7-uWyIYRw,@taeackerman6588,2020-08-30T02:22:11Z,32,Me dan ganas de irme a Rusia y caminar con mi novia de la mano.,Experimento de dos chicos para probar que la homofobia empeora en Rusia,laSexta Noticias,2015-07-19T18:50:09Z,2015,lgtbi
gi7-uWyIYRw,@saviraww,2020-10-11T21:59:48Z,34,"Rusia me parece un país demasiado conservador, lástima que la mayoría de los pibes lo alaba",Experimento de dos chicos para probar que la homofobia empeora en Rusia,laSexta Noticias,2015-07-19T18:50:09Z,2015,lgtbi
gi7-uWyIYRw,@patatacampesina8286,2021-04-13T22:06:27Z,3,Los niños sin padres: vIVa rUSiA,Experimento de dos chicos para probar que la homofobia empeora en Rusia,laSexta Noticias,2015-07-19T18:50:09Z,2015,lgtbi
gi7-uWyIYRw,@la_kpoper_random3956,2020-05-27T04:55:35Z,20,Justo me estaba llamando la atención aprender ruso,Experimento de dos chicos para probar que la homofobia empeora en Rusia,laSexta Noticias,2015-07-19T18:50:09Z,2015,lgtbi
gi7-uWyIYRw,@annytorres2243,2021-04-03T01:09:48Z,55,Cuando era niña ver a una pareja homosexual si me sacaba de onda y lo veía raro y mal pero fui criada en una familia homofóbica hoy lo veo de lo más normal ni si quiera los volteo a ver son personas normales y si no están molestando a nadie son libres de hacer lo que quieran,Experimento de dos chicos para probar que la homofobia empeora en Rusia,laSexta Noticias,2015-07-19T18:50:09Z,2015,lgtbi
gi7-uWyIYRw,@hectormartinez461,2020-08-10T04:10:24Z,37,"Es una cuestión mundial, todos los países pierden la cabeza por la homosexualidad como si fuera algo nuevo. 
¿Le van a dar el valor a una persona solo por su preferencia sexual?
Démosle más sentido a la humanidad, por favor.",Experimento de dos chicos para probar que la homofobia empeora en Rusia,laSexta Noticias,2015-07-19T18:50:09Z,2015,lgtbi
gi7-uWyIYRw,@josemoraila,2021-10-11T00:16:14Z,0,Que raro que RT no saque noticias de la homofobia en Rusia,Experimento de dos chicos para probar que la homofobia empeora en Rusia,laSexta Noticias,2015-07-19T18:50:09Z,2015,lgtbi
gi7-uWyIYRw,@leonel2009ish,2020-11-20T04:46:51Z,47,Nadie merece que lo traten asi,Experimento de dos chicos para probar que la homofobia empeora en Rusia,laSexta Noticias,2015-07-19T18:50:09Z,2015,lgtbi
gi7-uWyIYRw,@enhypenpollitos,2021-01-09T15:52:50Z,52,"No entiendo a esta gente...a mí no me parece ""bien"" que hayan parejas homosexuales pero eso no me da derecho a ir insultando y pegando cuando veo una. Cada uno hace de su vida lo que se le de la gana y hay que respetarlo, si no soportas verlo y te da asco pues no lo miras y sigue tu camino. Qué rabia me dan estos videos...",Experimento de dos chicos para probar que la homofobia empeora en Rusia,laSexta Noticias,2015-07-19T18:50:09Z,2015,lgtbi
gi7-uWyIYRw,@urasimpp5283,2020-11-19T16:58:43Z,100,"Gente con falta de atención: ""vIvA lA mAdRe RuSia!! 😂😂🤩🤩""",Experimento de dos chicos para probar que la homofobia empeora en Rusia,laSexta Noticias,2015-07-19T18:50:09Z,2015,lgtbi
gi7-uWyIYRw,@lobesnoff4833,2021-04-17T03:25:59Z,2,Porque no hasemos lo mismo en toda latinoamerica,Experimento de dos chicos para probar que la homofobia empeora en Rusia,laSexta Noticias,2015-07-19T18:50:09Z,2015,lgtbi
gi7-uWyIYRw,@amb01bma6,2020-12-10T11:18:42Z,81,"Si quereis ver weones seguid estos pasos:
1 metete en comentario

2 dale a recientes

3 disfruta de la magia ;)",Experimento de dos chicos para probar que la homofobia empeora en Rusia,laSexta Noticias,2015-07-19T18:50:09Z,2015,lgtbi
gi7-uWyIYRw,@variolox1640,2020-08-08T02:49:53Z,33,"RT: USA es malo malísimo

RT: Rusa es perfecto aquí no se discrimina",Experimento de dos chicos para probar que la homofobia empeora en Rusia,laSexta Noticias,2015-07-19T18:50:09Z,2015,lgtbi
gi7-uWyIYRw,@biquimyg,2020-09-18T06:15:39Z,20,"Muchos de los hombres de los comentarios están como: Miren soy un macho,me parece bien que le falten el respeto a otras personas porque hEy,soy un macho y tengo que demostrarlo no?sisisi tengo que demostrarlo


(Si sabrías bien lo que eres no te haría tanta falta querer demostrar tu ""hombría"",eso solo señala que realmente ni tu te crees tu orientación pero te obligas a hacerlo,triste)",Experimento de dos chicos para probar que la homofobia empeora en Rusia,laSexta Noticias,2015-07-19T18:50:09Z,2015,lgtbi
gi7-uWyIYRw,@neoburton7755,2021-04-12T20:06:05Z,1,Otro dia sin vivir en Rusia 😔👌,Experimento de dos chicos para probar que la homofobia empeora en Rusia,laSexta Noticias,2015-07-19T18:50:09Z,2015,lgtbi
gi7-uWyIYRw,@cajitaautomatica,2020-06-04T00:00:49Z,51,"no conocía esto de Rusia😯😯
me dejó pensando la situación para las personas lgbt😦😦
deseó lo mejor para ellos,y que algún día acabé la homofobia,transfobia,etc
así la discriminación deje de ser un problema entre nosotros...",Experimento de dos chicos para probar que la homofobia empeora en Rusia,laSexta Noticias,2015-07-19T18:50:09Z,2015,lgtbi
gi7-uWyIYRw,@ilovegranolaa,2021-03-03T02:13:58Z,32,"Los comentarios recientes son de niños shitposters a los que no les dan atención en casa, déjenlos.",Experimento de dos chicos para probar que la homofobia empeora en Rusia,laSexta Noticias,2015-07-19T18:50:09Z,2015,lgtbi
gi7-uWyIYRw,@m.4317,2020-11-05T07:51:22Z,32,"Me preocupa la gente que necesita recurrir a la violencia, no veo nada de malo, el simple echo de que algo no te guste no tienes porque insultar, respeten.",Experimento de dos chicos para probar que la homofobia empeora en Rusia,laSexta Noticias,2015-07-19T18:50:09Z,2015,lgtbi
gi7-uWyIYRw,@MiguelAngel-dj8pt,2022-02-23T13:16:44Z,4,UN PAÍS MÁS LISTO QUE ESPAÑA Y SUS ESPAÑOLES,Experimento de dos chicos para probar que la homofobia empeora en Rusia,laSexta Noticias,2015-07-19T18:50:09Z,2015,lgtbi
gi7-uWyIYRw,@zowywy,2020-08-26T23:56:16Z,123,"Odio los comentarios. ""Viva la madre Rusia""???????? Estamos en el siglo 21 amigo, no en el 19",Experimento de dos chicos para probar que la homofobia empeora en Rusia,laSexta Noticias,2015-07-19T18:50:09Z,2015,lgtbi
gi7-uWyIYRw,@link199100,2020-07-29T11:23:01Z,31,"Para los que dicen estar en contra de la homosexualidad, me encantaría escuchar sus razones.",Experimento de dos chicos para probar que la homofobia empeora en Rusia,laSexta Noticias,2015-07-19T18:50:09Z,2015,lgtbi
gi7-uWyIYRw,@randoms0ngs,2021-03-02T04:10:06Z,24,"Hasta en Rusia oprimen a los jugadores de free fire, ya basta de está discriminación hacia ellos 😭🙏",Experimento de dos chicos para probar que la homofobia empeora en Rusia,laSexta Noticias,2015-07-19T18:50:09Z,2015,lgtbi
gi7-uWyIYRw,@fernandoalonso_1,2023-06-28T20:01:37Z,0,Creo que ya se donde ir a vivir,Experimento de dos chicos para probar que la homofobia empeora en Rusia,laSexta Noticias,2015-07-19T18:50:09Z,2015,lgtbi
gi7-uWyIYRw,@heavyshore911,2021-11-21T23:57:26Z,26,"Los comentarios recientes son más o menos como


*Azi Lo AzE lA mADrE rUziA*

Buenos lanzamientos de comentarios, espero que su próximo lanzamiento sea de un puente",Experimento de dos chicos para probar que la homofobia empeora en Rusia,laSexta Noticias,2015-07-19T18:50:09Z,2015,lgtbi
gi7-uWyIYRw,@john0303,2021-04-22T00:29:52Z,30,"Por ahí leí:

No existe la heterosexualidad, ni la homosexualidad, solo existen personas que se enamoran de otras personas.

Y los que dicen viva Rusia, aprendan ruso y vayan a ser mierdas de personas allá, a ver si ustedes no los discriminan por inmigrantes o  por otra cosa, algo debe de haber, ustedes no son perfectos tampoco.",Experimento de dos chicos para probar que la homofobia empeora en Rusia,laSexta Noticias,2015-07-19T18:50:09Z,2015,lgtbi
gi7-uWyIYRw,@olychevalier5012,2021-02-11T03:32:02Z,12,Dos heterosexuales lo dudo. Allí hay gatito encerrado.🤣🤣🤣🤣,Experimento de dos chicos para probar que la homofobia empeora en Rusia,laSexta Noticias,2015-07-19T18:50:09Z,2015,lgtbi
gi7-uWyIYRw,@Gayboy21,2021-04-15T02:13:05Z,4,I don’t understand why it angers people tho.. specifically the “straight” men.,Experimento de dos chicos para probar que la homofobia empeora en Rusia,laSexta Noticias,2015-07-19T18:50:09Z,2015,lgtbi
gi7-uWyIYRw,@jae6553,2021-04-13T01:18:19Z,43,"Sinceramente espero que los graciosos en los comentarios solo se queden aquí en internet y que no se les ocurra a burlarse de personas en específico, porque el humor se acaba cuando pasa al acoso, me rio con el humor negro pero no del acoso a una sola persona",Experimento de dos chicos para probar que la homofobia empeora en Rusia,laSexta Noticias,2015-07-19T18:50:09Z,2015,lgtbi
gi7-uWyIYRw,@laurareyes4358,2022-03-30T01:34:15Z,14,Yo quiero ir a Rusia 🤑 xd,Experimento de dos chicos para probar que la homofobia empeora en Rusia,laSexta Noticias,2015-07-19T18:50:09Z,2015,lgtbi
gi7-uWyIYRw,@marianorosasperez4598,2021-11-09T00:37:24Z,12,"Soy Heterosexual y me atrevo a decir que, Rusia es tan genial. 😌",Experimento de dos chicos para probar que la homofobia empeora en Rusia,laSexta Noticias,2015-07-19T18:50:09Z,2015,lgtbi
gi7-uWyIYRw,@Voldifax,2021-12-01T14:51:05Z,5,Grande mi Rusia💪💪💪🥵🥵,Experimento de dos chicos para probar que la homofobia empeora en Rusia,laSexta Noticias,2015-07-19T18:50:09Z,2015,lgtbi
gi7-uWyIYRw,@AlexBA411,2017-08-12T09:55:34Z,70,1:22 me llegó. :'( deseo lo mismo mi amigo..,Experimento de dos chicos para probar que la homofobia empeora en Rusia,laSexta Noticias,2015-07-19T18:50:09Z,2015,lgtbi
gi7-uWyIYRw,@marcianitoreggaetonero6812,2020-09-13T08:02:06Z,160,"Nadie:
Niños con falta de atención:Poreso me gUstaríA vivir eN rUzia 😎",Experimento de dos chicos para probar que la homofobia empeora en Rusia,laSexta Noticias,2015-07-19T18:50:09Z,2015,lgtbi
gi7-uWyIYRw,@mxedgemx8158,2021-03-30T20:49:21Z,14,Me río de memes anti progres y haci pero una cosa son los memes y otra la vida real 🤙,Experimento de dos chicos para probar que la homofobia empeora en Rusia,laSexta Noticias,2015-07-19T18:50:09Z,2015,lgtbi
gi7-uWyIYRw,@marcochoque8816,2022-08-25T20:36:18Z,3,Putin todo un fachero 🤑🤑🤑,Experimento de dos chicos para probar que la homofobia empeora en Rusia,laSexta Noticias,2015-07-19T18:50:09Z,2015,lgtbi
gi7-uWyIYRw,@kevinbarona1059,2021-01-14T04:54:27Z,10,"Si me disculpan procedo a ""xd""",Experimento de dos chicos para probar que la homofobia empeora en Rusia,laSexta Noticias,2015-07-19T18:50:09Z,2015,lgtbi
gi7-uWyIYRw,@yadboni.4193,2021-01-30T22:01:03Z,53,"Es que pueden prohibir la propaganda gay en Rusia u otros países, pero la verdad es que gays hay en todas partes. Aquí no es por falta de propaganda, sino falta de tolerancia, respeto, porque cada quien vive su vida como quiere y el punto está en que cada quien decide su destino y no es correcto en ninguna forma el maltrato físico, ni psicológico en las personas, y eso no sólo en Rusia.",Experimento de dos chicos para probar que la homofobia empeora en Rusia,laSexta Noticias,2015-07-19T18:50:09Z,2015,lgtbi
gi7-uWyIYRw,@P_Cat001,2021-03-02T05:26:24Z,13,"Esta bien que no halla una propaganda homosexual, pero respeten a las personas que no molestan a los demás",Experimento de dos chicos para probar que la homofobia empeora en Rusia,laSexta Noticias,2015-07-19T18:50:09Z,2015,lgtbi
gi7-uWyIYRw,@leandroariel2120,2021-10-20T23:30:44Z,1,Como se la jugaron esos 2 eh👀,Experimento de dos chicos para probar que la homofobia empeora en Rusia,laSexta Noticias,2015-07-19T18:50:09Z,2015,lgtbi
gi7-uWyIYRw,@joelmartinez2618,2020-09-05T21:14:06Z,65,"¿Donde están lo pendejos de: ""así lo hasemos en la madre Rusia""?",Experimento de dos chicos para probar que la homofobia empeora en Rusia,laSexta Noticias,2015-07-19T18:50:09Z,2015,lgtbi
gi7-uWyIYRw,@AnnC-barbat0s,2020-11-19T02:38:19Z,20,"Comentarios:Viva Rusia 😎👌
Yo:...gracioso, me reí",Experimento de dos chicos para probar que la homofobia empeora en Rusia,laSexta Noticias,2015-07-19T18:50:09Z,2015,lgtbi
gi7-uWyIYRw,@AxelFoley0,2021-02-13T20:04:40Z,10,Y después dicen que la homofobia no existe....,Experimento de dos chicos para probar que la homofobia empeora en Rusia,laSexta Noticias,2015-07-19T18:50:09Z,2015,lgtbi
gi7-uWyIYRw,@ctrlz1277,2021-04-09T20:40:12Z,0,Y el experimento?,Experimento de dos chicos para probar que la homofobia empeora en Rusia,laSexta Noticias,2015-07-19T18:50:09Z,2015,lgtbi
gi7-uWyIYRw,@kodenji2764,2021-04-05T15:49:01Z,11,Y luego se preguntan porque rusia es potencia mundial,Experimento de dos chicos para probar que la homofobia empeora en Rusia,laSexta Noticias,2015-07-19T18:50:09Z,2015,lgtbi
gi7-uWyIYRw,@victoriatorrespalacios939,2020-09-17T08:12:35Z,141,"Son gente, son humanos 
No se pasen hasta yo sé que eso no se hace.",Experimento de dos chicos para probar que la homofobia empeora en Rusia,laSexta Noticias,2015-07-19T18:50:09Z,2015,lgtbi
gi7-uWyIYRw,@AnAn-yu1tf,2020-09-01T21:42:25Z,209,"Se dan cuenta de la tontería que es esto? ""Propaganda homosexual"" madre mía... Solo pensar que hacen tanto alboroto por que DOS PERSONAS quieran ser libres de amarse, no un persona y un animal,  no una persona adulta y un niño, simplemente DOS PERSONAS QUE PUEDEN DAR CONSENTIMIENTO MUTUO SOBRE SU RELACIÓN, de verdad esto causa tanto revuelo? Piénsalo muchas veces y perderá el sentido. Es solo un hombre y otro hombre, una mujer con otra...la vida es muy corta como para pasar tu vida junto a alguien que no amas con un género que no te atrae!!",Experimento de dos chicos para probar que la homofobia empeora en Rusia,laSexta Noticias,2015-07-19T18:50:09Z,2015,lgtbi
gi7-uWyIYRw,@SebasJuega_2019,2024-10-30T23:25:45Z,0,Complicado el asunto,Experimento de dos chicos para probar que la homofobia empeora en Rusia,laSexta Noticias,2015-07-19T18:50:09Z,2015,lgtbi
gi7-uWyIYRw,@juliog1664,2021-02-07T00:07:12Z,12,"La gente de ahora se preocupa más de la vida de otros que la suya 
Que te importa si alguien es gay o lesbiana es su vida",Experimento de dos chicos para probar que la homofobia empeora en Rusia,laSexta Noticias,2015-07-19T18:50:09Z,2015,lgtbi
gi7-uWyIYRw,@gadyhernandez5768,2020-09-11T18:07:38Z,12,Realmente todo es Genial en Rusia,Experimento de dos chicos para probar que la homofobia empeora en Rusia,laSexta Noticias,2015-07-19T18:50:09Z,2015,lgtbi
gi7-uWyIYRw,@juandavidherrera7461,2020-10-05T05:10:35Z,18,"Nadie 

Absolutamente nadie

Los que solo conocen a putin por los memes : *ASI LO HACEMOS EN RUSIA*",Experimento de dos chicos para probar que la homofobia empeora en Rusia,laSexta Noticias,2015-07-19T18:50:09Z,2015,lgtbi
gi7-uWyIYRw,@edgaromarreynatorres3940,2021-04-14T16:44:45Z,0,"Lo mismo pasa en el medio oriente, países con muchísimas reservas de petróleo, pero ahí nadie voltea $$$$",Experimento de dos chicos para probar que la homofobia empeora en Rusia,laSexta Noticias,2015-07-19T18:50:09Z,2015,lgtbi
gi7-uWyIYRw,@cristinahermandez7386,2020-12-22T23:40:54Z,21,"Ni entiendo cual es el priblema, si no te afecta a ti o a los tuyos que mas te da si son geys si se besan en la calle o no, hay que respetar, todos estamos en este planeta y hay que llevarla en paz.",Experimento de dos chicos para probar que la homofobia empeora en Rusia,laSexta Noticias,2015-07-19T18:50:09Z,2015,lgtbi
gi7-uWyIYRw,@santiagoromero5439,2021-03-07T03:33:56Z,10,"Solo digo dos cosas:
 La gente que pone ""como en la madre Rusia😍😍"" esto es serio :-:.
Y los que dicen ""pubertos"" y a ti que te importa que pongan eso ._.Xd",Experimento de dos chicos para probar que la homofobia empeora en Rusia,laSexta Noticias,2015-07-19T18:50:09Z,2015,lgtbi
gi7-uWyIYRw,@teresavaldez2665,2021-08-19T06:08:14Z,53,"Lo mejor es educar a los niños en amor,respeto, tolerancia, hacia toda condición humana, lo que se debe detestar es, al borracho,criminal,violador,pederasta,pedófilo, maltratador de mujeres, al drogadicto, eso es lo peor de un ser humano.",Experimento de dos chicos para probar que la homofobia empeora en Rusia,laSexta Noticias,2015-07-19T18:50:09Z,2015,lgtbi
gi7-uWyIYRw,@dionni500,2021-06-23T17:32:51Z,4,Está muy bien  !!,Experimento de dos chicos para probar que la homofobia empeora en Rusia,laSexta Noticias,2015-07-19T18:50:09Z,2015,lgtbi
gi7-uWyIYRw,@josevargas7711,2020-12-20T21:27:05Z,55,"Que carajo con ese país, en serio se enojan por que dos personas del mismo sexo se amen? Vaya que ahora se pierde la fe en la humanidad",Experimento de dos chicos para probar que la homofobia empeora en Rusia,laSexta Noticias,2015-07-19T18:50:09Z,2015,lgtbi
gi7-uWyIYRw,@Kiidzlater,2020-09-09T20:09:24Z,29,"Me da risa la gente que se queja de la homosexualidad diciendo que es ""antinatural"", en ese caso deberíansuicidarse porqué el mundo esta lleno de cosas antinaturales, como vehículos, métodos de ocio, técnicas de trabajo, etc.
En ese caso si la naturaleza nos dio el don de la ""inteligencia"" y consciencia todo lo que hacemos tendría que ser natural.",Experimento de dos chicos para probar que la homofobia empeora en Rusia,laSexta Noticias,2015-07-19T18:50:09Z,2015,lgtbi
gi7-uWyIYRw,@THEHAZE1,2021-01-26T15:37:19Z,44,"No se que heterosexuales sean los protagonistas de este video, pero dejando de lado eso, yo no estoy de acuerdo con la homosexualidad y no  voy por la calle empujando o insultando convivo con ellas como una parte mas de la sociedad.",Experimento de dos chicos para probar que la homofobia empeora en Rusia,laSexta Noticias,2015-07-19T18:50:09Z,2015,lgtbi
gi7-uWyIYRw,@nand5626,2021-04-28T02:31:28Z,4,Que onda con la gente que se rie o se burla o falta el respeto en los comentarios? Tengan empatía,Experimento de dos chicos para probar que la homofobia empeora en Rusia,laSexta Noticias,2015-07-19T18:50:09Z,2015,lgtbi
gi7-uWyIYRw,@rosariaesmeralda5022,2020-09-28T11:49:27Z,18,"Gente de color café diciendo ""Asi lo hacemos en la madre Rusia"" cuando si estas allí? Te discriminan por tu color cafesito.",Experimento de dos chicos para probar que la homofobia empeora en Rusia,laSexta Noticias,2015-07-19T18:50:09Z,2015,lgtbi
gi7-uWyIYRw,@mapache2696,2021-01-28T06:59:17Z,25,Que mierda ha de ser que te discriminen por algo que no elegiste :(,Experimento de dos chicos para probar que la homofobia empeora en Rusia,laSexta Noticias,2015-07-19T18:50:09Z,2015,lgtbi
gi7-uWyIYRw,@liss_Th,2017-06-27T04:23:01Z,16,"es muy triste yo le tenía mucho respeto a Rusia como país, el hecho de saber de que sólo ir tomado de la mano con mi pareja me van a insultar y me van a agredir Entonces qué se metan el frío por él",Experimento de dos chicos para probar que la homofobia empeora en Rusia,laSexta Noticias,2015-07-19T18:50:09Z,2015,lgtbi
gi7-uWyIYRw,@crismelgarejotf2248,2021-06-29T22:08:52Z,0,Idolos,Experimento de dos chicos para probar que la homofobia empeora en Rusia,laSexta Noticias,2015-07-19T18:50:09Z,2015,lgtbi
gi7-uWyIYRw,@alvarodiazmartin8228,2020-05-22T14:48:32Z,15,"Lo que pasa que ahora los heterosexuales tienen miedo de ser ellos los reprimidos o poco comunes,  porque se están dando cuenta que cada vez hay más personas homosexuales, bueno no es que haya más,  es que cada vez la gente se da más cuenta de lo que de verdad es , y tienen miedo de que sus hijos lo sean , etc.
Cabezas pequeñas hay en todos sitios",Experimento de dos chicos para probar que la homofobia empeora en Rusia,laSexta Noticias,2015-07-19T18:50:09Z,2015,lgtbi
gi7-uWyIYRw,@donjipotin2688,2020-08-27T22:50:30Z,16,Es fácil cualquiera que te insulte lo noqueas y listo boe re violento,Experimento de dos chicos para probar que la homofobia empeora en Rusia,laSexta Noticias,2015-07-19T18:50:09Z,2015,lgtbi
gi7-uWyIYRw,@Nephizzz,2020-06-06T02:42:18Z,27,Rusia en lo personal lo tenia en un pedestal pero con este video se fue a la mierda mi admiracion por ese pais :c,Experimento de dos chicos para probar que la homofobia empeora en Rusia,laSexta Noticias,2015-07-19T18:50:09Z,2015,lgtbi
gi7-uWyIYRw,@megaknightff576,2023-03-19T20:16:43Z,4,Putin y Rusia basados,Experimento de dos chicos para probar que la homofobia empeora en Rusia,laSexta Noticias,2015-07-19T18:50:09Z,2015,lgtbi
gi7-uWyIYRw,@larrivv,2020-09-13T01:52:28Z,27,"Los comentarios homofóbicos no faltaron en este video y da realmente asco ver ese tipo de comentarios.
Si tanto te molesta ¿Por qué sigues aquí? ¿Acaso no te dan la suficiente atención en casita y quieres que aqui sí? si te molesta pues simplemente quedate callado o evita estar en este tipo de videos Dios ¿Qué te cuesta?",Experimento de dos chicos para probar que la homofobia empeora en Rusia,laSexta Noticias,2015-07-19T18:50:09Z,2015,lgtbi
gi7-uWyIYRw,@Purolatex000,2020-12-24T23:22:14Z,41,Si quieres ver weones haciendoce el chistositos ve ah comentarios recientes de nada.,Experimento de dos chicos para probar que la homofobia empeora en Rusia,laSexta Noticias,2015-07-19T18:50:09Z,2015,lgtbi
gi7-uWyIYRw,@teo972,2020-07-20T22:01:11Z,27,"Lo que me jode es que dicen ""genial Rusia"" o ""ya quiero ir a Rusia"" ""Ojalá hayan más países como Rusia""
Pero que pasaría si nosotros fuéramos homosexuales, nos dolería que no nos dejarán ser felices y ya me imagino los comentarios
""Pero no lo somos"" o ""Ni muerto lo sería"" ""Ni que naciera homosexual lo sería"" 
Ni que Rusia les prohibiera,ni que les pegaran dejarían de ser lo que nacieron
Porque la homosexualidad no se puede decidir,es lo que son ellos",Experimento de dos chicos para probar que la homofobia empeora en Rusia,laSexta Noticias,2015-07-19T18:50:09Z,2015,lgtbi
gi7-uWyIYRw,@alejandrochacon2384,2021-06-21T18:00:37Z,0,Alta facha tiene la gente ahi,Experimento de dos chicos para probar que la homofobia empeora en Rusia,laSexta Noticias,2015-07-19T18:50:09Z,2015,lgtbi
gi7-uWyIYRw,@TimDrakeKent,2020-09-25T01:54:28Z,16,"Que triste, por eso Rusia no avanza, sigue siendo un país en desarrollo y el dice ""viva la madre Rusia"" que pena y lástima dan, en serio tienen el corazón tan oscuro?",Experimento de dos chicos para probar que la homofobia empeora en Rusia,laSexta Noticias,2015-07-19T18:50:09Z,2015,lgtbi
gi7-uWyIYRw,@fr.velpriv,2022-01-19T23:21:09Z,10,Que triste es que hay tanto odio e ignorancia en el mundo.,Experimento de dos chicos para probar que la homofobia empeora en Rusia,laSexta Noticias,2015-07-19T18:50:09Z,2015,lgtbi
gi7-uWyIYRw,@rodrian9425,2021-03-15T12:57:22Z,14,¿No me digas que a los niños edgy se ofenden por ver dos hombres agarrado de la mano?,Experimento de dos chicos para probar que la homofobia empeora en Rusia,laSexta Noticias,2015-07-19T18:50:09Z,2015,lgtbi
gi7-uWyIYRw,@godzigacha,2022-06-17T19:26:33Z,3,Todos tenemos derecho a ser basado pero Rusia abusa de ese derecho,Experimento de dos chicos para probar que la homofobia empeora en Rusia,laSexta Noticias,2015-07-19T18:50:09Z,2015,lgtbi
gi7-uWyIYRw,@marcosescuredo9067,2021-03-04T16:18:22Z,16,Que puta pena que exista gente intransigente.vive y deja vivir al final todos buscamos lo mismo ser felices,Experimento de dos chicos para probar que la homofobia empeora en Rusia,laSexta Noticias,2015-07-19T18:50:09Z,2015,lgtbi
gi7-uWyIYRw,@Nat-nj7hr,2020-11-27T17:53:57Z,14,"Joder otro chiste de así lo hacemos en la madre Rusia

No puedo parar de reír",Experimento de dos chicos para probar que la homofobia empeora en Rusia,laSexta Noticias,2015-07-19T18:50:09Z,2015,lgtbi
gi7-uWyIYRw,@Miss.Vaniilla,2020-11-28T00:01:23Z,14,Estados Unidos no es buen ejemplo... Están bien locos,Experimento de dos chicos para probar que la homofobia empeora en Rusia,laSexta Noticias,2015-07-19T18:50:09Z,2015,lgtbi
gi7-uWyIYRw,@ElviBustamante-op8xx,2023-05-24T03:15:29Z,5,"Viva rusia 😎🤝🧐, vamonos pa Russia",Experimento de dos chicos para probar que la homofobia empeora en Rusia,laSexta Noticias,2015-07-19T18:50:09Z,2015,lgtbi
gi7-uWyIYRw,@petesintesis,2020-09-15T02:36:37Z,11,"""lla ze dohnde boi a bibir 🤪🤪🤪"" ""grandeh ruzia 😳"" eu, pensar que en casa no les dan atención, pobres ¿necesitan ayuda? ir al psicólogo es la mejor opción, besos y los tkm",Experimento de dos chicos para probar que la homofobia empeora en Rusia,laSexta Noticias,2015-07-19T18:50:09Z,2015,lgtbi
gi7-uWyIYRw,@MilanesadeSade,2020-11-04T19:26:50Z,14,Y luego dicen que en Occidente somos homofobicos XDDDDD,Experimento de dos chicos para probar que la homofobia empeora en Rusia,laSexta Noticias,2015-07-19T18:50:09Z,2015,lgtbi
gi7-uWyIYRw,@cero7z,2021-02-25T01:27:18Z,48,"A ver, hay gente que es tan tonta que me dan ganas de pegarme un tiro, como te puedes enojar solo por los gustos de una persona? Vi a un par diciendo que le están diciendo eso a los niños en las escuelas, y no por eso automáticamente quieren cambiar de orientación, imagínate ser gay y que una persona te vaya gritando en la calle, saben lo horrible que sería eso?",Experimento de dos chicos para probar que la homofobia empeora en Rusia,laSexta Noticias,2015-07-19T18:50:09Z,2015,lgtbi
gi7-uWyIYRw,@nose_nosexd,2024-06-17T21:54:45Z,1,Como recibir bullying🗿:,Experimento de dos chicos para probar que la homofobia empeora en Rusia,laSexta Noticias,2015-07-19T18:50:09Z,2015,lgtbi
gi7-uWyIYRw,@angelbecerra8702,2020-09-05T06:35:14Z,18,La gente homofóbica me da pena y vergüenza que tengan los mismos derechos que yo.,Experimento de dos chicos para probar que la homofobia empeora en Rusia,laSexta Noticias,2015-07-19T18:50:09Z,2015,lgtbi
gi7-uWyIYRw,@bmundial4217,2021-09-14T21:18:46Z,20,Aún ay esperanza chicos en Rusia son normales aun,Experimento de dos chicos para probar que la homofobia empeora en Rusia,laSexta Noticias,2015-07-19T18:50:09Z,2015,lgtbi
gi7-uWyIYRw,@isaiasmeow,2021-04-06T02:48:50Z,29,Por algo son potencia,Experimento de dos chicos para probar que la homofobia empeora en Rusia,laSexta Noticias,2015-07-19T18:50:09Z,2015,lgtbi
gi7-uWyIYRw,@chant_22,2021-04-13T22:58:27Z,1,Subes esto a tik tok y 50% de hate,Experimento de dos chicos para probar que la homofobia empeora en Rusia,laSexta Noticias,2015-07-19T18:50:09Z,2015,lgtbi
gi7-uWyIYRw,@link199100,2020-07-29T11:26:59Z,25,"Un país tan poderoso pero tan atrasado culturalmente, es una lástima...",Experimento de dos chicos para probar que la homofobia empeora en Rusia,laSexta Noticias,2015-07-19T18:50:09Z,2015,lgtbi
gi7-uWyIYRw,@vgucciboy9576,2021-01-14T17:02:22Z,17,✍️nunca✍️ir✍️a✍️Rusia✍️con✍️mi✍️novia✍️,Experimento de dos chicos para probar que la homofobia empeora en Rusia,laSexta Noticias,2015-07-19T18:50:09Z,2015,lgtbi
gi7-uWyIYRw,@mati7710,2020-05-09T22:53:47Z,42,Yo pensé que Putin era buena gente..,Experimento de dos chicos para probar que la homofobia empeora en Rusia,laSexta Noticias,2015-07-19T18:50:09Z,2015,lgtbi
gi7-uWyIYRw,@MuddyCat9723,2024-06-16T13:44:34Z,0,Sigan así,Experimento de dos chicos para probar que la homofobia empeora en Rusia,laSexta Noticias,2015-07-19T18:50:09Z,2015,lgtbi
gi7-uWyIYRw,@kevinamador2789,2020-08-25T16:11:20Z,16,Vergüenza Rusia,Experimento de dos chicos para probar que la homofobia empeora en Rusia,laSexta Noticias,2015-07-19T18:50:09Z,2015,lgtbi
gi7-uWyIYRw,@blablasaurusrexass2103,2021-09-19T00:30:06Z,21,El man que se golpeo en la cabeza al nacer: AZi lo HaCemOs eN LA mAdRe RUSiA 😎🇷🇺,Experimento de dos chicos para probar que la homofobia empeora en Rusia,laSexta Noticias,2015-07-19T18:50:09Z,2015,lgtbi
gi7-uWyIYRw,@kxberri3280,2020-09-23T08:03:35Z,20,Yo ya me hubiera puesto a llorar :'( (en la situación de los chicos),Experimento de dos chicos para probar que la homofobia empeora en Rusia,laSexta Noticias,2015-07-19T18:50:09Z,2015,lgtbi
gi7-uWyIYRw,@arisotar,2024-12-10T03:29:29Z,0,sería que den otra vueltita por Moscú para triangular la investigación,Experimento de dos chicos para probar que la homofobia empeora en Rusia,laSexta Noticias,2015-07-19T18:50:09Z,2015,lgtbi
gi7-uWyIYRw,@rossy6662,2020-09-23T15:00:20Z,27,"Los que ponen ""VIVA RUSIA"" se quedaron atrasados con el año y se cayeron fuerte de la cama que los dejo pelotudos, recemos para que se recuperen 😳👌",Experimento de dos chicos para probar que la homofobia empeora en Rusia,laSexta Noticias,2015-07-19T18:50:09Z,2015,lgtbi
gi7-uWyIYRw,@leanverse865,2020-06-01T06:23:25Z,28,"un video de hace 5 años, y muchisimos comentarios recientes de ""VIVA RUSIA"" las modas en internet hacen mas estúpida a la gente por lo que veo",Experimento de dos chicos para probar que la homofobia empeora en Rusia,laSexta Noticias,2015-07-19T18:50:09Z,2015,lgtbi
gi7-uWyIYRw,@nosecomoponerle,2018-07-13T02:04:21Z,34,Merecían perder el mundial 😂,Experimento de dos chicos para probar que la homofobia empeora en Rusia,laSexta Noticias,2015-07-19T18:50:09Z,2015,lgtbi
gi7-uWyIYRw,@zolangeestelaruizputare6936,2021-04-13T04:47:26Z,0,Que bueno,Experimento de dos chicos para probar que la homofobia empeora en Rusia,laSexta Noticias,2015-07-19T18:50:09Z,2015,lgtbi
gi7-uWyIYRw,@germansoriano637,2020-02-24T11:58:56Z,24,"Pero Putin , no es Putin??????",Experimento de dos chicos para probar que la homofobia empeora en Rusia,laSexta Noticias,2015-07-19T18:50:09Z,2015,lgtbi
gi7-uWyIYRw,@sciencepaperclip5036,2021-05-15T05:40:19Z,36,Rusia todavía tiene valores,Experimento de dos chicos para probar que la homofobia empeora en Rusia,laSexta Noticias,2015-07-19T18:50:09Z,2015,lgtbi
gi7-uWyIYRw,@maximiliano4755,2021-01-09T09:41:48Z,14,"Ufff amigo que mierda que haya un pais y gente asi

Igual tampoco es que le tenga mucha fe en la humanidad",Experimento de dos chicos para probar que la homofobia empeora en Rusia,laSexta Noticias,2015-07-19T18:50:09Z,2015,lgtbi
gi7-uWyIYRw,@elusuario2482,2021-11-14T22:58:39Z,4,"Bueno si quieres un resumen de los  comentarios te lo puedo decir así 



Pendejos que se ofenden por cualquier cosa incluso por una letra (como la letra o, xd) y otros que se esconden detrás del humor para insultar a los demas y también los que dicen la verdad el humor negro es simplemente humor negro pero lo que se vio en el video no es humor es discriminación.




Viva el humor negro 👍",Experimento de dos chicos para probar que la homofobia empeora en Rusia,laSexta Noticias,2015-07-19T18:50:09Z,2015,lgtbi
gi7-uWyIYRw,@Blackgold272_Laura,2020-07-26T08:01:04Z,10,"Que verguenza da la gente homofobica le llaman enfermedad a un gusto es como que ami por ejemplo me guste el color rojo y tipo venga alguien y me lo critique, hay que respetar los gustos de las demas personas todos somo iguales y tenemos derechos a amar, QUE VIVA LA COMUNIDAD LGBT",Experimento de dos chicos para probar que la homofobia empeora en Rusia,laSexta Noticias,2015-07-19T18:50:09Z,2015,lgtbi
gi7-uWyIYRw,@kenos1458,2021-05-01T15:56:45Z,27,"Creo que homofobia es un termino cursi e incorrecto para esto, es discriminación y está muy mal, ser homosexual no es malo, y creo que esas personas deberían ser aceptadas, lo malo es que actualmente la parte exagerada de la comunidad LGTB con sus cursilerías  está manchando la reputación de esas personas, generando más odio y conflicto, y eso es lamentable 😔.",Experimento de dos chicos para probar que la homofobia empeora en Rusia,laSexta Noticias,2015-07-19T18:50:09Z,2015,lgtbi
gi7-uWyIYRw,@polisramirez1291,2020-11-14T14:22:33Z,21,"Otro dia siendo hetero
😎
👕
👖",Experimento de dos chicos para probar que la homofobia empeora en Rusia,laSexta Noticias,2015-07-19T18:50:09Z,2015,lgtbi
gi7-uWyIYRw,@JuanKy-d7e,2023-04-09T07:27:33Z,3,Rusia Giga Chad,Experimento de dos chicos para probar que la homofobia empeora en Rusia,laSexta Noticias,2015-07-19T18:50:09Z,2015,lgtbi
gi7-uWyIYRw,@juliocesarmolinagarciano6758,2021-05-14T17:03:11Z,25,"Yo estoy de acuerdo en prohibir propaganda homosexual, pero no meterse con su persona, eso sí no es tolerable",Experimento de dos chicos para probar que la homofobia empeora en Rusia,laSexta Noticias,2015-07-19T18:50:09Z,2015,lgtbi
gi7-uWyIYRw,@yuliet461,2020-09-27T08:56:24Z,18,"Ya sabía que iban a llegar los que adoran a rusia solo por un meme, el olor debe ser fuerte

Pero fuera de joda porque le iban a golpear solo por agarrarse la manos? Re exagerado no es la gran cosa ajshsja",Experimento de dos chicos para probar que la homofobia empeora en Rusia,laSexta Noticias,2015-07-19T18:50:09Z,2015,lgtbi
gi7-uWyIYRw,@OldLiquor,2021-01-25T14:38:20Z,26,Aveces quiero vivir en russia,Experimento de dos chicos para probar que la homofobia empeora en Rusia,laSexta Noticias,2015-07-19T18:50:09Z,2015,lgtbi
gi7-uWyIYRw,@andromedo2028,2021-08-10T19:33:37Z,2,Vamonos a rusia,Experimento de dos chicos para probar que la homofobia empeora en Rusia,laSexta Noticias,2015-07-19T18:50:09Z,2015,lgtbi
gi7-uWyIYRw,@wenatula8155,2020-09-11T19:32:43Z,32,Rusia no merece ser primermundista.,Experimento de dos chicos para probar que la homofobia empeora en Rusia,laSexta Noticias,2015-07-19T18:50:09Z,2015,lgtbi
gi7-uWyIYRw,@PziKonnixTV,2020-08-01T19:35:25Z,19,Porque tanto odio a los homosexuales?,Experimento de dos chicos para probar que la homofobia empeora en Rusia,laSexta Noticias,2015-07-19T18:50:09Z,2015,lgtbi
gi7-uWyIYRw,@winstonchurchillposting9315,2021-01-31T03:45:07Z,13,"Las personas deben ser normales, no geis",Experimento de dos chicos para probar que la homofobia empeora en Rusia,laSexta Noticias,2015-07-19T18:50:09Z,2015,lgtbi
gi7-uWyIYRw,@Gojosatoru-ld8eu,2024-07-03T04:01:05Z,9,"APOYO a la comunidad y Soy Dominicana 🇩🇴, Gracias a Dios a qui son pocos los homofobicos, aqui cada quien se apoya a su  manera y deja vivir a cada quien 🛐",Experimento de dos chicos para probar que la homofobia empeora en Rusia,laSexta Noticias,2015-07-19T18:50:09Z,2015,lgtbi
gi7-uWyIYRw,@ozwelle.t2692,2021-03-07T02:21:21Z,11,Pta y yo que hago aqui deberia estar en russia pa apoyar la causa V:,Experimento de dos chicos para probar que la homofobia empeora en Rusia,laSexta Noticias,2015-07-19T18:50:09Z,2015,lgtbi
gi7-uWyIYRw,@gvlon9560,2021-04-13T03:54:52Z,28,"Pues estoy en contra de los homosexuales,  pero tampoco soy del punto de agredirlos 
Respeto sea como sean ellos y se que en su mayoría está en contra pero agredirlos como que no, cada quien puede hacer lo que sea con su vida
Pero tampoco puedes obligar a alguien a qué apoye la homosexualidad, así como también no puedes obligar a alguien que deje de ser homosexual 
Es lo que muchos no entienden
Solo doy una opinión",Experimento de dos chicos para probar que la homofobia empeora en Rusia,laSexta Noticias,2015-07-19T18:50:09Z,2015,lgtbi
gi7-uWyIYRw,@jaeminna5707,2020-09-05T00:24:00Z,27,"Así lo hace la madre rusia 😎🤟🏾unos capos

Mirenme me creo edgy y dank, busco atención 😭 ayuda no tengo papá.",Experimento de dos chicos para probar que la homofobia empeora en Rusia,laSexta Noticias,2015-07-19T18:50:09Z,2015,lgtbi
gi7-uWyIYRw,@mariajesusmartin6380,2021-11-13T18:06:25Z,3,Unos capos,Experimento de dos chicos para probar que la homofobia empeora en Rusia,laSexta Noticias,2015-07-19T18:50:09Z,2015,lgtbi
gi7-uWyIYRw,@europugiles,2021-11-12T22:35:44Z,14,Prefiero que me traten de homofobico que de gay,Experimento de dos chicos para probar que la homofobia empeora en Rusia,laSexta Noticias,2015-07-19T18:50:09Z,2015,lgtbi
gi7-uWyIYRw,@ahskshwksj,2021-01-10T23:39:51Z,26,No importa con quien estes....VIVA EL AMOR!!!,Experimento de dos chicos para probar que la homofobia empeora en Rusia,laSexta Noticias,2015-07-19T18:50:09Z,2015,lgtbi
gi7-uWyIYRw,@MoonLight-dr3uv,2020-09-13T20:39:15Z,10,"Qué onda con los homofobicos  que argumentan usando a Dios? Si tan creyentes son, Dios también dijo "" respetar al prójimo"" en fin pura argumento incoherente.",Experimento de dos chicos para probar que la homofobia empeora en Rusia,laSexta Noticias,2015-07-19T18:50:09Z,2015,lgtbi
gi7-uWyIYRw,@sujailayamin715,2021-05-20T22:15:49Z,0,Xd!!! Este mundo ya está fatal!!!,Experimento de dos chicos para probar que la homofobia empeora en Rusia,laSexta Noticias,2015-07-19T18:50:09Z,2015,lgtbi
gi7-uWyIYRw,@richardgary8194,2020-06-22T18:27:41Z,14,Me encantaría vivir en Rusia...!!!,Experimento de dos chicos para probar que la homofobia empeora en Rusia,laSexta Noticias,2015-07-19T18:50:09Z,2015,lgtbi
gi7-uWyIYRw,@diegosalazar5188,2019-08-25T14:53:48Z,17,Que horrible.  No me imagino en los zapatos de las personas Lgbt en todo el mundo.  De verdad la. Pasan mal.  Venga que amor es amor y no debería de ser relevante la orientación sexual.  Ojalá y dejemos esto atrás. Al final del día todos somos humanos y cuando acaba el juego el rey y el peón van a la misma caja,Experimento de dos chicos para probar que la homofobia empeora en Rusia,laSexta Noticias,2015-07-19T18:50:09Z,2015,lgtbi
gi7-uWyIYRw,@deividstevanrativa3189,2021-03-07T03:40:22Z,18,Que bien hace las cosas este país no deja dañar a la familia tradicional y la biología basica,Experimento de dos chicos para probar que la homofobia empeora en Rusia,laSexta Noticias,2015-07-19T18:50:09Z,2015,lgtbi
gi7-uWyIYRw,@pedroarturovalenzueladiaz9357,2021-09-05T14:49:26Z,0,Ahora hasta nombre le tienen a todo jajajajajajaja,Experimento de dos chicos para probar que la homofobia empeora en Rusia,laSexta Noticias,2015-07-19T18:50:09Z,2015,lgtbi
gi7-uWyIYRw,@oscarocampo9267,2021-04-04T07:00:45Z,10,*La unica gente que esta podrida es la gente que no tiene respeto.*,Experimento de dos chicos para probar que la homofobia empeora en Rusia,laSexta Noticias,2015-07-19T18:50:09Z,2015,lgtbi
gi7-uWyIYRw,@migartstudios3170,2021-01-16T18:45:18Z,10,"Morra de Twitter:si latinoamérica dejara de ser homofobico seríamos primer mundo
Russia: xd",Experimento de dos chicos para probar que la homofobia empeora en Rusia,laSexta Noticias,2015-07-19T18:50:09Z,2015,lgtbi
gi7-uWyIYRw,@eltito7858,2021-01-20T01:06:08Z,14,Así se hace en la madre Rusia 😎,Experimento de dos chicos para probar que la homofobia empeora en Rusia,laSexta Noticias,2015-07-19T18:50:09Z,2015,lgtbi
gi7-uWyIYRw,@briciosalguero1614,2023-02-14T18:13:41Z,0,N o e x i s t e  ELSEXO No tenemos Tiempo Pará Eso!!!!!,Experimento de dos chicos para probar que la homofobia empeora en Rusia,laSexta Noticias,2015-07-19T18:50:09Z,2015,lgtbi
gi7-uWyIYRw,@chair-nu5wd,2020-11-17T22:19:10Z,13,"Eso esta mal, todo en exceso es malo, ejemplo, que los gays se burlen de los heteros y los denigren y todo eso esta mal, pero tambien esta mal que los traten asi, porque bueno, cada quien sus gustos no es cierto",Experimento de dos chicos para probar que la homofobia empeora en Rusia,laSexta Noticias,2015-07-19T18:50:09Z,2015,lgtbi
gi7-uWyIYRw,@anonimo7878,2023-05-13T10:20:23Z,34,Qué bien que Rusia esté avanzando. Me voy a vivir para allá,Experimento de dos chicos para probar que la homofobia empeora en Rusia,laSexta Noticias,2015-07-19T18:50:09Z,2015,lgtbi
gi7-uWyIYRw,@Official_Zealot,2020-11-22T04:21:32Z,12,"1- tengo 15.
2- mis padres son buena gente.
3- la atencion que me brindan mis familiares es la de cualquier familia funcional.
4- tengo amistades, pero me aleje de estas hace tiempo.
5- de pequeño no entendia estos temas, ahora tengo otra percepcion de las cosas.
6- me golpearon cuando hizo falta. Pero eso forjo mi disciplina.
7- no poseo atraccion sexual a nadie de momento.
Conclusion: no racista, de inteligencia promedio, de complexion poco atletica, melancolico, solitario, y de pocas palabras. Si alguien me agrede o me insulta a un nivel que no tolero, levanto los puños. Postura con los LGBT? Neutra, me da igual que se besen, esten tomados de la mano y esas tonterias del amor. Aunque si son agresivos o me fuerzan a ser como ellos, no dudare en hacer que muerdan el polvo.

Soy homofobo? Ustedes son los jueces.",Experimento de dos chicos para probar que la homofobia empeora en Rusia,laSexta Noticias,2015-07-19T18:50:09Z,2015,lgtbi
gi7-uWyIYRw,@biancalopez6411,2023-03-07T16:43:05Z,2,me interesa querer hacer el mismo experimentó,Experimento de dos chicos para probar que la homofobia empeora en Rusia,laSexta Noticias,2015-07-19T18:50:09Z,2015,lgtbi
gi7-uWyIYRw,@shroud713,2020-05-28T00:11:34Z,11,Me encantan los boludos que se hacen los inclusivos y los maduros contra los otros comentarios sin siquiera pensar que lo dicen en chiste,Experimento de dos chicos para probar que la homofobia empeora en Rusia,laSexta Noticias,2015-07-19T18:50:09Z,2015,lgtbi
gi7-uWyIYRw,@Potrosua34,2021-02-21T18:52:49Z,19,Q triste aun siga existiendo gente con mentalidad tan cerrada AMOR LIBRE,Experimento de dos chicos para probar que la homofobia empeora en Rusia,laSexta Noticias,2015-07-19T18:50:09Z,2015,lgtbi
gi7-uWyIYRw,@glsa5482,2020-09-28T02:00:29Z,10,"La verdad es que más allá de los memes, muchas de las medidas de Putín me parecen puras estupideces. (no todas, claro, pero sí varias, incluyendo la de fomentar el disgusto hacia la comunidad LGBTQ+ y las que tienen que ver con la intervención militar).",Experimento de dos chicos para probar que la homofobia empeora en Rusia,laSexta Noticias,2015-07-19T18:50:09Z,2015,lgtbi
gi7-uWyIYRw,@alexelprocr8825,2021-09-11T20:15:48Z,0,que bueno,Experimento de dos chicos para probar que la homofobia empeora en Rusia,laSexta Noticias,2015-07-19T18:50:09Z,2015,lgtbi
gi7-uWyIYRw,@gaelcontreras4068,2020-09-22T03:45:38Z,11,"Siempre salió esa idea ignorante de que Rusia es un país de primer mundo cuando esta por los suelos,si quieren en vdd un ejemplo de país conoscan a Canada donde la libertad existe(siempre y cuando no afectes a otro) y te asegura una cálida de vida,amigos si se ven bien tontos,ya que irónicamente llaman a todo generación de cristal cuando no soportan una opinión que no avale a sus ideas subjetivas y sin fundamento,acaso se debe hacer debate en solamente respetar a alguien con diferente orientación sexual? Obviamente no,se les olvida la parte importante de que todo individuo que toda persona merece ser respetada.",Experimento de dos chicos para probar que la homofobia empeora en Rusia,laSexta Noticias,2015-07-19T18:50:09Z,2015,lgtbi
gi7-uWyIYRw,@luci_dream,2020-09-14T16:37:22Z,16,"Okey respeto sus memes en videos gracioso
Pero esto e sun tema serio y no deben poner ""vIvA lA mAdRE rUzIa"" no da risa, hay gays sufriendo esto de que nadie los respeta en la calle y ustedes con sus chistes",Experimento de dos chicos para probar que la homofobia empeora en Rusia,laSexta Noticias,2015-07-19T18:50:09Z,2015,lgtbi
gi7-uWyIYRw,@josiaschoque408,2021-03-20T01:53:27Z,11,"Todo apoyando esto , que lastima",Experimento de dos chicos para probar que la homofobia empeora en Rusia,laSexta Noticias,2015-07-19T18:50:09Z,2015,lgtbi
gi7-uWyIYRw,@ricardorojassanchezoliver9171,2022-02-23T14:38:04Z,5,"Que hagan esos experimentos sociales en países musulmanes ,",Experimento de dos chicos para probar que la homofobia empeora en Rusia,laSexta Noticias,2015-07-19T18:50:09Z,2015,lgtbi
gi7-uWyIYRw,@jonny7530,2020-06-15T03:43:01Z,15,"Unga unga, viva Rusia, unga unga",Experimento de dos chicos para probar que la homofobia empeora en Rusia,laSexta Noticias,2015-07-19T18:50:09Z,2015,lgtbi
gi7-uWyIYRw,@denissequinzel9311,2020-12-13T22:58:25Z,23,Como que se me antoja agarrar a batasos a todos los que se metan en vida ajena ¿no te pasa lo mismo? Xd,Experimento de dos chicos para probar que la homofobia empeora en Rusia,laSexta Noticias,2015-07-19T18:50:09Z,2015,lgtbi
gi7-uWyIYRw,@lr2258,2021-03-07T21:53:01Z,14,Rusia como siempre demostrando ser el mejor país del mundo asies 😎🤝🔥,Experimento de dos chicos para probar que la homofobia empeora en Rusia,laSexta Noticias,2015-07-19T18:50:09Z,2015,lgtbi
gi7-uWyIYRw,@rockandstone-d3p,2022-03-01T17:21:40Z,0,basados,Experimento de dos chicos para probar que la homofobia empeora en Rusia,laSexta Noticias,2015-07-19T18:50:09Z,2015,lgtbi
gi7-uWyIYRw,@yensatha,2020-11-07T19:33:21Z,17,"_""viva la madre rusia""_


_-Morros color llanta que creen que rusia es primermundista_",Experimento de dos chicos para probar que la homofobia empeora en Rusia,laSexta Noticias,2015-07-19T18:50:09Z,2015,lgtbi
gi7-uWyIYRw,@reyloco6276,2020-07-05T03:18:22Z,12,Así es como se hace en la madre rusia quisiera ir a ese hermoso pais,Experimento de dos chicos para probar que la homofobia empeora en Rusia,laSexta Noticias,2015-07-19T18:50:09Z,2015,lgtbi
gi7-uWyIYRw,@micaelaaldao8379,2021-03-03T07:30:00Z,10,"una falta de autoestima hay en los comentarios recientes, bañensé y con suerte una mujer les va a dar un poco de atención",Experimento de dos chicos para probar que la homofobia empeora en Rusia,laSexta Noticias,2015-07-19T18:50:09Z,2015,lgtbi
gi7-uWyIYRw,@tiagosanchuck8228,2022-10-02T14:56:43Z,0,💯,Experimento de dos chicos para probar que la homofobia empeora en Rusia,laSexta Noticias,2015-07-19T18:50:09Z,2015,lgtbi
gi7-uWyIYRw,@ChagrasBBQ,2020-11-08T06:51:10Z,10,RUSIA! RUSIA! RUSIA!,Experimento de dos chicos para probar que la homofobia empeora en Rusia,laSexta Noticias,2015-07-19T18:50:09Z,2015,lgtbi
gi7-uWyIYRw,@MatTonto,2020-11-22T00:27:09Z,12,Feliz de ser hetero,Experimento de dos chicos para probar que la homofobia empeora en Rusia,laSexta Noticias,2015-07-19T18:50:09Z,2015,lgtbi
gi7-uWyIYRw,@adolfofg,2020-08-27T00:59:40Z,14,"¿Por que tanto mame con los comentarios de ""grande Rusia""? Ósea. Los que comentan eso lo hacen para pretender ser graciosos y ya. En ningún momento insultan a nadie ( cosa que hacen los que los atacan).",Experimento de dos chicos para probar que la homofobia empeora en Rusia,laSexta Noticias,2015-07-19T18:50:09Z,2015,lgtbi
gi7-uWyIYRw,@libia.a,2021-04-03T19:02:42Z,5,:(,Experimento de dos chicos para probar que la homofobia empeora en Rusia,laSexta Noticias,2015-07-19T18:50:09Z,2015,lgtbi
gi7-uWyIYRw,@Catsssst,2021-01-27T18:13:19Z,11,"Insultan a alguien así, yo le defiendo, me caga la gente homofóbica",Experimento de dos chicos para probar que la homofobia empeora en Rusia,laSexta Noticias,2015-07-19T18:50:09Z,2015,lgtbi
gi7-uWyIYRw,@pabloalejandrozayas9547,2021-01-14T21:58:31Z,10,"Creo que cada país tiene sus tradiciones y creencias, deberían respetar en vez de criticar Yankees",Experimento de dos chicos para probar que la homofobia empeora en Rusia,laSexta Noticias,2015-07-19T18:50:09Z,2015,lgtbi
gi7-uWyIYRw,@generalraam439,2020-06-25T00:32:26Z,12,Homofobia? Yo prefiero el término normal 😎✌️,Experimento de dos chicos para probar que la homofobia empeora en Rusia,laSexta Noticias,2015-07-19T18:50:09Z,2015,lgtbi
gi7-uWyIYRw,@eljejejes2130,2021-10-04T14:10:00Z,2,me largo para russia :),Experimento de dos chicos para probar que la homofobia empeora en Rusia,laSexta Noticias,2015-07-19T18:50:09Z,2015,lgtbi
gi7-uWyIYRw,@estebangomez1526,2021-01-14T14:56:35Z,16,Joder viva rusia,Experimento de dos chicos para probar que la homofobia empeora en Rusia,laSexta Noticias,2015-07-19T18:50:09Z,2015,lgtbi
gi7-uWyIYRw,@ellyklayton,2021-03-12T22:34:21Z,19,"Lo único bueno de Rusia es su música, de ahí, todos se pueden ir a la mierda.",Experimento de dos chicos para probar que la homofobia empeora en Rusia,laSexta Noticias,2015-07-19T18:50:09Z,2015,lgtbi
gi7-uWyIYRw,@noahcs598,2021-01-29T18:16:09Z,15,"Es en serio?, Todos los comentarios de pana frescos?, En serio sienten admiración por un pais el cual las personas no respetan tus derechos por el simple hecho de amar, Oh Dios esto es tan desagradable, su mentalidad es tan inmadura que llega hasta el punto de ser patético",Experimento de dos chicos para probar que la homofobia empeora en Rusia,laSexta Noticias,2015-07-19T18:50:09Z,2015,lgtbi
gi7-uWyIYRw,@ericnatera9944,2023-09-10T02:59:47Z,1,Deberian de responderle igual al que los empuja en la calle. Lamentablemente si no se defiende van a seguir igual.,Experimento de dos chicos para probar que la homofobia empeora en Rusia,laSexta Noticias,2015-07-19T18:50:09Z,2015,lgtbi
gi7-uWyIYRw,@laflechadestand9043,2020-11-08T15:37:35Z,12,Esta bien los géneros es solo para las músicas,Experimento de dos chicos para probar que la homofobia empeora en Rusia,laSexta Noticias,2015-07-19T18:50:09Z,2015,lgtbi
gi7-uWyIYRw,@seipos203,2021-04-06T21:30:03Z,11,Grande Rusia 🇷🇺 Pais a seguir 😈👌,Experimento de dos chicos para probar que la homofobia empeora en Rusia,laSexta Noticias,2015-07-19T18:50:09Z,2015,lgtbi
gi7-uWyIYRw,@Alexander-tj2dn,2017-06-19T19:45:20Z,38,Un país atrasado,Experimento de dos chicos para probar que la homofobia empeora en Rusia,laSexta Noticias,2015-07-19T18:50:09Z,2015,lgtbi
gi7-uWyIYRw,@Rebel_ForEverAfter,2021-10-31T23:35:03Z,0,En China también es así vd?,Experimento de dos chicos para probar que la homofobia empeora en Rusia,laSexta Noticias,2015-07-19T18:50:09Z,2015,lgtbi
gi7-uWyIYRw,@elpapu8248,2021-03-22T19:08:59Z,14,"Nadie 
Rusia:🏳️‍🌈🚫








PD: grande Rusia 😎🇷🇺",Experimento de dos chicos para probar que la homofobia empeora en Rusia,laSexta Noticias,2015-07-19T18:50:09Z,2015,lgtbi
gi7-uWyIYRw,@jaqui913,2020-09-14T04:24:15Z,16,"No somos de cristal, solo no toleramos que las personas se metan en vida de todos sin saber todo lo que vivieron y solo juzgar por su orientación sexual, identidad de género (que no es lo mismo que lo anterior) color de piel, entre otras cosas que son ""motivos"" de burla y discriminación, aunque no deberían, es muy tonto eso.
y decir  ""erA bRoMA nO sE oFeNDaN"" no te hace cool, te hace un idiota",Experimento de dos chicos para probar que la homofobia empeora en Rusia,laSexta Noticias,2015-07-19T18:50:09Z,2015,lgtbi
gi7-uWyIYRw,@juank6572,2021-03-25T19:10:23Z,14,🚫LGTB🚫,Experimento de dos chicos para probar que la homofobia empeora en Rusia,laSexta Noticias,2015-07-19T18:50:09Z,2015,lgtbi
gi7-uWyIYRw,@Muffin...,2021-05-04T19:30:45Z,2,Vamo pa Rusia,Experimento de dos chicos para probar que la homofobia empeora en Rusia,laSexta Noticias,2015-07-19T18:50:09Z,2015,lgtbi
gi7-uWyIYRw,@valeriadinicola7519,2021-02-13T22:12:58Z,21,"La homofobia no tiene sentido, ¿En qué les afecta que dos personas del mismo sexo se amén? En absolutamente nada, dejen de ser metidos, si algo no les gusta no lo miren, ¿La madre Rusia? Puros niños que no tienen ningún tipo de conocimiento respecto a él sistema de gobierno ruso, no, no esta bien estar en desacuerdo con la homosexualidad porque no es tu problema, la sexualidad de una persona no la hace diferente a tí, ni necesita tu aprobación para ser válida.

Las páginas de una Biblia no tienen el valor de una vida humana.",Experimento de dos chicos para probar que la homofobia empeora en Rusia,laSexta Noticias,2015-07-19T18:50:09Z,2015,lgtbi
gi7-uWyIYRw,@dajhancco,2021-01-15T14:36:56Z,10,🌈🚫,Experimento de dos chicos para probar que la homofobia empeora en Rusia,laSexta Noticias,2015-07-19T18:50:09Z,2015,lgtbi
gi7-uWyIYRw,@Andrew-ot4uw,2021-01-24T17:40:45Z,14,"Viva!! Arriba Putin, por el apoyo que tiene de la mayoría de los rusos seguirá como líder por mucho tiempo más. ✊✊",Experimento de dos chicos para probar que la homofobia empeora en Rusia,laSexta Noticias,2015-07-19T18:50:09Z,2015,lgtbi
gi7-uWyIYRw,@edsonjairfloreslara7816,2021-04-04T01:59:26Z,2,Esto en inhumano,Experimento de dos chicos para probar que la homofobia empeora en Rusia,laSexta Noticias,2015-07-19T18:50:09Z,2015,lgtbi
gi7-uWyIYRw,@mica6424,2020-08-28T04:25:03Z,13,"Deos odio a los homofobicos, los odio",Experimento de dos chicos para probar que la homofobia empeora en Rusia,laSexta Noticias,2015-07-19T18:50:09Z,2015,lgtbi
gi7-uWyIYRw,@Daniel-po6li,2020-10-06T04:11:50Z,13,"""Grande Rusia"" ""Viva Putin"" ""Así lo hacemos en la madre Rusia""
Humor mi qlo. Lo único que hacen con sus ""chistes"" pedorros es minimizar un problema FUERTE. Si van a hacer humor negro, que al menos de risa",Experimento de dos chicos para probar que la homofobia empeora en Rusia,laSexta Noticias,2015-07-19T18:50:09Z,2015,lgtbi
gi7-uWyIYRw,@zKusito,2020-09-24T08:33:34Z,11,"Y si, dan asco los homofobicos,  amo a los homosexuales 💕",Experimento de dos chicos para probar que la homofobia empeora en Rusia,laSexta Noticias,2015-07-19T18:50:09Z,2015,lgtbi
gi7-uWyIYRw,@elsapatero4873,2021-10-14T15:12:58Z,2,VIVA,Experimento de dos chicos para probar que la homofobia empeora en Rusia,laSexta Noticias,2015-07-19T18:50:09Z,2015,lgtbi
gi7-uWyIYRw,@DavidDa.,2021-11-22T15:02:08Z,15,"Recuerda, realmente tener pareja no te hace feliz, te hace más fuerte",Experimento de dos chicos para probar que la homofobia empeora en Rusia,laSexta Noticias,2015-07-19T18:50:09Z,2015,lgtbi
gi7-uWyIYRw,@juanrivera9366,2021-06-17T02:44:34Z,0,Bien,Experimento de dos chicos para probar que la homofobia empeora en Rusia,laSexta Noticias,2015-07-19T18:50:09Z,2015,lgtbi
gi7-uWyIYRw,@skyward158,2021-04-10T14:45:52Z,0,Así se hace en la madre Rusia 😈🥵👌🏻,Experimento de dos chicos para probar que la homofobia empeora en Rusia,laSexta Noticias,2015-07-19T18:50:09Z,2015,lgtbi
gi7-uWyIYRw,@tacosdeagua7818,2022-06-30T00:28:02Z,1,"Bueno, que se le va a hacer :/",Experimento de dos chicos para probar que la homofobia empeora en Rusia,laSexta Noticias,2015-07-19T18:50:09Z,2015,lgtbi
gi7-uWyIYRw,@Andrxy,2021-05-29T01:03:47Z,2,"Pus nimodo, no hay nada que se pueda hacer, es su cultura y difícilmente la van a cambiar 🤷",Experimento de dos chicos para probar que la homofobia empeora en Rusia,laSexta Noticias,2015-07-19T18:50:09Z,2015,lgtbi
gi7-uWyIYRw,@miguelfx7204,2021-04-15T01:35:50Z,0,Que bueno jaja,Experimento de dos chicos para probar que la homofobia empeora en Rusia,laSexta Noticias,2015-07-19T18:50:09Z,2015,lgtbi
gi7-uWyIYRw,@diegoam3293,2023-02-23T00:56:11Z,3,Mi bien Putin y Rusia👏👏ojalá esto sucediera en todo el globo.,Experimento de dos chicos para probar que la homofobia empeora en Rusia,laSexta Noticias,2015-07-19T18:50:09Z,2015,lgtbi
gi7-uWyIYRw,@bajedepepa5909,2022-04-10T18:17:06Z,5,URRAAAAAAA! 🇷🇺,Experimento de dos chicos para probar que la homofobia empeora en Rusia,laSexta Noticias,2015-07-19T18:50:09Z,2015,lgtbi
gi7-uWyIYRw,@ChobitsLA,2023-02-23T22:47:19Z,3,A pero cuando son 2 mujeres no pasa nada,Experimento de dos chicos para probar que la homofobia empeora en Rusia,laSexta Noticias,2015-07-19T18:50:09Z,2015,lgtbi
gi7-uWyIYRw,@永遠の喜び,2021-04-24T15:53:31Z,0,Grande la madre Rusia carnal,Experimento de dos chicos para probar que la homofobia empeora en Rusia,laSexta Noticias,2015-07-19T18:50:09Z,2015,lgtbi
gi7-uWyIYRw,@eltlaxcalteca2947,2021-03-31T06:23:05Z,0,Si que bueno,Experimento de dos chicos para probar que la homofobia empeora en Rusia,laSexta Noticias,2015-07-19T18:50:09Z,2015,lgtbi
gi7-uWyIYRw,@carlossuarez6246,2024-03-31T18:04:08Z,0,Promo señores😅,Experimento de dos chicos para probar que la homofobia empeora en Rusia,laSexta Noticias,2015-07-19T18:50:09Z,2015,lgtbi
gi7-uWyIYRw,@Λυγτψλεηυς,2021-05-08T13:58:43Z,0,Vaya tela.,Experimento de dos chicos para probar que la homofobia empeora en Rusia,laSexta Noticias,2015-07-19T18:50:09Z,2015,lgtbi
gi7-uWyIYRw,@unrandomnooficial,2022-04-02T14:43:05Z,2,Rusia admin,Experimento de dos chicos para probar que la homofobia empeora en Rusia,laSexta Noticias,2015-07-19T18:50:09Z,2015,lgtbi
gi7-uWyIYRw,@felixyepi,2023-11-03T13:09:04Z,1,"No puedo creer que la gente sea así, ocultar y encadenar la felicidad y libertad de una persona para sus propios beneficios, que mal te veo Rusia....",Experimento de dos chicos para probar que la homofobia empeora en Rusia,laSexta Noticias,2015-07-19T18:50:09Z,2015,lgtbi
gi7-uWyIYRw,@juanalberto8445,2024-01-22T04:37:00Z,5,Homofobia? Eso es Buena educación,Experimento de dos chicos para probar que la homofobia empeora en Rusia,laSexta Noticias,2015-07-19T18:50:09Z,2015,lgtbi
gi7-uWyIYRw,@ald1234561,2021-04-08T00:26:46Z,5,Lo que no enseña RT,Experimento de dos chicos para probar que la homofobia empeora en Rusia,laSexta Noticias,2015-07-19T18:50:09Z,2015,lgtbi
gi7-uWyIYRw,@kittomoon853,2021-09-15T19:48:25Z,4,"Que horror, si un ruso quiere venir a México y casarce conmigo y vivir aquí, llamame. 😓❤",Experimento de dos chicos para probar que la homofobia empeora en Rusia,laSexta Noticias,2015-07-19T18:50:09Z,2015,lgtbi
gi7-uWyIYRw,@diegovelazquez2364,2022-06-10T17:44:23Z,2,gracias Rusia,Experimento de dos chicos para probar que la homofobia empeora en Rusia,laSexta Noticias,2015-07-19T18:50:09Z,2015,lgtbi
gi7-uWyIYRw,@Ellejendariomagico,2024-05-30T19:14:35Z,5,Qué  asco los comentarios,Experimento de dos chicos para probar que la homofobia empeora en Rusia,laSexta Noticias,2015-07-19T18:50:09Z,2015,lgtbi
gi7-uWyIYRw,@senor.b8155,2021-04-13T14:53:16Z,5,El niño sin padres: GRanDe ruSiA🤑😎,Experimento de dos chicos para probar que la homofobia empeora en Rusia,laSexta Noticias,2015-07-19T18:50:09Z,2015,lgtbi
gi7-uWyIYRw,@angelmisterioso9758,2023-06-20T05:19:11Z,0,😮😮😮😮,Experimento de dos chicos para probar que la homofobia empeora en Rusia,laSexta Noticias,2015-07-19T18:50:09Z,2015,lgtbi
gi7-uWyIYRw,@zsgringo,2021-04-07T00:48:59Z,2,Creo que se debería aclarar que la homofobia no existe,Experimento de dos chicos para probar que la homofobia empeora en Rusia,laSexta Noticias,2015-07-19T18:50:09Z,2015,lgtbi
gi7-uWyIYRw,@elimartines5458,2021-05-22T00:42:52Z,3,Grande Rusia,Experimento de dos chicos para probar que la homofobia empeora en Rusia,laSexta Noticias,2015-07-19T18:50:09Z,2015,lgtbi
gi7-uWyIYRw,@arifernandez3138,2021-09-13T21:27:20Z,2,"Y según Putin en su país no se discrimina , lamentable esa situación",Experimento de dos chicos para probar que la homofobia empeora en Rusia,laSexta Noticias,2015-07-19T18:50:09Z,2015,lgtbi
gi7-uWyIYRw,@sizuyatra6683,2021-08-16T14:40:15Z,19,"Me da risa hacer chistes homófobos y lo seguiré haciendo, pero esto es algo REAL e INHUMANO",Experimento de dos chicos para probar que la homofobia empeora en Rusia,laSexta Noticias,2015-07-19T18:50:09Z,2015,lgtbi
gi7-uWyIYRw,@JavierRamirez-hc2xy,2021-04-01T21:44:57Z,2,"Se que me van a funar por esto pero,  mira la fecha que se subió el vídeo era cuando no había tanta conciencia, hace 5 años, y ustedes hablan como si fuera actual",Experimento de dos chicos para probar que la homofobia empeora en Rusia,laSexta Noticias,2015-07-19T18:50:09Z,2015,lgtbi
gi7-uWyIYRw,@ZAYCO-ki6oz,2021-04-24T02:05:38Z,1,En primera no tienen porqué exponerse ante la gente como si ellos fueran Perfectos su preferencia a nadie les debe importar así que el peor error es sentir superior cuando todos tenemos derechos humanos mejor no estar exponiendose como si fueran maravillosos cuando solo ordinarios y comunes,Experimento de dos chicos para probar que la homofobia empeora en Rusia,laSexta Noticias,2015-07-19T18:50:09Z,2015,lgtbi
gi7-uWyIYRw,@carlosjesusbarroso3558,2022-09-29T03:04:33Z,0,nunca serán bienvenidos en un mundo con desendencia,Experimento de dos chicos para probar que la homofobia empeora en Rusia,laSexta Noticias,2015-07-19T18:50:09Z,2015,lgtbi
gi7-uWyIYRw,@eduardomerry8216,2021-04-15T07:55:42Z,5,La neta todos somos libres de hacer lo que queramos 👌,Experimento de dos chicos para probar que la homofobia empeora en Rusia,laSexta Noticias,2015-07-19T18:50:09Z,2015,lgtbi
gi7-uWyIYRw,@CreeperFeo,2021-07-21T18:55:18Z,1,Que bonito es Rusia xd,Experimento de dos chicos para probar que la homofobia empeora en Rusia,laSexta Noticias,2015-07-19T18:50:09Z,2015,lgtbi
gi7-uWyIYRw,@marocean2965,2021-04-04T07:32:14Z,0,Cómo carajo graban?,Experimento de dos chicos para probar que la homofobia empeora en Rusia,laSexta Noticias,2015-07-19T18:50:09Z,2015,lgtbi
gi7-uWyIYRw,@JohnDoe-gp5sd,2021-10-03T21:18:29Z,1,Empeora....o mejora 🤔,Experimento de dos chicos para probar que la homofobia empeora en Rusia,laSexta Noticias,2015-07-19T18:50:09Z,2015,lgtbi
gi7-uWyIYRw,@pianoestandar5341,2021-04-01T03:27:15Z,31,"Los homosexuales no piden que todos opinemos como ellos, piden respeto, y es lo que hace falta...",Experimento de dos chicos para probar que la homofobia empeora en Rusia,laSexta Noticias,2015-07-19T18:50:09Z,2015,lgtbi
gi7-uWyIYRw,@jorged3459,2021-04-06T04:21:16Z,2,Disciplina,Experimento de dos chicos para probar que la homofobia empeora en Rusia,laSexta Noticias,2015-07-19T18:50:09Z,2015,lgtbi
gi7-uWyIYRw,@Shownder99,2021-03-31T02:47:49Z,11,"Es muy triste que estando en pleno siglo XXI aún existe la homofobia, y existe en todo el mundo no sólo en Rusia.
También en México hay aún bastante homofobia y machismo, más machismo que homofobia, pero si lo hay aún.

Yo soy homosexual y he vivido homofobia, pero no me quedé callado y demostré que no tengo miedo, que yo soy así y nada me hará cambiar.

A mí me llevaron a terapias que para ""corregirme"", pero nunca me hicieron cambiar porque cuando estoy tan seguro de algo nadie me hace cambiar.
Igual espero que poco a poco vayan aceptando que hay chicos femeninos también, y no tiene nada de malo en que los hombres nos maquillemos.",Experimento de dos chicos para probar que la homofobia empeora en Rusia,laSexta Noticias,2015-07-19T18:50:09Z,2015,lgtbi
gi7-uWyIYRw,@victorvalladares3336,2021-10-17T13:10:59Z,1,Q bueno  ese pais. Aga eso,Experimento de dos chicos para probar que la homofobia empeora en Rusia,laSexta Noticias,2015-07-19T18:50:09Z,2015,lgtbi
gi7-uWyIYRw,@avaricia369,2023-07-11T16:50:36Z,1,Es demasiado ridiculo el odio hacia parejas del mismo sexo. Es como imponerle que le guste la manzana cuando le gusta la pera.,Experimento de dos chicos para probar que la homofobia empeora en Rusia,laSexta Noticias,2015-07-19T18:50:09Z,2015,lgtbi
gi7-uWyIYRw,@sitesuscribesmesuscriboati845,2022-02-12T05:53:04Z,0,Watafac el camarografo se tiro pocion de invisibilidad o que,Experimento de dos chicos para probar que la homofobia empeora en Rusia,laSexta Noticias,2015-07-19T18:50:09Z,2015,lgtbi
gi7-uWyIYRw,@antoniomercado4495,2022-03-19T17:18:48Z,1,Hombre así se hace en la madre Rusia,Experimento de dos chicos para probar que la homofobia empeora en Rusia,laSexta Noticias,2015-07-19T18:50:09Z,2015,lgtbi
gi7-uWyIYRw,@ricardoavelino7757,2021-07-04T01:13:23Z,1,Q bueno q en Rusia si respeten,Experimento de dos chicos para probar que la homofobia empeora en Rusia,laSexta Noticias,2015-07-19T18:50:09Z,2015,lgtbi
gi7-uWyIYRw,@johnnygod4690,2021-04-25T22:54:45Z,6,Por eso los rusos están muy adelantados a comparación de nosotros,Experimento de dos chicos para probar que la homofobia empeora en Rusia,laSexta Noticias,2015-07-19T18:50:09Z,2015,lgtbi
gi7-uWyIYRw,@TheDicarlo,2021-03-31T16:40:01Z,0,Por que no esperimentán en Arabia Saudita?,Experimento de dos chicos para probar que la homofobia empeora en Rusia,laSexta Noticias,2015-07-19T18:50:09Z,2015,lgtbi
gi7-uWyIYRw,@danielm.6020,2021-04-03T04:27:25Z,1,"No es más que un vídeo provocando la reacción de la gente con lo que socialmente está mal visto en Rusia con la intención de apoyo a la homosexualidad. 

¿Qué pasaría si en España va un hombre mayor con su pareja una menor de edad  ambos vestidos como en otras culturas donde esto si es socialmente aceptado?",Experimento de dos chicos para probar que la homofobia empeora en Rusia,laSexta Noticias,2015-07-19T18:50:09Z,2015,lgtbi
gi7-uWyIYRw,@LuciaMartinez-qp9ib,2021-04-02T01:34:16Z,2,No aceptan el amor y luego quieren avanzar,Experimento de dos chicos para probar que la homofobia empeora en Rusia,laSexta Noticias,2015-07-19T18:50:09Z,2015,lgtbi
gi7-uWyIYRw,@FrancoSt-h1i,2024-03-05T20:41:12Z,0,Ya los mandaron ala guerra?????,Experimento de dos chicos para probar que la homofobia empeora en Rusia,laSexta Noticias,2015-07-19T18:50:09Z,2015,lgtbi
gi7-uWyIYRw,@redmale495,2022-06-16T00:43:45Z,4,Rusia cada dia mejor literalmente,Experimento de dos chicos para probar que la homofobia empeora en Rusia,laSexta Noticias,2015-07-19T18:50:09Z,2015,lgtbi
gi7-uWyIYRw,@JR7noir,2021-07-29T02:34:31Z,0,"""Así lo hacemos en la madre rusia 🤑🤑""",Experimento de dos chicos para probar que la homofobia empeora en Rusia,laSexta Noticias,2015-07-19T18:50:09Z,2015,lgtbi
gi7-uWyIYRw,@brunotechera8068,2021-06-09T02:10:14Z,1,"Porque cada uno no hace su vida y listo, la verdad no entiendo.",Experimento de dos chicos para probar que la homofobia empeora en Rusia,laSexta Noticias,2015-07-19T18:50:09Z,2015,lgtbi
gi7-uWyIYRw,@danielyt1577,2024-12-11T17:50:28Z,2,rusia quiere podar las manzanas malogradas del arbol,Experimento de dos chicos para probar que la homofobia empeora en Rusia,laSexta Noticias,2015-07-19T18:50:09Z,2015,lgtbi
gi7-uWyIYRw,@MontalvobrosproduccionesMX1995,2021-05-06T18:53:58Z,0,Jajajajjaa xD,Experimento de dos chicos para probar que la homofobia empeora en Rusia,laSexta Noticias,2015-07-19T18:50:09Z,2015,lgtbi
gi7-uWyIYRw,@aridubs9053,2021-04-02T00:11:33Z,6,"no estoy deacuerdo con la homosexualidad pero respeto a la gente que lo es :/

(Insultenme si quieren,  esos son mis gustos y así me educarón desde muy pequeña)",Experimento de dos chicos para probar que la homofobia empeora en Rusia,laSexta Noticias,2015-07-19T18:50:09Z,2015,lgtbi
gi7-uWyIYRw,@alejandroarellano5694,2021-06-04T01:22:35Z,0,que diria pancho villa,Experimento de dos chicos para probar que la homofobia empeora en Rusia,laSexta Noticias,2015-07-19T18:50:09Z,2015,lgtbi
gi7-uWyIYRw,@victordiazmendez8741,2021-06-30T23:05:42Z,1,Bien echo Rusia 😎👍,Experimento de dos chicos para probar que la homofobia empeora en Rusia,laSexta Noticias,2015-07-19T18:50:09Z,2015,lgtbi
gi7-uWyIYRw,@JosephEtto,2024-09-14T17:51:13Z,2,Que bonito es Rusia,Experimento de dos chicos para probar que la homofobia empeora en Rusia,laSexta Noticias,2015-07-19T18:50:09Z,2015,lgtbi
gi7-uWyIYRw,@juanobredor3232,2023-01-21T22:22:43Z,2,Le dije a mi mamá sobre este vídeo y ella respondió: bien hecho que les hayan pegado ._.XD,Experimento de dos chicos para probar que la homofobia empeora en Rusia,laSexta Noticias,2015-07-19T18:50:09Z,2015,lgtbi
gi7-uWyIYRw,@danielnwobhm,2024-12-29T17:49:34Z,4,RusiaGOD,Experimento de dos chicos para probar que la homofobia empeora en Rusia,laSexta Noticias,2015-07-19T18:50:09Z,2015,lgtbi
gi7-uWyIYRw,@rieddopi1624,2021-04-07T08:00:43Z,0,Esa bien lo que base la gente,Experimento de dos chicos para probar que la homofobia empeora en Rusia,laSexta Noticias,2015-07-19T18:50:09Z,2015,lgtbi
gi7-uWyIYRw,@edvineduardoescalantehiler2757,2021-04-24T14:19:59Z,4,Jajaja grande Rusia <3,Experimento de dos chicos para probar que la homofobia empeora en Rusia,laSexta Noticias,2015-07-19T18:50:09Z,2015,lgtbi
gi7-uWyIYRw,@mapachezaurio6347,2021-05-15T17:22:46Z,1,RUSSIIA CON LA CABEZAA EN ALTOOO QUIERO QUE BLADIMIR SE MI PRESIDENTEEE,Experimento de dos chicos para probar que la homofobia empeora en Rusia,laSexta Noticias,2015-07-19T18:50:09Z,2015,lgtbi
gi7-uWyIYRw,@gamerrdr2110,2021-10-06T19:53:32Z,0,Me voy a vivir a Rusia,Experimento de dos chicos para probar que la homofobia empeora en Rusia,laSexta Noticias,2015-07-19T18:50:09Z,2015,lgtbi
gi7-uWyIYRw,@user-wn5wv5rx7m,2021-04-09T22:42:40Z,5,Joder amo Rusia,Experimento de dos chicos para probar que la homofobia empeora en Rusia,laSexta Noticias,2015-07-19T18:50:09Z,2015,lgtbi
gi7-uWyIYRw,@leilynfarlier4467,2021-04-06T18:23:52Z,1,Hay un poco de actuación en su experimento,Experimento de dos chicos para probar que la homofobia empeora en Rusia,laSexta Noticias,2015-07-19T18:50:09Z,2015,lgtbi
gi7-uWyIYRw,@anormalpersona5132,2021-06-29T17:41:08Z,2,Los de Rusia son mis ídolos,Experimento de dos chicos para probar que la homofobia empeora en Rusia,laSexta Noticias,2015-07-19T18:50:09Z,2015,lgtbi
gi7-uWyIYRw,@brunotechera8068,2021-06-09T02:09:22Z,1,Este mundo no cambia mas? 🙄🙄,Experimento de dos chicos para probar que la homofobia empeora en Rusia,laSexta Noticias,2015-07-19T18:50:09Z,2015,lgtbi
gi7-uWyIYRw,@akush_88,2023-06-29T16:18:30Z,0,"Bueno,durante la época de la URSS se perseguía a los homosexuales,muchas personas están con esas ideas",Experimento de dos chicos para probar que la homofobia empeora en Rusia,laSexta Noticias,2015-07-19T18:50:09Z,2015,lgtbi
gi7-uWyIYRw,@diegokilstein9268,2022-01-28T01:44:22Z,3,"quien es un tipo para meterse con la sexualidad de miles de personas?, en que perjudica y porque le importa tanto para su gobierno?",Experimento de dos chicos para probar que la homofobia empeora en Rusia,laSexta Noticias,2015-07-19T18:50:09Z,2015,lgtbi
gi7-uWyIYRw,@Migueleby,2021-08-29T21:43:39Z,1,ASÍ LO HACEMOS EN LA MADRE RUSIA,Experimento de dos chicos para probar que la homofobia empeora en Rusia,laSexta Noticias,2015-07-19T18:50:09Z,2015,lgtbi
gi7-uWyIYRw,@mahecha2809,2021-05-05T01:52:10Z,3,Estoy que me mudo a Rusia 😀🤟,Experimento de dos chicos para probar que la homofobia empeora en Rusia,laSexta Noticias,2015-07-19T18:50:09Z,2015,lgtbi
gi7-uWyIYRw,@Frapos123,2024-06-16T17:03:09Z,0,Voy a Rusia,Experimento de dos chicos para probar que la homofobia empeora en Rusia,laSexta Noticias,2015-07-19T18:50:09Z,2015,lgtbi
gi7-uWyIYRw,@carlosbarqro,2021-04-09T14:07:09Z,2,"Pues.. Putin está en contra de los geis,que esperas? Xd",Experimento de dos chicos para probar que la homofobia empeora en Rusia,laSexta Noticias,2015-07-19T18:50:09Z,2015,lgtbi
gi7-uWyIYRw,@c.phoenix8830,2021-12-04T04:40:14Z,0,Solo son calenturientos jaja,Experimento de dos chicos para probar que la homofobia empeora en Rusia,laSexta Noticias,2015-07-19T18:50:09Z,2015,lgtbi
gi7-uWyIYRw,@sandia2187,2021-06-25T10:12:40Z,1,Me gustaría ir a Russia,Experimento de dos chicos para probar que la homofobia empeora en Rusia,laSexta Noticias,2015-07-19T18:50:09Z,2015,lgtbi
gi7-uWyIYRw,@davidlepe3437,2021-04-28T13:19:11Z,2,"Que se vayan a estados unidos,y vivan su hakuna matata!",Experimento de dos chicos para probar que la homofobia empeora en Rusia,laSexta Noticias,2015-07-19T18:50:09Z,2015,lgtbi
gi7-uWyIYRw,@jonathanlucero3668,2022-04-15T01:43:12Z,8,Jaja que lindo que en Rusia no ahy feminazis jajajaja no duran ni 2 segundos 🤣🤣🤣,Experimento de dos chicos para probar que la homofobia empeora en Rusia,laSexta Noticias,2015-07-19T18:50:09Z,2015,lgtbi
gi7-uWyIYRw,@alexisesau108,2021-05-25T16:51:33Z,1,Agan lo en Irán ese experimento,Experimento de dos chicos para probar que la homofobia empeora en Rusia,laSexta Noticias,2015-07-19T18:50:09Z,2015,lgtbi
gi7-uWyIYRw,@galladevoirblue,2022-02-25T18:06:28Z,0,jajajajajaja,Experimento de dos chicos para probar que la homofobia empeora en Rusia,laSexta Noticias,2015-07-19T18:50:09Z,2015,lgtbi
gi7-uWyIYRw,@waltercantero6960,2021-08-27T11:56:49Z,0,Más armado no podría estár ajajaja,Experimento de dos chicos para probar que la homofobia empeora en Rusia,laSexta Noticias,2015-07-19T18:50:09Z,2015,lgtbi
gi7-uWyIYRw,@sad-deppo4500,2021-05-05T04:02:02Z,1,Xd,Experimento de dos chicos para probar que la homofobia empeora en Rusia,laSexta Noticias,2015-07-19T18:50:09Z,2015,lgtbi
gi7-uWyIYRw,@the_youee,2021-04-28T18:53:45Z,5,Soy normal,Experimento de dos chicos para probar que la homofobia empeora en Rusia,laSexta Noticias,2015-07-19T18:50:09Z,2015,lgtbi
gi7-uWyIYRw,@theobamium2431,2021-04-29T21:50:09Z,5,"Tipiños: *Caminado de la mano*
Un tipo random: COMPERMISOOOO",Experimento de dos chicos para probar que la homofobia empeora en Rusia,laSexta Noticias,2015-07-19T18:50:09Z,2015,lgtbi
gi7-uWyIYRw,@alvaromarban744,2022-08-06T21:52:22Z,7,La homofobia no tiene cabida en ningún tipo de sociedad. El odio es lo que es realmente enfermo.,Experimento de dos chicos para probar que la homofobia empeora en Rusia,laSexta Noticias,2015-07-19T18:50:09Z,2015,lgtbi
gi7-uWyIYRw,@jesusperezcaballero707,2021-05-31T15:15:12Z,0,LA EDUCACION UNIVERSAL,Experimento de dos chicos para probar que la homofobia empeora en Rusia,laSexta Noticias,2015-07-19T18:50:09Z,2015,lgtbi
gi7-uWyIYRw,@User-i9k2g,2022-08-02T02:00:29Z,0,"Nadie:
El Yuto que salio del basurero:
aZi Lo AcEmOz En La MaDrE rUzIa 😎☭💪🧐",Experimento de dos chicos para probar que la homofobia empeora en Rusia,laSexta Noticias,2015-07-19T18:50:09Z,2015,lgtbi
gi7-uWyIYRw,@AlexDieter-yw9if,2023-10-08T18:59:17Z,0,Que buen país,Experimento de dos chicos para probar que la homofobia empeora en Rusia,laSexta Noticias,2015-07-19T18:50:09Z,2015,lgtbi
gi7-uWyIYRw,@marcsam5348,2021-05-02T15:51:40Z,1,"La otra lectura es que si no sales públicamente del armario nadie te reconoce tampoco... Hay xenofobia en Europa y en Estados Unidos igual que en Rusia, hablar de conocimiento y no de tolerancia.",Experimento de dos chicos para probar que la homofobia empeora en Rusia,laSexta Noticias,2015-07-19T18:50:09Z,2015,lgtbi
gi7-uWyIYRw,@yeyethor,2022-10-24T02:01:44Z,1,"Bravo Rusia,   Bravo",Experimento de dos chicos para probar que la homofobia empeora en Rusia,laSexta Noticias,2015-07-19T18:50:09Z,2015,lgtbi
gi7-uWyIYRw,@ce0018,2021-04-24T19:38:20Z,0,Pipipipi,Experimento de dos chicos para probar que la homofobia empeora en Rusia,laSexta Noticias,2015-07-19T18:50:09Z,2015,lgtbi
gi7-uWyIYRw,@tania8104,2021-05-21T04:11:58Z,2,Épico Rusia,Experimento de dos chicos para probar que la homofobia empeora en Rusia,laSexta Noticias,2015-07-19T18:50:09Z,2015,lgtbi
gi7-uWyIYRw,@Al50BMG,2022-12-23T08:13:19Z,4,"Grande Rusia, así debería ser todo mundo 😎🤙",Experimento de dos chicos para probar que la homofobia empeora en Rusia,laSexta Noticias,2015-07-19T18:50:09Z,2015,lgtbi
gi7-uWyIYRw,@gabrielrojas2781,2025-01-19T08:43:13Z,3,"Bien, como debe de ser",Experimento de dos chicos para probar que la homofobia empeora en Rusia,laSexta Noticias,2015-07-19T18:50:09Z,2015,lgtbi
gi7-uWyIYRw,@ceciman662,2024-11-20T10:03:44Z,0,🐞🐞,Experimento de dos chicos para probar que la homofobia empeora en Rusia,laSexta Noticias,2015-07-19T18:50:09Z,2015,lgtbi
gi7-uWyIYRw,@holacmstas,2021-04-11T22:27:35Z,0,Yo haría lo mismo dc,Experimento de dos chicos para probar que la homofobia empeora en Rusia,laSexta Noticias,2015-07-19T18:50:09Z,2015,lgtbi
gi7-uWyIYRw,@mateostrasso6149,2021-09-20T00:22:20Z,4,Ta lindo Rusia 😎,Experimento de dos chicos para probar que la homofobia empeora en Rusia,laSexta Noticias,2015-07-19T18:50:09Z,2015,lgtbi
gi7-uWyIYRw,@MarkFlecher-z8e,2025-02-26T01:25:03Z,1,Si es así imagínense como es en la era Soviética todo el pueblo aceptaba las leyes del Kremlin Soviético y más duro les fue su vida durante el gobierno de Stalin.,Experimento de dos chicos para probar que la homofobia empeora en Rusia,laSexta Noticias,2015-07-19T18:50:09Z,2015,lgtbi
gi7-uWyIYRw,@Berto-t6z,2024-06-26T06:20:01Z,0,Pues normal,Experimento de dos chicos para probar que la homofobia empeora en Rusia,laSexta Noticias,2015-07-19T18:50:09Z,2015,lgtbi
gi7-uWyIYRw,@gokujiren736,2022-03-18T17:39:16Z,1,Putin:😎🇷🇺,Experimento de dos chicos para probar que la homofobia empeora en Rusia,laSexta Noticias,2015-07-19T18:50:09Z,2015,lgtbi
gi7-uWyIYRw,@imonlysleeping4154,2021-04-03T09:40:52Z,12,"Recuerdo cuando yo hacía ""chistes"" acerca de este tipo de temas,sinceramente ahora quiero patear a mi yo del pasado por pensar y decir esas idioteces...",Experimento de dos chicos para probar que la homofobia empeora en Rusia,laSexta Noticias,2015-07-19T18:50:09Z,2015,lgtbi
gi7-uWyIYRw,@aleister_TV,2021-04-04T19:20:47Z,1,Rusia basado,Experimento de dos chicos para probar que la homofobia empeora en Rusia,laSexta Noticias,2015-07-19T18:50:09Z,2015,lgtbi
gi7-uWyIYRw,@Estepata,2023-03-19T09:34:07Z,39,Que ganas de aprender ruso y estar en las calles de un hermoso país,Experimento de dos chicos para probar que la homofobia empeora en Rusia,laSexta Noticias,2015-07-19T18:50:09Z,2015,lgtbi
gi7-uWyIYRw,@mrbill8270,2021-04-22T18:20:26Z,0,Creo que yo haría lo mismo,Experimento de dos chicos para probar que la homofobia empeora en Rusia,laSexta Noticias,2015-07-19T18:50:09Z,2015,lgtbi
gi7-uWyIYRw,@distorsion1989,2021-04-20T21:17:43Z,0,al parecer siguen conservando algunas practicas de la antigua Unión Soviética,Experimento de dos chicos para probar que la homofobia empeora en Rusia,laSexta Noticias,2015-07-19T18:50:09Z,2015,lgtbi
gi7-uWyIYRw,@jeanpierre5855,2022-04-16T04:14:52Z,4,"Grande Rusia🇷🇺




 ( me valen sus opiniones igual que ustedes )",Experimento de dos chicos para probar que la homofobia empeora en Rusia,laSexta Noticias,2015-07-19T18:50:09Z,2015,lgtbi
gi7-uWyIYRw,@robincejas8637,2021-12-02T18:05:43Z,1,Ej mira si llevas a tu hermano de la mano porque es ciego y viene uno y empuja a tu hermano ciego.que tenes q hacer?llenarle el craneo d plomo,Experimento de dos chicos para probar que la homofobia empeora en Rusia,laSexta Noticias,2015-07-19T18:50:09Z,2015,lgtbi
gi7-uWyIYRw,@JoseMoreno-ep1lp,2022-05-10T15:54:19Z,1,pues es normal no se que esperan,Experimento de dos chicos para probar que la homofobia empeora en Rusia,laSexta Noticias,2015-07-19T18:50:09Z,2015,lgtbi
gi7-uWyIYRw,@alexismelara3160,2021-03-31T02:02:17Z,1,En todos lo comentarios se termina en pelea jaja,Experimento de dos chicos para probar que la homofobia empeora en Rusia,laSexta Noticias,2015-07-19T18:50:09Z,2015,lgtbi
gi7-uWyIYRw,@gamespro1334,2022-07-05T00:24:07Z,8,"Rusia es un país muy basado, es tan basado que algunas personas lo odian por ser tan basado",Experimento de dos chicos para probar que la homofobia empeora en Rusia,laSexta Noticias,2015-07-19T18:50:09Z,2015,lgtbi
gi7-uWyIYRw,@dragi8892,2021-12-14T15:45:44Z,1,Xddd,Experimento de dos chicos para probar que la homofobia empeora en Rusia,laSexta Noticias,2015-07-19T18:50:09Z,2015,lgtbi
gi7-uWyIYRw,@juanmacastrn,2022-08-12T14:54:37Z,0,Me gustaría ver ese video en las muy   conservadoras comunidades sureñas de los Estados Unidos. Lea aseguro que no reaccionarian de manera distinta.,Experimento de dos chicos para probar que la homofobia empeora en Rusia,laSexta Noticias,2015-07-19T18:50:09Z,2015,lgtbi
gi7-uWyIYRw,@podemosloko9,2021-04-19T16:40:06Z,0,🤓😎😎,Experimento de dos chicos para probar que la homofobia empeora en Rusia,laSexta Noticias,2015-07-19T18:50:09Z,2015,lgtbi
gi7-uWyIYRw,@kaleff9476,2021-11-15T16:13:03Z,2,ta bien rusia,Experimento de dos chicos para probar que la homofobia empeora en Rusia,laSexta Noticias,2015-07-19T18:50:09Z,2015,lgtbi
gi7-uWyIYRw,@xx-rg1qg,2021-04-10T04:23:06Z,0,XD,Experimento de dos chicos para probar que la homofobia empeora en Rusia,laSexta Noticias,2015-07-19T18:50:09Z,2015,lgtbi
gi7-uWyIYRw,@FernandoGarcia-jp3lp,2021-04-11T04:51:18Z,1,"Si están ahí peeeero,el gobierno ruso prohíbe el uso de PROPAGANDA de tipo lgbt.....
No sé cuantas mas letras pero está prohibido allá",Experimento de dos chicos para probar que la homofobia empeora en Rusia,laSexta Noticias,2015-07-19T18:50:09Z,2015,lgtbi
gi7-uWyIYRw,@sergereviksxd1209,2022-03-05T22:34:42Z,0,XD,Experimento de dos chicos para probar que la homofobia empeora en Rusia,laSexta Noticias,2015-07-19T18:50:09Z,2015,lgtbi
gi7-uWyIYRw,@eok2220,2021-04-10T18:04:16Z,10,Agradecido de haber nacido con la configuración que me dió mi madre: *NORMAL*,Experimento de dos chicos para probar que la homofobia empeora en Rusia,laSexta Noticias,2015-07-19T18:50:09Z,2015,lgtbi
gi7-uWyIYRw,@eljotanan6330,2021-04-13T01:58:01Z,0,xd,Experimento de dos chicos para probar que la homofobia empeora en Rusia,laSexta Noticias,2015-07-19T18:50:09Z,2015,lgtbi
gi7-uWyIYRw,@espartano5670,2021-05-08T22:29:46Z,7,🇷🇺💓,Experimento de dos chicos para probar que la homofobia empeora en Rusia,laSexta Noticias,2015-07-19T18:50:09Z,2015,lgtbi
gi7-uWyIYRw,@JorgeLuisAnayaMartinez-yn6lh,2024-04-18T19:04:26Z,0,😂😂😂😂,Experimento de dos chicos para probar que la homofobia empeora en Rusia,laSexta Noticias,2015-07-19T18:50:09Z,2015,lgtbi
gi7-uWyIYRw,@elsapatero4873,2021-10-14T15:13:38Z,2,LA HOMOFOBIA,Experimento de dos chicos para probar que la homofobia empeora en Rusia,laSexta Noticias,2015-07-19T18:50:09Z,2015,lgtbi
gi7-uWyIYRw,@techockatechocka1538,2021-06-06T09:40:51Z,0,Por que hacen estos videos,Experimento de dos chicos para probar que la homofobia empeora en Rusia,laSexta Noticias,2015-07-19T18:50:09Z,2015,lgtbi
gi7-uWyIYRw,@VicenteSamaniego-bp6rf,2024-12-12T16:41:06Z,1,Para q sepas q hay gente mala en el mundo,Experimento de dos chicos para probar que la homofobia empeora en Rusia,laSexta Noticias,2015-07-19T18:50:09Z,2015,lgtbi
gi7-uWyIYRw,@snoopy264ct,2021-07-14T20:02:32Z,0,😂😂😂😂,Experimento de dos chicos para probar que la homofobia empeora en Rusia,laSexta Noticias,2015-07-19T18:50:09Z,2015,lgtbi
gi7-uWyIYRw,@reverseflash8678,2021-10-12T12:34:38Z,2,Rusia es un gran país pero como todo en el mundo tiene sus defectos,Experimento de dos chicos para probar que la homofobia empeora en Rusia,laSexta Noticias,2015-07-19T18:50:09Z,2015,lgtbi
gi7-uWyIYRw,@YoruSempai7u7,2021-12-26T01:40:02Z,0,*Le arresta la policía de rusia*,Experimento de dos chicos para probar que la homofobia empeora en Rusia,laSexta Noticias,2015-07-19T18:50:09Z,2015,lgtbi
gi7-uWyIYRw,@BRUH-ii7dy,2022-10-09T18:50:55Z,0,XD,Experimento de dos chicos para probar que la homofobia empeora en Rusia,laSexta Noticias,2015-07-19T18:50:09Z,2015,lgtbi
gi7-uWyIYRw,@produccioneshispanistas4382,2022-08-09T18:06:22Z,1,💪🏼🇷🇺,Experimento de dos chicos para probar que la homofobia empeora en Rusia,laSexta Noticias,2015-07-19T18:50:09Z,2015,lgtbi
gi7-uWyIYRw,@canoperezmiltonraul7449,2021-04-26T19:04:15Z,0,Rusia está mejorando que bien se siente,Experimento de dos chicos para probar que la homofobia empeora en Rusia,laSexta Noticias,2015-07-19T18:50:09Z,2015,lgtbi
gi7-uWyIYRw,@machaox5,2022-12-12T03:53:04Z,2,algo de weno tuvo que tener rusia al fin,Experimento de dos chicos para probar que la homofobia empeora en Rusia,laSexta Noticias,2015-07-19T18:50:09Z,2015,lgtbi
gi7-uWyIYRw,@alexxx5461,2021-04-12T01:39:33Z,1,Menos mal que me voy a morir,Experimento de dos chicos para probar que la homofobia empeora en Rusia,laSexta Noticias,2015-07-19T18:50:09Z,2015,lgtbi
gi7-uWyIYRw,@raymondcampusano2991,2024-07-17T14:11:04Z,2,Y así hablan de generación de cristal.,Experimento de dos chicos para probar que la homofobia empeora en Rusia,laSexta Noticias,2015-07-19T18:50:09Z,2015,lgtbi
gi7-uWyIYRw,@mrTeddyi94,2021-12-02T20:45:54Z,5,Basados,Experimento de dos chicos para probar que la homofobia empeora en Rusia,laSexta Noticias,2015-07-19T18:50:09Z,2015,lgtbi
gi7-uWyIYRw,@robertorafaelabasoloolmos9090,2024-07-02T07:59:24Z,0,En Rusia no están trastornados,Experimento de dos chicos para probar que la homofobia empeora en Rusia,laSexta Noticias,2015-07-19T18:50:09Z,2015,lgtbi
gi7-uWyIYRw,@vovka8676,2021-08-10T04:34:24Z,0,JAJAJA,Experimento de dos chicos para probar que la homofobia empeora en Rusia,laSexta Noticias,2015-07-19T18:50:09Z,2015,lgtbi
gi7-uWyIYRw,@joaquinvazquez8101,2022-06-06T17:30:18Z,2,Que grande rusia,Experimento de dos chicos para probar que la homofobia empeora en Rusia,laSexta Noticias,2015-07-19T18:50:09Z,2015,lgtbi
gi7-uWyIYRw,@oscareduardofuentestomas3824,2021-10-15T00:22:11Z,0,quisiera vivir en rusia :(,Experimento de dos chicos para probar que la homofobia empeora en Rusia,laSexta Noticias,2015-07-19T18:50:09Z,2015,lgtbi
gi7-uWyIYRw,@gabrielaaguerozapata8477,2021-04-05T13:50:42Z,10,No exijan que la sociedad cambien. Hay que cuidar la moral,Experimento de dos chicos para probar que la homofobia empeora en Rusia,laSexta Noticias,2015-07-19T18:50:09Z,2015,lgtbi
gi7-uWyIYRw,@comandantedientes602,2021-05-14T19:39:59Z,2,Bien por los rusos,Experimento de dos chicos para probar que la homofobia empeora en Rusia,laSexta Noticias,2015-07-19T18:50:09Z,2015,lgtbi
gi7-uWyIYRw,@lanixlaskml6559,2021-05-29T20:27:55Z,0,Como se lo explicas a un niño pequeño?,Experimento de dos chicos para probar que la homofobia empeora en Rusia,laSexta Noticias,2015-07-19T18:50:09Z,2015,lgtbi
gi7-uWyIYRw,@elvertukulion,2024-03-04T21:36:32Z,1,"Y  EN RUSIA..... REALMENTE CUÁNTA GENTE  HOMOSEXUAL HABRÁ....????
SALUDOS BLADIMIR...😘",Experimento de dos chicos para probar que la homofobia empeora en Rusia,laSexta Noticias,2015-07-19T18:50:09Z,2015,lgtbi
gi7-uWyIYRw,@andresyt6896,2021-12-26T00:48:31Z,1,Viva Rusia 🇷🇺 👏🏼👏🏼👏🏼,Experimento de dos chicos para probar que la homofobia empeora en Rusia,laSexta Noticias,2015-07-19T18:50:09Z,2015,lgtbi
gi7-uWyIYRw,@carlosalfaro2580,2021-11-23T04:00:02Z,2,Bravooo Rusiaaaaaaa,Experimento de dos chicos para probar que la homofobia empeora en Rusia,laSexta Noticias,2015-07-19T18:50:09Z,2015,lgtbi
gi7-uWyIYRw,@kopogkapamela4319,2021-06-09T07:33:11Z,1,Cero tolerancia homosexual....🤬😈👺👺😈😈😈,Experimento de dos chicos para probar que la homofobia empeora en Rusia,laSexta Noticias,2015-07-19T18:50:09Z,2015,lgtbi
gi7-uWyIYRw,@Adoshaka64,2021-05-19T02:18:20Z,2,Deberia de existir dicha ley en todo los paises y deberia haber mas Lideres como Putin.,Experimento de dos chicos para probar que la homofobia empeora en Rusia,laSexta Noticias,2015-07-19T18:50:09Z,2015,lgtbi
gi7-uWyIYRw,@undianormalenalgunlugar2139,2021-05-07T13:47:56Z,0,Démenos no son racistas solo homofobicos,Experimento de dos chicos para probar que la homofobia empeora en Rusia,laSexta Noticias,2015-07-19T18:50:09Z,2015,lgtbi
gi7-uWyIYRw,@The_Real_Lord_of_Hunger,2023-04-23T23:43:21Z,6,Procedo a mudarme a rusia estimados 👽🍷,Experimento de dos chicos para probar que la homofobia empeora en Rusia,laSexta Noticias,2015-07-19T18:50:09Z,2015,lgtbi
gi7-uWyIYRw,@kk-jo7zm,2022-06-28T22:43:48Z,2,"Este video existe:
Niños fifa de 10 años: Rusia el mejor país 🤑🥵😈",Experimento de dos chicos para probar que la homofobia empeora en Rusia,laSexta Noticias,2015-07-19T18:50:09Z,2015,lgtbi
gi7-uWyIYRw,@juanrafaeleliashurtado2895,2023-05-23T05:37:46Z,2,👿😈,Experimento de dos chicos para probar que la homofobia empeora en Rusia,laSexta Noticias,2015-07-19T18:50:09Z,2015,lgtbi
gi7-uWyIYRw,@octaviozenteno1762,2021-05-04T15:46:03Z,2,"Dos blogueros heterosexuales? Mmm, tengo mis dudas ya que yo ni por todo lo que me ofrezcan iría de la mano con un amigo...ni mi mejor amigo...algo pasa cuando le tomas la mano a una chica...aquí también....o no? Aunque sea humor.",Experimento de dos chicos para probar que la homofobia empeora en Rusia,laSexta Noticias,2015-07-19T18:50:09Z,2015,lgtbi
gi7-uWyIYRw,@ricardo_abb,2021-05-12T05:50:22Z,1,Y yo creyendo que los latinos eramos homofobos,Experimento de dos chicos para probar que la homofobia empeora en Rusia,laSexta Noticias,2015-07-19T18:50:09Z,2015,lgtbi
gi7-uWyIYRw,@pablodelosbadyardigans7135,2021-05-24T01:32:51Z,4,Bravo putin grande como me gustaría que todos los paises sean asi,Experimento de dos chicos para probar que la homofobia empeora en Rusia,laSexta Noticias,2015-07-19T18:50:09Z,2015,lgtbi
gi7-uWyIYRw,@italofuertesrevilla9683,2021-04-08T22:25:00Z,1,No en la madrrrre patrrria,Experimento de dos chicos para probar que la homofobia empeora en Rusia,laSexta Noticias,2015-07-19T18:50:09Z,2015,lgtbi
gi7-uWyIYRw,@Revolved_sama,2022-05-30T01:59:30Z,1,Pato,Experimento de dos chicos para probar que la homofobia empeora en Rusia,laSexta Noticias,2015-07-19T18:50:09Z,2015,lgtbi
gi7-uWyIYRw,@davidlepe3437,2021-04-28T13:20:22Z,0,Es.mejor que no den tregua pues todo se vuelve un caos.fin del comunicado,Experimento de dos chicos para probar que la homofobia empeora en Rusia,laSexta Noticias,2015-07-19T18:50:09Z,2015,lgtbi
gi7-uWyIYRw,@josueeliashernandezz5449,2021-06-29T21:49:06Z,0,Esto es rusia Hijos mios!!!!,Experimento de dos chicos para probar que la homofobia empeora en Rusia,laSexta Noticias,2015-07-19T18:50:09Z,2015,lgtbi
gi7-uWyIYRw,@axellopez5610,2022-02-14T08:41:26Z,2,EXELENTE !!!,Experimento de dos chicos para probar que la homofobia empeora en Rusia,laSexta Noticias,2015-07-19T18:50:09Z,2015,lgtbi
gi7-uWyIYRw,@christianlanoire7541,2021-05-13T15:12:55Z,3,Me encanta Rusia.,Experimento de dos chicos para probar que la homofobia empeora en Rusia,laSexta Noticias,2015-07-19T18:50:09Z,2015,lgtbi
gi7-uWyIYRw,@ramiromedianero5305,2021-11-22T22:51:47Z,0,JAJAJAJAJAJAJ,Experimento de dos chicos para probar que la homofobia empeora en Rusia,laSexta Noticias,2015-07-19T18:50:09Z,2015,lgtbi
gi7-uWyIYRw,@tumtumcito,2024-05-31T18:49:53Z,0,😂😂,Experimento de dos chicos para probar que la homofobia empeora en Rusia,laSexta Noticias,2015-07-19T18:50:09Z,2015,lgtbi
gi7-uWyIYRw,@lazarinienrique4815,2021-06-15T20:07:40Z,8,joder que orgulloso me sentiría de mi hijo si fuera uno de los agresores,Experimento de dos chicos para probar que la homofobia empeora en Rusia,laSexta Noticias,2015-07-19T18:50:09Z,2015,lgtbi
gi7-uWyIYRw,@ghostfacealtieri,2021-12-23T04:03:41Z,1,Me mudo a Rusia banda 😎,Experimento de dos chicos para probar que la homofobia empeora en Rusia,laSexta Noticias,2015-07-19T18:50:09Z,2015,lgtbi
gi7-uWyIYRw,@ramironoriega8266,2023-06-30T12:40:24Z,3,Que lindo país ❤❤❤,Experimento de dos chicos para probar que la homofobia empeora en Rusia,laSexta Noticias,2015-07-19T18:50:09Z,2015,lgtbi
gi7-uWyIYRw,@walkersya2654,2021-04-22T06:12:28Z,0,que bueno que los tratan asi,Experimento de dos chicos para probar que la homofobia empeora en Rusia,laSexta Noticias,2015-07-19T18:50:09Z,2015,lgtbi
gi7-uWyIYRw,@Mrbolainas27371,2022-02-09T22:36:14Z,2,Puedes odiar a los gays pero mejor guardarlo y no molestarlos como hago yo,Experimento de dos chicos para probar que la homofobia empeora en Rusia,laSexta Noticias,2015-07-19T18:50:09Z,2015,lgtbi
gi7-uWyIYRw,@FurryGenericLover,2021-12-22T14:54:02Z,4,Rusia tiene mis respetos,Experimento de dos chicos para probar que la homofobia empeora en Rusia,laSexta Noticias,2015-07-19T18:50:09Z,2015,lgtbi
gi7-uWyIYRw,@rben_s,2021-12-12T03:48:49Z,1,Por eso voy a vivir en rusi,Experimento de dos chicos para probar que la homofobia empeora en Rusia,laSexta Noticias,2015-07-19T18:50:09Z,2015,lgtbi
gi7-uWyIYRw,@maritzasolorzano2060,2021-04-28T03:06:18Z,1,a ellos se lestiene que hablar la palabra de Dios y darles amor que sea el espíritu Santo que haga esos cambios no es con espada ni Ejército no con la fuerza si no con su Santo espíritu,Experimento de dos chicos para probar que la homofobia empeora en Rusia,laSexta Noticias,2015-07-19T18:50:09Z,2015,lgtbi
gi7-uWyIYRw,@v._hyun,2021-07-23T06:59:43Z,0,Xd,Experimento de dos chicos para probar que la homofobia empeora en Rusia,laSexta Noticias,2015-07-19T18:50:09Z,2015,lgtbi
gi7-uWyIYRw,@ManuelRodriguez-zg7fr,2021-04-27T22:38:57Z,0,Que bien por Rusia,Experimento de dos chicos para probar que la homofobia empeora en Rusia,laSexta Noticias,2015-07-19T18:50:09Z,2015,lgtbi
gi7-uWyIYRw,@KandyLePierre,2025-01-05T03:48:46Z,0,"Yo no estoy de acuerdo ni con el matrimonio gay ni menos con la adopción o la infancia trans pero tampoco ando por el mundo odiando a Adultos que toman sus decisiones, total si uno tiene la razón la debería mostrar con acciones: Respeto, educación.",Experimento de dos chicos para probar que la homofobia empeora en Rusia,laSexta Noticias,2015-07-19T18:50:09Z,2015,lgtbi
gi7-uWyIYRw,@picoolov2427,2024-12-30T05:31:06Z,4,Basados,Experimento de dos chicos para probar que la homofobia empeora en Rusia,laSexta Noticias,2015-07-19T18:50:09Z,2015,lgtbi
gi7-uWyIYRw,@rodrigoter20,2022-11-22T16:29:28Z,0,Para eso voté al ZAR,Experimento de dos chicos para probar que la homofobia empeora en Rusia,laSexta Noticias,2015-07-19T18:50:09Z,2015,lgtbi
gi7-uWyIYRw,@yovanpty5079,2022-07-06T22:51:36Z,1,Aprendan...aunq no estoy deacuerdo con la violencia si creo q la cultura de un País al que visitas debes respetarla..en Rusia eso está mal y aun así retas a la sociedad rusa ...atente a las consecuencias.,Experimento de dos chicos para probar que la homofobia empeora en Rusia,laSexta Noticias,2015-07-19T18:50:09Z,2015,lgtbi
gi7-uWyIYRw,@mrthms3247,2022-08-26T10:38:07Z,0,Gg,Experimento de dos chicos para probar que la homofobia empeora en Rusia,laSexta Noticias,2015-07-19T18:50:09Z,2015,lgtbi
gi7-uWyIYRw,@SantiagoVilela-g4x,2026-06-27T06:31:17Z,1,La homofobia es importante,Experimento de dos chicos para probar que la homofobia empeora en Rusia,laSexta Noticias,2015-07-19T18:50:09Z,2015,lgtbi
gi7-uWyIYRw,@HAPPYFRIENDS133,2021-07-20T20:12:33Z,0,Y por esa razón Rusia es de lo mejor XD,Experimento de dos chicos para probar que la homofobia empeora en Rusia,laSexta Noticias,2015-07-19T18:50:09Z,2015,lgtbi
gi7-uWyIYRw,@masterartuxab,2022-05-18T23:32:46Z,7,"Perú debería aprender de Rusia, por esto Rusia es potencia mundial.",Experimento de dos chicos para probar que la homofobia empeora en Rusia,laSexta Noticias,2015-07-19T18:50:09Z,2015,lgtbi
gi7-uWyIYRw,@luisangelbarrioshernandez8840,2023-01-01T18:49:44Z,1,Que culpa tiene Putin de eso ?? No lo entiendo,Experimento de dos chicos para probar que la homofobia empeora en Rusia,laSexta Noticias,2015-07-19T18:50:09Z,2015,lgtbi
gi7-uWyIYRw,@japoncountryhumans2748,2022-10-16T07:33:26Z,0,POR LA MADRE RUSIAAAAA,Experimento de dos chicos para probar que la homofobia empeora en Rusia,laSexta Noticias,2015-07-19T18:50:09Z,2015,lgtbi
gi7-uWyIYRw,@romanoobb,2021-12-15T04:04:24Z,0,xd,Experimento de dos chicos para probar que la homofobia empeora en Rusia,laSexta Noticias,2015-07-19T18:50:09Z,2015,lgtbi
gi7-uWyIYRw,@rezzard1640,2021-05-12T06:51:19Z,1,Grandes los rusos,Experimento de dos chicos para probar que la homofobia empeora en Rusia,laSexta Noticias,2015-07-19T18:50:09Z,2015,lgtbi
gi7-uWyIYRw,@dahelordonez7581,2021-08-02T04:35:44Z,1,Por gotos,Experimento de dos chicos para probar que la homofobia empeora en Rusia,laSexta Noticias,2015-07-19T18:50:09Z,2015,lgtbi
gi7-uWyIYRw,@taotinajero5853,2021-05-18T21:55:34Z,1,Rusia admin,Experimento de dos chicos para probar que la homofobia empeora en Rusia,laSexta Noticias,2015-07-19T18:50:09Z,2015,lgtbi
gi7-uWyIYRw,@karapikpik1056,2021-12-21T00:25:51Z,0,Me voy a la madre Rusia hoy 😌,Experimento de dos chicos para probar que la homofobia empeora en Rusia,laSexta Noticias,2015-07-19T18:50:09Z,2015,lgtbi
gi7-uWyIYRw,@cia8865,2021-06-22T06:33:28Z,1,"Larga vida a lord putin
👍💪",Experimento de dos chicos para probar que la homofobia empeora en Rusia,laSexta Noticias,2015-07-19T18:50:09Z,2015,lgtbi
gi7-uWyIYRw,@The_kingtiger_,2021-08-23T02:07:43Z,3,Eso está bien 👌 que bueno que Rusia está en lo correcto,Experimento de dos chicos para probar que la homofobia empeora en Rusia,laSexta Noticias,2015-07-19T18:50:09Z,2015,lgtbi
gi7-uWyIYRw,@aimarvacacharly5315,2021-12-27T04:40:36Z,3,"Pepe: ser gay es bueno, sabes me duele el culo pero mi corazón se siente bien ❤️💙💚💛🤎🧡 abajo la homofobia.",Experimento de dos chicos para probar que la homofobia empeora en Rusia,laSexta Noticias,2015-07-19T18:50:09Z,2015,lgtbi
gi7-uWyIYRw,@nairobidelacruzvargas6694,2021-06-24T00:21:47Z,0,desearía sé ruso.,Experimento de dos chicos para probar que la homofobia empeora en Rusia,laSexta Noticias,2015-07-19T18:50:09Z,2015,lgtbi
gi7-uWyIYRw,@naow4259,2022-06-15T04:16:34Z,3,Como que me dan ganas de irme a Rusia,Experimento de dos chicos para probar que la homofobia empeora en Rusia,laSexta Noticias,2015-07-19T18:50:09Z,2015,lgtbi
gi7-uWyIYRw,@Doffy9,2021-06-26T14:30:52Z,10,"Así se hace,  los rusos siendo unos capos como siempre",Experimento de dos chicos para probar que la homofobia empeora en Rusia,laSexta Noticias,2015-07-19T18:50:09Z,2015,lgtbi
gi7-uWyIYRw,@ezequielmengele1931,2026-02-24T00:12:01Z,1,Pero la gente de izquierda de america y europa defendiendo a capa y espada a países que los ven como menos que humanos.,Experimento de dos chicos para probar que la homofobia empeora en Rusia,laSexta Noticias,2015-07-19T18:50:09Z,2015,lgtbi
gi7-uWyIYRw,@mateomoralesizquierdo332,2021-08-07T23:02:39Z,0,"0:44 no, no es así
En EEUU no te insultan cada 2 pasos ni te llevan a la cárcel como en Rusia pero no estás completamente en paz",Experimento de dos chicos para probar que la homofobia empeora en Rusia,laSexta Noticias,2015-07-19T18:50:09Z,2015,lgtbi
gi7-uWyIYRw,@Alejandroelaburrido,2026-01-28T18:35:34Z,3,Bien hecho Rusia,Experimento de dos chicos para probar que la homofobia empeora en Rusia,laSexta Noticias,2015-07-19T18:50:09Z,2015,lgtbi
gi7-uWyIYRw,@kevinpadron4664,2021-10-09T16:02:00Z,3,Nunca habrá respeto hacia la comunidad lgtb no todas las personas piensan igual a ellos.🇷🇺😎👍🏻,Experimento de dos chicos para probar que la homofobia empeora en Rusia,laSexta Noticias,2015-07-19T18:50:09Z,2015,lgtbi
gi7-uWyIYRw,@ferxxooo28,2021-10-03T14:19:54Z,1,Putin buena,Experimento de dos chicos para probar que la homofobia empeora en Rusia,laSexta Noticias,2015-07-19T18:50:09Z,2015,lgtbi
gi7-uWyIYRw,@jin3880,2021-05-20T22:33:53Z,3,"Aquí podemos ver una cosa
EEUU 🇺🇸:muy racista y poco homofóbico 
Rusia 🇷🇺:muy homofóbico pero poco racista 
Estos son rivales en todo naruto vs sasuke",Experimento de dos chicos para probar que la homofobia empeora en Rusia,laSexta Noticias,2015-07-19T18:50:09Z,2015,lgtbi
gi7-uWyIYRw,@Multicraf29_YT,2021-11-07T06:54:54Z,6,La verdad pregunta es porque el ser humano es así de cruel con su misma especie,Experimento de dos chicos para probar que la homofobia empeora en Rusia,laSexta Noticias,2015-07-19T18:50:09Z,2015,lgtbi
gi7-uWyIYRw,@ciudadanoanonimo5036,2021-04-25T22:41:33Z,0,Jajajaj viva Rusia,Experimento de dos chicos para probar que la homofobia empeora en Rusia,laSexta Noticias,2015-07-19T18:50:09Z,2015,lgtbi
gi7-uWyIYRw,@DerSebass,2024-01-28T02:08:03Z,0,"Q buen país, lo malo es q no hablo taka taka y la guerra q hay allá",Experimento de dos chicos para probar que la homofobia empeora en Rusia,laSexta Noticias,2015-07-19T18:50:09Z,2015,lgtbi
gi7-uWyIYRw,@veronicarios509,2022-05-22T05:30:31Z,2,quiero ir a rusiaa,Experimento de dos chicos para probar que la homofobia empeora en Rusia,laSexta Noticias,2015-07-19T18:50:09Z,2015,lgtbi
gi7-uWyIYRw,@Perro_Huevo,2021-04-07T22:15:51Z,0,A,Experimento de dos chicos para probar que la homofobia empeora en Rusia,laSexta Noticias,2015-07-19T18:50:09Z,2015,lgtbi
gi7-uWyIYRw,@ugrullon,2026-04-04T04:36:37Z,1,Pero si embargo atacan a Estados Unidos y no recibe el apoyo en liberar régimen.,Experimento de dos chicos para probar que la homofobia empeora en Rusia,laSexta Noticias,2015-07-19T18:50:09Z,2015,lgtbi
gi7-uWyIYRw,@adrianabernalcorrea5715,2021-07-18T21:59:19Z,0,Anti gay yessss,Experimento de dos chicos para probar que la homofobia empeora en Rusia,laSexta Noticias,2015-07-19T18:50:09Z,2015,lgtbi
gi7-uWyIYRw,@naow4259,2021-08-16T17:53:13Z,1,Ja por eso admiro a esas personas,Experimento de dos chicos para probar que la homofobia empeora en Rusia,laSexta Noticias,2015-07-19T18:50:09Z,2015,lgtbi
gi7-uWyIYRw,@mrthms3247,2022-08-26T10:38:09Z,0,Jj,Experimento de dos chicos para probar que la homofobia empeora en Rusia,laSexta Noticias,2015-07-19T18:50:09Z,2015,lgtbi
gi7-uWyIYRw,@carlosalvarado5220,2021-04-08T13:47:46Z,1,Muy bien 👌👍,Experimento de dos chicos para probar que la homofobia empeora en Rusia,laSexta Noticias,2015-07-19T18:50:09Z,2015,lgtbi
gi7-uWyIYRw,@JG-hn7mb,2021-05-18T17:27:49Z,2,Grande Rusia,Experimento de dos chicos para probar que la homofobia empeora en Rusia,laSexta Noticias,2015-07-19T18:50:09Z,2015,lgtbi
gi7-uWyIYRw,@gabrielafranco5500,2021-04-26T03:42:34Z,0,Pobres chicos nadie los entiende jajajajajajajajaa,Experimento de dos chicos para probar que la homofobia empeora en Rusia,laSexta Noticias,2015-07-19T18:50:09Z,2015,lgtbi
gi7-uWyIYRw,@chicharron7075,2021-07-30T00:50:43Z,1,Rusia mi pais❤️❤️❤️,Experimento de dos chicos para probar que la homofobia empeora en Rusia,laSexta Noticias,2015-07-19T18:50:09Z,2015,lgtbi
gi7-uWyIYRw,@siggyperez33,2021-05-16T21:41:02Z,0,Ñ,Experimento de dos chicos para probar que la homofobia empeora en Rusia,laSexta Noticias,2015-07-19T18:50:09Z,2015,lgtbi
gi7-uWyIYRw,@emirgarciamorales4331,2021-06-26T21:49:43Z,0,Grande Rusia,Experimento de dos chicos para probar que la homofobia empeora en Rusia,laSexta Noticias,2015-07-19T18:50:09Z,2015,lgtbi
gi7-uWyIYRw,@xd.-.4929,2021-07-05T05:47:26Z,0,Grande Rusia,Experimento de dos chicos para probar que la homofobia empeora en Rusia,laSexta Noticias,2015-07-19T18:50:09Z,2015,lgtbi
gi7-uWyIYRw,@MarcosRR19,2022-02-15T18:28:48Z,0,"No hay que ir a Rusia, en España no hay chicos que vayan de la mano, chicas sí, pocas, pero alguna se ve, pero chicos ninguno, y me temo que las reacciones serían muy similares.",Experimento de dos chicos para probar que la homofobia empeora en Rusia,laSexta Noticias,2015-07-19T18:50:09Z,2015,lgtbi
gi7-uWyIYRw,@angelmartinez-ke3cs,2021-05-11T08:53:44Z,0,"No solo tratan mal a los americanistas en rusia, en México tambien XD",Experimento de dos chicos para probar que la homofobia empeora en Rusia,laSexta Noticias,2015-07-19T18:50:09Z,2015,lgtbi
gi7-uWyIYRw,@LeonardoLevo,2024-02-01T12:15:31Z,2,"Se les nota la envidia, y no querer salir del closet 😂 por eso agreden a los que son felices.🎉",Experimento de dos chicos para probar que la homofobia empeora en Rusia,laSexta Noticias,2015-07-19T18:50:09Z,2015,lgtbi
gi7-uWyIYRw,@juanmanuellealtrujillo1129,2021-08-12T03:25:58Z,3,Pibes a listen los pasaportes nos vamos a rusia,Experimento de dos chicos para probar que la homofobia empeora en Rusia,laSexta Noticias,2015-07-19T18:50:09Z,2015,lgtbi
gi7-uWyIYRw,@carlosmarcillo6652,2021-10-23T02:01:05Z,7,Así debería ser en todo el mundo,Experimento de dos chicos para probar que la homofobia empeora en Rusia,laSexta Noticias,2015-07-19T18:50:09Z,2015,lgtbi
gi7-uWyIYRw,@verdadescomopunos7975,2021-04-28T06:25:03Z,2,Buen país Rusia la verdad.,Experimento de dos chicos para probar que la homofobia empeora en Rusia,laSexta Noticias,2015-07-19T18:50:09Z,2015,lgtbi
gi7-uWyIYRw,@axeluwu6718,2021-04-15T19:58:12Z,0,A,Experimento de dos chicos para probar que la homofobia empeora en Rusia,laSexta Noticias,2015-07-19T18:50:09Z,2015,lgtbi
gi7-uWyIYRw,@TheGodsGamers,2022-12-13T05:00:08Z,4,Yo soy homofobico,Experimento de dos chicos para probar que la homofobia empeora en Rusia,laSexta Noticias,2015-07-19T18:50:09Z,2015,lgtbi
gi7-uWyIYRw,@lxandro7278,2022-02-16T14:32:48Z,5,Me voy pa Rusia banda,Experimento de dos chicos para probar que la homofobia empeora en Rusia,laSexta Noticias,2015-07-19T18:50:09Z,2015,lgtbi
gi7-uWyIYRw,@untalmartin2056,2021-10-29T14:16:46Z,1,VIVA LA MADRE RUSIA 🇷🇺,Experimento de dos chicos para probar que la homofobia empeora en Rusia,laSexta Noticias,2015-07-19T18:50:09Z,2015,lgtbi
gi7-uWyIYRw,@jorge_enamorado5044,2021-05-06T17:59:19Z,1,"Quien quiere ir a vivir a rusia ? 
Yo pago los boletos",Experimento de dos chicos para probar que la homofobia empeora en Rusia,laSexta Noticias,2015-07-19T18:50:09Z,2015,lgtbi
gi7-uWyIYRw,@BernardoEmilioCujiamendoza,2024-08-25T11:29:42Z,7,Un aplauso para este pais,Experimento de dos chicos para probar que la homofobia empeora en Rusia,laSexta Noticias,2015-07-19T18:50:09Z,2015,lgtbi
gi7-uWyIYRw,@Paccio,2022-05-16T09:54:56Z,7,BIEN AHI RUSIA,Experimento de dos chicos para probar que la homofobia empeora en Rusia,laSexta Noticias,2015-07-19T18:50:09Z,2015,lgtbi
gi7-uWyIYRw,@uncanaldeyoutube6040,2021-06-16T15:52:54Z,1,🇷🇺,Experimento de dos chicos para probar que la homofobia empeora en Rusia,laSexta Noticias,2015-07-19T18:50:09Z,2015,lgtbi
gi7-uWyIYRw,@anibaldelpozo1634,2022-08-02T05:39:49Z,1,La Sexta Noticias vete a dormir,Experimento de dos chicos para probar que la homofobia empeora en Rusia,laSexta Noticias,2015-07-19T18:50:09Z,2015,lgtbi
gi7-uWyIYRw,@aitorclebs8777,2021-04-16T13:20:30Z,1,Quiero vivir en Rusia,Experimento de dos chicos para probar que la homofobia empeora en Rusia,laSexta Noticias,2015-07-19T18:50:09Z,2015,lgtbi
gi7-uWyIYRw,@mrthms3247,2022-08-26T10:38:04Z,0,Vv,Experimento de dos chicos para probar que la homofobia empeora en Rusia,laSexta Noticias,2015-07-19T18:50:09Z,2015,lgtbi
gi7-uWyIYRw,@RaliGamer,2021-03-31T01:12:55Z,1,Esto en la urss no pasaba....,Experimento de dos chicos para probar que la homofobia empeora en Rusia,laSexta Noticias,2015-07-19T18:50:09Z,2015,lgtbi
gi7-uWyIYRw,@chersuarezmunoz44,2021-10-05T02:24:15Z,4,"Hay gente violenta e intolerante. Pero por otro lado, nadie tiene la obligación de estar de acuerdo con la homosexualidad así como nadie tiene la obligación de estar de acuerdo con algún pastor protestante.",Experimento de dos chicos para probar que la homofobia empeora en Rusia,laSexta Noticias,2015-07-19T18:50:09Z,2015,lgtbi
gi7-uWyIYRw,@elkokeraliuga8556,2022-08-17T01:37:49Z,0,Great russka,Experimento de dos chicos para probar que la homofobia empeora en Rusia,laSexta Noticias,2015-07-19T18:50:09Z,2015,lgtbi
gi7-uWyIYRw,@svge393,2021-04-11T03:47:29Z,1,Porque no se lo guardan en secreto? 🤔,Experimento de dos chicos para probar que la homofobia empeora en Rusia,laSexta Noticias,2015-07-19T18:50:09Z,2015,lgtbi
gi7-uWyIYRw,@ELPEPE-tf8vg,2021-04-11T03:29:40Z,1,Grande Russia,Experimento de dos chicos para probar que la homofobia empeora en Rusia,laSexta Noticias,2015-07-19T18:50:09Z,2015,lgtbi
gi7-uWyIYRw,@leyjin9129,2022-06-21T12:55:24Z,2,Viva rusia!!,Experimento de dos chicos para probar que la homofobia empeora en Rusia,laSexta Noticias,2015-07-19T18:50:09Z,2015,lgtbi
gi7-uWyIYRw,@enedinarevuelta5929,2022-11-13T06:22:34Z,1,Ami no me afecta por que soy hombre,Experimento de dos chicos para probar que la homofobia empeora en Rusia,laSexta Noticias,2015-07-19T18:50:09Z,2015,lgtbi
gi7-uWyIYRw,@johnsonmaguire7791,2022-06-19T16:37:25Z,1,Grande la madre russia,Experimento de dos chicos para probar que la homofobia empeora en Rusia,laSexta Noticias,2015-07-19T18:50:09Z,2015,lgtbi
gi7-uWyIYRw,@space2609,2025-01-27T05:25:56Z,0,Ninguna sub-cultura es mala amenos que directamente una se trate de cosas extrañas como el 53x0,Experimento de dos chicos para probar que la homofobia empeora en Rusia,laSexta Noticias,2015-07-19T18:50:09Z,2015,lgtbi
gi7-uWyIYRw,@thomasjaksoon2666,2021-04-28T18:36:28Z,6,"Por estas cosas quiero ser ruso 
Porfavor gente esto no es normal hoy en dia ya no se los mata pero vivan en su mundo aparte no tienen porque publicarlo asi porfavor no yraten de inponer lo que la naturaleza no les dio",Experimento de dos chicos para probar que la homofobia empeora en Rusia,laSexta Noticias,2015-07-19T18:50:09Z,2015,lgtbi
gi7-uWyIYRw,@gutsandblood7496,2022-04-28T00:38:10Z,3,Viva russia,Experimento de dos chicos para probar que la homofobia empeora en Rusia,laSexta Noticias,2015-07-19T18:50:09Z,2015,lgtbi
gi7-uWyIYRw,@ambakaro,2024-08-01T14:32:22Z,3,"Ahora que prueben en Israel, Arabia Saudí y Emiratos Árabes si tienen cojones",Experimento de dos chicos para probar que la homofobia empeora en Rusia,laSexta Noticias,2015-07-19T18:50:09Z,2015,lgtbi
gi7-uWyIYRw,@TheZowaFr,2021-07-20T03:46:48Z,2,"Y recuerden, no hay que decir grande russia porke si no llegan los gays diciendo

-niño tercermundista",Experimento de dos chicos para probar que la homofobia empeora en Rusia,laSexta Noticias,2015-07-19T18:50:09Z,2015,lgtbi
gi7-uWyIYRw,@rafaelpaezreyes364,2021-08-02T17:22:31Z,0,ese si es un pais,Experimento de dos chicos para probar que la homofobia empeora en Rusia,laSexta Noticias,2015-07-19T18:50:09Z,2015,lgtbi
gi7-uWyIYRw,@chinoenkele2707,2022-09-12T03:32:04Z,0,A pero si lo hacen ellos no cuidado que me funan si digo algo mal,Experimento de dos chicos para probar que la homofobia empeora en Rusia,laSexta Noticias,2015-07-19T18:50:09Z,2015,lgtbi
gi7-uWyIYRw,@Hans-hy4gb,2021-08-09T14:38:57Z,1,Todo normal en la madre Rusia ahhhh pero en latam es recontra kk,Experimento de dos chicos para probar que la homofobia empeora en Rusia,laSexta Noticias,2015-07-19T18:50:09Z,2015,lgtbi
gi7-uWyIYRw,@tuvideossonreebuenossaludo7153,2021-05-17T07:31:23Z,5,Viva rusiaaa  :D,Experimento de dos chicos para probar que la homofobia empeora en Rusia,laSexta Noticias,2015-07-19T18:50:09Z,2015,lgtbi
gi7-uWyIYRw,@marcosaguinaga3011,2021-05-09T01:32:01Z,2,Ahora me gusta más Russia,Experimento de dos chicos para probar que la homofobia empeora en Rusia,laSexta Noticias,2015-07-19T18:50:09Z,2015,lgtbi
gi7-uWyIYRw,@carlosjesusbarroso3558,2022-09-29T03:02:54Z,0,Grande Rusia 😎,Experimento de dos chicos para probar que la homofobia empeora en Rusia,laSexta Noticias,2015-07-19T18:50:09Z,2015,lgtbi
gi7-uWyIYRw,@Jonyxsr_90JJ,2022-09-18T15:10:29Z,2,Putin es un ídolo 😎 🤑🤙🏻,Experimento de dos chicos para probar que la homofobia empeora en Rusia,laSexta Noticias,2015-07-19T18:50:09Z,2015,lgtbi
gi7-uWyIYRw,@russian408,2021-07-25T15:36:25Z,2,AGUANTE RUSIA,Experimento de dos chicos para probar que la homofobia empeora en Rusia,laSexta Noticias,2015-07-19T18:50:09Z,2015,lgtbi
gi7-uWyIYRw,@dihol3468,2022-02-25T21:18:43Z,2,"Por que en estos caso no se meten todas las organizaciones lgbt y feministas, Q acaso solo se meten cuando les conviene??",Experimento de dos chicos para probar que la homofobia empeora en Rusia,laSexta Noticias,2015-07-19T18:50:09Z,2015,lgtbi
gi7-uWyIYRw,@jonathanosoriobarrientos2480,2021-12-14T05:38:26Z,1,Viva la madre rusa,Experimento de dos chicos para probar que la homofobia empeora en Rusia,laSexta Noticias,2015-07-19T18:50:09Z,2015,lgtbi
gi7-uWyIYRw,@levibryangaliciaflores7236,2021-04-27T00:30:42Z,0,Aaaaaadoptame Rusia adoptame,Experimento de dos chicos para probar que la homofobia empeora en Rusia,laSexta Noticias,2015-07-19T18:50:09Z,2015,lgtbi
gi7-uWyIYRw,@SantiagoJuarez-ux7zj,2021-08-02T20:27:02Z,4,Otra razón para ir a vivir a Rusia 👌,Experimento de dos chicos para probar que la homofobia empeora en Rusia,laSexta Noticias,2015-07-19T18:50:09Z,2015,lgtbi
gi7-uWyIYRw,@Black_Diamond789,2021-04-27T22:04:18Z,5,Me parece excelente que traten así a los homosexuales en Rusia. Gran ejemplo a seguir,Experimento de dos chicos para probar que la homofobia empeora en Rusia,laSexta Noticias,2015-07-19T18:50:09Z,2015,lgtbi
gi7-uWyIYRw,@rxi5161,2021-04-23T15:01:05Z,0,Fobia(tener miedo o pabor a algo) por que llaman homofobia si nadie tiene miedo de los homosexuales ?,Experimento de dos chicos para probar que la homofobia empeora en Rusia,laSexta Noticias,2015-07-19T18:50:09Z,2015,lgtbi
gi7-uWyIYRw,@AntonioNogueiro,2021-04-26T10:40:10Z,0,"Pues es cierto, desde el 2015 el matrimonio gay en USA.",Experimento de dos chicos para probar que la homofobia empeora en Rusia,laSexta Noticias,2015-07-19T18:50:09Z,2015,lgtbi
gi7-uWyIYRw,@jorge6786,2024-03-01T22:17:13Z,0,No se les puede tolerar todo como en españa. Se puede ser gay y respetar a los demás,Experimento de dos chicos para probar que la homofobia empeora en Rusia,laSexta Noticias,2015-07-19T18:50:09Z,2015,lgtbi
gi7-uWyIYRw,@pochaco15a,2021-12-19T16:47:40Z,1,"Bueno me voy a russia, almenos la gente ahi sigue siendo normal",Experimento de dos chicos para probar que la homofobia empeora en Rusia,laSexta Noticias,2015-07-19T18:50:09Z,2015,lgtbi
gi7-uWyIYRw,@lamejorminsunista7431,2022-02-05T02:30:06Z,0,Las personas trans... ;(,Experimento de dos chicos para probar que la homofobia empeora en Rusia,laSexta Noticias,2015-07-19T18:50:09Z,2015,lgtbi
gi7-uWyIYRw,@xolty5929,2021-07-23T15:41:41Z,2,Grande Rusia 🛐🛐,Experimento de dos chicos para probar que la homofobia empeora en Rusia,laSexta Noticias,2015-07-19T18:50:09Z,2015,lgtbi
gi7-uWyIYRw,@angeltapia3561,2021-04-10T21:51:31Z,2,"Yo creo que Putin es un buen presidente, idk",Experimento de dos chicos para probar que la homofobia empeora en Rusia,laSexta Noticias,2015-07-19T18:50:09Z,2015,lgtbi
gi7-uWyIYRw,@henrysonamilcarcuyuchlopez9356,2025-01-04T01:42:17Z,1,Viva Rusia,Experimento de dos chicos para probar que la homofobia empeora en Rusia,laSexta Noticias,2015-07-19T18:50:09Z,2015,lgtbi
gi7-uWyIYRw,@estebanlopez853,2021-04-06T05:22:16Z,1,"Que la comunidad lgbt se haga valer por lo que aportan a la sociedad como individuos, no por lo que se metenenelculo.
Ese es el problema de los movimientos progres, todo lo reducen al <oxes<.",Experimento de dos chicos para probar que la homofobia empeora en Rusia,laSexta Noticias,2015-07-19T18:50:09Z,2015,lgtbi
gi7-uWyIYRw,@Vberryyy.y,2021-07-23T13:15:23Z,0,"Los entiendo, la homofobia no empeora Rusia, es que tienen razón.",Experimento de dos chicos para probar que la homofobia empeora en Rusia,laSexta Noticias,2015-07-19T18:50:09Z,2015,lgtbi
gi7-uWyIYRw,@unpizzeroquevendepanyunren3737,2023-02-11T01:01:30Z,0,0:29 min   22:00 22:01 hrs  10/02/23,Experimento de dos chicos para probar que la homofobia empeora en Rusia,laSexta Noticias,2015-07-19T18:50:09Z,2015,lgtbi
gi7-uWyIYRw,@carlossaldivar6406,2024-01-20T12:17:54Z,0,"Es democracia, hay que aceptarlo. La mayoría esta en contra de la homosexualidad.",Experimento de dos chicos para probar que la homofobia empeora en Rusia,laSexta Noticias,2015-07-19T18:50:09Z,2015,lgtbi
gi7-uWyIYRw,@oh_oppsie1,2023-10-30T07:23:10Z,5,"Lo que odio son los niños diciendo ""Grande Rusia 🤑🤑🤑💵"" ""Rusia giga Chad"",cuando ellos ni tienen afecto femenino,lo que me gusta es que estos niños no comentaron en este video(creo)",Experimento de dos chicos para probar que la homofobia empeora en Rusia,laSexta Noticias,2015-07-19T18:50:09Z,2015,lgtbi
gi7-uWyIYRw,@Ruixo.06,2023-08-11T10:36:38Z,22,Ojala fuera asi en todos los paises,Experimento de dos chicos para probar que la homofobia empeora en Rusia,laSexta Noticias,2015-07-19T18:50:09Z,2015,lgtbi
gi7-uWyIYRw,@eduardovelez7275,2021-04-04T01:35:29Z,0,yyyyyyyyyu,Experimento de dos chicos para probar que la homofobia empeora en Rusia,laSexta Noticias,2015-07-19T18:50:09Z,2015,lgtbi
gi7-uWyIYRw,@edgardsalvadorruiz846,2023-01-12T08:17:59Z,0,Que bueno por rusia,Experimento de dos chicos para probar que la homofobia empeora en Rusia,laSexta Noticias,2015-07-19T18:50:09Z,2015,lgtbi
gi7-uWyIYRw,@Dani_298,2021-04-09T03:33:07Z,1,jaja 2 geis,Experimento de dos chicos para probar que la homofobia empeora en Rusia,laSexta Noticias,2015-07-19T18:50:09Z,2015,lgtbi
gi7-uWyIYRw,@bamboleine7326,2021-08-15T10:58:53Z,5,Hermosa Rusia 😍😍,Experimento de dos chicos para probar que la homofobia empeora en Rusia,laSexta Noticias,2015-07-19T18:50:09Z,2015,lgtbi
gi7-uWyIYRw,@Liendrita3.0,2024-11-05T18:24:55Z,3,Grande rusia,Experimento de dos chicos para probar que la homofobia empeora en Rusia,laSexta Noticias,2015-07-19T18:50:09Z,2015,lgtbi
gi7-uWyIYRw,@nesst0014,2021-06-04T21:50:58Z,7,"Yo como heterosexual, me  parece una verguenza, libertad a los homosexuales, que cada uno sea feliz como quiera",Experimento de dos chicos para probar que la homofobia empeora en Rusia,laSexta Noticias,2015-07-19T18:50:09Z,2015,lgtbi
gi7-uWyIYRw,@brunolucotti,2022-05-02T03:33:13Z,4,Por estas cosas AMO RUSIA,Experimento de dos chicos para probar que la homofobia empeora en Rusia,laSexta Noticias,2015-07-19T18:50:09Z,2015,lgtbi
gi7-uWyIYRw,@dr.malito2538,2021-06-20T22:49:53Z,1,No es homofóbia eso se llama tener sentido común!!!...,Experimento de dos chicos para probar que la homofobia empeora en Rusia,laSexta Noticias,2015-07-19T18:50:09Z,2015,lgtbi
gi7-uWyIYRw,@rogereduardomandujanomaced2006,2022-06-26T17:04:49Z,2,"Us esta corrompido , Rusia trata de conservar su costumbre y reglas. Respeten.",Experimento de dos chicos para probar que la homofobia empeora en Rusia,laSexta Noticias,2015-07-19T18:50:09Z,2015,lgtbi
gi7-uWyIYRw,@Jayco21,2021-04-11T06:19:17Z,6,"Los gays a los rusos: miren es hetero. 

Los rusos a los gays: perdón por ser normal bro.",Experimento de dos chicos para probar que la homofobia empeora en Rusia,laSexta Noticias,2015-07-19T18:50:09Z,2015,lgtbi
gi7-uWyIYRw,@blanco7310,2021-03-31T18:02:13Z,0,Aguante Rusia,Experimento de dos chicos para probar que la homofobia empeora en Rusia,laSexta Noticias,2015-07-19T18:50:09Z,2015,lgtbi
gi7-uWyIYRw,@elgiobravo2821,2022-08-06T00:58:11Z,0,hay que respetar la cultura de otro paises si para ellos esta mal quienes somos nosotros para criticarlos cada pais con lo suyo una cosa es que seas homosesual y vallas a la misma plaza sabiendo que te buscas problemas eso es ya de tontos el que busca encuentra asi de simple,Experimento de dos chicos para probar que la homofobia empeora en Rusia,laSexta Noticias,2015-07-19T18:50:09Z,2015,lgtbi
gi7-uWyIYRw,@avh8200,2021-08-06T03:38:27Z,0,"En los últimos días llamarán a lo bueno malo y a lo malo bueno... Aun hay tiempo, aunque poco, Dios está a la puerta llamando solo debes dejarlo entrar",Experimento de dos chicos para probar que la homofobia empeora en Rusia,laSexta Noticias,2015-07-19T18:50:09Z,2015,lgtbi
gi7-uWyIYRw,@bernicalvo7434,2024-07-07T03:30:38Z,0,Que bien por los rusos,Experimento de dos chicos para probar que la homofobia empeora en Rusia,laSexta Noticias,2015-07-19T18:50:09Z,2015,lgtbi
gi7-uWyIYRw,@t28dhthimer,2021-06-09T13:59:38Z,1,Creo que es su cultura de rusia y ay que respetarla,Experimento de dos chicos para probar que la homofobia empeora en Rusia,laSexta Noticias,2015-07-19T18:50:09Z,2015,lgtbi
gi7-uWyIYRw,@martaortega9106,2021-04-12T19:20:18Z,0,Eso está encontra de la naturaleza humana digan lo que quieran,Experimento de dos chicos para probar que la homofobia empeora en Rusia,laSexta Noticias,2015-07-19T18:50:09Z,2015,lgtbi
gi7-uWyIYRw,@historyfactsesp9929,2021-12-20T00:22:57Z,0,BRAVO RUSIA !!,Experimento de dos chicos para probar que la homofobia empeora en Rusia,laSexta Noticias,2015-07-19T18:50:09Z,2015,lgtbi
gi7-uWyIYRw,@danielyt1577,2024-12-11T17:49:29Z,2,y que cojones pasa por la mente de las personas en cambiar su sexualidad,Experimento de dos chicos para probar que la homofobia empeora en Rusia,laSexta Noticias,2015-07-19T18:50:09Z,2015,lgtbi
gi7-uWyIYRw,@MegaMX2024,2021-07-20T14:58:43Z,1,Putin Presidente,Experimento de dos chicos para probar que la homofobia empeora en Rusia,laSexta Noticias,2015-07-19T18:50:09Z,2015,lgtbi
gi7-uWyIYRw,@ramonhernandezmarquez5576,2021-11-26T13:33:19Z,1,"Entonces porque la FIFA tan delicada que es que se ponen muy señoritas aseptaron un Mundial en ese pais$$$
La doble moral del mundo está a tope hoy en Día.
Critican a los países que no les gustan este tipo de gente y se ""ofenden"" pero les causa enojo el grito en los estadios en México de eeeeeeeeeeeeeeep...
En Dubai no creo que les moleste ese grito y van hacer un Mundial.
Vaya con la FIFA",Experimento de dos chicos para probar que la homofobia empeora en Rusia,laSexta Noticias,2015-07-19T18:50:09Z,2015,lgtbi
gi7-uWyIYRw,@SandraYanezYepez,2026-05-30T17:57:37Z,1,Eso no se hace en la calle hay niños eso está mal,Experimento de dos chicos para probar que la homofobia empeora en Rusia,laSexta Noticias,2015-07-19T18:50:09Z,2015,lgtbi
gi7-uWyIYRw,@trinoramirez8167,2023-03-19T00:17:35Z,2,Larga vida a Vladimir putin,Experimento de dos chicos para probar que la homofobia empeora en Rusia,laSexta Noticias,2015-07-19T18:50:09Z,2015,lgtbi
gi7-uWyIYRw,@dios1221,2021-04-28T12:44:04Z,4,Conclusion... si quieres ser gay vete a otro pais v: ese putin es un crack xd,Experimento de dos chicos para probar que la homofobia empeora en Rusia,laSexta Noticias,2015-07-19T18:50:09Z,2015,lgtbi
gi7-uWyIYRw,@alfonzo537,2021-07-11T04:00:00Z,0,Triste realidad!!! Pobres rusos,Experimento de dos chicos para probar que la homofobia empeora en Rusia,laSexta Noticias,2015-07-19T18:50:09Z,2015,lgtbi
gi7-uWyIYRw,@EnriqueQuispe-h1y,2025-07-24T16:03:29Z,0,Aaa empeoradoo? a remejoradooo,Experimento de dos chicos para probar que la homofobia empeora en Rusia,laSexta Noticias,2015-07-19T18:50:09Z,2015,lgtbi
gi7-uWyIYRw,@jeffersonaraujoelcristiano,2023-12-09T02:13:44Z,0,Que hagan su chistecito ahora.,Experimento de dos chicos para probar que la homofobia empeora en Rusia,laSexta Noticias,2015-07-19T18:50:09Z,2015,lgtbi
gi7-uWyIYRw,@PedroVasquez97,2024-08-17T12:06:14Z,0,"Ahi lo ven,es sencillo, solo deben irse a vivir el sueño americano.......",Experimento de dos chicos para probar que la homofobia empeora en Rusia,laSexta Noticias,2015-07-19T18:50:09Z,2015,lgtbi
gi7-uWyIYRw,@erickramirez5211,2021-04-29T11:30:33Z,7,Rusia y putin deberían ser modelo a seguir en el mundo,Experimento de dos chicos para probar que la homofobia empeora en Rusia,laSexta Noticias,2015-07-19T18:50:09Z,2015,lgtbi
gi7-uWyIYRw,@cesarst3720,2021-06-21T15:35:44Z,2,"Lo que es ilegal es hacerlo enfrente de personas menores de edad, lo que obviamente está en todos lados, así que no es posible que estas personas hagan su publicidad
Claro, que los golpeen ya es otro pedo",Experimento de dos chicos para probar que la homofobia empeora en Rusia,laSexta Noticias,2015-07-19T18:50:09Z,2015,lgtbi
gi7-uWyIYRw,@jonathanross1103,2021-06-15T23:18:42Z,0,por eso quiero  ir a rusia,Experimento de dos chicos para probar que la homofobia empeora en Rusia,laSexta Noticias,2015-07-19T18:50:09Z,2015,lgtbi
gi7-uWyIYRw,@AngelHernandez-is8ob,2022-06-17T15:37:00Z,2,Viva rusia,Experimento de dos chicos para probar que la homofobia empeora en Rusia,laSexta Noticias,2015-07-19T18:50:09Z,2015,lgtbi
gi7-uWyIYRw,@jotaro1497,2021-12-17T13:26:15Z,1,Hay ustedes pero yo le voy a Putin,Experimento de dos chicos para probar que la homofobia empeora en Rusia,laSexta Noticias,2015-07-19T18:50:09Z,2015,lgtbi
gi7-uWyIYRw,@Dshiper8309,2021-07-18T08:38:14Z,0,Los rusos tratan de ser hombres y casi lo logran,Experimento de dos chicos para probar que la homofobia empeora en Rusia,laSexta Noticias,2015-07-19T18:50:09Z,2015,lgtbi
gi7-uWyIYRw,@eduardoolvera8985,2023-03-03T04:02:06Z,2,Al principio dios creo hombre y mujer yo Vladimir Putin 😍🇷🇺,Experimento de dos chicos para probar que la homofobia empeora en Rusia,laSexta Noticias,2015-07-19T18:50:09Z,2015,lgtbi
gi7-uWyIYRw,@OmarJoseph2004,2022-06-10T20:44:35Z,3,"Que miedo debe dar vivir en Rusia... Me da mucha tristeza que pase eso en Rusia, yo pensaba que era un país desarrollado y con gente inteligente pero al parecer es todo lo contrario",Experimento de dos chicos para probar que la homofobia empeora en Rusia,laSexta Noticias,2015-07-19T18:50:09Z,2015,lgtbi
gi7-uWyIYRw,@jamcordova73,2021-04-26T16:55:54Z,0,Jojojo!,Experimento de dos chicos para probar que la homofobia empeora en Rusia,laSexta Noticias,2015-07-19T18:50:09Z,2015,lgtbi
gi7-uWyIYRw,@user-kh8xs1me1l,2021-04-11T05:06:24Z,8,"P*ta madre Rusia, primero steven universe y su rolita re chida, y ahora esto? Bueno, solo queda decir algo...
*Putin es muy putin*",Experimento de dos chicos para probar que la homofobia empeora en Rusia,laSexta Noticias,2015-07-19T18:50:09Z,2015,lgtbi
gi7-uWyIYRw,@lizydeacon9999,2021-04-16T17:04:09Z,0,Vivir felices? Vayanse de Rusia y venga a Latinoamérica y los que odiamos estar acá nos vamos pa allá,Experimento de dos chicos para probar que la homofobia empeora en Rusia,laSexta Noticias,2015-07-19T18:50:09Z,2015,lgtbi
gi7-uWyIYRw,@floridorfloresdelcampo6947,2021-12-08T15:18:51Z,0,"Existe mucha subjetividad en los conceptos, en el nombre del amor, hasta la zoofilia se salva.",Experimento de dos chicos para probar que la homofobia empeora en Rusia,laSexta Noticias,2015-07-19T18:50:09Z,2015,lgtbi
gi7-uWyIYRw,@yomero6221,2021-04-07T05:22:17Z,8,Esos rusos son unos capos 😎,Experimento de dos chicos para probar que la homofobia empeora en Rusia,laSexta Noticias,2015-07-19T18:50:09Z,2015,lgtbi
gi7-uWyIYRw,@mochilaavila,2021-04-05T18:24:01Z,1,Conservadores,Experimento de dos chicos para probar que la homofobia empeora en Rusia,laSexta Noticias,2015-07-19T18:50:09Z,2015,lgtbi
gi7-uWyIYRw,@PablitoUruguayo,2021-07-10T13:32:53Z,1,vayan para arguenzuela o españa y vean como viven libremente en esos paises xD,Experimento de dos chicos para probar que la homofobia empeora en Rusia,laSexta Noticias,2015-07-19T18:50:09Z,2015,lgtbi
gi7-uWyIYRw,@themati2m985,2021-10-28T19:32:09Z,2,sinceramente estoy a favor de los lgtb y ala vez en contra: yo creo que las parejas homosexuales merecen sus derechos pero cuando hablamos de que una pareja de un hombre y una mujer tienen un hijo y se separan lo mejor es que el hijo no tenga traumas por eso que no vaya a vivir con el tutor que tiene una relacion lgtb Ya que tambien existe la homofobia y ese chico es muy probable que le hagan bullyng y acoso  por eso  yo siento de que el chico en primer lugar tenga cierto nivel de madurez para afrontar la homosexualidad y esa es my opinion.,Experimento de dos chicos para probar que la homofobia empeora en Rusia,laSexta Noticias,2015-07-19T18:50:09Z,2015,lgtbi
gi7-uWyIYRw,@diegoadrianolezamarivasz6553,2021-04-23T02:06:03Z,1,Amigo si apoyas a la comunidad LGBT dilo abiertamente no te lo quedes para ti porque si no lo dices significa que no tenes los huevos para decir que apoyas a los LGBT es como ser gay de closset jaja,Experimento de dos chicos para probar que la homofobia empeora en Rusia,laSexta Noticias,2015-07-19T18:50:09Z,2015,lgtbi
gi7-uWyIYRw,@alex-oz5qe,2021-07-11T16:36:36Z,0,Grande rusia,Experimento de dos chicos para probar que la homofobia empeora en Rusia,laSexta Noticias,2015-07-19T18:50:09Z,2015,lgtbi
gi7-uWyIYRw,@sjacques1516,2022-12-21T19:42:19Z,0,Lobby gay.,Experimento de dos chicos para probar que la homofobia empeora en Rusia,laSexta Noticias,2015-07-19T18:50:09Z,2015,lgtbi
gi7-uWyIYRw,@elbichoquetrabajaenunoxxo8497,2021-04-22T16:52:33Z,0,¿No que es Rusia era ilegal ser homosexual en Rusia? Xd,Experimento de dos chicos para probar que la homofobia empeora en Rusia,laSexta Noticias,2015-07-19T18:50:09Z,2015,lgtbi
gi7-uWyIYRw,@ezequielagustin.5687,2021-05-14T04:27:54Z,7,"Rusia, un pais con buena gente.",Experimento de dos chicos para probar que la homofobia empeora en Rusia,laSexta Noticias,2015-07-19T18:50:09Z,2015,lgtbi
gi7-uWyIYRw,@estebandiaz9316,2021-04-25T10:22:33Z,6,"Me voy para Rusia ,grande Rusia 🇷🇺🇷🇺",Experimento de dos chicos para probar que la homofobia empeora en Rusia,laSexta Noticias,2015-07-19T18:50:09Z,2015,lgtbi
gi7-uWyIYRw,@EZENGRAFZ,2022-07-17T04:43:49Z,1,Viva rusia,Experimento de dos chicos para probar que la homofobia empeora en Rusia,laSexta Noticias,2015-07-19T18:50:09Z,2015,lgtbi
gi7-uWyIYRw,@zerg_defiler,2021-05-05T21:07:45Z,2,"Jaja me gustaría que se metan con un gay que sepa MMA, pobre del hetero.",Experimento de dos chicos para probar que la homofobia empeora en Rusia,laSexta Noticias,2015-07-19T18:50:09Z,2015,lgtbi
gi7-uWyIYRw,@josedelgad1234,2023-06-21T02:12:03Z,1,Grande Rusia ❤❤❤,Experimento de dos chicos para probar que la homofobia empeora en Rusia,laSexta Noticias,2015-07-19T18:50:09Z,2015,lgtbi
gi7-uWyIYRw,@spidermanamazing,2022-06-22T04:34:37Z,6,"Soy homofóbico, hagan sus preguntas!",Experimento de dos chicos para probar que la homofobia empeora en Rusia,laSexta Noticias,2015-07-19T18:50:09Z,2015,lgtbi
gi7-uWyIYRw,@zakczakc-u8o,2021-10-06T21:44:21Z,0,x2 1:21,Experimento de dos chicos para probar que la homofobia empeora en Rusia,laSexta Noticias,2015-07-19T18:50:09Z,2015,lgtbi
gi7-uWyIYRw,@IsaacClarke999,2021-11-22T14:56:41Z,4,Rusia es grande y lo admiro por que odia a la comunidad LGBT tanto como yo así que les quedo calor???,Experimento de dos chicos para probar que la homofobia empeora en Rusia,laSexta Noticias,2015-07-19T18:50:09Z,2015,lgtbi
gi7-uWyIYRw,@efrainrodriguez2868,2022-01-28T13:54:03Z,4,Y lo malo?,Experimento de dos chicos para probar que la homofobia empeora en Rusia,laSexta Noticias,2015-07-19T18:50:09Z,2015,lgtbi
gi7-uWyIYRw,@alejandrosalazar2617,2021-04-10T16:24:23Z,2,El problema no es la homosexualidad en sí El problema es que es un gusto ya está cientificamente comprobado Qué es un gusto nuevas en derecho si lo que quieras que en público C Dan por el orto ya eso sí que no,Experimento de dos chicos para probar que la homofobia empeora en Rusia,laSexta Noticias,2015-07-19T18:50:09Z,2015,lgtbi
gi7-uWyIYRw,@Arturo-k1c6m,2026-03-29T05:53:48Z,1,BRAVO RUSKYS!!!!!🇲🇽🇲🇽🇲🇽👏🏼👏🏼👏🏼👏🏼👏🏼👏🏼👏🏼👏🏼👏🏼👏🏼👏🏼👏🏼👏🏼,Experimento de dos chicos para probar que la homofobia empeora en Rusia,laSexta Noticias,2015-07-19T18:50:09Z,2015,lgtbi
gi7-uWyIYRw,@danielcamiloromeromontano4856,2022-01-04T16:03:43Z,0,que milagro que los comentarios no estan llenos de niños edgys esta vez,Experimento de dos chicos para probar que la homofobia empeora en Rusia,laSexta Noticias,2015-07-19T18:50:09Z,2015,lgtbi
gi7-uWyIYRw,@edisongamboa5166,2023-06-29T23:30:56Z,0,Como me gustaría vivir en rusia,Experimento de dos chicos para probar que la homofobia empeora en Rusia,laSexta Noticias,2015-07-19T18:50:09Z,2015,lgtbi
gi7-uWyIYRw,@Undetected696,2022-05-20T18:56:13Z,7,Rusia es el mejor país del mundo 👌🤑🤑🤑🤑,Experimento de dos chicos para probar que la homofobia empeora en Rusia,laSexta Noticias,2015-07-19T18:50:09Z,2015,lgtbi
gi7-uWyIYRw,@thekillergg7982,2021-04-12T06:22:22Z,2,La solucion es se hetero de nada que vivan bien 😎👌,Experimento de dos chicos para probar que la homofobia empeora en Rusia,laSexta Noticias,2015-07-19T18:50:09Z,2015,lgtbi
gi7-uWyIYRw,@lesbanitatumamita4744,2021-09-28T16:56:48Z,4,Que tristeza. Que estén en contra no les da el derecho a ejercer violencia contra nosotros. Dudo mucho que Jesús sienta agrado porque nos traten de esa manera tan injusta.,Experimento de dos chicos para probar que la homofobia empeora en Rusia,laSexta Noticias,2015-07-19T18:50:09Z,2015,lgtbi
gi7-uWyIYRw,@AlejandroMartinez-ub4ml,2024-09-01T16:23:42Z,4,Los rusos son de los pocos habitantes del planeta que todavía no han perdido el norte,Experimento de dos chicos para probar que la homofobia empeora en Rusia,laSexta Noticias,2015-07-19T18:50:09Z,2015,lgtbi
gi7-uWyIYRw,@joserafaellluberesreyes,2023-11-09T18:58:11Z,1,Y por que meter a Putín en eso..... se les cae el argumento....,Experimento de dos chicos para probar que la homofobia empeora en Rusia,laSexta Noticias,2015-07-19T18:50:09Z,2015,lgtbi
gi7-uWyIYRw,@guason673,2021-07-21T19:49:34Z,0,Esa gente no tiene generación futura y el lo q quieres los q poden de moda ser mentes abiertas,Experimento de dos chicos para probar que la homofobia empeora en Rusia,laSexta Noticias,2015-07-19T18:50:09Z,2015,lgtbi
gi7-uWyIYRw,@Is_Lucaz,2023-06-30T21:57:26Z,1,Orgulloso de rusia,Experimento de dos chicos para probar que la homofobia empeora en Rusia,laSexta Noticias,2015-07-19T18:50:09Z,2015,lgtbi
gi7-uWyIYRw,@dragi8892,2021-12-14T15:45:51Z,2,Tipico de rusia,Experimento de dos chicos para probar que la homofobia empeora en Rusia,laSexta Noticias,2015-07-19T18:50:09Z,2015,lgtbi
gi7-uWyIYRw,@geraegui1922,2021-04-29T21:15:04Z,4,No entiendo a los que quieren vivir en Rusia. Si es que no les da una hipotermia entonces se darán cuenta de que la calidad de vida no es destacable y que su índice de felicidad está por debajo del promedio. Tal vez esa mentalidad tan conservadora sea la responsable de esto,Experimento de dos chicos para probar que la homofobia empeora en Rusia,laSexta Noticias,2015-07-19T18:50:09Z,2015,lgtbi
gi7-uWyIYRw,@nicotupana6295,2022-06-02T20:18:08Z,2,Que pro rusia,Experimento de dos chicos para probar que la homofobia empeora en Rusia,laSexta Noticias,2015-07-19T18:50:09Z,2015,lgtbi
gi7-uWyIYRw,@jhoelochoa3069,2023-02-05T00:39:15Z,0,No quiero ser duro.pero csda pais tiwne sus reglas.y realmente pensemos en nuestros niños,Experimento de dos chicos para probar que la homofobia empeora en Rusia,laSexta Noticias,2015-07-19T18:50:09Z,2015,lgtbi
gi7-uWyIYRw,@DECD_KCD,2021-08-18T03:09:11Z,0,Que aumenta más la cantidad de homosexuales o la cantidad de homofobicos.,Experimento de dos chicos para probar que la homofobia empeora en Rusia,laSexta Noticias,2015-07-19T18:50:09Z,2015,lgtbi
gi7-uWyIYRw,@adrianramirez3741,2021-04-03T01:48:10Z,0,"Jajaja
Mega político este video. Los medios de comunicación. 🤡🤡🤡🤡🤡😂",Experimento de dos chicos para probar que la homofobia empeora en Rusia,laSexta Noticias,2015-07-19T18:50:09Z,2015,lgtbi
gi7-uWyIYRw,@rolendo4075,2022-05-06T17:42:58Z,4,Ojalá siga así Rusia,Experimento de dos chicos para probar que la homofobia empeora en Rusia,laSexta Noticias,2015-07-19T18:50:09Z,2015,lgtbi
gi7-uWyIYRw,@elsalvaje390,2021-07-01T01:49:10Z,0,Viva Rusia,Experimento de dos chicos para probar que la homofobia empeora en Rusia,laSexta Noticias,2015-07-19T18:50:09Z,2015,lgtbi
gi7-uWyIYRw,@alfredsamuelrodriguezguari956,2022-06-16T18:42:52Z,9,rusia = el mejor pais,Experimento de dos chicos para probar que la homofobia empeora en Rusia,laSexta Noticias,2015-07-19T18:50:09Z,2015,lgtbi
gi7-uWyIYRw,@Monicerato,2021-05-07T18:25:01Z,1,Razones por la que irse a rusia,Experimento de dos chicos para probar que la homofobia empeora en Rusia,laSexta Noticias,2015-07-19T18:50:09Z,2015,lgtbi
gi7-uWyIYRw,@arekfaviocorderolinares4745,2021-04-07T01:20:46Z,4,Grande Putin 😎👌,Experimento de dos chicos para probar que la homofobia empeora en Rusia,laSexta Noticias,2015-07-19T18:50:09Z,2015,lgtbi
gi7-uWyIYRw,@aridowns8274,2021-05-12T22:24:48Z,1,Qué bien qué Rusia sea un país más al igual qué todo el Medio Oriente que les dan su merecido !!! dios bendiga a todos los países del Medio Oriente Arabia y todos sus alrededores!!!  Qué acatan las leyes de Moisés,Experimento de dos chicos para probar que la homofobia empeora en Rusia,laSexta Noticias,2015-07-19T18:50:09Z,2015,lgtbi
gi7-uWyIYRw,@astralblue2749,2023-01-09T18:00:52Z,1,"Odio los homofobicos, siempre en contra de todas las parejas gay. Me duele mas a mi verlos sufrir sin nada 😔.",Experimento de dos chicos para probar que la homofobia empeora en Rusia,laSexta Noticias,2015-07-19T18:50:09Z,2015,lgtbi
gi7-uWyIYRw,@cesarmedina2112,2023-05-11T02:11:19Z,0,Viva Rusia,Experimento de dos chicos para probar que la homofobia empeora en Rusia,laSexta Noticias,2015-07-19T18:50:09Z,2015,lgtbi
gi7-uWyIYRw,@kxshk44,2021-06-02T02:56:54Z,0,en rusia si son normales.,Experimento de dos chicos para probar que la homofobia empeora en Rusia,laSexta Noticias,2015-07-19T18:50:09Z,2015,lgtbi
gi7-uWyIYRw,@c0rrupt_f1le,2023-03-10T03:05:10Z,2,Por noob 😂,Experimento de dos chicos para probar que la homofobia empeora en Rusia,laSexta Noticias,2015-07-19T18:50:09Z,2015,lgtbi
gi7-uWyIYRw,@andreslema5495,2021-04-05T05:36:21Z,1,Tons que se muden a USA alla si eres hetero ya son 30 años de condena,Experimento de dos chicos para probar que la homofobia empeora en Rusia,laSexta Noticias,2015-07-19T18:50:09Z,2015,lgtbi
gi7-uWyIYRw,@alejandrocorrea8355,2021-04-07T13:12:01Z,7,Viva rusia,Experimento de dos chicos para probar que la homofobia empeora en Rusia,laSexta Noticias,2015-07-19T18:50:09Z,2015,lgtbi
gi7-uWyIYRw,@maxilopez3362,2021-07-01T15:19:53Z,0,Asi es como lo asemos en la madre russia,Experimento de dos chicos para probar que la homofobia empeora en Rusia,laSexta Noticias,2015-07-19T18:50:09Z,2015,lgtbi
gi7-uWyIYRw,@JavierMileiLujanCarrion,2024-10-22T22:40:47Z,2,"Grandes los rusos, respetando las cosas como Dios las hizo. Que no me pidan respeto las personas que no respetan ni siquiera el sexo con el que nacieron.",Experimento de dos chicos para probar que la homofobia empeora en Rusia,laSexta Noticias,2015-07-19T18:50:09Z,2015,lgtbi
gi7-uWyIYRw,@rommelrodriguez8314,2025-08-26T16:38:42Z,2,"Así en España,viva Rusia",Experimento de dos chicos para probar que la homofobia empeora en Rusia,laSexta Noticias,2015-07-19T18:50:09Z,2015,lgtbi
gi7-uWyIYRw,@ludgomezleon3136,2021-04-27T03:44:35Z,1,Pobrecitos...🤣🤣🤣 Grande RuSsia,Experimento de dos chicos para probar que la homofobia empeora en Rusia,laSexta Noticias,2015-07-19T18:50:09Z,2015,lgtbi
gi7-uWyIYRw,@seguntoronaldtoroguevara6796,2023-07-10T11:41:17Z,0,Que viva rusia,Experimento de dos chicos para probar que la homofobia empeora en Rusia,laSexta Noticias,2015-07-19T18:50:09Z,2015,lgtbi
gi7-uWyIYRw,@elmayor3770,2022-10-18T04:04:19Z,6,"Que lastima que no podemos hacer lo mismo en occidente.

Molestas a estos gay.",Experimento de dos chicos para probar que la homofobia empeora en Rusia,laSexta Noticias,2015-07-19T18:50:09Z,2015,lgtbi
gi7-uWyIYRw,@arturo3448,2023-03-13T05:06:36Z,0,"Un peligro Rusia. El mejor ejemplo del ""consevatismo"" por así decirlo.",Experimento de dos chicos para probar que la homofobia empeora en Rusia,laSexta Noticias,2015-07-19T18:50:09Z,2015,lgtbi
gi7-uWyIYRw,@misaelmt5666,2021-04-26T06:03:58Z,2,"Homofobia, es respetar la ley de Dios",Experimento de dos chicos para probar que la homofobia empeora en Rusia,laSexta Noticias,2015-07-19T18:50:09Z,2015,lgtbi
gi7-uWyIYRw,@inusualsubs,2021-05-23T02:26:06Z,13,"Es gracioso como las personas hacen comentarios tontos sobre memes porque no tienen personalidad y lo otro sólo dicen esas payasadas de ""La Madre Rusia"" porque están atrás de una pantalla y saben que no les pueden hacer nada, los reto a hacer esas bobadas en la esquina de sus casas. 💩",Experimento de dos chicos para probar que la homofobia empeora en Rusia,laSexta Noticias,2015-07-19T18:50:09Z,2015,lgtbi
gi7-uWyIYRw,@1killtekk,2022-10-17T02:06:01Z,6,No empeoro solo mejoro,Experimento de dos chicos para probar que la homofobia empeora en Rusia,laSexta Noticias,2015-07-19T18:50:09Z,2015,lgtbi
gi7-uWyIYRw,@aviasmx,2024-02-03T00:45:08Z,2,putinnn! te necesitamos!!,Experimento de dos chicos para probar que la homofobia empeora en Rusia,laSexta Noticias,2015-07-19T18:50:09Z,2015,lgtbi
gi7-uWyIYRw,@domeroma1873,2021-04-26T03:39:24Z,1,"Que asco de gente homofóbica. Cómo serán con sus hijos, nietos o sobrinos homosexuales. Cuántos Rusos homosexuales deben estar escondidos",Experimento de dos chicos para probar que la homofobia empeora en Rusia,laSexta Noticias,2015-07-19T18:50:09Z,2015,lgtbi
gi7-uWyIYRw,@camilaosorescardenas3536,2021-12-10T04:00:02Z,0,como se atreven 😡,Experimento de dos chicos para probar que la homofobia empeora en Rusia,laSexta Noticias,2015-07-19T18:50:09Z,2015,lgtbi
gi7-uWyIYRw,@saulgarcia188,2021-04-10T13:22:45Z,3,"Yo soy cristiano evangélico y no apoyo la ideología de género ni la homosexualidad como algo bueno por mis creencias, pero me parece mal que traten a la gente a si no esta bien maltratar a nadie hay que respetar a las personas",Experimento de dos chicos para probar que la homofobia empeora en Rusia,laSexta Noticias,2015-07-19T18:50:09Z,2015,lgtbi
gi7-uWyIYRw,@velxen77,2022-09-11T18:40:13Z,0,Russia es normal 😎,Experimento de dos chicos para probar que la homofobia empeora en Rusia,laSexta Noticias,2015-07-19T18:50:09Z,2015,lgtbi
gi7-uWyIYRw,@megaknightff576,2022-03-20T18:28:57Z,2,Asi deberia ser en todo el mundo bien por rusia,Experimento de dos chicos para probar que la homofobia empeora en Rusia,laSexta Noticias,2015-07-19T18:50:09Z,2015,lgtbi
gi7-uWyIYRw,@oscareduardoleonmora7623,2021-07-02T08:03:28Z,0,Muerte,Experimento de dos chicos para probar que la homofobia empeora en Rusia,laSexta Noticias,2015-07-19T18:50:09Z,2015,lgtbi
gi7-uWyIYRw,@salvatorezapata8583,2021-05-09T18:35:30Z,5,"Viva la madre rusia, viva putin🌈🌈🚫😎",Experimento de dos chicos para probar que la homofobia empeora en Rusia,laSexta Noticias,2015-07-19T18:50:09Z,2015,lgtbi
gi7-uWyIYRw,@diegobarajas5093,2021-04-05T21:34:37Z,1,"Algunos a favor
Otros en contra
Pero los que saben de politica saben
Que esto es para tirarle hate a Rusia y enaltecer a E.U",Experimento de dos chicos para probar que la homofobia empeora en Rusia,laSexta Noticias,2015-07-19T18:50:09Z,2015,lgtbi
gi7-uWyIYRw,@vladimirputin6810,2023-01-01T07:46:43Z,3,La verdad yo no estoy a favor ni en contra de los LGBT pero los respeto ya que son personas que merecen respeto,Experimento de dos chicos para probar que la homofobia empeora en Rusia,laSexta Noticias,2015-07-19T18:50:09Z,2015,lgtbi
gi7-uWyIYRw,@oktu6503,2021-07-22T17:22:15Z,0,"Bueno, todo esto tiene una explicación, la mayoría eran personas que crecieron en la unión soviética donde el ser homosexual era algo que te podía costar hasta 5 años de trabajos forzados, ademas Putin alimenta este pensamiento en los jóvenes",Experimento de dos chicos para probar que la homofobia empeora en Rusia,laSexta Noticias,2015-07-19T18:50:09Z,2015,lgtbi
gi7-uWyIYRw,@timelengedary2560,2021-08-23T04:12:33Z,2,Rusia está muy basado 😎🤝,Experimento de dos chicos para probar que la homofobia empeora en Rusia,laSexta Noticias,2015-07-19T18:50:09Z,2015,lgtbi
gi7-uWyIYRw,@jamesking1878,2022-11-24T02:33:10Z,2,Joder qué avanzada es rusia,Experimento de dos chicos para probar que la homofobia empeora en Rusia,laSexta Noticias,2015-07-19T18:50:09Z,2015,lgtbi
gi7-uWyIYRw,@cavarlycommando3477,2021-04-10T03:12:37Z,0,RUSIA BASADAAAAAAAAAAAAAAAAAAAAAAAAAAAAAAAAAAAAAAAAAAAAAAAAAAAAAAAAAAAAAAAAAAAAAAAAAAAAA,Experimento de dos chicos para probar que la homofobia empeora en Rusia,laSexta Noticias,2015-07-19T18:50:09Z,2015,lgtbi
gi7-uWyIYRw,@ninanavarroflorez5534,2021-04-07T19:09:08Z,5,Pero q diferencia cuando los hombres ven a dos mujeres besándose o algo parecido. Hipócritas.,Experimento de dos chicos para probar que la homofobia empeora en Rusia,laSexta Noticias,2015-07-19T18:50:09Z,2015,lgtbi
gi7-uWyIYRw,@haterviolador3757,2021-07-05T18:57:45Z,2,Viva Rusia no cae en la decadencia,Experimento de dos chicos para probar que la homofobia empeora en Rusia,laSexta Noticias,2015-07-19T18:50:09Z,2015,lgtbi
gi7-uWyIYRw,@Gous,2022-12-14T00:43:22Z,1,Que asco de personas. El amor es el amor.,Experimento de dos chicos para probar que la homofobia empeora en Rusia,laSexta Noticias,2015-07-19T18:50:09Z,2015,lgtbi
gi7-uWyIYRw,@carlosramos5256,2021-05-02T22:10:08Z,1,Y la homosexualidad también,Experimento de dos chicos para probar que la homofobia empeora en Rusia,laSexta Noticias,2015-07-19T18:50:09Z,2015,lgtbi
gi7-uWyIYRw,@LAMASCARA3430,2025-09-27T00:13:36Z,0,Que buena la madre Rusia se nota que aún tiene. Valores,Experimento de dos chicos para probar que la homofobia empeora en Rusia,laSexta Noticias,2015-07-19T18:50:09Z,2015,lgtbi
gi7-uWyIYRw,@TheBrohaiYT,2022-05-03T14:14:41Z,3,Amo rusia,Experimento de dos chicos para probar que la homofobia empeora en Rusia,laSexta Noticias,2015-07-19T18:50:09Z,2015,lgtbi
gi7-uWyIYRw,@israelavila813,2021-05-02T02:44:45Z,2,Muy bien por los rusos,Experimento de dos chicos para probar que la homofobia empeora en Rusia,laSexta Noticias,2015-07-19T18:50:09Z,2015,lgtbi
gi7-uWyIYRw,@christianxd5146,2022-09-06T07:01:59Z,0,DE HETEROSEXUALES JAJAJAJA SI ESOS SON HETEROS YO SOY JESUS,Experimento de dos chicos para probar que la homofobia empeora en Rusia,laSexta Noticias,2015-07-19T18:50:09Z,2015,lgtbi
gi7-uWyIYRw,@je231,2023-07-03T04:42:21Z,0,Asi se merecen,Experimento de dos chicos para probar que la homofobia empeora en Rusia,laSexta Noticias,2015-07-19T18:50:09Z,2015,lgtbi
gi7-uWyIYRw,@pepemanfire,2021-05-05T20:02:37Z,3,Quisiera que la ley contra homesexuales de Rusia se extendiera por todo el mundo,Experimento de dos chicos para probar que la homofobia empeora en Rusia,laSexta Noticias,2015-07-19T18:50:09Z,2015,lgtbi
gi7-uWyIYRw,@biancapalavecino1258,2021-05-23T05:22:03Z,2,Dejenlos vivir en paz,Experimento de dos chicos para probar que la homofobia empeora en Rusia,laSexta Noticias,2015-07-19T18:50:09Z,2015,lgtbi
gi7-uWyIYRw,@Nosequep0ner-y8p,2024-11-25T23:21:20Z,1,"yo no soy progre ni mucho menos prorruso pero la ideología de genero ya tiene chato a muchos paises, en mi caso no justifico las agresiones contra personas por ser homosexuales pero tampoco estoy de acuerdo con que los homosexuales se besen en cualquier lugar o en cualquier momento (es muy incomodo ver a dos hombres o dos mujeres besarse)",Experimento de dos chicos para probar que la homofobia empeora en Rusia,laSexta Noticias,2015-07-19T18:50:09Z,2015,lgtbi
gi7-uWyIYRw,@alvarohernandez6873,2021-04-01T13:46:01Z,1,"Vamos hombre se llama intimidad,  por qué  no reconocer que no están bien , que no son aptos para que los niños los vean en las calles, a ver cómo  le explicas a un niño de 5 años eso que ellos hacen???",Experimento de dos chicos para probar que la homofobia empeora en Rusia,laSexta Noticias,2015-07-19T18:50:09Z,2015,lgtbi
gi7-uWyIYRw,@eike5273,2022-10-27T14:36:35Z,1,Rusia ejemplo de la lucha contra la putrefaccion de occidente,Experimento de dos chicos para probar que la homofobia empeora en Rusia,laSexta Noticias,2015-07-19T18:50:09Z,2015,lgtbi
gi7-uWyIYRw,@gatitogloton9190,2021-12-31T00:45:47Z,1,"Rusia límita las prácticas de Amor Homosexual debido a que en otros países la comunidad LGBT abusa de sus ""derechos solo por ser Homosexuales"", no seamos ciegos, no solos la comunidad LGBT es agredida.",Experimento de dos chicos para probar que la homofobia empeora en Rusia,laSexta Noticias,2015-07-19T18:50:09Z,2015,lgtbi
gi7-uWyIYRw,@sandralemushernandez7757,2024-10-19T02:07:47Z,1,"Si muchos creen que ser homosexual o ser lesbiana es como de nacimiento porque no se tratan eso con un especialista y que les inyecten mas hormonas masculinas o femeninas o buscar un remedio, xq a de ser frustante nacer con tus organos reproductivos pero que al final no los usas  cono debe de ser, porque les guste o no eso a la larga tambien trauman a terceros mas si pienssn en tener niños a su lado.  yo no soy nadie para guzgarlos lo que si se esque deberian de ir a algun lado donde los atiendan de esas inseguridades o tambien muchas veces son las malas compañias que los inducen a decisiones incorrectas pueden haber muchas razones solo tomenlo cómo consejo, ok. Bendiciones 🙏🏼",Experimento de dos chicos para probar que la homofobia empeora en Rusia,laSexta Noticias,2015-07-19T18:50:09Z,2015,lgtbi
gi7-uWyIYRw,@invictusvallaro3865,2021-06-20T22:08:02Z,0,Viva Rusia,Experimento de dos chicos para probar que la homofobia empeora en Rusia,laSexta Noticias,2015-07-19T18:50:09Z,2015,lgtbi
gi7-uWyIYRw,@davidbh7006,2021-05-01T08:28:48Z,1,Bien por Rusia..  no se andan con cosas ... debemos aprender algo,Experimento de dos chicos para probar que la homofobia empeora en Rusia,laSexta Noticias,2015-07-19T18:50:09Z,2015,lgtbi
gi7-uWyIYRw,@alexapach8518,2022-02-12T23:42:23Z,4,Es una falta de respeto ir provocando en un pais ke esta prohibido exponer el homosesualismo ake respetar primero las leyes de un pais para exigir respeto si en mi casa esta prohibido cualkier clase de animal y sabiendo vienes con un animal yo misma te boto por irrespetuoso ake tener sentido comun,Experimento de dos chicos para probar que la homofobia empeora en Rusia,laSexta Noticias,2015-07-19T18:50:09Z,2015,lgtbi
gi7-uWyIYRw,@alejandroalejandria3092,2021-04-03T06:10:45Z,5,"Ser gay, bisexual o trans no tiene nada de malo, lo que si es una real KK son esos más de 100 géneros que existe, osea, que carajos",Experimento de dos chicos para probar que la homofobia empeora en Rusia,laSexta Noticias,2015-07-19T18:50:09Z,2015,lgtbi
gi7-uWyIYRw,@darylvelasquez1072,2021-04-09T14:39:57Z,5,VIVA RUSIAAAAAAAAAAAAAAA,Experimento de dos chicos para probar que la homofobia empeora en Rusia,laSexta Noticias,2015-07-19T18:50:09Z,2015,lgtbi
gi7-uWyIYRw,@inwthtakegod4957,2021-09-18T13:07:25Z,1,"Mas que únicamente ser culpa de putin, al que veo pues, me da igual si apoya a la comunidad LGBT y le haga propaganda. Más es la sociedad rusa intolerante, y bueno, yo a pesar de ser homo aunque no e andado de la mano de nadie, xq simplemente me da igual. A pesar de no criminalizarse la homosexualidad en rusia ni sea ilegal vivir con tu pareja, la falta de respeto es palpable.",Experimento de dos chicos para probar que la homofobia empeora en Rusia,laSexta Noticias,2015-07-19T18:50:09Z,2015,lgtbi
gi7-uWyIYRw,@infinitedefenseschool6175,2024-10-26T20:16:36Z,0,Excelente por los rusos,Experimento de dos chicos para probar que la homofobia empeora en Rusia,laSexta Noticias,2015-07-19T18:50:09Z,2015,lgtbi
gi7-uWyIYRw,@manuelcruse2637,2021-04-07T23:39:02Z,2,empeora?..que le pasa a la gente ... necesitamos mas de esas normas,Experimento de dos chicos para probar que la homofobia empeora en Rusia,laSexta Noticias,2015-07-19T18:50:09Z,2015,lgtbi
gi7-uWyIYRw,@Trucks344,2024-09-01T12:02:11Z,3,Que bueno bien por Rusia ojalá y así fuera en todas partes 👍👍👍👍👍👍,Experimento de dos chicos para probar que la homofobia empeora en Rusia,laSexta Noticias,2015-07-19T18:50:09Z,2015,lgtbi
gi7-uWyIYRw,@Israelvaldez.,2023-07-14T13:38:12Z,0,Viva rusia,Experimento de dos chicos para probar que la homofobia empeora en Rusia,laSexta Noticias,2015-07-19T18:50:09Z,2015,lgtbi
gi7-uWyIYRw,@f.natanaelmatosortiz2164,2021-04-04T22:47:39Z,4,¡Viva la madre Rusia❤️!,Experimento de dos chicos para probar que la homofobia empeora en Rusia,laSexta Noticias,2015-07-19T18:50:09Z,2015,lgtbi
gi7-uWyIYRw,@xZShaneRemeydZx,2022-11-07T00:25:46Z,0,"Bueno, son gays y lesbis, qué se puede hacer? Nada solo aceptar su realidad y respetar, claro sin violencia por parte de ambos.",Experimento de dos chicos para probar que la homofobia empeora en Rusia,laSexta Noticias,2015-07-19T18:50:09Z,2015,lgtbi
gi7-uWyIYRw,@mensajerodedios1974,2021-05-27T19:51:35Z,1,Esto no lo dice la rusa de RT,Experimento de dos chicos para probar que la homofobia empeora en Rusia,laSexta Noticias,2015-07-19T18:50:09Z,2015,lgtbi
gi7-uWyIYRw,@kennethmercado4200,2023-04-16T12:50:32Z,0,Hagan eso en China o en paises musulmanes a ver si se atreven,Experimento de dos chicos para probar que la homofobia empeora en Rusia,laSexta Noticias,2015-07-19T18:50:09Z,2015,lgtbi
gi7-uWyIYRw,@Cvyb855,2021-09-16T18:29:48Z,6,Rusia god,Experimento de dos chicos para probar que la homofobia empeora en Rusia,laSexta Noticias,2015-07-19T18:50:09Z,2015,lgtbi
gi7-uWyIYRw,@isaiesquivel1951,2022-02-21T06:39:17Z,3,Viva la madre Rusia!!!,Experimento de dos chicos para probar que la homofobia empeora en Rusia,laSexta Noticias,2015-07-19T18:50:09Z,2015,lgtbi
gi7-uWyIYRw,@luisfernandoperezpadilla4131,2021-05-27T07:10:29Z,12,Que viva la madre Rusia 🇷🇺🇷🇺🇷🇺,Experimento de dos chicos para probar que la homofobia empeora en Rusia,laSexta Noticias,2015-07-19T18:50:09Z,2015,lgtbi
gi7-uWyIYRw,@JohaNoha,2021-04-06T19:56:25Z,3,RUSSIA TE AMOOOOOOOO,Experimento de dos chicos para probar que la homofobia empeora en Rusia,laSexta Noticias,2015-07-19T18:50:09Z,2015,lgtbi
gi7-uWyIYRw,@Ninjagungui,2021-04-10T08:07:13Z,1,"Yo viendo a los rusos:
Héroes😎👌🏻",Experimento de dos chicos para probar que la homofobia empeora en Rusia,laSexta Noticias,2015-07-19T18:50:09Z,2015,lgtbi
gi7-uWyIYRw,@BmwBryan_adams01,2022-06-30T05:27:30Z,2,Que gran pais rusia 👏👏👏👏,Experimento de dos chicos para probar que la homofobia empeora en Rusia,laSexta Noticias,2015-07-19T18:50:09Z,2015,lgtbi
gi7-uWyIYRw,@feliperivas5035,2021-07-17T16:33:19Z,0,Lucas 17-26-27-28-29,Experimento de dos chicos para probar que la homofobia empeora en Rusia,laSexta Noticias,2015-07-19T18:50:09Z,2015,lgtbi
gi7-uWyIYRw,@lilvegas1877,2023-03-20T12:22:12Z,5,"Que grande Rusia, como debe ser 💪",Experimento de dos chicos para probar que la homofobia empeora en Rusia,laSexta Noticias,2015-07-19T18:50:09Z,2015,lgtbi
gi7-uWyIYRw,@ElOtrin999,2021-08-17T22:33:30Z,2,Oof amo Rusia VIVA LA HOMOFOBIAAAA (me van a funar),Experimento de dos chicos para probar que la homofobia empeora en Rusia,laSexta Noticias,2015-07-19T18:50:09Z,2015,lgtbi
gi7-uWyIYRw,@Heldimp-hu7vf,2021-06-19T14:25:47Z,1,Me quiero ir a Rusia :D,Experimento de dos chicos para probar que la homofobia empeora en Rusia,laSexta Noticias,2015-07-19T18:50:09Z,2015,lgtbi
gi7-uWyIYRw,@itsmeulysses8044,2021-04-22T04:24:54Z,0,Excelente por russia,Experimento de dos chicos para probar que la homofobia empeora en Rusia,laSexta Noticias,2015-07-19T18:50:09Z,2015,lgtbi
gi7-uWyIYRw,@SAID-gc6mu,2022-06-26T03:06:15Z,2,Un paraíso,Experimento de dos chicos para probar que la homofobia empeora en Rusia,laSexta Noticias,2015-07-19T18:50:09Z,2015,lgtbi
gi7-uWyIYRw,@luisbarsini1770,2021-04-23T12:40:03Z,1,No existe la homofobia! Les guste o no progress,Experimento de dos chicos para probar que la homofobia empeora en Rusia,laSexta Noticias,2015-07-19T18:50:09Z,2015,lgtbi
gi7-uWyIYRw,@williamuchiha1764,2021-04-20T00:50:25Z,0,RusiaGod,Experimento de dos chicos para probar que la homofobia empeora en Rusia,laSexta Noticias,2015-07-19T18:50:09Z,2015,lgtbi
gi7-uWyIYRw,@dagoman36,2022-02-02T06:35:12Z,5,Por eso Rusia es potencia mundial,Experimento de dos chicos para probar que la homofobia empeora en Rusia,laSexta Noticias,2015-07-19T18:50:09Z,2015,lgtbi
gi7-uWyIYRw,@dantex0890,2022-01-19T15:52:45Z,2,Unos cracks los que los insultaron,Experimento de dos chicos para probar que la homofobia empeora en Rusia,laSexta Noticias,2015-07-19T18:50:09Z,2015,lgtbi
gi7-uWyIYRw,@jorgeortiz3415,2022-07-22T20:59:56Z,0,Dios es justicia el humano no es Dios es amor y día a día es paz y respeto es vida y sexo nadie cambia el sexo es su destino en amor,Experimento de dos chicos para probar que la homofobia empeora en Rusia,laSexta Noticias,2015-07-19T18:50:09Z,2015,lgtbi
gi7-uWyIYRw,@adsdsa8756,2021-04-30T02:02:25Z,0,"Viva Rusia 👏👏👏respeto a la mala para que respeten a los que no quieren su impocision de la homosexualidad a el resto de personas como en otros países se nos obliga a aceptarlos y a no decir nada atento a que te encarcelen por crímenes de odio, homofobia etc... Solo por no estar de acuerdo con ello que tomen de su misma medicina dos tragos!!!",Experimento de dos chicos para probar que la homofobia empeora en Rusia,laSexta Noticias,2015-07-19T18:50:09Z,2015,lgtbi
gi7-uWyIYRw,@TMoDDD,2021-04-27T01:08:01Z,1,Eso pasa cuando tratas de forzar una ideología fallida en un país que tiene las mujeres mas bellas del mundo.,Experimento de dos chicos para probar que la homofobia empeora en Rusia,laSexta Noticias,2015-07-19T18:50:09Z,2015,lgtbi
gi7-uWyIYRw,@richarddelgadomongragon7697,2021-12-31T15:17:06Z,1,Hay que respetar a un país que no le gusta estas cosas....si quieren estar en pareja vallan a sus casa con privacidad!,Experimento de dos chicos para probar que la homofobia empeora en Rusia,laSexta Noticias,2015-07-19T18:50:09Z,2015,lgtbi
gi7-uWyIYRw,@f.d8771,2021-08-28T20:44:40Z,0,GRANDE RUSIA😎🤘,Experimento de dos chicos para probar que la homofobia empeora en Rusia,laSexta Noticias,2015-07-19T18:50:09Z,2015,lgtbi
gi7-uWyIYRw,@DazaHdz,2021-04-10T11:19:28Z,2,"Homofobia? Nmms quien le tendria miedo a un gay. Lo que está  prohibido en rusia es la propaganda gay, no te prohiben ser gay, solo te prohiben hacer propaganda.",Experimento de dos chicos para probar que la homofobia empeora en Rusia,laSexta Noticias,2015-07-19T18:50:09Z,2015,lgtbi
gi7-uWyIYRw,@alejandro-dp7ir,2021-04-18T05:09:04Z,0,grande rusia :),Experimento de dos chicos para probar que la homofobia empeora en Rusia,laSexta Noticias,2015-07-19T18:50:09Z,2015,lgtbi
gi7-uWyIYRw,@mesiascruz7599,2023-06-27T02:47:27Z,0,"0JALA SEAMOS COMO LOS CHECHENOS, LIBANESES Y NO TAN PERMISIVOS......ARRIBA PUTIN",Experimento de dos chicos para probar que la homofobia empeora en Rusia,laSexta Noticias,2015-07-19T18:50:09Z,2015,lgtbi
gi7-uWyIYRw,@fepo5764,2023-09-20T00:47:11Z,0,"La solución es sencilla, QUE SE VAYAN A VIVIR A EU... 
Fin del drama 🤷🏻",Experimento de dos chicos para probar que la homofobia empeora en Rusia,laSexta Noticias,2015-07-19T18:50:09Z,2015,lgtbi
gi7-uWyIYRw,@yurael10,2023-02-05T23:21:52Z,7,Un like por la homofobia,Experimento de dos chicos para probar que la homofobia empeora en Rusia,laSexta Noticias,2015-07-19T18:50:09Z,2015,lgtbi
gi7-uWyIYRw,@skateofplain2421,2021-04-10T00:28:09Z,2,Quiero ir a rusia :(,Experimento de dos chicos para probar que la homofobia empeora en Rusia,laSexta Noticias,2015-07-19T18:50:09Z,2015,lgtbi
gi7-uWyIYRw,@spacemarine7674,2022-05-01T07:19:56Z,0,Voy hacer sincera no apoyó alos lgbts pero si respeto Ami no me importa si eres gay heterosexual trans ect . Ami me da igual lo que seas no me importa.,Experimento de dos chicos para probar que la homofobia empeora en Rusia,laSexta Noticias,2015-07-19T18:50:09Z,2015,lgtbi
gi7-uWyIYRw,@oktu6503,2021-07-03T02:51:45Z,1,"за родину, за сталина, вперед, urraaaaa",Experimento de dos chicos para probar que la homofobia empeora en Rusia,laSexta Noticias,2015-07-19T18:50:09Z,2015,lgtbi
gi7-uWyIYRw,@abrahamsuarezlinares2271,2021-04-20T01:21:20Z,1,VIVA RUSIA,Experimento de dos chicos para probar que la homofobia empeora en Rusia,laSexta Noticias,2015-07-19T18:50:09Z,2015,lgtbi
gi7-uWyIYRw,@ZignalDroche815,2021-04-02T00:50:33Z,2,Viva putin,Experimento de dos chicos para probar que la homofobia empeora en Rusia,laSexta Noticias,2015-07-19T18:50:09Z,2015,lgtbi
gi7-uWyIYRw,@livelula55,2021-09-05T03:49:35Z,1,"Hagan su vida escondida pero no molesten a los que no estamos de acuerdo!!!
Osea la mayoría hombres y mujeres!!!",Experimento de dos chicos para probar que la homofobia empeora en Rusia,laSexta Noticias,2015-07-19T18:50:09Z,2015,lgtbi
gi7-uWyIYRw,@heidychirinos1417,2022-07-05T18:31:19Z,0,"Se respecta eso es problema de cada quien como llovan su sexualidad pero no pretendan acabar a las familias con su ideología estúpida , osea uno no se mete pero no busque hundir a nuestros niños ellos crecerán y verán que hacer",Experimento de dos chicos para probar que la homofobia empeora en Rusia,laSexta Noticias,2015-07-19T18:50:09Z,2015,lgtbi
gi7-uWyIYRw,@loskaposdelambare,2021-04-21T01:25:12Z,0,Grande rusia,Experimento de dos chicos para probar que la homofobia empeora en Rusia,laSexta Noticias,2015-07-19T18:50:09Z,2015,lgtbi
gi7-uWyIYRw,@juanjrsolitario6457,2021-04-25T19:04:55Z,0,Sque es la neta Díos Todopoderoso dejo al hombre y a la mujer no puñales o lesbianas,Experimento de dos chicos para probar que la homofobia empeora en Rusia,laSexta Noticias,2015-07-19T18:50:09Z,2015,lgtbi
gi7-uWyIYRw,@aarongarcia5144,2021-08-28T18:39:02Z,0,viva rusia viva iran viva los paises homofobicos,Experimento de dos chicos para probar que la homofobia empeora en Rusia,laSexta Noticias,2015-07-19T18:50:09Z,2015,lgtbi
gi7-uWyIYRw,@rpm3690,2021-08-20T19:28:10Z,2,rusiaGOD,Experimento de dos chicos para probar que la homofobia empeora en Rusia,laSexta Noticias,2015-07-19T18:50:09Z,2015,lgtbi
gi7-uWyIYRw,@juanfilibertoarandarivera996,2021-04-24T19:34:21Z,0,Bien hecho. Rusia un pais conservador. Un 100 a putin,Experimento de dos chicos para probar que la homofobia empeora en Rusia,laSexta Noticias,2015-07-19T18:50:09Z,2015,lgtbi
gi7-uWyIYRw,@lyodussart,2021-09-28T01:37:33Z,4,"Será que esas personas que se burlan no saben que también tenemos sentimientos?
Bueno si alguien sufrió bullying colectivo, en colegio o calle sabrá se lo que hablo, no es nada lindo.",Experimento de dos chicos para probar que la homofobia empeora en Rusia,laSexta Noticias,2015-07-19T18:50:09Z,2015,lgtbi
gi7-uWyIYRw,@carloslazzo6201,2022-10-28T09:15:22Z,0,"Esta perfecto eso por que tienen que andar exhibiéndose así delante de la gente, de niños, si los heterosexuales no lo hacen, que respeten, si no los frenan se descontrola todo, una cosa es ser homosexual y otra cosa es no repetar a los demas",Experimento de dos chicos para probar que la homofobia empeora en Rusia,laSexta Noticias,2015-07-19T18:50:09Z,2015,lgtbi
gi7-uWyIYRw,@AbsoluteNotCrisDev,2021-12-29T15:55:40Z,2,Debo ir a rusia,Experimento de dos chicos para probar que la homofobia empeora en Rusia,laSexta Noticias,2015-07-19T18:50:09Z,2015,lgtbi
gi7-uWyIYRw,@javierllanovarced309,2021-08-19T17:50:16Z,7,Q viva rusia👏🏻👏🏻👏🏻💪💪💪aprendan españoles 💪💪,Experimento de dos chicos para probar que la homofobia empeora en Rusia,laSexta Noticias,2015-07-19T18:50:09Z,2015,lgtbi
gi7-uWyIYRw,@darioguachizaca,2021-04-27T17:28:20Z,1,El unico pais q si sabe negar alos gaays😎😎😎 este putin me sosprende,Experimento de dos chicos para probar que la homofobia empeora en Rusia,laSexta Noticias,2015-07-19T18:50:09Z,2015,lgtbi
gi7-uWyIYRw,@Wakoman89,2021-05-01T06:04:40Z,4,Jeje arriba Rusia se ve que es la ostia arriba los heteros B),Experimento de dos chicos para probar que la homofobia empeora en Rusia,laSexta Noticias,2015-07-19T18:50:09Z,2015,lgtbi
gi7-uWyIYRw,@elianledesma8446,2023-01-28T02:50:55Z,5,"Países que apoyan a los LGBT:🤓🤓🤓💩💩
Rusia todo un crack:💪😎. 🏳️‍🌈❎.  ⬛⬜⬛✔️",Experimento de dos chicos para probar que la homofobia empeora en Rusia,laSexta Noticias,2015-07-19T18:50:09Z,2015,lgtbi
gi7-uWyIYRw,@andywicki5934,2021-09-30T02:04:22Z,4,Te amo Russia. ❤,Experimento de dos chicos para probar que la homofobia empeora en Rusia,laSexta Noticias,2015-07-19T18:50:09Z,2015,lgtbi
gi7-uWyIYRw,@Carlyfi88,2022-03-15T11:53:45Z,0,Para que hacen esas tonterías de experimento? Ellos saben que es una falta de respeto hacer eso en Rusia. Porque no hacen esas tonterías en Irak oder en Afganistán??,Experimento de dos chicos para probar que la homofobia empeora en Rusia,laSexta Noticias,2015-07-19T18:50:09Z,2015,lgtbi
gi7-uWyIYRw,@Denni4195,2023-12-12T20:54:29Z,6,Me siento orgulloso de Rusia 😊😊😊,Experimento de dos chicos para probar que la homofobia empeora en Rusia,laSexta Noticias,2015-07-19T18:50:09Z,2015,lgtbi
gi7-uWyIYRw,@santiagoR498,2021-07-29T17:53:43Z,0,Exelente rusiaa...,Experimento de dos chicos para probar que la homofobia empeora en Rusia,laSexta Noticias,2015-07-19T18:50:09Z,2015,lgtbi
gi7-uWyIYRw,@JoseManuel-ho1mk,2022-02-10T04:11:07Z,8,Empeorar? Yo creo que mejoro 👍,Experimento de dos chicos para probar que la homofobia empeora en Rusia,laSexta Noticias,2015-07-19T18:50:09Z,2015,lgtbi
gi7-uWyIYRw,@Munchettos420,2021-10-08T12:19:33Z,0,VIVA RUSSIAAAAAA,Experimento de dos chicos para probar que la homofobia empeora en Rusia,laSexta Noticias,2015-07-19T18:50:09Z,2015,lgtbi
gi7-uWyIYRw,@dubon9999,2022-07-13T15:06:42Z,3,"Mando todo mí amor y mí apoyo a las personas LGBT ❤🧡💛💚💙💜 Ustedes también son importantes y muy valiosos a pesar de que vivimos en un mundo que les haga creer lo contrario, siéntanse siempre orgullosos de ser quienes son 🏳️‍🌈🏳️‍🌈🏳️‍🌈🏳️‍🌈🏳️‍🌈Ustedes también hacen de este mundo un lugar mejor ❤🧡💛💚💙💜",Experimento de dos chicos para probar que la homofobia empeora en Rusia,laSexta Noticias,2015-07-19T18:50:09Z,2015,lgtbi
gi7-uWyIYRw,@Ludio-Deji,2024-03-26T01:20:19Z,2,Adorado sea putin,Experimento de dos chicos para probar que la homofobia empeora en Rusia,laSexta Noticias,2015-07-19T18:50:09Z,2015,lgtbi
gi7-uWyIYRw,@beisempai1127,2021-04-01T05:16:51Z,1,Gloria a rusia,Experimento de dos chicos para probar que la homofobia empeora en Rusia,laSexta Noticias,2015-07-19T18:50:09Z,2015,lgtbi
gi7-uWyIYRw,@oscarmartinez2492,2021-09-24T22:49:10Z,5,Quiero vivir en Rusia,Experimento de dos chicos para probar que la homofobia empeora en Rusia,laSexta Noticias,2015-07-19T18:50:09Z,2015,lgtbi
gi7-uWyIYRw,@pepexdwasaadiariomomazos5097,2023-02-19T00:21:07Z,3,Grande russia 😎,Experimento de dos chicos para probar que la homofobia empeora en Rusia,laSexta Noticias,2015-07-19T18:50:09Z,2015,lgtbi
gi7-uWyIYRw,@paolaAyoubissa,2021-04-12T14:01:00Z,3,Aquí en Brasil también hay mucha libertad... Las parejas homosexuales van de los más normal agarrados de mano y en festividades hasta utilizando faldas.,Experimento de dos chicos para probar que la homofobia empeora en Rusia,laSexta Noticias,2015-07-19T18:50:09Z,2015,lgtbi
gi7-uWyIYRw,@gerardogutierrez4353,2023-01-03T06:13:36Z,0,rusia es un gran pais,Experimento de dos chicos para probar que la homofobia empeora en Rusia,laSexta Noticias,2015-07-19T18:50:09Z,2015,lgtbi
gi7-uWyIYRw,@DJoeeB,2023-07-16T01:37:43Z,1,"No sabía que los rusos estaban tan basados, BANCO TOTALMENTE",Experimento de dos chicos para probar que la homofobia empeora en Rusia,laSexta Noticias,2015-07-19T18:50:09Z,2015,lgtbi
gi7-uWyIYRw,@wolfys3760,2021-07-09T21:44:53Z,0,Por eso rusia es una potencia mundial._.,Experimento de dos chicos para probar que la homofobia empeora en Rusia,laSexta Noticias,2015-07-19T18:50:09Z,2015,lgtbi
gi7-uWyIYRw,@irvincm2284,2021-09-07T03:01:23Z,4,"Bien ahí 
Que good es *Putin y su gente*😎",Experimento de dos chicos para probar que la homofobia empeora en Rusia,laSexta Noticias,2015-07-19T18:50:09Z,2015,lgtbi
gi7-uWyIYRw,@leones1calejandro882,2021-04-04T17:57:20Z,1,Dios mio hay mucha gente normal en Rusia,Experimento de dos chicos para probar que la homofobia empeora en Rusia,laSexta Noticias,2015-07-19T18:50:09Z,2015,lgtbi
gi7-uWyIYRw,@CoreanoDemente,2024-09-15T14:27:12Z,2,Putin puede que sea un csmr por iniciar una guerra pero esto es amor al mundo y la sociedad.,Experimento de dos chicos para probar que la homofobia empeora en Rusia,laSexta Noticias,2015-07-19T18:50:09Z,2015,lgtbi
gi7-uWyIYRw,@yoamaalva6981,2024-08-02T07:52:33Z,0,"Esta mal agredir a alguien solo por ir de la mano,pero creo que debemos guardar nuestros gustos sexuales y personales para nosotros y nuestra pareja,al menos no agredir pero tampoco hacer un circo asqueroso como marchas sin pudor",Experimento de dos chicos para probar que la homofobia empeora en Rusia,laSexta Noticias,2015-07-19T18:50:09Z,2015,lgtbi
gi7-uWyIYRw,@e.f.g.garcia.6987,2021-09-30T03:56:02Z,2,Bravo Rusia,Experimento de dos chicos para probar que la homofobia empeora en Rusia,laSexta Noticias,2015-07-19T18:50:09Z,2015,lgtbi
gi7-uWyIYRw,@daniellozadavaliente9584,2025-11-01T15:01:28Z,0,Rusia aun conserva los valores no como el progresismo occidental,Experimento de dos chicos para probar que la homofobia empeora en Rusia,laSexta Noticias,2015-07-19T18:50:09Z,2015,lgtbi
gi7-uWyIYRw,@elisabethovallemoena6129,2021-04-26T11:39:48Z,0,Grande Putin! Un presidente con pantalones!,Experimento de dos chicos para probar que la homofobia empeora en Rusia,laSexta Noticias,2015-07-19T18:50:09Z,2015,lgtbi
gi7-uWyIYRw,@shootg8443,2021-11-05T19:04:42Z,3,Quisiera vivir en Rusia 🔥👌,Experimento de dos chicos para probar que la homofobia empeora en Rusia,laSexta Noticias,2015-07-19T18:50:09Z,2015,lgtbi
gi7-uWyIYRw,@pedrobeli5641,2021-05-18T02:15:32Z,2,Tan bello país lastima no vale la pena dejar dinero en ese tipo de países si nadie te respeta,Experimento de dos chicos para probar que la homofobia empeora en Rusia,laSexta Noticias,2015-07-19T18:50:09Z,2015,lgtbi
gi7-uWyIYRw,@og.antooo,2021-04-10T16:18:40Z,1,MUY BIEN RUSIA!!!!,Experimento de dos chicos para probar que la homofobia empeora en Rusia,laSexta Noticias,2015-07-19T18:50:09Z,2015,lgtbi
gi7-uWyIYRw,@viktormarkuslindemann5073,2021-04-08T07:49:21Z,2,"Pues que se vayan de Rusia, es decir el mundo esta ya muy conectado no veo la necesidad de quedarse en un lugar donde no se te respeta, y no puedes esperar que todo el mundo en todos lados te acepte simplemente por mucho siglo XXI por mucho activismo las cosas no son tan sencillas. A veces toca adaptarse, en este caso, mejor salir de ahí.",Experimento de dos chicos para probar que la homofobia empeora en Rusia,laSexta Noticias,2015-07-19T18:50:09Z,2015,lgtbi
gi7-uWyIYRw,@Seft.,2021-06-19T02:20:59Z,1,Respeto a los rusos por eso,Experimento de dos chicos para probar que la homofobia empeora en Rusia,laSexta Noticias,2015-07-19T18:50:09Z,2015,lgtbi
gi7-uWyIYRw,@octavio9556,2021-04-07T01:00:26Z,2,Grande el vladimir putin😎👌,Experimento de dos chicos para probar que la homofobia empeora en Rusia,laSexta Noticias,2015-07-19T18:50:09Z,2015,lgtbi
gi7-uWyIYRw,@abcdefperry8415,2021-07-27T03:30:15Z,2,Rusia el mejor pais del mundo 🙌👏👏,Experimento de dos chicos para probar que la homofobia empeora en Rusia,laSexta Noticias,2015-07-19T18:50:09Z,2015,lgtbi
gi7-uWyIYRw,@Lilwe-pk3tb,2024-09-02T03:18:17Z,4,Ojalá vivir en Rusia 😢😢,Experimento de dos chicos para probar que la homofobia empeora en Rusia,laSexta Noticias,2015-07-19T18:50:09Z,2015,lgtbi
gi7-uWyIYRw,@Santiago-gl6le,2021-04-04T09:12:53Z,4,Grande Rusia 😎👌,Experimento de dos chicos para probar que la homofobia empeora en Rusia,laSexta Noticias,2015-07-19T18:50:09Z,2015,lgtbi
gi7-uWyIYRw,@eltlaxcalteca2947,2021-03-31T06:23:25Z,2,OJAL PASE AQUI EN MEXICO TAMBIÉN,Experimento de dos chicos para probar que la homofobia empeora en Rusia,laSexta Noticias,2015-07-19T18:50:09Z,2015,lgtbi
gi7-uWyIYRw,@Marpdl,2021-04-16T15:06:44Z,0,Bravo 👏 por mis hermanos de Moscú sigan así y felicito a Putin un gran presidente que pasará a la historia,Experimento de dos chicos para probar que la homofobia empeora en Rusia,laSexta Noticias,2015-07-19T18:50:09Z,2015,lgtbi
gi7-uWyIYRw,@erikparker9448,2021-04-01T05:35:13Z,1,Que bonito pais,Experimento de dos chicos para probar que la homofobia empeora en Rusia,laSexta Noticias,2015-07-19T18:50:09Z,2015,lgtbi
gi7-uWyIYRw,@danielcartier3098,2022-07-16T17:46:50Z,1,ME PARECE PERFECTO QUE LA FEDERACION RUSA NO TOLERE A LA HOMOSEXUALIDAD. ........COMO AQUELLOS PAISES EN QUE CASI TODA SU POBLACIÓN ES ABIERTAMENTE HOMOSEXUAL COMO POR EJEMPLO EE .UU Y PAÍSES DE LA UNIÓN EUROPEA,Experimento de dos chicos para probar que la homofobia empeora en Rusia,laSexta Noticias,2015-07-19T18:50:09Z,2015,lgtbi
gi7-uWyIYRw,@ajroomhace47anos55,2021-04-28T22:23:31Z,0,Que asi siga no ser hetero es pecado,Experimento de dos chicos para probar que la homofobia empeora en Rusia,laSexta Noticias,2015-07-19T18:50:09Z,2015,lgtbi
gi7-uWyIYRw,@AntonioNogueiro,2021-04-26T10:41:42Z,0,En Alemania piden que los bendiga la iglesia. No leen la Biblia??.,Experimento de dos chicos para probar que la homofobia empeora en Rusia,laSexta Noticias,2015-07-19T18:50:09Z,2015,lgtbi
gi7-uWyIYRw,@User-ez8mx,2022-07-07T03:30:16Z,3,Hasta el día de hoy que bueno que empeoró,Experimento de dos chicos para probar que la homofobia empeora en Rusia,laSexta Noticias,2015-07-19T18:50:09Z,2015,lgtbi
gi7-uWyIYRw,@joseph5102,2022-07-21T18:57:44Z,2,Asi deberia servsiempre,Experimento de dos chicos para probar que la homofobia empeora en Rusia,laSexta Noticias,2015-07-19T18:50:09Z,2015,lgtbi
gi7-uWyIYRw,@ariasrafael7197,2021-08-19T05:54:14Z,3,"Lástima de que les sirve ser una ”gran potencia mundial"" si tienen una minúscula mentalidad como país, desgraciadamente",Experimento de dos chicos para probar que la homofobia empeora en Rusia,laSexta Noticias,2015-07-19T18:50:09Z,2015,lgtbi
gi7-uWyIYRw,@Lic.Adolfo,2021-04-19T17:17:01Z,0,Excelente,Experimento de dos chicos para probar que la homofobia empeora en Rusia,laSexta Noticias,2015-07-19T18:50:09Z,2015,lgtbi
gi7-uWyIYRw,@Turprex141,2021-04-13T02:18:20Z,1,Como me gustaría que el mundo 🌎 fuera como rusa,Experimento de dos chicos para probar que la homofobia empeora en Rusia,laSexta Noticias,2015-07-19T18:50:09Z,2015,lgtbi
gi7-uWyIYRw,@voidman74,2021-04-10T14:31:07Z,2,Me iré a Rusia 😍 así me libro de ver a los despropósitos humanos,Experimento de dos chicos para probar que la homofobia empeora en Rusia,laSexta Noticias,2015-07-19T18:50:09Z,2015,lgtbi
gi7-uWyIYRw,@ALOLOGANCH,2022-01-26T15:06:08Z,2,Que asco … de pensamientos,Experimento de dos chicos para probar que la homofobia empeora en Rusia,laSexta Noticias,2015-07-19T18:50:09Z,2015,lgtbi
gi7-uWyIYRw,@el_rick8805,2023-05-03T09:51:26Z,2,que ganas de vivir en Rusia 🥰🥰🥰,Experimento de dos chicos para probar que la homofobia empeora en Rusia,laSexta Noticias,2015-07-19T18:50:09Z,2015,lgtbi
gi7-uWyIYRw,@eltroyanohector,2021-07-21T23:29:58Z,4,Y por eso aplaudo a los rusos,Experimento de dos chicos para probar que la homofobia empeora en Rusia,laSexta Noticias,2015-07-19T18:50:09Z,2015,lgtbi
gi7-uWyIYRw,@diegodavidmaunewball8555,2021-07-28T08:21:36Z,0,"Hey..todo LGTB debeserr serio,responsable..gente..no debe..enseñar y creer q puede criaaar una persona....hombre y mujer..q tal",Experimento de dos chicos para probar que la homofobia empeora en Rusia,laSexta Noticias,2015-07-19T18:50:09Z,2015,lgtbi
gi7-uWyIYRw,@eduardexr,2021-04-29T20:15:29Z,0,Hail putin ✌🏻,Experimento de dos chicos para probar que la homofobia empeora en Rusia,laSexta Noticias,2015-07-19T18:50:09Z,2015,lgtbi
gi7-uWyIYRw,@sitesuscribesmesuscriboati845,2022-01-08T06:39:24Z,1,"Quiero vivir alli,las personas son como yo",Experimento de dos chicos para probar que la homofobia empeora en Rusia,laSexta Noticias,2015-07-19T18:50:09Z,2015,lgtbi
gi7-uWyIYRw,@victorlin2397,2021-06-21T19:22:09Z,2,"Con razón Dios bendice tanto a Vladimir Putin y si incluso sí le preguntas a un pastor, padre, cura te lo dirá",Experimento de dos chicos para probar que la homofobia empeora en Rusia,laSexta Noticias,2015-07-19T18:50:09Z,2015,lgtbi
gi7-uWyIYRw,@facundonoguera8105,2024-01-08T13:26:23Z,2,"Rusia es la ultima defensa del Cristianismo en el mundo ¡Viva la patria rusa! 🇷🇺💪✊️


XD en Rusia predomina la ""fe Cristiana Ortodoxa""",Experimento de dos chicos para probar que la homofobia empeora en Rusia,laSexta Noticias,2015-07-19T18:50:09Z,2015,lgtbi
gi7-uWyIYRw,@gerardofelixmorelos7016,2024-03-12T05:56:19Z,3,TA bien para que aprendan que es lo correcto,Experimento de dos chicos para probar que la homofobia empeora en Rusia,laSexta Noticias,2015-07-19T18:50:09Z,2015,lgtbi
gi7-uWyIYRw,@brayanperdomo5836,2021-04-28T04:26:40Z,0,Y solo porque Estados Unidos lo hace todos los quieren hacer  ? Que estupidez,Experimento de dos chicos para probar que la homofobia empeora en Rusia,laSexta Noticias,2015-07-19T18:50:09Z,2015,lgtbi
gi7-uWyIYRw,@zddubstep9765,2021-05-27T05:42:40Z,3,Yes somos más heterosexuales 😎🏳️‍🌈🚫,Experimento de dos chicos para probar que la homofobia empeora en Rusia,laSexta Noticias,2015-07-19T18:50:09Z,2015,lgtbi
gi7-uWyIYRw,@frankocontreras8853,2021-07-19T15:07:37Z,0,ARRIBAAA PUTTTINNNNN Y SI SABEN EL RESULTADO PARA QUE ASEN ESOS VIDEOS,Experimento de dos chicos para probar que la homofobia empeora en Rusia,laSexta Noticias,2015-07-19T18:50:09Z,2015,lgtbi
gi7-uWyIYRw,@BRANDINYTXD,2022-05-28T02:49:34Z,3,como siempre rusia siendo el mejor que crack solo hay dos generos,Experimento de dos chicos para probar que la homofobia empeora en Rusia,laSexta Noticias,2015-07-19T18:50:09Z,2015,lgtbi
gi7-uWyIYRw,@meneno_12,2022-01-08T21:05:56Z,4,"eso es Rusia 
no acepta a extraños 😎👍",Experimento de dos chicos para probar que la homofobia empeora en Rusia,laSexta Noticias,2015-07-19T18:50:09Z,2015,lgtbi
gi7-uWyIYRw,@saulsanchez79,2023-08-14T05:04:33Z,1,Fuera los empuja frijoles q se vayann,Experimento de dos chicos para probar que la homofobia empeora en Rusia,laSexta Noticias,2015-07-19T18:50:09Z,2015,lgtbi
gi7-uWyIYRw,@Jacker303,2024-07-13T00:54:47Z,3,"Arriba la madre Rusia 🗿
Siempre será mi país preferido",Experimento de dos chicos para probar que la homofobia empeora en Rusia,laSexta Noticias,2015-07-19T18:50:09Z,2015,lgtbi
gi7-uWyIYRw,@danielgonzales8278,2021-04-10T17:52:43Z,2,grande Russia sigan asi 🇷🇺💪,Experimento de dos chicos para probar que la homofobia empeora en Rusia,laSexta Noticias,2015-07-19T18:50:09Z,2015,lgtbi
gi7-uWyIYRw,@djkendimasoficial1065,2021-09-10T04:49:58Z,0,Rusia es el mejor pais 🇷🇺🇷🇺,Experimento de dos chicos para probar que la homofobia empeora en Rusia,laSexta Noticias,2015-07-19T18:50:09Z,2015,lgtbi
gi7-uWyIYRw,@salvadorangulomeza1736,2021-04-07T20:51:54Z,1,"Que los rusos resuelvan sus problemas. No somos quién para decir cómo deben actuar.  Si bien no coincidimos con su cosmovisión, peor sería una imposición.",Experimento de dos chicos para probar que la homofobia empeora en Rusia,laSexta Noticias,2015-07-19T18:50:09Z,2015,lgtbi
gi7-uWyIYRw,@jokamygameplay6065,2021-04-16T11:24:15Z,0,"La homofobia no existe, el mundo cada vez nos quiere hacer pensar como ellos y meternos ideologías falsas",Experimento de dos chicos para probar que la homofobia empeora en Rusia,laSexta Noticias,2015-07-19T18:50:09Z,2015,lgtbi
gi7-uWyIYRw,@jhonca91,2024-07-20T00:51:14Z,2,"Cada País es soberano y tiene sus propias reglas,  cómo principios morales.",Experimento de dos chicos para probar que la homofobia empeora en Rusia,laSexta Noticias,2015-07-19T18:50:09Z,2015,lgtbi
gi7-uWyIYRw,@EvoPueblo1,2021-05-12T04:29:30Z,1,"No homosexuales, eso blogueros deben ser juzgados por hacer propaganda gey",Experimento de dos chicos para probar que la homofobia empeora en Rusia,laSexta Noticias,2015-07-19T18:50:09Z,2015,lgtbi
gi7-uWyIYRw,@ArmandoDominguez-f4d,2024-12-20T13:29:27Z,3,Russia un país de valores,Experimento de dos chicos para probar que la homofobia empeora en Rusia,laSexta Noticias,2015-07-19T18:50:09Z,2015,lgtbi
gi7-uWyIYRw,@OctavioRubenPadillaLopez-p6y,2024-07-08T19:29:05Z,2,Yo no tengo nada en contra de ellos pero lo que no me gusta es que a fuerzas quieren que uno crea en sus ideas por qué no se van. Vivir a una isla y se acaban todos sus problemas es solo una sugerencia,Experimento de dos chicos para probar que la homofobia empeora en Rusia,laSexta Noticias,2015-07-19T18:50:09Z,2015,lgtbi
gi7-uWyIYRw,@edwinalejandroguerracabrer4020,2021-06-18T17:21:19Z,0,Quiero irme a rusia,Experimento de dos chicos para probar que la homofobia empeora en Rusia,laSexta Noticias,2015-07-19T18:50:09Z,2015,lgtbi
gi7-uWyIYRw,@ElpanaderoOwO,2021-10-21T05:02:01Z,2,Grande Rusia,Experimento de dos chicos para probar que la homofobia empeora en Rusia,laSexta Noticias,2015-07-19T18:50:09Z,2015,lgtbi
gi7-uWyIYRw,@user-tq9hu4lm8r,2021-09-27T16:31:24Z,1,Y por eso me mudé a Rusia,Experimento de dos chicos para probar que la homofobia empeora en Rusia,laSexta Noticias,2015-07-19T18:50:09Z,2015,lgtbi
gi7-uWyIYRw,@angelcabredo5057,2021-06-08T02:59:20Z,0,"Soy homofobico 
Los odio",Experimento de dos chicos para probar que la homofobia empeora en Rusia,laSexta Noticias,2015-07-19T18:50:09Z,2015,lgtbi
gi7-uWyIYRw,@jackgrimes7376,2024-01-16T17:09:15Z,2,Bien.,Experimento de dos chicos para probar que la homofobia empeora en Rusia,laSexta Noticias,2015-07-19T18:50:09Z,2015,lgtbi
gi7-uWyIYRw,@gusjim3111,2021-06-08T17:44:46Z,0,Que bonito sería vivir ahí entonces 🍷,Experimento de dos chicos para probar que la homofobia empeora en Rusia,laSexta Noticias,2015-07-19T18:50:09Z,2015,lgtbi
gi7-uWyIYRw,@tupacamaru2988,2023-06-08T03:58:29Z,1,Bien ojala asi sea en mi pais,Experimento de dos chicos para probar que la homofobia empeora en Rusia,laSexta Noticias,2015-07-19T18:50:09Z,2015,lgtbi
gi7-uWyIYRw,@jose7w766,2022-01-28T18:42:27Z,2,ESTA BIEN ESE. EXPERIMENTO ASÍ YA NO HAY MAS GEYS🤑🤑🥵🥵,Experimento de dos chicos para probar que la homofobia empeora en Rusia,laSexta Noticias,2015-07-19T18:50:09Z,2015,lgtbi
gi7-uWyIYRw,@emmanuelmedina5963,2024-10-03T04:54:35Z,2,Estoy de acuerdo con putin,Experimento de dos chicos para probar que la homofobia empeora en Rusia,laSexta Noticias,2015-07-19T18:50:09Z,2015,lgtbi
gi7-uWyIYRw,@mundocreativopictutorial3395,2021-06-29T21:59:29Z,0,Debería ser así en todo los países,Experimento de dos chicos para probar que la homofobia empeora en Rusia,laSexta Noticias,2015-07-19T18:50:09Z,2015,lgtbi
gi7-uWyIYRw,@gokugeimervvv5744,2021-04-29T03:35:58Z,1,Que viva putin,Experimento de dos chicos para probar que la homofobia empeora en Rusia,laSexta Noticias,2015-07-19T18:50:09Z,2015,lgtbi
gi7-uWyIYRw,@joseestavan2655,2021-04-16T22:47:14Z,3,Mi hermosa rusia ♡♡♡♡♡♡,Experimento de dos chicos para probar que la homofobia empeora en Rusia,laSexta Noticias,2015-07-19T18:50:09Z,2015,lgtbi
gi7-uWyIYRw,@Mazzzshelby,2021-06-19T10:47:15Z,0,Yo prefiero Putin hasi le hacemos en la madre rusia,Experimento de dos chicos para probar que la homofobia empeora en Rusia,laSexta Noticias,2015-07-19T18:50:09Z,2015,lgtbi
gi7-uWyIYRw,@juliamataolvera4203,2021-05-09T22:09:05Z,4,Rusia ama aun a dios y no le da la espalda q dios bendiga a rusia❤❤❤,Experimento de dos chicos para probar que la homofobia empeora en Rusia,laSexta Noticias,2015-07-19T18:50:09Z,2015,lgtbi
gi7-uWyIYRw,@jeancuervo8855,2024-03-28T05:08:41Z,2,Excelente a esa gente hay q meterlos presos para q aprendan,Experimento de dos chicos para probar que la homofobia empeora en Rusia,laSexta Noticias,2015-07-19T18:50:09Z,2015,lgtbi
gi7-uWyIYRw,@Kendo-888,2025-01-06T23:47:49Z,3,VIVA RUSIA CRJ,Experimento de dos chicos para probar que la homofobia empeora en Rusia,laSexta Noticias,2015-07-19T18:50:09Z,2015,lgtbi
gi7-uWyIYRw,@daniikat751,2021-12-28T22:26:35Z,1,"Putin, porfavor más presidentes Como él",Experimento de dos chicos para probar que la homofobia empeora en Rusia,laSexta Noticias,2015-07-19T18:50:09Z,2015,lgtbi
gi7-uWyIYRw,@Stephany232.,2024-05-26T19:26:19Z,1,Como debe de ser,Experimento de dos chicos para probar que la homofobia empeora en Rusia,laSexta Noticias,2015-07-19T18:50:09Z,2015,lgtbi
gi7-uWyIYRw,@elprotectordetesoros123,2021-12-29T02:14:14Z,0,Viva Putin,Experimento de dos chicos para probar que la homofobia empeora en Rusia,laSexta Noticias,2015-07-19T18:50:09Z,2015,lgtbi
gi7-uWyIYRw,@alexis_912gloriaeterna,2024-06-12T21:45:36Z,1,AGUANTE LA MADRE RUSA!!!,Experimento de dos chicos para probar que la homofobia empeora en Rusia,laSexta Noticias,2015-07-19T18:50:09Z,2015,lgtbi
gi7-uWyIYRw,@thiagocordoba2590,2022-06-28T15:57:59Z,1,"la homofobia no es algo malo,porque no son normales?,tal y como está Rusia es un pais ejemplar,si quieren hagan un país aparte y se van a vivir todos ahi",Experimento de dos chicos para probar que la homofobia empeora en Rusia,laSexta Noticias,2015-07-19T18:50:09Z,2015,lgtbi
gi7-uWyIYRw,@fernandagamezchavez6341,2021-10-21T22:56:01Z,1,Jaja 😂😂😂 Rusia es grande,Experimento de dos chicos para probar que la homofobia empeora en Rusia,laSexta Noticias,2015-07-19T18:50:09Z,2015,lgtbi
gi7-uWyIYRw,@edgarcrespo4811,2024-08-12T00:04:33Z,3,"Rusia .,pais valiente k cuida y protege a los niños de cualkier ideologia de genero !!",Experimento de dos chicos para probar que la homofobia empeora en Rusia,laSexta Noticias,2015-07-19T18:50:09Z,2015,lgtbi
gi7-uWyIYRw,@juanfranciscopineda5490,2024-01-19T20:33:14Z,1,Que viva Rusia 🙌 grande Bladimir,Experimento de dos chicos para probar que la homofobia empeora en Rusia,laSexta Noticias,2015-07-19T18:50:09Z,2015,lgtbi
gi7-uWyIYRw,@Kriptinlandia,2021-07-13T21:14:32Z,0,Que grande Rusia sigue así 😎🏳️‍🌈🚫🏳️‍🌈🚫🏳️‍🌈🚫,Experimento de dos chicos para probar que la homofobia empeora en Rusia,laSexta Noticias,2015-07-19T18:50:09Z,2015,lgtbi
gi7-uWyIYRw,@jeffersonaraujoelcristiano,2023-12-09T02:14:12Z,0,"0:21 Héroe, una cerveza.",Experimento de dos chicos para probar que la homofobia empeora en Rusia,laSexta Noticias,2015-07-19T18:50:09Z,2015,lgtbi
gi7-uWyIYRw,@danielzc.9943,2021-08-15T00:19:58Z,0,"Me llegan los progres pero esto ya es demasiado, occidente no es el problema el problema está en oriente.",Experimento de dos chicos para probar que la homofobia empeora en Rusia,laSexta Noticias,2015-07-19T18:50:09Z,2015,lgtbi
gi7-uWyIYRw,@perforador55,2021-12-14T18:02:46Z,2,Duro duro viva rusia,Experimento de dos chicos para probar que la homofobia empeora en Rusia,laSexta Noticias,2015-07-19T18:50:09Z,2015,lgtbi
gi7-uWyIYRw,@joaquinignacio1111,2021-09-10T03:03:38Z,2,Grande putin,Experimento de dos chicos para probar que la homofobia empeora en Rusia,laSexta Noticias,2015-07-19T18:50:09Z,2015,lgtbi
gi7-uWyIYRw,@soledadcardoso6387,2023-03-25T21:26:07Z,3,en estados unidos dos hombres gays pueden pasear de la mano por la calle y en Rusia no y eso es porque en estados unidos son mari con nes y en rusia no....jajajajaja,Experimento de dos chicos para probar que la homofobia empeora en Rusia,laSexta Noticias,2015-07-19T18:50:09Z,2015,lgtbi
gi7-uWyIYRw,@amalinalliabarcacervantes7949,2023-06-11T22:59:25Z,1,"Ay, quiero vivir allá.  Aquí ya no aguanto su exhibicionismo con lencería enseñando las nalgas frente a niños.",Experimento de dos chicos para probar que la homofobia empeora en Rusia,laSexta Noticias,2015-07-19T18:50:09Z,2015,lgtbi
gi7-uWyIYRw,@Daniel75837,2024-02-15T23:31:52Z,0,"Que bueno, ojala y Rusia siga así porque en realidad no mepeora sino que pareciera pero no lo hace",Experimento de dos chicos para probar que la homofobia empeora en Rusia,laSexta Noticias,2015-07-19T18:50:09Z,2015,lgtbi
gi7-uWyIYRw,@cristianmartinez8878,2021-03-31T15:34:18Z,0,ya se los dijeron ellos puede hacer lo que quieran y estar con quien quieran pero esta prohibida la propaganda.. malaya así fuera en mi país... Porque tanta la chingadera de querer hacer sus caminatas... dejen que los niños se desarrollen en paz,Experimento de dos chicos para probar que la homofobia empeora en Rusia,laSexta Noticias,2015-07-19T18:50:09Z,2015,lgtbi
gi7-uWyIYRw,@rickcholillo3199,2022-06-01T01:15:18Z,2,"Rusia en lugar de empeorar, va mejorando",Experimento de dos chicos para probar que la homofobia empeora en Rusia,laSexta Noticias,2015-07-19T18:50:09Z,2015,lgtbi
gi7-uWyIYRw,@elmagio4905,2021-04-25T19:14:26Z,0,"""Así lo hacemos en la madre Rusia"". :v",Experimento de dos chicos para probar que la homofobia empeora en Rusia,laSexta Noticias,2015-07-19T18:50:09Z,2015,lgtbi
gi7-uWyIYRw,@William91218,2024-10-06T08:39:59Z,3,Bien rusos. Priorizando el conservadurismo y priorizando los valores que les dieron la vida a estos dos.,Experimento de dos chicos para probar que la homofobia empeora en Rusia,laSexta Noticias,2015-07-19T18:50:09Z,2015,lgtbi
gi7-uWyIYRw,@victorbances3708,2021-09-03T18:31:40Z,0,Jajaja vamos a Rusia están basadisimos,Experimento de dos chicos para probar que la homofobia empeora en Rusia,laSexta Noticias,2015-07-19T18:50:09Z,2015,lgtbi
gi7-uWyIYRw,@cristianbautista5484,2021-07-12T00:54:01Z,0,Lo que piensan esta gente ignorante que dice que Dios creó a un hombre y una mujer es cierto pero sí Dios viene en estos momentos esas personas que tanto ablaban que es malo ser gay en el infierno tmbn estarán,Experimento de dos chicos para probar que la homofobia empeora en Rusia,laSexta Noticias,2015-07-19T18:50:09Z,2015,lgtbi
gi7-uWyIYRw,@diegofernandogarciamolina1477,2021-06-13T10:36:10Z,0,Yo estoy en contra de las relaciones homosexuales :/ porque primero como la religion y la ciencia solo existe 2 sexos y eso jamas cambiara asi como el homosexualismo y el lesbianismo pansexualismo y cosas asi son de gente quw se creo aqui en el mundo,Experimento de dos chicos para probar que la homofobia empeora en Rusia,laSexta Noticias,2015-07-19T18:50:09Z,2015,lgtbi
gi7-uWyIYRw,@carlosc9122,2022-01-13T15:44:41Z,3,"No es homofobia 
Esque las 
Personas son normales",Experimento de dos chicos para probar que la homofobia empeora en Rusia,laSexta Noticias,2015-07-19T18:50:09Z,2015,lgtbi
gi7-uWyIYRw,@jrl1664,2024-02-18T14:40:03Z,1,"En la antigua Grecia a los militares no se les permitia casarse mientras estaban en servicio
porque el estado estaba en constantes conflictos belicos con las naciones vecinas y era
muy caro estar manteniendo a las familias de tanto soldado caido en batalla, entonces 
algunos soldados se casaban en secreto y otros optaban por juntarse sentimental
y sexualmente con algun compañero de oficio y eso no estaba mal visto en el pais
en esa epoca, Al compañero homosexual mas joven le denominaban ""pais""(muchacho 
amante), Esa practica siguio mucho tiempo y despues fue adoptada por el imperio
romano y llego hasta los mismos dias del Maestro Jesus de Nazareth,
En el evangelio original de San Mateo el centurion romano usa esa misma palabra
griega ""pais"" para referirse a su compañero y y El Maestro Jesus no le niega su orientacion
homosexual y sana a su amante,",Experimento de dos chicos para probar que la homofobia empeora en Rusia,laSexta Noticias,2015-07-19T18:50:09Z,2015,lgtbi
gi7-uWyIYRw,@alhoy9146,2024-05-15T02:08:16Z,1,😂😂😂😂🎉🎉🎉🎉bien hecho,Experimento de dos chicos para probar que la homofobia empeora en Rusia,laSexta Noticias,2015-07-19T18:50:09Z,2015,lgtbi
gi7-uWyIYRw,@Antrax1185,2021-07-02T20:36:57Z,0,Quieren ser felices todos estos playos ?? Fácil q papá Putin les regale una 🏝️ y se q vallan a vivir allí,Experimento de dos chicos para probar que la homofobia empeora en Rusia,laSexta Noticias,2015-07-19T18:50:09Z,2015,lgtbi
gi7-uWyIYRw,@saky97,2025-01-27T14:50:31Z,5,Hay que respetar la cultura tradicional rusa ❤,Experimento de dos chicos para probar que la homofobia empeora en Rusia,laSexta Noticias,2015-07-19T18:50:09Z,2015,lgtbi
gi7-uWyIYRw,@germanhernandezm.7435,2024-09-22T17:30:17Z,3,"Me voy a vivir a Rusia en cuanto pueda, que sociedad mas admirable y decente",Experimento de dos chicos para probar que la homofobia empeora en Rusia,laSexta Noticias,2015-07-19T18:50:09Z,2015,lgtbi
gi7-uWyIYRw,@xds956,2022-01-29T06:18:13Z,3,me voy a rusia capoooos :D,Experimento de dos chicos para probar que la homofobia empeora en Rusia,laSexta Noticias,2015-07-19T18:50:09Z,2015,lgtbi
gi7-uWyIYRw,@adrianeduardodepazgiron6133,2021-04-03T18:44:21Z,6,Que país mes hermoso ojalá así fuera aquí,Experimento de dos chicos para probar que la homofobia empeora en Rusia,laSexta Noticias,2015-07-19T18:50:09Z,2015,lgtbi
gi7-uWyIYRw,@editsdfuvol,2022-06-04T23:09:03Z,3,"A la otra me voy Rusia 😈 
Eres grande Rusia 🥵💪🏻",Experimento de dos chicos para probar que la homofobia empeora en Rusia,laSexta Noticias,2015-07-19T18:50:09Z,2015,lgtbi
gi7-uWyIYRw,@jesussalazar4510,2021-04-21T22:35:59Z,0,"Son miles personas lgtbi pero son millones los que viven en este pais una minoria no debe manipular de esta forma las cosas.
Si quieren ser aceptados deben buscar la aceptacion de otra forma no imponiendo y victimizandose.
Ahora se entiende porque rusia es un pais tan prospero y estados unidos es el problema del mundo.",Experimento de dos chicos para probar que la homofobia empeora en Rusia,laSexta Noticias,2015-07-19T18:50:09Z,2015,lgtbi
gi7-uWyIYRw,@glennc.3330,2021-05-29T03:55:37Z,0,Así como la gente es libre de decir que ser homosexual está Bien y criticar A quienes no lo apoyan Yo tengo el derecho de decirles Que pueden Comer Mierda Maldita gente que solo apoya la Homosexualidad por moda,Experimento de dos chicos para probar que la homofobia empeora en Rusia,laSexta Noticias,2015-07-19T18:50:09Z,2015,lgtbi
gi7-uWyIYRw,@Luug938,2024-01-12T19:38:11Z,1,Creo q voy a ir a Russia,Experimento de dos chicos para probar que la homofobia empeora en Rusia,laSexta Noticias,2015-07-19T18:50:09Z,2015,lgtbi
gi7-uWyIYRw,@sandoval8083,2021-04-01T05:19:10Z,1,Nice rusia🥰,Experimento de dos chicos para probar que la homofobia empeora en Rusia,laSexta Noticias,2015-07-19T18:50:09Z,2015,lgtbi
gi7-uWyIYRw,@ceti7752,2022-04-25T19:08:36Z,6,Jajajajajaja Así se hace mis amigos homofóbicos ❌🏳️‍🌈👎🏼,Experimento de dos chicos para probar que la homofobia empeora en Rusia,laSexta Noticias,2015-07-19T18:50:09Z,2015,lgtbi
gi7-uWyIYRw,@shipostgrasar_r6400,2022-03-04T21:00:54Z,0,Putin basado,Experimento de dos chicos para probar que la homofobia empeora en Rusia,laSexta Noticias,2015-07-19T18:50:09Z,2015,lgtbi
gi7-uWyIYRw,@jackgrimes7376,2024-01-16T17:10:09Z,2,Bien putin.,Experimento de dos chicos para probar que la homofobia empeora en Rusia,laSexta Noticias,2015-07-19T18:50:09Z,2015,lgtbi
gi7-uWyIYRw,@DIHG_19,2023-11-16T06:41:08Z,2,"Muy Bien Por Rusia, Me Parece Perfecto y Necesario 🇲🇽🤝🏻🇷🇺",Experimento de dos chicos para probar que la homofobia empeora en Rusia,laSexta Noticias,2015-07-19T18:50:09Z,2015,lgtbi
gi7-uWyIYRw,@ElPala07,2022-01-25T18:10:20Z,3,"Yo haría lo mismo la verdad, sencillamente no tolero ni a los gays, ni a las lesbianas, ni mucho menos a los trans, lo siento pero es la verdad.
Desearía que la gente así como tanto respeta a esta gente respeto a los homofobicos porque no todos podemos tolerar esas cosas",Experimento de dos chicos para probar que la homofobia empeora en Rusia,laSexta Noticias,2015-07-19T18:50:09Z,2015,lgtbi
gi7-uWyIYRw,@lightingblader3.070,2021-08-28T17:46:23Z,2,Yo no acepto la homosexualidad pero me molesta que quieren que todo el mundo los acepte y los traten como personas comunes cundo tiene una bandera y un mes y quieren que todo el mundo los acepte,Experimento de dos chicos para probar que la homofobia empeora en Rusia,laSexta Noticias,2015-07-19T18:50:09Z,2015,lgtbi
gi7-uWyIYRw,@Lillty,2023-05-04T05:29:59Z,0,Que god Rusia 😈😎🔥,Experimento de dos chicos para probar que la homofobia empeora en Rusia,laSexta Noticias,2015-07-19T18:50:09Z,2015,lgtbi
gi7-uWyIYRw,@justcxlombian1731,2022-01-02T09:24:21Z,0,"""Que viva la madre Rusia!"" ...",Experimento de dos chicos para probar que la homofobia empeora en Rusia,laSexta Noticias,2015-07-19T18:50:09Z,2015,lgtbi
gi7-uWyIYRw,@andybarreiro130,2024-07-28T13:21:11Z,5,Por algo Rusia es una potencia mundial. ❤ Bien Rusia!!!!!,Experimento de dos chicos para probar que la homofobia empeora en Rusia,laSexta Noticias,2015-07-19T18:50:09Z,2015,lgtbi
gi7-uWyIYRw,@sebastianandres836,2023-06-27T15:06:46Z,3,"RUSIA un ejemplo a seguir❤🕊
Luchan en el nombre de Dios, Priorizando la familia, la moral, la decencia y buenas costumbres 🇷🇺🐻🇷🇺",Experimento de dos chicos para probar que la homofobia empeora en Rusia,laSexta Noticias,2015-07-19T18:50:09Z,2015,lgtbi
gi7-uWyIYRw,@lgatitagamer4979,2021-07-30T14:48:42Z,2,Rusia piensan que Dios va Ignorar los demas pecados si rechazan la Homosexualidad ES ENSERIO😡 Cada ser Vivo en Este Planeta es Especial y Cada Ser Vivo merece Vivir como Desee y como le Gusté por algo Se ha Nacido y Uno mismo decide Si ser Mala Persona o Ser Buena Persona 😡,Experimento de dos chicos para probar que la homofobia empeora en Rusia,laSexta Noticias,2015-07-19T18:50:09Z,2015,lgtbi
gi7-uWyIYRw,@andresvelazquez5869,2021-05-22T23:26:49Z,3,"Viva Rusia, Viva el presidente legitimo y democrático Vladimir Putin",Experimento de dos chicos para probar que la homofobia empeora en Rusia,laSexta Noticias,2015-07-19T18:50:09Z,2015,lgtbi
gi7-uWyIYRw,@gabrielsalcedo2798,2023-10-20T22:51:58Z,0,Que bien por los rusos.,Experimento de dos chicos para probar que la homofobia empeora en Rusia,laSexta Noticias,2015-07-19T18:50:09Z,2015,lgtbi
gi7-uWyIYRw,@jeffersonaraujoelcristiano,2023-12-09T02:13:52Z,0,0:07 Héroe.,Experimento de dos chicos para probar que la homofobia empeora en Rusia,laSexta Noticias,2015-07-19T18:50:09Z,2015,lgtbi
gi7-uWyIYRw,@heidychirinos1417,2022-07-05T18:30:17Z,0,Bueno está bien porque deben estar mostrándose así hay niños osea no normalice lo que no es normal,Experimento de dos chicos para probar que la homofobia empeora en Rusia,laSexta Noticias,2015-07-19T18:50:09Z,2015,lgtbi
gi7-uWyIYRw,@majocolmillo8450,2022-05-29T21:42:20Z,4,Dios no creo Adán y a estaban,Experimento de dos chicos para probar que la homofobia empeora en Rusia,laSexta Noticias,2015-07-19T18:50:09Z,2015,lgtbi
gi7-uWyIYRw,@nsbeleth7339,2024-04-02T22:30:56Z,2,Muy bien por Russia 🇷🇺🇲🇽 ojalá todos las países adoptaran esa postura,Experimento de dos chicos para probar que la homofobia empeora en Rusia,laSexta Noticias,2015-07-19T18:50:09Z,2015,lgtbi
gi7-uWyIYRw,@GilsonVillagra,2024-07-25T04:14:58Z,3,Mis respetos a rusia☦️🇷🇺❤,Experimento de dos chicos para probar que la homofobia empeora en Rusia,laSexta Noticias,2015-07-19T18:50:09Z,2015,lgtbi
gi7-uWyIYRw,@alejandroarellano5694,2024-02-14T23:06:50Z,1,Bien.por los rusos,Experimento de dos chicos para probar que la homofobia empeora en Rusia,laSexta Noticias,2015-07-19T18:50:09Z,2015,lgtbi
gi7-uWyIYRw,@jhonatanbernaola81,2024-03-24T18:02:23Z,0,Yo lo denominaría como provocación,Experimento de dos chicos para probar que la homofobia empeora en Rusia,laSexta Noticias,2015-07-19T18:50:09Z,2015,lgtbi
gi7-uWyIYRw,@AlmiranteScorpion,2024-01-28T07:46:28Z,2,"Vladimir Putin, el presidente que yo quisiera en mi pais, ojala Vladimir Putin pudiera seguir en el poder eternamente",Experimento de dos chicos para probar que la homofobia empeora en Rusia,laSexta Noticias,2015-07-19T18:50:09Z,2015,lgtbi
gi7-uWyIYRw,@jimmygalindo5103,2021-05-12T19:10:36Z,1,Que dios los jugué  por que Varón y hembra los iso y todo lo que creo Dios dice la biblia era perfecto y Es tanta la maldad que ahora lo bueno es malo y lo malo es bueno,Experimento de dos chicos para probar que la homofobia empeora en Rusia,laSexta Noticias,2015-07-19T18:50:09Z,2015,lgtbi
gi7-uWyIYRw,@kaiser4293,2021-04-05T15:22:31Z,5,"ASÍ DEBE SER, DIOS BENDIGA AL ADMIN PUTIN🔥🔥🔥🖐✊",Experimento de dos chicos para probar que la homofobia empeora en Rusia,laSexta Noticias,2015-07-19T18:50:09Z,2015,lgtbi
gi7-uWyIYRw,@lokolokyto9446,2024-03-01T12:06:27Z,1,Quiero ser Ruso bro,Experimento de dos chicos para probar que la homofobia empeora en Rusia,laSexta Noticias,2015-07-19T18:50:09Z,2015,lgtbi
gi7-uWyIYRw,@marketingpg8357,2024-08-29T22:45:14Z,1,"Mas vale tarde  que nunca ""Grande Rusia""",Experimento de dos chicos para probar que la homofobia empeora en Rusia,laSexta Noticias,2015-07-19T18:50:09Z,2015,lgtbi
gi7-uWyIYRw,@jarilloHernandezjoseAlberto,2023-05-16T18:10:42Z,0,Bisexuales,Experimento de dos chicos para probar que la homofobia empeora en Rusia,laSexta Noticias,2015-07-19T18:50:09Z,2015,lgtbi
gi7-uWyIYRw,@FernandoMartinez-ob9ms,2024-05-08T03:22:00Z,1,Hace bien Putin 👏🏻👏🏻👏🏻👏🏻,Experimento de dos chicos para probar que la homofobia empeora en Rusia,laSexta Noticias,2015-07-19T18:50:09Z,2015,lgtbi
gi7-uWyIYRw,@elboludoxd-x2e,2024-02-27T04:39:31Z,1,Todos  unos chads los de rrusia,Experimento de dos chicos para probar que la homofobia empeora en Rusia,laSexta Noticias,2015-07-19T18:50:09Z,2015,lgtbi
gi7-uWyIYRw,@DannyDarko-up8cz,2023-10-11T06:17:01Z,1,DESDE ECUADOR FELICITAMOS A LA MADRE RUSIA POR NO PERMITIR LA ENTRADA À  LA  HOMOSEXUALIDAD QUE NORTEAMERICA HA VENIDO PROMOCIONANDO DESDE HACE MUCHO TIEMPO ATRAS . RUSIA TODA AMERICA LATINA TE APOYA,Experimento de dos chicos para probar que la homofobia empeora en Rusia,laSexta Noticias,2015-07-19T18:50:09Z,2015,lgtbi
gi7-uWyIYRw,@edwingaitan9351,2021-06-20T14:18:05Z,0,"Empeora porq la biblia es clara y no permite la homosexualidad   , Levitico 18;22",Experimento de dos chicos para probar que la homofobia empeora en Rusia,laSexta Noticias,2015-07-19T18:50:09Z,2015,lgtbi
gi7-uWyIYRw,@raff4400,2024-05-02T23:30:42Z,2,Mas paises tendria que hacer como rusia y no permitir la propaganda decadente de occidente,Experimento de dos chicos para probar que la homofobia empeora en Rusia,laSexta Noticias,2015-07-19T18:50:09Z,2015,lgtbi
gi7-uWyIYRw,@j.a.c.o4567,2021-03-31T22:24:41Z,2,Por eso Rusia se merece mil y mil respetos hombre así que tiene que ser Bv👌,Experimento de dos chicos para probar que la homofobia empeora en Rusia,laSexta Noticias,2015-07-19T18:50:09Z,2015,lgtbi
gi7-uWyIYRw,@Chris_NL-s1n,2022-01-19T18:42:20Z,1,viva Rusia sin el no somos nada en el mundo B),Experimento de dos chicos para probar que la homofobia empeora en Rusia,laSexta Noticias,2015-07-19T18:50:09Z,2015,lgtbi
gi7-uWyIYRw,@guason673,2021-07-21T19:51:54Z,0,Hay homosexuales pero darle atributos como si fuera una enfermedad ser homosexual acá yo soy una persona con discapacidad y en Argentina sacaron una ley de trans para las empresas tomen a la gente trans sin en embargo al q perdió una pierna por servir a su país lo dejan en lista de espera y con una pensión no contributiva de 95 dólares cada 31 días dejen de joder joker ve todo,Experimento de dos chicos para probar que la homofobia empeora en Rusia,laSexta Noticias,2015-07-19T18:50:09Z,2015,lgtbi
gi7-uWyIYRw,@drake6035,2024-09-11T01:53:27Z,1,Viva la madre rusia,Experimento de dos chicos para probar que la homofobia empeora en Rusia,laSexta Noticias,2015-07-19T18:50:09Z,2015,lgtbi
gi7-uWyIYRw,@seleas69,2024-08-02T17:50:37Z,0,"Las mentiras de la sexta ,mierda de periodismo",Experimento de dos chicos para probar que la homofobia empeora en Rusia,laSexta Noticias,2015-07-19T18:50:09Z,2015,lgtbi
gi7-uWyIYRw,@amilcarvalazquez3551,2022-01-29T17:08:48Z,3,La omofobia no aumente.. lo que aumenta son las personas que no respetan los ideales de otras personas... Los homosexuales tienen que entender eso también .tienen que respetar a los demás cuando están en la calle por qué no todos comparten su esto de vida.. lo pueden hacer pero respetando .. al irrespetar esto los homosexuales no son los que están siendo irrespetados ellos están ahora es irrespetando a las demás personas ...,Experimento de dos chicos para probar que la homofobia empeora en Rusia,laSexta Noticias,2015-07-19T18:50:09Z,2015,lgtbi
gi7-uWyIYRw,@martinezromerocarim98,2024-02-04T00:49:04Z,3,GRANDE PUTIN,Experimento de dos chicos para probar que la homofobia empeora en Rusia,laSexta Noticias,2015-07-19T18:50:09Z,2015,lgtbi
gi7-uWyIYRw,@fernando4008,2021-07-27T16:29:07Z,1,"Me dan Risa los españoles hablando mal y refiriéndose en forma racista a los latinoamericanos  cuando la mayoría de los Latinoamericanos somos EXACTAMENTE IGUALES a los españoles o los Portugueses .  Recuerdan como se referían en USA a Antonio Banderas cuando lo nominaron al OSCAR?  ""primera ves que una persona NoBlanca es nominada a mejor actor""  decían los medios.. y así.mismo se refieren a Penelope Cruz  y peor aún una encuesta que hicieron hace años en una HightSchool donde preguntaron que si sabían donde quedaba España y la mayoría decían que España era un Provincia de MEXICO 🤣🤣  Dan es vergüenza",Experimento de dos chicos para probar que la homofobia empeora en Rusia,laSexta Noticias,2015-07-19T18:50:09Z,2015,lgtbi
gi7-uWyIYRw,@Dustproff,2023-06-27T03:31:09Z,0,Me quiero ir a vivir en rusia que bendicion si son hombres de verdad 😊😂😂😂,Experimento de dos chicos para probar que la homofobia empeora en Rusia,laSexta Noticias,2015-07-19T18:50:09Z,2015,lgtbi
gi7-uWyIYRw,@ascar38,2024-07-25T13:23:09Z,2,"Bien rusia, sigue asi con valores y respeto a la familia👍",Experimento de dos chicos para probar que la homofobia empeora en Rusia,laSexta Noticias,2015-07-19T18:50:09Z,2015,lgtbi
gi7-uWyIYRw,@AngelFlores-dr2hr,2022-01-31T22:52:19Z,1,que alivio que es asi aya,Experimento de dos chicos para probar que la homofobia empeora en Rusia,laSexta Noticias,2015-07-19T18:50:09Z,2015,lgtbi
gi7-uWyIYRw,@germanhernandezm.7435,2024-09-22T17:30:50Z,4,GRANDE RUSIA,Experimento de dos chicos para probar que la homofobia empeora en Rusia,laSexta Noticias,2015-07-19T18:50:09Z,2015,lgtbi
gi7-uWyIYRw,@Isabella-nc4hh,2023-10-16T04:00:37Z,0,¡Pues que alegria que Rusia se mantiene así!,Experimento de dos chicos para probar que la homofobia empeora en Rusia,laSexta Noticias,2015-07-19T18:50:09Z,2015,lgtbi
gi7-uWyIYRw,@virgilioortiz9867,2023-12-22T10:59:14Z,0,Eso se llama provocación.,Experimento de dos chicos para probar que la homofobia empeora en Rusia,laSexta Noticias,2015-07-19T18:50:09Z,2015,lgtbi
gi7-uWyIYRw,@lidiolopez4068,2021-05-08T00:32:54Z,0,"Ah bueno que se vayan para su adorada eeuu favor que harian no. Un ejemplo rusia, yo hasta diría que respeto a los que son pero siempre y cuando entre cuatro paredes, pero ese de andar exibiendose pues aguantensen con las consecuencias",Experimento de dos chicos para probar que la homofobia empeora en Rusia,laSexta Noticias,2015-07-19T18:50:09Z,2015,lgtbi
gi7-uWyIYRw,@jrl1664,2024-07-09T18:06:27Z,1,"Dios no tiene genero y como estamos creados a su imagen y semejanza nuestro espíritu tampoco tiene genero y cuando encarna en un mundo material puede tener un ""traje físico-temporal"" de hombre o de mujer según el plan divino, En otras palabras No somos el cuerpo físico ese es un traje-temporal, Somos espíritu sin genero.",Experimento de dos chicos para probar que la homofobia empeora en Rusia,laSexta Noticias,2015-07-19T18:50:09Z,2015,lgtbi
gi7-uWyIYRw,@gustavoanhm,2021-05-18T05:38:02Z,1,"No le veo porque molestarse, pero  la libertad de expresión, en estos días, ha ido muy lejos. Mucha libertad de expresión no es bueno, y Rusia es un buen ejemplo.",Experimento de dos chicos para probar que la homofobia empeora en Rusia,laSexta Noticias,2015-07-19T18:50:09Z,2015,lgtbi
gi7-uWyIYRw,@Aldeano_de_la_aldea,2022-09-30T04:26:40Z,0,Por eso Rusia es potencia mundial 🤙,Experimento de dos chicos para probar que la homofobia empeora en Rusia,laSexta Noticias,2015-07-19T18:50:09Z,2015,lgtbi
gi7-uWyIYRw,@jorgepaulbalarezonavarro205,2023-07-04T18:55:12Z,0,Rusia un ejemplo a seguir,Experimento de dos chicos para probar que la homofobia empeora en Rusia,laSexta Noticias,2015-07-19T18:50:09Z,2015,lgtbi
gi7-uWyIYRw,@drflugantifem678,2021-12-17T08:34:49Z,0,"Pero si dicen : Juego Fulvo
Ya son Heterosexuales",Experimento de dos chicos para probar que la homofobia empeora en Rusia,laSexta Noticias,2015-07-19T18:50:09Z,2015,lgtbi
gi7-uWyIYRw,@femboytacticoOwOJarix1914,2022-02-12T17:12:16Z,3,Viva Rusia y abajo la omosexualidad,Experimento de dos chicos para probar que la homofobia empeora en Rusia,laSexta Noticias,2015-07-19T18:50:09Z,2015,lgtbi
gi7-uWyIYRw,@JulyLeepee,2022-01-16T17:54:20Z,0,amo Rusia,Experimento de dos chicos para probar que la homofobia empeora en Rusia,laSexta Noticias,2015-07-19T18:50:09Z,2015,lgtbi
gi7-uWyIYRw,@ABNER660,2022-01-06T22:43:14Z,1,así se hace Rusia,Experimento de dos chicos para probar que la homofobia empeora en Rusia,laSexta Noticias,2015-07-19T18:50:09Z,2015,lgtbi
gi7-uWyIYRw,@ElchaparroUnToro,2023-08-10T21:17:42Z,0,Rusia Top.,Experimento de dos chicos para probar que la homofobia empeora en Rusia,laSexta Noticias,2015-07-19T18:50:09Z,2015,lgtbi
gi7-uWyIYRw,@Ramsés99009,2023-07-01T14:41:44Z,1,"GRANDE RUSIA, TODAVÍA HAY VALORES EN RUSIA MUCHO RESPETO PARA ELLOS Y PARA EL SEÑOR PUTIN. 👍🔥",Experimento de dos chicos para probar que la homofobia empeora en Rusia,laSexta Noticias,2015-07-19T18:50:09Z,2015,lgtbi
gi7-uWyIYRw,@CAMIDIVING,2024-07-26T16:17:26Z,4,"VIVA RUSIA CARAJO, VIVA PUTIN..",Experimento de dos chicos para probar que la homofobia empeora en Rusia,laSexta Noticias,2015-07-19T18:50:09Z,2015,lgtbi
gi7-uWyIYRw,@JOSEDANIEL-qv3vb,2021-08-31T20:50:21Z,0,Se castiga la propaganda no la joteria. Entiendan!!,Experimento de dos chicos para probar que la homofobia empeora en Rusia,laSexta Noticias,2015-07-19T18:50:09Z,2015,lgtbi
gi7-uWyIYRw,@zabit_1991,2024-01-13T03:46:38Z,1,👏👏👏,Experimento de dos chicos para probar que la homofobia empeora en Rusia,laSexta Noticias,2015-07-19T18:50:09Z,2015,lgtbi
gi7-uWyIYRw,@nicolassuarez3952,2025-02-12T18:51:21Z,1,Perfecto,Experimento de dos chicos para probar que la homofobia empeora en Rusia,laSexta Noticias,2015-07-19T18:50:09Z,2015,lgtbi
gi7-uWyIYRw,@jorge6786,2024-03-01T22:16:06Z,0,Bien por Rusia,Experimento de dos chicos para probar que la homofobia empeora en Rusia,laSexta Noticias,2015-07-19T18:50:09Z,2015,lgtbi
gi7-uWyIYRw,@joseluishernandezgalicia2629,2024-07-16T01:48:46Z,1,Desgracidamente este mundo esta podrido el pecado existe,Experimento de dos chicos para probar que la homofobia empeora en Rusia,laSexta Noticias,2015-07-19T18:50:09Z,2015,lgtbi
gi7-uWyIYRw,@IsaacLightEcho,2022-06-14T19:40:04Z,1,"Me sentí horrible por él, ojalá ya esté feliz siendo libre: 1:17",Experimento de dos chicos para probar que la homofobia empeora en Rusia,laSexta Noticias,2015-07-19T18:50:09Z,2015,lgtbi
gi7-uWyIYRw,@GrgwarBarasak,2024-09-27T04:32:31Z,2,Que cracks estos Rusos 😂😎👍,Experimento de dos chicos para probar que la homofobia empeora en Rusia,laSexta Noticias,2015-07-19T18:50:09Z,2015,lgtbi
gi7-uWyIYRw,@edgarluna2664,2021-08-18T20:42:45Z,0,"Donde quiera seran mal vistos ,eso no es normal .que no entienden ???",Experimento de dos chicos para probar que la homofobia empeora en Rusia,laSexta Noticias,2015-07-19T18:50:09Z,2015,lgtbi
gi7-uWyIYRw,@carmenmena2178,2021-09-12T02:50:45Z,4,Esta bien lo que hacen en Rusia felicitaciones al Vladimir Putin por defender a la familia y lo que es correcto Dios lo bendiga.,Experimento de dos chicos para probar que la homofobia empeora en Rusia,laSexta Noticias,2015-07-19T18:50:09Z,2015,lgtbi
gi7-uWyIYRw,@velk_wanggoudan,2021-10-03T05:30:20Z,0,Vamos Rusia 💪,Experimento de dos chicos para probar que la homofobia empeora en Rusia,laSexta Noticias,2015-07-19T18:50:09Z,2015,lgtbi
gi7-uWyIYRw,@鳴海かおり,2021-11-12T16:38:53Z,0,Che pero flaco en Rusia es ilegal ser homosexual te pueden meter a la cárcel o hasta mat4rt3,Experimento de dos chicos para probar que la homofobia empeora en Rusia,laSexta Noticias,2015-07-19T18:50:09Z,2015,lgtbi
gi7-uWyIYRw,@JuanManuelPeñalba,2024-05-26T20:54:51Z,3,SLAVA RUSIA .... DIOS SALVE AL PATRIARCA KIRILL.... RUSIA  BASTION DE LOS VALORES TRADICIONALES ..DIOS PATRIA Y FAMILIA.....,Experimento de dos chicos para probar que la homofobia empeora en Rusia,laSexta Noticias,2015-07-19T18:50:09Z,2015,lgtbi
gi7-uWyIYRw,@inosuke-q3i,2024-07-17T04:08:43Z,0,soy omofovico,Experimento de dos chicos para probar que la homofobia empeora en Rusia,laSexta Noticias,2015-07-19T18:50:09Z,2015,lgtbi
gi7-uWyIYRw,@rosaauroralopezibarra2422,2021-07-24T12:53:53Z,0,Vengan a México. Aquí los recibimos sin problema.,Experimento de dos chicos para probar que la homofobia empeora en Rusia,laSexta Noticias,2015-07-19T18:50:09Z,2015,lgtbi
gi7-uWyIYRw,@CHRISVL24,2023-10-09T15:20:27Z,0,"AMO RUSIA , CREO QUE ELLOS ESTAN GENIALES",Experimento de dos chicos para probar que la homofobia empeora en Rusia,laSexta Noticias,2015-07-19T18:50:09Z,2015,lgtbi
gi7-uWyIYRw,@jeguarapontewilfredo5613,2024-05-01T12:09:46Z,1,jajajaja a mi no me importa asi deberia ser,Experimento de dos chicos para probar que la homofobia empeora en Rusia,laSexta Noticias,2015-07-19T18:50:09Z,2015,lgtbi
gi7-uWyIYRw,@candidaortigoza7823,2024-05-28T00:13:19Z,3,"VAYANSE A VIVIR EN EEUU,ESPAÑA,ISRAEL ASI NO TIENEN PROBLEMAS. LA LEY DE DIOS ES:HOMBRE,MUJER.PAPÁ,MAMÁ, FAMILIA BIEN CONSTITUIDA BASADO EN LA LEY DE DIOS.
SÍ, ALGO NO LES GUSTAN VAYAN RECLAMENLE AL SEÑOR DIOS TODOPODEROSO.ÉL ORDENÓ ASÍ. Y NADIE PUEDE REFUTAR HO CAMBIAR ESO.❤",Experimento de dos chicos para probar que la homofobia empeora en Rusia,laSexta Noticias,2015-07-19T18:50:09Z,2015,lgtbi
gi7-uWyIYRw,@ojoconladroga9536,2021-11-04T21:39:28Z,0,Epicarda esa regla de Putin XD,Experimento de dos chicos para probar que la homofobia empeora en Rusia,laSexta Noticias,2015-07-19T18:50:09Z,2015,lgtbi
gi7-uWyIYRw,@moiseshugoangulorodriguez6916,2021-04-16T20:44:39Z,2,"Y  quien me asegura que los que los empujan no son su mismos conocidos o amigos para montar algún acoso y desprestigiar el gobierno, el video mostrado no es prueba, ahora de que habrá personas homofobicas pues las hay y eso es en todo el mundo, pero esos son temas aislados. Además yo creo qués un video montado, porque nadie incluso el más homofobico mostraría o daría su rostro a conoser, si un homofobico atacaria sería con un pasa montañas o máscara y con mucha violencia, así que para mí este es un cuento mediocre y poco relevante el video.",Experimento de dos chicos para probar que la homofobia empeora en Rusia,laSexta Noticias,2015-07-19T18:50:09Z,2015,lgtbi
gi7-uWyIYRw,@elgordorabioso,2022-02-04T00:14:30Z,0,Xdddd,Experimento de dos chicos para probar que la homofobia empeora en Rusia,laSexta Noticias,2015-07-19T18:50:09Z,2015,lgtbi
gi7-uWyIYRw,@fernandosanchez3419,2023-09-29T09:59:27Z,0,"Putin , ejemplar .",Experimento de dos chicos para probar que la homofobia empeora en Rusia,laSexta Noticias,2015-07-19T18:50:09Z,2015,lgtbi
gi7-uWyIYRw,@Piruulo,2022-01-04T15:38:40Z,1,rusia el mejor pais del mundo,Experimento de dos chicos para probar que la homofobia empeora en Rusia,laSexta Noticias,2015-07-19T18:50:09Z,2015,lgtbi
gi7-uWyIYRw,@ElMamitas,2021-03-30T21:44:29Z,0,Los Rusos me llenan de orgullo,Experimento de dos chicos para probar que la homofobia empeora en Rusia,laSexta Noticias,2015-07-19T18:50:09Z,2015,lgtbi
gi7-uWyIYRw,@naokatorygd9400,2023-08-03T20:16:27Z,0,Viva Rusia chaval,Experimento de dos chicos para probar que la homofobia empeora en Rusia,laSexta Noticias,2015-07-19T18:50:09Z,2015,lgtbi
gi7-uWyIYRw,@ricardofajardo3711,2022-02-03T17:13:16Z,0,XD,Experimento de dos chicos para probar que la homofobia empeora en Rusia,laSexta Noticias,2015-07-19T18:50:09Z,2015,lgtbi
gi7-uWyIYRw,@cristianpabon1008,2024-04-14T14:52:20Z,1,VIVA LA MADRE RUSIA 🎉🎉🎉,Experimento de dos chicos para probar que la homofobia empeora en Rusia,laSexta Noticias,2015-07-19T18:50:09Z,2015,lgtbi
gi7-uWyIYRw,@JairoRuiz-jk4gk,2024-04-13T22:32:01Z,1,Pecado,Experimento de dos chicos para probar que la homofobia empeora en Rusia,laSexta Noticias,2015-07-19T18:50:09Z,2015,lgtbi
gi7-uWyIYRw,@pepinonendiza4128,2021-03-30T17:15:51Z,2,"Que bueno , ya que eso está mal , que bueno que Putin puso esa ley .",Experimento de dos chicos para probar que la homofobia empeora en Rusia,laSexta Noticias,2015-07-19T18:50:09Z,2015,lgtbi
gi7-uWyIYRw,@alejandroarellano5694,2024-02-14T23:07:06Z,1,Ya quiero vivir en rusia,Experimento de dos chicos para probar que la homofobia empeora en Rusia,laSexta Noticias,2015-07-19T18:50:09Z,2015,lgtbi
gi7-uWyIYRw,@felikgamero9223,2022-03-15T00:00:18Z,1,Viva la madre rusiaaaa,Experimento de dos chicos para probar que la homofobia empeora en Rusia,laSexta Noticias,2015-07-19T18:50:09Z,2015,lgtbi
gi7-uWyIYRw,@aearecontramongol1968,2024-03-27T12:45:03Z,1,Amoo rusiaa,Experimento de dos chicos para probar que la homofobia empeora en Rusia,laSexta Noticias,2015-07-19T18:50:09Z,2015,lgtbi
gi7-uWyIYRw,@JoseVilla-g9d,2024-10-04T02:33:31Z,0,🫵,Experimento de dos chicos para probar que la homofobia empeora en Rusia,laSexta Noticias,2015-07-19T18:50:09Z,2015,lgtbi
gi7-uWyIYRw,@armandoantonio9427,2021-09-05T22:57:09Z,0,genial ahora me quiero mudar a rusia mis respetos a putin,Experimento de dos chicos para probar que la homofobia empeora en Rusia,laSexta Noticias,2015-07-19T18:50:09Z,2015,lgtbi
gi7-uWyIYRw,@zommer5417,2021-09-11T04:10:28Z,0,Solo si ven nopor gei estaría justificado,Experimento de dos chicos para probar que la homofobia empeora en Rusia,laSexta Noticias,2015-07-19T18:50:09Z,2015,lgtbi
gi7-uWyIYRw,@MJ-we6tz,2021-11-04T16:20:41Z,2,"Qué hermoso Rusia con un gran presidente qué siempre esta en lo correcto el gran Putin
QUÉ VIVA LAS LEYES DE LA MADRE RUSIA Y QUÉ VIVA LA MADRE RUSIA",Experimento de dos chicos para probar que la homofobia empeora en Rusia,laSexta Noticias,2015-07-19T18:50:09Z,2015,lgtbi
gi7-uWyIYRw,@AngelRamirez-sc2jy,2023-08-22T06:10:50Z,0,"Que falta de respeto de éstos homosexuales, que respeten a ese país",Experimento de dos chicos para probar que la homofobia empeora en Rusia,laSexta Noticias,2015-07-19T18:50:09Z,2015,lgtbi
gi7-uWyIYRw,@angelsinmiedo8844,2023-12-14T05:31:45Z,1,Grande Rusia 👏👏👏👏 grande Putin 👏👏👏👏,Experimento de dos chicos para probar que la homofobia empeora en Rusia,laSexta Noticias,2015-07-19T18:50:09Z,2015,lgtbi
gi7-uWyIYRw,@satizai,2025-03-25T18:03:07Z,0,Bien 👍,Experimento de dos chicos para probar que la homofobia empeora en Rusia,laSexta Noticias,2015-07-19T18:50:09Z,2015,lgtbi
gi7-uWyIYRw,@reparldi8734,2021-11-03T12:38:53Z,0,"Cómo quisiera vivir en Rusia, Viva Putin",Experimento de dos chicos para probar que la homofobia empeora en Rusia,laSexta Noticias,2015-07-19T18:50:09Z,2015,lgtbi
gi7-uWyIYRw,@mariebonilla2855,2022-01-18T19:59:10Z,1,"bravo Putin, siempre mi presidente favorito",Experimento de dos chicos para probar que la homofobia empeora en Rusia,laSexta Noticias,2015-07-19T18:50:09Z,2015,lgtbi
gi7-uWyIYRw,@luissanchez-hw1br,2024-02-24T21:02:42Z,1,"Grande rusia, no aceptan ęnfęřmęďąďęş.",Experimento de dos chicos para probar que la homofobia empeora en Rusia,laSexta Noticias,2015-07-19T18:50:09Z,2015,lgtbi
gi7-uWyIYRw,@miguelh.v4601,2021-03-31T14:13:12Z,0,QUIEN MAS QUIERE UN PRESIDENTE COMO PUTIN EN SUS PAISES😂,Experimento de dos chicos para probar que la homofobia empeora en Rusia,laSexta Noticias,2015-07-19T18:50:09Z,2015,lgtbi
gi7-uWyIYRw,@matiasibarra5644,2022-01-19T01:56:56Z,1,"Más razones para irme a la madre russia que no se  deja , llevar por las nuevas tendencias que solo promueven la perversión de las personas  de ese tipo.",Experimento de dos chicos para probar que la homofobia empeora en Rusia,laSexta Noticias,2015-07-19T18:50:09Z,2015,lgtbi
gi7-uWyIYRw,@JeffLans-0l3,2025-02-23T19:56:18Z,0,Necesito mudarme a Russia,Experimento de dos chicos para probar que la homofobia empeora en Rusia,laSexta Noticias,2015-07-19T18:50:09Z,2015,lgtbi
gi7-uWyIYRw,@denisperezcruz6336,2023-10-22T20:47:55Z,0,Si Dios hubiese querido parejas del mismo sexo desde un principio hubiese creado al hombre nada más pero el en su infinita sabiduría creo a la mujer y está unión hizo que la tierra se poblara y las escrituras dicen maldito el hombre que se acueste con otro hombre claro que siendo la preferencia sexual que sea los respetamos como seres humanos pero creo que si es un poco molestos que nos quieran confundir con esa ideología de los políticos donde dicen que no se nace hombre ni mujer que se decide serlo y yo les digo que un hombre nunca será mujer porque no tiene ovarios no tiene su mestruacion y no se embaraza aunque se cambie todo y a las cosas hay que llamarlas por su nombre no le puedo llamar por ejemplo lobo a un tigre o tigre a un lobo aquí solo hay dos hombre o mujer no hay tercer sexo,Experimento de dos chicos para probar que la homofobia empeora en Rusia,laSexta Noticias,2015-07-19T18:50:09Z,2015,lgtbi
gi7-uWyIYRw,@mariamedellin9971,2021-09-30T09:01:36Z,0,Esta claro si no quieren homosexuales no abusen de inocentes padres y madres dejan que sus hijos crezcan holgadamente y después las pobres criaturas sufren toda una vida no es justo dios es amor y curara a los hemfermos del alma ya viene yeshua el altisimo si no cuidan sus hijos simple no sean padres,Experimento de dos chicos para probar que la homofobia empeora en Rusia,laSexta Noticias,2015-07-19T18:50:09Z,2015,lgtbi
gi7-uWyIYRw,@gatonig_a,2023-12-31T15:47:34Z,0,Por eso respeto a Rusia porque no quieren ver a su nación caer por la homosexualidad mis respetos a Putin y a los Rusos en general,Experimento de dos chicos para probar que la homofobia empeora en Rusia,laSexta Noticias,2015-07-19T18:50:09Z,2015,lgtbi
gi7-uWyIYRw,@90minute-nation,2022-01-11T21:20:05Z,0,Grande rusía!!!!,Experimento de dos chicos para probar que la homofobia empeora en Rusia,laSexta Noticias,2015-07-19T18:50:09Z,2015,lgtbi
dAb_xYVNHOM,@FearlessStar1000,2015-10-03T13:07:53Z,318,The looks on all their faces as they went silent while reading it was heart-breaking,#ConLaVozBienAlta - FELGTB,Federación Estatal LGTBI+ - FELGTBI+,2015-09-29T18:45:59Z,2015,lgtbi
dAb_xYVNHOM,@ladivaza,2015-10-03T03:37:58Z,20,ESTO ME HACE TENER TANTA ESPERANZA SOBRE ESTE MUNDO,#ConLaVozBienAlta - FELGTB,Federación Estatal LGTBI+ - FELGTBI+,2015-09-29T18:45:59Z,2015,lgtbi
dAb_xYVNHOM,@codespots,2015-10-01T10:59:06Z,35,"Even though I am not Spanish, this video is why I am so proud of living in Spain.",#ConLaVozBienAlta - FELGTB,Federación Estatal LGTBI+ - FELGTBI+,2015-09-29T18:45:59Z,2015,lgtbi
dAb_xYVNHOM,@lugovideos,2015-09-29T22:33:19Z,284,"Un video realmente muy bueno, muy orgulloso de que exista gente como estos ciudadanos dispuestos a ayudar y que se enfrentan a la homofobia. Great",#ConLaVozBienAlta - FELGTB,Federación Estatal LGTBI+ - FELGTBI+,2015-09-29T18:45:59Z,2015,lgtbi
dAb_xYVNHOM,@ismaelalvarez,2015-09-30T11:22:53Z,120,"Bravo por el video, bravo por el proyecto, bravo por alzar la voz y bravo por la reacción de la gente. ¡Que nunca nadie nos calle!",#ConLaVozBienAlta - FELGTB,Federación Estatal LGTBI+ - FELGTBI+,2015-09-29T18:45:59Z,2015,lgtbi
dAb_xYVNHOM,@Shirley36,2015-10-11T14:58:20Z,32,"When the girl said that she'd rather not translate the paper, the poor girl looked like she was close to tears. The Spanish are amazingly sympathetic, warm and kind... I'd love to visit Spain one day.",#ConLaVozBienAlta - FELGTB,Federación Estatal LGTBI+ - FELGTBI+,2015-09-29T18:45:59Z,2015,lgtbi
dAb_xYVNHOM,@claudiamobi,2015-10-04T18:14:17Z,11,No he podido evitar llorar. Espero que la sociedad no pare de avanzar nunca.,#ConLaVozBienAlta - FELGTB,Federación Estatal LGTBI+ - FELGTBI+,2015-09-29T18:45:59Z,2015,lgtbi
dAb_xYVNHOM,@ItsMarkMiller,2015-09-30T14:01:04Z,124,"Enhorabuena por este vídeo tan maravilloso! Que orgullo saber que la sociedad avanza, pero cierto es que todavía queda mucho por hacer... Sin duda alguna conseguisteis emocionarme y espero que toda la gente que lo vea le provoque esa misma sensación.",#ConLaVozBienAlta - FELGTB,Federación Estatal LGTBI+ - FELGTBI+,2015-09-29T18:45:59Z,2015,lgtbi
dAb_xYVNHOM,@rcmnts,2015-10-05T01:40:26Z,85,Don't cry... don't cry... don't cry...,#ConLaVozBienAlta - FELGTB,Federación Estatal LGTBI+ - FELGTBI+,2015-09-29T18:45:59Z,2015,lgtbi
dAb_xYVNHOM,@josecarrillo1391,2015-09-30T14:20:04Z,48,"Me han salido lagrimas de los ojos al ver como la gente sin conocerlos reacciona con el unico proposito de darle la mano y hacer q se hagan las cosas bien y q nos acepten tal y como somos, entiendan nosotros no hacemos nada malo vivimos una vida diferente pero  tambien tenemos derecho a respirar el mismo aire que todos respiran ...",#ConLaVozBienAlta - FELGTB,Federación Estatal LGTBI+ - FELGTBI+,2015-09-29T18:45:59Z,2015,lgtbi
dAb_xYVNHOM,@jess6969ify,2015-10-03T12:24:14Z,47,One of the many reasons I am so proud and happy to live in Madrid. An incredibly open minded place with some of the most genuine and kind people you'll ever meet,#ConLaVozBienAlta - FELGTB,Federación Estatal LGTBI+ - FELGTBI+,2015-09-29T18:45:59Z,2015,lgtbi
dAb_xYVNHOM,@Night_Rider_Ffm,2015-10-01T19:25:08Z,19,"Congratulations, this video ist the proof that Spain is a civilized and progressive country. *thumbsup*",#ConLaVozBienAlta - FELGTB,Federación Estatal LGTBI+ - FELGTBI+,2015-09-29T18:45:59Z,2015,lgtbi
dAb_xYVNHOM,@JulsCrisistunity,2015-09-30T10:14:21Z,72,Orgullo de ser español 🇪🇸,#ConLaVozBienAlta - FELGTB,Federación Estatal LGTBI+ - FELGTBI+,2015-09-29T18:45:59Z,2015,lgtbi
dAb_xYVNHOM,@rushsmith,2015-09-30T17:57:55Z,83,tenéis todo mi apoyo como organización. felicidades por el video.,#ConLaVozBienAlta - FELGTB,Federación Estatal LGTBI+ - FELGTBI+,2015-09-29T18:45:59Z,2015,lgtbi
dAb_xYVNHOM,@JB0Y74,2015-10-02T05:51:43Z,95,"It made me teary. 
I can't wait to visit Spain.",#ConLaVozBienAlta - FELGTB,Federación Estatal LGTBI+ - FELGTBI+,2015-09-29T18:45:59Z,2015,lgtbi
dAb_xYVNHOM,@theostrich76,2015-10-03T17:17:11Z,13,I have been to Spain three times now and the people are incredibly warm and welcoming! Love Spain and these reactions are real. We should all be so lucky to live in such amazing countries.,#ConLaVozBienAlta - FELGTB,Federación Estatal LGTBI+ - FELGTBI+,2015-09-29T18:45:59Z,2015,lgtbi
dAb_xYVNHOM,@jonahkingi98,2015-10-04T04:48:19Z,6,So heartwarming to see that people in Spain are so compassionate and have empathy for the couple.,#ConLaVozBienAlta - FELGTB,Federación Estatal LGTBI+ - FELGTBI+,2015-09-29T18:45:59Z,2015,lgtbi
dAb_xYVNHOM,@RobertEbg,2015-10-02T03:37:48Z,6,"Una emoción enorme en mi pecho al ver esto,  ESPAÑOLES, de corazón, deben sentirse orgulloso de tener personas así. Son grandes.",#ConLaVozBienAlta - FELGTB,Federación Estatal LGTBI+ - FELGTBI+,2015-09-29T18:45:59Z,2015,lgtbi
dAb_xYVNHOM,@lulutrottoir4027,2016-01-13T00:14:25Z,4,"De verdad, siento orgullo de ser española y de toda esa gente que ha traducido la carta si no estaba preparado y no sabían nada. ORGULLO.",#ConLaVozBienAlta - FELGTB,Federación Estatal LGTBI+ - FELGTBI+,2015-09-29T18:45:59Z,2015,lgtbi
dAb_xYVNHOM,@sansasdirewolf,2015-10-06T04:04:38Z,9,"Spain definitely has won my heart with this video. I don't even know what to say, just beautiful.",#ConLaVozBienAlta - FELGTB,Federación Estatal LGTBI+ - FELGTBI+,2015-09-29T18:45:59Z,2015,lgtbi
dAb_xYVNHOM,@Minoritynomad,2015-10-01T06:38:39Z,8,Wonderful video and great example of true Spanish culture. Hospitality and open-mindedness.,#ConLaVozBienAlta - FELGTB,Federación Estatal LGTBI+ - FELGTBI+,2015-09-29T18:45:59Z,2015,lgtbi
dAb_xYVNHOM,@victoriamendez3699,2020-06-01T12:50:02Z,4,"Se me saltan las lágrimas. Entre todxs, pararemos la Lgtbifobia. ✊",#ConLaVozBienAlta - FELGTB,Federación Estatal LGTBI+ - FELGTBI+,2015-09-29T18:45:59Z,2015,lgtbi
dAb_xYVNHOM,@alessela6804,2015-09-30T09:09:47Z,46,Maravilloso vídeo. Hace que te sientas orgulloso de ser español.,#ConLaVozBienAlta - FELGTB,Federación Estatal LGTBI+ - FELGTBI+,2015-09-29T18:45:59Z,2015,lgtbi
dAb_xYVNHOM,@MiaresProject,2015-10-12T14:02:15Z,7,"Generalmente siempre dudo cuando veo vídeos de cámara oculta (sobre si será real o será preparado) pero independientemente de eso, es una muy buena campaña, muy buena idea y muy buen mensaje.",#ConLaVozBienAlta - FELGTB,Federación Estatal LGTBI+ - FELGTBI+,2015-09-29T18:45:59Z,2015,lgtbi
dAb_xYVNHOM,@pandacoch,2015-10-05T03:38:21Z,5,Que emocionante! Me encantan los españoles! Podéis ver la preocupación en sus caras. Abrazos desde Filipinas.,#ConLaVozBienAlta - FELGTB,Federación Estatal LGTBI+ - FELGTBI+,2015-09-29T18:45:59Z,2015,lgtbi
dAb_xYVNHOM,@davidpacheco2957,2015-09-30T16:31:27Z,5,woooow me emocionó muchísimo. Siento un nudo en la garganta y las lagrimas me quieren salir. GRACIAS,#ConLaVozBienAlta - FELGTB,Federación Estatal LGTBI+ - FELGTBI+,2015-09-29T18:45:59Z,2015,lgtbi
dAb_xYVNHOM,@RaulRomerobarnacunyc,2015-09-30T13:28:15Z,9,Muy bien video! Hay que terminar con la homofobia de una vez por todas!,#ConLaVozBienAlta - FELGTB,Federación Estatal LGTBI+ - FELGTBI+,2015-09-29T18:45:59Z,2015,lgtbi
dAb_xYVNHOM,@lidiamartin1414,2016-10-31T18:39:51Z,1,"Este tipo de videos hacen que no pierda la fé en la humanidad, realmente me emociono con estas cosas, realmente genial.",#ConLaVozBienAlta - FELGTB,Federación Estatal LGTBI+ - FELGTBI+,2015-09-29T18:45:59Z,2015,lgtbi
dAb_xYVNHOM,@AnthonyVEVOXD,2015-10-03T04:33:48Z,4,Esta clase de vídeos son los que me hacen creer que aun hay humanidad.,#ConLaVozBienAlta - FELGTB,Federación Estatal LGTBI+ - FELGTBI+,2015-09-29T18:45:59Z,2015,lgtbi
dAb_xYVNHOM,@Sofrew,2015-10-21T18:20:13Z,6,"And this is why I love both Spain and Portugal, there are both homophobic and racist people but not as much as you think, most of us are normal people that can accept difference in the society!
Proud to have these neighbors (the Spanish), and proud to be Portuguese! #ConlaVozBienAlta",#ConLaVozBienAlta - FELGTB,Federación Estatal LGTBI+ - FELGTBI+,2015-09-29T18:45:59Z,2015,lgtbi
dAb_xYVNHOM,@ajgonzales4989,2015-10-01T19:34:10Z,1,"From the Philippines, Mabuhay to the Spaniards. This makes me want to visit your country.",#ConLaVozBienAlta - FELGTB,Federación Estatal LGTBI+ - FELGTBI+,2015-09-29T18:45:59Z,2015,lgtbi
dAb_xYVNHOM,@noval5119,2015-10-01T00:27:53Z,0,"Felicidades  por el video, ojala y en México tuviéramos una campaña similar que mucha falta hace.",#ConLaVozBienAlta - FELGTB,Federación Estatal LGTBI+ - FELGTBI+,2015-09-29T18:45:59Z,2015,lgtbi
dAb_xYVNHOM,@robertoloiali2308,2015-09-30T13:52:48Z,7,GRACIAS ESPAÑA...otro italiano que te ama :-),#ConLaVozBienAlta - FELGTB,Federación Estatal LGTBI+ - FELGTBI+,2015-09-29T18:45:59Z,2015,lgtbi
dAb_xYVNHOM,@justine_cvn,2015-10-09T10:38:27Z,1,Lohantony's snapchat story brought me here. I am so happy that I watched this!,#ConLaVozBienAlta - FELGTB,Federación Estatal LGTBI+ - FELGTBI+,2015-09-29T18:45:59Z,2015,lgtbi
dAb_xYVNHOM,@orgaysmo,2015-09-30T17:44:58Z,1,Bravo. Gracias por recordarnos que un mundo mejor es posible. Porque TODOS debemos vivir y amar con libertad.,#ConLaVozBienAlta - FELGTB,Federación Estatal LGTBI+ - FELGTBI+,2015-09-29T18:45:59Z,2015,lgtbi
dAb_xYVNHOM,@puflitopro,2015-09-30T12:22:22Z,1,"imposible verlo sin llorar de rabia e impotencia, pero también de ver que existen buenas personas en el mundo. 
Gracias por hacernos reflexionar.",#ConLaVozBienAlta - FELGTB,Federación Estatal LGTBI+ - FELGTBI+,2015-09-29T18:45:59Z,2015,lgtbi
dAb_xYVNHOM,@imc9864,2015-09-29T19:39:21Z,11,Felicidades por este vídeo y felicidades por las reacciones. Orgullo ibérico.,#ConLaVozBienAlta - FELGTB,Federación Estatal LGTBI+ - FELGTBI+,2015-09-29T18:45:59Z,2015,lgtbi
dAb_xYVNHOM,@maxmiro96,2015-10-05T19:50:54Z,0,"Joder, que me emociono. Auque aún falta un largo camino, vamos a por ello!",#ConLaVozBienAlta - FELGTB,Federación Estatal LGTBI+ - FELGTBI+,2015-09-29T18:45:59Z,2015,lgtbi
dAb_xYVNHOM,@jimboi84,2015-10-02T20:03:18Z,4,"This is beautiful. Thank you, Spain.",#ConLaVozBienAlta - FELGTB,Federación Estatal LGTBI+ - FELGTBI+,2015-09-29T18:45:59Z,2015,lgtbi
dAb_xYVNHOM,@carolinaescobarmejia1616,2015-10-24T12:24:48Z,0,Excelente video!  Los creativos de esta campaña tienen arte!  y muy orgullosa de los ciudadanos que están dispuestos a alzar la voz! #ConLaVozBienAlta,#ConLaVozBienAlta - FELGTB,Federación Estatal LGTBI+ - FELGTBI+,2015-09-29T18:45:59Z,2015,lgtbi
dAb_xYVNHOM,@jacksuon5550,2015-10-02T23:08:39Z,2,It's good to see that their are still good people out there in this world. :),#ConLaVozBienAlta - FELGTB,Federación Estatal LGTBI+ - FELGTBI+,2015-09-29T18:45:59Z,2015,lgtbi
dAb_xYVNHOM,@deborahsapovalov7606,2015-10-08T18:33:02Z,8,OMG Lohanthony thanks for sending me here 😱,#ConLaVozBienAlta - FELGTB,Federación Estatal LGTBI+ - FELGTBI+,2015-09-29T18:45:59Z,2015,lgtbi
dAb_xYVNHOM,@nemo9396,2015-10-03T11:48:59Z,1,the thought that something like this could ever happen to me or anyone is heartbreaking...,#ConLaVozBienAlta - FELGTB,Federación Estatal LGTBI+ - FELGTBI+,2015-09-29T18:45:59Z,2015,lgtbi
dAb_xYVNHOM,@hugoalonsoaguilar,2015-09-30T17:16:56Z,1,"Enhorabuena por este trabajazo, simplemente brillante!! #OtroMundoEsPosible",#ConLaVozBienAlta - FELGTB,Federación Estatal LGTBI+ - FELGTBI+,2015-09-29T18:45:59Z,2015,lgtbi
dAb_xYVNHOM,@armandoc,2015-10-02T01:05:04Z,0,Da gusto ver a personas que apoyan a no discriminar. Muy padre el vídeo!,#ConLaVozBienAlta - FELGTB,Federación Estatal LGTBI+ - FELGTBI+,2015-09-29T18:45:59Z,2015,lgtbi
dAb_xYVNHOM,@AlbertoAradraug,2015-10-02T05:05:23Z,0,"Felicidades, excelente campaña.",#ConLaVozBienAlta - FELGTB,Federación Estatal LGTBI+ - FELGTBI+,2015-09-29T18:45:59Z,2015,lgtbi
dAb_xYVNHOM,@sabadababneh8026,2015-10-08T18:15:04Z,2,this is amazing and heartwarming ! my boy lohanthony sent me here:),#ConLaVozBienAlta - FELGTB,Federación Estatal LGTBI+ - FELGTBI+,2015-09-29T18:45:59Z,2015,lgtbi
dAb_xYVNHOM,@OlagirlsFestival,2015-09-30T20:00:45Z,0,#ConLaVozBienAlta os damos las gracias por este vídeo. ¡Bravo FELGTB por vuestro trabajo por la sensibilización y no discriminación!,#ConLaVozBienAlta - FELGTB,Federación Estatal LGTBI+ - FELGTBI+,2015-09-29T18:45:59Z,2015,lgtbi
dAb_xYVNHOM,@JustToPIay,2015-10-02T19:04:02Z,0,"i cant stop crying omg, i wish it was everyone in this world, or at least for me..",#ConLaVozBienAlta - FELGTB,Federación Estatal LGTBI+ - FELGTBI+,2015-09-29T18:45:59Z,2015,lgtbi
dAb_xYVNHOM,@Jordi86,2015-11-11T16:49:42Z,1,Awesome video! Thanks for making it and the message it puts out into the world!,#ConLaVozBienAlta - FELGTB,Federación Estatal LGTBI+ - FELGTBI+,2015-09-29T18:45:59Z,2015,lgtbi
dAb_xYVNHOM,@miquelangelfernandezgarcia4288,2015-10-04T09:19:11Z,2,"Excelente video, felicidades a FELGTB por esta campaña que anima a denunciar cualquier tipo de discriminacion pero que señala que son muchas las personas que están dispuestas a ayudar y a acompañar a quienes son objeto de discriminación. Esta es la verdadera Marca España.",#ConLaVozBienAlta - FELGTB,Federación Estatal LGTBI+ - FELGTBI+,2015-09-29T18:45:59Z,2015,lgtbi
dAb_xYVNHOM,@macarenaanosantiago9700,2015-10-02T19:32:32Z,1,Fantástico vídeo! fantástica campaña!,#ConLaVozBienAlta - FELGTB,Federación Estatal LGTBI+ - FELGTBI+,2015-09-29T18:45:59Z,2015,lgtbi
dAb_xYVNHOM,@Redwoods2024,2015-10-03T01:43:56Z,4,I LOVE the great people in Spain!,#ConLaVozBienAlta - FELGTB,Federación Estatal LGTBI+ - FELGTBI+,2015-09-29T18:45:59Z,2015,lgtbi
dAb_xYVNHOM,@PedroTawa,2015-10-02T17:00:42Z,1,Cute the people of Spain should be proud 😍,#ConLaVozBienAlta - FELGTB,Federación Estatal LGTBI+ - FELGTBI+,2015-09-29T18:45:59Z,2015,lgtbi
dAb_xYVNHOM,@raulsierramartin917,2015-09-30T14:07:37Z,0,"Es imposible no emocionarse con este video, queda mucho por hacer... pero avanzamos.",#ConLaVozBienAlta - FELGTB,Federación Estatal LGTBI+ - FELGTBI+,2015-09-29T18:45:59Z,2015,lgtbi
dAb_xYVNHOM,@BrenLockhart,2015-10-01T19:28:03Z,0,Muy buen video. Lamentablemente hay mucha gente sin cerebro y sin corazon. Orgullosa de que todavia quede gente dispuesta a ayudar y a no juzgar! Muy emotivo!,#ConLaVozBienAlta - FELGTB,Federación Estatal LGTBI+ - FELGTBI+,2015-09-29T18:45:59Z,2015,lgtbi
dAb_xYVNHOM,@mistikalrebel,2015-10-01T22:02:05Z,1,this is just simply amazing to see how wonderful the world is changing into and the beautiful people in it.....,#ConLaVozBienAlta - FELGTB,Federación Estatal LGTBI+ - FELGTBI+,2015-09-29T18:45:59Z,2015,lgtbi
dAb_xYVNHOM,@axellfernandez6673,2015-09-30T20:24:13Z,1,Da gusto vivir en el mismo pais que esta gente. Contad con mi apoyo para esta causa y seguid para alante que juntos se puede.,#ConLaVozBienAlta - FELGTB,Federación Estatal LGTBI+ - FELGTBI+,2015-09-29T18:45:59Z,2015,lgtbi
dAb_xYVNHOM,@santiagobarciencegarcia7554,2015-10-25T15:31:44Z,0,"Avancemos señores/as, mas tolerancia y vivamos en armonía.",#ConLaVozBienAlta - FELGTB,Federación Estatal LGTBI+ - FELGTBI+,2015-09-29T18:45:59Z,2015,lgtbi
dAb_xYVNHOM,@magicladdoo,2015-10-22T22:03:30Z,1,Ah. This almost made me tear up. What lovely people. They genuinely didn't want to hurt two strangers they barely even knew.,#ConLaVozBienAlta - FELGTB,Federación Estatal LGTBI+ - FELGTBI+,2015-09-29T18:45:59Z,2015,lgtbi
dAb_xYVNHOM,@MalkavianBilbao,2015-09-30T12:15:03Z,0,"Gran vídeo, grandes personas. Compartido",#ConLaVozBienAlta - FELGTB,Federación Estatal LGTBI+ - FELGTBI+,2015-09-29T18:45:59Z,2015,lgtbi
dAb_xYVNHOM,@SpankinDaBagel,2015-10-09T21:23:29Z,0,Wow you're making me feel great Spain. Greetings from an America friends!,#ConLaVozBienAlta - FELGTB,Federación Estatal LGTBI+ - FELGTBI+,2015-09-29T18:45:59Z,2015,lgtbi
dAb_xYVNHOM,@WhimperingSoul,2015-10-02T01:50:00Z,2,This video touched my heart,#ConLaVozBienAlta - FELGTB,Federación Estatal LGTBI+ - FELGTBI+,2015-09-29T18:45:59Z,2015,lgtbi
dAb_xYVNHOM,@lovendor,2015-10-14T00:08:31Z,0,this made me really happy,#ConLaVozBienAlta - FELGTB,Federación Estatal LGTBI+ - FELGTBI+,2015-09-29T18:45:59Z,2015,lgtbi
dAb_xYVNHOM,@litzycruz675,2015-10-08T20:41:43Z,0,This video is amzing.,#ConLaVozBienAlta - FELGTB,Federación Estatal LGTBI+ - FELGTBI+,2015-09-29T18:45:59Z,2015,lgtbi
dAb_xYVNHOM,@luisfeliperodriguezmedina5253,2015-10-02T15:21:10Z,0,"Desde México quiero felicitarlos por la idea y por la iniciativa. no puedo describir lo que pude sentir solo de pensar estar en el lugar de cualquiera de ellos, de los turistas que traducían o de la feliz pareja que solo iba a disfrutar de sus vacaciones. Los Derechos Humanos existen y son para todos con el objetivo de garantizar la paz en el mundo y la discriminación sin duda va en contra de ello, todos tenemos los mismos derechos como ciudadanos y eso acabará hasta el día en que como Ciudadanos asumamos de manera cociente movernos a vivir en armonía .. Felicidades Nuevamente y gracias por compartir",#ConLaVozBienAlta - FELGTB,Federación Estatal LGTBI+ - FELGTBI+,2015-09-29T18:45:59Z,2015,lgtbi
dAb_xYVNHOM,@o_o825,2015-10-02T08:02:29Z,18,I LOVE SPAIN! We Americans must learn that hate speech does not deserve to be free speech.,#ConLaVozBienAlta - FELGTB,Federación Estatal LGTBI+ - FELGTBI+,2015-09-29T18:45:59Z,2015,lgtbi
dAb_xYVNHOM,@yukityiu,2016-03-15T16:18:44Z,0,I am gonna cry . this is so touching me .,#ConLaVozBienAlta - FELGTB,Federación Estatal LGTBI+ - FELGTBI+,2015-09-29T18:45:59Z,2015,lgtbi
dAb_xYVNHOM,@DoeiDenise,2015-10-25T17:57:45Z,0,This video made me so emotional! All these people are so nice <3,#ConLaVozBienAlta - FELGTB,Federación Estatal LGTBI+ - FELGTBI+,2015-09-29T18:45:59Z,2015,lgtbi
dAb_xYVNHOM,@CLAUDSJACKIEC,2015-10-01T23:04:19Z,3,"i cried so hard, such an emotional video!",#ConLaVozBienAlta - FELGTB,Federación Estatal LGTBI+ - FELGTBI+,2015-09-29T18:45:59Z,2015,lgtbi
dAb_xYVNHOM,@dexter0315,2015-09-30T11:19:03Z,1,"Contento y orgulloso de que exista gente con tan buen espíritu y ganas de ayudar, pero apenado porque aún existan cavernícolas y homófobos en este pais. Gran video.",#ConLaVozBienAlta - FELGTB,Federación Estatal LGTBI+ - FELGTBI+,2015-09-29T18:45:59Z,2015,lgtbi
dAb_xYVNHOM,@BaileeBooSmiles,2015-10-08T18:19:12Z,2,Lohanthony sent me! This is beautiful!,#ConLaVozBienAlta - FELGTB,Federación Estatal LGTBI+ - FELGTBI+,2015-09-29T18:45:59Z,2015,lgtbi
dAb_xYVNHOM,@SerenaMariaBlaga3,2015-10-25T08:54:39Z,0,omg...such beautiful response from everybody,#ConLaVozBienAlta - FELGTB,Federación Estatal LGTBI+ - FELGTBI+,2015-09-29T18:45:59Z,2015,lgtbi
dAb_xYVNHOM,@gaypointcomunidad7039,2015-11-05T16:38:04Z,0,"Un vídeo genial, ojalá sirva para concienciar a la gente del enorme problema que supone la homofobia.",#ConLaVozBienAlta - FELGTB,Federación Estatal LGTBI+ - FELGTBI+,2015-09-29T18:45:59Z,2015,lgtbi
dAb_xYVNHOM,@Willbesurfing,2015-10-09T02:33:38Z,2,"Half way through and I'm crying at how awesome these strangers are, that they don't even want to tell them the awful truth about what's written down.  Bravo Spain, bravo!",#ConLaVozBienAlta - FELGTB,Federación Estatal LGTBI+ - FELGTBI+,2015-09-29T18:45:59Z,2015,lgtbi
dAb_xYVNHOM,@Percebesygrelos,2015-09-30T15:41:19Z,13,Creo que es realmente motivador. Enhorabuena y gracias!,#ConLaVozBienAlta - FELGTB,Federación Estatal LGTBI+ - FELGTBI+,2015-09-29T18:45:59Z,2015,lgtbi
dAb_xYVNHOM,@holls3439,2015-10-03T04:41:19Z,1,This is so beautiful.,#ConLaVozBienAlta - FELGTB,Federación Estatal LGTBI+ - FELGTBI+,2015-09-29T18:45:59Z,2015,lgtbi
dAb_xYVNHOM,@dolcevittauk9637,2015-09-30T12:40:43Z,0,"Felicidades por el video , 
me encantaría ver el vídeo en los medios de comunicación tradicionales.. 

Si existen anuncios en Tv sobre la lucha contra la droga y el maltrato a la mujer  porque no, en defensa e igualdad de colectivo gaylesbix  y Trans ..
Gracias por que habéis hecho un buen trabajo.",#ConLaVozBienAlta - FELGTB,Federación Estatal LGTBI+ - FELGTBI+,2015-09-29T18:45:59Z,2015,lgtbi
dAb_xYVNHOM,@walbianmaj,2015-09-30T14:41:41Z,0,"buenísimoooo!!!, si ésto hubiese ocurrido en argentina y no en españa, los resultados hubiesen sido otros, bien por los madrileños, han demostrado que con gran dolor crecieron y hoy en día son una sociedad que está a la altura de las circunstancias.",#ConLaVozBienAlta - FELGTB,Federación Estatal LGTBI+ - FELGTBI+,2015-09-29T18:45:59Z,2015,lgtbi
dAb_xYVNHOM,@wawa2,2015-10-01T23:25:00Z,2,THANK YOU SPAIN!!,#ConLaVozBienAlta - FELGTB,Federación Estatal LGTBI+ - FELGTBI+,2015-09-29T18:45:59Z,2015,lgtbi
dAb_xYVNHOM,@acidangelxo,2017-06-01T21:20:51Z,1,The Spanish are such good people. Mediterranean bros for life <3,#ConLaVozBienAlta - FELGTB,Federación Estatal LGTBI+ - FELGTBI+,2015-09-29T18:45:59Z,2015,lgtbi
dAb_xYVNHOM,@ValenciaPSB,2015-09-30T18:19:07Z,0,"Brutal, sin palabras",#ConLaVozBienAlta - FELGTB,Federación Estatal LGTBI+ - FELGTBI+,2015-09-29T18:45:59Z,2015,lgtbi
dAb_xYVNHOM,@RicardoBennington,2015-09-30T16:15:54Z,13,"Yo, desde que salí del armario públicamente, he recibido en una sola ocasión insultos por ser homosexual y, aunque sé defenderme de ello, no quita que no pueda denunciar a esos homófobos por sus actos y sus palabras. Por suerte, no es nada comparado con lo que sufren otras personas LGTB; pero sé que si en algún momento me discriminan por ello, no dudaría en denunciar, y eso debería hacerlo toda persona LGTB sin miedo a represalias, porque recibirán ayuda y apoyo sí o sí. Os doy mi enhorabuena por este vídeo tan increíble y emotivo. Espero que el número de casos por discriminación vaya disminuyendo con el tiempo y la sociedad se vuelva mucho más tolerante de la que ya somos ahora. Un saludo ^^",#ConLaVozBienAlta - FELGTB,Federación Estatal LGTBI+ - FELGTBI+,2015-09-29T18:45:59Z,2015,lgtbi
dAb_xYVNHOM,@RicardoAntonioHinostrozaMoreno,2015-10-03T05:03:44Z,2,Great!,#ConLaVozBienAlta - FELGTB,Federación Estatal LGTBI+ - FELGTBI+,2015-09-29T18:45:59Z,2015,lgtbi
dAb_xYVNHOM,@littlelemon1012,2015-10-09T01:24:19Z,0,oh my god this left me in tears,#ConLaVozBienAlta - FELGTB,Federación Estatal LGTBI+ - FELGTBI+,2015-09-29T18:45:59Z,2015,lgtbi
dAb_xYVNHOM,@SpanishQueensOficial,2015-10-01T09:49:03Z,3,Muy buen vídeo compas :) Necesario. Aplaudimos.,#ConLaVozBienAlta - FELGTB,Federación Estatal LGTBI+ - FELGTBI+,2015-09-29T18:45:59Z,2015,lgtbi
dAb_xYVNHOM,@wew7205,2015-10-02T16:52:25Z,1,It' s the best video I have ever seen which  is created to sensitize about LGBT rights !,#ConLaVozBienAlta - FELGTB,Federación Estatal LGTBI+ - FELGTBI+,2015-09-29T18:45:59Z,2015,lgtbi
dAb_xYVNHOM,@UVFirefly,2015-10-03T02:32:35Z,1,I cried!  I will be visiting Spain now for my  next vacation!!,#ConLaVozBienAlta - FELGTB,Federación Estatal LGTBI+ - FELGTBI+,2015-09-29T18:45:59Z,2015,lgtbi
dAb_xYVNHOM,@richardmcquade4405,2015-10-01T17:00:59Z,60,My husband and I are going to learn Spanish and move to Spain.,#ConLaVozBienAlta - FELGTB,Federación Estatal LGTBI+ - FELGTBI+,2015-09-29T18:45:59Z,2015,lgtbi
dAb_xYVNHOM,@JuanManuelPachonMaya,2015-09-30T10:34:57Z,1,Muy buen vídeo.,#ConLaVozBienAlta - FELGTB,Federación Estatal LGTBI+ - FELGTBI+,2015-09-29T18:45:59Z,2015,lgtbi
dAb_xYVNHOM,@Cristian_MH96,2015-09-30T16:29:15Z,0,Precioso proyecto. Me he emocionado. Que gente tan amable :),#ConLaVozBienAlta - FELGTB,Federación Estatal LGTBI+ - FELGTBI+,2015-09-29T18:45:59Z,2015,lgtbi
dAb_xYVNHOM,@OdeiGil,2015-10-01T11:27:30Z,1,Madre mía que mal estar me ha entrado por todo el cuerpo de repente. Qué genial campaña. A ver si sirve de algo. Enhorabuena por vuestro trabajo ;),#ConLaVozBienAlta - FELGTB,Federación Estatal LGTBI+ - FELGTBI+,2015-09-29T18:45:59Z,2015,lgtbi
dAb_xYVNHOM,@faefox910,2015-10-17T03:24:30Z,0,"These people are so kind. They're all so nice. When I was watching this, I was on the verge of tears because of how emotional this is. I hope to go to Spain one day and see this beautiful country and its people for myself.",#ConLaVozBienAlta - FELGTB,Federación Estatal LGTBI+ - FELGTBI+,2015-09-29T18:45:59Z,2015,lgtbi
dAb_xYVNHOM,@ericaterry777,2015-10-09T03:50:48Z,0,when you come to watch this video because of lohanthany and then you start crying cause this is too real,#ConLaVozBienAlta - FELGTB,Federación Estatal LGTBI+ - FELGTBI+,2015-09-29T18:45:59Z,2015,lgtbi
dAb_xYVNHOM,@jjcastroo,2015-09-30T22:45:32Z,0,excelente!!!,#ConLaVozBienAlta - FELGTB,Federación Estatal LGTBI+ - FELGTBI+,2015-09-29T18:45:59Z,2015,lgtbi
dAb_xYVNHOM,@Enfermeroenred,2015-09-30T21:16:27Z,0,¡Gracias por enseñar al mundo una realidad! ¡Felicidades!,#ConLaVozBienAlta - FELGTB,Federación Estatal LGTBI+ - FELGTBI+,2015-09-29T18:45:59Z,2015,lgtbi
dAb_xYVNHOM,@ema9057,2015-10-01T19:39:39Z,0,"Precioso,  de verdad. Estoy sin palabras.",#ConLaVozBienAlta - FELGTB,Federación Estatal LGTBI+ - FELGTBI+,2015-09-29T18:45:59Z,2015,lgtbi
dAb_xYVNHOM,@Felix96xy,2015-10-04T10:56:40Z,0,This is kinda beautiful.,#ConLaVozBienAlta - FELGTB,Federación Estatal LGTBI+ - FELGTBI+,2015-09-29T18:45:59Z,2015,lgtbi
dAb_xYVNHOM,@vanessaber6299,2015-10-01T16:15:31Z,2,"Me ha emocionado el vídeo, en Canarias tenemos mucho turismo orientado a la homosexualidad y aunque yo no lo sea estamos encantados, nunca nos perdemos la Gay Pride de la playa de Maspalomas que es súper divertida, este año fui con mi novio y nos encantó verla, y es lo que debería ser el amor de cualquier tipo, celebración y alegría. ¡Felicidades por el vídeo!",#ConLaVozBienAlta - FELGTB,Federación Estatal LGTBI+ - FELGTBI+,2015-09-29T18:45:59Z,2015,lgtbi
dAb_xYVNHOM,@aaliyah4971,2015-10-09T16:59:11Z,0,Lohanthony brought me here💗,#ConLaVozBienAlta - FELGTB,Federación Estatal LGTBI+ - FELGTBI+,2015-09-29T18:45:59Z,2015,lgtbi
dAb_xYVNHOM,@TheKdog1966,2015-09-30T22:30:22Z,0,amazing...love it,#ConLaVozBienAlta - FELGTB,Federación Estatal LGTBI+ - FELGTBI+,2015-09-29T18:45:59Z,2015,lgtbi
dAb_xYVNHOM,@Pjmarsan,2015-10-01T08:13:37Z,1,Muy buen video!,#ConLaVozBienAlta - FELGTB,Federación Estatal LGTBI+ - FELGTBI+,2015-09-29T18:45:59Z,2015,lgtbi
dAb_xYVNHOM,@cyberfreak9259,2017-02-01T00:55:01Z,0,"I cry everytime, this is such a beautiful video.",#ConLaVozBienAlta - FELGTB,Federación Estatal LGTBI+ - FELGTBI+,2015-09-29T18:45:59Z,2015,lgtbi
dAb_xYVNHOM,@12theplace,2015-10-06T04:27:03Z,0,que bkn que la gente reaccione así,#ConLaVozBienAlta - FELGTB,Federación Estatal LGTBI+ - FELGTBI+,2015-09-29T18:45:59Z,2015,lgtbi
dAb_xYVNHOM,@zeecaptain42,2015-11-09T06:56:33Z,0,People are beautiful,#ConLaVozBienAlta - FELGTB,Federación Estatal LGTBI+ - FELGTBI+,2015-09-29T18:45:59Z,2015,lgtbi
dAb_xYVNHOM,@frannylissetrodriguez4066,2021-06-25T06:23:45Z,0,I loved their reactions:0,#ConLaVozBienAlta - FELGTB,Federación Estatal LGTBI+ - FELGTBI+,2015-09-29T18:45:59Z,2015,lgtbi
dAb_xYVNHOM,@PaulBadman,2015-10-09T14:44:24Z,0,I was waiting it's a prank bro!,#ConLaVozBienAlta - FELGTB,Federación Estatal LGTBI+ - FELGTBI+,2015-09-29T18:45:59Z,2015,lgtbi
dAb_xYVNHOM,@TheNavyboyct99,2015-10-02T15:15:16Z,0,Well Done! :),#ConLaVozBienAlta - FELGTB,Federación Estatal LGTBI+ - FELGTBI+,2015-09-29T18:45:59Z,2015,lgtbi
dAb_xYVNHOM,@claudiah.m7617,2015-09-30T20:59:36Z,0,"woww increíble vídeo, me conmovió mucho,ojala acabáramos con las discriminación de todo tipo :/",#ConLaVozBienAlta - FELGTB,Federación Estatal LGTBI+ - FELGTBI+,2015-09-29T18:45:59Z,2015,lgtbi
dAb_xYVNHOM,@AnnaGorse,2015-09-30T14:10:48Z,4,Wow,#ConLaVozBienAlta - FELGTB,Federación Estatal LGTBI+ - FELGTBI+,2015-09-29T18:45:59Z,2015,lgtbi
dAb_xYVNHOM,@superrmickey,2015-10-02T14:29:34Z,15,Oh my god... I am tearing up as I am writing this... There could be a country which has that much acceptance... I want to live in Spain for the rest of my life.... This is so god Dam cool.... Thank you... Thank you so much for making a country so great,#ConLaVozBienAlta - FELGTB,Federación Estatal LGTBI+ - FELGTBI+,2015-09-29T18:45:59Z,2015,lgtbi
dAb_xYVNHOM,@TheXispaa,2015-09-30T15:07:44Z,2,"Increíble vídeo, enhorabuena, como  algunos sabéis yo denuncié unas amenazas de muerte por ser gay y sé que hice bien por el mero hecho de denunciar la impunidad de la que gozan muchos LGTBfobos para agredirnos y amenazarnos pero esto no lo habría hecho si no hubiese sido gracias a vosotros que luchais tanto y desde hace tanto. Gracias, de verdad, gracias.",#ConLaVozBienAlta - FELGTB,Federación Estatal LGTBI+ - FELGTBI+,2015-09-29T18:45:59Z,2015,lgtbi
dAb_xYVNHOM,@MegaGasek,2015-12-30T19:14:56Z,0,"I think a better description could be:
A gay English speaking couple make a reservation at a hotel in Spain. They get a letter written in Spanish from the owner. They ask people on the street to help translate it for them. The letter has extremely homophobic content. See people's reaction to it!

The video is extremely strong. It almost brought tears to my eyes. Well done!",#ConLaVozBienAlta - FELGTB,Federación Estatal LGTBI+ - FELGTBI+,2015-09-29T18:45:59Z,2015,lgtbi
dAb_xYVNHOM,@VermilionLotus,2015-10-09T02:10:23Z,0,"I'd like to thank the people of Spain, and the people in this video in particular, for being such a shining beacon of acceptance. It really makes me feel good to know that there are people out there like you. I myself am not LGBT, but I support them. People shouldn't have to live in fear because of how they are. Bravo to you, Spain.",#ConLaVozBienAlta - FELGTB,Federación Estatal LGTBI+ - FELGTBI+,2015-09-29T18:45:59Z,2015,lgtbi
dAb_xYVNHOM,@triznias2645,2015-10-01T17:44:02Z,0,Fe en la humanidad recuperada al 10%,#ConLaVozBienAlta - FELGTB,Federación Estatal LGTBI+ - FELGTBI+,2015-09-29T18:45:59Z,2015,lgtbi
dAb_xYVNHOM,@xkikiki312,2015-10-07T02:05:28Z,0,"what is the song/melody at the end? it's at 4:07 until the end, PLEASE i am in love with it and cannot find it anywhere!!

Que es la cancion en el fin? Esta en 4:07 hasta el fin, POR FAVOR a mi me encanta la cancion pero no puedo escoger!",#ConLaVozBienAlta - FELGTB,Federación Estatal LGTBI+ - FELGTBI+,2015-09-29T18:45:59Z,2015,lgtbi
dAb_xYVNHOM,@helloxons,2015-10-08T19:46:44Z,2,"I love this! Their compassion does not surprise me. I once visited Madrid for about a month & they were all one of the nicest, kindest, most helpful people I've ever met. Seriously!",#ConLaVozBienAlta - FELGTB,Federación Estatal LGTBI+ - FELGTBI+,2015-09-29T18:45:59Z,2015,lgtbi
dAb_xYVNHOM,@marcbelmontebordas5802,2022-08-26T16:54:41Z,0,Maravilloso video para crear consciencia de lo que muchos de nosotros hemos tenido que vivir e incluso vivimos a día de hoy. 🌈❤️ Por un mundo mejor y más Justo para todos y todas,#ConLaVozBienAlta - FELGTB,Federación Estatal LGTBI+ - FELGTBI+,2015-09-29T18:45:59Z,2015,lgtbi
dAb_xYVNHOM,@ArielCaique,2016-09-24T19:56:56Z,0,Wow! 😢,#ConLaVozBienAlta - FELGTB,Federación Estatal LGTBI+ - FELGTBI+,2015-09-29T18:45:59Z,2015,lgtbi
dAb_xYVNHOM,@XantheSpark,2015-10-19T22:46:30Z,0,Me encantó el video. Esto es un problema muy grande que debe ser denunciado inmediatamente. La discriminación no tiene lugar en el mundo.,#ConLaVozBienAlta - FELGTB,Federación Estatal LGTBI+ - FELGTBI+,2015-09-29T18:45:59Z,2015,lgtbi
dAb_xYVNHOM,@TheMariazapata,2015-10-02T13:12:26Z,0,¡Gran vídeo!,#ConLaVozBienAlta - FELGTB,Federación Estatal LGTBI+ - FELGTBI+,2015-09-29T18:45:59Z,2015,lgtbi
dAb_xYVNHOM,@jpepes634,2015-11-06T18:18:54Z,1,👍👍👍👍👍,#ConLaVozBienAlta - FELGTB,Federación Estatal LGTBI+ - FELGTBI+,2015-09-29T18:45:59Z,2015,lgtbi
dAb_xYVNHOM,@kinsenhorng8,2016-07-14T16:21:08Z,0,this hit me hard. i'm crying rn,#ConLaVozBienAlta - FELGTB,Federación Estatal LGTBI+ - FELGTBI+,2015-09-29T18:45:59Z,2015,lgtbi
dAb_xYVNHOM,@meghankeating3018,2015-10-08T21:11:00Z,0,all those people were so nice and I'm about to cry,#ConLaVozBienAlta - FELGTB,Federación Estatal LGTBI+ - FELGTBI+,2015-09-29T18:45:59Z,2015,lgtbi
dAb_xYVNHOM,@HeyNau,2015-09-30T11:59:43Z,34,"Está muy guay el vídeo, pero no entiendo eso de ... ""no puedo decíroslo"". Yo diría: ""Mira, estos tíos son unos homofóbicos, si quieres vamos y les pintamos pollas en todas las ventanas"" xD Es decir... son gays, saben lo que es la homofobía, no se van a escandalizar por un mensaje tan cretino como ese (siempre y cuando tu seas amable con la pareja)",#ConLaVozBienAlta - FELGTB,Federación Estatal LGTBI+ - FELGTBI+,2015-09-29T18:45:59Z,2015,lgtbi
dAb_xYVNHOM,@SuperDazmo,2015-10-09T01:51:09Z,0,I've never watched a video that has made me stop and Applaud my monitor before.,#ConLaVozBienAlta - FELGTB,Federación Estatal LGTBI+ - FELGTBI+,2015-09-29T18:45:59Z,2015,lgtbi
dAb_xYVNHOM,@chelotala,2016-08-09T00:23:28Z,2,Tras ver este vídeo y ver la reacción de los españoles ante la homofobia y ver varios estudios que que ponen a España como el país más tolerante del mundo con la homosexualidad solo puedo decir y cantar: Que vivaaaa Españaaaaa. Buen trabajo. Ojalá sirva de ejemplo,#ConLaVozBienAlta - FELGTB,Federación Estatal LGTBI+ - FELGTBI+,2015-09-29T18:45:59Z,2015,lgtbi
dAb_xYVNHOM,@rafaolivvera,2015-09-30T15:17:49Z,0,Estoy llorando... preciosoo,#ConLaVozBienAlta - FELGTB,Federación Estatal LGTBI+ - FELGTBI+,2015-09-29T18:45:59Z,2015,lgtbi
dAb_xYVNHOM,@leennajami,2015-10-08T18:23:55Z,1,I'M CRYINSNBSGGGG,#ConLaVozBienAlta - FELGTB,Federación Estatal LGTBI+ - FELGTBI+,2015-09-29T18:45:59Z,2015,lgtbi
dAb_xYVNHOM,@tatyribeiro5288,2015-10-22T22:07:27Z,0,WOW! amazing! how people are so understanding in spain,#ConLaVozBienAlta - FELGTB,Federación Estatal LGTBI+ - FELGTBI+,2015-09-29T18:45:59Z,2015,lgtbi
dAb_xYVNHOM,@Caterina142,2015-10-31T12:21:39Z,0,Congratulations! Bravo!,#ConLaVozBienAlta - FELGTB,Federación Estatal LGTBI+ - FELGTBI+,2015-09-29T18:45:59Z,2015,lgtbi
dAb_xYVNHOM,@carmentorres6710,2015-10-08T23:53:04Z,0,This is so sweet I'm crying,#ConLaVozBienAlta - FELGTB,Federación Estatal LGTBI+ - FELGTBI+,2015-09-29T18:45:59Z,2015,lgtbi
dAb_xYVNHOM,@stinw.9226,2015-10-22T23:01:08Z,0,"I couldn't find the answer  anywhere, was this an actual letter they got? Or was it made just for the experiment? Either way, awesome video!",#ConLaVozBienAlta - FELGTB,Federación Estatal LGTBI+ - FELGTBI+,2015-09-29T18:45:59Z,2015,lgtbi
dAb_xYVNHOM,@feslenraster,2015-10-09T14:26:08Z,0,"This confirms that much of the rest of the world is so much more HUMAN than parts of the U.S., sadly. Well done people who wanted to keep the tourists safe from harm.  I love how the blonde Spanish woman immediately takes a drag because she's expressing nervous disgust at what she read.  All the reactions of the Spanish people were genuine and kindly.  Gives me hope.",#ConLaVozBienAlta - FELGTB,Federación Estatal LGTBI+ - FELGTBI+,2015-09-29T18:45:59Z,2015,lgtbi
dAb_xYVNHOM,@maleniparamo,2015-10-08T23:12:15Z,0,great video ❤,#ConLaVozBienAlta - FELGTB,Federación Estatal LGTBI+ - FELGTBI+,2015-09-29T18:45:59Z,2015,lgtbi
dAb_xYVNHOM,@KAMMEL45,2015-09-30T08:58:39Z,14,"Mi más grande felicitación por este estupendo trabajo. Más aún, felicidades a estas personas que reflejan en su actuar el espíritu de ayuda y unión, en España o en cualquier otra ciudad del mundo. Vámos por una España libre de la intolerancia.",#ConLaVozBienAlta - FELGTB,Federación Estatal LGTBI+ - FELGTBI+,2015-09-29T18:45:59Z,2015,lgtbi
dAb_xYVNHOM,@gabriellah13,2015-09-30T22:41:30Z,0,Hermoso! <3 :''3,#ConLaVozBienAlta - FELGTB,Federación Estatal LGTBI+ - FELGTBI+,2015-09-29T18:45:59Z,2015,lgtbi
dAb_xYVNHOM,@difjaoisdjfoaisjdfoaiogeis,2015-10-05T01:24:37Z,0,"the couple is cute, who are they?",#ConLaVozBienAlta - FELGTB,Federación Estatal LGTBI+ - FELGTBI+,2015-09-29T18:45:59Z,2015,lgtbi
dAb_xYVNHOM,@MrFaboLobo,2015-09-30T14:38:32Z,1,"hermosos video, hermosa españa, que claro no dudo que aun exista gente retrograda
ya quisiera que aca en México fueran más como alla y más aun, como quisiera que en todo el mundo fueran así.
este tipo de videos hacen que recobra un poco la fé en la humanidad",#ConLaVozBienAlta - FELGTB,Federación Estatal LGTBI+ - FELGTBI+,2015-09-29T18:45:59Z,2015,lgtbi
dAb_xYVNHOM,@tuliomeroz,2015-10-20T13:06:59Z,0,Fantástico !!!Amazing !!! Congratulations everyone !!!,#ConLaVozBienAlta - FELGTB,Federación Estatal LGTBI+ - FELGTBI+,2015-09-29T18:45:59Z,2015,lgtbi
dAb_xYVNHOM,@JunmarEllazo,2015-10-07T03:07:41Z,0,OMG. I'm crying now. huhu. very heartwarming.,#ConLaVozBienAlta - FELGTB,Federación Estatal LGTBI+ - FELGTBI+,2015-09-29T18:45:59Z,2015,lgtbi
dAb_xYVNHOM,@vorpal22,2015-10-04T19:51:20Z,0,"I am living in Chile (1.5 years now), and I have to say that while I can read, write, and speak Spanish, I still can't understand when many Chileans speak Spanish because the accent is so heavy and unclear.

It is such a relief to be able to hear Spanish that I can actually understand for a change :-).

As a gay guy, this video was very touching. Thank you everyone for your support.",#ConLaVozBienAlta - FELGTB,Federación Estatal LGTBI+ - FELGTBI+,2015-09-29T18:45:59Z,2015,lgtbi
dAb_xYVNHOM,@vanessadanaxo,2015-10-09T02:25:36Z,0,I love this,#ConLaVozBienAlta - FELGTB,Federación Estatal LGTBI+ - FELGTBI+,2015-09-29T18:45:59Z,2015,lgtbi
dAb_xYVNHOM,@wickedphant0m,2015-10-25T09:12:57Z,0,"Good job, Spain!",#ConLaVozBienAlta - FELGTB,Federación Estatal LGTBI+ - FELGTBI+,2015-09-29T18:45:59Z,2015,lgtbi
dAb_xYVNHOM,@Laraaxmovies,2015-11-22T21:14:19Z,2,im just crying here.,#ConLaVozBienAlta - FELGTB,Federación Estatal LGTBI+ - FELGTBI+,2015-09-29T18:45:59Z,2015,lgtbi
dAb_xYVNHOM,@Eneaterapia,2016-06-29T23:21:59Z,0,"En Chile, algún día... :(",#ConLaVozBienAlta - FELGTB,Federación Estatal LGTBI+ - FELGTBI+,2015-09-29T18:45:59Z,2015,lgtbi
dAb_xYVNHOM,@ottocarson,2015-09-30T18:59:14Z,0,"La idea es muy buena, pero lamentablemente no todo es así de maravilloso fuera de la capital. Me gustaría ver las reacciones de la gente de alguna capital de provincia, ya no digo pueblo, donde al final todos se conocen, y denunciar puede resultar un auténtico calvario. De todas formas genial por la iniciativa, por algo se empieza.",#ConLaVozBienAlta - FELGTB,Federación Estatal LGTBI+ - FELGTBI+,2015-09-29T18:45:59Z,2015,lgtbi
dAb_xYVNHOM,@MrAlvindevil,2015-09-30T16:49:52Z,0,"tampoco era tan difícil traducirlo , cada uno es como es pero si tu les estas traduciendo algo sabes que lo haces con buena voluntad y les aconsejas como han hecho , aun así me parece exagerado lo del hostal Xd pero esta genial el video",#ConLaVozBienAlta - FELGTB,Federación Estatal LGTBI+ - FELGTBI+,2015-09-29T18:45:59Z,2015,lgtbi
dAb_xYVNHOM,@fanou7520,2015-10-05T19:17:00Z,4,viva espana!! je serais curieux de voir la réactions des gens avec le même test en France...,#ConLaVozBienAlta - FELGTB,Federación Estatal LGTBI+ - FELGTBI+,2015-09-29T18:45:59Z,2015,lgtbi
dAb_xYVNHOM,@danielfranciscopaulinoarro1103,2015-10-05T01:28:35Z,0,excelente video!,#ConLaVozBienAlta - FELGTB,Federación Estatal LGTBI+ - FELGTBI+,2015-09-29T18:45:59Z,2015,lgtbi
dAb_xYVNHOM,@tate9787,2015-10-25T07:59:27Z,0,I'M NOT CRYING,#ConLaVozBienAlta - FELGTB,Federación Estatal LGTBI+ - FELGTBI+,2015-09-29T18:45:59Z,2015,lgtbi
dAb_xYVNHOM,@ecomaputravel,2016-08-02T04:39:44Z,1,"Estamos muy atentos a este ejemplo, excelente!. Valparaíso
es la ciudad más gayfriendly de todo Chile, aunque no esto no sea oficial, pero
nosotros como operadores locales estamos trabajando con organizaciones LGBT+ y
empresarios del turismo local para que la homofobia desaparezca totalmente de
nuestra ciudad, difícil tarea pero con estos maravillosos ejemplos nos nacen más
fuerzas para seguir en este camino.  Felicitaciones!",#ConLaVozBienAlta - FELGTB,Federación Estatal LGTBI+ - FELGTBI+,2015-09-29T18:45:59Z,2015,lgtbi
dAb_xYVNHOM,@wolgercon,2015-10-09T03:28:46Z,5,I hate when people start cutting onions beside me when I'm watching a video.,#ConLaVozBienAlta - FELGTB,Federación Estatal LGTBI+ - FELGTBI+,2015-09-29T18:45:59Z,2015,lgtbi
dAb_xYVNHOM,@BadGay,2015-10-06T04:49:52Z,1,!Gracias Espana!,#ConLaVozBienAlta - FELGTB,Federación Estatal LGTBI+ - FELGTBI+,2015-09-29T18:45:59Z,2015,lgtbi
dAb_xYVNHOM,@biohazardskeleton3227,2015-10-04T13:06:36Z,5,Is this in Spain?,#ConLaVozBienAlta - FELGTB,Federación Estatal LGTBI+ - FELGTBI+,2015-09-29T18:45:59Z,2015,lgtbi
dAb_xYVNHOM,@bemyghost,2015-09-30T15:00:28Z,0,"Me ha encantado el vídeo, me he emocionado. Genial. Enhorabuena!!",#ConLaVozBienAlta - FELGTB,Federación Estatal LGTBI+ - FELGTBI+,2015-09-29T18:45:59Z,2015,lgtbi
dAb_xYVNHOM,@Rob-ExMachina,2015-10-09T15:05:53Z,0,"It's so easy to forget sometimes that even though the world can be a cold harsh place, there are still so many kind compassionate people everywhere. The look on their faces as they read just broke my heart, you could see the pain they felt for the guys they were translating for.",#ConLaVozBienAlta - FELGTB,Federación Estatal LGTBI+ - FELGTBI+,2015-09-29T18:45:59Z,2015,lgtbi
dAb_xYVNHOM,@vanessacruz4712,2015-10-08T19:37:38Z,0,Lohanthony brought me here.,#ConLaVozBienAlta - FELGTB,Federación Estatal LGTBI+ - FELGTBI+,2015-09-29T18:45:59Z,2015,lgtbi
dAb_xYVNHOM,@carlosollero9060,2015-09-30T23:22:33Z,5,"Hay mundo más allá del toro de la Vega. YES WE CAN! vamos España, entre todos podemos más que el pequeño porcentaje de garrulos que gobiernan este país.",#ConLaVozBienAlta - FELGTB,Federación Estatal LGTBI+ - FELGTBI+,2015-09-29T18:45:59Z,2015,lgtbi
dAb_xYVNHOM,@icartoon101,2015-10-08T23:18:10Z,0,I was sent here by Queen Lohanthony.,#ConLaVozBienAlta - FELGTB,Federación Estatal LGTBI+ - FELGTBI+,2015-09-29T18:45:59Z,2015,lgtbi
dAb_xYVNHOM,@ReturnsDani,2015-10-01T16:37:31Z,0,Un vídeo muy bueno. Me alegra que haya gente que ayude al colectivo LGBT. NO se puede tolerar mas discriminación ni homofobia,#ConLaVozBienAlta - FELGTB,Federación Estatal LGTBI+ - FELGTBI+,2015-09-29T18:45:59Z,2015,lgtbi
dAb_xYVNHOM,@thatguyelroy,2015-10-02T23:07:55Z,1,Someone is cutting a lot of onions near me!!  Stop please!!,#ConLaVozBienAlta - FELGTB,Federación Estatal LGTBI+ - FELGTBI+,2015-09-29T18:45:59Z,2015,lgtbi
dAb_xYVNHOM,@jairoantoniomendez5506,2015-09-30T20:11:54Z,0,Fantastico y Por Dios es hasta Conmovedor ver la Reaccion de Todas esas Personas  que hasta sienten que deben Acompañarlos a las Autoridades para que se Tomen las medidas del caso.,#ConLaVozBienAlta - FELGTB,Federación Estatal LGTBI+ - FELGTBI+,2015-09-29T18:45:59Z,2015,lgtbi
dAb_xYVNHOM,@PilarQue,2015-09-30T14:45:09Z,1,Bravo.,#ConLaVozBienAlta - FELGTB,Federación Estatal LGTBI+ - FELGTBI+,2015-09-29T18:45:59Z,2015,lgtbi
dAb_xYVNHOM,@CoisasdaLíngua,2015-10-05T07:58:04Z,0,"Se me ha hecho un nudo en la garganta al ver el vídeo.
Muy bonito que la gente les haya apoyado. Ole mis españoles. :)",#ConLaVozBienAlta - FELGTB,Federación Estatal LGTBI+ - FELGTBI+,2015-09-29T18:45:59Z,2015,lgtbi
dAb_xYVNHOM,@markelov,2015-10-09T03:43:34Z,0,"¿Qué dice a 2:01?

…y 3:38 me hizo llorar.",#ConLaVozBienAlta - FELGTB,Federación Estatal LGTBI+ - FELGTBI+,2015-09-29T18:45:59Z,2015,lgtbi
dAb_xYVNHOM,@deypression,2015-10-09T04:05:09Z,0,Omg😓,#ConLaVozBienAlta - FELGTB,Federación Estatal LGTBI+ - FELGTBI+,2015-09-29T18:45:59Z,2015,lgtbi
dAb_xYVNHOM,@Covixconuve,2015-09-30T13:38:39Z,0,Maravilla,#ConLaVozBienAlta - FELGTB,Federación Estatal LGTBI+ - FELGTBI+,2015-09-29T18:45:59Z,2015,lgtbi
dAb_xYVNHOM,@Aspoonfulofruby,2015-10-08T22:26:32Z,4,Anyone else come from lohanthony's snapchat story?,#ConLaVozBienAlta - FELGTB,Federación Estatal LGTBI+ - FELGTBI+,2015-09-29T18:45:59Z,2015,lgtbi
dAb_xYVNHOM,@diegodynamic,2015-10-06T14:04:18Z,0,"This moved me so much, there's still good and kind people in this world, thanks to everyone who show support to anybody, make love not war.",#ConLaVozBienAlta - FELGTB,Federación Estatal LGTBI+ - FELGTBI+,2015-09-29T18:45:59Z,2015,lgtbi
dAb_xYVNHOM,@FatimaS_99,2015-10-25T16:20:46Z,0,This is a beautiful video. Didn't understand the end bit that was all in Spanish but beautiful nonetheless,#ConLaVozBienAlta - FELGTB,Federación Estatal LGTBI+ - FELGTBI+,2015-09-29T18:45:59Z,2015,lgtbi
dAb_xYVNHOM,@HarvestingThings,2015-10-25T08:45:39Z,0,Qué reacción más tierna y simpática de los españoles. Enhorabuena <33,#ConLaVozBienAlta - FELGTB,Federación Estatal LGTBI+ - FELGTBI+,2015-09-29T18:45:59Z,2015,lgtbi
dAb_xYVNHOM,@Carigelomex,2015-10-01T06:00:07Z,3,"Pero están en Chueca y ahí todos son gayfriendly, y si hubieran hecho el experimento en otra zona?",#ConLaVozBienAlta - FELGTB,Federación Estatal LGTBI+ - FELGTBI+,2015-09-29T18:45:59Z,2015,lgtbi
dAb_xYVNHOM,@jgarciaactor,2015-09-30T10:23:23Z,0,"No puedo estar mas contento con el vídeo que habéis realizado. Impresionante, ya compartido en todas mis redes sociales. Fabuloso.",#ConLaVozBienAlta - FELGTB,Federación Estatal LGTBI+ - FELGTBI+,2015-09-29T18:45:59Z,2015,lgtbi
dAb_xYVNHOM,@jonatasliberato,2015-10-25T22:10:22Z,1,"Parabéns Espanha! Continuem assim, pois aqui no Brasil as coisas estão piorando para os gays por causa da bancada evangélica na política.",#ConLaVozBienAlta - FELGTB,Federación Estatal LGTBI+ - FELGTBI+,2015-09-29T18:45:59Z,2015,lgtbi
dAb_xYVNHOM,@jazlynpepperoni2308,2015-10-09T23:03:54Z,0,Here for  lohanthony,#ConLaVozBienAlta - FELGTB,Federación Estatal LGTBI+ - FELGTBI+,2015-09-29T18:45:59Z,2015,lgtbi
dAb_xYVNHOM,@rafael2016,2015-10-02T19:34:07Z,0,"Perfecto, pero entonces no me monten cosas como el AXEL que se me contradicen mijos, aunque mole full el hotel",#ConLaVozBienAlta - FELGTB,Federación Estatal LGTBI+ - FELGTBI+,2015-09-29T18:45:59Z,2015,lgtbi
dAb_xYVNHOM,@martapi3160,2015-10-18T08:47:04Z,0,"Amazing experiment. I wish they'd be more people like this in Poland. 
Here, where I live, not only it is perfectly normal to hear or read things like this, but the law doesn't protect LGBT people in a legal way, so even if they went to the police - they would consider it as normal threatening, not homophobic.",#ConLaVozBienAlta - FELGTB,Federación Estatal LGTBI+ - FELGTBI+,2015-09-29T18:45:59Z,2015,lgtbi
dAb_xYVNHOM,@analucasespin,2015-10-02T16:40:20Z,0,Un vídeo excepcional. Así me siento realmente orgullosa de ser española,#ConLaVozBienAlta - FELGTB,Federación Estatal LGTBI+ - FELGTBI+,2015-09-29T18:45:59Z,2015,lgtbi
dAb_xYVNHOM,@franciscobosques,2015-09-30T22:35:46Z,6,Que no se nos olvide que aún en España hay gente homófoba. Todavía queda mucho por hacer. Luchemos todos juntos contra la homofobia.,#ConLaVozBienAlta - FELGTB,Federación Estatal LGTBI+ - FELGTBI+,2015-09-29T18:45:59Z,2015,lgtbi
dAb_xYVNHOM,@pabloalonso9076,2015-09-30T14:02:59Z,0,"como se nota que los españoles que saben inglés... tienen una mentalidad mucho más abierta y tolerante. que pena que tan poca gente sepa ingles en españa. si estos dos gays van a una peña del real madrd a preguntar jajaja 
muy bueno el video!",#ConLaVozBienAlta - FELGTB,Federación Estatal LGTBI+ - FELGTBI+,2015-09-29T18:45:59Z,2015,lgtbi
dAb_xYVNHOM,@mcvmalaguitaman1,2015-10-01T00:52:01Z,1,"Como diría Borja Perez.... ""Esto huele a montaje desde Pancorbo"".",#ConLaVozBienAlta - FELGTB,Federación Estatal LGTBI+ - FELGTBI+,2015-09-29T18:45:59Z,2015,lgtbi
dAb_xYVNHOM,@Davie52,2015-10-01T23:00:36Z,3,That video shows how a truly evolved and sophisticated culture will react when faced with such hate and it warms my heart to see that the people of Spain will not tolerate it.....and neither should we.,#ConLaVozBienAlta - FELGTB,Federación Estatal LGTBI+ - FELGTBI+,2015-09-29T18:45:59Z,2015,lgtbi
dAb_xYVNHOM,@negative.infinity,2015-10-09T03:37:33Z,0,"Actions speak louder than words. And in this case, their reactions spoke volumes about how awesome the people of Spain truly are. I also love how, without hesitation, they all told them to go to the police. When here in America, most police departments wouldn't lift a finger ""To Protect & Serve.""",#ConLaVozBienAlta - FELGTB,Federación Estatal LGTBI+ - FELGTBI+,2015-09-29T18:45:59Z,2015,lgtbi
dAb_xYVNHOM,@TaniaSmile06,2015-09-30T13:50:21Z,0,"Un vídeo maravilloso, me he emocionado muchísimo, orgullosa de los españoles 👏🏻👏🏻👏🏻",#ConLaVozBienAlta - FELGTB,Federación Estatal LGTBI+ - FELGTBI+,2015-09-29T18:45:59Z,2015,lgtbi
dAb_xYVNHOM,@ELProyectodeE,2015-09-30T23:53:16Z,0,U.u Me pregunto que pasaría en Mexico? ¿La gente diria que es una broma y que no lo tomara en serio?  O tal vez ayudarían a denunciarlo?,#ConLaVozBienAlta - FELGTB,Federación Estatal LGTBI+ - FELGTBI+,2015-09-29T18:45:59Z,2015,lgtbi
dAb_xYVNHOM,@josemanuelsorianosoriano3600,2024-07-09T14:08:56Z,0,The real true .,#ConLaVozBienAlta - FELGTB,Federación Estatal LGTBI+ - FELGTBI+,2015-09-29T18:45:59Z,2015,lgtbi
dAb_xYVNHOM,@JanSuing,2015-10-02T07:11:23Z,6,"I'm Filipino. How can I move to Spain? :P

This is a touching and an eye-opening video. If this happened in the Philippines though, not a lot of people would care as much as these people did, which is sad.",#ConLaVozBienAlta - FELGTB,Federación Estatal LGTBI+ - FELGTBI+,2015-09-29T18:45:59Z,2015,lgtbi
dAb_xYVNHOM,@ekcj1,2015-10-03T18:48:26Z,0,Super bien.,#ConLaVozBienAlta - FELGTB,Federación Estatal LGTBI+ - FELGTBI+,2015-09-29T18:45:59Z,2015,lgtbi
dAb_xYVNHOM,@JoffreofOzu,2015-10-02T06:41:06Z,0,Muy muy bonito. Lo unico que xd todos hablaban ingles tan bien?xd,#ConLaVozBienAlta - FELGTB,Federación Estatal LGTBI+ - FELGTBI+,2015-09-29T18:45:59Z,2015,lgtbi
dAb_xYVNHOM,@IndigoF0X,2015-11-02T22:05:22Z,0,I haven't smiled so much in ages ❤️🌈✨,#ConLaVozBienAlta - FELGTB,Federación Estatal LGTBI+ - FELGTBI+,2015-09-29T18:45:59Z,2015,lgtbi
dAb_xYVNHOM,@drinkingandfifa1406,2015-10-09T10:15:19Z,4,Not for nothing Spain but the fact that only 38% of your LGBT community has felt discriminated against is a huge achievement in the modern world. The fact that you think this number is unforgivably high really drives home how much you have your shite together. Godspeed.,#ConLaVozBienAlta - FELGTB,Federación Estatal LGTBI+ - FELGTBI+,2015-09-29T18:45:59Z,2015,lgtbi
dAb_xYVNHOM,@piedrijo5858,2015-09-30T16:06:19Z,3,"Soy consciente de que la carta era falsa, y que no existe esa persona ni ese hostal. Pero ahora mismo solo tengo ganas de encontrarlo y sacarlo a hostias yo a él, pero del país!",#ConLaVozBienAlta - FELGTB,Federación Estatal LGTBI+ - FELGTBI+,2015-09-29T18:45:59Z,2015,lgtbi
dAb_xYVNHOM,@THE_FILM_ART,2015-09-29T22:01:11Z,5,"Buen trabajo. Me parece extremadamente honesta la manera que habéis tenido de utilizar el recurso de la cámara oculta, consiguiendo denunciar una situación muy seria apelando al buen rollo y no al dramatismo barato. Fantástico.",#ConLaVozBienAlta - FELGTB,Federación Estatal LGTBI+ - FELGTBI+,2015-09-29T18:45:59Z,2015,lgtbi
dAb_xYVNHOM,@alvaropokesone2823,2015-09-30T23:42:45Z,0,Aún tengo una lágrima corriendo por mi mejilla,#ConLaVozBienAlta - FELGTB,Federación Estatal LGTBI+ - FELGTBI+,2015-09-29T18:45:59Z,2015,lgtbi
dAb_xYVNHOM,@loquillogz,2015-10-09T04:27:34Z,0,"Muy bien el vídeo muy bien la iniciativa pero hay cosas mas importantes que solucionar el España que estas memeces. Cuando hay gente pasando hambre y familias en la calle sin un techo, altos cargos robando o malgastando  nuestros impuestos en cosas innecesarias para el pueblo. Y repito esta muy bien lo que pretenden en el vídeo.",#ConLaVozBienAlta - FELGTB,Federación Estatal LGTBI+ - FELGTBI+,2015-09-29T18:45:59Z,2015,lgtbi
dAb_xYVNHOM,@bastiankladny,2015-10-08T22:16:12Z,0,"I spent a year in Barcelona and my experiences pretty much match up with this, the spanish people I met are so incredibly tolerant and open-minded. It makes me sad to say that I can't say the same about most of the people in my country Germany... Interested to know how people would react over here.",#ConLaVozBienAlta - FELGTB,Federación Estatal LGTBI+ - FELGTBI+,2015-09-29T18:45:59Z,2015,lgtbi
dAb_xYVNHOM,@thomasa2645,2015-10-17T14:34:15Z,0,Lohanthony brought me here 💖,#ConLaVozBienAlta - FELGTB,Federación Estatal LGTBI+ - FELGTBI+,2015-09-29T18:45:59Z,2015,lgtbi
dAb_xYVNHOM,@bastiankladny,2015-10-08T22:16:18Z,2,"I spent a year in Barcelona and my experiences pretty much match up with this, the spanish people I met are so incredibly tolerant and open-minded. It makes me sad to say that I can't say the same about most of the people in my country Germany... Interested to know how people would react over here.",#ConLaVozBienAlta - FELGTB,Federación Estatal LGTBI+ - FELGTBI+,2015-09-29T18:45:59Z,2015,lgtbi
dAb_xYVNHOM,@martapi3160,2015-10-18T08:47:25Z,0,"Amazing experiment. I wish they'd be more people like this in Poland. 
Here, where I live, not only it is perfectly normal to hear or read things like this, but the law doesn't protect LGBT people in a legal way, so even if they went to the police - they would consider it as normal threatening, not homophobic.",#ConLaVozBienAlta - FELGTB,Federación Estatal LGTBI+ - FELGTBI+,2015-09-29T18:45:59Z,2015,lgtbi
dAb_xYVNHOM,@Greenkai3000,2016-10-27T23:31:32Z,1,"Love Spain and Spaniards. They were extremely friendly and kind to my mother and I . From what I just saw in this video, they see no race, color or sexual orientation , just friendly tourists",#ConLaVozBienAlta - FELGTB,Federación Estatal LGTBI+ - FELGTBI+,2015-09-29T18:45:59Z,2015,lgtbi
dAb_xYVNHOM,@estefanyz4339,2015-10-09T03:14:18Z,0,Who else is here bc lohanthony?¿🙋🏻🙋🏻,#ConLaVozBienAlta - FELGTB,Federación Estatal LGTBI+ - FELGTBI+,2015-09-29T18:45:59Z,2015,lgtbi
dAb_xYVNHOM,@panicatthetp9586,2016-07-19T17:44:41Z,0,i am moving to spain thank god i can speak spanish,#ConLaVozBienAlta - FELGTB,Federación Estatal LGTBI+ - FELGTBI+,2015-09-29T18:45:59Z,2015,lgtbi
dAb_xYVNHOM,@v12kid,2015-10-09T02:07:43Z,0,faith in humanity temporarily restored.,#ConLaVozBienAlta - FELGTB,Federación Estatal LGTBI+ - FELGTBI+,2015-09-29T18:45:59Z,2015,lgtbi
dAb_xYVNHOM,@lifeinmoments7774,2015-09-30T13:30:49Z,0,"Gran trabajo por el video, afortunadamente se ve que este pais no acepta la homofobia y lucha contra ella, avanzamos :)",#ConLaVozBienAlta - FELGTB,Federación Estatal LGTBI+ - FELGTBI+,2015-09-29T18:45:59Z,2015,lgtbi
dAb_xYVNHOM,@orangechickenfan1,2015-10-09T01:57:05Z,1,lohanthony sent me here,#ConLaVozBienAlta - FELGTB,Federación Estatal LGTBI+ - FELGTBI+,2015-09-29T18:45:59Z,2015,lgtbi
dAb_xYVNHOM,@shashacb7063,2015-10-01T12:58:22Z,0,me parece un vídeo muy bonito (defiendo los derechos #lgtb+),#ConLaVozBienAlta - FELGTB,Federación Estatal LGTBI+ - FELGTBI+,2015-09-29T18:45:59Z,2015,lgtbi
dAb_xYVNHOM,@iMETAR,2015-10-08T18:12:05Z,2,lohanthony why u do dis to me,#ConLaVozBienAlta - FELGTB,Federación Estatal LGTBI+ - FELGTBI+,2015-09-29T18:45:59Z,2015,lgtbi
dAb_xYVNHOM,@AntifaBlue,2016-10-13T23:44:40Z,0,made me to have faith in humanity all over again...,#ConLaVozBienAlta - FELGTB,Federación Estatal LGTBI+ - FELGTBI+,2015-09-29T18:45:59Z,2015,lgtbi
dAb_xYVNHOM,@marcuswhitfield2671,2015-10-01T18:25:49Z,2,"I went to a festival in Poland. I was in fancy dress like most people do in England but noone here did although they loved it.  I had a book like a story book in Polish that I bought, and I had people that I met sign it.  Some guy was abusive, and I let him sign the book still.  I knew it was insulting but it didn't bother me. Why would I be bothered what an idiot thinks?  As people signed it they would flick through it and I would deliberately ask them what it said.  There reactions were just like this, it was so beautiful I would deliberately ask them, before telling them I knew already what it said. There are idiots everywhere, every country has them.  Spain is a beautiful place though with amazing people.",#ConLaVozBienAlta - FELGTB,Federación Estatal LGTBI+ - FELGTBI+,2015-09-29T18:45:59Z,2015,lgtbi
dAb_xYVNHOM,@MrSpookyLover,2015-10-02T01:49:26Z,1,viva Espana ♥,#ConLaVozBienAlta - FELGTB,Federación Estatal LGTBI+ - FELGTBI+,2015-09-29T18:45:59Z,2015,lgtbi
dAb_xYVNHOM,@CartelmanJ,2015-10-25T18:20:59Z,0,Esto ha ocurrido realmente o es sólo un experimento social de campo abierto?,#ConLaVozBienAlta - FELGTB,Federación Estatal LGTBI+ - FELGTBI+,2015-09-29T18:45:59Z,2015,lgtbi
dAb_xYVNHOM,@ArmandoFrente,2015-10-06T22:17:51Z,1,Me parece un video excelente que muestra desde lo positivo que la homofobia no es un juego. Tenemos que ser solidarias y ejercer la ciudadanía por nosotros y por los demás. Abrazo desde México.,#ConLaVozBienAlta - FELGTB,Federación Estatal LGTBI+ - FELGTBI+,2015-09-29T18:45:59Z,2015,lgtbi
dAb_xYVNHOM,@Most0riginalUsername,2015-10-05T15:54:29Z,0,"Puff qué duro. A ver si poco a poco entre todes vamos siendo un poco mejores les unes con les otres, que ya va siendo hora",#ConLaVozBienAlta - FELGTB,Federación Estatal LGTBI+ - FELGTBI+,2015-09-29T18:45:59Z,2015,lgtbi
dAb_xYVNHOM,@lovelyg3005,2015-10-09T03:44:44Z,0,Anthony brought me here,#ConLaVozBienAlta - FELGTB,Federación Estatal LGTBI+ - FELGTBI+,2015-09-29T18:45:59Z,2015,lgtbi
dAb_xYVNHOM,@livinglifeasliyah2518,2015-10-09T00:26:03Z,0,who else watched this video because lohanthony 😂???,#ConLaVozBienAlta - FELGTB,Federación Estatal LGTBI+ - FELGTBI+,2015-09-29T18:45:59Z,2015,lgtbi
dAb_xYVNHOM,@mariaineszavalao,2020-11-04T02:42:42Z,0,Da gusto ver como las personas se indignan al leer eso. Significa que la sociedad avanza. Lastimosamente en no todos los países reaccionarían como en España. Quizás en otros se irían o se les burlarían,#ConLaVozBienAlta - FELGTB,Federación Estatal LGTBI+ - FELGTBI+,2015-09-29T18:45:59Z,2015,lgtbi
dAb_xYVNHOM,@diogobotelho5141,2015-10-12T01:42:00Z,0,I wish they did this in Portugal or any other non English speaking European Country!!,#ConLaVozBienAlta - FELGTB,Federación Estatal LGTBI+ - FELGTBI+,2015-09-29T18:45:59Z,2015,lgtbi
dAb_xYVNHOM,@softlavender4550,2015-10-03T11:14:26Z,1,"Have to say, as artificial as it was, that made me cry.",#ConLaVozBienAlta - FELGTB,Federación Estatal LGTBI+ - FELGTBI+,2015-09-29T18:45:59Z,2015,lgtbi
dAb_xYVNHOM,@JuanLuGames,2015-10-01T22:25:47Z,0,Bravo por suerte hay gente que entiende que esas cosas son lo mas idiota y que hay que denunciar cosas asi sin duda si pasan... muy buen video ^^,#ConLaVozBienAlta - FELGTB,Federación Estatal LGTBI+ - FELGTBI+,2015-09-29T18:45:59Z,2015,lgtbi
dAb_xYVNHOM,@edurnedecosnaranjo457,2022-12-07T14:46:06Z,0,Soy lesbiana y me encanta ver que hay gente dispuesta a defender a los míos,#ConLaVozBienAlta - FELGTB,Federación Estatal LGTBI+ - FELGTBI+,2015-09-29T18:45:59Z,2015,lgtbi
dAb_xYVNHOM,@maxweberps,2015-10-24T04:19:06Z,0,"Se fosse no Brasil, isso não passaria de apenas mais uma piada.. Triste.",#ConLaVozBienAlta - FELGTB,Federación Estatal LGTBI+ - FELGTBI+,2015-09-29T18:45:59Z,2015,lgtbi
dAb_xYVNHOM,@Leticiaconz,2015-10-01T23:00:05Z,0,Orgullosos de ser españoles.,#ConLaVozBienAlta - FELGTB,Federación Estatal LGTBI+ - FELGTBI+,2015-09-29T18:45:59Z,2015,lgtbi
dAb_xYVNHOM,@reiyiel,2015-09-30T16:22:24Z,0,"Son muchos los ciudadanos que piensan como los que aparecen en este vídeo, eso es una realidad.
(tan sencillo como vive y deja vivir)
... luego esta, por desgracia la otra realidad, y es que todavía quedan personas viviendo con la mente de siglos atrás, 
pero poco a poco, parece que cada vez quedan menos. :)
#ConlaVozBienAlta",#ConLaVozBienAlta - FELGTB,Federación Estatal LGTBI+ - FELGTBI+,2015-09-29T18:45:59Z,2015,lgtbi
dAb_xYVNHOM,@Carigelomex,2015-10-01T06:08:17Z,10,"Es normal que los españoles no sean homofóbicos, pero que sepan inglés??  wow! :p",#ConLaVozBienAlta - FELGTB,Federación Estatal LGTBI+ - FELGTBI+,2015-09-29T18:45:59Z,2015,lgtbi
dAb_xYVNHOM,@tasos667,2015-10-02T20:39:23Z,0,μπραβο ισπανια,#ConLaVozBienAlta - FELGTB,Federación Estatal LGTBI+ - FELGTBI+,2015-09-29T18:45:59Z,2015,lgtbi
dAb_xYVNHOM,@marcobraulio_,2015-10-08T19:09:52Z,0,LOHANTHONY SENT ME,#ConLaVozBienAlta - FELGTB,Federación Estatal LGTBI+ - FELGTBI+,2015-09-29T18:45:59Z,2015,lgtbi
dAb_xYVNHOM,@SprinkleofWilly,2015-10-03T09:14:09Z,0,<3,#ConLaVozBienAlta - FELGTB,Federación Estatal LGTBI+ - FELGTBI+,2015-09-29T18:45:59Z,2015,lgtbi
dAb_xYVNHOM,@maribellongueira,2015-12-07T18:10:08Z,0,Se necesita tener educación y respecto por yodo el mundo. Estos radicales en todos sus aspectos son peligrosos por su intolerancia y poca flexibilidad de pensamiento.,#ConLaVozBienAlta - FELGTB,Federación Estatal LGTBI+ - FELGTBI+,2015-09-29T18:45:59Z,2015,lgtbi
dAb_xYVNHOM,@sandracuervo1764,2015-10-04T02:05:16Z,2,"No solo en España, en todo el mundo se ve este comportamiento estúpido. Aún no entiendo a los homofobicos, simplemente molestos. Me encantó este vídeo, y no soy gay, pero los apoyo al 100% No están solos ♥",#ConLaVozBienAlta - FELGTB,Federación Estatal LGTBI+ - FELGTBI+,2015-09-29T18:45:59Z,2015,lgtbi
dAb_xYVNHOM,@lakeguy929,2015-10-09T07:57:37Z,0,You can literally see the pain in their hearts as they read the ugliness.,#ConLaVozBienAlta - FELGTB,Federación Estatal LGTBI+ - FELGTBI+,2015-09-29T18:45:59Z,2015,lgtbi
dAb_xYVNHOM,@mrmaggydo,2015-10-09T12:13:58Z,0,"As much as the message is horrible, I loved the looks on the faces of those reading the letter. You could see their disgust, their astonishment, and their disappointment. That is what I want to see, people are changing and it is fantastic.",#ConLaVozBienAlta - FELGTB,Federación Estatal LGTBI+ - FELGTBI+,2015-09-29T18:45:59Z,2015,lgtbi
dAb_xYVNHOM,@gabber78bs,2015-10-01T14:23:11Z,0,"A super nice video... ^_^ I saw me and my bfriend going on holiday and sometimes I'm scared for him, simply cause I love him so much. Thanx for this video!!!",#ConLaVozBienAlta - FELGTB,Federación Estatal LGTBI+ - FELGTBI+,2015-09-29T18:45:59Z,2015,lgtbi
dAb_xYVNHOM,@shelbybadette,2015-10-08T19:56:21Z,3,lohanthony brought me here,#ConLaVozBienAlta - FELGTB,Federación Estatal LGTBI+ - FELGTBI+,2015-09-29T18:45:59Z,2015,lgtbi
dAb_xYVNHOM,@lauriimendez,2015-10-09T03:34:23Z,0,lohanthony brought me here :(,#ConLaVozBienAlta - FELGTB,Federación Estatal LGTBI+ - FELGTBI+,2015-09-29T18:45:59Z,2015,lgtbi
dAb_xYVNHOM,@miotony1,2015-10-03T16:03:16Z,0,"Es un asunto complejo... yo soy hetero y siempre he sentido las bromas de índole sexual como eso, simples bromas, pero puedo entender perfectamente que puedan ofender o incomodar, si bien la naturaleza de las mismas las hace inofensivas. Es algo como el humor negro, que se mete incluso con los asuntos más espinosos y delicados. El respeto es lo primero, y no sé hasta qué punto se debería considerar que uno pasa de la broma, la tradición o el chismorreo a la ofensa o la incomodidad. No pretendo con esto negar que ese 38%, del primero al último, no tengan razón, sólo digo que a veces incluso la razón es subjetiva tratándose de nosotros mismos, que igual que la sociedad se transforma y se esfuerza por entender, aceptar y abrazar las diferencias entre las personas, los colectivos gays/LGTB también deben esforzarse por entender que los cambios son difíciles y que tener paciencia, a veces más de la que toca, es importante para colaborar con esa misma sociedad a la que todos pertenecemos.",#ConLaVozBienAlta - FELGTB,Federación Estatal LGTBI+ - FELGTBI+,2015-09-29T18:45:59Z,2015,lgtbi
dAb_xYVNHOM,@psykoboy9,2015-10-22T20:46:17Z,0,damn everybody is so handsome and well dressed in Madrid,#ConLaVozBienAlta - FELGTB,Federación Estatal LGTBI+ - FELGTBI+,2015-09-29T18:45:59Z,2015,lgtbi
dAb_xYVNHOM,@yonttelydominguez6226,2015-10-05T11:31:00Z,1,This is awesome! I don't get why people keep on hurting and insulting gay people!! WE ARE ALL THE SAME! Two of my best friends are gay and we have the best relationship ever! So i just don't get it,#ConLaVozBienAlta - FELGTB,Federación Estatal LGTBI+ - FELGTBI+,2015-09-29T18:45:59Z,2015,lgtbi
dAb_xYVNHOM,@Certifiable,2015-10-09T13:10:02Z,0,"Man...I'm not ashamed to admit I teared up at the reactions to the horrid message, then let tears loose as they helped the couple out!
Sometimes humanity surprises me in the best of ways.",#ConLaVozBienAlta - FELGTB,Federación Estatal LGTBI+ - FELGTBI+,2015-09-29T18:45:59Z,2015,lgtbi
dAb_xYVNHOM,@sushimar0,2015-10-28T22:19:02Z,0,I fucking cried! So glad people like these exist. That the world isn't full with assholes!,#ConLaVozBienAlta - FELGTB,Federación Estatal LGTBI+ - FELGTBI+,2015-09-29T18:45:59Z,2015,lgtbi
dAb_xYVNHOM,@Lady_Jay,2015-10-03T21:43:55Z,0,this was very moving how there could be people out there that still can't get it that love is love no matter what  and people need to let people live their life how they want too we are all human beings after all,#ConLaVozBienAlta - FELGTB,Federación Estatal LGTBI+ - FELGTBI+,2015-09-29T18:45:59Z,2015,lgtbi
dAb_xYVNHOM,@IvernAndDaisy,2015-10-10T18:22:12Z,0,Muy bonito ver esto la verdad ... pero bueno aun hay gente muy negativa con este tema ... mi padre por exemplo me quiere fuera de casa por ser gay asi que ... ya veis la suerte que he tenido ...,#ConLaVozBienAlta - FELGTB,Federación Estatal LGTBI+ - FELGTBI+,2015-09-29T18:45:59Z,2015,lgtbi
dAb_xYVNHOM,@janweber2889,2015-10-06T13:18:43Z,1,"Spain is full of helpful and compassionate people, but my wish is that the police in Madrid and elsewhere would show a bit more respect to those travelling there who are not ""white"". When travelling there with my friend, who is also mixed race and darker like me, we were stopped by the police twice just for looking around shops in Salamanca & Paseo de Recoletos. My partner even had made previous purchases with receipts when we were stopped. It made us feel very uncomfortable, but I understand that they are just doing their appointed duty. At least they were friendly once we presented our passports. I have never had this happen to me, nor him, in any other European city.",#ConLaVozBienAlta - FELGTB,Federación Estatal LGTBI+ - FELGTBI+,2015-09-29T18:45:59Z,2015,lgtbi
dAb_xYVNHOM,@Drhaegar90,2015-09-30T20:53:05Z,0,"Pareja de turistas amigables ✓
Llevar 4 cámaras invisibles para sacar buenos planos ✓
Gente aleatoria de la calle ✓
Humor tipical spanish ✓
Música dramática para dar énfasis, ¡énfasis! ✓",#ConLaVozBienAlta - FELGTB,Federación Estatal LGTBI+ - FELGTBI+,2015-09-29T18:45:59Z,2015,lgtbi
dAb_xYVNHOM,@GalaChanminimundos,2015-09-30T11:53:21Z,0,"es EXACTAMENTE el mismo concepto que en esta campaña de Lituania contra el racismo, pero chapó, sin duda hace falta alzar la voz ante cualquier tipo de discriminación sea cual sea https://www.youtube.com/watch?v=v52BzCXn2r4",#ConLaVozBienAlta - FELGTB,Federación Estatal LGTBI+ - FELGTBI+,2015-09-29T18:45:59Z,2015,lgtbi
dAb_xYVNHOM,@joshieeeignacio,2015-10-09T02:13:57Z,0,now do two spanish speaking gay couples visiting the US...,#ConLaVozBienAlta - FELGTB,Federación Estatal LGTBI+ - FELGTBI+,2015-09-29T18:45:59Z,2015,lgtbi
dAb_xYVNHOM,@leimarc9276,2020-10-21T14:40:16Z,0,Agradecido por ser normal,#ConLaVozBienAlta - FELGTB,Federación Estatal LGTBI+ - FELGTBI+,2015-09-29T18:45:59Z,2015,lgtbi
dAb_xYVNHOM,@SelerTabitu,2015-09-30T13:24:16Z,0,"Es una copia de un anuncio lituano contra la discriminación racial, pero lo que viene siendo el mensaje, es conmovedor igualmente.",#ConLaVozBienAlta - FELGTB,Federación Estatal LGTBI+ - FELGTBI+,2015-09-29T18:45:59Z,2015,lgtbi
dAb_xYVNHOM,@SaydeChaling-ChongGarcía,2016-01-12T21:07:31Z,0,Ha sido un vídeo emocionante y aunque no soy homosexual pienso que ustedes son seres humanos como yo y que merecen el mismo respeto y tolerancia que recibe un heterosexual. No pueden haber seres humanos de primera y de segunda en cuanto derechos. Todos somos iguales...en cuanto a derechos...,#ConLaVozBienAlta - FELGTB,Federación Estatal LGTBI+ - FELGTBI+,2015-09-29T18:45:59Z,2015,lgtbi
dAb_xYVNHOM,@pistu,2015-09-30T15:46:39Z,0,"Yo no me creo que todos quieran ir a la policía, eh? Porque vamos, es algo que ni se me ocurriría, ir a la policía por algo así..",#ConLaVozBienAlta - FELGTB,Federación Estatal LGTBI+ - FELGTBI+,2015-09-29T18:45:59Z,2015,lgtbi
dAb_xYVNHOM,@javiervalentin2710,2015-09-30T17:40:58Z,0,Quien da Dislike 🙀🙀🙀,#ConLaVozBienAlta - FELGTB,Federación Estatal LGTBI+ - FELGTBI+,2015-09-29T18:45:59Z,2015,lgtbi
dAb_xYVNHOM,@Youteletubito,2016-07-03T21:34:21Z,0,La única discriminación que muestra el vídeo es ficticia. La reacción de la gente real es correctísima.,#ConLaVozBienAlta - FELGTB,Federación Estatal LGTBI+ - FELGTBI+,2015-09-29T18:45:59Z,2015,lgtbi
dAb_xYVNHOM,@dKARLone,2015-10-01T01:17:13Z,0,"Aunque el vídeo es conmovedor, la situación no puede ser más inverosímil. ¿Quién se cree que alguien vaya a mandar un mensaje así y más a unos desconocidos que no conoce de nada? Esas cosas ya no pasan en España desde hace mucho.",#ConLaVozBienAlta - FELGTB,Federación Estatal LGTBI+ - FELGTBI+,2015-09-29T18:45:59Z,2015,lgtbi
dAb_xYVNHOM,@BelgianDude,2015-10-03T13:33:31Z,3,It's good to point out there are straight people in the world who actually have a heart and they don't wanna even translate it as it's shocking instead of always talking about those who don't,#ConLaVozBienAlta - FELGTB,Federación Estatal LGTBI+ - FELGTBI+,2015-09-29T18:45:59Z,2015,lgtbi
dAb_xYVNHOM,@Disfonica,2015-09-30T14:29:45Z,0,Si en España el 38% se siente discriminado y se promocionan videos comos estos. Queda cortísimo lo que se realiza en mi país. Nos queda mucho por hacer.,#ConLaVozBienAlta - FELGTB,Federación Estatal LGTBI+ - FELGTBI+,2015-09-29T18:45:59Z,2015,lgtbi
dAb_xYVNHOM,@mrmisty4492,2015-10-04T17:05:01Z,0,"do one with girls instead of dudes, and see how the reactions change",#ConLaVozBienAlta - FELGTB,Federación Estatal LGTBI+ - FELGTBI+,2015-09-29T18:45:59Z,2015,lgtbi
dAb_xYVNHOM,@ISBLACAT,2015-10-09T22:37:40Z,0,"No seremos el mejor país en términos económicos pero en tolerancia les pegamos un repaso a los países ""top"", donde la extrema derecha está en auge.",#ConLaVozBienAlta - FELGTB,Federación Estatal LGTBI+ - FELGTBI+,2015-09-29T18:45:59Z,2015,lgtbi
dAb_xYVNHOM,@Blackmine720,2015-10-02T16:51:46Z,0,"menos mal que hay gente buena, aun que yo en mi instituto veo un monton de gente homofoba incluso mis ""amigos"", no todos son mala gente solo que tienen una forma de pensar muy especial...",#ConLaVozBienAlta - FELGTB,Federación Estatal LGTBI+ - FELGTBI+,2015-09-29T18:45:59Z,2015,lgtbi
dAb_xYVNHOM,@Popinazo,2015-11-06T18:44:00Z,0,las personas parecen actores :S (obviamente las que traducen),#ConLaVozBienAlta - FELGTB,Federación Estatal LGTBI+ - FELGTBI+,2015-09-29T18:45:59Z,2015,lgtbi
dAb_xYVNHOM,@IanusNivis,2015-10-09T20:57:16Z,0,"Lol wtf, why are Iceland, Liechtenstein, and Norway sponsors for a Spanish video?",#ConLaVozBienAlta - FELGTB,Federación Estatal LGTBI+ - FELGTBI+,2015-09-29T18:45:59Z,2015,lgtbi
dAb_xYVNHOM,@kenny9633,2015-10-11T18:51:49Z,0,yo that girl at 4:00 on the right is fire as fuck,#ConLaVozBienAlta - FELGTB,Federación Estatal LGTBI+ - FELGTBI+,2015-09-29T18:45:59Z,2015,lgtbi
dAb_xYVNHOM,@ThePurplayer,2015-10-03T22:09:21Z,0,0:33 he's hot though,#ConLaVozBienAlta - FELGTB,Federación Estatal LGTBI+ - FELGTBI+,2015-09-29T18:45:59Z,2015,lgtbi
dAb_xYVNHOM,@josiaschoque408,2021-06-14T04:12:40Z,0,Ajajajaja todos estos de aqui los pondre heteros a puras palabras xdd,#ConLaVozBienAlta - FELGTB,Federación Estatal LGTBI+ - FELGTBI+,2015-09-29T18:45:59Z,2015,lgtbi
dAb_xYVNHOM,@semenyvagina,2015-10-08T14:18:08Z,0,Un video realmente bueno que demuestra que el final es falso: en españa no nos gusta la discriminación. Espero que LGTB puedan por fin dejar de tratar a los demás como su fuésemos sus enemigos y puedan dar por concluido su homovictimismo.,#ConLaVozBienAlta - FELGTB,Federación Estatal LGTBI+ - FELGTBI+,2015-09-29T18:45:59Z,2015,lgtbi
dAb_xYVNHOM,@robertoinocc,2015-10-30T15:53:27Z,0,Muito bom o vídeo postei no meu Blog: https://www.facebook.com/orientacaoy/posts/1073493879362325,#ConLaVozBienAlta - FELGTB,Federación Estatal LGTBI+ - FELGTBI+,2015-09-29T18:45:59Z,2015,lgtbi
dAb_xYVNHOM,@mariacoullaut5594,2025-05-29T16:09:29Z,0,Vaya llorera!! Por asco e indignación y por las reacciones tan bonitas de la gente.,#ConLaVozBienAlta - FELGTB,Federación Estatal LGTBI+ - FELGTBI+,2015-09-29T18:45:59Z,2015,lgtbi
dAb_xYVNHOM,@chuchonmc,2015-10-08T07:01:56Z,0,"Buen vídeo y buen proyecto, pero no me gusta la idea de que parezca real cuando es obvio que es un montaje y son actores, no sé... podíais haberlo disimulado mucho más y mejor.",#ConLaVozBienAlta - FELGTB,Federación Estatal LGTBI+ - FELGTBI+,2015-09-29T18:45:59Z,2015,lgtbi
dAb_xYVNHOM,@keikurono2009,2015-09-30T15:32:06Z,2,"asi como hay sitios exclusivos para homosexuales  y obviamente los dueños lo ponen asi..........tambien si tengo un negocio y no quiero aceptar homosexuales pues asi debe ser porque en todo negocio existe la frase, se reserva el derecho de admision ........... debe haver hoteles exclusivos para homosexuales si tanto quieren respeto pues respeten alos heterosexuales que no quieren estar en el mismo hotel que los homosexuales",#ConLaVozBienAlta - FELGTB,Federación Estatal LGTBI+ - FELGTBI+,2015-09-29T18:45:59Z,2015,lgtbi
dAb_xYVNHOM,@baloo3451,2015-09-30T17:38:41Z,0,"cual es el objetivo del video? allá cada uno con lo que piense. si el dueño de un hostal no quiere parejas gays alla el basta ya con lo politicamente correcto. y ademas cualquier adulto gay o no sabe callarse lo que quiera o irse a otro hostal, denunciar, meterle dos leches a gente asi....",#ConLaVozBienAlta - FELGTB,Federación Estatal LGTBI+ - FELGTBI+,2015-09-29T18:45:59Z,2015,lgtbi
dAb_xYVNHOM,@CVidal-ty9xi,2015-10-01T14:57:37Z,0,"Esto es mas fake, como has logrado españoles que hablen el ingles perfectamente, el casting habrá sido duro XD

Bromas aparte, así es como reaccionaria cualquier persona frente una situación de discriminación o violencia respecto a otro semejante, no hace falta ser causa, para luchar por ella.",#ConLaVozBienAlta - FELGTB,Federación Estatal LGTBI+ - FELGTBI+,2015-09-29T18:45:59Z,2015,lgtbi
dAb_xYVNHOM,@ninozhoriev3200,2015-09-30T11:49:56Z,0,La sociedad de hoy en día aún no está preparada para aceptar cualquier tipo de pareja. Mucho anuncio de que Madrid es la capital europea que más respeta a los gays y al final siempre se encuentra gente como ese sr.,#ConLaVozBienAlta - FELGTB,Federación Estatal LGTBI+ - FELGTBI+,2015-09-29T18:45:59Z,2015,lgtbi
dAb_xYVNHOM,@SYLVESTRIVS,2015-10-21T23:03:01Z,1,"BUENO, enquanto en Brasil... La maldita bancada política cristiana estás a haciendo cambios para redefinir lo concepto de familia: hombre, mujer and chicos.",#ConLaVozBienAlta - FELGTB,Federación Estatal LGTBI+ - FELGTBI+,2015-09-29T18:45:59Z,2015,lgtbi
dAb_xYVNHOM,@user-nm4bc2tq6w,2015-12-08T04:45:59Z,0,Mas falso que los reyes magos,#ConLaVozBienAlta - FELGTB,Federación Estatal LGTBI+ - FELGTBI+,2015-09-29T18:45:59Z,2015,lgtbi
dAb_xYVNHOM,@sollerche,2015-09-30T12:15:26Z,2,"No me gustan estos tipos de videos y antes de que salteis, me refiero a todos estos videos de diferentes temas, son absurdos",#ConLaVozBienAlta - FELGTB,Federación Estatal LGTBI+ - FELGTBI+,2015-09-29T18:45:59Z,2015,lgtbi
dAb_xYVNHOM,@spawnoftyphon,2015-10-09T02:24:44Z,0,I don't like that the one lady refereed to the phony antagonist as an animal in a derogatory manner.  Other animals don't possess human bigotries.,#ConLaVozBienAlta - FELGTB,Federación Estatal LGTBI+ - FELGTBI+,2015-09-29T18:45:59Z,2015,lgtbi
dAb_xYVNHOM,@miguelchudo,2015-10-02T19:14:08Z,0,"Discriminatorio,homofobico,si a mi me amenaza lo denuncio,sea cual sea el motivo.",#ConLaVozBienAlta - FELGTB,Federación Estatal LGTBI+ - FELGTBI+,2015-09-29T18:45:59Z,2015,lgtbi
dAb_xYVNHOM,@evanfront6252,2015-10-03T14:16:36Z,0,"No es que sea falso... Pero está montado y editado para reforzar el mensaje. Entre los que no sabrían inglés y los que tal cual leerían la carta y dirían que el autor simplemente era un idiota, han elegido un poco a los que dan el pego para el tema emocional, algunos planos para que parezca que se les para el mundo cuando leen la parte chunga (ni que estuvieran leyendo una sentencia de muerte XD) y efecto conseguido: gente diciendo que en España somos amables y modernos (aaaaaajajajajajajajajajajajajajajaja Con los toros, los niños lanzados para tocar una imagen en una procesión de fanáticos religiosos, el PP en el poder, religión en las aulas etc) y que todos hablan inglés... Y luego en una famosa serie tienen a un personaje gay ridiculizado en cada episodio. Lo que hace youtube XD",#ConLaVozBienAlta - FELGTB,Federación Estatal LGTBI+ - FELGTBI+,2015-09-29T18:45:59Z,2015,lgtbi
dAb_xYVNHOM,@wreck.create.MAK0,2015-10-09T04:37:41Z,0,"moving video. but its fictional. As in - it didnt exits- NOBODY wrote this letter, so in effect- its gay people fighting a fight against somebody that dosent exist . you guys won- and you don't know it yet. To me this isn't a heartwarming film about how ordinary people are disgusted with homophobia- its a video about how people- without any homophobic enemies in sight-  have decided to create one. 

i really object to being emotionally manipulated like this.",#ConLaVozBienAlta - FELGTB,Federación Estatal LGTBI+ - FELGTBI+,2015-09-29T18:45:59Z,2015,lgtbi
dAb_xYVNHOM,@user-nm4bc2tq6w,2015-12-08T04:52:38Z,0,"FELGTB es muy irresponsable por vuestra parte preparar un montaje de tal forma, en caso contrario especificad en que Hotel/Hostal sucedió este hecho, porque desgraciadamente no me creo absolutamente nada, mas bien esto me parece propaganda y sabeis que hacer eso no esta bien. Insisto, conozco el sector hotelero de Madrid, y puedo afirmar con un 99.9% de seguridad que esto NO pasa. Partiendo de que a un hotel por norma general no le importa si el cliente es homosexual, transexual, heterosexual....etc. Esto es mas falso que el tebeo",#ConLaVozBienAlta - FELGTB,Federación Estatal LGTBI+ - FELGTBI+,2015-09-29T18:45:59Z,2015,lgtbi
dAb_xYVNHOM,@user-nm4bc2tq6w,2015-12-08T04:47:54Z,0,"Esto esta preparadisimo, no me creo que ningun hotel de Madrid haya puesto eso ni de broma... España fue de los primeros por no decir el primer pais europeo en legalizar el matrimonio homosexual, y no es un pueblo homofobico ni muchisimo menos... propaganda inglesa como siempre",#ConLaVozBienAlta - FELGTB,Federación Estatal LGTBI+ - FELGTBI+,2015-09-29T18:45:59Z,2015,lgtbi
dAb_xYVNHOM,@termito3332,2015-10-01T19:05:03Z,2,"Que ruina de Pais,Asi va españa.
No soy xenofobo, solo que no me gustan .",#ConLaVozBienAlta - FELGTB,Federación Estatal LGTBI+ - FELGTBI+,2015-09-29T18:45:59Z,2015,lgtbi
dAb_xYVNHOM,@educll6178,2017-07-09T12:28:58Z,0,Que puta asco . viva rusia!!!,#ConLaVozBienAlta - FELGTB,Federación Estatal LGTBI+ - FELGTBI+,2015-09-29T18:45:59Z,2015,lgtbi
knqDTGkOGjg,@RealMadridEdits880,2025-02-01T20:29:26Z,7,Mas gente así porfavor,Víctima de un ataque homófobo: &quot;Nos empezó a gritar &#39;maricones de mierda&#39; y me pegó un puñetazo&quot;,laSexta Noticias,2015-05-02T16:42:40Z,2015,lgtbi
knqDTGkOGjg,@javierbarbiere6373,2020-10-31T09:11:32Z,1,Alguna pregunta 🐵🙊🙈🙉 tú REY León,Víctima de un ataque homófobo: &quot;Nos empezó a gritar &#39;maricones de mierda&#39; y me pegó un puñetazo&quot;,laSexta Noticias,2015-05-02T16:42:40Z,2015,lgtbi
knqDTGkOGjg,@trujirico8059,2016-12-31T17:36:33Z,9,En serio que la gente cada esta mas loca y aquí un ejemplo con solo leer los comentarios de este vídeo... Que vergüenza ajena siento!!!!,Víctima de un ataque homófobo: &quot;Nos empezó a gritar &#39;maricones de mierda&#39; y me pegó un puñetazo&quot;,laSexta Noticias,2015-05-02T16:42:40Z,2015,lgtbi
knqDTGkOGjg,@тарославМихаил,2016-03-02T20:55:16Z,6,por que los defienden,Víctima de un ataque homófobo: &quot;Nos empezó a gritar &#39;maricones de mierda&#39; y me pegó un puñetazo&quot;,laSexta Noticias,2015-05-02T16:42:40Z,2015,lgtbi
7oMSL__sG3c,@ItGetsBetterEspana,2015-07-10T19:11:48Z,0,"Mario, italiano y residente en Barcelona, nos cuenta los problemas que tuvo para auto-aceptarse como #gay. Hoy en día, Mario es muy feliz y está fuera del armario con su familia y amigxs.

¡Gracias Mario!",Mario - It Gets Better España,It Gets Better España,2015-07-03T20:59:12Z,2015,lgtbi
fmOoX9Ttqas,@DanyOtraCosaShorts,2015-03-27T02:14:33Z,0,Liked!,Los temores que enfrentan los niños homosexuales inmigrantes,N+ UNIVISION,2015-03-27T01:15:59Z,2015,lgtbi
fmOoX9Ttqas,@josueg4924,2015-03-27T08:45:32Z,0,heee neta cultivate un poco amiga osea jajaja POP.,Los temores que enfrentan los niños homosexuales inmigrantes,N+ UNIVISION,2015-03-27T01:15:59Z,2015,lgtbi
fmOoX9Ttqas,@rafaelgonzalez9128,2015-03-27T01:39:37Z,1,yo tengo un compañero gay y nos llevamos bien,Los temores que enfrentan los niños homosexuales inmigrantes,N+ UNIVISION,2015-03-27T01:15:59Z,2015,lgtbi
fmOoX9Ttqas,@thezidp,2015-03-27T06:34:03Z,1,"No encuentro tanto problema, la mayoría de los niños homosexuales se vuelven cantantes de pop y allá eso les gusta  mucho.",Los temores que enfrentan los niños homosexuales inmigrantes,N+ UNIVISION,2015-03-27T01:15:59Z,2015,lgtbi
QVLcsWOkcY4,@MarcNadalFilms,2019-03-22T18:04:50Z,0,"➡️ SI TE HA GUSTADO NO TE PIERDAS LOS NUEVOS VIDEOS https://goo.gl/3eooHW
    🍿 Instagram https://goo.gl/F5muKk
    📴 Facebook https://goo.gl/m1gpe7
   🎫 Twitter https://goo.gl/8o2tZr","Piel suave, ojos violentos (Trailer) cortometraje lésbico LGBT",Marc Nadal,2015-12-08T02:34:39Z,2015,lgtbi
QVLcsWOkcY4,@gungun148-1,2016-02-26T11:09:02Z,2,When will be premiere?,"Piel suave, ojos violentos (Trailer) cortometraje lésbico LGBT",Marc Nadal,2015-12-08T02:34:39Z,2015,lgtbi
QVLcsWOkcY4,@melanyospina652,2017-06-30T13:37:55Z,1,it's LGBT,"Piel suave, ojos violentos (Trailer) cortometraje lésbico LGBT",Marc Nadal,2015-12-08T02:34:39Z,2015,lgtbi
S15WLGrxOUU,@krimensincastigo,2015-12-13T16:52:45Z,1,"¿Por qué si todo mejora en Colombia, no lo decimos en español?. Parte de lo que nos enorgullece es nuestro idioma.",| It Gets Better Colombia - Todo mejora para la población LGBT de Colombia,It Gets Better Colombia,2015-12-01T14:56:31Z,2015,lgtbi
S15WLGrxOUU,@edubrent5786,2017-10-08T03:08:33Z,0,"No se que hacer, me siento solo, mi familia no lo sabe, y para peor son muy conservadores,  cuando hablan sobre la comunidad LGBT, prefiero salirme o no escucharlos,  no tengo amig@s cercanos con quienes hablar. Me da miedo esta sociedad en la que vivo. Tengo 28 años y no me siento feliz.",| It Gets Better Colombia - Todo mejora para la población LGBT de Colombia,It Gets Better Colombia,2015-12-01T14:56:31Z,2015,lgtbi
tTYvevz9Grg,@markkk9623,2017-07-15T22:33:16Z,15,Me alegro que salga mayoría :D,"El 85% de encuestados, a favor del matrimonio homosexual en España",laSexta Noticias,2015-06-30T18:06:54Z,2015,lgtbi
tTYvevz9Grg,@anitafallenangel1629,2022-05-12T19:09:11Z,0,A favor.,"El 85% de encuestados, a favor del matrimonio homosexual en España",laSexta Noticias,2015-06-30T18:06:54Z,2015,lgtbi
tTYvevz9Grg,@ElChuan64,2015-07-01T16:13:14Z,2,Izquierda Unida 100% probablemente están a favor. Ya ni los ponen en las encuestas... qué lástima...,"El 85% de encuestados, a favor del matrimonio homosexual en España",laSexta Noticias,2015-06-30T18:06:54Z,2015,lgtbi
tTYvevz9Grg,@raul900ification,2015-06-30T18:24:22Z,9,"Sencillamente no entiendo como pueden salir esas cifras del PP... Que estamos en el siglo XXI por diós, y una vez más queda claro que Ciudadanos es como un PP jóven.","El 85% de encuestados, a favor del matrimonio homosexual en España",laSexta Noticias,2015-06-30T18:06:54Z,2015,lgtbi
tTYvevz9Grg,@pepito.grillo4266,2024-06-18T18:04:45Z,0,Repugnante.,"El 85% de encuestados, a favor del matrimonio homosexual en España",laSexta Noticias,2015-06-30T18:06:54Z,2015,lgtbi
tTYvevz9Grg,@Dicleidina,2018-01-30T15:57:11Z,4,pobre España...cada vez peor,"El 85% de encuestados, a favor del matrimonio homosexual en España",laSexta Noticias,2015-06-30T18:06:54Z,2015,lgtbi
WVR2_2X9vno,@cristinadiazfernandez967,2018-12-21T18:55:17Z,1,"Me parece indignante que desde la escuela que es el sitio dónde a nuestros hijos se les enseña a ser personas con valores, se imparta la materia con un libro escrito por una persona homófoba, porque entonces como queremos que no exista en el día a día si ya desde pequeños se les enseña biología con la homofobia.",Colectivos homosexuales denuncian el contenido homófobo de un libro escolar,laSexta Noticias,2015-05-13T19:58:21Z,2015,lgtbi
HhGs88IGGp8,@Andyarpita2,2022-11-30T05:41:00Z,2,Ojalá que en mi país hagan lo mismos...,"Varios homosexuales rusos, detenidos en San Petersburgo cuando intentaban manifestarse",euronews (en español),2015-08-03T05:39:31Z,2015,lgtbi
HhGs88IGGp8,@victorhrodriguez1159,2021-03-04T23:56:52Z,6,Pienso que saben que está prohibido esas manifestaciones. Que aguanten.,"Varios homosexuales rusos, detenidos en San Petersburgo cuando intentaban manifestarse",euronews (en español),2015-08-03T05:39:31Z,2015,lgtbi
HhGs88IGGp8,@juanvilches530,2019-07-13T15:14:08Z,16,Bien por RUSIA.. ojalá en Chile legislen sobre prohibición del exivisionismo ..,"Varios homosexuales rusos, detenidos en San Petersburgo cuando intentaban manifestarse",euronews (en español),2015-08-03T05:39:31Z,2015,lgtbi
HhGs88IGGp8,@dvalentino123chavez3,2022-04-12T11:26:00Z,4,Felicitaciones para Wladimir Putin 🇷🇺🇷🇺🇷🇺🇷🇺🇷🇺🇷🇺🇷🇺🇷🇺🇷🇺🇷🇺... gran líder...   Así se corrige a los revoltosos,"Varios homosexuales rusos, detenidos en San Petersburgo cuando intentaban manifestarse",euronews (en español),2015-08-03T05:39:31Z,2015,lgtbi
HhGs88IGGp8,@marcelopiriz4233,2021-11-01T17:45:59Z,6,Dios bendiga a Rusia fuerte desafiante y ortodoxa,"Varios homosexuales rusos, detenidos en San Petersburgo cuando intentaban manifestarse",euronews (en español),2015-08-03T05:39:31Z,2015,lgtbi
HhGs88IGGp8,@elguajiroflamenco9376,2022-04-03T23:22:31Z,2,"Los latinoamericanos sois muy dados a emigrar, espero que los países que os acogen no piensen de esa manera respecto a ustedes y os prohíban la entrada simplemente porque seáis inmigrantes o no se según os leo cómo para el caso sería lo mismo prácticamente también os parecería bien! O lo mismo pensáis que ustedes si podéis marginar y a ustedes no...mmmmm mucha incultura","Varios homosexuales rusos, detenidos en San Petersburgo cuando intentaban manifestarse",euronews (en español),2015-08-03T05:39:31Z,2015,lgtbi
HhGs88IGGp8,@javiersanchezortiz7084,2018-09-24T20:43:53Z,27,"Van a provocar, son unos alborotadores!.Viva Rusia y mano dura con esa gente!.","Varios homosexuales rusos, detenidos en San Petersburgo cuando intentaban manifestarse",euronews (en español),2015-08-03T05:39:31Z,2015,lgtbi
HhGs88IGGp8,@Alejhox,2021-03-27T03:24:12Z,8,Putin te necesitamos en latinoamerica!!,"Varios homosexuales rusos, detenidos en San Petersburgo cuando intentaban manifestarse",euronews (en español),2015-08-03T05:39:31Z,2015,lgtbi
HhGs88IGGp8,@NEETHERREALM1,2019-09-25T18:55:42Z,19,Rusia 🇷🇺 sigue siendo la última esperanza del mundo,"Varios homosexuales rusos, detenidos en San Petersburgo cuando intentaban manifestarse",euronews (en español),2015-08-03T05:39:31Z,2015,lgtbi
HhGs88IGGp8,@mikesenblest6733,2024-02-07T03:53:28Z,0,Rusia el mejor pais,"Varios homosexuales rusos, detenidos en San Petersburgo cuando intentaban manifestarse",euronews (en español),2015-08-03T05:39:31Z,2015,lgtbi
HhGs88IGGp8,@juanmurillo4628,2016-05-15T05:36:50Z,26,Bien por Rusia!!!,"Varios homosexuales rusos, detenidos en San Petersburgo cuando intentaban manifestarse",euronews (en español),2015-08-03T05:39:31Z,2015,lgtbi
HhGs88IGGp8,@dubon9999,2022-07-19T18:04:33Z,3,"Mando todo mí amor y mí apoyo a las personas LGBT ❤🧡💛💚💙💜 Ustedes también son importantes y muy valiosos a pesar de que vivimos en un mundo que les haga creer lo contrario, siéntanse siempre orgullosos de ser quienes son 🏳️‍🌈🏳️‍🌈🏳️‍🌈🏳️‍🌈🏳️‍🌈 Ustedes también hacen de este mundo un lugar mejor ❤🧡💛💚💙💜","Varios homosexuales rusos, detenidos en San Petersburgo cuando intentaban manifestarse",euronews (en español),2015-08-03T05:39:31Z,2015,lgtbi
HhGs88IGGp8,@katieguzman3406,2020-06-12T03:06:38Z,11,Bien por Rusia 👏👏👏,"Varios homosexuales rusos, detenidos en San Petersburgo cuando intentaban manifestarse",euronews (en español),2015-08-03T05:39:31Z,2015,lgtbi
HhGs88IGGp8,@ብዝኔይክንክንይ,2021-02-27T20:46:59Z,8,"Grande Rusia, un gran ejemplo a seguir","Varios homosexuales rusos, detenidos en San Petersburgo cuando intentaban manifestarse",euronews (en español),2015-08-03T05:39:31Z,2015,lgtbi
HhGs88IGGp8,@paolagonzalezgarcia9811,2021-09-17T02:02:04Z,0,En México si hay libertad,"Varios homosexuales rusos, detenidos en San Petersburgo cuando intentaban manifestarse",euronews (en español),2015-08-03T05:39:31Z,2015,lgtbi
m0EPRwj9OgQ,@reddnex1,2015-07-25T12:12:20Z,0,que fuerza tiene nuestra Rebeca! la adoro.,Rebeca en el Orgullo de Madrid 2015,Cáscara Amarga,2015-07-04T15:36:10Z,2015,lgtbi
