video_id,autor,fecha,likes,texto,titulo_video,canal,fecha_video,año_video,tema
B7rZQku2gAY,@miguelinsruizruiz5384,2019-04-25 21:15:39+00:00,4941,"""Yo creo que lo hacen para sacarte los 85€ del examen"" ella conoce bien España, sin duda.",Una inmigrante: &quot;El examen para conseguir la nacionalidad española es una chorrada&quot;,laSexta,2016-03-07 21:51:24+00:00,2016,inmigracion
B7rZQku2gAY,@macmillanspattv6974,2019-04-14 21:45:48+00:00,1695,"Más español que pagar 85€ por un examen no hay jajaja  además lo dijo muy bien la chica "" más que nada para sacar pasta""",Una inmigrante: &quot;El examen para conseguir la nacionalidad española es una chorrada&quot;,laSexta,2016-03-07 21:51:24+00:00,2016,inmigracion
B7rZQku2gAY,@jennifferverameza9461,2019-04-23 07:25:52+00:00,933,"85 euros por 25 preguntas y media hora de examen... Vale sí, es un robo!",Una inmigrante: &quot;El examen para conseguir la nacionalidad española es una chorrada&quot;,laSexta,2016-03-07 21:51:24+00:00,2016,inmigracion
B7rZQku2gAY,@diegofernandez9453,2019-04-29 21:20:59+00:00,416,"0:55
Solo con esa afirmación le daba ya la nacionalidad a ella y toda su familia.
Sabe más de España que cualquier catedrático de sociología",Una inmigrante: &quot;El examen para conseguir la nacionalidad española es una chorrada&quot;,laSexta,2016-03-07 21:51:24+00:00,2016,inmigracion
B7rZQku2gAY,@cccc1996,2019-04-22 01:13:48+00:00,1260,Saber si montserrat caballé es cantante o actriz es de vital importancia.... 😂😂 no saben como sacar ya la pasta a la gente,Una inmigrante: &quot;El examen para conseguir la nacionalidad española es una chorrada&quot;,laSexta,2016-03-07 21:51:24+00:00,2016,inmigracion
B7rZQku2gAY,@victorgon_,2016-03-07 23:48:16+00:00,1176,Apuesto a q la de guinea ecuatorial sabe mas castellano q muchos de nosotros,Una inmigrante: &quot;El examen para conseguir la nacionalidad española es una chorrada&quot;,laSexta,2016-03-07 21:51:24+00:00,2016,inmigracion
B7rZQku2gAY,@eliasseminario324,2016-03-07 22:34:29+00:00,640,"""Jordi ébola"" Jajajajaja que grande!",Una inmigrante: &quot;El examen para conseguir la nacionalidad española es una chorrada&quot;,laSexta,2016-03-07 21:51:24+00:00,2016,inmigracion
B7rZQku2gAY,@Th0mpsons-p9n,2020-06-15 18:25:16+00:00,318,"""Ojalá que no tengas que volverte""
- Igualmente",Una inmigrante: &quot;El examen para conseguir la nacionalidad española es una chorrada&quot;,laSexta,2016-03-07 21:51:24+00:00,2016,inmigracion
B7rZQku2gAY,@gvalldeneu,2019-04-27 12:12:12+00:00,255,lo de los 85€ es mas español que la tortilla,Una inmigrante: &quot;El examen para conseguir la nacionalidad española es una chorrada&quot;,laSexta,2016-03-07 21:51:24+00:00,2016,inmigracion
B7rZQku2gAY,@elreyjuanky2,2019-05-05 12:31:13+00:00,253,"Eres mas española casi que yo
Bueno solo que me falta el DNI 
JAJAJAJAJAJ Me mato, fan numero uno de esta tia",Una inmigrante: &quot;El examen para conseguir la nacionalidad española es una chorrada&quot;,laSexta,2016-03-07 21:51:24+00:00,2016,inmigracion
B7rZQku2gAY,@jorgeglez.9053,2019-05-03 18:05:36+00:00,91,"El último señor que entrevista era un visionario, adivinó que acabaría sustituyendo a Jordi Évole",Una inmigrante: &quot;El examen para conseguir la nacionalidad española es una chorrada&quot;,laSexta,2016-03-07 21:51:24+00:00,2016,inmigracion
B7rZQku2gAY,@miguelvalero8112,2019-04-30 20:21:26+00:00,416,"La chica de guinea me encanta, es monísima 😍😍",Una inmigrante: &quot;El examen para conseguir la nacionalidad española es una chorrada&quot;,laSexta,2016-03-07 21:51:24+00:00,2016,inmigracion
B7rZQku2gAY,@gerardc2243,2019-04-30 20:58:33+00:00,90,"""Me ha llamado Jordi Évole"" nono broda, te ha llamado Jordi Ébola.",Una inmigrante: &quot;El examen para conseguir la nacionalidad española es una chorrada&quot;,laSexta,2016-03-07 21:51:24+00:00,2016,inmigracion
B7rZQku2gAY,@antoniorojaswm10,2020-07-14 19:11:54+00:00,21,La de Guinea aparte de guapa lista se nota que es una Española de los pies a la cabeza más bien de Andalucía,Una inmigrante: &quot;El examen para conseguir la nacionalidad española es una chorrada&quot;,laSexta,2016-03-07 21:51:24+00:00,2016,inmigracion
B7rZQku2gAY,@mohammedmjahed1971,2019-05-04 02:57:47+00:00,285,Llegué a España a finales de 1998 en patera y tengo la nacionalidad española concedida desde 2013. Aquí estoy como san Pedro en su casa. Los españoles en general son un pueblo muy acogedor comparando con el resto de Europa. La xenofobia existe desde que el mundo es mundo y es imposible liquidarla de medio. El camino más corto y correcto para integrarse en una sociedad es aprender el idioma cada uno como puede pero mejor dominarla para tener más posibilidades de puertas abiertas y respetar las normas de casa y es muy recomendable enterarse de los códigos sociales y la cultura del país.,Una inmigrante: &quot;El examen para conseguir la nacionalidad española es una chorrada&quot;,laSexta,2016-03-07 21:51:24+00:00,2016,inmigracion
B7rZQku2gAY,@yo-lu4je,2019-05-03 16:30:37+00:00,11,el chico del final era un visionario,Una inmigrante: &quot;El examen para conseguir la nacionalidad española es una chorrada&quot;,laSexta,2016-03-07 21:51:24+00:00,2016,inmigracion
B7rZQku2gAY,@asmatarazzo,2020-08-24 02:42:22+00:00,9,"2:02 
-Ojalá que no tengas que volverte 
+ Igualmente 
Xd",Una inmigrante: &quot;El examen para conseguir la nacionalidad española es una chorrada&quot;,laSexta,2016-03-07 21:51:24+00:00,2016,inmigracion
B7rZQku2gAY,@dennysgutierrez714,2020-07-20 08:39:26+00:00,10,En mi opinión es caro el exámen pero de alguna manera debe hacerce un filtro para las personas que quieran tener la nacionalidad española,Una inmigrante: &quot;El examen para conseguir la nacionalidad española es una chorrada&quot;,laSexta,2016-03-07 21:51:24+00:00,2016,inmigracion
B7rZQku2gAY,@tiranoelsaurio2945,2020-08-26 00:24:11+00:00,4,Es más difícil conseguir todo el papeleo que te piden que el propio examen 😂😂😂,Una inmigrante: &quot;El examen para conseguir la nacionalidad española es una chorrada&quot;,laSexta,2016-03-07 21:51:24+00:00,2016,inmigracion
B7rZQku2gAY,@maxmartiyoutube,2020-07-19 09:44:37+00:00,8,La de guinea ecuatorial se parece a Angelina Johnson de Harry Potter,Una inmigrante: &quot;El examen para conseguir la nacionalidad española es una chorrada&quot;,laSexta,2016-03-07 21:51:24+00:00,2016,inmigracion
B7rZQku2gAY,@jonathandblack62,2019-04-29 18:01:54+00:00,134,Guinea Equatorial antigua colonia española. Como no va hablr bn la chica xd! El español es el idioma oficial allí 🙄,Una inmigrante: &quot;El examen para conseguir la nacionalidad española es una chorrada&quot;,laSexta,2016-03-07 21:51:24+00:00,2016,inmigracion
B7rZQku2gAY,@ocorismus,2017-01-23 00:42:57+00:00,9,Todos los blancos de la tv se parecen a Jordi Évole jajajajaja,Una inmigrante: &quot;El examen para conseguir la nacionalidad española es una chorrada&quot;,laSexta,2016-03-07 21:51:24+00:00,2016,inmigracion
B7rZQku2gAY,@salome5709,2020-07-18 16:36:05+00:00,82,"yo creo que está más que claro que al 95% de las personas les encantaría vivir en su país , pero muchas veces la situación no lo permite , la corrupción del gobierno en la cual colaboran otros continentes como Europa , América , refiriéndome a la situación de muchos países africanos y no solo africanos . A mí me hubiera encantado nacer en Guinea Ecuatorial y criarme ahí como ha hecho mi padre , como ha hecho mi madre , conocer de cerca mis raíces , pero ciertamente a veces no se puede , igualmente es muy importante no olvidarse de lo que somos , de los orígenes y de dónde vienen nuestrxs antepasadxs , y por supuesto estar orgullosx es lo primero , ¡ viva Guinea Ecuatorial ! , aún habiendo nacido en España mi corazón le pertenece a África , Guinea Ecuatorial se ha encontrado sumergida en una dictadura durante años y años y años apoyada por España entre otros países , no les ha importado el sufrimiento de la gente lo único que quieren es sacar beneficio económico , solo importan las dictaduras de LatinoAmérica como en Venezuela , sin embargo las dictaduras de África no importan , como si no fuéramos personas , solo pido la mejora mi país🖤🇬🇶",Una inmigrante: &quot;El examen para conseguir la nacionalidad española es una chorrada&quot;,laSexta,2016-03-07 21:51:24+00:00,2016,inmigracion
B7rZQku2gAY,@definicionesprogramacion,2020-07-16 01:35:26+00:00,1,El ultimo estaba tan bien preparado que ya sabia hasta el futuro,Una inmigrante: &quot;El examen para conseguir la nacionalidad española es una chorrada&quot;,laSexta,2016-03-07 21:51:24+00:00,2016,inmigracion
B7rZQku2gAY,@gabrieldelfronton2584,2020-08-16 23:06:41+00:00,8,"Será de Guinea, pero en el comportamiento es más española que yo 😂",Una inmigrante: &quot;El examen para conseguir la nacionalidad española es una chorrada&quot;,laSexta,2016-03-07 21:51:24+00:00,2016,inmigracion
B7rZQku2gAY,@brianechavarria,2019-05-03 16:58:34+00:00,28,“Preguntas que si le preguntas a cualquier español no la va a saber” 💯,Una inmigrante: &quot;El examen para conseguir la nacionalidad española es una chorrada&quot;,laSexta,2016-03-07 21:51:24+00:00,2016,inmigracion
B7rZQku2gAY,@cesargaviria9798,2019-05-04 17:12:13+00:00,7,"Yo vine hace 25 años a este país, concretamente a Cataluña y la verdad eran otros tiempos donde había poca gente latinoamericana, era más difícil a nivel de la relación con las personas, ya estoy curado de espanto porque todo lo que digáis ahora ya lo viví y con mayor intensidad, pero nunca agache mi cabeza, nunca deje que nadie intentase humillarme, no soy más que nadie pero tampoco me sentiré menos, por estar en otro país, se mis derechos y se también mis obligaciones hacia este país, la cuestión es adaptarse y respetar al lugar donde vayas sin olvidar las raíces de donde uno viene, mostrár tu cultura a todo aquel que le interese, sin obligar ni querer someter a nadie...",Una inmigrante: &quot;El examen para conseguir la nacionalidad española es una chorrada&quot;,laSexta,2016-03-07 21:51:24+00:00,2016,inmigracion
B7rZQku2gAY,@albertomerelo8820,2020-07-18 19:47:58+00:00,8,El tipo de Mali no iba mal encaminado. Al final Gonzo ha pasado a ocupar el puesto de Évole en Salvados. Nómbrenle duque!,Una inmigrante: &quot;El examen para conseguir la nacionalidad española es una chorrada&quot;,laSexta,2016-03-07 21:51:24+00:00,2016,inmigracion
B7rZQku2gAY,@AyusoEnjoyer,2020-08-24 12:56:58+00:00,4,"Ahora que sé que Montserrat Caballé era cantante me siento más español, tanto que me están dando ganas de chorizito y un buen vino.",Una inmigrante: &quot;El examen para conseguir la nacionalidad española es una chorrada&quot;,laSexta,2016-03-07 21:51:24+00:00,2016,inmigracion
B7rZQku2gAY,@hannibalsmith,2020-08-22 17:20:06+00:00,1,Vaya visionario el tio que llama Jordi Evole a Gonzo.,Una inmigrante: &quot;El examen para conseguir la nacionalidad española es una chorrada&quot;,laSexta,2016-03-07 21:51:24+00:00,2016,inmigracion
B7rZQku2gAY,@maruanboukhriss381,2020-08-04 11:36:42+00:00,11,"Yo soy marroquí por padre marroquí, la pedí hace 4 años por llevar más de 15 años viviendo en España, y he sacado matrícula de honor en la carrera de ingeniería y señores llevo más de 4 años esperando la nacionalidad y la necesito para irme a trabajar a Google pero conozco a un amigo que se la sacó y es un chiste yo vi el temario.",Una inmigrante: &quot;El examen para conseguir la nacionalidad española es una chorrada&quot;,laSexta,2016-03-07 21:51:24+00:00,2016,inmigracion
B7rZQku2gAY,@98Delgado98,2020-07-24 13:59:41+00:00,1,JORDI ÉBOLA JAJAJAJAJA comentario superinfravalorado,Una inmigrante: &quot;El examen para conseguir la nacionalidad española es una chorrada&quot;,laSexta,2016-03-07 21:51:24+00:00,2016,inmigracion
B7rZQku2gAY,@josemanuelmayagonzalez4424,2020-09-23 18:21:27+00:00,5,Que con 17 años residiendo en el país tenga que hacer un examen para conseguir la nacionalidad..... Madre mía.... 😩,Una inmigrante: &quot;El examen para conseguir la nacionalidad española es una chorrada&quot;,laSexta,2016-03-07 21:51:24+00:00,2016,inmigracion
B7rZQku2gAY,@Cacauvaz1979,2018-03-20 12:31:32+00:00,118,"A mi no me regalaron nada , vivo en españa a 11 años , cotizó a 8 años , trabajó , estudio , jamas cobre el paro , jamas cobre nada de ayuda , pague 214€ en los dos exámenes , mas la tasa . 
Creo yo que me lo merezco , porque me encanta españa y porque contribuyo para que ella crezca. 
Sobre los exámenes el CCSE es fácil , el DELE ya es más difícil , son 3 horas de exámenes es exhaustivo. Pero bueno , me lo aprobé los dos y estoy muy contenta , ahora a esperar mi tan soñada y deseada nacionalidad.",Una inmigrante: &quot;El examen para conseguir la nacionalidad española es una chorrada&quot;,laSexta,2016-03-07 21:51:24+00:00,2016,inmigracion
B7rZQku2gAY,@Angel-td5xw,2019-05-05 14:10:45+00:00,4,Pues al final sí que se ha convertido en Jordi Évole,Una inmigrante: &quot;El examen para conseguir la nacionalidad española es una chorrada&quot;,laSexta,2016-03-07 21:51:24+00:00,2016,inmigracion
B7rZQku2gAY,@soloesloquecreo,2017-09-06 16:00:41+00:00,3,"Jordi ""Ébola"", ja,jaja!!!😁",Una inmigrante: &quot;El examen para conseguir la nacionalidad española es una chorrada&quot;,laSexta,2016-03-07 21:51:24+00:00,2016,inmigracion
B7rZQku2gAY,@arfanchaudhry8557,2018-09-26 23:18:35+00:00,18,Hay preguntas que no saben ni los españoles jajajajajajajaja,Una inmigrante: &quot;El examen para conseguir la nacionalidad española es una chorrada&quot;,laSexta,2016-03-07 21:51:24+00:00,2016,inmigracion
B7rZQku2gAY,@thebasiclife4319,2019-08-11 10:42:30+00:00,0,"EN EL EXAMEN SSCE , HAY MAS PREGUNTAS QUEE HACEN EN ORAL?",Una inmigrante: &quot;El examen para conseguir la nacionalidad española es una chorrada&quot;,laSexta,2016-03-07 21:51:24+00:00,2016,inmigracion
B7rZQku2gAY,@wwxc4655,2020-04-13 17:48:18+00:00,4,0:55 más claro que el agua no puede ser.,Una inmigrante: &quot;El examen para conseguir la nacionalidad española es una chorrada&quot;,laSexta,2016-03-07 21:51:24+00:00,2016,inmigracion
B7rZQku2gAY,@ÓscarGomez-l2y,2026-03-10 01:31:52+00:00,0,Los miró llenos dé ánimo ellos dé verdad valoran España ojalá Logren su propósito,Una inmigrante: &quot;El examen para conseguir la nacionalidad española es una chorrada&quot;,laSexta,2016-03-07 21:51:24+00:00,2016,inmigracion
B7rZQku2gAY,@iuliancretu5081,2017-06-12 19:01:23+00:00,7,Jordi Evola. me parto,Una inmigrante: &quot;El examen para conseguir la nacionalidad española es una chorrada&quot;,laSexta,2016-03-07 21:51:24+00:00,2016,inmigracion
B7rZQku2gAY,@pedrofernandez5115,2019-04-20 11:32:43+00:00,2,Qué majo el de Mali!!!,Una inmigrante: &quot;El examen para conseguir la nacionalidad española es una chorrada&quot;,laSexta,2016-03-07 21:51:24+00:00,2016,inmigracion
B7rZQku2gAY,@migueljesus2718,2020-08-16 21:54:24+00:00,5,"Reportero : Eres más español que yo. 
La chica :  Es que solo me falta el DNI 😂😂",Una inmigrante: &quot;El examen para conseguir la nacionalidad española es una chorrada&quot;,laSexta,2016-03-07 21:51:24+00:00,2016,inmigracion
B7rZQku2gAY,@edurivera2219,2017-10-01 01:56:52+00:00,1,"""Jordi Evole"" :D",Una inmigrante: &quot;El examen para conseguir la nacionalidad española es una chorrada&quot;,laSexta,2016-03-07 21:51:24+00:00,2016,inmigracion
B7rZQku2gAY,@nathkowes5846,2020-08-16 19:12:55+00:00,10,A ver si alguien nacido en España aprobaría el test porque creo que no,Una inmigrante: &quot;El examen para conseguir la nacionalidad española es una chorrada&quot;,laSexta,2016-03-07 21:51:24+00:00,2016,inmigracion
B7rZQku2gAY,@pechene13,2020-07-24 02:54:37+00:00,0,Jordi Ébola Jajajajajajajaajajajajahajajajajajajajahajaja buenísimo,Una inmigrante: &quot;El examen para conseguir la nacionalidad española es una chorrada&quot;,laSexta,2016-03-07 21:51:24+00:00,2016,inmigracion
B7rZQku2gAY,@consuelomenendezfernandez4052,2018-08-11 05:21:38+00:00,6,"Si nos hacen un examen, no pasaríamos un 90 % qué idiotez!!!!",Una inmigrante: &quot;El examen para conseguir la nacionalidad española es una chorrada&quot;,laSexta,2016-03-07 21:51:24+00:00,2016,inmigracion
B7rZQku2gAY,@joelg.alcaraz4870,2020-08-20 18:10:56+00:00,0,"Hablan mejor español que yo, illo",Una inmigrante: &quot;El examen para conseguir la nacionalidad española es una chorrada&quot;,laSexta,2016-03-07 21:51:24+00:00,2016,inmigracion
B7rZQku2gAY,@serecomoelavefenix8583,2019-04-26 13:48:16+00:00,13,Yo pasé el examen sin problema es muy fácilito 😄🤗,Una inmigrante: &quot;El examen para conseguir la nacionalidad española es una chorrada&quot;,laSexta,2016-03-07 21:51:24+00:00,2016,inmigracion
B7rZQku2gAY,@rbkab2933,2019-05-04 18:04:28+00:00,30,"1:29 tal cual, hacer un examen es una gilipollez, porque seguramente lo hago yo (que soy española) y lo suspendo",Una inmigrante: &quot;El examen para conseguir la nacionalidad española es una chorrada&quot;,laSexta,2016-03-07 21:51:24+00:00,2016,inmigracion
B7rZQku2gAY,@MaryAllave,2019-04-30 07:40:42+00:00,0,Examen?????,Una inmigrante: &quot;El examen para conseguir la nacionalidad española es una chorrada&quot;,laSexta,2016-03-07 21:51:24+00:00,2016,inmigracion
B7rZQku2gAY,@GerardoHyuga,2016-07-08 02:01:04+00:00,150,"creo que deberían mostrar más respeto hacia el ""examen de nacionalidad"" no se como funcione, ya que soy mexicano, pero si vas a recibir los mismos derechos que los ciudadanos de un país que te está aceptando, al menos deberías valorarlo un poco.saludos",Una inmigrante: &quot;El examen para conseguir la nacionalidad española es una chorrada&quot;,laSexta,2016-03-07 21:51:24+00:00,2016,inmigracion
B7rZQku2gAY,@GenisReina,2020-07-15 05:10:35+00:00,1,Igual q el examen australiano..no me costo nada! Echarle un ojo a nuestro video de australia :),Una inmigrante: &quot;El examen para conseguir la nacionalidad española es una chorrada&quot;,laSexta,2016-03-07 21:51:24+00:00,2016,inmigracion
B7rZQku2gAY,@KrlKngMrtssn,2019-04-24 17:40:44+00:00,8,En Suiza pagué 1400 euros para nacionalizarme y estos se quejan por 90 pavos que pagan 😂,Una inmigrante: &quot;El examen para conseguir la nacionalidad española es una chorrada&quot;,laSexta,2016-03-07 21:51:24+00:00,2016,inmigracion
B7rZQku2gAY,@gaby87116,2020-08-07 22:05:52+00:00,0,Esto debería de ser directo.. Si tienes tiempo de residencia,Una inmigrante: &quot;El examen para conseguir la nacionalidad española es una chorrada&quot;,laSexta,2016-03-07 21:51:24+00:00,2016,inmigracion
B7rZQku2gAY,@RifiBoy28,2019-05-03 22:48:46+00:00,3,😂😂😂😂 85€ por una mierda de examen esque por esto me gusta españa,Una inmigrante: &quot;El examen para conseguir la nacionalidad española es una chorrada&quot;,laSexta,2016-03-07 21:51:24+00:00,2016,inmigracion
B7rZQku2gAY,@LoneWestJohn,2020-07-24 08:29:07+00:00,0,Me acaba de llamar Jordi Evole y años después presentas su programa 🤣🤣,Una inmigrante: &quot;El examen para conseguir la nacionalidad española es una chorrada&quot;,laSexta,2016-03-07 21:51:24+00:00,2016,inmigracion
B7rZQku2gAY,@jihan5136,2019-04-24 21:16:22+00:00,5,Minuto 1:49 le quería dar un beso de despedida pero le rechaza 😂😂,Una inmigrante: &quot;El examen para conseguir la nacionalidad española es una chorrada&quot;,laSexta,2016-03-07 21:51:24+00:00,2016,inmigracion
B7rZQku2gAY,@MyJairo1992,2020-08-24 23:41:25+00:00,0,Alguien me puede decir quien es el entrevistador. Me caso ya mismo 💘,Una inmigrante: &quot;El examen para conseguir la nacionalidad española es una chorrada&quot;,laSexta,2016-03-07 21:51:24+00:00,2016,inmigracion
B7rZQku2gAY,@Passionfishing-f1c,2018-11-24 01:21:36+00:00,122,Joer vaya comentarios luego en los trabajos y en las calles todos parecen muy majos muy simpáticos no sabía que había tantos españoles racistas,Una inmigrante: &quot;El examen para conseguir la nacionalidad española es una chorrada&quot;,laSexta,2016-03-07 21:51:24+00:00,2016,inmigracion
B7rZQku2gAY,@AlfredoPuente8,2020-09-30 23:51:37+00:00,1,La melanoderma es más española que el resto de estudiantes juntos.,Una inmigrante: &quot;El examen para conseguir la nacionalidad española es una chorrada&quot;,laSexta,2016-03-07 21:51:24+00:00,2016,inmigracion
B7rZQku2gAY,@gomezaddams3026,2016-11-13 14:45:10+00:00,10,¿Hay alguna manera de renunciar al carné de identidad?  Yo quiero ser gibraltareño!!!!!,Una inmigrante: &quot;El examen para conseguir la nacionalidad española es una chorrada&quot;,laSexta,2016-03-07 21:51:24+00:00,2016,inmigracion
B7rZQku2gAY,@antoniosauceda3700,2020-05-09 19:02:26+00:00,0,que reportero tan guapo,Una inmigrante: &quot;El examen para conseguir la nacionalidad española es una chorrada&quot;,laSexta,2016-03-07 21:51:24+00:00,2016,inmigracion
B7rZQku2gAY,@bzur3,2018-07-21 03:23:16+00:00,83,queria irme a españa a vivir pero despues de leer los comentarios me siento apenado. Se ve que la idea de primer mundo no la desarrollaron del todo,Una inmigrante: &quot;El examen para conseguir la nacionalidad española es una chorrada&quot;,laSexta,2016-03-07 21:51:24+00:00,2016,inmigracion
B7rZQku2gAY,@user-bc4mb1sl8l,2019-04-29 21:56:57+00:00,2,Donde cabe uno caben todos😂😂😂,Una inmigrante: &quot;El examen para conseguir la nacionalidad española es una chorrada&quot;,laSexta,2016-03-07 21:51:24+00:00,2016,inmigracion
B7rZQku2gAY,@Lucía_Peña_Martínez,2020-09-20 18:33:58+00:00,4,"Esto es de hace 4 años? Yo tendría 15, la chica de Guinea Ecuatorial con 17 años aquí sin nacionalidad?? Pero qué coño?!",Una inmigrante: &quot;El examen para conseguir la nacionalidad española es una chorrada&quot;,laSexta,2016-03-07 21:51:24+00:00,2016,inmigracion
B7rZQku2gAY,@sofregit77,2020-07-16 13:46:17+00:00,0,Llamó Jordi Évole a Gonzo? Ese tío veía el futuro!,Una inmigrante: &quot;El examen para conseguir la nacionalidad española es una chorrada&quot;,laSexta,2016-03-07 21:51:24+00:00,2016,inmigracion
B7rZQku2gAY,@chevasalones5866,2020-08-23 16:43:43+00:00,11,Cualquiera con más de 10 años de residencia deberían darle nacionalidad,Una inmigrante: &quot;El examen para conseguir la nacionalidad española es una chorrada&quot;,laSexta,2016-03-07 21:51:24+00:00,2016,inmigracion
B7rZQku2gAY,@yo.mismo_3_875,2018-04-24 10:46:31+00:00,1,"En mi caso no pasa nada, llevo más de 10 años en España",Una inmigrante: &quot;El examen para conseguir la nacionalidad española es una chorrada&quot;,laSexta,2016-03-07 21:51:24+00:00,2016,inmigracion
B7rZQku2gAY,@maxguevara5054,2018-04-13 20:57:18+00:00,3,Eso es cierto. Yo soy española y no tengo idea d las preguntas q le hacen ahi. No tienen q ver cn la nacionalidad.,Una inmigrante: &quot;El examen para conseguir la nacionalidad española es una chorrada&quot;,laSexta,2016-03-07 21:51:24+00:00,2016,inmigracion
B7rZQku2gAY,@WexTopi,2020-07-18 11:05:35+00:00,1,"Pagar por residir aquí... Me sorprende bastante, la verdad xd",Una inmigrante: &quot;El examen para conseguir la nacionalidad española es una chorrada&quot;,laSexta,2016-03-07 21:51:24+00:00,2016,inmigracion
B7rZQku2gAY,@SaLah-bc9oe,2018-08-17 00:33:12+00:00,21,Yo soy de Mauritania      Viva España y viva Mauritania 💃💕 viva Sevilla capital,Una inmigrante: &quot;El examen para conseguir la nacionalidad española es una chorrada&quot;,laSexta,2016-03-07 21:51:24+00:00,2016,inmigracion
B7rZQku2gAY,@helloworld7818,2020-07-18 20:52:58+00:00,1,El chico este se parece a Liam Hemswort,Una inmigrante: &quot;El examen para conseguir la nacionalidad española es una chorrada&quot;,laSexta,2016-03-07 21:51:24+00:00,2016,inmigracion
B7rZQku2gAY,@spartatv4581,2017-09-25 03:44:13+00:00,10,"me he enamorado, alguien sabe quien es esa guineana (L)",Una inmigrante: &quot;El examen para conseguir la nacionalidad española es una chorrada&quot;,laSexta,2016-03-07 21:51:24+00:00,2016,inmigracion
B7rZQku2gAY,@pedr0roman673,2020-08-25 06:54:44+00:00,0,Solo digo que Gonzo ahora si es Jordi Evole JAJAJJAJA,Una inmigrante: &quot;El examen para conseguir la nacionalidad española es una chorrada&quot;,laSexta,2016-03-07 21:51:24+00:00,2016,inmigracion
B7rZQku2gAY,@ramsi1414,2022-08-11 06:42:05+00:00,3,"Esos parecen buenos inmigrantes, una pena la chusma que se cuela",Una inmigrante: &quot;El examen para conseguir la nacionalidad española es una chorrada&quot;,laSexta,2016-03-07 21:51:24+00:00,2016,inmigracion
B7rZQku2gAY,@elpeluquerooficial97,2016-09-20 21:41:31+00:00,0,son 25 preguntas tienes sacar 15 aprobas,Una inmigrante: &quot;El examen para conseguir la nacionalidad española es una chorrada&quot;,laSexta,2016-03-07 21:51:24+00:00,2016,inmigracion
B7rZQku2gAY,@ivanchudyk6129,2019-04-28 17:13:04+00:00,11,1:47 Bien dicho!!,Una inmigrante: &quot;El examen para conseguir la nacionalidad española es una chorrada&quot;,laSexta,2016-03-07 21:51:24+00:00,2016,inmigracion
B7rZQku2gAY,@GabrielMarson-n2w,2023-12-28 14:10:08+00:00,0,Y deade cuando hacen examen para la nacionalidad? Antes no era asi,Una inmigrante: &quot;El examen para conseguir la nacionalidad española es una chorrada&quot;,laSexta,2016-03-07 21:51:24+00:00,2016,inmigracion
B7rZQku2gAY,@disidenciainfo4142,2016-04-25 21:02:06+00:00,57,Qué casualidad que pregunten a inmigrantes tan inteligentes y que hablan tan bien. Los de mi barrio no son así....,Una inmigrante: &quot;El examen para conseguir la nacionalidad española es una chorrada&quot;,laSexta,2016-03-07 21:51:24+00:00,2016,inmigracion
B7rZQku2gAY,@origenak5495,2017-07-22 23:30:48+00:00,0,¿Quién no tiene carnet de conducir?  De bicicletas obvio :D,Una inmigrante: &quot;El examen para conseguir la nacionalidad española es una chorrada&quot;,laSexta,2016-03-07 21:51:24+00:00,2016,inmigracion
B7rZQku2gAY,@adriandonadrian8996,2018-05-28 15:59:04+00:00,4,Yo creo que pasando farlopa me dan la nacionalidad española seguro.,Una inmigrante: &quot;El examen para conseguir la nacionalidad española es una chorrada&quot;,laSexta,2016-03-07 21:51:24+00:00,2016,inmigracion
B7rZQku2gAY,@estebanjgarciarios7170,2019-04-30 08:36:08+00:00,1,Si mi abuelo es Vasco puedo pedir la nacionalidad Española?,Una inmigrante: &quot;El examen para conseguir la nacionalidad española es una chorrada&quot;,laSexta,2016-03-07 21:51:24+00:00,2016,inmigracion
B7rZQku2gAY,@lucianoalonso8794,2019-04-29 06:36:05+00:00,3,La patria es el mundo entero,Una inmigrante: &quot;El examen para conseguir la nacionalidad española es una chorrada&quot;,laSexta,2016-03-07 21:51:24+00:00,2016,inmigracion
B7rZQku2gAY,@itzzmartiix2394,2020-07-17 00:45:04+00:00,0,Mi primer exámen de la eso es mas difícil que ese seguro,Una inmigrante: &quot;El examen para conseguir la nacionalidad española es una chorrada&quot;,laSexta,2016-03-07 21:51:24+00:00,2016,inmigracion
B7rZQku2gAY,@saavedragraul1,2017-07-12 15:31:04+00:00,16,"Es tan chorrada el examen como dice esta chica, que hay personas de habla hispana que tienen mas de 10 años y encima suspenden, para que vean que hay gente que no se integra.",Una inmigrante: &quot;El examen para conseguir la nacionalidad española es una chorrada&quot;,laSexta,2016-03-07 21:51:24+00:00,2016,inmigracion
B7rZQku2gAY,@marc8_,2019-04-18 15:31:11+00:00,1,Jordi ebola??😂😂 ese hombre JAJA,Una inmigrante: &quot;El examen para conseguir la nacionalidad española es una chorrada&quot;,laSexta,2016-03-07 21:51:24+00:00,2016,inmigracion
B7rZQku2gAY,@Pedro-jj2vp,2019-04-30 21:31:12+00:00,5,Me parece vergonzoso que se haga esta mierda de examen,Una inmigrante: &quot;El examen para conseguir la nacionalidad española es una chorrada&quot;,laSexta,2016-03-07 21:51:24+00:00,2016,inmigracion
B7rZQku2gAY,@ratoncitoperez6994,2018-11-04 10:37:36+00:00,0,estamos hablando de continentes,Una inmigrante: &quot;El examen para conseguir la nacionalidad española es una chorrada&quot;,laSexta,2016-03-07 21:51:24+00:00,2016,inmigracion
B7rZQku2gAY,@DonPelayo3921,2022-06-24 16:41:13+00:00,4,Futuros votantes de PSOE Podemos...,Una inmigrante: &quot;El examen para conseguir la nacionalidad española es una chorrada&quot;,laSexta,2016-03-07 21:51:24+00:00,2016,inmigracion
B7rZQku2gAY,@CarlosSanchez-oe3px,2025-02-06 13:16:47+00:00,2,Si al derecho de sangre!,Una inmigrante: &quot;El examen para conseguir la nacionalidad española es una chorrada&quot;,laSexta,2016-03-07 21:51:24+00:00,2016,inmigracion
B7rZQku2gAY,@武龙-b1c,2016-06-07 22:49:47+00:00,54,"No entiendo como la nacionalidad es algo que casi se regala y encima se sienten estafados. Como mucho tendrían que dar solo permisos de residencia y si no encuentran trabajo, pues no se les renueva y se les acabó el chollo. 
Tendrían que ser exámenes de dificultad extrema, aunque también se quejarían. La cuestión es tocar los huevos. 
Después reagrupación familiar y encima añadir de 5 a 8 hijos que tienen cada uno de ellos, 
Para que el país prospere, tengamos más trabajos y más derechos, necesitamos más inmigración. 
Claro que sí amigos solidarios, Bravo !",Una inmigrante: &quot;El examen para conseguir la nacionalidad española es una chorrada&quot;,laSexta,2016-03-07 21:51:24+00:00,2016,inmigracion
B7rZQku2gAY,@lulurossiso,2020-08-04 07:31:33+00:00,2,Ohhh hace unos días hice el examen y en menos de 5’ lo acabé! Muy fácil!!,Una inmigrante: &quot;El examen para conseguir la nacionalidad española es una chorrada&quot;,laSexta,2016-03-07 21:51:24+00:00,2016,inmigracion
B7rZQku2gAY,@amoreamore2120,2019-05-04 09:25:35+00:00,3,*En Guinea Ecuatorial se habla español como en América Latina.*,Una inmigrante: &quot;El examen para conseguir la nacionalidad española es una chorrada&quot;,laSexta,2016-03-07 21:51:24+00:00,2016,inmigracion
B7rZQku2gAY,@rociovaldiviesoaguado5477,2020-08-14 21:37:20+00:00,0,La de Guinea Ecuatorial es más española que yo,Una inmigrante: &quot;El examen para conseguir la nacionalidad española es una chorrada&quot;,laSexta,2016-03-07 21:51:24+00:00,2016,inmigracion
B7rZQku2gAY,@pacopaquito3694,2019-04-18 12:20:32+00:00,5,"Lo que no es normal es que después de toda estas mierdas de exámenes mucha gente lleva más de 4 años para que te nacionalicen , hasta los cojones de la burocracia",Una inmigrante: &quot;El examen para conseguir la nacionalidad española es una chorrada&quot;,laSexta,2016-03-07 21:51:24+00:00,2016,inmigracion
B7rZQku2gAY,@5en1,2020-07-19 21:50:59+00:00,0,Las preguntas no se aciertan. Se saben o no.,Una inmigrante: &quot;El examen para conseguir la nacionalidad española es una chorrada&quot;,laSexta,2016-03-07 21:51:24+00:00,2016,inmigracion
B7rZQku2gAY,@MrHades2325,2018-02-10 15:43:25+00:00,26,"En 2050 la población de Africa se duplica. Nigeria, por ejemplo, tiene 200 millones de habitantes, más de cuatro veces la población española. Las mujeres tienen de media más de cinco hijos, y eso es la media. Por cada mujer que no tiene hijos, hay una que tiene 10. Debemos proteger nuestras fronteras ante esta bomba demográfica. Cero inmigración ilegal. No subvenciones a las ONGs.",Una inmigrante: &quot;El examen para conseguir la nacionalidad española es una chorrada&quot;,laSexta,2016-03-07 21:51:24+00:00,2016,inmigracion
B7rZQku2gAY,@jhonnyjhonson3232,2019-05-01 19:58:03+00:00,0,Si me vuelvo no pasa nada porque es mi país...pero aquí estoy pagando 85euros para hacer un examen,Una inmigrante: &quot;El examen para conseguir la nacionalidad española es una chorrada&quot;,laSexta,2016-03-07 21:51:24+00:00,2016,inmigracion
B7rZQku2gAY,@aderfigueroa,2018-03-16 17:00:15+00:00,5,Dijo Jordi Ebola?,Una inmigrante: &quot;El examen para conseguir la nacionalidad española es una chorrada&quot;,laSexta,2016-03-07 21:51:24+00:00,2016,inmigracion
B7rZQku2gAY,@GEGA94,2020-07-09 18:35:49+00:00,0,"En Guinea Ecuatorial hablan español, solo cambió el acento y algunas palabras",Una inmigrante: &quot;El examen para conseguir la nacionalidad española es una chorrada&quot;,laSexta,2016-03-07 21:51:24+00:00,2016,inmigracion
B7rZQku2gAY,@marcolavezzi3428,2020-07-19 13:59:04+00:00,9,Me parece estupido que latinos y españoles se desprecien si ambos comparte istoria y sobre todo una lengua,Una inmigrante: &quot;El examen para conseguir la nacionalidad española es una chorrada&quot;,laSexta,2016-03-07 21:51:24+00:00,2016,inmigracion
B7rZQku2gAY,@hhrag9365,2019-03-25 14:11:30+00:00,2,No entiendo que te pregunten por Montserrat.,Una inmigrante: &quot;El examen para conseguir la nacionalidad española es una chorrada&quot;,laSexta,2016-03-07 21:51:24+00:00,2016,inmigracion
B7rZQku2gAY,@bocadillodealbondigas1756,2016-10-01 03:43:54+00:00,89,"""yo solo quiero la nacionalidad por qué te abre más puertas"" he aquí el ejemplo de cómo escupen a la nacionalidad española... debería haber diferenciación entre ciudadanía española y nacionalidad española, me parece genial que vengan extranjeros y que con el tiempo tengan los mismos derechos que nosotros, pero no te hagas llamar español solo para abrirte puertas, te las abrimos igual y cada uno con su identidad.",Una inmigrante: &quot;El examen para conseguir la nacionalidad española es una chorrada&quot;,laSexta,2016-03-07 21:51:24+00:00,2016,inmigracion
B7rZQku2gAY,@nassimnassim7145,2019-07-06 20:12:44+00:00,0,pathetico todo esto examenes no sé que para llenar los bolsillos,Una inmigrante: &quot;El examen para conseguir la nacionalidad española es una chorrada&quot;,laSexta,2016-03-07 21:51:24+00:00,2016,inmigracion
B7rZQku2gAY,@denisemendoza507,2016-07-18 02:04:28+00:00,41,madre mia todavia no entiendo cuanto racismo se puede ver en ciertos comentarios...,Una inmigrante: &quot;El examen para conseguir la nacionalidad española es una chorrada&quot;,laSexta,2016-03-07 21:51:24+00:00,2016,inmigracion
B7rZQku2gAY,@fr4n773,2020-08-24 08:48:56+00:00,0,"""lo hacen para sacarte 85 euros"" 
Aprobado directo a esa chica solo por ese comentario 😂",Una inmigrante: &quot;El examen para conseguir la nacionalidad española es una chorrada&quot;,laSexta,2016-03-07 21:51:24+00:00,2016,inmigracion
B7rZQku2gAY,@S_wicked,2021-03-19 19:44:30+00:00,10,"En EU: ¿A pertenecido usted a alguna organización terrorista?
¿Estaría dispuesto a defender a su país en situaciones de alerta nacional?
En España: ¿Sabe usted quienes son Monserrat Caballé y Rafael?
¿Qué alimentos no están permitidos en una paella?",Una inmigrante: &quot;El examen para conseguir la nacionalidad española es una chorrada&quot;,laSexta,2016-03-07 21:51:24+00:00,2016,inmigracion
B7rZQku2gAY,@mariallopis8014,2020-07-21 00:12:45+00:00,0,Pasa en todos Los paises. Incluso es más Caro y no hablemos de Las academias y titulos que hay que pagar Ara sacarte El IELTS de inglés.,Una inmigrante: &quot;El examen para conseguir la nacionalidad española es una chorrada&quot;,laSexta,2016-03-07 21:51:24+00:00,2016,inmigracion
B7rZQku2gAY,@sofia1578,2020-08-17 04:13:58+00:00,3,Fan de la de Guinea Ecuatorial 😂,Una inmigrante: &quot;El examen para conseguir la nacionalidad española es una chorrada&quot;,laSexta,2016-03-07 21:51:24+00:00,2016,inmigracion
B7rZQku2gAY,@ismaelgallegocasanueva5662,2020-07-18 15:21:36+00:00,0,Torrente es el que corrige los exámenes,Una inmigrante: &quot;El examen para conseguir la nacionalidad española es una chorrada&quot;,laSexta,2016-03-07 21:51:24+00:00,2016,inmigracion
B7rZQku2gAY,@j.manuel6142,2018-08-19 20:14:38+00:00,35,"Qué feo que esto este lleno de comentarios racistas  😢 !!! muchos aquí necesitan clases de leyes para que realmente tengan una idea de lo que están  hablan. CÓMO ES POSIBLE QUE SE AGREDAN ENTRE HISPANOS, ESTAN MAL  !!!  😱😱😱😱",Una inmigrante: &quot;El examen para conseguir la nacionalidad española es una chorrada&quot;,laSexta,2016-03-07 21:51:24+00:00,2016,inmigracion
B7rZQku2gAY,@Rarvens,2021-07-11 23:34:46+00:00,0,"Me gustaría hacer esse examen, haver si me llaman para el pasapalabras.",Una inmigrante: &quot;El examen para conseguir la nacionalidad española es una chorrada&quot;,laSexta,2016-03-07 21:51:24+00:00,2016,inmigracion
B7rZQku2gAY,@davidruiz3173,2019-05-01 01:15:57+00:00,6,"Me revienta este pais pequeños detalles como :
1 pagar por casarte 
2 pagar por hacer comunion
3. Pagar por obtener titulos Secundaria y universitsrios una vez los logras 
4 pagar por conseguir la nacionslidad  
5 pagar por respirar (proximamente) y no es coña",Una inmigrante: &quot;El examen para conseguir la nacionalidad española es una chorrada&quot;,laSexta,2016-03-07 21:51:24+00:00,2016,inmigracion
B7rZQku2gAY,@jorgediazhernandez4317,2019-04-29 19:50:02+00:00,0,Hablan mejor. Español que yo 😂😂,Una inmigrante: &quot;El examen para conseguir la nacionalidad española es una chorrada&quot;,laSexta,2016-03-07 21:51:24+00:00,2016,inmigracion
B7rZQku2gAY,@alejandrogonzalez6395,2020-07-18 04:39:23+00:00,4,¿Por qué todos hablan mejor que los murcianos?,Una inmigrante: &quot;El examen para conseguir la nacionalidad española es una chorrada&quot;,laSexta,2016-03-07 21:51:24+00:00,2016,inmigracion
B7rZQku2gAY,@enzosanchez5956,2020-09-26 04:13:49+00:00,0,"Una de las preguntas debe ser: *Quíen le tapó el mano a mano a Robben en el mundial Sudafrica 2010(?* 😂👏🏻



Patrimonio nacional debe ser..! Saludos desde Argentina xD",Una inmigrante: &quot;El examen para conseguir la nacionalidad española es una chorrada&quot;,laSexta,2016-03-07 21:51:24+00:00,2016,inmigracion
B7rZQku2gAY,@SMG0000,2019-04-27 11:27:09+00:00,7,Periodista que denota una actitud prejuiciosa.,Una inmigrante: &quot;El examen para conseguir la nacionalidad española es una chorrada&quot;,laSexta,2016-03-07 21:51:24+00:00,2016,inmigracion
B7rZQku2gAY,@Marcos-ri2pq,2019-05-02 14:10:17+00:00,1,Pero porque tienes que saber quién es Montserrat caballé para ser español?,Una inmigrante: &quot;El examen para conseguir la nacionalidad española es una chorrada&quot;,laSexta,2016-03-07 21:51:24+00:00,2016,inmigracion
B7rZQku2gAY,@mrfasepdk,2017-02-05 12:53:03+00:00,57,"Que puta vergüenza,como regalan la nacionalidad no me lo puedo creer...",Una inmigrante: &quot;El examen para conseguir la nacionalidad española es una chorrada&quot;,laSexta,2016-03-07 21:51:24+00:00,2016,inmigracion
B7rZQku2gAY,@malifeli,2019-04-24 19:33:30+00:00,1,Preguntas tan chimbas jajajaja,Una inmigrante: &quot;El examen para conseguir la nacionalidad española es una chorrada&quot;,laSexta,2016-03-07 21:51:24+00:00,2016,inmigracion
B7rZQku2gAY,@yayayaya13,2019-04-23 17:05:19+00:00,5,"DNI??
PARA LOS IMMIGRANTES ES NIE???? 
O ME EQUIVOCO? 🙄🙄🙄",Una inmigrante: &quot;El examen para conseguir la nacionalidad española es una chorrada&quot;,laSexta,2016-03-07 21:51:24+00:00,2016,inmigracion
B7rZQku2gAY,@eduevans.zuriel3942,2020-09-01 18:24:02+00:00,0,Alguien más le dio propina para aprobar el examen  :V,Una inmigrante: &quot;El examen para conseguir la nacionalidad española es una chorrada&quot;,laSexta,2016-03-07 21:51:24+00:00,2016,inmigracion
B7rZQku2gAY,@Jonyyy23,2020-07-13 20:00:26+00:00,4,Haber primero lo de los 85$ no es por el examen es mas que nada por los tramites porqur hay que pagar a todos esos funcionarios de mierda que hacen los papeleos y segundo la chica morena esta buenisima puede quedarse en españa😂😂😂😂,Una inmigrante: &quot;El examen para conseguir la nacionalidad española es una chorrada&quot;,laSexta,2016-03-07 21:51:24+00:00,2016,inmigracion
B7rZQku2gAY,@millytupacgarrix6870,2020-09-07 21:00:19+00:00,1,Solo entro a este video por la chica de Guinea Ecuatorial jajaj y voy contando como 30 veces y las 30 me rio,Una inmigrante: &quot;El examen para conseguir la nacionalidad española es una chorrada&quot;,laSexta,2016-03-07 21:51:24+00:00,2016,inmigracion
B7rZQku2gAY,@otomanoyut9791,2017-06-30 17:47:01+00:00,6,Adbdisadam no debería tener la nacionalidad,Una inmigrante: &quot;El examen para conseguir la nacionalidad española es una chorrada&quot;,laSexta,2016-03-07 21:51:24+00:00,2016,inmigracion
B7rZQku2gAY,@casos343,2020-09-02 06:38:30+00:00,0,"Y con el tiempo acabo haciendo el programa de Jordi Évole, el maliense tenía buen olfato",Una inmigrante: &quot;El examen para conseguir la nacionalidad española es una chorrada&quot;,laSexta,2016-03-07 21:51:24+00:00,2016,inmigracion
B7rZQku2gAY,@PepeLopez-kq7sl,2017-07-18 11:45:08+00:00,7,"Vamos, que se regala.",Una inmigrante: &quot;El examen para conseguir la nacionalidad española es una chorrada&quot;,laSexta,2016-03-07 21:51:24+00:00,2016,inmigracion
B7rZQku2gAY,@UndressedRamirez,2020-07-18 17:38:20+00:00,0,"""Igualmente Jordi Ebola""",Una inmigrante: &quot;El examen para conseguir la nacionalidad española es una chorrada&quot;,laSexta,2016-03-07 21:51:24+00:00,2016,inmigracion
B7rZQku2gAY,@ramiddin2371,2018-09-23 23:46:12+00:00,7,Estos temas los sacan para crear polémica pero lo que acabarán creando es racismo,Una inmigrante: &quot;El examen para conseguir la nacionalidad española es una chorrada&quot;,laSexta,2016-03-07 21:51:24+00:00,2016,inmigracion
B7rZQku2gAY,@truthseeker7815,2020-07-22 08:06:22+00:00,0,Me he enamorado \:v/,Una inmigrante: &quot;El examen para conseguir la nacionalidad española es una chorrada&quot;,laSexta,2016-03-07 21:51:24+00:00,2016,inmigracion
B7rZQku2gAY,@mercedesgarcia7834,2018-06-13 15:16:33+00:00,3,Joder los vascos y catalanes Emos suspendido biennnnn,Una inmigrante: &quot;El examen para conseguir la nacionalidad española es una chorrada&quot;,laSexta,2016-03-07 21:51:24+00:00,2016,inmigracion
B7rZQku2gAY,@leonordeborbon2121,2020-07-13 20:12:31+00:00,0,"monserrat salia en esos anuncios de la tele y la opera tiene su parte teatral, asi que Monserat Caballe es actriz ademas de cantante.",Una inmigrante: &quot;El examen para conseguir la nacionalidad española es una chorrada&quot;,laSexta,2016-03-07 21:51:24+00:00,2016,inmigracion
B7rZQku2gAY,@anade76,2017-11-24 11:48:38+00:00,5,"Pues por lo que cuenta aquí un funcionario del INEM, las ayudas que perciben a golpe de no dar un palo al agua no son ninguna chorrada: https://www.change.org/p/no-m%C3%A1s-subsidios-a-extranjeros-extracomunitarios",Una inmigrante: &quot;El examen para conseguir la nacionalidad española es una chorrada&quot;,laSexta,2016-03-07 21:51:24+00:00,2016,inmigracion
B7rZQku2gAY,@noureddineelfarssani9384,2020-09-19 02:24:34+00:00,0,Deles a2 que muy difícil.,Una inmigrante: &quot;El examen para conseguir la nacionalidad española es una chorrada&quot;,laSexta,2016-03-07 21:51:24+00:00,2016,inmigracion
B7rZQku2gAY,@krozmoddj.6588,2017-08-12 18:38:44+00:00,29,"Wow, quedé impresionado con los comentarios, nunca creí que los Españoles pensaran de esa forma (Obvio he de suponer que no todos son así) pero vaya, si que son bastantes los comentarios encontrá de los inmigrantes, quedé asqueado.",Una inmigrante: &quot;El examen para conseguir la nacionalidad española es una chorrada&quot;,laSexta,2016-03-07 21:51:24+00:00,2016,inmigracion
B7rZQku2gAY,@Carlos-kt1kv,2020-09-23 13:27:50+00:00,0,No les han preguntado por torrente,Una inmigrante: &quot;El examen para conseguir la nacionalidad española es una chorrada&quot;,laSexta,2016-03-07 21:51:24+00:00,2016,inmigracion
B7rZQku2gAY,@rodrilopez6890,2018-03-23 02:08:24+00:00,7,"""Yo sólo quiero la nacionalidad porque te abre muchas más puertas"" no hay más preguntas señoría. Buen modelo insostenible tenemos",Una inmigrante: &quot;El examen para conseguir la nacionalidad española es una chorrada&quot;,laSexta,2016-03-07 21:51:24+00:00,2016,inmigracion
B7rZQku2gAY,@joshuaramirezcarrero3175,2020-09-30 14:08:26+00:00,1,Me enamore de la chica de Guinea Ecuatorial😍,Una inmigrante: &quot;El examen para conseguir la nacionalidad española es una chorrada&quot;,laSexta,2016-03-07 21:51:24+00:00,2016,inmigracion
B7rZQku2gAY,@andromeda19591,2017-09-09 16:05:09+00:00,8,"es vergonzoso que una gran parte de personas que quieren la nacionalidad le faltan el respeto a nuestro pais, sus simbolos, sus leyes  y por lo tanto a los españoles. En cualquier otro país del mundo eso seria suficiente para su expulsión. En españa somos estúpidos por consentir esto.",Una inmigrante: &quot;El examen para conseguir la nacionalidad española es una chorrada&quot;,laSexta,2016-03-07 21:51:24+00:00,2016,inmigracion
B7rZQku2gAY,@gtmaster86,2016-09-18 17:18:03+00:00,1,"Haber es facilito si estudias,  pq preguntan de todo q una persona q de afuera no sabe",Una inmigrante: &quot;El examen para conseguir la nacionalidad española es una chorrada&quot;,laSexta,2016-03-07 21:51:24+00:00,2016,inmigracion
B7rZQku2gAY,@7sses,2018-06-17 11:40:40+00:00,6,Que buenos son los de la sexta!!!! Si fuera por ellos desaparecerian las fronteras. Bienvenidos TODO EL MUNDO. da igual que fueras lo que fueras. Entrad sin control ninguno,Una inmigrante: &quot;El examen para conseguir la nacionalidad española es una chorrada&quot;,laSexta,2016-03-07 21:51:24+00:00,2016,inmigracion
B7rZQku2gAY,@elcrice,2020-07-18 12:27:48+00:00,0,"Tengo una duda, solo por curiosidad. ¿Se supone que a los latinoamericanos este proceso de adquisición de la nacionalidad les es más simplificado?",Una inmigrante: &quot;El examen para conseguir la nacionalidad española es una chorrada&quot;,laSexta,2016-03-07 21:51:24+00:00,2016,inmigracion
B7rZQku2gAY,@alejandrodiaz4546,2017-05-31 18:10:55+00:00,9,"Nacionalidad como churritos señoras y señores, bonitos baratos, vengan vengan y llévense cada uno de ustedes una!",Una inmigrante: &quot;El examen para conseguir la nacionalidad española es una chorrada&quot;,laSexta,2016-03-07 21:51:24+00:00,2016,inmigracion
B7rZQku2gAY,@Selenaxd-cs1tm,2020-12-30 10:34:55+00:00,2,Que razón tienes la muchacha de Guinea al estos solo le interesa los 85€,Una inmigrante: &quot;El examen para conseguir la nacionalidad española es una chorrada&quot;,laSexta,2016-03-07 21:51:24+00:00,2016,inmigracion
B7rZQku2gAY,@angelmendez6638,2020-10-31 17:59:54+00:00,4,"A los de Guinea Ecuatorial se les debiera conceder la nacionalidad española sólo por razones históricas, aunque yo creo que de nada sirve la nacionalidad, más bien al revés.",Una inmigrante: &quot;El examen para conseguir la nacionalidad española es una chorrada&quot;,laSexta,2016-03-07 21:51:24+00:00,2016,inmigracion
B7rZQku2gAY,@jojulima,2020-10-03 06:02:11+00:00,2,actriz o cantante ?  pues mejor pregunta sería crees tú q Messi seguirá el proximo año en el Barza ?   O  cree usted q la próxima liga de campeones la podrá ganar el Madrid ?,Una inmigrante: &quot;El examen para conseguir la nacionalidad española es una chorrada&quot;,laSexta,2016-03-07 21:51:24+00:00,2016,inmigracion
B7rZQku2gAY,@arturog.5867,2017-01-12 18:18:13+00:00,5,"La negra ésa tiene casi la misma voz que la portavoz del HSM, oye.",Una inmigrante: &quot;El examen para conseguir la nacionalidad española es una chorrada&quot;,laSexta,2016-03-07 21:51:24+00:00,2016,inmigracion
B7rZQku2gAY,@rafatorr407,2020-07-21 01:47:32+00:00,1,Jordi Ebola xD,Una inmigrante: &quot;El examen para conseguir la nacionalidad española es una chorrada&quot;,laSexta,2016-03-07 21:51:24+00:00,2016,inmigracion
B7rZQku2gAY,@teresacerdeira7013,2018-02-24 08:09:07+00:00,34,Yo a esta mujer marroqui le diria quieres tener los mismos derechos que una española....pues quitate el pañuelo aqui no lo usamos,Una inmigrante: &quot;El examen para conseguir la nacionalidad española es una chorrada&quot;,laSexta,2016-03-07 21:51:24+00:00,2016,inmigracion
B7rZQku2gAY,@mohamedkbvlogs5105,2021-01-13 16:21:46+00:00,0,Hola amigos,Una inmigrante: &quot;El examen para conseguir la nacionalidad española es una chorrada&quot;,laSexta,2016-03-07 21:51:24+00:00,2016,inmigracion
B7rZQku2gAY,@glomibabel1894,2017-09-23 22:48:13+00:00,3,no se quien es monserrat y soy español,Una inmigrante: &quot;El examen para conseguir la nacionalidad española es una chorrada&quot;,laSexta,2016-03-07 21:51:24+00:00,2016,inmigracion
B7rZQku2gAY,@Españolitoporyoutube,2020-07-12 18:56:34+00:00,0,Uui la de guinea🤩😍,Una inmigrante: &quot;El examen para conseguir la nacionalidad española es una chorrada&quot;,laSexta,2016-03-07 21:51:24+00:00,2016,inmigracion
B7rZQku2gAY,@joseh.4059,2018-03-14 19:40:48+00:00,3,"Es injusto igualar en derechos al que viene de fuera con respecto al español. Es muy simple, el español a cotizado toda su vida y antes que el cotizo su padre y antes su abuelo. Y esto nunca lo podra decir el migrante. La nación española la hemos construido los españoles para los españoles, y no para el que venga de fuera. Es lo mismo que si un alcalde de una población exige que cojas a tus hijos y los obligues a compartir todo con unos hijos de un desconocido, los metas en tu casa, les des de comer, les pagues la escuela, la comida, la ropa, todo, eso seria injusto, porque tu economía no alcanza para algo así, y lógicamente primero son tus hijos antes que los hijos de un desconocido. De la misma manera esta llegada masiva e injusta de migrantes a los que cada vez se les subvenciona mas y mas es totalmente injusto y discriminatorio para el español. En la medida en que se les den derechos y ventajas a los migrantes se los están quitando a muchos españoles en situación de precariedad. Ya no se puede acallar la realidad de que muchísimas ONGs prefieren por sistema ayudar al migrante que al español, y todavía se tiene el cinismo de llamarlo discriminación positiva. esto es aberrante y suicida para nuestro pais. Asi encima se produce el efecto llamada creando una ilusión en el Tercer Mundo de que esto es Jauja, pues nada mas saltar la frontera ya tienes medico y sanidad gratuita, eso si a costa de los impuestos del trabajador español, y asi mas y mas como la paguita, subvención viviendas, etc, creando una verdadera plaga de parásitos caraduras que vienen ya crecidos creyendo que tienen derecho a todo y olvidando que NO tienen tales derechos por el hecho de que se les deje entrar por caridad y encima se atreven a protestar. Esto es un suicidio y una autentica imbecilidad impuesta desde el exterior por personajes malnacidos como el viejo George Soros que solo busca destruir Europa y sus señas de identidad . Y el colmo es que se prefieran supuestos refugiados musulmanes antes que cristianos. La gente ya esta harta de tanto inmigrante que ademas defraudan los que mas, y constituyen el problema numero uno de España y Europa. NO A LA INMIGRACION, cierre de fronteras, y ordenamiento de todos los que ya han entrado expulsando a una buena parte de ellos que son ilegales, deportación inmediata de todo el que cometa un delito aunque sea menor. Tolerancia cero con los migrantes musulmanes. ¿Porque la clase política traidora no hace un referendum sobre inmigración? pues esta claro porque la mayoría de los españoles votarían por el cierre de frontera y la deportación de una gran cantidad de los que se han colado, que solo vienen a pillar todo cuanto puedan descaradamente. NO A LA INMIGRACION. Los españoles por derecho natural somos primero, le disguste a quien le disguste....",Una inmigrante: &quot;El examen para conseguir la nacionalidad española es una chorrada&quot;,laSexta,2016-03-07 21:51:24+00:00,2016,inmigracion
B7rZQku2gAY,@fidelinatorres21,2018-01-22 19:40:03+00:00,2,"Es buenísimo!!!!! le ha dicho Jordi Evole, jajajajajaja",Una inmigrante: &quot;El examen para conseguir la nacionalidad española es una chorrada&quot;,laSexta,2016-03-07 21:51:24+00:00,2016,inmigracion
B7rZQku2gAY,@juansanudo4873,2020-09-29 10:31:50+00:00,3,"Seguro q el examen le preparo Pablo iglesias,  debe tener el nivel de historia q que quieren los zurdos para su pueblo.",Una inmigrante: &quot;El examen para conseguir la nacionalidad española es una chorrada&quot;,laSexta,2016-03-07 21:51:24+00:00,2016,inmigracion
B7rZQku2gAY,@fleuretty,2020-09-23 10:56:55+00:00,0,1:08 mood,Una inmigrante: &quot;El examen para conseguir la nacionalidad española es una chorrada&quot;,laSexta,2016-03-07 21:51:24+00:00,2016,inmigracion
B7rZQku2gAY,@rociojordano4743,2020-08-27 07:25:53+00:00,3,Es una vergüenza que hagan un examen a personas que llevan casi toda su vida aquí para dar la nacionalidad. Debería ser como en Ecuador 👌,Una inmigrante: &quot;El examen para conseguir la nacionalidad española es una chorrada&quot;,laSexta,2016-03-07 21:51:24+00:00,2016,inmigracion
B7rZQku2gAY,@alvaropenafiel5796,2020-07-19 22:08:13+00:00,0,Esque es verdad si me lo preguntan a mí tpco lo sé,Una inmigrante: &quot;El examen para conseguir la nacionalidad española es una chorrada&quot;,laSexta,2016-03-07 21:51:24+00:00,2016,inmigracion
B7rZQku2gAY,@chikychiky6887,2019-02-01 17:25:33+00:00,4,85 les parece caro??? Cuando van al medico y cobran subenciones no se quejan.,Una inmigrante: &quot;El examen para conseguir la nacionalidad española es una chorrada&quot;,laSexta,2016-03-07 21:51:24+00:00,2016,inmigracion
B7rZQku2gAY,@joacoavaloo,2020-08-18 18:23:07+00:00,1,Yo quiero ir a España pero digamos que el euro en Argentina no es lo más barato xD,Una inmigrante: &quot;El examen para conseguir la nacionalidad española es una chorrada&quot;,laSexta,2016-03-07 21:51:24+00:00,2016,inmigracion
B7rZQku2gAY,@sitoinformationchannel3369,2016-03-08 00:15:03+00:00,49,#stopinmigraciónilegal,Una inmigrante: &quot;El examen para conseguir la nacionalidad española es una chorrada&quot;,laSexta,2016-03-07 21:51:24+00:00,2016,inmigracion
B7rZQku2gAY,@antoniomejia6228,2020-08-17 11:52:04+00:00,0,Lo peor es el titulo del video😂😂😂😂,Una inmigrante: &quot;El examen para conseguir la nacionalidad española es una chorrada&quot;,laSexta,2016-03-07 21:51:24+00:00,2016,inmigracion
B7rZQku2gAY,@miguelmateo7829,2017-04-04 19:32:46+00:00,4,yo no tengo problema en que les den permiso de trabajo y residencia pero para que te den la nacionalidad habria que nacer en españa,Una inmigrante: &quot;El examen para conseguir la nacionalidad española es una chorrada&quot;,laSexta,2016-03-07 21:51:24+00:00,2016,inmigracion
B7rZQku2gAY,@porritoforyou9654,2020-08-20 06:04:15+00:00,0,La segunda chica se parece mazo a Normani Kordei,Una inmigrante: &quot;El examen para conseguir la nacionalidad española es una chorrada&quot;,laSexta,2016-03-07 21:51:24+00:00,2016,inmigracion
B7rZQku2gAY,@juandavid2091,2019-05-02 02:15:22+00:00,3,"No sabía que algunos españoles eran tan racistas, realmente dan pena y lastima.",Una inmigrante: &quot;El examen para conseguir la nacionalidad española es una chorrada&quot;,laSexta,2016-03-07 21:51:24+00:00,2016,inmigracion
B7rZQku2gAY,@moha998Ezz,2020-08-25 10:16:58+00:00,0,Grande Jordi Ébola,Una inmigrante: &quot;El examen para conseguir la nacionalidad española es una chorrada&quot;,laSexta,2016-03-07 21:51:24+00:00,2016,inmigracion
B7rZQku2gAY,@matamoros1581,2016-12-07 21:05:44+00:00,33,extranjeros fuera de España yáaaaaaaaaaaaaaaaaaaaaaaaaaaaaaaaaaaaaaaaaaaaaaaaaaaaaaaaaaaaaaaaaaaaaaaaaaaaaaaaaaaaaaaaaaaaaaa,Una inmigrante: &quot;El examen para conseguir la nacionalidad española es una chorrada&quot;,laSexta,2016-03-07 21:51:24+00:00,2016,inmigracion
B7rZQku2gAY,@nellylaghouili2476,2020-07-29 19:55:05+00:00,0,"Si te sacas la ESO en España y no tienes la nacionalidad, cuando la pidas no tienes que hacer ningún examen",Una inmigrante: &quot;El examen para conseguir la nacionalidad española es una chorrada&quot;,laSexta,2016-03-07 21:51:24+00:00,2016,inmigracion
B7rZQku2gAY,@kira7943,2019-04-28 21:49:07+00:00,3,Nacionalidad española no gracias,Una inmigrante: &quot;El examen para conseguir la nacionalidad española es una chorrada&quot;,laSexta,2016-03-07 21:51:24+00:00,2016,inmigracion
B7rZQku2gAY,@jackieddog,2020-07-20 22:10:20+00:00,1,Debería ser muchísimo más difícil,Una inmigrante: &quot;El examen para conseguir la nacionalidad española es una chorrada&quot;,laSexta,2016-03-07 21:51:24+00:00,2016,inmigracion
B7rZQku2gAY,@elcangrejoviolinista,2018-03-17 10:16:32+00:00,3,"que grandes sois!, viva la interculturalidad",Una inmigrante: &quot;El examen para conseguir la nacionalidad española es una chorrada&quot;,laSexta,2016-03-07 21:51:24+00:00,2016,inmigracion
B7rZQku2gAY,@natlaesp_NDMP,2020-08-30 22:27:42+00:00,0,Yo suspendo 😂😂😂,Una inmigrante: &quot;El examen para conseguir la nacionalidad española es una chorrada&quot;,laSexta,2016-03-07 21:51:24+00:00,2016,inmigracion
B7rZQku2gAY,@juancastolo6266,2017-01-20 14:52:05+00:00,5,me encanta esta negra,Una inmigrante: &quot;El examen para conseguir la nacionalidad española es una chorrada&quot;,laSexta,2016-03-07 21:51:24+00:00,2016,inmigracion
B7rZQku2gAY,@javigarcia5896,2020-06-30 11:29:48+00:00,0,Sisii todos piensan en volver lo mismo en la otra vida,Una inmigrante: &quot;El examen para conseguir la nacionalidad española es una chorrada&quot;,laSexta,2016-03-07 21:51:24+00:00,2016,inmigracion
B7rZQku2gAY,@juanfranciscosanchez3851,2017-07-13 21:12:42+00:00,7,España  pais invadido🚷🚷,Una inmigrante: &quot;El examen para conseguir la nacionalidad española es una chorrada&quot;,laSexta,2016-03-07 21:51:24+00:00,2016,inmigracion
B7rZQku2gAY,@rekmin,2019-05-01 22:57:40+00:00,2,El autentico examen es darte cuenta que solo te quieren sacar dinero,Una inmigrante: &quot;El examen para conseguir la nacionalidad española es una chorrada&quot;,laSexta,2016-03-07 21:51:24+00:00,2016,inmigracion
B7rZQku2gAY,@josejosele2445,2018-06-13 22:09:25+00:00,4,Esto es un cachondeo con un examen ya eres español yo nací aquí mis abuelos mis padres mis tíos ect y tengo menos ayudas y beneficios que esta gente que país más injusto,Una inmigrante: &quot;El examen para conseguir la nacionalidad española es una chorrada&quot;,laSexta,2016-03-07 21:51:24+00:00,2016,inmigracion
B7rZQku2gAY,@Mralexavalos,2019-05-06 06:12:41+00:00,0,"No me sé las leyes de España en cuanto se trata de sacar la nacionalidad y el proceso , pero 85 euros y un examen de 25 preguntas y ya está ?😳",Una inmigrante: &quot;El examen para conseguir la nacionalidad española es una chorrada&quot;,laSexta,2016-03-07 21:51:24+00:00,2016,inmigracion
B7rZQku2gAY,@ciervobushcraft8537,2018-08-24 07:07:05+00:00,3,"Claro que sí.. Yo les daba el dni directamente...todo el mundo tiene derecho a una vida mejor.. Es más les iba dando el dni conforme saltarán la valla.. No.. Mejor quitamos la valla.. Símbolo racista del imperialismo católico europeo....amor, paz y happy flower",Una inmigrante: &quot;El examen para conseguir la nacionalidad española es una chorrada&quot;,laSexta,2016-03-07 21:51:24+00:00,2016,inmigracion
B7rZQku2gAY,@analyticalperson6648,2020-07-25 15:36:59+00:00,0,Qué significa una chorrada?,Una inmigrante: &quot;El examen para conseguir la nacionalidad española es una chorrada&quot;,laSexta,2016-03-07 21:51:24+00:00,2016,inmigracion
B7rZQku2gAY,@arassambebesh179,2020-08-28 22:11:46+00:00,0,"Si lo ha aprobado hasta mi prima, imaginaos que chorrada...",Una inmigrante: &quot;El examen para conseguir la nacionalidad española es una chorrada&quot;,laSexta,2016-03-07 21:51:24+00:00,2016,inmigracion
B7rZQku2gAY,@tupadre6366,2020-09-20 14:16:46+00:00,0,Hablan mejor que los andaluces y todo jajajajaja (humor),Una inmigrante: &quot;El examen para conseguir la nacionalidad española es una chorrada&quot;,laSexta,2016-03-07 21:51:24+00:00,2016,inmigracion
B7rZQku2gAY,@carlact.193,2019-04-26 13:58:39+00:00,1,Joder menos mal yo NO pague nada.,Una inmigrante: &quot;El examen para conseguir la nacionalidad española es una chorrada&quot;,laSexta,2016-03-07 21:51:24+00:00,2016,inmigracion
B7rZQku2gAY,@luisitod10s77,2019-04-28 14:48:26+00:00,0,"Yo fui y lo hice y son chorradas,cosas básicas que las sabes por lógica!!",Una inmigrante: &quot;El examen para conseguir la nacionalidad española es una chorrada&quot;,laSexta,2016-03-07 21:51:24+00:00,2016,inmigracion
B7rZQku2gAY,@byisma99x65,2020-08-26 00:19:00+00:00,0,Inssta? De la de los 85 euros,Una inmigrante: &quot;El examen para conseguir la nacionalidad española es una chorrada&quot;,laSexta,2016-03-07 21:51:24+00:00,2016,inmigracion
B7rZQku2gAY,@CarlosRamirez-pn9lr,2019-04-30 13:47:53+00:00,0,Muy fácil el examen,Una inmigrante: &quot;El examen para conseguir la nacionalidad española es una chorrada&quot;,laSexta,2016-03-07 21:51:24+00:00,2016,inmigracion
B7rZQku2gAY,@juliogarcia7598,2022-04-18 15:00:59+00:00,0,Jordi Évola es un presentador de su país,Una inmigrante: &quot;El examen para conseguir la nacionalidad española es una chorrada&quot;,laSexta,2016-03-07 21:51:24+00:00,2016,inmigracion
B7rZQku2gAY,@fatimapedreira9675,2020-08-08 20:15:30+00:00,0,"El examen que hice fue bastante difícil y vivo en España a más de 20 años, nos hicieron un examen A2 del Instituto Cervantes para personas que van dar clases de Español",Una inmigrante: &quot;El examen para conseguir la nacionalidad española es una chorrada&quot;,laSexta,2016-03-07 21:51:24+00:00,2016,inmigracion
B7rZQku2gAY,@1rosamariaclosas,2019-04-17 21:52:53+00:00,2,"Me gustaria saber las  preguntas que ponen, seguro a cual mas estupida",Una inmigrante: &quot;El examen para conseguir la nacionalidad española es una chorrada&quot;,laSexta,2016-03-07 21:51:24+00:00,2016,inmigracion
B7rZQku2gAY,@aleclour,2019-04-24 13:44:33+00:00,0,Quiero ser amigo de la nacida en guinea ecuatoriana,Una inmigrante: &quot;El examen para conseguir la nacionalidad española es una chorrada&quot;,laSexta,2016-03-07 21:51:24+00:00,2016,inmigracion
B7rZQku2gAY,@manuelnguemanguemaangono3702,2020-08-16 04:31:35+00:00,0,Me di cuenta de que era mi compatriota (Guinea Ecuatorial) por su guapura y su forma de hablar,Una inmigrante: &quot;El examen para conseguir la nacionalidad española es una chorrada&quot;,laSexta,2016-03-07 21:51:24+00:00,2016,inmigracion
B7rZQku2gAY,@jesusjotaeme,2020-08-21 12:53:01+00:00,1,0:54 opinión genuinamente española. Aprobada directamente esta chica por favor.,Una inmigrante: &quot;El examen para conseguir la nacionalidad española es una chorrada&quot;,laSexta,2016-03-07 21:51:24+00:00,2016,inmigracion
B7rZQku2gAY,@arfanalichaudhry1853,2020-07-25 12:27:30+00:00,0,Hize algunas preguntas a los amigos españoles asturianos que no saben decir jajajajajajajajajajajajajajajajajajaja,Una inmigrante: &quot;El examen para conseguir la nacionalidad española es una chorrada&quot;,laSexta,2016-03-07 21:51:24+00:00,2016,inmigracion
B7rZQku2gAY,@maxguevara5054,2018-04-13 20:54:38+00:00,1,Ajjajajajaja me he reido con la guineana 😂😂 q graciosa q mona 😊😊,Una inmigrante: &quot;El examen para conseguir la nacionalidad española es una chorrada&quot;,laSexta,2016-03-07 21:51:24+00:00,2016,inmigracion
B7rZQku2gAY,@NakaiSan.,2020-08-20 05:15:11+00:00,0,"Sacarte dice, tu si que nos vas a sacar.",Una inmigrante: &quot;El examen para conseguir la nacionalidad española es una chorrada&quot;,laSexta,2016-03-07 21:51:24+00:00,2016,inmigracion
B7rZQku2gAY,@mmanolo1546,2020-08-26 20:04:41+00:00,0,ok,Una inmigrante: &quot;El examen para conseguir la nacionalidad española es una chorrada&quot;,laSexta,2016-03-07 21:51:24+00:00,2016,inmigracion
B7rZQku2gAY,@ricardin081,2017-01-18 19:19:48+00:00,2,Los que sacamos la nacionalidad por la ley de memoria histórica somos nacionales o ciudadanos.,Una inmigrante: &quot;El examen para conseguir la nacionalidad española es una chorrada&quot;,laSexta,2016-03-07 21:51:24+00:00,2016,inmigracion
B7rZQku2gAY,@ELACEITUNERO,2020-07-23 20:29:06+00:00,0,La chica de Guinea es una preciosidad,Una inmigrante: &quot;El examen para conseguir la nacionalidad española es una chorrada&quot;,laSexta,2016-03-07 21:51:24+00:00,2016,inmigracion
B7rZQku2gAY,@pedr0roman673,2020-08-25 06:54:46+00:00,1,Solo digo que Gonzo ahora si es Jordi Evole JAJAJJAJA,Una inmigrante: &quot;El examen para conseguir la nacionalidad española es una chorrada&quot;,laSexta,2016-03-07 21:51:24+00:00,2016,inmigracion
B7rZQku2gAY,@eledwyn100,2020-08-18 15:44:52+00:00,1,"Hacerse Ciudadano Americano va a costar $1,200 dolares en Octubre, Ojala que fueran solo $85 como en hacerse Ciudadano Español",Una inmigrante: &quot;El examen para conseguir la nacionalidad española es una chorrada&quot;,laSexta,2016-03-07 21:51:24+00:00,2016,inmigracion
B7rZQku2gAY,@davidjackson_,2020-01-02 05:18:02+00:00,0,GONZOOOOOOO,Una inmigrante: &quot;El examen para conseguir la nacionalidad española es una chorrada&quot;,laSexta,2016-03-07 21:51:24+00:00,2016,inmigracion
B7rZQku2gAY,@khalidhafidi4687,2020-08-11 09:46:59+00:00,0,El otro examen es el que es un poco difícil ese es una chorrada para sacarte el dinero aunque para un joven que ha estudiado o sabe bien el castellano no debería de ser difil ninguno de los 2,Una inmigrante: &quot;El examen para conseguir la nacionalidad española es una chorrada&quot;,laSexta,2016-03-07 21:51:24+00:00,2016,inmigracion
B7rZQku2gAY,@johana757,2019-05-05 19:34:51+00:00,1,Ni regalada quiero esa nacionalidad 😝,Una inmigrante: &quot;El examen para conseguir la nacionalidad española es una chorrada&quot;,laSexta,2016-03-07 21:51:24+00:00,2016,inmigracion
B7rZQku2gAY,@DonEladio1234,2020-08-21 15:12:04+00:00,0,Jordi Ébola jajaja,Una inmigrante: &quot;El examen para conseguir la nacionalidad española es una chorrada&quot;,laSexta,2016-03-07 21:51:24+00:00,2016,inmigracion
B7rZQku2gAY,@j.viskuty5594,2020-08-09 21:33:07+00:00,1,"Debería costar más, que en otros países cuestan asta 1000€ ,yo lo veo barato , todo eso conlleva unos gasto , que al final pagamos los  de siempre con nuestros impuesto",Una inmigrante: &quot;El examen para conseguir la nacionalidad española es una chorrada&quot;,laSexta,2016-03-07 21:51:24+00:00,2016,inmigracion
B7rZQku2gAY,@hugobenitez8858,2018-11-16 03:13:54+00:00,0,Què morena tan bella.,Una inmigrante: &quot;El examen para conseguir la nacionalidad española es una chorrada&quot;,laSexta,2016-03-07 21:51:24+00:00,2016,inmigracion
B7rZQku2gAY,@Drtdgt-w4e,2020-08-17 13:11:47+00:00,1,Esto es para sacar el dinero si se lo dan acualquirra yo pondría por ley que en un año se adaptarán y el que lo haga que se quede y el que no aire,Una inmigrante: &quot;El examen para conseguir la nacionalidad española es una chorrada&quot;,laSexta,2016-03-07 21:51:24+00:00,2016,inmigracion
B7rZQku2gAY,@aiimankha,2021-04-08 15:21:36+00:00,0,Encima tiene la cara de preguntarle si ha sido el examen mas importante de su vida como si no tuviera la capacidad de tener estudios,Una inmigrante: &quot;El examen para conseguir la nacionalidad española es una chorrada&quot;,laSexta,2016-03-07 21:51:24+00:00,2016,inmigracion
B7rZQku2gAY,@faratahmed1338,2019-04-25 19:52:25+00:00,0,Chico q bn de examen pero despues d presentar hasta 4 a 5 anos no vas a tener nada pq va muy retrasado los tramites si sigue en 2016 como.vas a tener nacionalidad antes d 5 anos y otra cosa q presente contenciosa adm. Y otro gastos  gracias por pasar examen acabas d empezar  pagar aun qda suerte,Una inmigrante: &quot;El examen para conseguir la nacionalidad española es una chorrada&quot;,laSexta,2016-03-07 21:51:24+00:00,2016,inmigracion
B7rZQku2gAY,@ceciliario9150,2019-04-26 13:55:06+00:00,0,Jajaja el final me mató 🤣,Una inmigrante: &quot;El examen para conseguir la nacionalidad española es una chorrada&quot;,laSexta,2016-03-07 21:51:24+00:00,2016,inmigracion
B7rZQku2gAY,@fredycostaleja7243,2020-10-08 06:07:32+00:00,0,"Para obtener la nacionalidad en 2020 en la comunidad valenciana, hay que estudiar 300 preguntas porque de ahi, le van a preguntar 40 al azar. Todas las preguntas son de de historia de España, politica, constitución, geografia y algunas sobre personajes importantes. La mayoría son ejemplo que poder es el comgreso de los diputados, que seria poder legislativo etc, como estan constituidas las comunidades autonomas, como esta constituido el gobierno, a que ministerio pertenece el ejercito y a cual la guardia civil (que seria al ministerio de defensa y al del interior) y asi con lo demas.",Una inmigrante: &quot;El examen para conseguir la nacionalidad española es una chorrada&quot;,laSexta,2016-03-07 21:51:24+00:00,2016,inmigracion
B7rZQku2gAY,@Lucía_Peña_Martínez,2020-09-20 18:38:15+00:00,0,"Este vídeo está en mis favoritos, es insaciable😂",Una inmigrante: &quot;El examen para conseguir la nacionalidad española es una chorrada&quot;,laSexta,2016-03-07 21:51:24+00:00,2016,inmigracion
B7rZQku2gAY,@donny2136,2019-05-06 17:21:06+00:00,1,Jordi Ebola 😂😂😂😂😂😂,Una inmigrante: &quot;El examen para conseguir la nacionalidad española es una chorrada&quot;,laSexta,2016-03-07 21:51:24+00:00,2016,inmigracion
B7rZQku2gAY,@movement2397,2016-03-08 05:11:48+00:00,1,normal es que esto es España jajajajajaaaaa mucho personaje hay por nuestro país :),Una inmigrante: &quot;El examen para conseguir la nacionalidad española es una chorrada&quot;,laSexta,2016-03-07 21:51:24+00:00,2016,inmigracion
B7rZQku2gAY,@tonimartineztaroncher5589,2019-05-05 08:11:35+00:00,0,"Es una chorrada? No lo hagas, no creo que te torturen por no hacerlo ni nada de eso, creo que eres libre de negarte",Una inmigrante: &quot;El examen para conseguir la nacionalidad española es una chorrada&quot;,laSexta,2016-03-07 21:51:24+00:00,2016,inmigracion
B7rZQku2gAY,@leonalawons6057,2020-07-17 01:40:17+00:00,0,"Exactamente, una excusa para sacar dinero...",Una inmigrante: &quot;El examen para conseguir la nacionalidad española es una chorrada&quot;,laSexta,2016-03-07 21:51:24+00:00,2016,inmigracion
B7rZQku2gAY,@avinumalkeinu4510,2026-02-22 21:44:48+00:00,0,😮😮😮,Una inmigrante: &quot;El examen para conseguir la nacionalidad española es una chorrada&quot;,laSexta,2016-03-07 21:51:24+00:00,2016,inmigracion
B7rZQku2gAY,@soldadodeinvierno181,2020-07-19 07:52:59+00:00,0,barata que aqui en usa sale en mínimo 600 dolares,Una inmigrante: &quot;El examen para conseguir la nacionalidad española es una chorrada&quot;,laSexta,2016-03-07 21:51:24+00:00,2016,inmigracion
B7rZQku2gAY,@joseblancasanchez2535,2019-05-03 00:05:31+00:00,1,Cómo mola vivir en España macho,Una inmigrante: &quot;El examen para conseguir la nacionalidad española es una chorrada&quot;,laSexta,2016-03-07 21:51:24+00:00,2016,inmigracion
B7rZQku2gAY,@redondelalokuras,2022-04-21 04:26:57+00:00,2,No deberían la nacionalidad a nadie,Una inmigrante: &quot;El examen para conseguir la nacionalidad española es una chorrada&quot;,laSexta,2016-03-07 21:51:24+00:00,2016,inmigracion
B7rZQku2gAY,@CristianLopez-cd3ce,2020-07-21 11:56:50+00:00,0,Yo la cambio por la holandesa jajaj,Una inmigrante: &quot;El examen para conseguir la nacionalidad española es una chorrada&quot;,laSexta,2016-03-07 21:51:24+00:00,2016,inmigracion
B7rZQku2gAY,@jamesmaverick1806,2019-03-31 17:11:47+00:00,2,"en todos los paises hay examenes de nacionalidad, incluso mas complicados que aqui, vease USA, lo que nos hace diferentes es que nos parece mal que haya ese tipo de examenes, y encima haya extranjeros que se la sople todo llo español, lo habran aprendido de algun español seguro,",Una inmigrante: &quot;El examen para conseguir la nacionalidad española es una chorrada&quot;,laSexta,2016-03-07 21:51:24+00:00,2016,inmigracion
B7rZQku2gAY,@sisiyacallate16,2020-08-13 04:58:10+00:00,0,"Madre de dios, que mujer...señores, me voy a Guinea Ecuatorial xd",Una inmigrante: &quot;El examen para conseguir la nacionalidad española es una chorrada&quot;,laSexta,2016-03-07 21:51:24+00:00,2016,inmigracion
B7rZQku2gAY,@Adriana-no9ys,2017-01-18 12:48:06+00:00,0,🐸🐸🐸,Una inmigrante: &quot;El examen para conseguir la nacionalidad española es una chorrada&quot;,laSexta,2016-03-07 21:51:24+00:00,2016,inmigracion
B7rZQku2gAY,@es8346,2020-11-21 19:15:08+00:00,1,"1:45, bueno, puede decirse que un guineano es un español de África.",Una inmigrante: &quot;El examen para conseguir la nacionalidad española es una chorrada&quot;,laSexta,2016-03-07 21:51:24+00:00,2016,inmigracion
B7rZQku2gAY,@franciscorobres626,2020-08-01 06:32:54+00:00,0,Quien algo quiere algo le cuesta si no uviera que pagar nada todo wl mundo iria y se montarian unas colas del copon digo yo.....Saludos! :-),Una inmigrante: &quot;El examen para conseguir la nacionalidad española es una chorrada&quot;,laSexta,2016-03-07 21:51:24+00:00,2016,inmigracion
B7rZQku2gAY,@benota35,2019-05-05 07:44:55+00:00,0,Jijiji,Una inmigrante: &quot;El examen para conseguir la nacionalidad española es una chorrada&quot;,laSexta,2016-03-07 21:51:24+00:00,2016,inmigracion
B7rZQku2gAY,@PAK1STAR,2021-04-07 08:44:41+00:00,0,Un examen de 10minutos 85euros 👍,Una inmigrante: &quot;El examen para conseguir la nacionalidad española es una chorrada&quot;,laSexta,2016-03-07 21:51:24+00:00,2016,inmigracion
B7rZQku2gAY,@josematos9476,2020-07-20 05:30:21+00:00,0,Haha espanhola de interesse ficam nas espanha mentre os espanhois vao para fora muito bom,Una inmigrante: &quot;El examen para conseguir la nacionalidad española es una chorrada&quot;,laSexta,2016-03-07 21:51:24+00:00,2016,inmigracion
B7rZQku2gAY,@aussisalanova2431,2019-05-08 17:49:43+00:00,0,ah ak,Una inmigrante: &quot;El examen para conseguir la nacionalidad española es una chorrada&quot;,laSexta,2016-03-07 21:51:24+00:00,2016,inmigracion
B7rZQku2gAY,@nickeponer2626,2019-04-29 04:25:00+00:00,0,Que le hagan esas preguntitas a cualquier español que se encuentren en la calle a ver si responden de 25 al menos 15 bien,Una inmigrante: &quot;El examen para conseguir la nacionalidad española es una chorrada&quot;,laSexta,2016-03-07 21:51:24+00:00,2016,inmigracion
B7rZQku2gAY,@mouadjabni3272,2019-05-02 10:55:01+00:00,0,"Si los huevos una chorrada 😂😂 para dar confianza, pero es vd que el 80% de españoles no la saben",Una inmigrante: &quot;El examen para conseguir la nacionalidad española es una chorrada&quot;,laSexta,2016-03-07 21:51:24+00:00,2016,inmigracion
B7rZQku2gAY,@estrellanavarromejia383,2019-04-23 10:13:27+00:00,2,"Eso es lo que un migrante debe hacer , adaptarse, estudiar la cultura del país y eso entra primero por el idioma, hay quienes van y ni el idioma quieren estudiar.",Una inmigrante: &quot;El examen para conseguir la nacionalidad española es una chorrada&quot;,laSexta,2016-03-07 21:51:24+00:00,2016,inmigracion
B7rZQku2gAY,@Encebolladoo107,2020-08-12 09:32:05+00:00,0,Yo no tuve qué hacer examen Debe ser qué a Los hispanoamericanos solo juramos ante la Imagen del Rey y ya,Una inmigrante: &quot;El examen para conseguir la nacionalidad española es una chorrada&quot;,laSexta,2016-03-07 21:51:24+00:00,2016,inmigracion
B7rZQku2gAY,@multiser3166,2021-04-22 10:11:11+00:00,0,bocazas,Una inmigrante: &quot;El examen para conseguir la nacionalidad española es una chorrada&quot;,laSexta,2016-03-07 21:51:24+00:00,2016,inmigracion
B7rZQku2gAY,@isaacferreyra7292,2020-07-19 21:37:48+00:00,1,Pero tomatela la tierra es de todos sin fronteras,Una inmigrante: &quot;El examen para conseguir la nacionalidad española es una chorrada&quot;,laSexta,2016-03-07 21:51:24+00:00,2016,inmigracion
B7rZQku2gAY,@lowelo3754,2020-10-03 04:15:01+00:00,0,guapooooooooo,Una inmigrante: &quot;El examen para conseguir la nacionalidad española es una chorrada&quot;,laSexta,2016-03-07 21:51:24+00:00,2016,inmigracion
B7rZQku2gAY,@migrak15,2020-07-17 11:39:27+00:00,1,"Para los que no sepan...
Guinea Ecuatorial es colonia Española",Una inmigrante: &quot;El examen para conseguir la nacionalidad española es una chorrada&quot;,laSexta,2016-03-07 21:51:24+00:00,2016,inmigracion
B7rZQku2gAY,@ezequiel4500,2020-07-22 16:54:29+00:00,0,Jajajajaja que tía,Una inmigrante: &quot;El examen para conseguir la nacionalidad española es una chorrada&quot;,laSexta,2016-03-07 21:51:24+00:00,2016,inmigracion
B7rZQku2gAY,@elgoleador97,2023-03-23 11:54:12+00:00,1,"El examen debería de ser de historia de España, no huevadas sobre la gente de salseo o cantantes que no representan",Una inmigrante: &quot;El examen para conseguir la nacionalidad española es una chorrada&quot;,laSexta,2016-03-07 21:51:24+00:00,2016,inmigracion
B7rZQku2gAY,@hipokratos4938,2020-11-01 04:25:00+00:00,1,Admiro su sinceridad ...,Una inmigrante: &quot;El examen para conseguir la nacionalidad española es una chorrada&quot;,laSexta,2016-03-07 21:51:24+00:00,2016,inmigracion
B7rZQku2gAY,@amcl5638,2017-08-11 06:51:14+00:00,1,Anda!! que no son nadie según que extrang@s. ,Una inmigrante: &quot;El examen para conseguir la nacionalidad española es una chorrada&quot;,laSexta,2016-03-07 21:51:24+00:00,2016,inmigracion
B7rZQku2gAY,@hernanaa8620,2020-09-29 04:23:48+00:00,1,"Le hubieran preguntado cuál es el perfil bueno de julio iglesias, o que canten una canción de los parchís. Ahí los cagaban a todos.",Una inmigrante: &quot;El examen para conseguir la nacionalidad española es una chorrada&quot;,laSexta,2016-03-07 21:51:24+00:00,2016,inmigracion
B7rZQku2gAY,@relator390,2020-08-24 23:07:43+00:00,0,Preguntas que ni los Españoles saben 🤣🤣🤣,Una inmigrante: &quot;El examen para conseguir la nacionalidad española es una chorrada&quot;,laSexta,2016-03-07 21:51:24+00:00,2016,inmigracion
B7rZQku2gAY,@herminmendoza9610,2019-04-16 09:15:22+00:00,0,Quien es Montserrat Caballé?,Una inmigrante: &quot;El examen para conseguir la nacionalidad española es una chorrada&quot;,laSexta,2016-03-07 21:51:24+00:00,2016,inmigracion
B7rZQku2gAY,@carlos-lv2ut,2020-07-22 02:37:28+00:00,1,Viva los simpsons viva sprinfield alalllalalaa,Una inmigrante: &quot;El examen para conseguir la nacionalidad española es una chorrada&quot;,laSexta,2016-03-07 21:51:24+00:00,2016,inmigracion
B7rZQku2gAY,@PaulaGSotres,2020-08-12 21:08:03+00:00,0,Yo quiero ser amiga de la chica de verdad que maja,Una inmigrante: &quot;El examen para conseguir la nacionalidad española es una chorrada&quot;,laSexta,2016-03-07 21:51:24+00:00,2016,inmigracion
B7rZQku2gAY,@sjcvouk,2020-09-05 15:52:31+00:00,0,"si, yo me hecho de eeuu y de alemania sacando la chorra....",Una inmigrante: &quot;El examen para conseguir la nacionalidad española es una chorrada&quot;,laSexta,2016-03-07 21:51:24+00:00,2016,inmigracion
B7rZQku2gAY,@soniamfc671,2020-06-18 10:27:32+00:00,1,jordi ébola 😂😂😂😂,Una inmigrante: &quot;El examen para conseguir la nacionalidad española es una chorrada&quot;,laSexta,2016-03-07 21:51:24+00:00,2016,inmigracion
B7rZQku2gAY,@alejandrop.s.3942,2020-09-12 15:23:05+00:00,1,"Dicen que el examen es muy fácil, pero que muchos españoles no lo aprobarían. O esta gente es racista hacia los españoles, o sufren una disonancia cognitiva galopante.",Una inmigrante: &quot;El examen para conseguir la nacionalidad española es una chorrada&quot;,laSexta,2016-03-07 21:51:24+00:00,2016,inmigracion
B7rZQku2gAY,@pablochinchilla5430,2020-07-20 12:34:37+00:00,1,Nms que negra más linda:(,Una inmigrante: &quot;El examen para conseguir la nacionalidad española es una chorrada&quot;,laSexta,2016-03-07 21:51:24+00:00,2016,inmigracion
B7rZQku2gAY,@Jota270,2020-07-18 07:40:04+00:00,0,Jordi Ebola jaja,Una inmigrante: &quot;El examen para conseguir la nacionalidad española es una chorrada&quot;,laSexta,2016-03-07 21:51:24+00:00,2016,inmigracion
B7rZQku2gAY,@mayex2966,2021-06-29 10:52:23+00:00,0,Mejor que pregunten quién es Alejandro sanz 😄,Una inmigrante: &quot;El examen para conseguir la nacionalidad española es una chorrada&quot;,laSexta,2016-03-07 21:51:24+00:00,2016,inmigracion
B7rZQku2gAY,@metalmetalheavyrules7404,2020-11-04 08:01:31+00:00,2,Bueno aquí en España va a base de pagar jajaja la cultura de un pais su historia sus costumbres parece que no importa yaa,Una inmigrante: &quot;El examen para conseguir la nacionalidad española es una chorrada&quot;,laSexta,2016-03-07 21:51:24+00:00,2016,inmigracion
B7rZQku2gAY,@josemartinezgonzalez2450,2019-07-23 00:10:31+00:00,0,La chica es española.-,Una inmigrante: &quot;El examen para conseguir la nacionalidad española es una chorrada&quot;,laSexta,2016-03-07 21:51:24+00:00,2016,inmigracion
B7rZQku2gAY,@misteradri7366,2020-07-19 20:24:29+00:00,0,Jordi Ebola😂😂😂😂😂😂😂😂,Una inmigrante: &quot;El examen para conseguir la nacionalidad española es una chorrada&quot;,laSexta,2016-03-07 21:51:24+00:00,2016,inmigracion
B7rZQku2gAY,@mariaisabelfajardo7062,2021-02-24 16:15:54+00:00,2,Vaya cachondeo!!,Una inmigrante: &quot;El examen para conseguir la nacionalidad española es una chorrada&quot;,laSexta,2016-03-07 21:51:24+00:00,2016,inmigracion
B7rZQku2gAY,@user-of8fe5fh2q,2020-07-18 23:12:15+00:00,0,"Una pregunta: si para conseguir la nacionalidad hay que haber vivido una media de 10 años en España, durante todo ese tiempo la persona es ilegal?",Una inmigrante: &quot;El examen para conseguir la nacionalidad española es una chorrada&quot;,laSexta,2016-03-07 21:51:24+00:00,2016,inmigracion
B7rZQku2gAY,@christianvladimirpenavalla9581,2020-07-27 23:31:28+00:00,0,La mujer del minuto 1:08 esta bien guapa <3,Una inmigrante: &quot;El examen para conseguir la nacionalidad española es una chorrada&quot;,laSexta,2016-03-07 21:51:24+00:00,2016,inmigracion
B7rZQku2gAY,@Dr_evil95,2020-04-16 17:53:45+00:00,0,Joder esque acaso miente,Una inmigrante: &quot;El examen para conseguir la nacionalidad española es una chorrada&quot;,laSexta,2016-03-07 21:51:24+00:00,2016,inmigracion
B7rZQku2gAY,@taniathewise8,2020-09-01 08:47:46+00:00,0,"qué estupidez tan grande el examen ese...hice la ESO, Bachiller y llegué hasta la universidad pero aún así tengo que demostrar que sé español, esa gente sólo quiere sacar dinero por donde sea",Una inmigrante: &quot;El examen para conseguir la nacionalidad española es una chorrada&quot;,laSexta,2016-03-07 21:51:24+00:00,2016,inmigracion
B7rZQku2gAY,@MrRaulma,2025-03-27 17:31:46+00:00,0,"Me voy a hacer guineano,me va a abrir muchas mas puertas ,aunque  españa es mi pais 😂😂😂",Una inmigrante: &quot;El examen para conseguir la nacionalidad española es una chorrada&quot;,laSexta,2016-03-07 21:51:24+00:00,2016,inmigracion
B7rZQku2gAY,@alejandrogracia9124,2020-09-09 14:27:35+00:00,1,"¿No deberían de ser preguntas sobre la constitución que al fin y al cabo son las reglas básicas de convivencia judicial?
En lugar de pagar por examinarse deberían pagar una academia para aprender y luego afrontar un examen más difícil.
Las preguntas sobre seudo cultura moderna no valen para nada. ¿De que sirve a una persona conocer a un artista o famosete si lo que le interesa son las convenciones sociales y el modelo social del país al que quiere pasar a formar parte.
Yo exigiría una parte del examen sobre el idioma, otra sobre la convivencia y otra sobre derechos u obligaciones jurídicas.
Así a grandes rasgos y en diez minutos, que aquí las cosas se hacen mal durante años y nadie cambia nada. No se quién fue el o la iluminado/a que se le ocurrió meter preguntas de mierda en un examen de nacionalidad. Que menos que una persona conozca mínimamente el idioma y unas mínimas nociones de las reglas de convivencia.",Una inmigrante: &quot;El examen para conseguir la nacionalidad española es una chorrada&quot;,laSexta,2016-03-07 21:51:24+00:00,2016,inmigracion
B7rZQku2gAY,@josemariareguera3518,2019-05-04 08:33:11+00:00,0,Mi mujer no tiene que hacer el examen. Y los guineanos no deberían hacerlo tampoco.,Una inmigrante: &quot;El examen para conseguir la nacionalidad española es una chorrada&quot;,laSexta,2016-03-07 21:51:24+00:00,2016,inmigracion
B7rZQku2gAY,@khalidhafidi4687,2020-08-11 09:50:24+00:00,1,Olé por la chica que dijo si me tengo que volver no pasa es mi país y que la nacionalidad solo te habre más puertas Olé y Olé 👏.,Una inmigrante: &quot;El examen para conseguir la nacionalidad española es una chorrada&quot;,laSexta,2016-03-07 21:51:24+00:00,2016,inmigracion
B7rZQku2gAY,@username17234,2018-01-30 17:49:59+00:00,2,La de Guinea habla mejor español que yo.,Una inmigrante: &quot;El examen para conseguir la nacionalidad española es una chorrada&quot;,laSexta,2016-03-07 21:51:24+00:00,2016,inmigracion
B7rZQku2gAY,@sofi2345-f1,2019-05-05 00:37:24+00:00,0,Jordi evola,Una inmigrante: &quot;El examen para conseguir la nacionalidad española es una chorrada&quot;,laSexta,2016-03-07 21:51:24+00:00,2016,inmigracion
B7rZQku2gAY,@jesusaltamirano6891,2020-08-21 04:49:21+00:00,0,"Yo tenía entendido que para sacarte la nacionalidad necesitas vivir 3 años, esos 3 años le han valido a James para hacerse ciudadano.",Una inmigrante: &quot;El examen para conseguir la nacionalidad española es una chorrada&quot;,laSexta,2016-03-07 21:51:24+00:00,2016,inmigracion
B7rZQku2gAY,@aquiyahora8012,2021-08-01 14:45:41+00:00,0,Muy fácil lo ponen.,Una inmigrante: &quot;El examen para conseguir la nacionalidad española es una chorrada&quot;,laSexta,2016-03-07 21:51:24+00:00,2016,inmigracion
B7rZQku2gAY,@tdfifjffm,2025-01-22 17:40:05+00:00,2,No eres español por rellenar unos papeles,Una inmigrante: &quot;El examen para conseguir la nacionalidad española es una chorrada&quot;,laSexta,2016-03-07 21:51:24+00:00,2016,inmigracion
B7rZQku2gAY,@manuherediabarrull6325,2020-09-08 23:58:23+00:00,0,Ea..,Una inmigrante: &quot;El examen para conseguir la nacionalidad española es una chorrada&quot;,laSexta,2016-03-07 21:51:24+00:00,2016,inmigracion
B7rZQku2gAY,@Ricardo1720,2019-04-28 14:17:05+00:00,0,La morena sabe más español que los Chilenos,Una inmigrante: &quot;El examen para conseguir la nacionalidad española es una chorrada&quot;,laSexta,2016-03-07 21:51:24+00:00,2016,inmigracion
B7rZQku2gAY,@javierlozanoolarte485,2019-06-20 21:13:35+00:00,1,"Para mi no están aprobados la mayoría,lo que decidan los sociatas etc me la pela",Una inmigrante: &quot;El examen para conseguir la nacionalidad española es una chorrada&quot;,laSexta,2016-03-07 21:51:24+00:00,2016,inmigracion
B7rZQku2gAY,@samybouhouch2511,2018-03-07 21:13:24+00:00,0,"Hombre sera una chorrada para  ella  o alguien joven como ella que lleva 17 años en Spain , que haga el examen una persona de mas edad , pues tiene sus meritos si lo aprueba , que pregunten  sobre una cantante sera para marear un poco aunque lo veo irrelevante , y si lo hace un guiri de esos que vienen en plan turista y que luego se quedan en la costa para sacarle ventaja a la SS , ese seguramente suspenderia .",Una inmigrante: &quot;El examen para conseguir la nacionalidad española es una chorrada&quot;,laSexta,2016-03-07 21:51:24+00:00,2016,inmigracion
B7rZQku2gAY,@1rosamariaclosas,2019-04-17 21:50:53+00:00,2,Hacer un examen para poder tener la nacionalidad??? bata burrada!,Una inmigrante: &quot;El examen para conseguir la nacionalidad española es una chorrada&quot;,laSexta,2016-03-07 21:51:24+00:00,2016,inmigracion
B7rZQku2gAY,@alhoceimaino564,2018-03-08 15:25:43+00:00,1,La mayoría de los extranjeros africanos cuando tienen la nacionalidad española salin del día seguente de España a otros países europeos,Una inmigrante: &quot;El examen para conseguir la nacionalidad española es una chorrada&quot;,laSexta,2016-03-07 21:51:24+00:00,2016,inmigracion
B7rZQku2gAY,@fernandocoderchpuig2432,2019-05-04 11:32:56+00:00,0,Viva.  Honduras.    100  por. Ciento.  Katracho,Una inmigrante: &quot;El examen para conseguir la nacionalidad española es una chorrada&quot;,laSexta,2016-03-07 21:51:24+00:00,2016,inmigracion
B7rZQku2gAY,@Gabi-hg6qg,2021-08-30 13:46:33+00:00,0,Si te pillan haciendo chuletas te aprueban con un 10 por que no hay nada más español que eso,Una inmigrante: &quot;El examen para conseguir la nacionalidad española es una chorrada&quot;,laSexta,2016-03-07 21:51:24+00:00,2016,inmigracion
B7rZQku2gAY,@angelaf2341,2020-07-18 01:20:08+00:00,0,La chica a dado en el clavo,Una inmigrante: &quot;El examen para conseguir la nacionalidad española es una chorrada&quot;,laSexta,2016-03-07 21:51:24+00:00,2016,inmigracion
B7rZQku2gAY,@RadosBosich,2020-09-24 11:19:02+00:00,0,Es verdad lo que dijo ese señor de marruecos creo que nisiquiera los españoles saben esas pregunta con decir que muchos españoles no saben quien es pablo iglesias y pedro sanchez,Una inmigrante: &quot;El examen para conseguir la nacionalidad española es una chorrada&quot;,laSexta,2016-03-07 21:51:24+00:00,2016,inmigracion
B7rZQku2gAY,@miriammonchito6972,2019-05-09 00:02:16+00:00,0,"Y que? La mayoría de trámites cuestan dinero, hasta sacar papeles para pedir ayudas económicas te gastas un dinero, o sacarte el carnet de conducir, o incluso para estudiar , o esperas  a ver si algún día te llaman de lo público para formarte en grados medios o superior sin saber si te llamarán o te jodes y pagas, y en la universidad pública las matrículas varían y asta 5000 euros así q creo q está regalado 80 euros por una nacionalidad . Además q eran al rededor de veinticinco preguntas , las cuales ya se las habrían dado en academias, así q no flipes q las cosas valen dinero para TODOS.
Además si les hubieran puesto historia de España si hubiesen cagado vivos, y por encima se quejan de preguntas absurdas",Una inmigrante: &quot;El examen para conseguir la nacionalidad española es una chorrada&quot;,laSexta,2016-03-07 21:51:24+00:00,2016,inmigracion
B7rZQku2gAY,@morecringe89,2020-08-21 18:20:09+00:00,0,El examen en los Estados Unidos tampoco es ninguna joya. Cual es proposito de este video?,Una inmigrante: &quot;El examen para conseguir la nacionalidad española es una chorrada&quot;,laSexta,2016-03-07 21:51:24+00:00,2016,inmigracion
B7rZQku2gAY,@maxdacosta7142,2020-07-18 16:08:53+00:00,0,"Hombre si hablan castellano perfectamente, solo sería poner excusas al no darles la nacionalidad. Y lo del cantante, es una tonteria. Hay que ir a preguntas serías, porque yo puedo manejar el castellano perfectamente y no conocer mucho a cantantes españoles o segun que nombres, si son cantantes o actores.",Una inmigrante: &quot;El examen para conseguir la nacionalidad española es una chorrada&quot;,laSexta,2016-03-07 21:51:24+00:00,2016,inmigracion
B7rZQku2gAY,@myrian6395,2020-10-27 20:59:44+00:00,0,Jooooo,Una inmigrante: &quot;El examen para conseguir la nacionalidad española es una chorrada&quot;,laSexta,2016-03-07 21:51:24+00:00,2016,inmigracion
B7rZQku2gAY,@brisaez1102,2019-04-28 13:41:35+00:00,0,Yo he vivido en Ceuta y puedo decir que allí hay muchas personas que no hablan el castellano y tienen todos nacionalidad española. entonces los exámenes para quien son ? porque ellos sólo hablan árabe  ( larilla),Una inmigrante: &quot;El examen para conseguir la nacionalidad española es una chorrada&quot;,laSexta,2016-03-07 21:51:24+00:00,2016,inmigracion
B7rZQku2gAY,@doncipote8806,2021-04-26 16:42:23+00:00,0,La musulmana tiene mejor accento que el 98% de andalucia,Una inmigrante: &quot;El examen para conseguir la nacionalidad española es una chorrada&quot;,laSexta,2016-03-07 21:51:24+00:00,2016,inmigracion
B7rZQku2gAY,@diegimejia7299,2019-05-04 14:19:05+00:00,0,CARAMBA por lo menos estás personas hablan bien el castellano.,Una inmigrante: &quot;El examen para conseguir la nacionalidad española es una chorrada&quot;,laSexta,2016-03-07 21:51:24+00:00,2016,inmigracion
B7rZQku2gAY,@JavixuTS,2020-07-15 12:02:53+00:00,1,Esto a vox no le gusta xD,Una inmigrante: &quot;El examen para conseguir la nacionalidad española es una chorrada&quot;,laSexta,2016-03-07 21:51:24+00:00,2016,inmigracion
B7rZQku2gAY,@gguerrero6104,2022-05-22 14:57:42+00:00,0,Que linda negrita,Una inmigrante: &quot;El examen para conseguir la nacionalidad española es una chorrada&quot;,laSexta,2016-03-07 21:51:24+00:00,2016,inmigracion
B7rZQku2gAY,@enriquecruz2151,2019-05-02 22:36:53+00:00,1,Quien es monserrat caballer? XD,Una inmigrante: &quot;El examen para conseguir la nacionalidad española es una chorrada&quot;,laSexta,2016-03-07 21:51:24+00:00,2016,inmigracion
B7rZQku2gAY,@srta.chopsuey9995,2020-08-17 11:50:24+00:00,0,A sacar la pasta,Una inmigrante: &quot;El examen para conseguir la nacionalidad española es una chorrada&quot;,laSexta,2016-03-07 21:51:24+00:00,2016,inmigracion
B7rZQku2gAY,@eldipinninho,2022-05-27 03:37:24+00:00,0,SOLO DIGAN OSTIAS A CADA MOMENTO Y APRUEBAN.,Una inmigrante: &quot;El examen para conseguir la nacionalidad española es una chorrada&quot;,laSexta,2016-03-07 21:51:24+00:00,2016,inmigracion
B7rZQku2gAY,@chaguito5549,2021-06-14 21:13:10+00:00,0,ABC,Una inmigrante: &quot;El examen para conseguir la nacionalidad española es una chorrada&quot;,laSexta,2016-03-07 21:51:24+00:00,2016,inmigracion
B7rZQku2gAY,@gtt12356,2017-09-09 09:58:46+00:00,0,"Que asco por dios, deberia estar prohibido esto del examen este, joder.",Una inmigrante: &quot;El examen para conseguir la nacionalidad española es una chorrada&quot;,laSexta,2016-03-07 21:51:24+00:00,2016,inmigracion
B7rZQku2gAY,@Josu686,2020-07-20 00:05:36+00:00,0,Grande jordi ebola,Una inmigrante: &quot;El examen para conseguir la nacionalidad española es una chorrada&quot;,laSexta,2016-03-07 21:51:24+00:00,2016,inmigracion
B7rZQku2gAY,@wolverine3ec,2019-05-02 15:20:17+00:00,1,Psoe,Una inmigrante: &quot;El examen para conseguir la nacionalidad española es una chorrada&quot;,laSexta,2016-03-07 21:51:24+00:00,2016,inmigracion
B7rZQku2gAY,@pajerofuriosov2.042,2020-07-17 12:48:30+00:00,0,Claro quitan el examen y en dos años todos los inmigrantes que vengan a españa no tendran ni pta idea de donde estan,Una inmigrante: &quot;El examen para conseguir la nacionalidad española es una chorrada&quot;,laSexta,2016-03-07 21:51:24+00:00,2016,inmigracion
B7rZQku2gAY,@cristiancec6448,2021-08-11 19:00:50+00:00,0,Bueno por lo menos ya que vienen que paguen ☺️☺️,Una inmigrante: &quot;El examen para conseguir la nacionalidad española es una chorrada&quot;,laSexta,2016-03-07 21:51:24+00:00,2016,inmigracion
B7rZQku2gAY,@ivanaguirremin3428,2019-04-30 19:01:52+00:00,1,Mi amigo es blanco rubio mexicano y aún así algunos españoles son racistas pero la gran mayoría son buenas personas,Una inmigrante: &quot;El examen para conseguir la nacionalidad española es una chorrada&quot;,laSexta,2016-03-07 21:51:24+00:00,2016,inmigracion
B7rZQku2gAY,@LustigLisa95,2019-05-07 14:17:36+00:00,1,Pobrecillos,Una inmigrante: &quot;El examen para conseguir la nacionalidad española es una chorrada&quot;,laSexta,2016-03-07 21:51:24+00:00,2016,inmigracion
B7rZQku2gAY,@angisupernena9725,2020-07-18 13:07:27+00:00,0,"Seguro q mas de un español español nacido en españa, las preguntad q les ponen en el examen no las sabrian contestar",Una inmigrante: &quot;El examen para conseguir la nacionalidad española es una chorrada&quot;,laSexta,2016-03-07 21:51:24+00:00,2016,inmigracion
B7rZQku2gAY,@s0ydarius,2019-05-02 01:43:47+00:00,1,¿La tortilla de patatas lleva cebolla? A) Sí.   B).  NO.   C) TAL VEZ,Una inmigrante: &quot;El examen para conseguir la nacionalidad española es una chorrada&quot;,laSexta,2016-03-07 21:51:24+00:00,2016,inmigracion
B7rZQku2gAY,@marjg9607,2019-04-28 16:37:31+00:00,0,Pues claro que es una tontería 😂😂😂😂😂😂😂,Una inmigrante: &quot;El examen para conseguir la nacionalidad española es una chorrada&quot;,laSexta,2016-03-07 21:51:24+00:00,2016,inmigracion
B7rZQku2gAY,@peydeas7266,2018-08-26 10:21:26+00:00,1,"Que me encantó del video ...
La joven dijo sin preámbulo me regreso A MÍ PAÍS ahí
nací 👏👏BRAVO.
Y el ciudadano de Mali también y dijo así Bueno tendría que empezar de cero.
Ningunos peleó o protestó por QUEDARSE A RESIDIR EN España.
xiomara",Una inmigrante: &quot;El examen para conseguir la nacionalidad española es una chorrada&quot;,laSexta,2016-03-07 21:51:24+00:00,2016,inmigracion
B7rZQku2gAY,@buba6367,2023-07-15 11:54:59+00:00,0,Españita,Una inmigrante: &quot;El examen para conseguir la nacionalidad española es una chorrada&quot;,laSexta,2016-03-07 21:51:24+00:00,2016,inmigracion
B7rZQku2gAY,@oriolespriu7233,2020-07-22 22:27:51+00:00,0,Jordi ebola xddd,Una inmigrante: &quot;El examen para conseguir la nacionalidad española es una chorrada&quot;,laSexta,2016-03-07 21:51:24+00:00,2016,inmigracion
B7rZQku2gAY,@jota1773,2022-04-17 21:09:28+00:00,0,XDDDDDDDDDDDDDD,Una inmigrante: &quot;El examen para conseguir la nacionalidad española es una chorrada&quot;,laSexta,2016-03-07 21:51:24+00:00,2016,inmigracion
B7rZQku2gAY,@NovatodeElite,2017-09-25 20:54:22+00:00,1,Jordi ebola,Una inmigrante: &quot;El examen para conseguir la nacionalidad española es una chorrada&quot;,laSexta,2016-03-07 21:51:24+00:00,2016,inmigracion
B7rZQku2gAY,@maribeloriola856,2018-10-19 16:29:04+00:00,1,Que Yo sepa. Guinea Ecuatorial como había sido Español  hasta 1968..todos los que vinien a España directamente ya tienen Nacionalidad Española.  !?  .!,Una inmigrante: &quot;El examen para conseguir la nacionalidad española es una chorrada&quot;,laSexta,2016-03-07 21:51:24+00:00,2016,inmigracion
B7rZQku2gAY,@feroz4378,2025-01-18 18:54:04+00:00,0,"Habría que pedirles un nivel C, en español. Ese examen es una tontería.",Una inmigrante: &quot;El examen para conseguir la nacionalidad española es una chorrada&quot;,laSexta,2016-03-07 21:51:24+00:00,2016,inmigracion
B7rZQku2gAY,@maxgir6178,2020-09-25 22:00:25+00:00,0,Quien pollas es Monserrat Caballé xd,Una inmigrante: &quot;El examen para conseguir la nacionalidad española es una chorrada&quot;,laSexta,2016-03-07 21:51:24+00:00,2016,inmigracion
B7rZQku2gAY,@joseantoniofernandez379,2020-08-21 17:26:43+00:00,0,Creia que vuestro presidente ya no hacia esp,Una inmigrante: &quot;El examen para conseguir la nacionalidad española es una chorrada&quot;,laSexta,2016-03-07 21:51:24+00:00,2016,inmigracion
B7rZQku2gAY,@darianaudrea277,2019-05-05 23:27:34+00:00,1,"Estoy flipando con los comentarios xenófobos que hay en este video. Llevo en España 12 años, vine con 4 años y cumplí los 5 aquí. Llevo toda mi vida escolarizada en el sistema educativo español y hablo español perfectamente. Yo no si quiera tengo que hacer el examen porque puedo demostrar que llevo al menos once años escolarizada aquí, y voy a pedir la nacionalidad. Nunca voy a olvidar de dónde venga pero personalmente la pido porque renovar papeles y la burocracia del consulado rumano es una tortura. Os aseguro que es un millón de veces peor que aquí, por eso es más fácil pedir la española y tendré menos problemas a la hora de ir a la universidad, trabajar,etc.",Una inmigrante: &quot;El examen para conseguir la nacionalidad española es una chorrada&quot;,laSexta,2016-03-07 21:51:24+00:00,2016,inmigracion
B7rZQku2gAY,@Jon-y6f,2025-04-09 18:27:22+00:00,0,Regalan la nacionalidad,Una inmigrante: &quot;El examen para conseguir la nacionalidad española es una chorrada&quot;,laSexta,2016-03-07 21:51:24+00:00,2016,inmigracion
B7rZQku2gAY,@adriespinar9262,2020-07-24 12:28:09+00:00,0,que vergüenza loco que les hagan hacer esto,Una inmigrante: &quot;El examen para conseguir la nacionalidad española es una chorrada&quot;,laSexta,2016-03-07 21:51:24+00:00,2016,inmigracion
B7rZQku2gAY,@jaimitovargdy9,2020-07-24 17:26:42+00:00,0,"Ni puta idea de quién es Monserrat, vaya pregunta, el hecho en si de hacer un examen para dar una nacionalidad me parece un poco idiota, según tenía entendido te la dan cuando llevas cierto tiempo viviendo en un país, pero no se.",Una inmigrante: &quot;El examen para conseguir la nacionalidad española es una chorrada&quot;,laSexta,2016-03-07 21:51:24+00:00,2016,inmigracion
B7rZQku2gAY,@Ilegator,2018-03-09 23:04:02+00:00,1,Espectacular el acento de la negra!!! Me encantó!,Una inmigrante: &quot;El examen para conseguir la nacionalidad española es una chorrada&quot;,laSexta,2016-03-07 21:51:24+00:00,2016,inmigracion
B7rZQku2gAY,@elmexiyankee,2020-08-09 22:01:35+00:00,0,"Me da risa como tambien cogen el acento. Jajajaja Si eres de Mexico, habla como Mexicano. Si eres de Argentina, habla como Argentino. Jajajajaja",Una inmigrante: &quot;El examen para conseguir la nacionalidad española es una chorrada&quot;,laSexta,2016-03-07 21:51:24+00:00,2016,inmigracion
B7rZQku2gAY,@Danydanielballet,2019-05-05 00:54:37+00:00,0,"Es horrible yo lo hice en 10 min y la verdad esta prueba es horrible , la mejor prueba es la integración y esto se prueba de otras maneras , respetando las costumbres españolas y respetando las leyes y no cometer delitos , trabajar , crecer como persona y esto se puede probar , cuando fui a hacer la prueba gente asta estudiando fuera con libros yo aluciné yo nunca estudie por que tengo más que demostrado que estoy integrado 💯",Una inmigrante: &quot;El examen para conseguir la nacionalidad española es una chorrada&quot;,laSexta,2016-03-07 21:51:24+00:00,2016,inmigracion
B7rZQku2gAY,@josefernandezmelgarejo2482,2020-08-31 18:35:54+00:00,0,Examen? Creia que vuestro presidente se los daba en melilla directamente,Una inmigrante: &quot;El examen para conseguir la nacionalidad española es una chorrada&quot;,laSexta,2016-03-07 21:51:24+00:00,2016,inmigracion
B7rZQku2gAY,@christianfortun4275,2019-04-02 20:30:00+00:00,2,Debería ser mas difícil el examen me caguen dios,Una inmigrante: &quot;El examen para conseguir la nacionalidad española es una chorrada&quot;,laSexta,2016-03-07 21:51:24+00:00,2016,inmigracion
B7rZQku2gAY,@Yoyomismo19,2019-05-05 09:48:18+00:00,2,"Ser español no se demuestra con un cartón,es un sentimiento sea o no español",Una inmigrante: &quot;El examen para conseguir la nacionalidad española es una chorrada&quot;,laSexta,2016-03-07 21:51:24+00:00,2016,inmigracion
B7rZQku2gAY,@antonio-s3n1d,2021-07-22 23:55:48+00:00,0,Para ser español.hay que nacer en españa.,Una inmigrante: &quot;El examen para conseguir la nacionalidad española es una chorrada&quot;,laSexta,2016-03-07 21:51:24+00:00,2016,inmigracion
B7rZQku2gAY,@stivencastanovargas6084,2019-05-05 06:42:15+00:00,1,El examen debería ser más difícil... y además gratuito.,Una inmigrante: &quot;El examen para conseguir la nacionalidad española es una chorrada&quot;,laSexta,2016-03-07 21:51:24+00:00,2016,inmigracion
B7rZQku2gAY,@mateolinareslatorre9306,2024-10-26 02:18:53+00:00,1,"Ser ESPAÑOL ,NO ES APROBAR UN EXAMEN ABSURDO, QUE TONTERÍA",Una inmigrante: &quot;El examen para conseguir la nacionalidad española es una chorrada&quot;,laSexta,2016-03-07 21:51:24+00:00,2016,inmigracion
B7rZQku2gAY,@enjutomojamuto,2020-07-18 17:52:27+00:00,0,Pero Montserrat Caballé era catalana. No es Española,Una inmigrante: &quot;El examen para conseguir la nacionalidad española es una chorrada&quot;,laSexta,2016-03-07 21:51:24+00:00,2016,inmigracion
B7rZQku2gAY,@ursureactions5684,2021-07-29 15:15:30+00:00,0,En serio hay un examen? Que verguenza.,Una inmigrante: &quot;El examen para conseguir la nacionalidad española es una chorrada&quot;,laSexta,2016-03-07 21:51:24+00:00,2016,inmigracion
B7rZQku2gAY,@DavidCelestialKnight,2020-07-17 00:14:00+00:00,0,Aquí en Perú para obtener la nacionalidad solo hay que cantar el himno nacional y ya esta!,Una inmigrante: &quot;El examen para conseguir la nacionalidad española es una chorrada&quot;,laSexta,2016-03-07 21:51:24+00:00,2016,inmigracion
B7rZQku2gAY,@salviika112,2019-05-03 18:11:35+00:00,0,Jordi Ebola,Una inmigrante: &quot;El examen para conseguir la nacionalidad española es una chorrada&quot;,laSexta,2016-03-07 21:51:24+00:00,2016,inmigracion
B7rZQku2gAY,@MerylSpain,2019-05-03 14:39:56+00:00,0,"Qué fuerte. Yo creo que esto del examen es para recaudar dinero. Regalando nacionalidad a cambio de 85€, patético. Y alguno de ahí no hablaba muy bien español...
Y la guineana que dice que solo le interesa la nacionalidad porque le abre más puertas.",Una inmigrante: &quot;El examen para conseguir la nacionalidad española es una chorrada&quot;,laSexta,2016-03-07 21:51:24+00:00,2016,inmigracion
B7rZQku2gAY,@emmanuelokonkwo3720,2020-09-07 11:22:51+00:00,0,Hay genete en españa que no saben ni como es su pais y les hacen hacer examen ab 🤦🏾‍♂️,Una inmigrante: &quot;El examen para conseguir la nacionalidad española es una chorrada&quot;,laSexta,2016-03-07 21:51:24+00:00,2016,inmigracion
B7rZQku2gAY,@nyco2007e,2020-08-20 06:03:39+00:00,0,"Si, es ridículo ese examen pero vale pito",Una inmigrante: &quot;El examen para conseguir la nacionalidad española es una chorrada&quot;,laSexta,2016-03-07 21:51:24+00:00,2016,inmigracion
B7rZQku2gAY,@pernadelebre,2020-09-17 06:32:26+00:00,1,"En España los españoles no tienen hijos, hay muchos ancianos en el paro. El gobierno hay que abrir las fronteras así o estará jodido para pagar el paro",Una inmigrante: &quot;El examen para conseguir la nacionalidad española es una chorrada&quot;,laSexta,2016-03-07 21:51:24+00:00,2016,inmigracion
B7rZQku2gAY,@cristian6095,2019-11-26 18:42:37+00:00,0,Ahora entiendo por qué nos burlamos de los gallegos.!,Una inmigrante: &quot;El examen para conseguir la nacionalidad española es una chorrada&quot;,laSexta,2016-03-07 21:51:24+00:00,2016,inmigracion
B7rZQku2gAY,@JuanCarlos-ez5yn,2017-03-20 04:18:43+00:00,0,y si me case con una por ahi.,Una inmigrante: &quot;El examen para conseguir la nacionalidad española es una chorrada&quot;,laSexta,2016-03-07 21:51:24+00:00,2016,inmigracion
B7rZQku2gAY,@manu.c7353,2019-03-25 20:23:42+00:00,0,Es verdad lo que leo en los comentarios?,Una inmigrante: &quot;El examen para conseguir la nacionalidad española es una chorrada&quot;,laSexta,2016-03-07 21:51:24+00:00,2016,inmigracion
B7rZQku2gAY,@lvtn23,2020-07-25 14:37:29+00:00,1,Yo les exigiría un C1-C2 de Español y también un examen de cultura como el que hay ahora pero no sobre cantantes ni actrices.,Una inmigrante: &quot;El examen para conseguir la nacionalidad española es una chorrada&quot;,laSexta,2016-03-07 21:51:24+00:00,2016,inmigracion
B7rZQku2gAY,@dimaolra,2019-04-27 21:56:32+00:00,2,"A ver si entendemos que el castellano es lengua oficial en Guinea Ecuatorial y dejamos de hacer el pardillo aquí hablando sin saber! 
PD: no soy ecuatoguineano!",Una inmigrante: &quot;El examen para conseguir la nacionalidad española es una chorrada&quot;,laSexta,2016-03-07 21:51:24+00:00,2016,inmigracion
B7rZQku2gAY,@benitocamelaspelotas,2025-02-12 18:12:10+00:00,1,Ahora todos a votar a pedro sanchez.... Que asco de pais,Una inmigrante: &quot;El examen para conseguir la nacionalidad española es una chorrada&quot;,laSexta,2016-03-07 21:51:24+00:00,2016,inmigracion
B7rZQku2gAY,@elicioborjafuentes1163,2020-07-10 15:46:29+00:00,0,El 100% de los españoles suspenderían el examen (yo incluido) vaya bobada para sacar los 85 euros a esa pobre gente.,Una inmigrante: &quot;El examen para conseguir la nacionalidad española es una chorrada&quot;,laSexta,2016-03-07 21:51:24+00:00,2016,inmigracion
B7rZQku2gAY,@sandrapinillajaramillo4946,2020-08-20 20:16:12+00:00,1,Ninguna tontería se llama cultura general así como ellos conocen de sus artistas y costumbres de su país lo lógico es que del.pais donde quieren nacionalizar también lo sepan!,Una inmigrante: &quot;El examen para conseguir la nacionalidad española es una chorrada&quot;,laSexta,2016-03-07 21:51:24+00:00,2016,inmigracion
B7rZQku2gAY,@espanolindignado8024,2020-07-18 17:51:48+00:00,0,yo a la guineana le daba lo suyo,Una inmigrante: &quot;El examen para conseguir la nacionalidad española es una chorrada&quot;,laSexta,2016-03-07 21:51:24+00:00,2016,inmigracion
B7rZQku2gAY,@vicentejosesanmartingozale7118,2020-08-25 22:51:47+00:00,0,"Me jodo yo q les cobren 85 e,si luego les dan una paga x la cara,mientras a los españoles nos tienen olvidados",Una inmigrante: &quot;El examen para conseguir la nacionalidad española es una chorrada&quot;,laSexta,2016-03-07 21:51:24+00:00,2016,inmigracion
B7rZQku2gAY,@Piero2211,2020-08-26 16:42:21+00:00,1,"La nacionalidad se saca sólo para ir a otro país de Europa apenas saque la nacionalidad italiana me fui a Zurich Austria, y es un pais  de gente mss fría ya que no son latinos, pero muy respetuosos más que los italianos y españoles, las oportunidades de trabajo son mejores, el estilo de vida ni que decir, extraño las cosas latinas pero no cambió esto por nada 😁 agradecido por la nacionalidad a Italia pero para el estilo de vida que tejía en Perú era casi lo mismo, en Austria si se siente el cambio  de ir al primer mundo, Italia y España aún les falta para llegar a ese nivel de sociedad y país.",Una inmigrante: &quot;El examen para conseguir la nacionalidad española es una chorrada&quot;,laSexta,2016-03-07 21:51:24+00:00,2016,inmigracion
B7rZQku2gAY,@belalelguitti2198,2017-09-05 15:18:51+00:00,1,la política de España es un poco tonta se la dan a jente que no sabe ni hablar español ni ha nacido aqui en España y tiene la nacionalidad mientras que uno ha nacido aqui no la tiene,Una inmigrante: &quot;El examen para conseguir la nacionalidad española es una chorrada&quot;,laSexta,2016-03-07 21:51:24+00:00,2016,inmigracion
B7rZQku2gAY,@gatoconbotasconbotas8595,2017-03-06 23:23:30+00:00,0,y para que quiero esa mierda!!,Una inmigrante: &quot;El examen para conseguir la nacionalidad española es una chorrada&quot;,laSexta,2016-03-07 21:51:24+00:00,2016,inmigracion
B7rZQku2gAY,@kevindavidchamorrovega5959,2021-09-29 21:39:03+00:00,0,"Que le hagan este examen a gente no hispanohablante vale, pero a los que tienen el español como lengua materna? Como dijo la ecuatoguineana, solo por recaudar...",Una inmigrante: &quot;El examen para conseguir la nacionalidad española es una chorrada&quot;,laSexta,2016-03-07 21:51:24+00:00,2016,inmigracion
B7rZQku2gAY,@andressanzcorrea1168,2020-07-18 23:37:57+00:00,1,"¿Por qué a los que se nacionalizan españoles les hacen jurar lealtad al rey? Yo creía que ese país no era una monarquía, sino una república democrática.",Una inmigrante: &quot;El examen para conseguir la nacionalidad española es una chorrada&quot;,laSexta,2016-03-07 21:51:24+00:00,2016,inmigracion
B7rZQku2gAY,@Tuco-el4hh,2019-04-23 10:48:21+00:00,1,85 € alaaaaaa!!!! Todo pasta,Una inmigrante: &quot;El examen para conseguir la nacionalidad española es una chorrada&quot;,laSexta,2016-03-07 21:51:24+00:00,2016,inmigracion
B7rZQku2gAY,@Daniel-ui1yh,2020-08-08 06:50:20+00:00,1,No entiendo quien querría la nacionalidad de un país quebrado y sin empleos 🤷🏻‍♂️🤷🏻‍♂️,Una inmigrante: &quot;El examen para conseguir la nacionalidad española es una chorrada&quot;,laSexta,2016-03-07 21:51:24+00:00,2016,inmigracion
B7rZQku2gAY,@raliilar5179,2020-07-20 07:03:16+00:00,0,Hay españoles que no saben ni la mitad de esas preguntas,Una inmigrante: &quot;El examen para conseguir la nacionalidad española es una chorrada&quot;,laSexta,2016-03-07 21:51:24+00:00,2016,inmigracion
B7rZQku2gAY,@nabilelyounoussi2427,2020-06-17 18:49:41+00:00,1,Jordi ebola,Una inmigrante: &quot;El examen para conseguir la nacionalidad española es una chorrada&quot;,laSexta,2016-03-07 21:51:24+00:00,2016,inmigracion
B7rZQku2gAY,@singhisking1941,2016-11-30 13:57:39+00:00,0,"hola yo vivo españa 17 año no tiengo nacionalidad española
yo pedido nacionalidad todo via nada esperando",Una inmigrante: &quot;El examen para conseguir la nacionalidad española es una chorrada&quot;,laSexta,2016-03-07 21:51:24+00:00,2016,inmigracion
B7rZQku2gAY,@quiquesantamaria7787,2018-02-18 14:11:18+00:00,0,Yo no sé ni quién es Monserrá Caballer,Una inmigrante: &quot;El examen para conseguir la nacionalidad española es una chorrada&quot;,laSexta,2016-03-07 21:51:24+00:00,2016,inmigracion
B7rZQku2gAY,@kathlenlima7401,2019-04-26 07:18:04+00:00,3,"A mi me parece perfecto que se haga un examen para la nacionalidad, eso si, que cueste 85€ es un robo AJAJAJ",Una inmigrante: &quot;El examen para conseguir la nacionalidad española es una chorrada&quot;,laSexta,2016-03-07 21:51:24+00:00,2016,inmigracion
B7rZQku2gAY,@capitansalami5826,2017-07-12 16:01:02+00:00,2,Necesitamos un Donald Trump en España yaaaaaaa,Una inmigrante: &quot;El examen para conseguir la nacionalidad española es una chorrada&quot;,laSexta,2016-03-07 21:51:24+00:00,2016,inmigracion
B7rZQku2gAY,@melisamarvel,2016-11-29 16:43:33+00:00,9,Hasta el país más pequeño de Latinoamérica vale más que toda Europa junta.,Una inmigrante: &quot;El examen para conseguir la nacionalidad española es una chorrada&quot;,laSexta,2016-03-07 21:51:24+00:00,2016,inmigracion
B7rZQku2gAY,@ManuelG-Cortes,2019-04-26 10:23:28+00:00,2,Igual con la nacionalidad pagas mas impuestos quien sabe xD,Una inmigrante: &quot;El examen para conseguir la nacionalidad española es una chorrada&quot;,laSexta,2016-03-07 21:51:24+00:00,2016,inmigracion
B7rZQku2gAY,@Kai9456Jojo,2020-07-17 11:06:23+00:00,0,"Igual pasa para hacer oposiciones o para darte un título de un curso que ya hayas terminado , solo para presentarse o tener un put* papel con tu nombre, tu firma y el sello del rey debes pagar, manda huevos.",Una inmigrante: &quot;El examen para conseguir la nacionalidad española es una chorrada&quot;,laSexta,2016-03-07 21:51:24+00:00,2016,inmigracion
B7rZQku2gAY,@juancarlosgarciagarcia6185,2017-06-25 13:13:19+00:00,0,es fácil el examen lo coji y es super fácil,Una inmigrante: &quot;El examen para conseguir la nacionalidad española es una chorrada&quot;,laSexta,2016-03-07 21:51:24+00:00,2016,inmigracion
B7rZQku2gAY,@redondelalokuras,2022-03-12 19:11:20+00:00,2,"Etnia y nacionalidad son cosas diferentes .
🇪🇦se nace no se hace🇪🇦",Una inmigrante: &quot;El examen para conseguir la nacionalidad española es una chorrada&quot;,laSexta,2016-03-07 21:51:24+00:00,2016,inmigracion
B7rZQku2gAY,@sjcvouk,2020-09-05 15:52:54+00:00,0,paguitas pa toos...,Una inmigrante: &quot;El examen para conseguir la nacionalidad española es una chorrada&quot;,laSexta,2016-03-07 21:51:24+00:00,2016,inmigracion
B7rZQku2gAY,@elcangrejoviolinista,2018-03-17 10:17:09+00:00,0,"Qué grandes sois, viva la interculturalidad!!",Una inmigrante: &quot;El examen para conseguir la nacionalidad española es una chorrada&quot;,laSexta,2016-03-07 21:51:24+00:00,2016,inmigracion
B7rZQku2gAY,@romandiniolivieri5466,2019-04-28 13:14:39+00:00,2,LLEVO 34 AÑOS VIVIENDO EN BARCELONA Y A DIA DE HOY NO TENGO LA NACIONALIDAD Y LO JODIDO ES QUE LLEGAN MUCHOS EXTRANJEROS RECIÉN LLEGADOS Y LES DAN LA NACIONALIDAD ESPAÑOLA O SEA ES UN PUTO NEGOCIO LO PÚBLICO PARA ESTOS BELLACOS FUNCIONARIOS.,Una inmigrante: &quot;El examen para conseguir la nacionalidad española es una chorrada&quot;,laSexta,2016-03-07 21:51:24+00:00,2016,inmigracion
B7rZQku2gAY,@dariocest6205,2019-05-03 21:01:27+00:00,0,Que hermosa es la morena de guinea ecuatorial...... Me encantó!!!!!!,Una inmigrante: &quot;El examen para conseguir la nacionalidad española es una chorrada&quot;,laSexta,2016-03-07 21:51:24+00:00,2016,inmigracion
B7rZQku2gAY,@elredatm6324,2018-01-23 21:47:41+00:00,0,Tolerancias en comun,Una inmigrante: &quot;El examen para conseguir la nacionalidad española es una chorrada&quot;,laSexta,2016-03-07 21:51:24+00:00,2016,inmigracion
B7rZQku2gAY,@algarroberracoagesajo3424,2017-07-23 01:33:02+00:00,1,!!Guapoooo waollamir waollamir te lo dia te veo! !,Una inmigrante: &quot;El examen para conseguir la nacionalidad española es una chorrada&quot;,laSexta,2016-03-07 21:51:24+00:00,2016,inmigracion
B7rZQku2gAY,@Aethelsram,2020-08-11 17:58:30+00:00,0,La árabe del principio habla español mejor que yo.,Una inmigrante: &quot;El examen para conseguir la nacionalidad española es una chorrada&quot;,laSexta,2016-03-07 21:51:24+00:00,2016,inmigracion
B7rZQku2gAY,@melisamarvel,2016-12-14 12:38:49+00:00,7,Hasta el país más pequeño de Latinoamérica vale más que toda Europa junta.,Una inmigrante: &quot;El examen para conseguir la nacionalidad española es una chorrada&quot;,laSexta,2016-03-07 21:51:24+00:00,2016,inmigracion
B7rZQku2gAY,@marioalbertoriveros3322,2023-08-30 07:08:14+00:00,0,No es normal que una de las preguntas sea de donde es paul gasol aver que dices catalan? español? Pregunta trampa jajaja 😂,Una inmigrante: &quot;El examen para conseguir la nacionalidad española es una chorrada&quot;,laSexta,2016-03-07 21:51:24+00:00,2016,inmigracion
B7rZQku2gAY,@jackieddog,2019-04-23 21:25:00+00:00,1,"Madre mía, no entiendo que pongan estos exámenes los cuales se notan que es regalado, espero que los exámenes sean de una dificultad mayor",Una inmigrante: &quot;El examen para conseguir la nacionalidad española es una chorrada&quot;,laSexta,2016-03-07 21:51:24+00:00,2016,inmigracion
B7rZQku2gAY,@elultimomonoo,2019-05-03 16:55:43+00:00,1,Seguimos con la endofobia de lasecta!,Una inmigrante: &quot;El examen para conseguir la nacionalidad española es una chorrada&quot;,laSexta,2016-03-07 21:51:24+00:00,2016,inmigracion
B7rZQku2gAY,@andresherenciaopjd,2019-05-06 19:44:19+00:00,0,Pues yo lo suspendería,Una inmigrante: &quot;El examen para conseguir la nacionalidad española es una chorrada&quot;,laSexta,2016-03-07 21:51:24+00:00,2016,inmigracion
B7rZQku2gAY,@richardsito3539,2017-04-10 14:10:49+00:00,0,yo quisiera ser espoñol jejej,Una inmigrante: &quot;El examen para conseguir la nacionalidad española es una chorrada&quot;,laSexta,2016-03-07 21:51:24+00:00,2016,inmigracion
B7rZQku2gAY,@javitena8224,2019-03-13 08:40:51+00:00,2,VOX XRFAVOR,Una inmigrante: &quot;El examen para conseguir la nacionalidad española es una chorrada&quot;,laSexta,2016-03-07 21:51:24+00:00,2016,inmigracion
B7rZQku2gAY,@carolinabetancourt623,2018-09-17 18:49:22+00:00,0,Jajaj oye yo soy española y creo que no se na de eso jajaja es una tontería la verdad creo que solo hay tender en cuenta los derechos españoles no quien es una estupida cantante o lo que sea que ni el papa lo sabe jaja,Una inmigrante: &quot;El examen para conseguir la nacionalidad española es una chorrada&quot;,laSexta,2016-03-07 21:51:24+00:00,2016,inmigracion
B7rZQku2gAY,@juansanudo4873,2020-09-29 10:30:20+00:00,1,"Pues como todo, España es casi socialismo cobran por todo hay impuestos para todos,  no es un capitalismo real por eso cada día estamos peor por la burocracia socialista.",Una inmigrante: &quot;El examen para conseguir la nacionalidad española es una chorrada&quot;,laSexta,2016-03-07 21:51:24+00:00,2016,inmigracion
B7rZQku2gAY,@sanper6911,2020-08-30 04:53:42+00:00,0,Nacionalidad española...... Jaaaaaaaaaaaaaa,Una inmigrante: &quot;El examen para conseguir la nacionalidad española es una chorrada&quot;,laSexta,2016-03-07 21:51:24+00:00,2016,inmigracion
B7rZQku2gAY,@vadi18,2019-05-05 17:23:15+00:00,1,Esta gente qe visto hoy. Hay qe darlos la nacionalidad española sin examen. Porque veo qe son más españoles qe extranjeros,Una inmigrante: &quot;El examen para conseguir la nacionalidad española es una chorrada&quot;,laSexta,2016-03-07 21:51:24+00:00,2016,inmigracion
B7rZQku2gAY,@nestorhernandez5608,2018-07-20 23:47:39+00:00,2,"Yo creo que la nacionalidad la deberían dar según un test de ADN. Es decir, que al menos un 30% de sus ancestros sean de origen Ibérico o latino (meditarráneo).",Una inmigrante: &quot;El examen para conseguir la nacionalidad española es una chorrada&quot;,laSexta,2016-03-07 21:51:24+00:00,2016,inmigracion
B7rZQku2gAY,@Mercnari00,2023-12-07 10:55:24+00:00,0,Anda que vaya vergüenza de país,Una inmigrante: &quot;El examen para conseguir la nacionalidad española es una chorrada&quot;,laSexta,2016-03-07 21:51:24+00:00,2016,inmigracion
B7rZQku2gAY,@serecomoelavefenix8583,2019-04-30 13:41:25+00:00,0,"Aquí está la monica hoyos en africana 😂🤣😂 van de españolas con acento y todo y se les ve la cara de nopal y maíz a todas ( yo soy de paraguay y ni se me ocurre tener este acento porque ni es mío y ni me sale , ni imitando 🤣😂😅)",Una inmigrante: &quot;El examen para conseguir la nacionalidad española es una chorrada&quot;,laSexta,2016-03-07 21:51:24+00:00,2016,inmigracion
B7rZQku2gAY,@гамора9грамм,2019-05-07 01:01:29+00:00,0,No quiero esta nacionalidad ni regalada😂😂😂😂,Una inmigrante: &quot;El examen para conseguir la nacionalidad española es una chorrada&quot;,laSexta,2016-03-07 21:51:24+00:00,2016,inmigracion
B7rZQku2gAY,@sr.d5126,2019-05-03 14:48:39+00:00,0,Hostia que negritos más majos.... Se merecen 100 veces más un trabajo digno que no toda la xusma que tenemos por aquí,Una inmigrante: &quot;El examen para conseguir la nacionalidad española es una chorrada&quot;,laSexta,2016-03-07 21:51:24+00:00,2016,inmigracion
B7rZQku2gAY,@4yassin5,2019-04-27 00:22:17+00:00,2,asi va el pais,Una inmigrante: &quot;El examen para conseguir la nacionalidad española es una chorrada&quot;,laSexta,2016-03-07 21:51:24+00:00,2016,inmigracion
B7rZQku2gAY,@dimaolra,2020-11-20 23:20:02+00:00,0,"Ni cantante, ni actriz... Monserrat Caballé ya es fiambre.",Una inmigrante: &quot;El examen para conseguir la nacionalidad española es una chorrada&quot;,laSexta,2016-03-07 21:51:24+00:00,2016,inmigracion
B7rZQku2gAY,@josefernandezmelgarejo2482,2020-09-21 18:19:36+00:00,2,Al que no le guste ese examen que se vaya a su pais,Una inmigrante: &quot;El examen para conseguir la nacionalidad española es una chorrada&quot;,laSexta,2016-03-07 21:51:24+00:00,2016,inmigracion
B7rZQku2gAY,@petermelian1346,2018-08-24 20:00:08+00:00,0,¿ Qué sabrán estos nichardos de una ópera ?  La Monserrat Caballé ciertamente no canta óperas con la   ´´  tanvó  ´´   y  lo   ´´  vongó  ´´.,Una inmigrante: &quot;El examen para conseguir la nacionalidad española es una chorrada&quot;,laSexta,2016-03-07 21:51:24+00:00,2016,inmigracion
B7rZQku2gAY,@xiomaraapolinar4562,2020-07-20 22:54:51+00:00,0,"Vergonzoso..dice la Grane "" es una chorrada"" es una pena",Una inmigrante: &quot;El examen para conseguir la nacionalidad española es una chorrada&quot;,laSexta,2016-03-07 21:51:24+00:00,2016,inmigracion
B7rZQku2gAY,@reeerake7399,2019-04-26 15:04:18+00:00,0,Jajaja Ami Nome ace falta pagar ah nadie para cambiar mi nacionalidad con mi nacionalidad me sobra,Una inmigrante: &quot;El examen para conseguir la nacionalidad española es una chorrada&quot;,laSexta,2016-03-07 21:51:24+00:00,2016,inmigracion
B7rZQku2gAY,@uauaaj4626,2017-05-06 22:23:25+00:00,0,Totalmente de acuerdo. Poniendo esas 25 preguntas de mierda que eso lo hacia yo en el cole lo saco con el rabo.. para el proximo año tendrian que poner 200 preguntas.,Una inmigrante: &quot;El examen para conseguir la nacionalidad española es una chorrada&quot;,laSexta,2016-03-07 21:51:24+00:00,2016,inmigracion
B7rZQku2gAY,@ha895,2019-04-24 15:39:01+00:00,0,"Quejándose por 85€ en el resto de los países son miles de dólares y tramitación por medio de abogados y muchos exámenes,  en España  tardaron mucho en cambiar la ley,  soy extranjero pero lo veo bien",Una inmigrante: &quot;El examen para conseguir la nacionalidad española es una chorrada&quot;,laSexta,2016-03-07 21:51:24+00:00,2016,inmigracion
B7rZQku2gAY,@Thelostgame32,2019-05-01 17:34:21+00:00,1,A si nos va mas de fuera que españoles,Una inmigrante: &quot;El examen para conseguir la nacionalidad española es una chorrada&quot;,laSexta,2016-03-07 21:51:24+00:00,2016,inmigracion
B7rZQku2gAY,@dibujodecroquis1684,2019-04-20 19:40:09+00:00,1,"Qué horror, no deberíamos regalar la nacionalidad española así por así.",Una inmigrante: &quot;El examen para conseguir la nacionalidad española es una chorrada&quot;,laSexta,2016-03-07 21:51:24+00:00,2016,inmigracion
B7rZQku2gAY,@Isphanian,2018-07-02 02:26:21+00:00,2,"Hubo en tiempo en que ""ser espanol era una de las cosas mas serias que se pueden ser en este mundo"". Hoy en dia ser espanol es un cachondeo. 

Si al menos emigraran solo mujeres, y bonitas...Pero no.",Una inmigrante: &quot;El examen para conseguir la nacionalidad española es una chorrada&quot;,laSexta,2016-03-07 21:51:24+00:00,2016,inmigracion
B7rZQku2gAY,@zipi1594,2020-08-22 07:11:17+00:00,1,"Que verguenza, encima es tipo test que es un 50 50, y de las preguntas que hacen ni hablemos, las puede resolver hasta un niño de 4 de primaria",Una inmigrante: &quot;El examen para conseguir la nacionalidad española es una chorrada&quot;,laSexta,2016-03-07 21:51:24+00:00,2016,inmigracion
B7rZQku2gAY,@trivela3,2020-07-25 02:54:05+00:00,0,Que preciosa la chica de guinea ecuatorial,Una inmigrante: &quot;El examen para conseguir la nacionalidad española es una chorrada&quot;,laSexta,2016-03-07 21:51:24+00:00,2016,inmigracion
B7rZQku2gAY,@daviparreira7940,2019-03-26 19:56:07+00:00,2,Pues na venga nacionalidad xa todos.. Si total lo paga pedro sanchez..,Una inmigrante: &quot;El examen para conseguir la nacionalidad española es una chorrada&quot;,laSexta,2016-03-07 21:51:24+00:00,2016,inmigracion
B7rZQku2gAY,@gigigigi5892,2019-04-30 22:08:10+00:00,1,A sus países todooooooossss,Una inmigrante: &quot;El examen para conseguir la nacionalidad española es una chorrada&quot;,laSexta,2016-03-07 21:51:24+00:00,2016,inmigracion
B7rZQku2gAY,@mussaranya,2017-08-17 22:39:11+00:00,0,"Pues muchos ""españoles"" no sabemos muchas de las respuestas. Símplemente porque esa no es nuestra cultura: porque tenemos nuestra cultura propia y no nos hace falta el rodillo homogeneizador del nacionalismo español.",Una inmigrante: &quot;El examen para conseguir la nacionalidad española es una chorrada&quot;,laSexta,2016-03-07 21:51:24+00:00,2016,inmigracion
B7rZQku2gAY,@didi1039,2019-04-25 14:12:20+00:00,2,"Si claro porque para conseguir ma nacionalidad solo hay que responder a preguntas como.. a que se dedica penelope cruz? que colores tiene la bandera de españa? .. claro es solo eso y no llevar 10 años viviendo en España, ni presentar contratos de trabajo en cada renovacion de residencias, ni mil papeleos que cuestan tiempo y dinero. Me parece patetico todo esto.. como si este pais fuese el unico en recibir inmigrantes 🤦‍♀️🤦‍♀️🤦‍♀️ votar a Vox y ya hundamos este territorio paleolitico",Una inmigrante: &quot;El examen para conseguir la nacionalidad española es una chorrada&quot;,laSexta,2016-03-07 21:51:24+00:00,2016,inmigracion
B7rZQku2gAY,@armintamzarian8130,2018-08-27 14:58:54+00:00,1,El nauseabundo buen-rollismo de la progresía española y su repugnante superioridad moral.,Una inmigrante: &quot;El examen para conseguir la nacionalidad española es una chorrada&quot;,laSexta,2016-03-07 21:51:24+00:00,2016,inmigracion
B7rZQku2gAY,@davidali3301,2020-08-15 17:56:48+00:00,0,Que horrible acento,Una inmigrante: &quot;El examen para conseguir la nacionalidad española es una chorrada&quot;,laSexta,2016-03-07 21:51:24+00:00,2016,inmigracion
B7rZQku2gAY,@niukaoj,2019-01-14 19:47:17+00:00,2,"No podemos estar repartiendo la nacionalidad así como así. Es patético que le den la nacionalidad a cualquiera.
Cada día soy más xenófobo, ¡y con razón!",Una inmigrante: &quot;El examen para conseguir la nacionalidad española es una chorrada&quot;,laSexta,2016-03-07 21:51:24+00:00,2016,inmigracion
B7rZQku2gAY,@danielfernanfezalmunia7949,2020-07-16 11:10:23+00:00,0,Les pregunten  cuanto cobran en empresas piratas y cuanto tiempo tardarán en arreglar una alluda  y ocupar una vivienda vergüenza de país cada uno achupar de su país,Una inmigrante: &quot;El examen para conseguir la nacionalidad española es una chorrada&quot;,laSexta,2016-03-07 21:51:24+00:00,2016,inmigracion
B7rZQku2gAY,@Dulcinamarin,2018-09-17 12:30:08+00:00,1,Adios España.,Una inmigrante: &quot;El examen para conseguir la nacionalidad española es una chorrada&quot;,laSexta,2016-03-07 21:51:24+00:00,2016,inmigracion
B7rZQku2gAY,@anaalfarobenito578,2017-09-21 19:25:49+00:00,1,"Europa, yo soy española y hay países europeos con nivel del vida altísimo.Si no queréis Europa, porque cojones venís?América quitando Canadá,países en la miseria con más corrupción que en España.No os quejéis, si no nos queréis no vengáis.Ya vienen asiáticos, africano y de Europa del este y no se  quejan tanto, aunque reconozco que España hay mucha corrupción.Pero yo no me voy a otro país.",Una inmigrante: &quot;El examen para conseguir la nacionalidad española es una chorrada&quot;,laSexta,2016-03-07 21:51:24+00:00,2016,inmigracion
B7rZQku2gAY,@javieer9549,2020-09-10 14:16:25+00:00,1,"A la de guinea ecuatorial no se la deberían dar solo por lo que ha dicho aquí, que poco respeto a españa por favor.",Una inmigrante: &quot;El examen para conseguir la nacionalidad española es una chorrada&quot;,laSexta,2016-03-07 21:51:24+00:00,2016,inmigracion
B7rZQku2gAY,@laverdadduele9416,2020-11-24 18:03:43+00:00,0,La primer prueba del examen tiene que ser racial. Si no pasan eso no pueden,Una inmigrante: &quot;El examen para conseguir la nacionalidad española es una chorrada&quot;,laSexta,2016-03-07 21:51:24+00:00,2016,inmigracion
B7rZQku2gAY,@yassdb4080,2019-04-27 08:51:48+00:00,0,"Soy el tipico perfil que cabrearia a los españoles, no he nacido en España, ni he cotizado, ni he pasado el examen y me la dieron tan felices 😂😂😂",Una inmigrante: &quot;El examen para conseguir la nacionalidad española es una chorrada&quot;,laSexta,2016-03-07 21:51:24+00:00,2016,inmigracion
B7rZQku2gAY,@joseramonrodriguezespadas7066,2019-03-01 19:22:14+00:00,2,Q caraduras ...desde luego tendrán la nacionalidad pero españoles no son ...,Una inmigrante: &quot;El examen para conseguir la nacionalidad española es una chorrada&quot;,laSexta,2016-03-07 21:51:24+00:00,2016,inmigracion
B7rZQku2gAY,@jlt8792,2018-06-14 20:52:22+00:00,3,Que sin vergüenzas,Una inmigrante: &quot;El examen para conseguir la nacionalidad española es una chorrada&quot;,laSexta,2016-03-07 21:51:24+00:00,2016,inmigracion
B7rZQku2gAY,@pedropredator9902,2020-07-19 18:08:12+00:00,2,Vox ya,Una inmigrante: &quot;El examen para conseguir la nacionalidad española es una chorrada&quot;,laSexta,2016-03-07 21:51:24+00:00,2016,inmigracion
B7rZQku2gAY,@Heber_Dumorth,2020-07-25 17:31:50+00:00,0,Si no le aparece que se regrese a su país,Una inmigrante: &quot;El examen para conseguir la nacionalidad española es una chorrada&quot;,laSexta,2016-03-07 21:51:24+00:00,2016,inmigracion
B7rZQku2gAY,@fernanfloo009,2017-07-21 16:11:40+00:00,2,Iros a vuestros paises,Una inmigrante: &quot;El examen para conseguir la nacionalidad española es una chorrada&quot;,laSexta,2016-03-07 21:51:24+00:00,2016,inmigracion
B7rZQku2gAY,@josejaviermorillaruiz2460,2020-08-30 14:13:54+00:00,1,"Me siento mucho más seguro con estos nuevos españoles, si entramos en guerra estoy seguro que la señora del pañuelo estaría en contra de Marruecos o cualquier otro enemigo de la patria",Una inmigrante: &quot;El examen para conseguir la nacionalidad española es una chorrada&quot;,laSexta,2016-03-07 21:51:24+00:00,2016,inmigracion
B7rZQku2gAY,@begonasuarezarmas991,2020-08-23 19:49:17+00:00,0,"Es un robo,ser español no implica saber todo eso",Una inmigrante: &quot;El examen para conseguir la nacionalidad española es una chorrada&quot;,laSexta,2016-03-07 21:51:24+00:00,2016,inmigracion
B7rZQku2gAY,@cuentosdejuno2099,2019-04-30 14:23:07+00:00,1,"La mora si no se quita el pañuelo no puede ser española, que se adapte",Una inmigrante: &quot;El examen para conseguir la nacionalidad española es una chorrada&quot;,laSexta,2016-03-07 21:51:24+00:00,2016,inmigracion
B7rZQku2gAY,@nadieleimporta9889,2019-05-04 00:50:45+00:00,0,"Repartiendo nacionalidades como si fueran flyers de discoteca con un par de preguntas chorras.. que bajo esta cayendo este país!!! qué vergüenza. Disfruten de lo votado..paro, descontrol y miseria para todos.",Una inmigrante: &quot;El examen para conseguir la nacionalidad española es una chorrada&quot;,laSexta,2016-03-07 21:51:24+00:00,2016,inmigracion
B7rZQku2gAY,@martinezthuglife88,2019-05-01 00:23:45+00:00,0,Más teníais que pasar,Una inmigrante: &quot;El examen para conseguir la nacionalidad española es una chorrada&quot;,laSexta,2016-03-07 21:51:24+00:00,2016,inmigracion
B7rZQku2gAY,@shihuiyu7307,2020-08-15 13:15:02+00:00,0,Arrogant interviewer.,Una inmigrante: &quot;El examen para conseguir la nacionalidad española es una chorrada&quot;,laSexta,2016-03-07 21:51:24+00:00,2016,inmigracion
B7rZQku2gAY,@willneverforgets3341,2019-08-26 07:57:58+00:00,0,"Las preguntas son tonterías... deberían ser más sobre el sistema constitucional, derechos y deberes... etc no sobre tortillas de patatas ni Monserrat Caballé...",Una inmigrante: &quot;El examen para conseguir la nacionalidad española es una chorrada&quot;,laSexta,2016-03-07 21:51:24+00:00,2016,inmigracion
B7rZQku2gAY,@Antonio-kw5ku,2019-04-28 14:27:23+00:00,1,A vuestro país,Una inmigrante: &quot;El examen para conseguir la nacionalidad española es una chorrada&quot;,laSexta,2016-03-07 21:51:24+00:00,2016,inmigracion
B7rZQku2gAY,@wargreymon4433,2022-05-29 21:00:23+00:00,0,0:48 la primera mujer hermosa que veo en España.,Una inmigrante: &quot;El examen para conseguir la nacionalidad española es una chorrada&quot;,laSexta,2016-03-07 21:51:24+00:00,2016,inmigracion
B7rZQku2gAY,@jamesmaverick1806,2020-07-02 19:52:33+00:00,0,"a la chica dominicana tan mona, arrea a tu pais, si tan orgullosa stas de guinea ecuatorial, es curioso que los mas pobres de paises subdesarrolados sten mas orgullosos de su pais de origen, que nosotros mismos,",Una inmigrante: &quot;El examen para conseguir la nacionalidad española es una chorrada&quot;,laSexta,2016-03-07 21:51:24+00:00,2016,inmigracion
B7rZQku2gAY,@robertoafonsomateo8699,2021-01-11 09:50:28+00:00,1,"LA.NACIONALIDAD SE.REGALA, SON POLITICAS POGRES ., para que les voten",Una inmigrante: &quot;El examen para conseguir la nacionalidad española es una chorrada&quot;,laSexta,2016-03-07 21:51:24+00:00,2016,inmigracion
B7rZQku2gAY,@Lolitocat,2021-06-15 12:53:41+00:00,0,La nacionalidad se debería dar a las personas que de verdad se sientan que forman parte de España y la defiendan. La chica de Guinea-Ecuatorial debería tenerla ya que su pais fue parte de España en el pasado.,Una inmigrante: &quot;El examen para conseguir la nacionalidad española es una chorrada&quot;,laSexta,2016-03-07 21:51:24+00:00,2016,inmigracion
B7rZQku2gAY,@danielmsms,2020-07-21 00:58:46+00:00,0,"Que pena que esa mujer hable así. Ojalá hubieran dado un examen más  serio, así salía esa muchacha gritando que hay xenofobia. Gracias España por llegar a América primero. Antes de los españoles no existía ni una sola rueda en toda América",Una inmigrante: &quot;El examen para conseguir la nacionalidad española es una chorrada&quot;,laSexta,2016-03-07 21:51:24+00:00,2016,inmigracion
B7rZQku2gAY,@francescomusicco9333,2020-07-23 10:05:41+00:00,0,Such a racist country Spain?I mean seriously?if they don't pass the exam the have to go back to their countries?🤦,Una inmigrante: &quot;El examen para conseguir la nacionalidad española es una chorrada&quot;,laSexta,2016-03-07 21:51:24+00:00,2016,inmigracion
B7rZQku2gAY,@kevinalvarez5316,2019-04-24 20:57:30+00:00,0,😂😂😂😂😂😂 ahora cualquiera puede ser blanco con un examen,Una inmigrante: &quot;El examen para conseguir la nacionalidad española es una chorrada&quot;,laSexta,2016-03-07 21:51:24+00:00,2016,inmigracion
B7rZQku2gAY,@absjorndeutschlandgermany9300,2019-09-12 22:02:13+00:00,0,Cada año España es menos Española y más del Mundo... Del sur hasta mas abajo...,Una inmigrante: &quot;El examen para conseguir la nacionalidad española es una chorrada&quot;,laSexta,2016-03-07 21:51:24+00:00,2016,inmigracion
B7rZQku2gAY,@rambojonas,2018-06-14 04:19:05+00:00,1,Estos españoles son los mas racistas,Una inmigrante: &quot;El examen para conseguir la nacionalidad española es una chorrada&quot;,laSexta,2016-03-07 21:51:24+00:00,2016,inmigracion
B7rZQku2gAY,@robertoortiz5707,2020-08-05 02:27:56+00:00,0,"Bueno! Si es una chorreada. Regresate!!!
Ahora q ya la tienes sacas loa colmillos.
Mal!!!
Ser humilde con el pais q te da una mejor vida",Una inmigrante: &quot;El examen para conseguir la nacionalidad española es una chorrada&quot;,laSexta,2016-03-07 21:51:24+00:00,2016,inmigracion
B7rZQku2gAY,@danieln.6266,2019-05-02 03:16:57+00:00,1,S los maroquines le daria un nabo.nos quieren conquistar desde sus ventres,Una inmigrante: &quot;El examen para conseguir la nacionalidad española es una chorrada&quot;,laSexta,2016-03-07 21:51:24+00:00,2016,inmigracion
B7rZQku2gAY,@torukmaktu9856,2020-07-22 10:44:43+00:00,1,A vuestro pais,Una inmigrante: &quot;El examen para conseguir la nacionalidad española es una chorrada&quot;,laSexta,2016-03-07 21:51:24+00:00,2016,inmigracion
B7rZQku2gAY,@JuanDavid-lh8tg,2020-07-23 18:54:40+00:00,0,Pues que se vaya pa su país,Una inmigrante: &quot;El examen para conseguir la nacionalidad española es una chorrada&quot;,laSexta,2016-03-07 21:51:24+00:00,2016,inmigracion
B7rZQku2gAY,@rebecachacon9764,2017-04-15 21:44:08+00:00,0,viva los arabes  alaho akbar,Una inmigrante: &quot;El examen para conseguir la nacionalidad española es una chorrada&quot;,laSexta,2016-03-07 21:51:24+00:00,2016,inmigracion
B7rZQku2gAY,@eudinsantana1772,2020-11-15 16:14:31+00:00,0,Quiero ver los españoles dentro de 50 años a ver que cara tendrán ni su idioma hablan bien diossss que perdida de identidad más grande 😒😒😒,Una inmigrante: &quot;El examen para conseguir la nacionalidad española es una chorrada&quot;,laSexta,2016-03-07 21:51:24+00:00,2016,inmigracion
kYwgJLwTt5c,@bartologomezlopez2737,2019-02-24 12:33:08+00:00,1,"Y cual es el costo de la inmigración, en ayudas sociales que ningún  politico de tripa llena explica?",La inmigración empuja la población española,Europa Press,2016-12-16 12:18:23+00:00,2016,inmigracion
kYwgJLwTt5c,@bartologomezlopez2737,2019-02-24 12:36:02+00:00,0,200.000 €  y banquero ladrón que dice?,La inmigración empuja la población española,Europa Press,2016-12-16 12:18:23+00:00,2016,inmigracion
kYwgJLwTt5c,@javijauregui3558,2018-08-20 04:39:22+00:00,1,5 millone de parados 6 de inmgrantes de vueta a casa hasta ke se arregle el paro,La inmigración empuja la población española,Europa Press,2016-12-16 12:18:23+00:00,2016,inmigracion
kYwgJLwTt5c,@halcon5743,2018-11-02 10:17:29+00:00,3,VOX,La inmigración empuja la población española,Europa Press,2016-12-16 12:18:23+00:00,2016,inmigracion
kYwgJLwTt5c,@dogolover4924,2017-04-12 15:05:06+00:00,1,ME VOY A ESPAÑA 🇪🇸 !! TODA MI FAMILIA VIVE AHÍ Y AMAN ESPAÑA TAMBIÉN !! LATINOAMÉRICA NO TIENE NADA PARA OFRECER !!,La inmigración empuja la población española,Europa Press,2016-12-16 12:18:23+00:00,2016,inmigracion
a8M8pW48ork,@MFT662,2018-01-24 16:48:11+00:00,8,el mejor resumen de la España actual que he escuchado jamás!!! Grande este hombre!,Cesar Vidal hablando claro sobre la inmigración en España.,David PB,2016-04-13 10:20:00+00:00,2016,inmigracion
a8M8pW48ork,@asuncionfeito4113,2019-06-20 21:28:46+00:00,0,Muchas gracias don Cesar.,Cesar Vidal hablando claro sobre la inmigración en España.,David PB,2016-04-13 10:20:00+00:00,2016,inmigracion
a8M8pW48ork,@asuncionfeito4113,2019-01-11 10:39:42+00:00,1,Genial como siempre don Cesar.,Cesar Vidal hablando claro sobre la inmigración en España.,David PB,2016-04-13 10:20:00+00:00,2016,inmigracion
a8M8pW48ork,@ritamanuelavazquez3761,2018-08-24 17:07:06+00:00,1,magnifico! clarisimo.....Viva España!!!.....elecciones ya!,Cesar Vidal hablando claro sobre la inmigración en España.,David PB,2016-04-13 10:20:00+00:00,2016,inmigracion
a8M8pW48ork,@ruthmurias1804,2016-09-08 22:12:13+00:00,47,Totalmente de Acuerdo Cesar..ya era hora de que alguien dijese lo que pensamos todos,Cesar Vidal hablando claro sobre la inmigración en España.,David PB,2016-04-13 10:20:00+00:00,2016,inmigracion
a8M8pW48ork,@Sandra-w5u,2025-12-27 13:38:02+00:00,0,Let us preach the gospel to the ones that come from other cultures these days. God works in mysterious ways and always blesses people out of a bad situation. Amen. ❤ Blessings,Cesar Vidal hablando claro sobre la inmigración en España.,David PB,2016-04-13 10:20:00+00:00,2016,inmigracion
a8M8pW48ork,@carmengonzalez7664,2019-12-18 08:24:05+00:00,1,En todo.tiene razón,Cesar Vidal hablando claro sobre la inmigración en España.,David PB,2016-04-13 10:20:00+00:00,2016,inmigracion
a8M8pW48ork,@Miguel-yu3we,2018-08-26 03:40:11+00:00,0,Amén,Cesar Vidal hablando claro sobre la inmigración en España.,David PB,2016-04-13 10:20:00+00:00,2016,inmigracion
a8M8pW48ork,@a.m.xdignidad3953,2018-07-26 17:13:05+00:00,1,"Sí, Cesar Vidal, tiene TODA la RAZÓN,
gracias por hablar la VEDAD",Cesar Vidal hablando claro sobre la inmigración en España.,David PB,2016-04-13 10:20:00+00:00,2016,inmigracion
a8M8pW48ork,@randomstuff6553,2018-03-05 01:34:41+00:00,1,que razon tienes,Cesar Vidal hablando claro sobre la inmigración en España.,David PB,2016-04-13 10:20:00+00:00,2016,inmigracion
a8M8pW48ork,@carlosteran6533,2017-07-18 03:32:46+00:00,2,"Totalmente de acuerdo sobre este punto, un saludo desde Alcalá de Henares César. Sin duda hace años ke me gustaría ir a vivir a EEUU, creo sería más feliz.",Cesar Vidal hablando claro sobre la inmigración en España.,David PB,2016-04-13 10:20:00+00:00,2016,inmigracion
a8M8pW48ork,@azucenapalacios,2018-02-16 01:13:43+00:00,8,Todos estos sucesos no lo dicen en la televisión ni en la radio es vergonzoso lo que se ríen de nosotros los inmigrantes de muchos países y lo que nos espera en un futuro  una autentica ruina para España......,Cesar Vidal hablando claro sobre la inmigración en España.,David PB,2016-04-13 10:20:00+00:00,2016,inmigracion
a8M8pW48ork,@miguelherreraprieto7981,2020-08-14 01:00:01+00:00,0,👍👏,Cesar Vidal hablando claro sobre la inmigración en España.,David PB,2016-04-13 10:20:00+00:00,2016,inmigracion
a8M8pW48ork,@josemorenolopez3605,2019-08-21 18:53:23+00:00,0,Si señorrrr,Cesar Vidal hablando claro sobre la inmigración en España.,David PB,2016-04-13 10:20:00+00:00,2016,inmigracion
a8M8pW48ork,@franciscomorales7521,2018-08-05 18:07:16+00:00,0,Aquí tienes un seguidor más,Cesar Vidal hablando claro sobre la inmigración en España.,David PB,2016-04-13 10:20:00+00:00,2016,inmigracion
a8M8pW48ork,@nachocabido2142,2018-05-26 13:08:41+00:00,4,Cesar puto amo,Cesar Vidal hablando claro sobre la inmigración en España.,David PB,2016-04-13 10:20:00+00:00,2016,inmigracion
a8M8pW48ork,@Isphanian,2018-06-29 04:08:12+00:00,6,B.R.A.V.O!!!!!!!,Cesar Vidal hablando claro sobre la inmigración en España.,David PB,2016-04-13 10:20:00+00:00,2016,inmigracion
a8M8pW48ork,@martinverdunmarin1670,2018-07-22 15:12:42+00:00,0,Las verdades duelen,Cesar Vidal hablando claro sobre la inmigración en España.,David PB,2016-04-13 10:20:00+00:00,2016,inmigracion
a8M8pW48ork,@vientolevante,2016-08-05 16:45:15+00:00,58,"Esto se llama Plan Kalergi, buscad en inteternet. Bien por D. Cesar.",Cesar Vidal hablando claro sobre la inmigración en España.,David PB,2016-04-13 10:20:00+00:00,2016,inmigracion
a8M8pW48ork,@stopainvasion,2017-04-30 15:02:12+00:00,39,HASTA LA RUINA FINAL Y LUEGO TODO SERA LLORAR. PERO NADIE HA HECHO NADA DE NADA Y NUESTROS POLITICOS VENDIENDONOS COMO SIEMPRE.,Cesar Vidal hablando claro sobre la inmigración en España.,David PB,2016-04-13 10:20:00+00:00,2016,inmigracion
a8M8pW48ork,@pacojrodri5904,2018-12-27 00:39:55+00:00,0,"El acento moro le queda muy bien, felicidades",Cesar Vidal hablando claro sobre la inmigración en España.,David PB,2016-04-13 10:20:00+00:00,2016,inmigracion
a8M8pW48ork,@tererodriguez560,2018-12-16 23:45:09+00:00,0,"Somos todos tan buenos samaritanos, que el que viene de fuera tienen preferencia sobre nosotros, esto se sabe hace años y los políticos no hacen nada, mientras que a nosotros nos desangran económicamente, para pagar a los de fuera, las becas tienen preferencia ellos lo sé desgraciadamente, las ayudas primero muchos colectivos, yo me quedé viuda con cuatro hijos y una pensión de miseria, y fui a la asistente social de mi municipio solo para que me ayudaran un mes hasta que cobrará la pensión, pues yo no trabajaba fuera de casa ni ninguno de mis hijos, hasta que encontrara yo un trabajo y como me puse a llorar, la asistente social, me dijo que lo que tenía que hacer es pedir ayuda a un psicólogo, no dije nada y me marché, no puse ni siquiera una queja¡ y esto ya hace unos cuantos años. Afortunadamente trabaje, en lo que me iba saliendo y mis hijos salieron adelante sin ayuda de absolutamente nadie,",Cesar Vidal hablando claro sobre la inmigración en España.,David PB,2016-04-13 10:20:00+00:00,2016,inmigracion
a8M8pW48ork,@christinaschaar3638,2018-08-21 09:27:15+00:00,1,MAS CLARO QUE EL AGUA,Cesar Vidal hablando claro sobre la inmigración en España.,David PB,2016-04-13 10:20:00+00:00,2016,inmigracion
a8M8pW48ork,@jjmorillas7169,2019-02-19 10:32:29+00:00,0,"Esto si no se resuelve por parte de los políticos, nos espera tiempos muy oscuros, la guerra esta próxima, los españoles  estamos muy artos de que nos llegue gente de fuera a quitarnos el pan de la boca.",Cesar Vidal hablando claro sobre la inmigración en España.,David PB,2016-04-13 10:20:00+00:00,2016,inmigracion
a8M8pW48ork,@lola-kio,2018-09-07 18:23:54+00:00,1,"y DOS años despues se hizo realidad!! amigo buenas tardes!!
el.programa sigue?????????",Cesar Vidal hablando claro sobre la inmigración en España.,David PB,2016-04-13 10:20:00+00:00,2016,inmigracion
a8M8pW48ork,@reydecopas6309,2018-02-06 10:06:07+00:00,32,"Cesar Vidal NO es mi escritor/presentador preferido, pero debo decir que en muchos aspectos tiene razon y especialmente en este caso de la inmigracion",Cesar Vidal hablando claro sobre la inmigración en España.,David PB,2016-04-13 10:20:00+00:00,2016,inmigracion
a8M8pW48ork,@mariburgosburgos249,2018-08-31 14:37:37+00:00,0,Si señor tiene toda la razón nuestros padres trabajando toda la vida con el sudor de su frente la gente tiene que habría los ojos yo tengo una rabia fuera los negros se a vuelto locos los gobierno lastima de nosotros de nuestros hijos nuestros padres y nuestros abuelos y los emigrantes ala pon las manos sin trabajar sin sudar pena ninguna espabilar españoles despertar por dios que nos comen viva España,Cesar Vidal hablando claro sobre la inmigración en España.,David PB,2016-04-13 10:20:00+00:00,2016,inmigracion
a8M8pW48ork,@Pela_FustaN,2018-09-24 03:32:34+00:00,4,"100.000 euros por transplante ,imaginen a cuantas familias españolas que lo pasan mal se les puede dar de lo mas básico que es de comer,echen cuentas si se transplantan 100 personas o mas,luego hay carencias en la sanidad en cosas elementales para la gente de aquí que cotizó mas de 40 años y precisamente se dejo la salud en ello para que venga un bulgaro y lo tenga todo GRATIS.",Cesar Vidal hablando claro sobre la inmigración en España.,David PB,2016-04-13 10:20:00+00:00,2016,inmigracion
a8M8pW48ork,@pinkiwinki3564,2018-08-21 07:57:32+00:00,2,"por no  estar casada con mi pareja y ser ama de casa provisionalmente soy española de padres(  y decendencia de muchas generaciones de españoles) y mi  pareja es española de pura sepa tenemos un hijo en comun ,hace unos poquisimos años me denegaros los servicios sanitarios por no trabajar, al final se areglo el asunto ,me quede de piedra cuando me di cuenta que muchos imigrante sin trabajar solo por estar empatronado tenia el derecho a sanidad sanitaria.",Cesar Vidal hablando claro sobre la inmigración en España.,David PB,2016-04-13 10:20:00+00:00,2016,inmigracion
a8M8pW48ork,@amaiagonzalez7864,2017-03-26 21:14:11+00:00,13,"felicidades, por el estupendo programa, y tema, tienes mucha razón., yo desde luego no puedo evitar decir lo que pienso, y con el debido respeto., cuando nos agredan de verdad y muy a menudo, o entren en  nuestras casas, y no nos sirva ni el voto, porque seamos una minoría, ya veremos lo caro que nos sale el pasotismo",Cesar Vidal hablando claro sobre la inmigración en España.,David PB,2016-04-13 10:20:00+00:00,2016,inmigracion
a8M8pW48ork,@gabrielvela7639,2018-08-26 21:37:28+00:00,1,Viva españa,Cesar Vidal hablando claro sobre la inmigración en España.,David PB,2016-04-13 10:20:00+00:00,2016,inmigracion
a8M8pW48ork,@jonathanv.g6325,2018-09-05 05:34:16+00:00,1,Si así fue ???,Cesar Vidal hablando claro sobre la inmigración en España.,David PB,2016-04-13 10:20:00+00:00,2016,inmigracion
a8M8pW48ork,@F.J.C.C.,2019-03-30 23:51:34+00:00,0,"Si es que estamos en España!! D. César. 
Ya no cabe un tonto más, somos así de imbéciles.  Nos están dando por todas partes y tan contentos. De verdad, es que hace falta urgentemente que alguien con dos dedos de luces coja las riendas de este país, # todavía llamado España #",Cesar Vidal hablando claro sobre la inmigración en España.,David PB,2016-04-13 10:20:00+00:00,2016,inmigracion
a8M8pW48ork,@carlosciurana293,2023-07-27 13:34:48+00:00,1,"Cesar Vidal tienes toda la razón, en cambio tengo una amiga que tiene una discapacidad del 65 por ciento y le pagan 480 euros al mes intenta buscar trabajo y le dicen que es mayor ya que tiene 58 años y no encuentra trabajo y con lo que le dan no tiene para comer y tiene que ir a comer a Cáritas, en cambio esta gente que nunca han cotizado y le dan más que a mi amiga, es una vergüenza 😂😂",Cesar Vidal hablando claro sobre la inmigración en España.,David PB,2016-04-13 10:20:00+00:00,2016,inmigracion
a8M8pW48ork,@javierlozanoolarte485,2019-06-15 22:33:49+00:00,0,"Da gusto estar en El Lid ,me siento extranjero 🤔😳🤪",Cesar Vidal hablando claro sobre la inmigración en España.,David PB,2016-04-13 10:20:00+00:00,2016,inmigracion
a8M8pW48ork,@EnergíaPositivaenelCamin,2019-04-21 19:06:18+00:00,0,"Yo soló quiero lo mío no pido ayudas!. Soy de Marruecos he gastado todos mis ahorros, (30 mil euros tengo justificantes) lo que he ganado trabajando en Marruecos, y ahora aquí estoy sufriendo dolores, gaste todos mis ahorros e  no he recibido ninguna indemnización por los daños y secuelas de una accidente que he tenido en camino de coin, Málaga, España..Estado en coma,  once puntos en la cabeza, cuatro costillas rotas una me pincho el pulmón  me dio morrajella entrena,  y siete fracturas en la columna me cuesta trabajo ponerme en pies, tengo muchos dolores en las rodillas, íbamos cuatro uno muerto en el acto.. Compartir la información para que no caiga la gente en trampas del seguro de Allianz seguros. Gracias  @ …",Cesar Vidal hablando claro sobre la inmigración en España.,David PB,2016-04-13 10:20:00+00:00,2016,inmigracion
a8M8pW48ork,@gabrielvela7639,2018-08-26 21:45:41+00:00,0,Pero gue verdad,Cesar Vidal hablando claro sobre la inmigración en España.,David PB,2016-04-13 10:20:00+00:00,2016,inmigracion
a8M8pW48ork,@pakitomercante,2016-08-03 00:36:58+00:00,26,"Jajjaja si que estaba cabreado don César, pero me he reido mucho, le veo razón en casi todo como siempre",Cesar Vidal hablando claro sobre la inmigración en España.,David PB,2016-04-13 10:20:00+00:00,2016,inmigracion
a8M8pW48ork,@jesusgonzalez-mh1md,2017-09-03 01:33:42+00:00,9,exelente descripcion   eres el mejor Cesar...,Cesar Vidal hablando claro sobre la inmigración en España.,David PB,2016-04-13 10:20:00+00:00,2016,inmigracion
a8M8pW48ork,@juanadearco8355,2019-01-09 18:57:53+00:00,1,Tiene toda la razón estos gobiernos no están dejando una españa de inmigrantes con preferencia en todo,Cesar Vidal hablando claro sobre la inmigración en España.,David PB,2016-04-13 10:20:00+00:00,2016,inmigracion
a8M8pW48ork,@por1millon,2018-07-06 00:01:58+00:00,0,"Es curioso.... si eres musico y eres Español,   no pierdas tu tiempo solicitando el carnet de musico de calle en el ayuntamiento de barcelona;  sólo se lo dan a extranjeros...  quizá puedes tener una posibilidad entre mil  si tu repertorio es catalán.",Cesar Vidal hablando claro sobre la inmigración en España.,David PB,2016-04-13 10:20:00+00:00,2016,inmigracion
a8M8pW48ork,@baranoides,2016-10-08 14:42:07+00:00,37,"Si solo hay que ver la política migratoria de Rusia o Japón y como casi todos los países europeos  tienen partidos nacionales menos España que tiene tropecientos separatistas y ni uno NACIONAL. Sin ir más lejos Hungría, supeditará en referendum las cuotas de inmigración impuestas por los burócratas de Bruselas. Menuda lección de DEMOCRACIA",Cesar Vidal hablando claro sobre la inmigración en España.,David PB,2016-04-13 10:20:00+00:00,2016,inmigracion
a8M8pW48ork,@joseluissantosmartinez4401,2019-03-01 17:02:20+00:00,0,"Si cualquiera de nosotros vamos a Francia o a otro país de Europa o a Estados Unidos, Canadá, etc, vamos a pedir, desde España, un transplante o una, dialisis por nuestra cuenta, sin recomendación de los médicos de nuestro país, ya que di estamos en tratamiento en nuestro país, es el médico y la seguridad social española quien se tiene que poner en contacto con la, seguridad social de ese país, ni siquiera nos reciben.",Cesar Vidal hablando claro sobre la inmigración en España.,David PB,2016-04-13 10:20:00+00:00,2016,inmigracion
a8M8pW48ork,@TECNOBIEN,2019-09-21 09:14:17+00:00,0,pues mi puntuacion es un 10 sobre 10,Cesar Vidal hablando claro sobre la inmigración en España.,David PB,2016-04-13 10:20:00+00:00,2016,inmigracion
a8M8pW48ork,@Auscomer25,2018-08-22 21:03:39+00:00,0,Eleccionesya.es      firmad y difundir!!,Cesar Vidal hablando claro sobre la inmigración en España.,David PB,2016-04-13 10:20:00+00:00,2016,inmigracion
a8M8pW48ork,@jesuisravi,2017-08-16 23:00:38+00:00,0,"El hombre propone, Dios dispone",Cesar Vidal hablando claro sobre la inmigración en España.,David PB,2016-04-13 10:20:00+00:00,2016,inmigracion
a8M8pW48ork,@hispanicusJr,2018-06-13 20:07:05+00:00,0,"me parec que se esta  mezclando dos o mas cosas que si bien es cierto se rozan , no necesariamente una es efecto de la otra , vivo en italia ( que se asemejan a los espagnoles ) y trabajo en una area que ningun italiano lo quiere ( yo tampoco pero no tengo eleccion ) , los poco que llegaron se largaron al mes y por que ?  por que nadie quiere perderse los fines de semana en casita o con sus movidas de trago  , nadie quiere dejar sus vacaiones a calabria , cerdena etc y claro con un prestamo de la banca, mejor ! , nadie quiere trabajar en navidad ,y demas fiestas , nadie quiere doblarse las espaldas y tanto menos desgastar sus bonitas manitos y claro para mantenerse asi hay que gastar hasta endeudarse y si no se puede pues a pedir prestamos a la mama o peor ahun mamarle  su sueldo o pension   y piensa tu quienes son los primeros en dar este ejemplo ? pue quien mas , los politicos ...en agosto las ciudades se vacian  solo deambulan  oscuritos que ya parece que estas en marruecos ,,,,,,,cesar vidal despotrica , pero probablemente es uno que no se perdia sus vacaiones ( estas en tu derecho )exageradas y despedia a sus hijos o sobrinos al aeropuerto para el bonito fin de semana mientras unos tontos como yo trabajaban y otros mas numerosos ladronzuelos ( generalmente subsharianos ) se dedicaban a robar  , vagar o peor ahun : a conspirar",Cesar Vidal hablando claro sobre la inmigración en España.,David PB,2016-04-13 10:20:00+00:00,2016,inmigracion
a8M8pW48ork,@franciscogisbert5300,2018-08-26 18:14:06+00:00,2,"No sabéis por qué paso eso.
Pues cuando esto las pagas que keriandar Heran muy bajas y el nivel de vida no es pars estar trabajando por 4 duros.
Ahora está mierda política prestan Max ayudas a esta gente y los españoles que lesden",Cesar Vidal hablando claro sobre la inmigración en España.,David PB,2016-04-13 10:20:00+00:00,2016,inmigracion
a8M8pW48ork,@mariecarmentrivino2746,2018-07-08 14:45:31+00:00,0,"Si nosotros fuéramos a el País de estos inmigrantes, tendríamos que adaptarnos     a sus costumbres, religión y no tendríamos tantos privilegios. Y no soy racista! Mc",Cesar Vidal hablando claro sobre la inmigración en España.,David PB,2016-04-13 10:20:00+00:00,2016,inmigracion
a8M8pW48ork,@emakonso1952,2019-05-30 20:40:19+00:00,0,"Comienza diciendo que es para echarse a llorar amargamente. Yo lloro amargamente cuando veo a un teólogo e historiador de la Iglesia olvidando el Venid benditos de mi Padre porque fui extranjero.... El disparate es decir Señor, Señor y hacer ímprobos esfuerzos para no entrar en el Reino de los Cielos.",Cesar Vidal hablando claro sobre la inmigración en España.,David PB,2016-04-13 10:20:00+00:00,2016,inmigracion
a8M8pW48ork,@joseh.4059,2018-03-14 19:41:17+00:00,52,"Es injusto igualar en derechos al que viene de fuera con respecto al español. Es muy simple, el español a cotizado toda su vida y antes que el cotizo su padre y antes su abuelo. Y esto nunca lo podra decir el migrante. La nación española la hemos construido los españoles para los españoles, y no para el que venga de fuera. Es lo mismo que si un alcalde de una población exige que cojas a tus hijos y los obligues a compartir todo con unos hijos de un desconocido, los metas en tu casa, les des de comer, les pagues la escuela, la comida, la ropa, todo, eso seria injusto, porque tu economía no alcanza para algo así, y lógicamente primero son tus hijos antes que los hijos de un desconocido. De la misma manera esta llegada masiva e injusta de migrantes a los que cada vez se les subvenciona mas y mas es totalmente injusto y discriminatorio para el español. En la medida en que se les den derechos y ventajas a los migrantes se los están quitando a muchos españoles en situación de precariedad. Ya no se puede acallar la realidad de que muchísimas ONGs prefieren por sistema ayudar al migrante que al español, y todavía se tiene el cinismo de llamarlo discriminación positiva. esto es aberrante y suicida para nuestro pais. Asi encima se produce el efecto llamada creando una ilusión en el Tercer Mundo de que esto es Jauja, pues nada mas saltar la frontera ya tienes medico y sanidad gratuita, eso si a costa de los impuestos del trabajador español, y asi mas y mas como la paguita, subvención viviendas, etc, creando una verdadera plaga de parásitos caraduras que vienen ya crecidos creyendo que tienen derecho a todo y olvidando que NO tienen tales derechos por el hecho de que se les deje entrar por caridad y encima se atreven a protestar. Esto es un suicidio y una autentica imbecilidad impuesta desde el exterior por personajes malnacidos como el viejo George Soros que solo busca destruir Europa y sus señas de identidad . Y el colmo es que se prefieran supuestos refugiados musulmanes antes que cristianos. La gente ya esta harta de tanto inmigrante que ademas defraudan los que mas, y constituyen el problema numero uno de España y Europa. NO A LA INMIGRACION, cierre de fronteras, y ordenamiento de todos los que ya han entrado expulsando a una buena parte de ellos que son ilegales, deportación inmediata de todo el que cometa un delito aunque sea menor. Tolerancia cero con los migrantes musulmanes. ¿Porque la clase política traidora no hace un referendum sobre inmigración? pues esta claro porque la mayoría de los españoles votarían por el cierre de frontera y la deportación de una gran cantidad de los que se han colado, que solo vienen a pillar todo cuanto puedan descaradamente. NO A LA INMIGRACION. Los españoles por derecho natural somos primero, le disguste a quien le disguste....",Cesar Vidal hablando claro sobre la inmigración en España.,David PB,2016-04-13 10:20:00+00:00,2016,inmigracion
a8M8pW48ork,@jesuslopezpenalver5408,2016-11-18 12:47:08+00:00,19,"no se' de que se sorprenden, cuando en un episodio de los Simson hacen alusion a este tema.

pd. es en una visita a jerusalem, cuando el guia turistico dice; nos expulsaron de España, donde dejan entrar a todo el mundo.
asi son las cosas.",Cesar Vidal hablando claro sobre la inmigración en España.,David PB,2016-04-13 10:20:00+00:00,2016,inmigracion
a8M8pW48ork,@carmensanchez731,2018-10-20 18:56:37+00:00,1,"VOX España .ni un paso atrás VOX VOX ..VOX VOX 
VOX por una España VIVA otra ves",Cesar Vidal hablando claro sobre la inmigración en España.,David PB,2016-04-13 10:20:00+00:00,2016,inmigracion
a8M8pW48ork,@javijauregui3558,2018-04-30 05:48:59+00:00,1,No e conozido a nadie ke no aga los trabajos si les pagan lo justo aora son politicos i empresarios kes les vienen vien robar a mano de obra varata e tengo mania a este tio pero tiene razon mas ke 1 santo,Cesar Vidal hablando claro sobre la inmigración en España.,David PB,2016-04-13 10:20:00+00:00,2016,inmigracion
a8M8pW48ork,@luisandrescisneros6801,2017-07-16 14:25:06+00:00,9,"La culpa es de los chorizos de políticos que tenemos. Muy bien Señor Vidal, con un par",Cesar Vidal hablando claro sobre la inmigración en España.,David PB,2016-04-13 10:20:00+00:00,2016,inmigracion
a8M8pW48ork,@rosamariamartinezdiez1499,2018-08-27 12:36:15+00:00,0,"Añado: 
cuando lo hace el partido al q NO se vota ¡es lo peor de lo peor!.
Faltaba el NO.",Cesar Vidal hablando claro sobre la inmigración en España.,David PB,2016-04-13 10:20:00+00:00,2016,inmigracion
a8M8pW48ork,@encarnaamores6157,2018-07-22 07:10:11+00:00,0,Ser ran bueno da asta casco,Cesar Vidal hablando claro sobre la inmigración en España.,David PB,2016-04-13 10:20:00+00:00,2016,inmigracion
a8M8pW48ork,@joseluissantosmartinez4401,2019-03-01 17:14:18+00:00,0,"Esto de ir al medico diciéndole lo que tiene que hacer y mucho menos que un extranjero venga a, España din más y le diga al médico me tienes que operar de esto o de lo otro o me tienes que poner este o este tratamiento, sin que el medico de su país, donde entiendo se está tratando certifique nada de esto ni la seguridad social de su país se ponga en contacto con la seguridad social española y viceversa, es anormal.
Sólo puede entenderse con la complicidad de médicos españoles y autoridades sanitarias españolas.",Cesar Vidal hablando claro sobre la inmigración en España.,David PB,2016-04-13 10:20:00+00:00,2016,inmigracion
a8M8pW48ork,@nosurrendernosurrender6628,2018-03-24 10:28:17+00:00,7,"Hay que quitar ayudas a los musulmanes ,que después no hay dinero para pagar pensiones.",Cesar Vidal hablando claro sobre la inmigración en España.,David PB,2016-04-13 10:20:00+00:00,2016,inmigracion
a8M8pW48ork,@jumope1,2018-10-13 06:13:56+00:00,1,Señor cuente toda la historia para no crear prejuicios usted enfoca las cosas pero con información incompleta debéis decir las cosas completas // si contara la historia completa seguro el 98 % nisiquiera contestaría comentarios,Cesar Vidal hablando claro sobre la inmigración en España.,David PB,2016-04-13 10:20:00+00:00,2016,inmigracion
a8M8pW48ork,@hochimin4819,2017-12-03 22:33:44+00:00,0,"En España nunca ha habido pleno empleo, lo más cerca fue con ZP,  entre un 7 y un 8%",Cesar Vidal hablando claro sobre la inmigración en España.,David PB,2016-04-13 10:20:00+00:00,2016,inmigracion
a8M8pW48ork,@msmm.2871,2018-08-03 22:10:20+00:00,0,"Lo políticamente correcto nos llevará inexorablemente al desastre. Y después a reclamar al maestro armero. Somos tontacos pa siempre.
Salam malecum ! Al tiempo ...",Cesar Vidal hablando claro sobre la inmigración en España.,David PB,2016-04-13 10:20:00+00:00,2016,inmigracion
a8M8pW48ork,@rafaellarrea4508,2019-10-01 11:29:14+00:00,0,En la Rusia asiática hay sitio para todos.¿Por qué nadie emigra allí?,Cesar Vidal hablando claro sobre la inmigración en España.,David PB,2016-04-13 10:20:00+00:00,2016,inmigracion
a8M8pW48ork,@ruthmurias1804,2016-09-08 22:15:48+00:00,11,ajajajja muy bueno Cesar¡¡¡,Cesar Vidal hablando claro sobre la inmigración en España.,David PB,2016-04-13 10:20:00+00:00,2016,inmigracion
a8M8pW48ork,@pepecarmor9975,2018-01-13 14:24:51+00:00,4,"Pero me imagino , que una vez decubierto al inmigrante estafador se pillara a ese que le da un contrato de trabajo falso y este a su vez devolverá al estado tolo lo pagado a dicho inmigrante o no ?",Cesar Vidal hablando claro sobre la inmigración en España.,David PB,2016-04-13 10:20:00+00:00,2016,inmigracion
a8M8pW48ork,@mariecarmentrivino2746,2018-07-08 14:29:03+00:00,3,"Señor Vidal, es possible que usted ya lo sepa, pero aquí en Suiza es idéntica la situación. Mc
.",Cesar Vidal hablando claro sobre la inmigración en España.,David PB,2016-04-13 10:20:00+00:00,2016,inmigracion
a8M8pW48ork,@perrosanchez3807,2017-04-21 15:16:39+00:00,1,"no me extraň qie pase eso, porque espaňa es el mayor donador y tranplante de organos del mundo",Cesar Vidal hablando claro sobre la inmigración en España.,David PB,2016-04-13 10:20:00+00:00,2016,inmigracion
a8M8pW48ork,@yoniyoni2934,2017-09-16 08:34:11+00:00,69,"Que rabia me da darle la razón en algo a este señor,   pero la tiene",Cesar Vidal hablando claro sobre la inmigración en España.,David PB,2016-04-13 10:20:00+00:00,2016,inmigracion
a8M8pW48ork,@asuncionfeito4113,2019-06-20 21:19:38+00:00,0,"A mi nunca m entró en la cabeza como d Guindos y Montoro y ahora estos chiquilicuatres q tenemos los  seguimos aguantando?
Nos están vendiendo ,o mejor dicho a España a los musulmanes, y latinos este hermoso país nuestro.",Cesar Vidal hablando claro sobre la inmigración en España.,David PB,2016-04-13 10:20:00+00:00,2016,inmigracion
a8M8pW48ork,@maribel5479,2018-08-12 16:57:30+00:00,4,La unión europea.. Es el club b. Y nos estan vendiendo.,Cesar Vidal hablando claro sobre la inmigración en España.,David PB,2016-04-13 10:20:00+00:00,2016,inmigracion
a8M8pW48ork,@cuidadoatencion1513,2017-11-06 19:59:32+00:00,20,Esto tiene que  estallar. Tengo tres misnuvalidos en casa y no m dan casa y ayudas y Los inmigrantes siii vasta yaaa revoluccion..,Cesar Vidal hablando claro sobre la inmigración en España.,David PB,2016-04-13 10:20:00+00:00,2016,inmigracion
a8M8pW48ork,@asuncionfeito4113,2019-06-20 21:20:54+00:00,0,Eso eso y los Españoles nos tiramos un año para hacer una pequeña prueba y claro la mayoría d veces ya es tarde para curarte.,Cesar Vidal hablando claro sobre la inmigración en España.,David PB,2016-04-13 10:20:00+00:00,2016,inmigracion
a8M8pW48ork,@gabrielvela7639,2018-08-26 21:44:41+00:00,1,Dices la verdad y solamente la verdad solucion VOX,Cesar Vidal hablando claro sobre la inmigración en España.,David PB,2016-04-13 10:20:00+00:00,2016,inmigracion
a8M8pW48ork,@luisdelpino6047,2018-08-03 02:39:38+00:00,0,"España despierta: me duele ver lo que te pasa... estas invasiones de que has sido objeto donde se ve a las claras que no tienes la capacidad de contenerla...imaginense un ejercito que quisiera invadirlis...seria un paseo en la plaza...os ocasionara problemas...las arcas fiscales son limitadas sean mas selectivos en autorizar estos ingresos...acuerdense de Suecia, Alemania, Italia..etcrecuerden que los paises no son casas de acogida...",Cesar Vidal hablando claro sobre la inmigración en España.,David PB,2016-04-13 10:20:00+00:00,2016,inmigracion
a8M8pW48ork,@luzdiaz5753,2018-04-16 16:23:34+00:00,0,"Que la ínmigracion debe ser regulada , por supuestisimo es lo lógico  .
Que España es un cachondeo , empezando pq la justicia es blanda .
Matar sale gratis y ser un político corrupto también , que eso sí que es un peligro , robarle a tu pueblo , cuando se supone que estas en política para  servir , esos hacen más daño que la inmigración. Empezando por ahí , mano dura a la delincuencia , el pillaje y la picaresca , que de eso tenemos de sobra .

Otro punto por ejemplo los tratados entre el estado y asociaciones musulmanas , de los que hoy gozan muchos musulmanes , se dan en el año 92 , antes de el boom del ladrillo , y no fueron peticiones por gente de "" fuera "" sino por musulmanes españoles , españoles de apellidos vamos y también entre ellos una comunidades pequeñas de inmigrantes , muchos de ellos nacionalizados que llegaron a España por ejemplo a estudiar medicina , asilo ...hará más de 20 años en su mayoría cualificados .

Uno de los reclamos por ejemplo fue que se cediera  a los musulmanes el cementerio de la Guardia Mora de Franco , que se encuentra en Granada , creo si no me equivoco pertenecía al ejército. 
Como vemos la Guardia Mora tenía hasta su propio , lugar de rezo en el Pardo . Ya que como prestaban un servicio obviamente se le otorgan derechos .


Luego está el tema de una semiesclavitud o como llamaban en Alemania "" Gastarbeiten"" trabajadores invitados... Que modelo queremos , trabajan y cuando no sirvan ya no tienen derecho de estar en el país ? Al estudio Dubai ? Dar Visas temporales ? 
Siempre será un tema controvertido , uno puede pensar voy a Francia a la vendimia  un mes , pero por cualquier causa de su se q destino se queda toda la vida.",Cesar Vidal hablando claro sobre la inmigración en España.,David PB,2016-04-13 10:20:00+00:00,2016,inmigracion
a8M8pW48ork,@lacaver64,2019-02-19 14:27:35+00:00,0,spain is diferent ? españa es diferente o somos gilipollas?,Cesar Vidal hablando claro sobre la inmigración en España.,David PB,2016-04-13 10:20:00+00:00,2016,inmigracion
a8M8pW48ork,@Ekkaye,2017-08-19 16:42:12+00:00,14,"Pues a pasado más de un año desde que se colgó este vídeo y vamos a peor. Está claro que lo de ser politicamente correcto para no ofender, es de risa. 
Resulta que gente que no ha cotizado ni pagado un solo impuesto en España tienen derecho a más cosas que a las personas que trabajan, cotizan y pagan impuestos, cumplen las leyes y residen en España. Y si se comenta que esta situación no gusta, ufff has mentado al díablo. Porque estás siendo mala persona, por no querer la prosperidad de los demás, cuando los españoles estamos bien jodidos. Lamentable situación. Y lo que dice Cesar tan cierto, que no se si es para llorar o para coger un buen cabreo.",Cesar Vidal hablando claro sobre la inmigración en España.,David PB,2016-04-13 10:20:00+00:00,2016,inmigracion
a8M8pW48ork,@shalomusic,2017-02-12 20:53:16+00:00,9,Bueno muchos clerigos musulmanes han dicho que asi como fueron expulsados de la peninsula iberica volverian nuevamente a conquistarla a traves de los inmigrantes islamicos que vienen del norte de africa asi como de los refugiados que vienen de las guerras en medio oriente.,Cesar Vidal hablando claro sobre la inmigración en España.,David PB,2016-04-13 10:20:00+00:00,2016,inmigracion
a8M8pW48ork,@juliotorresreyes5963,2017-12-25 12:33:50+00:00,0,"Vidal siempre tendras el aplauso gratuito de los tardofranquistas  con Franco había trabajo claro y cuantos trabajadores había en Europa trabajando,como es que las organizaciones empresariales no se quejan de la emigración?ánimo Vidal los trabajadores estamos contigo!!espoliacion claro yo lo veo hay rumanos búlgaro que los recogen en furgonetas y a trabajar,esa gente no cotiza ni un € pero nadie se queja y los empresarios menos.",Cesar Vidal hablando claro sobre la inmigración en España.,David PB,2016-04-13 10:20:00+00:00,2016,inmigracion
a8M8pW48ork,@huatyacuri,2018-03-29 23:54:20+00:00,4,"La inmigración es un asunto delicado que diera ser tratado con tiento y la cabeza fría. Tenemos una tasa de natalidad declinante. Necesitamos gente de fuera. España, a diferencia de otros países de la Unión, puede acoger a inmigrantes que hablen como lengua materna el español y que tengan, en principio, los mismos valores que los nuestros.",Cesar Vidal hablando claro sobre la inmigración en España.,David PB,2016-04-13 10:20:00+00:00,2016,inmigracion
a8M8pW48ork,@mvictoriabecerro9336,2018-09-25 22:05:42+00:00,0,Y seguimos igual votaré a vox,Cesar Vidal hablando claro sobre la inmigración en España.,David PB,2016-04-13 10:20:00+00:00,2016,inmigracion
a8M8pW48ork,@luisamartinez3836,2018-08-26 19:42:15+00:00,1,Ojo España van por ustedes.,Cesar Vidal hablando claro sobre la inmigración en España.,David PB,2016-04-13 10:20:00+00:00,2016,inmigracion
a8M8pW48ork,@arqjuan86,2018-01-26 14:32:16+00:00,0,"Cada vez que me despierto le agradezco a Dios de darme lo poco o mucho que pueda conseguir con mi trabajo y esfuerzo, le doy gracias de no tener que contemplar el abandonar mi tierra para tener mayores comodidades, oportunidades o beneficios, le doy gracias de no migrar y no vivir la vida de desprecio y persecución que muchos tienen que aguantar. Vale Sr. Vidal, juzgar sentado en una silla es muy fácil, ya lo veré limpiando el metro",Cesar Vidal hablando claro sobre la inmigración en España.,David PB,2016-04-13 10:20:00+00:00,2016,inmigracion
a8M8pW48ork,@psilogos23,2018-09-10 10:27:37+00:00,3,"Si somos nosotros los que pagamos con nuestros impuestos, si toda inversión erronea merece un seguimiento hasta producir la recuperación, si toda empresa está sujeta a auditorías externas para analizar la contabilidad, la pregunta es: ¿soportaría este gobierno una auditoría externa? ¿qué  bufete soportaria un siatema de metadatos?
Creo que todo se solucionaria con un ""sustito""...",Cesar Vidal hablando claro sobre la inmigración en España.,David PB,2016-04-13 10:20:00+00:00,2016,inmigracion
a8M8pW48ork,@joserodrigez-bu1wb,2018-08-27 13:20:45+00:00,6,Viva Vox y Viva España,Cesar Vidal hablando claro sobre la inmigración en España.,David PB,2016-04-13 10:20:00+00:00,2016,inmigracion
a8M8pW48ork,@kempesyt3957,2017-06-08 20:18:04+00:00,13,"El problema no es la inmigración en sí, es positivo pienso yo, como todos...
Pero estaréis deacuerdo que debe haber un orden de entrada o filtro, y el sujeto que venga a nuestro país que SUME...
Ahí está el beneficio de todos los que vienen y los que estamos.
Siempre vigilantes de las conductas ,su respeto a nuestra cultura civilizada y democracia.
Por cierto, don Cesar,  toda la razón.",Cesar Vidal hablando claro sobre la inmigración en España.,David PB,2016-04-13 10:20:00+00:00,2016,inmigracion
a8M8pW48ork,@haydeeconcepcion2174,2018-11-16 23:13:23+00:00,1,"Éste hombre aparte de ser un erudito, es ejemplarmente razonable, da gusto escucharle.",Cesar Vidal hablando claro sobre la inmigración en España.,David PB,2016-04-13 10:20:00+00:00,2016,inmigracion
a8M8pW48ork,@algarroberracoagesajo3424,2017-07-23 20:37:11+00:00,0,España en estos es una !!vergüenza!! de verdad,Cesar Vidal hablando claro sobre la inmigración en España.,David PB,2016-04-13 10:20:00+00:00,2016,inmigracion
a8M8pW48ork,@joseluissantosmartinez4401,2019-03-01 17:09:26+00:00,0,"Ojo con los médicos españoles. Nos dicen que los extranjeros vienen a España a tratarse y operarse así por las buenas es increíble.
Yo no me creo nada de esto. Creo que hay médicos que están implicados en estos temas.
Los extranjeros residentes en España están obligados a tener un seguro privado, por lo tanto estos señores deben operarse en estos seguros pues para eso lo pagan
Por otro lado, vayamos a un médico y le decimos, así, por las buenas:""me tienes que prescribir tal o cual tratamiento o me tienes que enviar al especialista cirujano para que me opere de lo que sea"", a ver si el médico lo hace.
Ahora, no entiendo como con los extranjeros lo hacen.
¿No será que hay médicos que están metidos en el chanchullo """,Cesar Vidal hablando claro sobre la inmigración en España.,David PB,2016-04-13 10:20:00+00:00,2016,inmigracion
a8M8pW48ork,@kevinalvarez5316,2019-06-23 15:39:39+00:00,0,"Esa es la penosa realidad.
Puros delincuentes lo ven como votos.",Cesar Vidal hablando claro sobre la inmigración en España.,David PB,2016-04-13 10:20:00+00:00,2016,inmigracion
a8M8pW48ork,@CarlosGarcia-rt6pj,2018-06-10 18:38:05+00:00,4,"Todo verdad pero no solo pasa en España sino en Alemania, Francia, Italia, Suecia, Austria, Holanda, Dinamarca ....y reciben aun mas inmigracion que aqui y actuan igual, esto es una politica que se lleva a cabo desde la UE que tiene una ideologia muy definida que es el zapaterismo puro y duro",Cesar Vidal hablando claro sobre la inmigración en España.,David PB,2016-04-13 10:20:00+00:00,2016,inmigracion
a8M8pW48ork,@miguelhuerta8812,2018-08-16 19:22:15+00:00,2,"Los españoles NO SON TONTOS NI GILIPOLLAS,SON GENEROSOS, GRANDES. Y SU HISTORIA DEMUESTRA SU VALENTIA.COMO CHILENO,ADMIRO Y RESPETO A ESPAÑA,Y ESTOY ORGULLOSO DE TENER UN POCO O MUCHO ADN ESPAÑOL",Cesar Vidal hablando claro sobre la inmigración en España.,David PB,2016-04-13 10:20:00+00:00,2016,inmigracion
a8M8pW48ork,@humbertovillar7907,2016-08-08 23:36:10+00:00,43,"parece ser que nosotros los hispanos, solemos asimilarnos con mas facilidad a la vida española que los mismos Musulmanes . Somos mas trabajadores , numericamente mas honestos y muchisimo mas inofensivos que la gente de Oriente  que ademas amenazan con destruir la cultura democratica. Pero al fin de cuenta , nos suman a los violentos extremistas y nos tratan igual,...perdon, peor que aquellos que han jurado destruir su cultura . Cuando quieran inmigrantes que deseen considerarse hermanos de los españoles , por favor, piensen en los hispanos.",Cesar Vidal hablando claro sobre la inmigración en España.,David PB,2016-04-13 10:20:00+00:00,2016,inmigracion
a8M8pW48ork,@mariecarmentrivino2746,2018-07-08 14:24:54+00:00,0,"El problema, es, a quien votamos? Mc",Cesar Vidal hablando claro sobre la inmigración en España.,David PB,2016-04-13 10:20:00+00:00,2016,inmigracion
a8M8pW48ork,@mariepi,2016-09-29 01:49:06+00:00,11,"Entre los motivos para traerles estaba el que los especuladores inmobiliarios tuviesen a quien vender viviendas por el triple de su valor, gracias a que a las Cajas de Ahorro se las dió la orden de  darles creditos hipotecarios del 110 % del importe de la vivienda a todos los llegados, sin regatear lo  desquiciado que fuera tal importe.  Se sabía que  con esto se reventarian las Cajas pero incluso se forzó a las Cajas a pedir dinero a bancos extranjeros para tener más dinero que prestar en estos creditos hipotecarios y con ello más dinero que llegaba al bolso de los saqueadores de las Cajas. Nunca habia oido unas explicaciones más claras como las dadas en este video. Yo si fuera el sr Vidal y tuviese sus medios economicos renunciaría a la nacionalidad español, creo que tiene la norteamericana.",Cesar Vidal hablando claro sobre la inmigración en España.,David PB,2016-04-13 10:20:00+00:00,2016,inmigracion
a8M8pW48ork,@juanmanuelnavarropauwels6114,2018-08-06 17:46:33+00:00,1,"Lamentablemente en mi país pasa igual ,transplante, salud y educación gratis ( quizás no del nivel d España) pero mejor q nuestros vecinos.Argentina y si podes justicia eres fascista.Entra un argentino o español a Bolivia y te sellan el pasaporte TURISTA PROHIBIDO TRABAJAR O ESTUDIAR.Claro menos q menos salud.",Cesar Vidal hablando claro sobre la inmigración en España.,David PB,2016-04-13 10:20:00+00:00,2016,inmigracion
a8M8pW48ork,@miguelhuerta8812,2018-08-16 19:18:25+00:00,1,"No,estas equivocado ESPAÑA ES GENEROSA,SIMPRE LO HA SIDO,Y EN CUANTO A NOSOTROS LOS HISPANOAMERICANOS .¿ Que..! Somos extraterrrestres acaso?En Chile , hay 70.000.-españoles y tienen dobls nacionalidad,y visa inmediata, y son respetados",Cesar Vidal hablando claro sobre la inmigración en España.,David PB,2016-04-13 10:20:00+00:00,2016,inmigracion
a8M8pW48ork,@tecn19sturia46,2017-11-15 22:49:46+00:00,3,"Jajajajaja eres buenísimo, nos has clavado a los españoles",Cesar Vidal hablando claro sobre la inmigración en España.,David PB,2016-04-13 10:20:00+00:00,2016,inmigracion
a8M8pW48ork,@madeinspain34,2019-08-25 17:35:14+00:00,0,"Lo único que no me gusta de Vidal, es el ramalazo hispanofobo y de leyenda negra que predica, como si el mal de Hispanoamérica fuera España",Cesar Vidal hablando claro sobre la inmigración en España.,David PB,2016-04-13 10:20:00+00:00,2016,inmigracion
a8M8pW48ork,@anamarialucaslozano4688,2019-03-26 13:11:55+00:00,0,Esto se ha ido de las manos.          Dentro de una década España sera musulmana   y los españoles. A la mierda  muchas veces voy caminando por la calle vivo en una provincia  y en castellano no oigo hablar  a casi nadie y en otros idiomas a montón.    Hemos desatado la fiera.       ... ...,Cesar Vidal hablando claro sobre la inmigración en España.,David PB,2016-04-13 10:20:00+00:00,2016,inmigracion
a8M8pW48ork,@carmengonzalez7664,2019-12-18 08:25:53+00:00,1,"Menos en lo que todos los españoles somos tontos ,
No somos todos tontos ,yo no le lo considero por mí no gobernaria ningún memo.",Cesar Vidal hablando claro sobre la inmigración en España.,David PB,2016-04-13 10:20:00+00:00,2016,inmigracion
a8M8pW48ork,@luzdiaz5753,2018-04-16 16:39:17+00:00,0,Este señor no está fuera por defraudar a Hacienda ? 🤔🤔,Cesar Vidal hablando claro sobre la inmigración en España.,David PB,2016-04-13 10:20:00+00:00,2016,inmigracion
a8M8pW48ork,@TheElfrances69,2018-01-17 06:27:25+00:00,5,JAJAJA LA VERDAD DUELE¡¡¡,Cesar Vidal hablando claro sobre la inmigración en España.,David PB,2016-04-13 10:20:00+00:00,2016,inmigracion
a8M8pW48ork,@K.B.Sol_12,2019-04-30 11:21:50+00:00,0,No me parece nada conveniente su forma de referirse al tema.,Cesar Vidal hablando claro sobre la inmigración en España.,David PB,2016-04-13 10:20:00+00:00,2016,inmigracion
a8M8pW48ork,@XYZ920,2019-04-12 00:16:41+00:00,1,Siempre dando en la diana. No se le escapa una.,Cesar Vidal hablando claro sobre la inmigración en España.,David PB,2016-04-13 10:20:00+00:00,2016,inmigracion
a8M8pW48ork,@gabrielvela7639,2018-08-26 21:37:09+00:00,0,Con vox vendra de nuevo la LUZ,Cesar Vidal hablando claro sobre la inmigración en España.,David PB,2016-04-13 10:20:00+00:00,2016,inmigracion
a8M8pW48ork,@luislimapinilla1266,2017-09-13 05:07:11+00:00,16,"Decidido, somos gilipollas y no tenemos solución..",Cesar Vidal hablando claro sobre la inmigración en España.,David PB,2016-04-13 10:20:00+00:00,2016,inmigracion
a8M8pW48ork,@jonathanv.g6325,2018-09-05 05:43:04+00:00,1,Y es una vergüenza???,Cesar Vidal hablando claro sobre la inmigración en España.,David PB,2016-04-13 10:20:00+00:00,2016,inmigracion
a8M8pW48ork,@caliyuga2751,2018-12-10 11:14:01+00:00,0,Que vergüenza y que asco de país...de verdad que repugnancia,Cesar Vidal hablando claro sobre la inmigración en España.,David PB,2016-04-13 10:20:00+00:00,2016,inmigracion
a8M8pW48ork,@frischregen3905,2017-08-22 23:50:21+00:00,6,Como puede ser que los musulmanes sean unos desagradecidos con el continente que tanto los ayudo y ayuda y quieran destruir su cultura? deberian de respetar y agradecer y honrar,Cesar Vidal hablando claro sobre la inmigración en España.,David PB,2016-04-13 10:20:00+00:00,2016,inmigracion
a8M8pW48ork,@adolfogarciachacon1731,2018-10-05 20:11:03+00:00,0,"Cesar Vidal te veo mucho pero me has decepcionado, porque todos los españoles de a pie lo saben pero no pueden hacer nada porque es cosa de POLITICOS y los demas no pueden hacer nada.
Para que están los politicos?
PUES HABLA ASI A LOS POLITICOS, PORQUE SI TE PILLAMOS..........",Cesar Vidal hablando claro sobre la inmigración en España.,David PB,2016-04-13 10:20:00+00:00,2016,inmigracion
a8M8pW48ork,@FJFJaner,2018-10-20 17:52:08+00:00,0,¡Me cago en Allah!El buenismo me da nauseas.,Cesar Vidal hablando claro sobre la inmigración en España.,David PB,2016-04-13 10:20:00+00:00,2016,inmigracion
a8M8pW48ork,@gabrielvela7639,2018-08-26 21:36:02+00:00,1,VOX YA,Cesar Vidal hablando claro sobre la inmigración en España.,David PB,2016-04-13 10:20:00+00:00,2016,inmigracion
a8M8pW48ork,@gabrielvela7639,2018-08-26 21:42:38+00:00,0,Con dos cojones,Cesar Vidal hablando claro sobre la inmigración en España.,David PB,2016-04-13 10:20:00+00:00,2016,inmigracion
a8M8pW48ork,@hijosdediosporsugracia6897,2018-09-19 22:39:07+00:00,3,Ese no es así..no había trabajo que los españoles no querían hacer..los españoles eran explotados y cuando empezamos a exigir que se cumpliese los convenios que ya eran bastante cutres..entonces empezaron a traer emigrantes..yo vivo eso ..Y además empezaron a lucrarse y crear nuevos puestos de trabajos y enchufes,Cesar Vidal hablando claro sobre la inmigración en España.,David PB,2016-04-13 10:20:00+00:00,2016,inmigracion
a8M8pW48ork,@Chin_lu,2018-06-29 11:42:43+00:00,4,"Mi novia es marroquí y los servicios sociales le dan trabajo de cuidadora de niños. Curiosamente son niños de mujeres separadas feministas o inmigrantes, las cuales pagan 1 EURO por hora más 5 euros que le pagan los servicios sociales, o sea, que pagamos TODOS, y hay alguna que aún se queja de que paga mucho. Esta es la realidad del progresismo, buenismo y feminismo.",Cesar Vidal hablando claro sobre la inmigración en España.,David PB,2016-04-13 10:20:00+00:00,2016,inmigracion
a8M8pW48ork,@whs1073,2019-07-22 21:47:05+00:00,0,"Wow, son casi los mismos par'ametros que se sigues en Estados Unidos de America",Cesar Vidal hablando claro sobre la inmigración en España.,David PB,2016-04-13 10:20:00+00:00,2016,inmigracion
a8M8pW48ork,@amcl5638,2017-05-24 21:25:11+00:00,2,"Que se fueron muchos españoles por culpa de los extrangeros, por que le pagaban más!",Cesar Vidal hablando claro sobre la inmigración en España.,David PB,2016-04-13 10:20:00+00:00,2016,inmigracion
a8M8pW48ork,@yarisfont27,2017-06-24 21:15:26+00:00,4,"Saludos: Quiero invitarlos a ver mi último trabajo ""histórico"" titulado ""El Corán"", donde reuní todos los textos (suras) en un sólo lugar, divididos según los temas que trata. Esta presentación tiene el propósito de facilitar a las personas lo que los musulmanes leen y de esta manera hacerle comprender los sucesos que ocurren en el mundo.

El #Corán ordena a los musulmanes, financiar y participar de la Yihad, ya que ésta es obligatoria para todos los hombres, he aquí, el por qué existen grupos islámicos yihadistas. Sura 4:95 /33:15,16 /47:38 /48:16/6:162/9:111  

Conozca lo que dice el Corán sobre la Yihad, sobre la matanza de infieles, sobre la ordenanza de exterminar a todo el que se oponga al Islam, sepa lo que dice sobre la mujer, sobre las niñas, el matrimonio infantil, el abuso fisico contra la mujer, el femicidio, las esclavas, los casamientos, la poligamia, sobre el sexo, de los ateos, de los homosexuales, la decapitacion, amputacion de extremidades, etc.

Conozca lo que dice sobre morir en sacrificio en nombre de Allah durante su causa pro islamización y conozca cuáles son las facciones islámicas. #Islam 

https://m.facebook.com/story.php?story_fbid=10154185423538017&id=212580763016

Este trabajo tiene como prposito alertar a las personas sobre el peligro del Islam.",Cesar Vidal hablando claro sobre la inmigración en España.,David PB,2016-04-13 10:20:00+00:00,2016,inmigracion
a8M8pW48ork,@elojeadordevideos,2018-03-07 00:20:12+00:00,0,"Le ha faltado decir que fué Aznar el que hizo los acuerdos de inmigración por ejemplo con Ecuador, gracias al cual vinieron cientos de miles de inmigrantes.",Cesar Vidal hablando claro sobre la inmigración en España.,David PB,2016-04-13 10:20:00+00:00,2016,inmigracion
a8M8pW48ork,@ANG243,2018-05-21 02:00:48+00:00,1,Que manera de destruir su propio país,Cesar Vidal hablando claro sobre la inmigración en España.,David PB,2016-04-13 10:20:00+00:00,2016,inmigracion
a8M8pW48ork,@jcbPainkiller,2016-07-24 14:30:43+00:00,1,"Eso del pleno empleo en el franquismo es un mito. Los que repiten este mantra sin parar pasan por alto que las mujeres apenas tenían acceso al mercado laboral y que un millón y medio de trabajadores se ganaban el suelo en el extranjero. Tampoco esperaba mucho de César Vidal, pero joder, un mínimo de rigor.",Cesar Vidal hablando claro sobre la inmigración en España.,David PB,2016-04-13 10:20:00+00:00,2016,inmigracion
a8M8pW48ork,@asuncionfeito4113,2019-06-20 21:21:32+00:00,0,Ovejunos y pollinos.,Cesar Vidal hablando claro sobre la inmigración en España.,David PB,2016-04-13 10:20:00+00:00,2016,inmigracion
a8M8pW48ork,@alvarogines6788,2018-07-16 16:29:41+00:00,1,Vidal debe millones a Hacienda no?,Cesar Vidal hablando claro sobre la inmigración en España.,David PB,2016-04-13 10:20:00+00:00,2016,inmigracion
a8M8pW48ork,@diegimejia7299,2018-07-29 18:00:11+00:00,0,"Tengo una opinión Personal,,,si la inmigración a españa ubiese sido solo latinoamericanos, fuese otra historia de España,,,pero ustedes prefirieron a los musulmanes ,,,si hay una inmigración latina bastante grande ,pero no como la musulmana .sólo pienso en vos alta.",Cesar Vidal hablando claro sobre la inmigración en España.,David PB,2016-04-13 10:20:00+00:00,2016,inmigracion
a8M8pW48ork,@franciscolanza4896,2017-11-12 03:40:35+00:00,0,"A Cesar Vidal le digo que España no está sola qué hay un país de estupidos peores o iguales a los españoles que ofrecen es posibilidad en detrimento de los contribuyentes, me abstengo de nombrarlo Lara evitar su divulgación !!!!",Cesar Vidal hablando claro sobre la inmigración en España.,David PB,2016-04-13 10:20:00+00:00,2016,inmigracion
a8M8pW48ork,@sarandongamedinahermosa3868,2018-10-07 18:18:57+00:00,0,La vida da muchas vueltas este elemento ha sido siempre en contra de la inmigración y odiaba a los llamado los de fuera y sobre todo a los del Maghreb   Y ahora en un inmigrante más en usa   Ojalá que tenga el mismo trato y que le humillen por racista y falso,Cesar Vidal hablando claro sobre la inmigración en España.,David PB,2016-04-13 10:20:00+00:00,2016,inmigracion
a8M8pW48ork,@anahiaa1326,2016-07-16 20:53:36+00:00,3,"van a tener un montón de niños españoles de color, latinos, musulmanes, etc, es que ellos si hacen la tarea y los europeos no, jajaja",Cesar Vidal hablando claro sobre la inmigración en España.,David PB,2016-04-13 10:20:00+00:00,2016,inmigracion
a8M8pW48ork,@antoniogc3015,2016-11-07 23:57:46+00:00,6,"Cesar te creia mas inteligente.
te seguia en la linterna que pena.
estos q dices parasitos son mucho mas nobles, consumistas y honestos que la mayoria de los ""nuestros"".
si algun dia te dedicas a la profesion de agente comercial, te daras cuenta de lo que te digo.
mientras, sigue desde tu silla hablando falacias.
saludos",Cesar Vidal hablando claro sobre la inmigración en España.,David PB,2016-04-13 10:20:00+00:00,2016,inmigracion
a8M8pW48ork,@QuicoFerrero,2016-12-30 12:16:07+00:00,2,"Es un comentario xenófobo tras otro sin ningún tipo de fundamentación. Y sí, eres un facha jejeje...y hay muchos países del mundo dónde, afortunadamente, sucede lo que sucede en España.",Cesar Vidal hablando claro sobre la inmigración en España.,David PB,2016-04-13 10:20:00+00:00,2016,inmigracion
a8M8pW48ork,@josebello8068,2017-12-05 01:50:37+00:00,0,este es un incompetente,Cesar Vidal hablando claro sobre la inmigración en España.,David PB,2016-04-13 10:20:00+00:00,2016,inmigracion
a8M8pW48ork,@seosamhalabhaois6118,2016-08-23 22:29:47+00:00,9,"racista, xenófobo, insolidario... Luego va de cristiano. Léete el Evangelio, anda.",Cesar Vidal hablando claro sobre la inmigración en España.,David PB,2016-04-13 10:20:00+00:00,2016,inmigracion
a8M8pW48ork,@streetgreen4,2018-07-30 13:06:58+00:00,1,Sin obligaciones no pueden haber derechos,Cesar Vidal hablando claro sobre la inmigración en España.,David PB,2016-04-13 10:20:00+00:00,2016,inmigracion
a8M8pW48ork,@streetgreen4,2018-07-30 13:05:50+00:00,0,Me considero mas de izquierdas pero esque estoy de acuerdo,Cesar Vidal hablando claro sobre la inmigración en España.,David PB,2016-04-13 10:20:00+00:00,2016,inmigracion
M_ni4OS2OLk,@semperveritatem9461,2018-10-01 19:19:46+00:00,12,"Los españoles primero , esa prioridad a los nativos es requisito en Australia, Japón Canada etc, no entiendo esa pusilanimeria en los españoles",¿España es un país &quot;amable&quot; con la inmigración?,Salamanca24horas TV,2016-12-17 23:54:55+00:00,2016,inmigracion
M_ni4OS2OLk,@redondelalokuras,2022-03-12 19:26:24+00:00,1,Es la primera vez en muchísimo tiempo q oigo decir a alguien la verdad sobre los inmigrantes jajajja raro q no te lo borren,¿España es un país &quot;amable&quot; con la inmigración?,Salamanca24horas TV,2016-12-17 23:54:55+00:00,2016,inmigracion
M_ni4OS2OLk,@rosafiol4611,2019-02-28 15:24:10+00:00,4,Si muchísimo. Somos muy amables con ellos.,¿España es un país &quot;amable&quot; con la inmigración?,Salamanca24horas TV,2016-12-17 23:54:55+00:00,2016,inmigracion
M_ni4OS2OLk,@redondelalokuras,2022-03-12 19:15:54+00:00,1,Éramos!! Estamos cansados ya!! 🇪🇦🇪🇦🇪🇦👏,¿España es un país &quot;amable&quot; con la inmigración?,Salamanca24horas TV,2016-12-17 23:54:55+00:00,2016,inmigracion
M_ni4OS2OLk,@jacjoc7290,2017-09-17 15:39:14+00:00,35,"En España no se ha planificado la inmigración, se ha hecho de forma absolutamente desordenada. En general, la población española no es racista",¿España es un país &quot;amable&quot; con la inmigración?,Salamanca24horas TV,2016-12-17 23:54:55+00:00,2016,inmigracion
M_ni4OS2OLk,@Georgekaplan1,2022-02-12 02:28:29+00:00,2,En España sobran inmigrantes,¿España es un país &quot;amable&quot; con la inmigración?,Salamanca24horas TV,2016-12-17 23:54:55+00:00,2016,inmigracion
M_ni4OS2OLk,@mer1111lleida,2021-01-05 09:48:08+00:00,1,Creo que todo debe estar en su justa medida. España no tiene una capacidad ilimitada de acogida. Europa no puede acoger al resto de mundo entero.,¿España es un país &quot;amable&quot; con la inmigración?,Salamanca24horas TV,2016-12-17 23:54:55+00:00,2016,inmigracion
M_ni4OS2OLk,@JesusPedrosa1,2019-03-16 11:06:41+00:00,1,"Es muy fácil, el que no se sienta agusto, que se vaya a su pais y alli reclaman toda la amabilidad del mundo.",¿España es un país &quot;amable&quot; con la inmigración?,Salamanca24horas TV,2016-12-17 23:54:55+00:00,2016,inmigracion
M_ni4OS2OLk,@user-vb7zy4en1o,2020-01-17 21:10:42+00:00,0,Amigaaaable!!!?????? Jajajajajajaja,¿España es un país &quot;amable&quot; con la inmigración?,Salamanca24horas TV,2016-12-17 23:54:55+00:00,2016,inmigracion
M_ni4OS2OLk,@rebecag8553,2018-07-21 12:59:07+00:00,11,"Anoche unas dominicanas casi se matan en la puerta de mi casa, peleando por un hombre. Tuvo que venir la policía, a las 4 de la mañana. A todos los que no lo hayan experimentado, les invito a venir a un barrio lleno de inmigrantes para que sepan lo que es.",¿España es un país &quot;amable&quot; con la inmigración?,Salamanca24horas TV,2016-12-17 23:54:55+00:00,2016,inmigracion
M_ni4OS2OLk,@doloresperez1104,2019-08-23 14:55:19+00:00,4,"Nosotros nos fuimos fuera de España con nuestros contratos de trabajo y las revisiones médicas antes de pasar la frontera. No tiene nada que ver esta emigración abusiva y conflictiva. Nosotros pagamos impuestos, cotizamos y ellos reciben toda clase de subvenciones. Luego para el españolito que se queda sin trabajo no hay nada. Nos tendremos que ir a África a ver si allí tenemos derecho a algo. Seamos realista y llamemos a las cosa por su nombre sin miedo a que nos traten de racistas, que dentro de unos años no quedará Ningún Español en España, porque adaptarse no se adaptan , crean conflictos allí donde van , no aprenden el idioma ni respetan las costumbre del país , pero eso sí sus derechos y donde tiene que ir a pedir las ayudas se lo tiene más que aprendido.",¿España es un país &quot;amable&quot; con la inmigración?,Salamanca24horas TV,2016-12-17 23:54:55+00:00,2016,inmigracion
M_ni4OS2OLk,@sissymontesquieu6332,2019-02-24 12:31:28+00:00,1,Pero ellos se tienen k adaptar a la cultura española.Algunos no compartencon los reales españoles y se quedan en el mismo circuito k han vividos. TAN BELLA K ES CULTURA EUROPEANA,¿España es un país &quot;amable&quot; con la inmigración?,Salamanca24horas TV,2016-12-17 23:54:55+00:00,2016,inmigracion
M_ni4OS2OLk,@FRANCISCO54168,2018-06-20 10:08:56+00:00,2,No es que no se aceptan! Si se aceptan pero lo que no veo yo correcto que ellos tengan mas ayudas que los autoctono donde se a visto eso ??????,¿España es un país &quot;amable&quot; con la inmigración?,Salamanca24horas TV,2016-12-17 23:54:55+00:00,2016,inmigracion
M_ni4OS2OLk,@federicomayol8929,2019-08-23 15:42:00+00:00,1,Ha habido dos intentos de violación en Horta Guinardo.(Barcelona) Curiosamente hay un hostal (Mellow) donde se alojan menas . Es de los mejores barrios de Barcelona.  También lo quieren arruinar?,¿España es un país &quot;amable&quot; con la inmigración?,Salamanca24horas TV,2016-12-17 23:54:55+00:00,2016,inmigracion
M_ni4OS2OLk,@josephbenadam,2020-12-10 07:17:57+00:00,2,"Los españoles son más directos.
Los europeos del norte son más racistas que los españoles. Los españoles son más honestos",¿España es un país &quot;amable&quot; con la inmigración?,Salamanca24horas TV,2016-12-17 23:54:55+00:00,2016,inmigracion
M_ni4OS2OLk,@anade76,2017-11-21 20:50:32+00:00,9,"El otro día en una tienda no pude evitar escuchar la conversación entre una mujer de Europa del ESte y una Latinoamericana. Ésta última se quejaba amargamente de tener que haberse mudado a España por culpa de su ""marido tonto"", porque ella quería quedarse allí. La otra, le decía que no quería estar aquí, que ""en cualquier lugar"" menos en España (y no incluyó su país curiosamente). Sinceramente me dieron ganas de decirles que aquí hay que trabajar, que no se dan pisos gratis por quedarte embarazada y, sin llegar al nivel de UK desde luego no será por escasez de ayudas para esta gente. Soy partidaria de la migración controlada y la integración posible pero, compadezo a los ingleses; de tanto que han abierto la mano les han crecido ""los enanos"".",¿España es un país &quot;amable&quot; con la inmigración?,Salamanca24horas TV,2016-12-17 23:54:55+00:00,2016,inmigracion
M_ni4OS2OLk,@americaburguillo2472,2018-08-12 09:34:20+00:00,7,Tienen más derechos qué los españoles y,¿España es un país &quot;amable&quot; con la inmigración?,Salamanca24horas TV,2016-12-17 23:54:55+00:00,2016,inmigracion
M_ni4OS2OLk,@francicorichatt9139,2020-09-06 21:12:20+00:00,0,Emigrantesespursion,¿España es un país &quot;amable&quot; con la inmigración?,Salamanca24horas TV,2016-12-17 23:54:55+00:00,2016,inmigracion
M_ni4OS2OLk,@piedadfernandezlopez4474,2018-08-02 09:22:45+00:00,1,"Como s nota en los jóvenes q s lo dan todo ,,,sus papás ,,y el q dice q estuvo fuera ,el tuvo q llevar los contratos debajo el brazo ,s no para casa ,q no s acuerdan ,,,,,,",¿España es un país &quot;amable&quot; con la inmigración?,Salamanca24horas TV,2016-12-17 23:54:55+00:00,2016,inmigracion
M_ni4OS2OLk,@franciscomorales7521,2018-06-23 15:56:34+00:00,6,"Dejarse de tanto REFUGIADOS , porque os recuerdo que a los que recogen en alta mar que no quieren los Italianos no son Inmigrantes , son refugiados que no es igual . Menos enrollarse con los extranjeros y ayudemos primero a los Españoles",¿España es un país &quot;amable&quot; con la inmigración?,Salamanca24horas TV,2016-12-17 23:54:55+00:00,2016,inmigracion
M_ni4OS2OLk,@francicorichatt9139,2020-09-06 21:13:29+00:00,1,Vivaelrascimo,¿España es un país &quot;amable&quot; con la inmigración?,Salamanca24horas TV,2016-12-17 23:54:55+00:00,2016,inmigracion
M_ni4OS2OLk,@josejosele2445,2018-06-27 21:34:39+00:00,5,Aquí lo que ahy que ser amable es con los autóctonos españoles que están pasándolas canutas y no ayudar a los de fuera,¿España es un país &quot;amable&quot; con la inmigración?,Salamanca24horas TV,2016-12-17 23:54:55+00:00,2016,inmigracion
M_ni4OS2OLk,@jorgeherrero2854,2018-02-08 14:42:21+00:00,6,"que no se os olvide los españoles somos la minoria no ellos,cualquier pais africano duplica la poblacion española",¿España es un país &quot;amable&quot; con la inmigración?,Salamanca24horas TV,2016-12-17 23:54:55+00:00,2016,inmigracion
M_ni4OS2OLk,@larasedneva928,2018-02-18 19:19:53+00:00,8,Contra immigracion,¿España es un país &quot;amable&quot; con la inmigración?,Salamanca24horas TV,2016-12-17 23:54:55+00:00,2016,inmigracion
M_ni4OS2OLk,@ladyresistence8640,2018-11-26 11:59:30+00:00,3,"El problema no esta en España, esta en los españoles con ese pensamiento negativo hacia al inmigrantes.",¿España es un país &quot;amable&quot; con la inmigración?,Salamanca24horas TV,2016-12-17 23:54:55+00:00,2016,inmigracion
M_ni4OS2OLk,@robert111k,2017-08-30 10:06:31+00:00,5,"Somos uno de los paísess europeos con más porcentaje de población inmigrante (más que UK, Francia, Alemania o Italia), y ni mucho menos el más rico. O sea, que algo bueno deben de ver los inmigrantes cuando se quedan aquí. Eso o que nos vienen los masoquistas, que también podría ser.
RESPONDER",¿España es un país &quot;amable&quot; con la inmigración?,Salamanca24horas TV,2016-12-17 23:54:55+00:00,2016,inmigracion
M_ni4OS2OLk,@federicomayol8929,2019-08-12 21:48:23+00:00,1,Seguro que el Richard Gere no se los va a llevar a sus mansiones.  Solo postureo.,¿España es un país &quot;amable&quot; con la inmigración?,Salamanca24horas TV,2016-12-17 23:54:55+00:00,2016,inmigracion
M_ni4OS2OLk,@bacalaoazua8131,2018-03-23 12:53:07+00:00,5,"Racismo hay en todos los países, poro amablelidad no hay en españa...",¿España es un país &quot;amable&quot; con la inmigración?,Salamanca24horas TV,2016-12-17 23:54:55+00:00,2016,inmigracion
M_ni4OS2OLk,@luisamartinez3836,2019-03-16 16:46:06+00:00,1,"Miren cómo va Inglaterra.
Nos han pasado esta interesante información desde UK y os la pasamos tal cual, por eso de que 'Cuando veas las barbas de tu vecino arder, pon las tuyas en remojo':

El alcalde de Londres - musulmán
EL alcalde de Birmingham - musulmán
EL alcalde de Leeds - musulmán
El alcalde de Blackburn - musulmán.
El alcalde de Sheffield - musulmán.
El alcalde de Oxford - musulmán
El alcalde de Lawton - musulmán
El alcalde de Oldam-musulmán
El alcalde de los Rokdal-musulmán

Todo esto fue logrado por solo 4 millones de musulmanes de los 66 millones de habitantes de Inglaterra:

Hoy en día hay más de 3.000 mezquitas musulmanas en Inglaterra.
Hay más de 130 cortes de sharia musulmanes
Hay más de 50 consejos musulmanes de sharia.

El 78 por ciento de las mujeres musulmanas no trabajan, son apoyadas por el estado + vivienda gratuita.

El 63 por ciento de los hombres musulmanes no trabajan, son apoyados por el estado + vivienda gratuita.

Las familias musulmanas con un promedio de 6-8 niños, apoyadas por el estado, reciben alojamiento gratis. ¡Ahora todas las escuelas en el Reino Unido deben dar una lección sobre el Islam!

¿Y nosotros (España) no podemos decidir sobre la política de inmigración?

¡Una de las formas de combatir este fenómeno es continuar difundiendo esta información a lo largo de los Estados Unidos, de Europa y el mundo para informar a los ciudadanos sin educación, que escuchan principalmente las estaciones de radio y leen los periódicos interesados que no publican esta peligrosa verdad !

A día de hoy no he visto pasar esta información a través de los medios de comunicación Españoles. ¿Lo has visto?

¡Por favor pásalo para que el mundo se despierte del desastre que se avecina!""",¿España es un país &quot;amable&quot; con la inmigración?,Salamanca24horas TV,2016-12-17 23:54:55+00:00,2016,inmigracion
M_ni4OS2OLk,@francicorichatt9139,2020-09-06 21:14:24+00:00,3,Emigrantesfueradeespaña,¿España es un país &quot;amable&quot; con la inmigración?,Salamanca24horas TV,2016-12-17 23:54:55+00:00,2016,inmigracion
M_ni4OS2OLk,@daniromero7948,2019-10-02 13:00:01+00:00,1,La última chica es guapa y amable💋,¿España es un país &quot;amable&quot; con la inmigración?,Salamanca24horas TV,2016-12-17 23:54:55+00:00,2016,inmigracion
M_ni4OS2OLk,@marktropi3424,2018-06-18 18:13:28+00:00,7,Que? Mantener  mas  gentuza?,¿España es un país &quot;amable&quot; con la inmigración?,Salamanca24horas TV,2016-12-17 23:54:55+00:00,2016,inmigracion
M_ni4OS2OLk,@anizaahmed7922,2018-01-04 15:33:37+00:00,4,A los señores mayores xq se les da el micrófono. En una encuesta si la mayoria abren la boca y sube el pan el otro dice los negros ....q vergüenza x dios,¿España es un país &quot;amable&quot; con la inmigración?,Salamanca24horas TV,2016-12-17 23:54:55+00:00,2016,inmigracion
ZOE5wQssmoI,@sanchezandrea7396,2020-07-18 14:22:35+00:00,10,"""Lo que detecta son personas humanas"". Juar, juar, juar🤣🤣🤣🤣🤣🤣🤣",La vida en la frontera: De Marruecos a España,Antena 3 Noticias,2016-02-23 15:22:36+00:00,2016,inmigracion
ZOE5wQssmoI,@CanalChelySevilla,2020-01-22 03:09:37+00:00,24,Si todos los que han saltado la valla le hubieran echado un pulso a su gobierno todo cambiaria,La vida en la frontera: De Marruecos a España,Antena 3 Noticias,2016-02-23 15:22:36+00:00,2016,inmigracion
ZOE5wQssmoI,@gdhbbdhhhd3373,2020-07-14 12:13:47+00:00,9,La realidad es mucho peor en este crucero animal 😢,La vida en la frontera: De Marruecos a España,Antena 3 Noticias,2016-02-23 15:22:36+00:00,2016,inmigracion
ZOE5wQssmoI,@xx_farnan_xx2420,2019-12-21 22:33:17+00:00,12,Yo estuve ayi hace 8 años ahora vivo en malaga 😭😰,La vida en la frontera: De Marruecos a España,Antena 3 Noticias,2016-02-23 15:22:36+00:00,2016,inmigracion
ZOE5wQssmoI,@michellerivera2930,2024-05-03 06:17:21+00:00,0,Alguien me puede explicar,La vida en la frontera: De Marruecos a España,Antena 3 Noticias,2016-02-23 15:22:36+00:00,2016,inmigracion
ZOE5wQssmoI,@AdanColinaMusico,2020-12-02 20:53:33+00:00,6,0:43  detecta persona humana y inumana tambien,La vida en la frontera: De Marruecos a España,Antena 3 Noticias,2016-02-23 15:22:36+00:00,2016,inmigracion
ZOE5wQssmoI,@robertoplata8312,2019-02-06 02:26:15+00:00,1,Y yo que pensé que solo en mi país pasa eso del contrabando y eso se puede herradicar solo que las aduanas tiene que bajar los impuesto,La vida en la frontera: De Marruecos a España,Antena 3 Noticias,2016-02-23 15:22:36+00:00,2016,inmigracion
ZOE5wQssmoI,@luismora9782,2019-07-12 11:54:02+00:00,18,"Ceuta y Mellilla ambas ciudades se incorporaron a la Corona española hace siglos, Marruecos ni siquiera había hecho su debut en la historia.
Aunque los que rigen los destinos de nuestro vecino del sur parecen querer olvidarlo, el actual reino de Marruecos es algo relativamente reciente. Nació a finales de los años 50 coincidiendo con la independencia del país. Durante buena parte del siglo XX Marruecos fue un protectorado hispano-francés. Para entonces Ceuta y Melilla llevaban siglos perteneciendo a España.
Por lo tanto que se vayan los marroquíes a otra parte con esa historia, bastante que les hayamos dejado invadir el SAHARA ESPAÑOL por evitar derramamiento de sangre y sigue siendo un protectorado Español.",La vida en la frontera: De Marruecos a España,Antena 3 Noticias,2016-02-23 15:22:36+00:00,2016,inmigracion
ZOE5wQssmoI,@luismora9782,2019-07-12 10:54:29+00:00,57,Y no se le cae la cara de vergüenza al gobierno marroquí tener al pueblo en la miseria mietras los grandes se dejan los millones en Paris? que sin  vergüenzas.,La vida en la frontera: De Marruecos a España,Antena 3 Noticias,2016-02-23 15:22:36+00:00,2016,inmigracion
ZOE5wQssmoI,@GjKggkfj,2026-06-30 21:48:47+00:00,0,Si no hubiese fronteras podrías ir a cualquier sitio,La vida en la frontera: De Marruecos a España,Antena 3 Noticias,2016-02-23 15:22:36+00:00,2016,inmigracion
ZOE5wQssmoI,@charaflaamiri882,2021-06-14 12:39:20+00:00,0,al hamdoulilah cest fini.2021,La vida en la frontera: De Marruecos a España,Antena 3 Noticias,2016-02-23 15:22:36+00:00,2016,inmigracion
ZOE5wQssmoI,@mararios580,2017-08-25 07:34:15+00:00,5,Tambien los policias de frontera les piden dinero a cambio de pasar dicha mercaderia.,La vida en la frontera: De Marruecos a España,Antena 3 Noticias,2016-02-23 15:22:36+00:00,2016,inmigracion
ZOE5wQssmoI,@lakamora1349,2021-02-21 07:37:04+00:00,0,On dirait une zone clandestine en Amérique du Sud,La vida en la frontera: De Marruecos a España,Antena 3 Noticias,2016-02-23 15:22:36+00:00,2016,inmigracion
ZOE5wQssmoI,@arabealfusha3458,2017-01-18 20:17:59+00:00,3,yo soy costarricense pero de ascendencia marroquí y quiero irme a vivir a nador pero debo ir a melilla ciertos días ¿sera que es muy estresante la espera para pasar?¿que papeles necesito?,La vida en la frontera: De Marruecos a España,Antena 3 Noticias,2016-02-23 15:22:36+00:00,2016,inmigracion
ZOE5wQssmoI,@tahabanoun8670,2019-08-16 12:07:19+00:00,2,hhh jashoum eil awza dil mahata dil wald ziyan,La vida en la frontera: De Marruecos a España,Antena 3 Noticias,2016-02-23 15:22:36+00:00,2016,inmigracion
ZOE5wQssmoI,@joseluisrivera2221,2020-08-08 21:09:53+00:00,0,😔😔😔😔😔😔😔🥺🥺🥺🥺🥺🥺🥺,La vida en la frontera: De Marruecos a España,Antena 3 Noticias,2016-02-23 15:22:36+00:00,2016,inmigracion
ZOE5wQssmoI,@marielenatellez-jh1ci,2024-09-12 20:29:07+00:00,0,Esto es como México y Estados Unidos,La vida en la frontera: De Marruecos a España,Antena 3 Noticias,2016-02-23 15:22:36+00:00,2016,inmigracion
ZOE5wQssmoI,@marycrepy8686,2019-05-30 08:08:20+00:00,2,"Si tengo carta de expulsión en territorio europeo por 3 años será, posible entrar a España, por Marruecos en bus soy colombiana",La vida en la frontera: De Marruecos a España,Antena 3 Noticias,2016-02-23 15:22:36+00:00,2016,inmigracion
ZOE5wQssmoI,@natsureings619,2020-12-24 04:54:53+00:00,1,"Se que esto se lo toman broma pero.
Esto con franco no pasaba.",La vida en la frontera: De Marruecos a España,Antena 3 Noticias,2016-02-23 15:22:36+00:00,2016,inmigracion
ZOE5wQssmoI,@antoniofranco2969,2021-02-05 12:45:21+00:00,0,Las TROPAS. De Hassan para que los mantenga . España pagué las fiestas...,La vida en la frontera: De Marruecos a España,Antena 3 Noticias,2016-02-23 15:22:36+00:00,2016,inmigracion
ZOE5wQssmoI,@yasinalbaidouri8872,2019-10-05 19:13:07+00:00,0,Keite bayas atoubayas alabayou deimirda,La vida en la frontera: De Marruecos a España,Antena 3 Noticias,2016-02-23 15:22:36+00:00,2016,inmigracion
ZOE5wQssmoI,@YalalMohamedSarhan,2024-12-12 06:24:40+00:00,0,Dictadura poderes detalles,La vida en la frontera: De Marruecos a España,Antena 3 Noticias,2016-02-23 15:22:36+00:00,2016,inmigracion
ZOE5wQssmoI,@erlinvalle8701,2022-02-18 23:42:49+00:00,0,"3p,",La vida en la frontera: De Marruecos a España,Antena 3 Noticias,2016-02-23 15:22:36+00:00,2016,inmigracion
ZOE5wQssmoI,@mirellalabb,2020-12-15 15:19:24+00:00,1,pues ya no dejare mi ropa en los contenedores... Porque lo pongo creyendo que es donación para personas sin abrigo y resulta que lucran con ello..,La vida en la frontera: De Marruecos a España,Antena 3 Noticias,2016-02-23 15:22:36+00:00,2016,inmigracion
ZOE5wQssmoI,@jesusgonzalezmartin2403,2021-03-17 15:16:01+00:00,0,Ya no tiro más ropa a los contenedores naranjas,La vida en la frontera: De Marruecos a España,Antena 3 Noticias,2016-02-23 15:22:36+00:00,2016,inmigracion
ZOE5wQssmoI,@goodgood8852,2020-02-01 01:12:02+00:00,13,أحسن حل هو غلق هذا المعبر في وجه الإسبان بورقعة ولوبي التهريب هذا المعبر أذل وأهان المغاربة على العموم والشماليين بالخصوص,La vida en la frontera: De Marruecos a España,Antena 3 Noticias,2016-02-23 15:22:36+00:00,2016,inmigracion
ZOE5wQssmoI,@oiriachifatimafatima705,2019-03-25 23:21:36+00:00,0,qu'elle honte des Maroc honte,La vida en la frontera: De Marruecos a España,Antena 3 Noticias,2016-02-23 15:22:36+00:00,2016,inmigracion
ZOE5wQssmoI,@erickcruz6733,2021-02-02 06:28:43+00:00,1,Hola a la madre patria saludos desde Chihuahua Chihuahua México,La vida en la frontera: De Marruecos a España,Antena 3 Noticias,2016-02-23 15:22:36+00:00,2016,inmigracion
ZOE5wQssmoI,@minasaavedra9773,2018-01-29 00:55:12+00:00,10,"Vaya con la doble moral, hacen plata con el sufrimiento humano.",La vida en la frontera: De Marruecos a España,Antena 3 Noticias,2016-02-23 15:22:36+00:00,2016,inmigracion
ZOE5wQssmoI,@johannatejada2426,2020-01-31 15:58:10+00:00,1,Puede una persona pasar fácil esa frontera hacia España...,La vida en la frontera: De Marruecos a España,Antena 3 Noticias,2016-02-23 15:22:36+00:00,2016,inmigracion
ZOE5wQssmoI,@Verdades3337,2019-09-03 15:18:27+00:00,4,Yo ponía un muro,La vida en la frontera: De Marruecos a España,Antena 3 Noticias,2016-02-23 15:22:36+00:00,2016,inmigracion
ZOE5wQssmoI,@luismora9782,2019-07-12 11:14:05+00:00,5,"Ceuta et Melilla sont des territoires espagnols ""Les Marocains disent que Ceuta et Melilla sont des"" villes pillées ""au Maroc, mais c'est absolument faux, Ceuta et Melilla sont des villes espagnoles depuis des siècles, bien avant que le Maroc n'existe.
La chose intéressante à propos de tout cet événement est la suivante: si dans son histoire ancienne, Ceuta et Melilla font partie de l’histoire de l’Espagne - romaine, chrétienne et wisigoth - son histoire médiévale est également espagnole, et toutes deux sont aussi filles de la reconquête territoire péninsulaire. Ceuta et Melilla étaient très rarement la possession d'un royaume africain. Ceuta, presque toujours liée aux royaumes de la péninsule, a également conservé son héritage romain et chrétien, revitalisé après la reconquête portugaise; Melilla, ruinée par les guerres entre les royaumes africains, a été reconstruite à partir de zéro par les Castillans au XVe siècle.
. La dynastie des alauí ou alauita, dont les possessions sont le germe du Maroc actuel, a vu le jour au XVIIe siècle, lorsque Ceuta et Melilla sont avec les couronnes ibérique et chrétienne depuis deux cents ans.
Ceuta et Melilla sont espagnols parce que leurs habitants le veulent aujourd'hui. En outre, c’est parce que Ceuta a décidé de le devenir en 1640 et que Melilla a été presque entièrement reconstruite par les Espagnols en 1497. Et ils sont espagnols, en bref, parce que toute leur histoire est intimement liée à celle du reste de l’Espagne depuis le Phéniciens
https://www.google.com/url?sa=t&source=web&rct=j&url=https://elmanifiesto.com/tribuna/1043/por-queacute-ceuta-y-melilla-son-espantildeolas.html&ved=2ahUKEwiWpNrqnK_jAhXm1uAKHQIFBq0QFjALegQIAxAB&usg=AOvVaw03FOwqKpx8i0_0s2fRDcID",La vida en la frontera: De Marruecos a España,Antena 3 Noticias,2016-02-23 15:22:36+00:00,2016,inmigracion
ZOE5wQssmoI,@JesusGarcia-ok2qz,2020-01-29 22:04:38+00:00,2,America 🇺🇸 el pais mas rico del mundo y poderoso,La vida en la frontera: De Marruecos a España,Antena 3 Noticias,2016-02-23 15:22:36+00:00,2016,inmigracion
ZOE5wQssmoI,@mchichamadrid3880,2021-01-11 04:44:54+00:00,0,"Todo eso es dinero para españa,para edpaña es compra y de esa compra gana españa impuestos asi q ahora quitaron eso ,y ya las dos ciudades dejarin de ser autonomas,los españoles siempre quejan quejan por el beneficio de ellos",La vida en la frontera: De Marruecos a España,Antena 3 Noticias,2016-02-23 15:22:36+00:00,2016,inmigracion
ZOE5wQssmoI,@falconchahine705,2019-08-24 15:07:21+00:00,0,Los dos estados espagnol y marroqui son las causas de esta vida dramatica,La vida en la frontera: De Marruecos a España,Antena 3 Noticias,2016-02-23 15:22:36+00:00,2016,inmigracion
ZOE5wQssmoI,@yesicz60,2020-10-01 04:24:45+00:00,0,El problema es los de Africa los negros son de ya saben Altos fuertes y mas por eso los envidia y eso mi marido es negro por eso digo eso y vivo en usa,La vida en la frontera: De Marruecos a España,Antena 3 Noticias,2016-02-23 15:22:36+00:00,2016,inmigracion
ZOE5wQssmoI,@mustaejdid8736,2020-11-11 18:30:40+00:00,1,"Para esos racistas que dejaron aquí su comentario!!! Ahora quien es el afectado al cierre de las fronteras de Ceuta y Melilla ? Si no lo saben que se lo pregunten a los comerciantes de allí a ver qué dicen.
SOLO PARA LOS IGNORANTES",La vida en la frontera: De Marruecos a España,Antena 3 Noticias,2016-02-23 15:22:36+00:00,2016,inmigracion
ZOE5wQssmoI,@mohamedlion5513,2018-07-20 18:59:54+00:00,0,"Cebta et Melilla. Villes espagnoles ou dernières colonies en Afrique ?
 La revendication marocaine, et toujours d’actualité. fin du Moyen-Âge, des monarchies espagnole et portugaise  reconquête – Reconquista – Rabat s’est donné pour objectif de récupérer tous les territoires qui forment l’espace géographique marocain : la zone sud du Protectorat (Tarfaya) en 1958 puis  Ifni en 1969. le Sahara marocain 1975  ont ainsi été les cibles de revendications avant de rentrer dans le giron marocain. La tension entre les deux pays a atteint son paroxysme .Face à ces incessantes revendications, la population de Cebta et de Melilla s’est longtemps sentie abandonnée par Madrid qui, bien n’affirmant pas « l’hispanité » des deux villes, avait plutôt tendance à ménager Rabat. C’est la raison pour laquelle les chefs de gouvernement qui se sont succédé à Madrid ont soigneusement évité tout voyage officiel. Le roi Juan Carlos a rompu cette loi non écrite en 2007 en effectuant dans les deux villes une visite , au cours de laquelle il a affirmé sa volonté politique d’ancrer  Cebta et Melilla dans le territoire national, même au prix d’une intervention militaire.
Il est l’heure pour l’Espagne d’abolir le dernier privilège. Le roi devrait le faire lui-même avec honneur à l’heure où ses concitoyens souffrent pour remettre l’Espagne dans le XXIe siècle et garantir leur futur.",La vida en la frontera: De Marruecos a España,Antena 3 Noticias,2016-02-23 15:22:36+00:00,2016,inmigracion
ZOE5wQssmoI,@CarlosIv27,2019-05-09 15:36:58+00:00,17,"que asco, tenemos que actuar ya y votar todos a vox !!!",La vida en la frontera: De Marruecos a España,Antena 3 Noticias,2016-02-23 15:22:36+00:00,2016,inmigracion
ZOE5wQssmoI,@heresmycomment,2020-07-27 14:25:08+00:00,1,Hippcritas.,La vida en la frontera: De Marruecos a España,Antena 3 Noticias,2016-02-23 15:22:36+00:00,2016,inmigracion
ZOE5wQssmoI,@maurixiogarciasanchez2278,2021-03-12 04:07:03+00:00,0,"Territorio robado a Marruecos , regresen lo ajeno.",La vida en la frontera: De Marruecos a España,Antena 3 Noticias,2016-02-23 15:22:36+00:00,2016,inmigracion
ZOE5wQssmoI,@mocromocro1347,2019-04-22 06:25:32+00:00,3,Melilla rifeños mulas 😂,La vida en la frontera: De Marruecos a España,Antena 3 Noticias,2016-02-23 15:22:36+00:00,2016,inmigracion
ZOE5wQssmoI,@karinapedrovaromanovag,2022-01-13 23:26:36+00:00,1,Que triste realidad,La vida en la frontera: De Marruecos a España,Antena 3 Noticias,2016-02-23 15:22:36+00:00,2016,inmigracion
ZOE5wQssmoI,@MMm-qs8zt,2020-04-19 10:32:30+00:00,0,No queremos nada que viene de España tenemos todo en Marruecos y yo espero que todos los marroquíes que están en España vuelvan a Marruecos porque hay citio y trabajo para todos menos los que están en Cataluña porque no es España,La vida en la frontera: De Marruecos a España,Antena 3 Noticias,2016-02-23 15:22:36+00:00,2016,inmigracion
ZOE5wQssmoI,@videosrd1660,2022-11-26 16:32:06+00:00,0,Nadie opina sobre ese muro pero en rd opinan todos,La vida en la frontera: De Marruecos a España,Antena 3 Noticias,2016-02-23 15:22:36+00:00,2016,inmigracion
KKwJvHByd20,@TAGNET,2018-02-27 20:07:29+00:00,0,Falso,Así era la inmigración en Chile durante la Colonia Española,Cultura Verdadera,2016-10-11 01:29:46+00:00,2016,inmigracion
KKwJvHByd20,@channeler231,2023-06-03 13:56:11+00:00,0,Correcto esa inmigracion hizo que el pueblo es un 75% mestizo y ahora con la llegada de haitianos colombianos y venezolanos los pardos aumentaran enormemente y ese mestizaje sera mucho mejor que el mestizaje del pasado.,Así era la inmigración en Chile durante la Colonia Española,Cultura Verdadera,2016-10-11 01:29:46+00:00,2016,inmigracion
KKwJvHByd20,@bestdiegoo,2018-03-11 02:08:56+00:00,0,Lavado de imagen!!!!,Así era la inmigración en Chile durante la Colonia Española,Cultura Verdadera,2016-10-11 01:29:46+00:00,2016,inmigracion
Ms8VoF-Ur3c,@antoniomiralles189,2017-05-19 14:20:30+00:00,1,"si quereis los ponemos un ferry ,para que vengan muy comodos ,,España es un pais soberano que elige quien quiere o no que entre en su territorio,, y a todos esos que saltan y entran a la fuerza hay que devolverlos segun entran ,,si entran a la fuerza pues igual se los devuelve",Situación de la población inmigrante en España.,Solidarios CanalSur,2016-11-04 10:37:19+00:00,2016,inmigracion
Ms8VoF-Ur3c,@amorcienfuegos,2019-02-15 16:39:19+00:00,1,"No son refugiados .
Són inmigrantes económicos.
Periodistas mentirosos",Situación de la población inmigrante en España.,Solidarios CanalSur,2016-11-04 10:37:19+00:00,2016,inmigracion
ScqHvuk-v5g,@BeatsOfStamina,2022-09-24 10:07:02+00:00,5,"No creo que la guardia civil esté siendo consciente del todo porque con esos comentarios están haciéndoles un flaco favor reprochándoles que tienen bienes básicos porque “otros no los tienen”. Nadie quiere vivir en esas condiciones, vengas de donde vengas, esto lo crea la irregularidad de su situación, los sueldos y la exclusión.",Los jornaleros del plástico en el sur de España,VICE en Español,2016-07-01 08:43:18+00:00,2016,inmigracion
ScqHvuk-v5g,@josemartinez-kd3dr,2019-02-15 00:40:45+00:00,2,"Un mundo,podrido,solo se busca el bienestar a costillas de la gente necesitada,mientras ellos pasan frío,hambre,y otro tipo de situaciones,ustedes están como si nada ,alimentándose y aprovechándose siempre de los más vulnerables",Los jornaleros del plástico en el sur de España,VICE en Español,2016-07-01 08:43:18+00:00,2016,inmigracion
ScqHvuk-v5g,@xiscaguallopez7998,2021-02-12 14:23:03+00:00,6,La guardia civil como siempre amenizando la situación de esta gente cuando realmente es alarmante.,Los jornaleros del plástico en el sur de España,VICE en Español,2016-07-01 08:43:18+00:00,2016,inmigracion
ScqHvuk-v5g,@juansantiagorueda2063,2021-04-08 19:45:58+00:00,1,ACUANTO SEPAGA LA HORA COJIENDO TOMATICO😅,Los jornaleros del plástico en el sur de España,VICE en Español,2016-07-01 08:43:18+00:00,2016,inmigracion
ScqHvuk-v5g,@yersnrod,2025-09-05 15:04:29+00:00,0,Ahí tienes a la Guardia civil que emociona a toda España,Los jornaleros del plástico en el sur de España,VICE en Español,2016-07-01 08:43:18+00:00,2016,inmigracion
ScqHvuk-v5g,@molokioi,2026-05-13 11:43:29+00:00,0,Sigue existiendo,Los jornaleros del plástico en el sur de España,VICE en Español,2016-07-01 08:43:18+00:00,2016,inmigracion
ScqHvuk-v5g,@lapejavi7851,2017-08-19 12:08:39+00:00,4,gran reportaje que denuncia una gran realidad.,Los jornaleros del plástico en el sur de España,VICE en Español,2016-07-01 08:43:18+00:00,2016,inmigracion
ScqHvuk-v5g,@JorgeCastroAlbores,2025-07-18 07:45:53+00:00,0,Ja ja y los de VOX?? Y Abascal ??,Los jornaleros del plástico en el sur de España,VICE en Español,2016-07-01 08:43:18+00:00,2016,inmigracion
ScqHvuk-v5g,@tuti4711,2021-03-12 09:48:06+00:00,0,Es hora de comer💅🏼,Los jornaleros del plástico en el sur de España,VICE en Español,2016-07-01 08:43:18+00:00,2016,inmigracion
ScqHvuk-v5g,@miguelsalinas3889,2016-08-03 11:43:34+00:00,31,"Que la realidad no te estropee un buen reportaje.
Periodismo buenista y malintencionado. Oh, pobres inmigrantes, mirad como les obligan a vivir. Viven así porque QUIEREN. Los inmigrantes africanos prefieren vivir en esas condiciones y a cambio,enviar remesas de dinero a sus países. Porque si no, los inmigrantes de Europa del este y sudamericanos en cambio viven en otras condiciones??Muy sencillo,estos últimos viven como lo haría cualquier español,con su alquiler,hipoteca etc.
Como agricultor me insulta tremendamente este tipo de reportajes tendenciosos. Todos los peones cobran lo mismo, sin embargo, un peón rumano empleado mío,tiene su hipoteca y su coche, porque no piensa en volver y sólo se plantea su futuro en España. Por otro lado, el resto de peones marroquíes, viven en un cortijo cercano,en esas condiciones. No pagan alquiler,agua o electricidad.No QUIEREN pagar agua,electricidad ni mucho menos un alquiler,en cambio mandan a su país una media de 100 € semanales.
El año pasado derrui un cortijo de mi propiedad para que no se alojaran más inmigrantes en mi propiedad, y los inquilinos que hicieron?montar una chabola en una finca colindante,gente que cobraba por aquel entonces una media de 800-900€ mes durante una campaña de 9-10 meses al año,MI MUJER TRABAJA EN UNA OFICINA POR 720€ Y NO LE EXIGE A SU JEFE VIVIENDA Y SUMINISTROS.
Después os preguntáis porque somos hostiles a los medios de comunicación, pero es que ya estamos muy hartos. 
Lo único que me queda ya por decir,es que todos los que decís pobrecitos,que mal viven, os animo a contratar a unos cuantos a ver como lo haríais vosotros.",Los jornaleros del plástico en el sur de España,VICE en Español,2016-07-01 08:43:18+00:00,2016,inmigracion
GWm6U4_NI4s,@juanadanlara6672,2017-08-07 07:34:09+00:00,0,"Los datos contradicen al orador del minuto 21:26, Antes dijeron que los inmigrantes son el 10% de la población y en ese minuto dice que los delitos cometidos por los inmigrantes son el 24% del total, esto supone que los inmigrantes cometen 2,4 veces más delitos que los españoles.",Inmigración: vivir en España,TIEMPO DE TERTULIA,2016-07-04 08:00:01+00:00,2016,inmigracion
EcQS2Ngktzk,@EnriqueRodriguezTOPO,2020-09-22 02:46:04+00:00,6,"VALERIA, mi respeto y admiracion hacia tu trabajo, presentacion y convicciones. Comparto plenamente tus sentiminetos. Yo soy nacido en Concordia (frente a Salto, Uruguay) Argentino que vivio en Cordoba y hace 35 anos vivo en Sydney Australia. Emigre con mi famila en Marzo 1984, y hoy soy un muy orgulloso Argentino-Australiano. He representado a los dos paises en rugby (1971-1992). Con un exito casi inigualable en el mundo entero, basado en el trabajo y dedicacion, persistencia y perseverancia, de lo que he hecho personalmente (pero sin recompensas monetarias millonarias que los jugadores de hoy reciben). No obstante me considero trillonario de espirtu y corazon, mi cewrebro funciona baastante bien en relacion a mi edad y estado propio. AUN, asi ciertos elementos de la Sociedad Australiana (con sus defectos y muchas virtudes), no me ha dado el lugar que me corresponde como veterano representante de los Wallabies (Seleccionado Nacional de Rugby); y mas agravante todavia es el haber sido Wallaby Captain en 1987, y miembro de las famosas victorias del 1984 Grand Slam de UK e Irlanda; y del equipo ganador de la Bledisloe Cup en New Zealand 1986. 

Por todo esto concluyo, hasta las castas mas altas y educadas sienten el 'terror' que la incertidumbre que el inmigrante acarrea en si, porque los anos formativos sucedieron en otro lugar, pais, continente. Entonces aqui priva 'el miedo a lo desconcido'. Mas vale proclamar 'MLTICULTURALISMO' y tambien 'INTERCAMBIOS CULTURALES' , que no conllevan una 'amenaza' o un 'ataque' hacia quien tenga una conducta erronea, desubicada o malinformada. El ESTIGMA es sinonimo de IGNORANCIA, por lo tanto solo se puede combatir con Educacion, Conciencia y Sentido Comun! - Gracias por leer-me! Enrique.

The ERC Group, se especializa en relaciones bi-laterales y multi-laterales originadas en intercambios fundamentados en el ARTE, CULTURA, EDUCACION, DEPORTE, PRODUCTOS/COCINA y finalmente comercio a distintos niveles empresariales. Esta estrategia en circulos diplomatico-politico es comunmente conocida como SOFT-POWER. 

Enrique TOPO Rodriguez
Chairman y MD, The ERC Group
Founder & Convener, ISSF (International Spots Sciences Forum.
Sydney, 22/09/2020.",Migraciones y fronteras | Valeria España | TEDxMontevideo,TEDx Talks,2016-11-21 16:15:12+00:00,2016,inmigracion
EcQS2Ngktzk,@NicolasTorresFerron,2016-11-22 19:53:13+00:00,3,"Me gusto mucho su punto de vista y creó que todos tenemos y debemos cuidar más a aquellos que eligen vivir en Uruguay. Sea por la razón que sea, no podemos olvidar nuestras raíces y que muchos venimos de aquellos inmigrantes que a muchos años eligieron esta tierra para vivir y formar sus familias. Tenemos que dejar a un lado las fronteras y pensar en que cada ser humano es del Mundo como un todo y dar el ejemplo para que tal ves algún día otros país se contagien del amor y la solidaridad abrigando a quien lo necesite",Migraciones y fronteras | Valeria España | TEDxMontevideo,TEDx Talks,2016-11-21 16:15:12+00:00,2016,inmigracion
EcQS2Ngktzk,@orekanchi,2022-07-24 15:44:43+00:00,0,Precioso TEDx. Gracias.,Migraciones y fronteras | Valeria España | TEDxMontevideo,TEDx Talks,2016-11-21 16:15:12+00:00,2016,inmigracion
EcQS2Ngktzk,@johanacastro9411,2020-06-18 21:39:24+00:00,3,Gracias Valeria eres la voz que aturde a xenofobia ignorante.,Migraciones y fronteras | Valeria España | TEDxMontevideo,TEDx Talks,2016-11-21 16:15:12+00:00,2016,inmigracion
EcQS2Ngktzk,@marleneferrerleon3359,2022-03-02 22:14:34+00:00,1,Lo mejor que he escuchado,Migraciones y fronteras | Valeria España | TEDxMontevideo,TEDx Talks,2016-11-21 16:15:12+00:00,2016,inmigracion
EcQS2Ngktzk,@Maarrrr-0,2022-07-29 17:11:04+00:00,0,Si🤝,Migraciones y fronteras | Valeria España | TEDxMontevideo,TEDx Talks,2016-11-21 16:15:12+00:00,2016,inmigracion
EcQS2Ngktzk,@somonte_paintingstudio,2022-04-20 12:12:32+00:00,0,"Diferencias culturales requieren fronteras físicas, pensar que eso pueda cambiar es inevitablemente atentar contra la diversidad cultural, pero no estás lista para esa conversación. Toda la conferencia es ingenua, pero muy válida.",Migraciones y fronteras | Valeria España | TEDxMontevideo,TEDx Talks,2016-11-21 16:15:12+00:00,2016,inmigracion
EcQS2Ngktzk,@delfinvela857,2021-01-05 10:03:33+00:00,0,"Uno de los principales problemas de todos, es el dinero,la pobreza, y por ende la marginalización, de ahí depende la conducta de muchos, como se puede combatir eso? fácil, los gobiernos tienen que descongestionar con buenas políticas las grandes ciudades, por ejemplo; cada país tiene sus diferentes fuentes de producción las cuales por su geografía siempre son distintas en cada estado,en cada pueblo etc, y es de ahí de done tienen que salir los técnicos, los profesionales, los productores etc, entonces es el gobierno el que tiene que implantar en cada región, ciudades pueblos y comunidades, centros de estudio y capacitación   para todos esos jóvenes que quieren estudiar según su especialidad, porque resulta que todas estas casas de estudios las instalan en las grandes ciudades y todo aquel que quiere seguir estudiando tienen que migrar hacia esas ciudades que luego se van llenando de una población descontrolada donde tienen que ir a vivir como gallinas en jaula, y como el hombre es un animal de costumbres, pues ellos se acostumbran a vivir así. Esa es a mi parecer la principal causa de los grandes problemas de todos los países que llaman tercermundistas, el dia que hayan políticas lógicas para que cada comunidad desarrolle y le de valor agregado a su materia prima que tiene en su entorno, bien sea en agricultura o minera, eso puede empezar a cambiar, de lo contrario es un cuento de nunca acabar.",Migraciones y fronteras | Valeria España | TEDxMontevideo,TEDx Talks,2016-11-21 16:15:12+00:00,2016,inmigracion
EcQS2Ngktzk,@Celedibujito,2020-12-21 21:29:58+00:00,0,"Esta mujer si sufrió la migración en primera persona. Solo quien lo padece sabe cuáles son las preguntas frecuentes, los  racismos disfrazados de verdad local y el dolor de desarraigo. Ojalá tod@s pudieran comprender más y juzgar menos ❤️",Migraciones y fronteras | Valeria España | TEDxMontevideo,TEDx Talks,2016-11-21 16:15:12+00:00,2016,inmigracion
EcQS2Ngktzk,@marianazamudioaldasoro4807,2020-05-20 23:06:14+00:00,2,o_o,Migraciones y fronteras | Valeria España | TEDxMontevideo,TEDx Talks,2016-11-21 16:15:12+00:00,2016,inmigracion
EcQS2Ngktzk,@fabriciodra,2018-10-23 15:37:04+00:00,3,9:00 no digas mentiras.,Migraciones y fronteras | Valeria España | TEDxMontevideo,TEDx Talks,2016-11-21 16:15:12+00:00,2016,inmigracion
EcQS2Ngktzk,@tixalone5424,2021-11-01 18:50:49+00:00,0,"Me gustó el discurso, pero lo recitaste de memoria y te temblaba la voz. Fue excelente lo que expusiste, pero te sugiero que no memorices el discurso para que sea más impactante.",Migraciones y fronteras | Valeria España | TEDxMontevideo,TEDx Talks,2016-11-21 16:15:12+00:00,2016,inmigracion
EcQS2Ngktzk,@Charlysta,2024-08-07 09:22:38+00:00,1,Acá por tarea 😞,Migraciones y fronteras | Valeria España | TEDxMontevideo,TEDx Talks,2016-11-21 16:15:12+00:00,2016,inmigracion
EcQS2Ngktzk,@bobbarco5591,2016-11-21 16:16:56+00:00,2,"Hello😁  Primer comentario, Saluda me TED",Migraciones y fronteras | Valeria España | TEDxMontevideo,TEDx Talks,2016-11-21 16:15:12+00:00,2016,inmigracion
EcQS2Ngktzk,@reznov885,2021-10-27 23:35:01+00:00,0,Why my spanish teacher make me watch this I didn't understand a damned thing,Migraciones y fronteras | Valeria España | TEDxMontevideo,TEDx Talks,2016-11-21 16:15:12+00:00,2016,inmigracion
EcQS2Ngktzk,@nikusa-miringo_gamer,2021-07-02 06:21:06+00:00,14,Aqui los que estan por la tarea jajajaja,Migraciones y fronteras | Valeria España | TEDxMontevideo,TEDx Talks,2016-11-21 16:15:12+00:00,2016,inmigracion
EcQS2Ngktzk,@danielmeza9926,2021-11-23 19:58:43+00:00,2,"Demasiado sentimentalismo y victimismo.

Debío centrarse en los problemas sociales, políticos,culturales y sobre todo económicas que puede provocar la migración.",Migraciones y fronteras | Valeria España | TEDxMontevideo,TEDx Talks,2016-11-21 16:15:12+00:00,2016,inmigracion
EcQS2Ngktzk,@idysadio8771,2020-03-13 22:46:28+00:00,1,Que bien,Migraciones y fronteras | Valeria España | TEDxMontevideo,TEDx Talks,2016-11-21 16:15:12+00:00,2016,inmigracion
EcQS2Ngktzk,@rodrigoscheuer,2018-01-07 15:56:27+00:00,5,"EEUU, UK y Macri. A los países árabes cero referencia. Ah es cierto, hay que respetar su cultura.",Migraciones y fronteras | Valeria España | TEDxMontevideo,TEDx Talks,2016-11-21 16:15:12+00:00,2016,inmigracion
EcQS2Ngktzk,@alejandramoreno421,2020-07-18 20:53:24+00:00,3,"Lo primero que una persona debe hacer para emigrar a otro país ,es mentalizarse el concepto de aceptación cuando se encuentre en dicho país que eligió emigrar, esra chica se nota que no supo adaptarse al pais que le abrió sus puertas, me da vergüenza ajena ver este vídeo. Soy emigrante y desde el instante cero que emigre me adapte  a éste maravilloso pais que me a dado tanto.¡GRACIAS España por haberme abierto tus puertas ¡",Migraciones y fronteras | Valeria España | TEDxMontevideo,TEDx Talks,2016-11-21 16:15:12+00:00,2016,inmigracion
EcQS2Ngktzk,@lauruguayitausa,2017-07-17 18:15:40+00:00,9,"Esta chica menciona un articulo donde ella lo tilda de discriminatorio. Que dice algo así como el inmigrante no podrá tener defectos físicos, mentales o morales que pueden perjudicar a la sociedad.

Yo soy también inmigrante, sólo que uruguaya en otro país, y al contrario de ella, estoy de acuerdo totalmente con esa normativa que mencionó, y no me importa si se aplica donde vivo, claro con la solvedad de que se entiende por defecto físico.... porque somos seres humanos, y no todos tenemos una vida saludable al 100%. Pero digamos que hay extremos que imagino es a los que se refiere la ley..., por ejemplo una persona que quiera inmigrar a Uruguay que está postrada, rodeada de tanques, que no se puede valer por si misma y no tenga los medios económicos de solventar sus gastos ni producir algo... el hecho de que la salud cubra a todos, no significa que también el uruguayo promedio tenga que con sus impuestos mantener a un extranjero solo porque a esta chica le parece que es discriminación!!! Come on!!! En que burbuja vive? También hay que cuidarse de la gente que trae problemas mentales. Hay países donde abundan los psicópatas, quién quiere a esa gente como vecino? Pertenecen a un hospital para enfermos mentales en sus lugares de origen no en barrios de países ajenos (incluyendo a los extremistas religiosos). Y luego habla de defectos ""morales"" también estoy de acuerdo con la ley, a mí no me gustaría que Uruguay, o el país donde vivo se convirtiera en semillero de gente que no aporta nada positivo a la sociedad, que alberga a corruptos extranjeros que delinquieron en sus respectivos países y buscan asilo en los países de otros... Son leyes de sentido común no discriminación. 

Algo más, como inmigrante, uno puede verter alguna opinión, pero en lugar de criticar el país que la cobijó, por qué corchos no va y busca soluciones en su propio país, que escupe año a año a miles de personas, y lo peor es que México (país que dijo ser originaria) mete preso a los inmigrantes de países vecinos que atraviesan el territorio tratando de llegar a USA, no sólo eso, hay montón de información en la internet, donde se habla del tema, gente que es maltratada, violada, arrestada e inclusive asesinada... Y ella critica lo que Macri quiere hacer en su propio país? Me paspa la gente que mira la paja del ojo ajeno, pero no ve la viga del suyo propio!!! Por qué no mencionó los abusos de su país? Claro, es no le conviene porque le tira abajo su charla y teoría de pacotilla, a este video, le doy un dislike... Es una porquería de opinión!!!

CReo que no merece el aplauso que le dieron! Grow up, nena! Te lo dice una inmigrante!!!",Migraciones y fronteras | Valeria España | TEDxMontevideo,TEDx Talks,2016-11-21 16:15:12+00:00,2016,inmigracion
EcQS2Ngktzk,@alexandergonzalez9043,2020-10-06 17:38:08+00:00,3,buen momo,Migraciones y fronteras | Valeria España | TEDxMontevideo,TEDx Talks,2016-11-21 16:15:12+00:00,2016,inmigracion
EcQS2Ngktzk,@irenomontera6933,2019-09-22 12:12:07+00:00,6,"Bla, bla, bla.
Las palabras son muy bonitas  lo malo es que las palabras y el buenismo no te dan de comer ni pagan hospitales y medicinas ni la educación, etc.
Todo es muy bonito de palabra pero la jodida realidad es otra bien distinta y una cosa es la inmigración controlada y legal a un país y otra es la invasión y emigración ilegal.
Ningún país tiene la obligación y mucho menos la capacidad de acoger a avalanchas de inmigrantes como están llegando a Europa (que aún encima quieren imponer sus leyes y costumbres) porque el que lo haga se va a hundir con ellos.
Cuál es entonces la solución pues ayudarlos en sus países de origen y sobre todo que se ayuden ellos a si mismos en sus países acabando con la mierda de políticos que tienen.",Migraciones y fronteras | Valeria España | TEDxMontevideo,TEDx Talks,2016-11-21 16:15:12+00:00,2016,inmigracion
EcQS2Ngktzk,@PedroPouchucq2010,2020-04-14 18:25:22+00:00,8,"Valeria, tu voz temblaba porque sabías que estabas forzando una ilusión. Los inmigrantes son bienvenidos, mejor aún si pueden contribuir fiscalmente al país donde vayan. 
Pero seamos honestos, es mucha ingratitud criticar al país que te acogió frente a todo un público de nacionales. Más aún, hacerse de victima por preguntas normales que se le hacen a una persona con un accente distinto. Hay formas de responder a esas preguntas con simpatia y halagando a tus nuevos compatriotas.
Finalmente, llegar a un nuevo país e intentar cambiar sus políticas migratorias es dar un motivo más para que los gobiernos tomen precauciones ante la llegada de nuevos migrantes ¿Si quieres luchar por lo que llamas ""justicia social"" en los flujos migratorios, por qué no lo has hecho desde Mexico en un principio?",Migraciones y fronteras | Valeria España | TEDxMontevideo,TEDx Talks,2016-11-21 16:15:12+00:00,2016,inmigracion
EcQS2Ngktzk,@delfinvela857,2021-02-05 21:56:50+00:00,0,"Uno de los principales problemas de todos, es el dinero,la pobreza, y por ende la marginalización, de ahí depende la conducta de muchos, como se puede combatir eso? fácil, los gobiernos tienen que descongestionar con buenas políticas las grandes ciudades, por ejemplo; cada país tiene sus diferentes fuentes de producción las cuales por su geografía siempre son distintas en cada estado,en cada pueblo etc, y es de ahí de done tienen que salir los técnicos, los profesionales, los productores etc, entonces es el gobierno el que tiene que implantar en cada región, ciudades pueblos y comunidades, centros de estudio y capacitación   para todos esos jóvenes que quieren estudiar según su especialidad, porque resulta que todas estas casas de estudios las instalan en las grandes ciudades y todo aquel que quiere seguir estudiando tienen que migrar hacia esas ciudades que luego se van llenando de una población descontrolada donde tienen que ir a vivir como gallinas en jaula, y como el hombre es un animal de costumbres, pues ellos se acostumbran a vivir así. Esa es a mi parecer la principal causa de los grandes problemas de todos los países que llaman tercermundistas, el dia que hayan políticas lógicas para que cada comunidad desarrolle y le de valor agregado a su materia prima que tiene en su entorno, bien sea en agricultura o minera, eso puede empezar a cambiar, de lo contrario es un cuento de nunca acabar.",Migraciones y fronteras | Valeria España | TEDxMontevideo,TEDx Talks,2016-11-21 16:15:12+00:00,2016,inmigracion
oSFKwMOPN10,@MoaiSumergido,2016-09-18 15:46:13+00:00,0,esta bien supongo :/,Desmantelado un campamento de inmigrantes en París,euronews (en español),2016-09-16 14:56:02+00:00,2016,inmigracion
sORub6SlRlk,@antonioreyes.8078,2024-05-06 08:47:26+00:00,283,Hace 8 años que es del video... Y no mames toda la razón!,"‘Islam dominará paulatinamente a Europa’, en opinión de Francisco Zea",EXCELSIOR,2016-03-29 00:54:52+00:00,2016,inmigracion
sORub6SlRlk,@sergigalbis7868,2025-01-03 02:23:09+00:00,45,"8 años después, es cierto","‘Islam dominará paulatinamente a Europa’, en opinión de Francisco Zea",EXCELSIOR,2016-03-29 00:54:52+00:00,2016,inmigracion
sORub6SlRlk,@mariajoseserranodecontrera6803,2024-08-04 11:29:35+00:00,135,Y además tiene más hijos porque viven de las ayudas que perciben por ellos.,"‘Islam dominará paulatinamente a Europa’, en opinión de Francisco Zea",EXCELSIOR,2016-03-29 00:54:52+00:00,2016,inmigracion
sORub6SlRlk,@marcelacaballero4028,2024-08-01 17:59:36+00:00,42,Lo preocupante es que no se levanten antes q sea peor.,"‘Islam dominará paulatinamente a Europa’, en opinión de Francisco Zea",EXCELSIOR,2016-03-29 00:54:52+00:00,2016,inmigracion
sORub6SlRlk,@fulanodetal90,2025-09-12 23:23:41+00:00,78,Una compañía de turismo está ofreciendo paquetes turísticos para visitar el Califato de Francia y el Califato de Bélgica 😅,"‘Islam dominará paulatinamente a Europa’, en opinión de Francisco Zea",EXCELSIOR,2016-03-29 00:54:52+00:00,2016,inmigracion
sORub6SlRlk,@Fachiman,2025-11-03 17:04:36+00:00,42,Hasta los hermanos hispanos del otro lado del Atlántico son capaces de ver lo que la mayoría de españoles no quieren ver.,"‘Islam dominará paulatinamente a Europa’, en opinión de Francisco Zea",EXCELSIOR,2016-03-29 00:54:52+00:00,2016,inmigracion
sORub6SlRlk,@kikelino4291,2025-09-27 03:01:54+00:00,152,En America no hay que dejar que pase esto,"‘Islam dominará paulatinamente a Europa’, en opinión de Francisco Zea",EXCELSIOR,2016-03-29 00:54:52+00:00,2016,inmigracion
sORub6SlRlk,@FranciscoLopez-dm5xi,2025-07-14 05:21:42+00:00,85,Difundan todos estos videos para que la gente se informe,"‘Islam dominará paulatinamente a Europa’, en opinión de Francisco Zea",EXCELSIOR,2016-03-29 00:54:52+00:00,2016,inmigracion
sORub6SlRlk,@maromunoz,2023-01-20 05:23:30+00:00,419,"Hola vengo del futuro, vivo en Alemania y si está lleno de musulmanes por todos lados","‘Islam dominará paulatinamente a Europa’, en opinión de Francisco Zea",EXCELSIOR,2016-03-29 00:54:52+00:00,2016,inmigracion
sORub6SlRlk,@diegogaray3091,2025-04-01 04:44:04+00:00,75,2025 y se volvió realidad!!!,"‘Islam dominará paulatinamente a Europa’, en opinión de Francisco Zea",EXCELSIOR,2016-03-29 00:54:52+00:00,2016,inmigracion
sORub6SlRlk,@Mar-d8o,2023-07-03 14:07:10+00:00,68,"Ya está pasando,  en Francia 😢","‘Islam dominará paulatinamente a Europa’, en opinión de Francisco Zea",EXCELSIOR,2016-03-29 00:54:52+00:00,2016,inmigracion
sORub6SlRlk,@WESLEYPINSEL,2023-07-01 19:34:17+00:00,242,Lo peor de todo es que es 100% real lo que dice el periodista.,"‘Islam dominará paulatinamente a Europa’, en opinión de Francisco Zea",EXCELSIOR,2016-03-29 00:54:52+00:00,2016,inmigracion
sORub6SlRlk,@marcodomarchi9030,2023-11-25 18:39:09+00:00,20,"Al paso que vamos, dentro de 50 años rige en Europa. Democracia para aquel que entienda su valor.","‘Islam dominará paulatinamente a Europa’, en opinión de Francisco Zea",EXCELSIOR,2016-03-29 00:54:52+00:00,2016,inmigracion
sORub6SlRlk,@cesarsuarez302,2023-05-31 20:36:34+00:00,143,"Y ahora 7 años después de estas palabras, ya se nota en las calles de España, en todas sus ciudades, tambien en el norte donde apenas se les veía...","‘Islam dominará paulatinamente a Europa’, en opinión de Francisco Zea",EXCELSIOR,2016-03-29 00:54:52+00:00,2016,inmigracion
sORub6SlRlk,@tessyf.m.1499,2024-08-03 10:57:53+00:00,10,Es terrible sabe Dios cómo acabaremos,"‘Islam dominará paulatinamente a Europa’, en opinión de Francisco Zea",EXCELSIOR,2016-03-29 00:54:52+00:00,2016,inmigracion
sORub6SlRlk,@gracielazagal2691,2023-06-14 01:40:34+00:00,18,"En Leon Gto., tuve oportunidad de saludar a Francisco Zea  increíble persona ,sencillo y  carismático. Hoy con gusto le escucho","‘Islam dominará paulatinamente a Europa’, en opinión de Francisco Zea",EXCELSIOR,2016-03-29 00:54:52+00:00,2016,inmigracion
sORub6SlRlk,@patitoomedina9030,2025-11-19 04:27:14+00:00,9,De echo ya están en américa y están muy  activos.  Pongan atención.,"‘Islam dominará paulatinamente a Europa’, en opinión de Francisco Zea",EXCELSIOR,2016-03-29 00:54:52+00:00,2016,inmigracion
sORub6SlRlk,@conchigongon1987,2025-11-22 22:16:38+00:00,4,Pues nos presionamos ahora,"‘Islam dominará paulatinamente a Europa’, en opinión de Francisco Zea",EXCELSIOR,2016-03-29 00:54:52+00:00,2016,inmigracion
sORub6SlRlk,@mariadelao9474,2023-09-04 21:28:44+00:00,14,"5/9/2023 EUROPA
YA ESTÁ AQUÍ 😢","‘Islam dominará paulatinamente a Europa’, en opinión de Francisco Zea",EXCELSIOR,2016-03-29 00:54:52+00:00,2016,inmigracion
sORub6SlRlk,@gracielazagal2691,2023-06-14 01:43:30+00:00,0,"Mis hermanas ,muy contentass de saludar a Francisco Zea ,cerramos con broche de oro nuestro día el día 12 de junio en León","‘Islam dominará paulatinamente a Europa’, en opinión de Francisco Zea",EXCELSIOR,2016-03-29 00:54:52+00:00,2016,inmigracion
sORub6SlRlk,@Mohamed-h9n4q,2023-07-03 18:23:35+00:00,14,Pues tenía razón,"‘Islam dominará paulatinamente a Europa’, en opinión de Francisco Zea",EXCELSIOR,2016-03-29 00:54:52+00:00,2016,inmigracion
sORub6SlRlk,@elisafuentestorres8067,2025-11-18 22:18:03+00:00,14,"En Europa tendrá una guerra civil ,habrán los ojos en Sudamérica","‘Islam dominará paulatinamente a Europa’, en opinión de Francisco Zea",EXCELSIOR,2016-03-29 00:54:52+00:00,2016,inmigracion
sORub6SlRlk,@isamayo5766,2023-09-03 21:34:33+00:00,96,"Estoy en Europa. Esto es terrorífico en 4 años hay cada vez más adolescentes.
Hoy escuché a una adolescente árabes, una de ellas con pañuelo, y las otras vestidas de raperas árabes, hablando de lo que nos odiaban y que éramos nosotros los racistas hacia ellas. Decían que se quedaban mirando a la gente normal para que las mirasen y ojo como al devolverlas la mirada lo hicieras mal, que decían que te pegaban... Horrible.","‘Islam dominará paulatinamente a Europa’, en opinión de Francisco Zea",EXCELSIOR,2016-03-29 00:54:52+00:00,2016,inmigracion
sORub6SlRlk,@nicomedesespañoljaen,2025-09-15 14:16:52+00:00,0,Así es.,"‘Islam dominará paulatinamente a Europa’, en opinión de Francisco Zea",EXCELSIOR,2016-03-29 00:54:52+00:00,2016,inmigracion
sORub6SlRlk,@hathornutramsesmin,2025-12-16 13:56:43+00:00,3,"Los traen estos políticos corruptos, los mantienen sin trabajar, así cualquiera tiene 4 hijos. Verán como en China esto no ocurre.","‘Islam dominará paulatinamente a Europa’, en opinión de Francisco Zea",EXCELSIOR,2016-03-29 00:54:52+00:00,2016,inmigracion
sORub6SlRlk,@veronicaacosta5637,2025-10-21 23:04:50+00:00,2,Totalmente,"‘Islam dominará paulatinamente a Europa’, en opinión de Francisco Zea",EXCELSIOR,2016-03-29 00:54:52+00:00,2016,inmigracion
sORub6SlRlk,@benja_ddvc,2023-10-17 20:02:45+00:00,6,Ésto se subió hacé 7 años 😮 XD,"‘Islam dominará paulatinamente a Europa’, en opinión de Francisco Zea",EXCELSIOR,2016-03-29 00:54:52+00:00,2016,inmigracion
sORub6SlRlk,@paco4211,2024-03-30 07:03:08+00:00,1,Está ocurriendo!,"‘Islam dominará paulatinamente a Europa’, en opinión de Francisco Zea",EXCELSIOR,2016-03-29 00:54:52+00:00,2016,inmigracion
sORub6SlRlk,@josemotoloco,2023-09-23 03:48:42+00:00,109,"Ya en España se está dando eso ahorita ,en los musulmanes nacen como 6 hijos por pareja y los españoles tienen como 2 o 1 y se esta islamizando el pais","‘Islam dominará paulatinamente a Europa’, en opinión de Francisco Zea",EXCELSIOR,2016-03-29 00:54:52+00:00,2016,inmigracion
sORub6SlRlk,@juanpablocanizares768,2023-10-20 20:52:35+00:00,0,Diablos 😲,"‘Islam dominará paulatinamente a Europa’, en opinión de Francisco Zea",EXCELSIOR,2016-03-29 00:54:52+00:00,2016,inmigracion
sORub6SlRlk,@uvgs-nb6tg,2023-11-04 13:16:39+00:00,10,"No lo vamos a permitir,... Espero.","‘Islam dominará paulatinamente a Europa’, en opinión de Francisco Zea",EXCELSIOR,2016-03-29 00:54:52+00:00,2016,inmigracion
sORub6SlRlk,@johansimosquera7709,2025-12-16 11:28:29+00:00,0,Facto!,"‘Islam dominará paulatinamente a Europa’, en opinión de Francisco Zea",EXCELSIOR,2016-03-29 00:54:52+00:00,2016,inmigracion
sORub6SlRlk,@cobra-kx3zn,2025-10-28 19:29:39+00:00,5,Eso solo tiene un significado...problema.,"‘Islam dominará paulatinamente a Europa’, en opinión de Francisco Zea",EXCELSIOR,2016-03-29 00:54:52+00:00,2016,inmigracion
sORub6SlRlk,@CristóbalMurillo-k2f,2023-10-13 17:22:50+00:00,0,Muy cierto.,"‘Islam dominará paulatinamente a Europa’, en opinión de Francisco Zea",EXCELSIOR,2016-03-29 00:54:52+00:00,2016,inmigracion
sORub6SlRlk,@laamautadesconocida,2024-02-16 01:00:29+00:00,9,"Ahí está ven los que dicen «no quiero tener hijos» disque en forma empoderada y para según ellos no sobrepoblar el mundo. De nada servirá, con esa postura solo lograremos que ellos sean mayoría y no quede nada de occidente, ese es mi temor, aunque lo vean muy lejano en décadas esto lamentablemente podría pasar, ahora es el momento de inclinar la balanza!!!🤷🏻‍♀️⚖️","‘Islam dominará paulatinamente a Europa’, en opinión de Francisco Zea",EXCELSIOR,2016-03-29 00:54:52+00:00,2016,inmigracion
sORub6SlRlk,@MariaCruz-sj5hh,2025-12-10 01:46:10+00:00,0,M cierto  ❤,"‘Islam dominará paulatinamente a Europa’, en opinión de Francisco Zea",EXCELSIOR,2016-03-29 00:54:52+00:00,2016,inmigracion
sORub6SlRlk,@jowel87,2023-09-13 20:19:50+00:00,59,"El islam avanza sin frenos!!
Pero mantengo la esperanza que llegará el momento en que por fin abramos los ojos y empecemos a actuar.
Serán momentos difíciles ,pero hay que recuperar Europa entera,y devolver a cada país su identidad.","‘Islam dominará paulatinamente a Europa’, en opinión de Francisco Zea",EXCELSIOR,2016-03-29 00:54:52+00:00,2016,inmigracion
sORub6SlRlk,@gessicales,2025-04-25 01:38:53+00:00,0,🙏🏻✝️,"‘Islam dominará paulatinamente a Europa’, en opinión de Francisco Zea",EXCELSIOR,2016-03-29 00:54:52+00:00,2016,inmigracion
sORub6SlRlk,@PRAETORIAN59,2023-07-01 03:58:29+00:00,12,hombre visionario,"‘Islam dominará paulatinamente a Europa’, en opinión de Francisco Zea",EXCELSIOR,2016-03-29 00:54:52+00:00,2016,inmigracion
sORub6SlRlk,@bilalkoba7705,2024-01-02 20:24:16+00:00,0,I qie importante lo que importa es salud,"‘Islam dominará paulatinamente a Europa’, en opinión de Francisco Zea",EXCELSIOR,2016-03-29 00:54:52+00:00,2016,inmigracion
sORub6SlRlk,@JackelineVila-i6p,2023-10-27 20:58:28+00:00,16,Dios nos libre de eso tan horrible,"‘Islam dominará paulatinamente a Europa’, en opinión de Francisco Zea",EXCELSIOR,2016-03-29 00:54:52+00:00,2016,inmigracion
sORub6SlRlk,@Joyman1567,2024-12-28 12:05:02+00:00,2,Por dios que tristeza.,"‘Islam dominará paulatinamente a Europa’, en opinión de Francisco Zea",EXCELSIOR,2016-03-29 00:54:52+00:00,2016,inmigracion
sORub6SlRlk,@gorgonopsidae,2024-07-10 06:51:03+00:00,2,Y eso en qué nos afecta?,"‘Islam dominará paulatinamente a Europa’, en opinión de Francisco Zea",EXCELSIOR,2016-03-29 00:54:52+00:00,2016,inmigracion
sORub6SlRlk,@WelmerAexanderCornelio,2025-09-20 23:29:45+00:00,0,Y así es,"‘Islam dominará paulatinamente a Europa’, en opinión de Francisco Zea",EXCELSIOR,2016-03-29 00:54:52+00:00,2016,inmigracion
sORub6SlRlk,@rubenmachintorrents5311,2023-06-07 22:36:35+00:00,23,Toda la razón tiene este hombre,"‘Islam dominará paulatinamente a Europa’, en opinión de Francisco Zea",EXCELSIOR,2016-03-29 00:54:52+00:00,2016,inmigracion
sORub6SlRlk,@davidcb4946,2023-11-05 20:52:28+00:00,1,Exacto,"‘Islam dominará paulatinamente a Europa’, en opinión de Francisco Zea",EXCELSIOR,2016-03-29 00:54:52+00:00,2016,inmigracion
sORub6SlRlk,@gustavoadolfoluna9396,2023-11-07 17:01:29+00:00,15,"Recordemos que no todos los musulmanes son de la parte extremista, pero el estado debe ser laico","‘Islam dominará paulatinamente a Europa’, en opinión de Francisco Zea",EXCELSIOR,2016-03-29 00:54:52+00:00,2016,inmigracion
sORub6SlRlk,@humbertovillar7907,2024-06-07 12:24:00+00:00,0,"La unica solicion posible,  no existe otra,es que la humanidad toda se una al rededor de algunos valores morales universales y  de una conducta de caracter obligatorio no renunciables para evitar que algunos grupos y siertas ideologias ,aunque sean de mayorías o estén de moda  impongan formas de pensar y de actuar contrarias a la evolucion normal y positiva de la humanidad.....la democracia es algo muy buena, pero se puede abusar de ella y torcerla para que haga tanto daño como bien hace cuando se le usa com inteligencia y con nobleza.","‘Islam dominará paulatinamente a Europa’, en opinión de Francisco Zea",EXCELSIOR,2016-03-29 00:54:52+00:00,2016,inmigracion
sORub6SlRlk,@alexisacuna6011,2024-01-31 15:49:15+00:00,22,NO AL ISLAM EN SUDAMÉRICA,"‘Islam dominará paulatinamente a Europa’, en opinión de Francisco Zea",EXCELSIOR,2016-03-29 00:54:52+00:00,2016,inmigracion
sORub6SlRlk,@Tevoyacontaralgo,2025-12-09 20:49:17+00:00,0,Y asi es,"‘Islam dominará paulatinamente a Europa’, en opinión de Francisco Zea",EXCELSIOR,2016-03-29 00:54:52+00:00,2016,inmigracion
sORub6SlRlk,@ALDI.272,2024-07-23 19:16:08+00:00,6,Tienen 4 hijos y se los pagamos nosotros que no nos podemos permitir 2...alguien ne lo puede explicar??,"‘Islam dominará paulatinamente a Europa’, en opinión de Francisco Zea",EXCELSIOR,2016-03-29 00:54:52+00:00,2016,inmigracion
sORub6SlRlk,@meryguerz7406,2026-06-06 16:45:58+00:00,0,Me topé con esto 10 años después… 😱😱😱,"‘Islam dominará paulatinamente a Europa’, en opinión de Francisco Zea",EXCELSIOR,2016-03-29 00:54:52+00:00,2016,inmigracion
sORub6SlRlk,@jessicaeclipse1,2023-11-08 18:06:16+00:00,7,"En el sur de Brasil hay una comunidad musulmana, hay hasta una mezquita, en Brasil ya hay más de 2 millones, vinieron, de Libia, sería y ahora de Palestina, y hay más gente. recién llegando, y cada uno, con 3 hijos y teniendo más","‘Islam dominará paulatinamente a Europa’, en opinión de Francisco Zea",EXCELSIOR,2016-03-29 00:54:52+00:00,2016,inmigracion
sORub6SlRlk,@pilarpascual5149,2025-12-14 13:59:14+00:00,1,Todo sucede porque lo permitimos,"‘Islam dominará paulatinamente a Europa’, en opinión de Francisco Zea",EXCELSIOR,2016-03-29 00:54:52+00:00,2016,inmigracion
sORub6SlRlk,@Haruzzzzz92,2023-09-26 17:16:00+00:00,9,"Unión Europakistaní, bye bye Europa","‘Islam dominará paulatinamente a Europa’, en opinión de Francisco Zea",EXCELSIOR,2016-03-29 00:54:52+00:00,2016,inmigracion
sORub6SlRlk,@FXmLive,2023-08-15 13:10:05+00:00,68,"Debemos proteger al continente americano, todavia hay salvacion","‘Islam dominará paulatinamente a Europa’, en opinión de Francisco Zea",EXCELSIOR,2016-03-29 00:54:52+00:00,2016,inmigracion
sORub6SlRlk,@rauljesuscubas5669,2025-12-18 20:14:36+00:00,1,Eso se cumple cada dia mas,"‘Islam dominará paulatinamente a Europa’, en opinión de Francisco Zea",EXCELSIOR,2016-03-29 00:54:52+00:00,2016,inmigracion
sORub6SlRlk,@Javierolizola89,2023-10-13 04:53:48+00:00,22,Hay que defender las libertad de religión y el estado laico,"‘Islam dominará paulatinamente a Europa’, en opinión de Francisco Zea",EXCELSIOR,2016-03-29 00:54:52+00:00,2016,inmigracion
sORub6SlRlk,@ryuzaki219,2025-09-09 03:21:50+00:00,0,increíble como este video predijo el futuro,"‘Islam dominará paulatinamente a Europa’, en opinión de Francisco Zea",EXCELSIOR,2016-03-29 00:54:52+00:00,2016,inmigracion
sORub6SlRlk,@luciaoporto9175,2023-12-08 07:13:40+00:00,3,En El Salvador ya pusieron la primera mezquita desde egipto :/,"‘Islam dominará paulatinamente a Europa’, en opinión de Francisco Zea",EXCELSIOR,2016-03-29 00:54:52+00:00,2016,inmigracion
sORub6SlRlk,@mariajoseserranodecontrera6803,2024-08-04 11:26:16+00:00,0,Es inevitable,"‘Islam dominará paulatinamente a Europa’, en opinión de Francisco Zea",EXCELSIOR,2016-03-29 00:54:52+00:00,2016,inmigracion
sORub6SlRlk,@ramondelacruz4402,2023-12-18 13:51:22+00:00,1,Hace 7 años...,"‘Islam dominará paulatinamente a Europa’, en opinión de Francisco Zea",EXCELSIOR,2016-03-29 00:54:52+00:00,2016,inmigracion
sORub6SlRlk,@alejandraavila9859,2023-10-20 05:01:25+00:00,3,Que horror!! 😢😩,"‘Islam dominará paulatinamente a Europa’, en opinión de Francisco Zea",EXCELSIOR,2016-03-29 00:54:52+00:00,2016,inmigracion
sORub6SlRlk,@KLUTE1962,2025-11-24 18:34:40+00:00,2,Espero no vivir para verlo🙏🏻,"‘Islam dominará paulatinamente a Europa’, en opinión de Francisco Zea",EXCELSIOR,2016-03-29 00:54:52+00:00,2016,inmigracion
sORub6SlRlk,@carlostorres-dm8zf,2023-05-22 00:34:28+00:00,32,Si Europa será musulmana por qué no le reclaman a la onu que es la que les ayuda a llegar a Europa?,"‘Islam dominará paulatinamente a Europa’, en opinión de Francisco Zea",EXCELSIOR,2016-03-29 00:54:52+00:00,2016,inmigracion
sORub6SlRlk,@GalaGarcias-m9u,2025-12-18 23:38:59+00:00,0,Como esto se convirtió en realidad,"‘Islam dominará paulatinamente a Europa’, en opinión de Francisco Zea",EXCELSIOR,2016-03-29 00:54:52+00:00,2016,inmigracion
sORub6SlRlk,@AlbertoA-t9y,2025-10-21 19:44:58+00:00,3,"El Islam avanza sin Piedad.
😢","‘Islam dominará paulatinamente a Europa’, en opinión de Francisco Zea",EXCELSIOR,2016-03-29 00:54:52+00:00,2016,inmigracion
sORub6SlRlk,@carlosherrera421,2023-09-22 00:28:36+00:00,2,alhamdulillah!,"‘Islam dominará paulatinamente a Europa’, en opinión de Francisco Zea",EXCELSIOR,2016-03-29 00:54:52+00:00,2016,inmigracion
sORub6SlRlk,@rubenaranibar6134,2023-12-30 02:49:11+00:00,3,"chile esta en proceso  de lslamizacion,  hoy es
normal  escuchar el arabe en Santiago
los arabes son 1,5 millon en este pais","‘Islam dominará paulatinamente a Europa’, en opinión de Francisco Zea",EXCELSIOR,2016-03-29 00:54:52+00:00,2016,inmigracion
sORub6SlRlk,@ChristianmesMestan,2025-10-25 16:44:37+00:00,1,Tenemos que detener esa plaga,"‘Islam dominará paulatinamente a Europa’, en opinión de Francisco Zea",EXCELSIOR,2016-03-29 00:54:52+00:00,2016,inmigracion
sORub6SlRlk,@jovitadorantesaley,2023-10-09 15:01:05+00:00,29,Una mexicana dijo que en las mesquitas están invitando amatar alos que no profesa su fe,"‘Islam dominará paulatinamente a Europa’, en opinión de Francisco Zea",EXCELSIOR,2016-03-29 00:54:52+00:00,2016,inmigracion
sORub6SlRlk,@adelisvera8915,2026-02-15 20:23:58+00:00,0,"Wooo 9 años este video y recién veo, estamos en eminente peligro y la gente mas q todos los latinos estamos dormido","‘Islam dominará paulatinamente a Europa’, en opinión de Francisco Zea",EXCELSIOR,2016-03-29 00:54:52+00:00,2016,inmigracion
sORub6SlRlk,@ramondelacruz4402,2023-12-18 13:51:42+00:00,2,"Año 2023
... y se esta dando... paren por favor","‘Islam dominará paulatinamente a Europa’, en opinión de Francisco Zea",EXCELSIOR,2016-03-29 00:54:52+00:00,2016,inmigracion
sORub6SlRlk,@MartaClaure,2025-12-10 23:23:27+00:00,0,Que lamentable 😢,"‘Islam dominará paulatinamente a Europa’, en opinión de Francisco Zea",EXCELSIOR,2016-03-29 00:54:52+00:00,2016,inmigracion
sORub6SlRlk,@agustinalpha3410,2023-05-08 17:22:42+00:00,20,Dios Bendiga 🙏 a Europa de esas personas,"‘Islam dominará paulatinamente a Europa’, en opinión de Francisco Zea",EXCELSIOR,2016-03-29 00:54:52+00:00,2016,inmigracion
sORub6SlRlk,@mariadoloressanchez5754,2025-08-10 10:53:28+00:00,0,porque ha sido eso a ellos les han dado ayuda por todos lados y pagas mientras a Europa no y ha españolas nada los políticos tienen la culpa de todo lo que está pasando nos quieren destruir 😢.,"‘Islam dominará paulatinamente a Europa’, en opinión de Francisco Zea",EXCELSIOR,2016-03-29 00:54:52+00:00,2016,inmigracion
sORub6SlRlk,@DefensaHispana,2024-10-16 02:09:48+00:00,10,Montaremos una cruzada. ✝️,"‘Islam dominará paulatinamente a Europa’, en opinión de Francisco Zea",EXCELSIOR,2016-03-29 00:54:52+00:00,2016,inmigracion
sORub6SlRlk,@FacundoRedX,2025-03-01 21:46:38+00:00,2,El Nostradamus moderno quien lo diría se está cumpliendo,"‘Islam dominará paulatinamente a Europa’, en opinión de Francisco Zea",EXCELSIOR,2016-03-29 00:54:52+00:00,2016,inmigracion
sORub6SlRlk,@carlostorres-dm8zf,2023-05-22 00:30:46+00:00,20,Por qué no dices también que las v3nekas tienen 5 hijos como mínimo..?,"‘Islam dominará paulatinamente a Europa’, en opinión de Francisco Zea",EXCELSIOR,2016-03-29 00:54:52+00:00,2016,inmigracion
sORub6SlRlk,@Randy4103,2025-04-26 05:24:27+00:00,0,Porqué 442? Qué significa?,"‘Islam dominará paulatinamente a Europa’, en opinión de Francisco Zea",EXCELSIOR,2016-03-29 00:54:52+00:00,2016,inmigracion
sORub6SlRlk,@user-mee82,2023-12-07 04:48:50+00:00,33,"Con todo respeto
El Islam es la religión que empezó a introducir la horrible idea de enviar personas a ser torturadas para siempre.
Tanto los primeros libros de la biblia como la Torá son anteriores al Corán, y el Corán se basa en estos dos libros, pero ninguno de ellos mencionó este terrible castigo. Un castigo tan horrendo es contra un ser misericordioso y justo.
Por favor, esto es sólo para que puedas ver a quién adoras  🙏","‘Islam dominará paulatinamente a Europa’, en opinión de Francisco Zea",EXCELSIOR,2016-03-29 00:54:52+00:00,2016,inmigracion
sORub6SlRlk,@amalialucas7883,2025-10-14 18:31:07+00:00,0,"Pues así es y así está siendo, y esto es gracias a nuestros políticos que me pregunto yo qué país islamico les está pagando o financiando para que no hagan nada y dejen que nos invadan con total impunidad","‘Islam dominará paulatinamente a Europa’, en opinión de Francisco Zea",EXCELSIOR,2016-03-29 00:54:52+00:00,2016,inmigracion
sORub6SlRlk,@Rosquillito,2024-01-13 15:35:25+00:00,35,ISLAM FUERA!,"‘Islam dominará paulatinamente a Europa’, en opinión de Francisco Zea",EXCELSIOR,2016-03-29 00:54:52+00:00,2016,inmigracion
sORub6SlRlk,@pelanchito1436,2025-09-11 21:05:13+00:00,0,Triste pero verdadero 😢,"‘Islam dominará paulatinamente a Europa’, en opinión de Francisco Zea",EXCELSIOR,2016-03-29 00:54:52+00:00,2016,inmigracion
sORub6SlRlk,@hodgeerij9740,2023-08-11 04:25:31+00:00,124,Fueraa el islam de europa,"‘Islam dominará paulatinamente a Europa’, en opinión de Francisco Zea",EXCELSIOR,2016-03-29 00:54:52+00:00,2016,inmigracion
sORub6SlRlk,@ArtemioMartinez-w6p,2024-11-16 14:52:50+00:00,0,Gala,"‘Islam dominará paulatinamente a Europa’, en opinión de Francisco Zea",EXCELSIOR,2016-03-29 00:54:52+00:00,2016,inmigracion
sORub6SlRlk,@abrecfajardo3378,2022-10-19 05:02:28+00:00,12,"Que nos importe madre lo que suceda en Europa, nos debe importar nuestro País, nuestros problemas y solucionar estos.","‘Islam dominará paulatinamente a Europa’, en opinión de Francisco Zea",EXCELSIOR,2016-03-29 00:54:52+00:00,2016,inmigracion
sORub6SlRlk,@lilianap7083,2025-12-02 12:22:07+00:00,0,Que triste,"‘Islam dominará paulatinamente a Europa’, en opinión de Francisco Zea",EXCELSIOR,2016-03-29 00:54:52+00:00,2016,inmigracion
sORub6SlRlk,@victormendez3990,2023-08-13 02:14:38+00:00,10,"Es obvio que el islam tomara Europa, pero tampoco es como que los gobiernos Europeos hagan algo para evitarlo, hasta los apoyan, con el tiempo las costumbres del islam y creyentes sera mayor y hasta mayor a las demas creencias, eso ya paso en varias partes del mundo","‘Islam dominará paulatinamente a Europa’, en opinión de Francisco Zea",EXCELSIOR,2016-03-29 00:54:52+00:00,2016,inmigracion
sORub6SlRlk,@stellarodriguez8781,2025-08-16 17:07:34+00:00,0,"Así es!!! Es terrible esto!! ... Y agarremonos porque ellos no preguntan!, controlan y asesinan si no estás de acuerdo con sus creencias!!!","‘Islam dominará paulatinamente a Europa’, en opinión de Francisco Zea",EXCELSIOR,2016-03-29 00:54:52+00:00,2016,inmigracion
sORub6SlRlk,@Alee_Campp,2023-08-24 19:03:33+00:00,12,mientras tanto en asia el cristianismo crecerá,"‘Islam dominará paulatinamente a Europa’, en opinión de Francisco Zea",EXCELSIOR,2016-03-29 00:54:52+00:00,2016,inmigracion
sORub6SlRlk,@PatataYqueso,2023-10-19 13:46:45+00:00,0,Informaos y luego hblar mdremia,"‘Islam dominará paulatinamente a Europa’, en opinión de Francisco Zea",EXCELSIOR,2016-03-29 00:54:52+00:00,2016,inmigracion
sORub6SlRlk,@araceliolayaonieva,2023-12-03 19:23:25+00:00,65,Que horror de religión,"‘Islam dominará paulatinamente a Europa’, en opinión de Francisco Zea",EXCELSIOR,2016-03-29 00:54:52+00:00,2016,inmigracion
sORub6SlRlk,@ElespukiYT,2024-10-22 23:06:36+00:00,1,Bro predijo el futuro,"‘Islam dominará paulatinamente a Europa’, en opinión de Francisco Zea",EXCELSIOR,2016-03-29 00:54:52+00:00,2016,inmigracion
sORub6SlRlk,@alemedinaa,2023-07-25 18:37:43+00:00,41,Tengo miedo de que lleguen a Latinoamérica.,"‘Islam dominará paulatinamente a Europa’, en opinión de Francisco Zea",EXCELSIOR,2016-03-29 00:54:52+00:00,2016,inmigracion
sORub6SlRlk,@juliocesar-wh8ec,2026-05-17 19:19:53+00:00,0,y?,"‘Islam dominará paulatinamente a Europa’, en opinión de Francisco Zea",EXCELSIOR,2016-03-29 00:54:52+00:00,2016,inmigracion
sORub6SlRlk,@estrellalopez5869,2023-02-26 15:54:54+00:00,4,Ay no,"‘Islam dominará paulatinamente a Europa’, en opinión de Francisco Zea",EXCELSIOR,2016-03-29 00:54:52+00:00,2016,inmigracion
sORub6SlRlk,@VioletaAguilar-j2v,2025-11-03 18:46:41+00:00,0,Totalmente cierto,"‘Islam dominará paulatinamente a Europa’, en opinión de Francisco Zea",EXCELSIOR,2016-03-29 00:54:52+00:00,2016,inmigracion
sORub6SlRlk,@katab6780,2022-10-01 04:52:26+00:00,9,locos de las bombas    obama ahi te hablan      mcarthur    einstein   etc,"‘Islam dominará paulatinamente a Europa’, en opinión de Francisco Zea",EXCELSIOR,2016-03-29 00:54:52+00:00,2016,inmigracion
sORub6SlRlk,@Sara-x6p4z,2024-06-09 14:53:41+00:00,1,Hay mucha gente que se convierte al islam. No sólo será eso,"‘Islam dominará paulatinamente a Europa’, en opinión de Francisco Zea",EXCELSIOR,2016-03-29 00:54:52+00:00,2016,inmigracion
sORub6SlRlk,@kingleoric6097,2023-04-11 00:21:32+00:00,19,"4 hijos por nuca?
🤮🤮🤮🤮🤮","‘Islam dominará paulatinamente a Europa’, en opinión de Francisco Zea",EXCELSIOR,2016-03-29 00:54:52+00:00,2016,inmigracion
sORub6SlRlk,@soyunpimpollo1622,2024-05-26 08:34:27+00:00,1,Pues Alhamdulillah!,"‘Islam dominará paulatinamente a Europa’, en opinión de Francisco Zea",EXCELSIOR,2016-03-29 00:54:52+00:00,2016,inmigracion
sORub6SlRlk,@castroniiesquizo,2023-04-28 12:52:13+00:00,6,alhamdulillah,"‘Islam dominará paulatinamente a Europa’, en opinión de Francisco Zea",EXCELSIOR,2016-03-29 00:54:52+00:00,2016,inmigracion
sORub6SlRlk,@josephkyttelcastanhe3630,2024-07-02 19:11:49+00:00,1,"El Islam ha aumentado en Europa en los que he visitado España 🇪🇦, Francia 🇫🇷,Italia 🇮🇹 y Alemania 🇩🇪 ha estado en aumento en esos paises ya han igualado en el porcentaje de la población cristiana","‘Islam dominará paulatinamente a Europa’, en opinión de Francisco Zea",EXCELSIOR,2016-03-29 00:54:52+00:00,2016,inmigracion
sORub6SlRlk,@rachidelguartit,2023-08-07 21:14:02+00:00,4,Ay escuhar esto me ace super feliz❤❤,"‘Islam dominará paulatinamente a Europa’, en opinión de Francisco Zea",EXCELSIOR,2016-03-29 00:54:52+00:00,2016,inmigracion
sORub6SlRlk,@finasanchezgarcia3547,2025-12-10 18:14:47+00:00,1,No lo dejarán los políticos..los echarán antes..Se han hecho ODIOSOS en todos los países.nadie los quiere.!!!,"‘Islam dominará paulatinamente a Europa’, en opinión de Francisco Zea",EXCELSIOR,2016-03-29 00:54:52+00:00,2016,inmigracion
sORub6SlRlk,@adolfodejesusconstanzo717,2018-11-22 22:16:36+00:00,17,Al-lahu akbar dominaremos el mundo inshallah y abra paz inshallah lo veran.,"‘Islam dominará paulatinamente a Europa’, en opinión de Francisco Zea",EXCELSIOR,2016-03-29 00:54:52+00:00,2016,inmigracion
sORub6SlRlk,@inigoherrera4430,2026-01-03 05:24:20+00:00,0,Los habitantes del continente Americano no debemos permitir que esto suceda aqui en nuestro continente,"‘Islam dominará paulatinamente a Europa’, en opinión de Francisco Zea",EXCELSIOR,2016-03-29 00:54:52+00:00,2016,inmigracion
sORub6SlRlk,@ismaelesmael9714,2023-10-03 10:44:14+00:00,3,El islam ba a entrar a todas las casas alhamdo llilah,"‘Islam dominará paulatinamente a Europa’, en opinión de Francisco Zea",EXCELSIOR,2016-03-29 00:54:52+00:00,2016,inmigracion
sORub6SlRlk,@doraherrera835,2025-12-11 20:13:00+00:00,0,"Ninguna mujer en los paises del mundo dejemos de ser madres , diganle no a los conseptivos,tengan sus hijos propios no tengan miedo. Gobiernos apoyen a las futuras madres, para que tengan valor, y no se sientan solas y que sus hijos son una carga, ellos son parte fundamental del nucleo familiar, Hijos, uds mujeres no se arrepentiran de parir, los hijos son la coro a del reino del hogar,","‘Islam dominará paulatinamente a Europa’, en opinión de Francisco Zea",EXCELSIOR,2016-03-29 00:54:52+00:00,2016,inmigracion
sORub6SlRlk,@diegoelyuu8686,2023-07-28 02:20:20+00:00,5,"Ignorancia Cristiana, Viva Palestina 🇵🇸, Viva El Islam.","‘Islam dominará paulatinamente a Europa’, en opinión de Francisco Zea",EXCELSIOR,2016-03-29 00:54:52+00:00,2016,inmigracion
sORub6SlRlk,@lunizparlein173,2025-09-26 07:45:51+00:00,0,"Increible coro, de seguro IA pero quedo perfecto","‘Islam dominará paulatinamente a Europa’, en opinión de Francisco Zea",EXCELSIOR,2016-03-29 00:54:52+00:00,2016,inmigracion
sORub6SlRlk,@RodrigoQeto8435,2025-10-09 20:50:52+00:00,0,Facil..solo los nietos pueden acceder a puestos políticos NUNCA LOS PADRES 😅😂😅😂,"‘Islam dominará paulatinamente a Europa’, en opinión de Francisco Zea",EXCELSIOR,2016-03-29 00:54:52+00:00,2016,inmigracion
sORub6SlRlk,@adelayanezmartin6118,2024-04-22 11:44:36+00:00,1,El peligro no viene en pateras viene en yates,"‘Islam dominará paulatinamente a Europa’, en opinión de Francisco Zea",EXCELSIOR,2016-03-29 00:54:52+00:00,2016,inmigracion
sORub6SlRlk,@LuAl.basset.10,2025-03-07 05:50:44+00:00,0,"Que bien ❤❤❤❤❤❤ OJALA QUE PASE, ES MEJOR ASI y tambien en américa.","‘Islam dominará paulatinamente a Europa’, en opinión de Francisco Zea",EXCELSIOR,2016-03-29 00:54:52+00:00,2016,inmigracion
sORub6SlRlk,@rojacarmin1336,2025-12-05 04:15:30+00:00,1,"Desde México hasta Argentina decimos:
NO AL ISLAM EN AMÉRICA
NO AL ISLAM EN AMERICA DEL NORTE
NO AL ISLAM EN AMERICA CENTRAL 
NO AL ISLAM EN AMÉRICA DEL SUR","‘Islam dominará paulatinamente a Europa’, en opinión de Francisco Zea",EXCELSIOR,2016-03-29 00:54:52+00:00,2016,inmigracion
sORub6SlRlk,@cristianzepeda81,2026-03-20 13:05:27+00:00,0,Si aparecen los desaparesemos,"‘Islam dominará paulatinamente a Europa’, en opinión de Francisco Zea",EXCELSIOR,2016-03-29 00:54:52+00:00,2016,inmigracion
sORub6SlRlk,@carlosjoaniquet5986,2024-07-04 20:57:35+00:00,2,"Y en toda Europa, todo es cuestion de tiempo, hasta incluso Polonia que esta tan en contra de la inmigracion, Polonia tambien lo sera, la ultima pero lo sera tambien, porque ya seran todos los demas paises de Europa, y ellos aunque son los mas reacios a la inmigracion tambien tienen muy pocos hijos, y para entonces los musulmanes seran tantisimos en toda Europa, y ellos tan poquitos al no tener hijos que primero no les quedara mas remedio, pues necesitaran mano de obra, y de todas formas no podran con ellos, seran muchisimos millones, y ellos muy pocos pues cada vez son menos y ellos mas, no los podran ni parar, pues quedan ya muy, muy, muy, poquitos, y ellos seran muchisimos, muchisimos, muchisimos millones.","‘Islam dominará paulatinamente a Europa’, en opinión de Francisco Zea",EXCELSIOR,2016-03-29 00:54:52+00:00,2016,inmigracion
sORub6SlRlk,@mcinillaxboxpc4356,2026-07-11 00:52:16+00:00,0,La verdad que da bastante miedo,"‘Islam dominará paulatinamente a Europa’, en opinión de Francisco Zea",EXCELSIOR,2016-03-29 00:54:52+00:00,2016,inmigracion
sORub6SlRlk,@Masipans,2026-03-18 10:04:09+00:00,0,Ha acertado al 100%,"‘Islam dominará paulatinamente a Europa’, en opinión de Francisco Zea",EXCELSIOR,2016-03-29 00:54:52+00:00,2016,inmigracion
sORub6SlRlk,@Emanuel79-t8q,2025-10-12 17:54:00+00:00,0,Que vuelvan las cruzadas entonces dijieron,"‘Islam dominará paulatinamente a Europa’, en opinión de Francisco Zea",EXCELSIOR,2016-03-29 00:54:52+00:00,2016,inmigracion
sORub6SlRlk,@sonicteeelo23,2024-06-27 13:43:14+00:00,1,"Y mas encima el gobierno actual izquierdista de Europa estan permitiendo que esto suceda, no se dan cuenta del peligro que esto generará  🤦","‘Islam dominará paulatinamente a Europa’, en opinión de Francisco Zea",EXCELSIOR,2016-03-29 00:54:52+00:00,2016,inmigracion
sORub6SlRlk,@juanguillermo3356,2025-12-08 23:16:02+00:00,0,Si. Supieran lo que cuesta la vida . Solo tendría n 2 hijos. Y trabajar. Pero si todo es fácil. Se vive. En irresponsabilidad. 🤠🙃😃,"‘Islam dominará paulatinamente a Europa’, en opinión de Francisco Zea",EXCELSIOR,2016-03-29 00:54:52+00:00,2016,inmigracion
sORub6SlRlk,@jonathanibanez3473,2025-11-06 17:31:33+00:00,0,Se volvió real 😮,"‘Islam dominará paulatinamente a Europa’, en opinión de Francisco Zea",EXCELSIOR,2016-03-29 00:54:52+00:00,2016,inmigracion
sORub6SlRlk,@Nini-n1g,2025-09-04 08:45:41+00:00,0,"Es que no hay que ser universitario, para ver sus intenciones.","‘Islam dominará paulatinamente a Europa’, en opinión de Francisco Zea",EXCELSIOR,2016-03-29 00:54:52+00:00,2016,inmigracion
sORub6SlRlk,@Luisartb,2025-12-23 06:26:28+00:00,0,Exactamente! Eso está pasando en 2025!!,"‘Islam dominará paulatinamente a Europa’, en opinión de Francisco Zea",EXCELSIOR,2016-03-29 00:54:52+00:00,2016,inmigracion
sORub6SlRlk,@AlanCabrera-ky3tj,2025-11-13 06:28:44+00:00,0,Esto se está volviendo profetico,"‘Islam dominará paulatinamente a Europa’, en opinión de Francisco Zea",EXCELSIOR,2016-03-29 00:54:52+00:00,2016,inmigracion
sORub6SlRlk,@kj1xy,2025-09-19 20:44:18+00:00,0,"Yo soy musulmán de padres católicos y nací aqui, que dominación ni que mamda","‘Islam dominará paulatinamente a Europa’, en opinión de Francisco Zea",EXCELSIOR,2016-03-29 00:54:52+00:00,2016,inmigracion
sORub6SlRlk,@PaolaVazquez-h4y,2025-12-20 06:09:14+00:00,0,Lo preocupante es que no saben vivir en paz. Salieron de sus países por los conflictos y a dónde han ido van a imponerse y generar conflictos. Significa que habrá más países en guerra interna y lo que eso conlleva.,"‘Islam dominará paulatinamente a Europa’, en opinión de Francisco Zea",EXCELSIOR,2016-03-29 00:54:52+00:00,2016,inmigracion
sORub6SlRlk,@flamencocenter9581,2026-01-31 14:12:04+00:00,0,l gente se esta despertando,"‘Islam dominará paulatinamente a Europa’, en opinión de Francisco Zea",EXCELSIOR,2016-03-29 00:54:52+00:00,2016,inmigracion
sORub6SlRlk,@IvanEscalón,2025-09-19 00:45:24+00:00,0,SI ES UN GRAN PROBLEMA.,"‘Islam dominará paulatinamente a Europa’, en opinión de Francisco Zea",EXCELSIOR,2016-03-29 00:54:52+00:00,2016,inmigracion
sORub6SlRlk,@diegocortez1752,2023-07-06 00:07:34+00:00,7,lo que hay que hacer es decirles si entras al pais decendientes de tal generacion podran votar solo despues de 3 generaciones !!!,"‘Islam dominará paulatinamente a Europa’, en opinión de Francisco Zea",EXCELSIOR,2016-03-29 00:54:52+00:00,2016,inmigracion
sORub6SlRlk,@giogiosavalli2543,2023-10-25 17:41:52+00:00,0,Wuakanda ya está Aki,"‘Islam dominará paulatinamente a Europa’, en opinión de Francisco Zea",EXCELSIOR,2016-03-29 00:54:52+00:00,2016,inmigracion
sORub6SlRlk,@Edyfrank-p8z,2026-01-02 03:04:37+00:00,0,"Practicamente ya ésta, y en estados unidos, también","‘Islam dominará paulatinamente a Europa’, en opinión de Francisco Zea",EXCELSIOR,2016-03-29 00:54:52+00:00,2016,inmigracion
sORub6SlRlk,@juliomartin2551,2025-09-22 14:10:33+00:00,0,Lo dijo Gadafi.....,"‘Islam dominará paulatinamente a Europa’, en opinión de Francisco Zea",EXCELSIOR,2016-03-29 00:54:52+00:00,2016,inmigracion
sORub6SlRlk,@JoaquinLopez-l6i,2024-03-06 04:44:06+00:00,0,Soy de Cdmx y en mi colonia antes no se  veia nada de eso ahora tengo vecinos musulmanes y haitianos ya le estoy entendiendo al arabe y frances 🤷🫢,"‘Islam dominará paulatinamente a Europa’, en opinión de Francisco Zea",EXCELSIOR,2016-03-29 00:54:52+00:00,2016,inmigracion
sORub6SlRlk,@geraldocamuz6627,2025-10-19 03:05:40+00:00,0,Serán mayoría o ya son.,"‘Islam dominará paulatinamente a Europa’, en opinión de Francisco Zea",EXCELSIOR,2016-03-29 00:54:52+00:00,2016,inmigracion
sORub6SlRlk,@LilianaDiaz-hf1tv,2026-01-02 03:59:07+00:00,1,😡😡😡😡😡,"‘Islam dominará paulatinamente a Europa’, en opinión de Francisco Zea",EXCELSIOR,2016-03-29 00:54:52+00:00,2016,inmigracion
sORub6SlRlk,@LAYSADARIASRODRIGUEZ,2024-07-18 14:12:12+00:00,0,"Yo solo creo en los cenobitas, no necesitas ni misas, ni libros, solo abrir el cubo del lamento 😅","‘Islam dominará paulatinamente a Europa’, en opinión de Francisco Zea",EXCELSIOR,2016-03-29 00:54:52+00:00,2016,inmigracion
sORub6SlRlk,@estherarana861,2025-10-19 14:14:27+00:00,1,"LA POLITICA DEVE CBIAR A MAS HIJOS MAS TASAS DE PAGAR 
ESCUELA ( ALMUERZO,LIBROS)
GRATIS CON LA PLATA DEL BOLSILLO DE LOS DE IZQUIERDA SI SON TAN ALTRUISTAS.","‘Islam dominará paulatinamente a Europa’, en opinión de Francisco Zea",EXCELSIOR,2016-03-29 00:54:52+00:00,2016,inmigracion
sORub6SlRlk,@ManuelBecerra-x1t,2025-12-16 05:40:06+00:00,0,Sólo 4 hijos? Y muy jóvenes. No a partir de los 32 años,"‘Islam dominará paulatinamente a Europa’, en opinión de Francisco Zea",EXCELSIOR,2016-03-29 00:54:52+00:00,2016,inmigracion
sORub6SlRlk,@lilmusicmix,2024-10-03 14:36:21+00:00,1,Cada vez veo a mujeres pasando con 5 hijos de 1 año de diferencia en España 😅🙊,"‘Islam dominará paulatinamente a Europa’, en opinión de Francisco Zea",EXCELSIOR,2016-03-29 00:54:52+00:00,2016,inmigracion
sORub6SlRlk,@ejycyanez6827,2025-12-21 16:21:56+00:00,0,"Hay un principio bíblico que no puede ser quebrantado
  Y los bendijo Dios, y les dijo: Fructificad y multiplicaos; llenad la tierra, y sojuzgadla, y señoread 
Génesis 1:28 [RV60]
El que se multiplica sojuzgad y se enseñorea.
Y aquí en occidente abortamos a los niños.","‘Islam dominará paulatinamente a Europa’, en opinión de Francisco Zea",EXCELSIOR,2016-03-29 00:54:52+00:00,2016,inmigracion
sORub6SlRlk,@cesarmateorojassanchez5477,2025-10-11 19:19:31+00:00,0,"Más gente más pobreza....La inteligencia domina el.mundo,Crean uds entre uds","‘Islam dominará paulatinamente a Europa’, en opinión de Francisco Zea",EXCELSIOR,2016-03-29 00:54:52+00:00,2016,inmigracion
sORub6SlRlk,@ErikMartinez-u6y,2025-12-09 14:15:12+00:00,0,"ESO YA LO VENIAN DICIENDO DE AÑOS ATRAS , PASTORES Y POLITICOS AHORA YA EN EUROPA SE ESTA BIENDO","‘Islam dominará paulatinamente a Europa’, en opinión de Francisco Zea",EXCELSIOR,2016-03-29 00:54:52+00:00,2016,inmigracion
sORub6SlRlk,@alejandromomtalvan1021,2026-01-01 21:09:34+00:00,0,Es profético se viene una purificación fuerte pero al final triunfará el sagrado corazón de jesús y el inmaculado corazón de María.,"‘Islam dominará paulatinamente a Europa’, en opinión de Francisco Zea",EXCELSIOR,2016-03-29 00:54:52+00:00,2016,inmigracion
sORub6SlRlk,@PazVergara-v4g,2026-01-02 19:47:51+00:00,0,En América ya están llegando muchos,"‘Islam dominará paulatinamente a Europa’, en opinión de Francisco Zea",EXCELSIOR,2016-03-29 00:54:52+00:00,2016,inmigracion
sORub6SlRlk,@trifoniaescalerabranez9107,2024-01-31 12:55:18+00:00,0,y vos sos de mexico mijo no te preocupes,"‘Islam dominará paulatinamente a Europa’, en opinión de Francisco Zea",EXCELSIOR,2016-03-29 00:54:52+00:00,2016,inmigracion
sORub6SlRlk,@MonseMena-jy3lb,2024-07-18 07:08:47+00:00,0,Dublin 2024 es una realidad.,"‘Islam dominará paulatinamente a Europa’, en opinión de Francisco Zea",EXCELSIOR,2016-03-29 00:54:52+00:00,2016,inmigracion
sORub6SlRlk,@elvadomaloso,2024-05-28 15:26:59+00:00,1,"Esto va a pasar en EU también con todos los latinos, es pura cuestión de tiempo","‘Islam dominará paulatinamente a Europa’, en opinión de Francisco Zea",EXCELSIOR,2016-03-29 00:54:52+00:00,2016,inmigracion
sORub6SlRlk,@alfotron81,2024-06-19 05:44:46+00:00,1,"Ni modo europa, es el ciclo sin fin, al rato les toca a ustedes andar de cruzados.","‘Islam dominará paulatinamente a Europa’, en opinión de Francisco Zea",EXCELSIOR,2016-03-29 00:54:52+00:00,2016,inmigracion
sORub6SlRlk,@VentasJ,2025-09-22 00:56:13+00:00,0,Despierta EUROPA.... DESPIERTA,"‘Islam dominará paulatinamente a Europa’, en opinión de Francisco Zea",EXCELSIOR,2016-03-29 00:54:52+00:00,2016,inmigracion
sORub6SlRlk,@Crazy67.,2025-12-19 23:37:03+00:00,0,Sigue igual,"‘Islam dominará paulatinamente a Europa’, en opinión de Francisco Zea",EXCELSIOR,2016-03-29 00:54:52+00:00,2016,inmigracion
sORub6SlRlk,@antonioramiro6435,2025-07-05 04:10:30+00:00,0,Pero no dijo que por las ayuda economicas de europa lo haran es tener 4 hijos,"‘Islam dominará paulatinamente a Europa’, en opinión de Francisco Zea",EXCELSIOR,2016-03-29 00:54:52+00:00,2016,inmigracion
sORub6SlRlk,@MéxicoAlaDerecha8,2025-07-23 19:59:37+00:00,0,Plan Kalergi,"‘Islam dominará paulatinamente a Europa’, en opinión de Francisco Zea",EXCELSIOR,2016-03-29 00:54:52+00:00,2016,inmigracion
sORub6SlRlk,@gilblancas9291,2025-12-08 19:28:29+00:00,0,Como que ahora israel no esta tan loco no?,"‘Islam dominará paulatinamente a Europa’, en opinión de Francisco Zea",EXCELSIOR,2016-03-29 00:54:52+00:00,2016,inmigracion
sORub6SlRlk,@GualbertoAncachi,2025-04-08 20:03:50+00:00,0,Jaja😂😂 todos los volvemos los cristiano y católicos,"‘Islam dominará paulatinamente a Europa’, en opinión de Francisco Zea",EXCELSIOR,2016-03-29 00:54:52+00:00,2016,inmigracion
sORub6SlRlk,@geovannygonzalezcarmona2958,2025-10-12 23:44:04+00:00,0,Y luego bienen las ejecuciones,"‘Islam dominará paulatinamente a Europa’, en opinión de Francisco Zea",EXCELSIOR,2016-03-29 00:54:52+00:00,2016,inmigracion
sORub6SlRlk,@Lorevillegas1,2025-12-30 04:15:16+00:00,0,Aquí en USA pueden tener 4 esposas sin trabajar,"‘Islam dominará paulatinamente a Europa’, en opinión de Francisco Zea",EXCELSIOR,2016-03-29 00:54:52+00:00,2016,inmigracion
sORub6SlRlk,@griseltorres6943,2024-11-29 17:33:07+00:00,1,Y si asi fuere ? Que?,"‘Islam dominará paulatinamente a Europa’, en opinión de Francisco Zea",EXCELSIOR,2016-03-29 00:54:52+00:00,2016,inmigracion
sORub6SlRlk,@juancardenas9256,2025-11-09 18:38:49+00:00,0,Como que no son problema. No está viendo lo que pasa en Europa y vaapasr en eeuu,"‘Islam dominará paulatinamente a Europa’, en opinión de Francisco Zea",EXCELSIOR,2016-03-29 00:54:52+00:00,2016,inmigracion
sORub6SlRlk,@antolinmajadadiaz6066,2025-10-23 04:28:15+00:00,1,"Estamos pagando nuestra propia destruccion
Los politicos europeos son enemigos de europa","‘Islam dominará paulatinamente a Europa’, en opinión de Francisco Zea",EXCELSIOR,2016-03-29 00:54:52+00:00,2016,inmigracion
sORub6SlRlk,@AlbertoMarch,2025-12-10 21:22:58+00:00,1,Es un cáncer y hay que erradicarlo de raíz! #tolerancia0,"‘Islam dominará paulatinamente a Europa’, en opinión de Francisco Zea",EXCELSIOR,2016-03-29 00:54:52+00:00,2016,inmigracion
sORub6SlRlk,@kls3761,2025-09-16 07:45:29+00:00,0,No dejemos que pase nos mataran,"‘Islam dominará paulatinamente a Europa’, en opinión de Francisco Zea",EXCELSIOR,2016-03-29 00:54:52+00:00,2016,inmigracion
sORub6SlRlk,@AlfredoSánchez-w3w,2025-12-13 19:32:50+00:00,0,Hay. Que. Ir. A. Ver. El. Califato. De. Inglaterra. Y. Suecia. Etc,"‘Islam dominará paulatinamente a Europa’, en opinión de Francisco Zea",EXCELSIOR,2016-03-29 00:54:52+00:00,2016,inmigracion
sORub6SlRlk,@IvanEscalón,2025-09-19 00:47:56+00:00,0,Deberían de cobrales un miles de euros por cada hijo que tengan.,"‘Islam dominará paulatinamente a Europa’, en opinión de Francisco Zea",EXCELSIOR,2016-03-29 00:54:52+00:00,2016,inmigracion
sORub6SlRlk,@matifiordelli3886,2025-11-24 19:04:57+00:00,0,asimilación.. y todo porque los europeos no saben votar..,"‘Islam dominará paulatinamente a Europa’, en opinión de Francisco Zea",EXCELSIOR,2016-03-29 00:54:52+00:00,2016,inmigracion
sORub6SlRlk,@miguelfuantos,2024-03-12 11:58:05+00:00,1,😅dice locos de las bombas😂No GENERALICES 🤷🏽‍♂️,"‘Islam dominará paulatinamente a Europa’, en opinión de Francisco Zea",EXCELSIOR,2016-03-29 00:54:52+00:00,2016,inmigracion
sORub6SlRlk,@wtello1320,2024-07-18 18:12:08+00:00,1,"Tambien el islam toma posiciones politicas de la mano de los izquierdistas,","‘Islam dominará paulatinamente a Europa’, en opinión de Francisco Zea",EXCELSIOR,2016-03-29 00:54:52+00:00,2016,inmigracion
sORub6SlRlk,@mosesarias5100,2026-01-16 09:05:31+00:00,0,Quiten las ayudas sociales y vendrán que no hacen ni siquiera uno,"‘Islam dominará paulatinamente a Europa’, en opinión de Francisco Zea",EXCELSIOR,2016-03-29 00:54:52+00:00,2016,inmigracion
sORub6SlRlk,@klaudiaruiz6362,2024-01-28 09:12:21+00:00,0,"Alhamdulillah 🌺 por el islam ,si de verdad conocieran la forma de rendirse Allah ,otra cosa seria ,para criticar hay que investigar,ojala la personas investiguen bien, bendiciones 🤲","‘Islam dominará paulatinamente a Europa’, en opinión de Francisco Zea",EXCELSIOR,2016-03-29 00:54:52+00:00,2016,inmigracion
sORub6SlRlk,@newmaxdemian,2023-12-21 19:03:31+00:00,2,"Nada que no haya pasado antes en la propia Europa. Un romano del siglo II habría renegado de la cantidad de godos, galos y germanos cambiando la demografía de Italia. Los  griegos actuales son en gran parte una mezcla con los turcos del Imperio Otomano, aunque ni muertos lo quieran reconocer. Ejemplos así hay muchos más, la rueda de la Historia no se puede detener, sonó la hora del Islam 🤷🏽‍♂️","‘Islam dominará paulatinamente a Europa’, en opinión de Francisco Zea",EXCELSIOR,2016-03-29 00:54:52+00:00,2016,inmigracion
sORub6SlRlk,@nosexdxdxdxdxd,2025-09-15 07:13:30+00:00,0,"Me encanta esto. La ironía, actualmente ya no se podría decir esto sin perder tu trabajo y reputación y más aún no se consideraría libertad de expresión sino lenguaje de odio. Locos de las bombas 😂","‘Islam dominará paulatinamente a Europa’, en opinión de Francisco Zea",EXCELSIOR,2016-03-29 00:54:52+00:00,2016,inmigracion
sORub6SlRlk,@rikrdo1783,2025-09-13 19:33:22+00:00,0,Esos son los mismo que van a ir desviviendo a los cristianos. Ya lo dijo un loco de estos en Canadá qué cúando sean mayoría ellos exigiran que se adopte su doctrina.,"‘Islam dominará paulatinamente a Europa’, en opinión de Francisco Zea",EXCELSIOR,2016-03-29 00:54:52+00:00,2016,inmigracion
sORub6SlRlk,@nancyiriscalderongutierrez8976,2025-08-15 13:20:44+00:00,1,es un peligro,"‘Islam dominará paulatinamente a Europa’, en opinión de Francisco Zea",EXCELSIOR,2016-03-29 00:54:52+00:00,2016,inmigracion
sORub6SlRlk,@ericjohn1267,2025-12-23 02:28:13+00:00,0,tiene que dominar américa,"‘Islam dominará paulatinamente a Europa’, en opinión de Francisco Zea",EXCELSIOR,2016-03-29 00:54:52+00:00,2016,inmigracion
sORub6SlRlk,@cherrybrown9718,2025-12-29 02:55:06+00:00,0,Que los deporten si hay leyes,"‘Islam dominará paulatinamente a Europa’, en opinión de Francisco Zea",EXCELSIOR,2016-03-29 00:54:52+00:00,2016,inmigracion
sORub6SlRlk,@rafaellondono1882,2025-11-18 19:05:04+00:00,0,Autodefensa y ounto...y el gobierno es enemigo público...atacarlos con las mañas de ellos.... furtivamente,"‘Islam dominará paulatinamente a Europa’, en opinión de Francisco Zea",EXCELSIOR,2016-03-29 00:54:52+00:00,2016,inmigracion
sORub6SlRlk,@wissclauags,2026-01-01 12:58:06+00:00,0,Por qué es preocupante?!!! Si los europeos colonizaron tierras del islam sacando sus riquezas por siglos ahora llegó el momento para que los descendientes cambien la realidad.,"‘Islam dominará paulatinamente a Europa’, en opinión de Francisco Zea",EXCELSIOR,2016-03-29 00:54:52+00:00,2016,inmigracion
sORub6SlRlk,@Peondenegras.,2026-03-02 12:56:54+00:00,1,"Por suerte no quise tener hijos para la Europa que iba a quedar. Adiós filosofía griega, derecho romano y cristianismo.","‘Islam dominará paulatinamente a Europa’, en opinión de Francisco Zea",EXCELSIOR,2016-03-29 00:54:52+00:00,2016,inmigracion
sORub6SlRlk,@rodguerrero463,2025-09-21 20:57:00+00:00,0,"Ésto fue posible  en los gobiernos Neosocialist4s 
Y Morena permite a muchos centro y sudamericanos","‘Islam dominará paulatinamente a Europa’, en opinión de Francisco Zea",EXCELSIOR,2016-03-29 00:54:52+00:00,2016,inmigracion
sORub6SlRlk,@aldomartorana9533,2025-12-10 07:23:37+00:00,0,Que wmpiezw ya lo inevitable,"‘Islam dominará paulatinamente a Europa’, en opinión de Francisco Zea",EXCELSIOR,2016-03-29 00:54:52+00:00,2016,inmigracion
sORub6SlRlk,@esta-todo-perdido-haaaa,2025-12-01 23:23:42+00:00,0,"La culpa los políticos traidores a las patrias , no voten a gente mala viva vox","‘Islam dominará paulatinamente a Europa’, en opinión de Francisco Zea",EXCELSIOR,2016-03-29 00:54:52+00:00,2016,inmigracion
sORub6SlRlk,@cristianzepeda81,2026-03-20 13:05:00+00:00,0,En chile estan prohibidos,"‘Islam dominará paulatinamente a Europa’, en opinión de Francisco Zea",EXCELSIOR,2016-03-29 00:54:52+00:00,2016,inmigracion
sORub6SlRlk,@willianrivera8250,2025-09-11 23:23:31+00:00,0,"El Islam nunka tendra un califato mundial..tal vez una comunidad,, France es un Pueblo fuerte!","‘Islam dominará paulatinamente a Europa’, en opinión de Francisco Zea",EXCELSIOR,2016-03-29 00:54:52+00:00,2016,inmigracion
sORub6SlRlk,@Hfyvee,2026-01-02 14:06:39+00:00,0,Ya es ya DOMINADA Y DESTRUIDAS EUROPA ENTERAS,"‘Islam dominará paulatinamente a Europa’, en opinión de Francisco Zea",EXCELSIOR,2016-03-29 00:54:52+00:00,2016,inmigracion
sORub6SlRlk,@ALLAHESELMASGRANDE,2025-03-14 13:57:21+00:00,0,Exelente sigan con su ideologia de genero mientras nosotros dominamos,"‘Islam dominará paulatinamente a Europa’, en opinión de Francisco Zea",EXCELSIOR,2016-03-29 00:54:52+00:00,2016,inmigracion
sORub6SlRlk,@SolaymanElHassouni-x8z,2026-01-18 16:00:57+00:00,0,Facha,"‘Islam dominará paulatinamente a Europa’, en opinión de Francisco Zea",EXCELSIOR,2016-03-29 00:54:52+00:00,2016,inmigracion
sORub6SlRlk,@elodiosanchez9218,2025-12-11 18:05:28+00:00,0,En occidente aumentaron los 4bortos y ahora las parejas tienen perrijos  y gatijos,"‘Islam dominará paulatinamente a Europa’, en opinión de Francisco Zea",EXCELSIOR,2016-03-29 00:54:52+00:00,2016,inmigracion
sORub6SlRlk,@faustinajohnson9192,2025-12-19 16:49:07+00:00,0,ESTOS  SON. LOS EJÉRCITO DE EL ANTICRISTO,"‘Islam dominará paulatinamente a Europa’, en opinión de Francisco Zea",EXCELSIOR,2016-03-29 00:54:52+00:00,2016,inmigracion
sORub6SlRlk,@krucia9793,2025-09-21 15:42:26+00:00,0,"Pero esto se ha estudiado muchas veces y se sabe que no es cierto. Ahora mismo la tasa de natalidad de Europa está sobre el 1.3,que es muy bajo,el de los inmigrantes islámicos es de 8, solo con este número puede parecer que nos van a reemplazar inmediatamente,sin embargo hay mas datos que nos dicen que esto no es así,a pesar de que los inmigrantes mantienen su tasa de natalidad cuando se van a otro pais,sus hijos no lo hacen,la tasa de natalidad de sus hijos es exactamente la misma que la del pais receptor,es decir aunque un matrimonio se mude a España y tenga 8 hijos,sus hijos de media solo van a tener un hijo o ninguno, como la mayoría de españoles,por lo tanto el número se equilibra bastante. Que si,que aun así son una burrada de inmigrantes y cada vez van a ser mas,pero lo que se dice de que nos van a reemplazar en unas pocas decadas solo es un dato alarmista. Aparte, cualquier partido politico que diga que va a echar a los inmigrantes te está mintiendo descaradamente,ya que esto dejaría el pais en la ruina absoluta, no es como si los paises europeos cojan a tantos inmigrantes por gusto, si no por necesidad,y echando a los inmigrantes no solucionas el problema de natalidad,de hecho lo empeoras","‘Islam dominará paulatinamente a Europa’, en opinión de Francisco Zea",EXCELSIOR,2016-03-29 00:54:52+00:00,2016,inmigracion
sORub6SlRlk,@BMW3465-g6c,2025-04-10 10:55:15+00:00,1,"La verdadera razón es:
Porque de Europa, va a salir el anticristo, a ejercer su poder sobre todo el mundo 🌎","‘Islam dominará paulatinamente a Europa’, en opinión de Francisco Zea",EXCELSIOR,2016-03-29 00:54:52+00:00,2016,inmigracion
sORub6SlRlk,@Lolysuarez86,2025-11-01 14:08:22+00:00,0,"En Europa dejen de matar a sus hijos en los vientres, y tengan más hijos.","‘Islam dominará paulatinamente a Europa’, en opinión de Francisco Zea",EXCELSIOR,2016-03-29 00:54:52+00:00,2016,inmigracion
sORub6SlRlk,@F.E.G.R19,2025-07-27 07:32:36+00:00,0,EL PLAN KALERGI,"‘Islam dominará paulatinamente a Europa’, en opinión de Francisco Zea",EXCELSIOR,2016-03-29 00:54:52+00:00,2016,inmigracion
sORub6SlRlk,@ArtemioMartinez-w6p,2024-11-16 14:52:46+00:00,1,Esto es de los zetas umppa,"‘Islam dominará paulatinamente a Europa’, en opinión de Francisco Zea",EXCELSIOR,2016-03-29 00:54:52+00:00,2016,inmigracion
sORub6SlRlk,@gabrielsanchezguinea8338,2025-12-27 20:17:56+00:00,0,"Es un error, pensar q por la demografía se puede tener el poder y la dominación.
Países, como Egipto, Paquistán y otros muchos mas musulmanes, tienen una enorme población. Pero no tienen el poder económico, político y militar. Y sin éstos, es imposible dominar nada. El ejemplo lo tenemos desgraciadament, en Palestina. Una mayoría poblacional, y una media de cinco hijos por pareja.Pero sin la verdadera fuerza, pueden ser exterminados facilmente.
El hecho de Kosovo, se ha dado por el apoyo a éste por la UE. Si no la población solo es masa.","‘Islam dominará paulatinamente a Europa’, en opinión de Francisco Zea",EXCELSIOR,2016-03-29 00:54:52+00:00,2016,inmigracion
sORub6SlRlk,@jhontorrenti2730,2024-12-20 21:11:47+00:00,0,"a más tocó , cuantos más tengan a más me cargo","‘Islam dominará paulatinamente a Europa’, en opinión de Francisco Zea",EXCELSIOR,2016-03-29 00:54:52+00:00,2016,inmigracion
sORub6SlRlk,@camilovarela4685,2023-10-23 03:49:08+00:00,0,Y ya ven lo q están causando,"‘Islam dominará paulatinamente a Europa’, en opinión de Francisco Zea",EXCELSIOR,2016-03-29 00:54:52+00:00,2016,inmigracion
sORub6SlRlk,@AsmodeUs408,2023-12-06 22:29:34+00:00,0,"A gayropa, los países eslavos resistirán","‘Islam dominará paulatinamente a Europa’, en opinión de Francisco Zea",EXCELSIOR,2016-03-29 00:54:52+00:00,2016,inmigracion
sORub6SlRlk,@Teresa-u8j1j,2025-11-14 12:31:58+00:00,0,Cierto,"‘Islam dominará paulatinamente a Europa’, en opinión de Francisco Zea",EXCELSIOR,2016-03-29 00:54:52+00:00,2016,inmigracion
sORub6SlRlk,@lauti_777o,2026-01-01 21:50:15+00:00,0,Ya no se que es peor que se enseñen ideologias lgbt en las escuelas o enseñanzas musulmanas.,"‘Islam dominará paulatinamente a Europa’, en opinión de Francisco Zea",EXCELSIOR,2016-03-29 00:54:52+00:00,2016,inmigracion
sORub6SlRlk,@the.bad.example3708,2025-04-09 14:49:28+00:00,0,Es cierto lo que dice ... y son brutos,"‘Islam dominará paulatinamente a Europa’, en opinión de Francisco Zea",EXCELSIOR,2016-03-29 00:54:52+00:00,2016,inmigracion
sORub6SlRlk,@consuelocrespofernandez1827,2026-04-09 10:42:06+00:00,0,😂 Menos de uno como ? No digas tonterías uno puede ser,"‘Islam dominará paulatinamente a Europa’, en opinión de Francisco Zea",EXCELSIOR,2016-03-29 00:54:52+00:00,2016,inmigracion
sORub6SlRlk,@cc-ld2io,2025-09-21 17:29:41+00:00,0,"Claro por eso la ley de vivienda en España que favorece la ocupación ilegal principalmente por éstas personas. Las ayudas median subsidios, para que puedan tener gran cantidad de hijos libremente sin tener que preocuparse por trabajar. Es un proyecto geopolítico, financian a la izquierda de los países europeos, para que pongan leyes a favor de ésta comunidad. Ummm y ahora se viene todo el tema de lo de palestina. Todo cuadra en el rompecabezas.","‘Islam dominará paulatinamente a Europa’, en opinión de Francisco Zea",EXCELSIOR,2016-03-29 00:54:52+00:00,2016,inmigracion
sORub6SlRlk,@Noti_Mass,2025-09-11 22:14:42+00:00,0,"Que terrible. Y los europeos viven en la luna. Creo que muy pronto va a ser el tiempo de Latinoamérica que con los aranceles de Trump, nos estamos despercudiendo de EEUU y Europa va a caer. Se va a voltear la torta.","‘Islam dominará paulatinamente a Europa’, en opinión de Francisco Zea",EXCELSIOR,2016-03-29 00:54:52+00:00,2016,inmigracion
sORub6SlRlk,@esthermorales8-z4k,2026-03-09 08:49:25+00:00,0,"En Latinoamérica, la religión predominante es el cristianismo, especialmente el catolicismo, con un 89,7% de la población identificándose como cristiana. Sin embargo, hay una creciente presencia de otras religiones, como el islam, el judaísmo, el budismo y el hinduismo.

*Distribución de religiones en Latinoamérica:*

- *Cristianismo*: 89,7% (catolicismo: 53,8%, protestantismo: 25,3%)
- *Sin religión*: 8%
- *Otras religiones*: 2,3% (islam, judaísmo, budismo, hinduismo, etc.)

El islam, en particular, está creciendo en la región, con comunidades en países como Brasil, Argentina, México y Colombia. Se estima que hay más de 4 millones de musulmanes en Latinoamérica, con una presencia significativa en Brasil (1,5 millones) y Argentina (700.000) 
La religión musulmana está creciendo rápidamente en Latinoamérica, dejando embarazadas a sus mujeres","‘Islam dominará paulatinamente a Europa’, en opinión de Francisco Zea",EXCELSIOR,2016-03-29 00:54:52+00:00,2016,inmigracion
sORub6SlRlk,@yerlynlilianarestrepomathe6173,2026-02-28 19:45:09+00:00,0,"Gobiernos inservibles, primero está su nación por encima de todo","‘Islam dominará paulatinamente a Europa’, en opinión de Francisco Zea",EXCELSIOR,2016-03-29 00:54:52+00:00,2016,inmigracion
sORub6SlRlk,@Angel-zh2gc,2024-02-11 16:37:29+00:00,0,"Pues permitanos a otros cristianos repoblar su nacion con facilidad de imigracion, soy ingeniero 😂😂😂 saquenme de LATAM, ya veran que en poco tiempo equilibramos la balanza","‘Islam dominará paulatinamente a Europa’, en opinión de Francisco Zea",EXCELSIOR,2016-03-29 00:54:52+00:00,2016,inmigracion
sORub6SlRlk,@marioguevaracallejas4331,2025-09-08 21:36:00+00:00,0,"Por eso expúlsenlos ya! En America 
eso no sucederá","‘Islam dominará paulatinamente a Europa’, en opinión de Francisco Zea",EXCELSIOR,2016-03-29 00:54:52+00:00,2016,inmigracion
sORub6SlRlk,@lucueg3e,2025-12-09 12:15:50+00:00,0,"Se te olvido mencionar que ellos tienen 2, 3, 4, esposas y de 8 a 53 hijos y esto pagado por los gobiernos","‘Islam dominará paulatinamente a Europa’, en opinión de Francisco Zea",EXCELSIOR,2016-03-29 00:54:52+00:00,2016,inmigracion
sORub6SlRlk,@jaimeayala3963,2023-11-03 10:16:16+00:00,0,".. Pues Europa se volverá como EEUU, tod@s con pistolas y ametralladoras. Mirando el techo del k vive arriba o abajo 😂😂😂😂😂","‘Islam dominará paulatinamente a Europa’, en opinión de Francisco Zea",EXCELSIOR,2016-03-29 00:54:52+00:00,2016,inmigracion
sORub6SlRlk,@lourdesrivero5614,2025-11-09 19:20:22+00:00,0,"Tienen 4 hijos porquè le dan ayudas, quitenle las ayudas y veran què no querran tener màs de 2😂😂😂","‘Islam dominará paulatinamente a Europa’, en opinión de Francisco Zea",EXCELSIOR,2016-03-29 00:54:52+00:00,2016,inmigracion
sORub6SlRlk,@jorgeorellana-fy9hl,2025-12-07 18:18:33+00:00,0,"En Estados Unidos, no será, no será y no será porque Dios no lo va a permitir. Y espero que en Europa también no. Dice Dios en su palabra : de los malos saldrá la maldad, sucedió con Hitler, con Nerón, con Marx, Mahoma, Stalin, Lenin etc.","‘Islam dominará paulatinamente a Europa’, en opinión de Francisco Zea",EXCELSIOR,2016-03-29 00:54:52+00:00,2016,inmigracion
sORub6SlRlk,@LYNA-y2y-m9z,2026-02-13 21:53:00+00:00,1,Siii es verdad!  En PARIS  MATARON A LATINOS MEXICANOS,"‘Islam dominará paulatinamente a Europa’, en opinión de Francisco Zea",EXCELSIOR,2016-03-29 00:54:52+00:00,2016,inmigracion
sORub6SlRlk,@Katheringbarcomusic,2023-10-20 16:02:05+00:00,0,"Los judios tienen de a 9 hijos,","‘Islam dominará paulatinamente a Europa’, en opinión de Francisco Zea",EXCELSIOR,2016-03-29 00:54:52+00:00,2016,inmigracion
sORub6SlRlk,@elasajara9125,2025-12-14 18:19:20+00:00,0,"Qiue horror, 🇨🇱","‘Islam dominará paulatinamente a Europa’, en opinión de Francisco Zea",EXCELSIOR,2016-03-29 00:54:52+00:00,2016,inmigracion
sORub6SlRlk,@denissenina113,2025-10-25 07:21:46+00:00,1,Va a dominar a todo el que sea ignorante  e ilettado y sin discernimiento.,"‘Islam dominará paulatinamente a Europa’, en opinión de Francisco Zea",EXCELSIOR,2016-03-29 00:54:52+00:00,2016,inmigracion
sORub6SlRlk,@HEBERTPEREZ-c6d,2026-01-06 00:52:22+00:00,0,Los gobiernos le han abierto las puertas al enemigo al verdugo,"‘Islam dominará paulatinamente a Europa’, en opinión de Francisco Zea",EXCELSIOR,2016-03-29 00:54:52+00:00,2016,inmigracion
sORub6SlRlk,@MorochoLeonardo,2026-03-31 13:46:18+00:00,0,"Europa se salva si o El Cristianismo se une, o la sensates dentro de la Ética , la Moral y los Derechos Humanos a favor de políticas de Migración *LEGAL* y se combaten traidores cual Sánchez, Zapatero y todo socialista títere de George Soros, así de simple Pero no tan simple, Unión Cristiano pro Democracia o sentido Común","‘Islam dominará paulatinamente a Europa’, en opinión de Francisco Zea",EXCELSIOR,2016-03-29 00:54:52+00:00,2016,inmigracion
sORub6SlRlk,@topoli-s7u,2025-03-31 21:26:31+00:00,0,"COM.PRAN  GOV IERNOS   ,OBLIGAN, X  MIEDO,ETC,Q RELIGION   HACE ESO?..?😮😢","‘Islam dominará paulatinamente a Europa’, en opinión de Francisco Zea",EXCELSIOR,2016-03-29 00:54:52+00:00,2016,inmigracion
sORub6SlRlk,@catalinaarteaga8890,2026-01-04 22:32:36+00:00,0,6 no nada más en Europa en México también ya que también México está tomando lo de la nueva era no tener hijos y ya estaban en chihuahua los del islam chihuahua los corrió y dijeron que no los querían en chihuahua más bien en México en todos los estados de México no queremos que ellos estén aquí y empiecen a demoler nuestras iglesias .,"‘Islam dominará paulatinamente a Europa’, en opinión de Francisco Zea",EXCELSIOR,2016-03-29 00:54:52+00:00,2016,inmigracion
sORub6SlRlk,@damodarblanco2998,2026-01-03 23:03:23+00:00,0,"Escriban esto en un pergamino: Quienes mueven las politicas de la Union Europea tienen en ejercitos de ordas que metieron en europa con la excusa de ""ayudar a los inmigrantes"" pero es con el fin de traer la decadencia de europa.
Lo que se quiere lograr es un enfrentamiento de Eurpeos contra medio oriente.
Esto no se trata de movimientos religiosos musulmanes haciendo guerra Santa. ¿No me crees ? Quién metió a esta chusma en Europa? quienes los defienden? Quienes los mantienen con bonos sociales? Quienes acusan de extrema derecha a quienes denuncian a estos desadactados????
Tienen a los culpables allí entre sus políticos.
Quien tiene ojos que vea, quieren llevarlos a una ""cruzada"" contra el medio oriente, probablemente tambien contra África. 
Abran los ojos!","‘Islam dominará paulatinamente a Europa’, en opinión de Francisco Zea",EXCELSIOR,2016-03-29 00:54:52+00:00,2016,inmigracion
sORub6SlRlk,@libernsalgpz3399,2025-11-18 21:09:46+00:00,0,"No durará mucho tiempo su plan de conquistar Europa, Dios tendrá que intervenir y no está muy lejos. 
Volver a Dios y rezar mucho, la oración tiene mucho poder 🙏 🙏🙏","‘Islam dominará paulatinamente a Europa’, en opinión de Francisco Zea",EXCELSIOR,2016-03-29 00:54:52+00:00,2016,inmigracion
sORub6SlRlk,@JafarTabuk,2025-09-03 15:38:33+00:00,0,"Allahu Akhbar!
Vamos por un mundo islámico 
Inshallah!","‘Islam dominará paulatinamente a Europa’, en opinión de Francisco Zea",EXCELSIOR,2016-03-29 00:54:52+00:00,2016,inmigracion
sORub6SlRlk,@SoldadoDeCristo888,2025-04-20 04:35:39+00:00,0,EUROPA ES CRISTIANA ✝️,"‘Islam dominará paulatinamente a Europa’, en opinión de Francisco Zea",EXCELSIOR,2016-03-29 00:54:52+00:00,2016,inmigracion
sORub6SlRlk,@AbdarrazzaqMuñozFlores,2025-10-31 16:35:14+00:00,0,"Os jodéis , sí tanto os jode","‘Islam dominará paulatinamente a Europa’, en opinión de Francisco Zea",EXCELSIOR,2016-03-29 00:54:52+00:00,2016,inmigracion
sORub6SlRlk,@jfr27s,2025-04-17 05:18:28+00:00,0,"Que los manden a Qatar o a Dubai , porque occidente tienen que recibirlos","‘Islam dominará paulatinamente a Europa’, en opinión de Francisco Zea",EXCELSIOR,2016-03-29 00:54:52+00:00,2016,inmigracion
sORub6SlRlk,@RodriguezRdz-y8n,2026-04-02 18:22:24+00:00,0,Al final de esta vida el islam será destruido por Dios,"‘Islam dominará paulatinamente a Europa’, en opinión de Francisco Zea",EXCELSIOR,2016-03-29 00:54:52+00:00,2016,inmigracion
sORub6SlRlk,@alegebauer1609,2025-12-09 04:07:40+00:00,0,"Lisa y llanamente en Europa se va a empezar, (y creo que será la única solución), a imponer la ultraderecha, ya toma fuerza","‘Islam dominará paulatinamente a Europa’, en opinión de Francisco Zea",EXCELSIOR,2016-03-29 00:54:52+00:00,2016,inmigracion
sORub6SlRlk,@cesarmateorojassanchez5477,2025-10-11 19:18:52+00:00,0,"Sueñan,jejejej la.mente de ellos es pobreza y ignorancia..Tnen que convertirse a Cristo...","‘Islam dominará paulatinamente a Europa’, en opinión de Francisco Zea",EXCELSIOR,2016-03-29 00:54:52+00:00,2016,inmigracion
sORub6SlRlk,@OsoPandakm,2025-12-25 19:10:24+00:00,0,Y en Mexico ya llego el isl@m y van hacer lo mismo despues van a prohibir y quitarles sus derech0s y ellos van impon3r su religi0n y costumbr3s  como lo hacen en europa y el que no lo haga lo van a perseguir o hasta pe0r 😢😢,"‘Islam dominará paulatinamente a Europa’, en opinión de Francisco Zea",EXCELSIOR,2016-03-29 00:54:52+00:00,2016,inmigracion
sORub6SlRlk,@zinebbaidi,2023-11-16 19:31:11+00:00,2,Alahw akbar,"‘Islam dominará paulatinamente a Europa’, en opinión de Francisco Zea",EXCELSIOR,2016-03-29 00:54:52+00:00,2016,inmigracion
sORub6SlRlk,@EstrellaLuz-t5d,2026-01-09 18:11:30+00:00,0,El cristianismo está en peligro 😮,"‘Islam dominará paulatinamente a Europa’, en opinión de Francisco Zea",EXCELSIOR,2016-03-29 00:54:52+00:00,2016,inmigracion
sORub6SlRlk,@juancarlosduartehernandez1119,2023-10-26 19:15:24+00:00,2,Un gran periodista muy profesional,"‘Islam dominará paulatinamente a Europa’, en opinión de Francisco Zea",EXCELSIOR,2016-03-29 00:54:52+00:00,2016,inmigracion
sORub6SlRlk,@HEBERTPEREZ-c6d,2026-01-06 00:51:42+00:00,0,Islam dominará europa porq los mismos gobiernos lo permiten,"‘Islam dominará paulatinamente a Europa’, en opinión de Francisco Zea",EXCELSIOR,2016-03-29 00:54:52+00:00,2016,inmigracion
sORub6SlRlk,@jawadsodqi6848,2024-01-07 21:17:35+00:00,0,Por que no leer el qoran antes de odiar la religion?,"‘Islam dominará paulatinamente a Europa’, en opinión de Francisco Zea",EXCELSIOR,2016-03-29 00:54:52+00:00,2016,inmigracion
sORub6SlRlk,@xzxzx8028,2025-10-10 07:58:30+00:00,0,El Cristianismo no asesina a las personas por pensar diferente. 😊,"‘Islam dominará paulatinamente a Europa’, en opinión de Francisco Zea",EXCELSIOR,2016-03-29 00:54:52+00:00,2016,inmigracion
sORub6SlRlk,@renombra,2023-08-20 22:51:19+00:00,1,Mejor exportar eso que la cultura latina de pegarte un tiro por un teléfono móvil.,"‘Islam dominará paulatinamente a Europa’, en opinión de Francisco Zea",EXCELSIOR,2016-03-29 00:54:52+00:00,2016,inmigracion
sORub6SlRlk,@antoniolibreros8744,2025-12-20 17:11:04+00:00,0,ESTO LO FRENARIA UNA CAMPAÑA CRISTIANA CONTRA LA MENTIRA DEL ISLAM. SOLO HAY UNA SOLA IGLESIA Y ES LA CRISTIANA CATÓLICA FUNDADA POR DIOS A TRAVES DE SU HIJO Y SU VERDADERA FE. LAS DEMAS SON MENTIRAS.,"‘Islam dominará paulatinamente a Europa’, en opinión de Francisco Zea",EXCELSIOR,2016-03-29 00:54:52+00:00,2016,inmigracion
sORub6SlRlk,@lotfigarnighandour9881,2023-07-18 15:59:42+00:00,1,Señor Panchito no sea tan ignorante,"‘Islam dominará paulatinamente a Europa’, en opinión de Francisco Zea",EXCELSIOR,2016-03-29 00:54:52+00:00,2016,inmigracion
sORub6SlRlk,@nochingue716,2023-11-08 02:08:40+00:00,1,"﴿۞ يَا أَيُّهَا الَّذِينَ آمَنُوا لَا تَتَّخِذُا الْيَهُودَ وَالنَّصَارَىٰ أَوْلِ يَاءَ ۘ بَعْضُهُمْ أَوْلِيَاءُ بَعْضٍ ۚ وَمَن يَتَوَلَّهُم مِّنكُمْ فَإِنَّهُ مِنْهُمْ ۗ إِنَّ اللَّهَ لَا يَهْدِي الْقَوْمَ الظَّالِمِينَ﴾ [ المائدة
: 51 ]

¡Vosotros que creéis! No toméis por aliados a los judíos ni a los cristianos; unos son aliados de otros. Es cierto que Allah no guía a los injustos.

Sura Al-Maidah","‘Islam dominará paulatinamente a Europa’, en opinión de Francisco Zea",EXCELSIOR,2016-03-29 00:54:52+00:00,2016,inmigracion
sORub6SlRlk,@Linda.América,2023-10-25 20:17:08+00:00,2,NO SE DEJEN !!! Sólo hay un Dios y es Jehová.. el Dios ese de los musulmanes Alá NO ES EL MISMO DIOS QUE DE NOSOTROS LOS CRISTIANOS !!!,"‘Islam dominará paulatinamente a Europa’, en opinión de Francisco Zea",EXCELSIOR,2016-03-29 00:54:52+00:00,2016,inmigracion
sORub6SlRlk,@Touareg82,2023-12-23 15:48:29+00:00,0,Racista,"‘Islam dominará paulatinamente a Europa’, en opinión de Francisco Zea",EXCELSIOR,2016-03-29 00:54:52+00:00,2016,inmigracion
sORub6SlRlk,@IleanaFlores-c1d,2023-12-17 17:30:44+00:00,0,"El Islam no es malo, habrá cv que preguntarse por la abominación del Vaticano y la idolatría","‘Islam dominará paulatinamente a Europa’, en opinión de Francisco Zea",EXCELSIOR,2016-03-29 00:54:52+00:00,2016,inmigracion
sORub6SlRlk,@ismaelesmael9714,2023-09-29 20:18:15+00:00,2,El islam(  paz ) va a donimae el mundo cuando llega el tienmpo paciencia   ? haceros la pregunra por que los europeos se convierten sl islam cada vez mas muchos de ellos son mujeres  todo lo que paso hace siglos y lo que va a pasar esta escrito en el noble coran,"‘Islam dominará paulatinamente a Europa’, en opinión de Francisco Zea",EXCELSIOR,2016-03-29 00:54:52+00:00,2016,inmigracion
sORub6SlRlk,@marhaiislas4935,2023-09-15 15:32:06+00:00,1,Entonces Europa se va a llenar de gente inteligente.,"‘Islam dominará paulatinamente a Europa’, en opinión de Francisco Zea",EXCELSIOR,2016-03-29 00:54:52+00:00,2016,inmigracion
sORub6SlRlk,@tasnimayadbenkerroum4614,2023-12-22 10:40:12+00:00,0,Y.. Algun problema con el islam esq de verdad RACISTAS😢,"‘Islam dominará paulatinamente a Europa’, en opinión de Francisco Zea",EXCELSIOR,2016-03-29 00:54:52+00:00,2016,inmigracion
sORub6SlRlk,@pierreduval5763,2025-11-12 22:46:29+00:00,0,"Por si acaso, cuando migraban europeos en América durante la Segunda Guerra Mundial, muchos de europeos (sobretodo los alemanes) no se interesaban mucho en integrarse, ya que más que todo eran muy orgullosos de su nacionalidad (pese a estar en suelo extranjero 🫩), y de hecho, hasta hay colegios franco-peruanos, ítalo-chillenos o alemanoargentinos… y aún así, ¿no hay alguien que hable si quiera de eso?
Y para colmo, la gente ve como problema lo de los musulmanes, cuando deberíamos preocuparnos por los impuestos y que los precios de los alimentos van aumentando paulatinamente, mientras todo el mundo lloriquea por la presencia de Mohamed y su familia que representan ""una amenaza"" contra integridad solo por existir.
Ahora hago ejercicio mental, ¿si fuéramos nosotros los que vinieran a esos países sea por necesidad o por gusto (siendo la mayoría de casos, el primero), no creéis que ellos también se sentirían igual de aversivos; pero de ser así, creéis sea justo que te vean como enemigo solo porque tu religión y cultura aunque no lo pretendan den sensación de ""imposición"" a los oriundos?","‘Islam dominará paulatinamente a Europa’, en opinión de Francisco Zea",EXCELSIOR,2016-03-29 00:54:52+00:00,2016,inmigracion
sORub6SlRlk,@bruhlgans3257,2023-11-22 01:53:03+00:00,1,Lo bueno es que se acabará el feminismo y la mayor parte de la delincuencia.,"‘Islam dominará paulatinamente a Europa’, en opinión de Francisco Zea",EXCELSIOR,2016-03-29 00:54:52+00:00,2016,inmigracion
sORub6SlRlk,@gatocamacho,2026-01-04 09:26:48+00:00,0,"Si si si,, y ustedes con sus iglesia van a invadir otras culturas 😂","‘Islam dominará paulatinamente a Europa’, en opinión de Francisco Zea",EXCELSIOR,2016-03-29 00:54:52+00:00,2016,inmigracion
sORub6SlRlk,@diegomontanta8361,2023-11-01 20:31:41+00:00,1,Allah Huakbar soy rumano musulman y mis hijos seran musulmanes dominara el mundo la religión de allah alabado sea habeis perdido ya infieles,"‘Islam dominará paulatinamente a Europa’, en opinión de Francisco Zea",EXCELSIOR,2016-03-29 00:54:52+00:00,2016,inmigracion
sORub6SlRlk,@tanjawinano2030,2023-09-09 22:08:05+00:00,0,Si soy musulmán viví en España tengo 4 mujeres i 10 hijos con cada una mi nombre es Ali Baba 😂😂,"‘Islam dominará paulatinamente a Europa’, en opinión de Francisco Zea",EXCELSIOR,2016-03-29 00:54:52+00:00,2016,inmigracion
sORub6SlRlk,@RubenSemper,2025-01-04 01:44:48+00:00,0,Hombre normal soy español musulman y los musulmanes tienen buenos valores no como lo que intentan hacer la politica europea enseña en los colegios y en las redes de comunicacion que ya sabemos todos cules son pero no quereis afrontar la verdad y os refugiais en la misma frase de siempre: esque estamos en el siglo 21! Intentando quitar las buenas costubres y ponindo otras que son perturbadoras,"‘Islam dominará paulatinamente a Europa’, en opinión de Francisco Zea",EXCELSIOR,2016-03-29 00:54:52+00:00,2016,inmigracion
sORub6SlRlk,@reurbina,2023-07-05 22:48:17+00:00,2,Alhamduliallah esperemos haya cada día más musulmanes Insha'Allah,"‘Islam dominará paulatinamente a Europa’, en opinión de Francisco Zea",EXCELSIOR,2016-03-29 00:54:52+00:00,2016,inmigracion
sORub6SlRlk,@ismaelesmael9714,2023-10-03 10:42:29+00:00,1,Gracias a dios por ser tu esclavo alhamdo lillah alaho akbar allah es grande,"‘Islam dominará paulatinamente a Europa’, en opinión de Francisco Zea",EXCELSIOR,2016-03-29 00:54:52+00:00,2016,inmigracion
sORub6SlRlk,@migueleduardomb596,2023-10-21 23:40:12+00:00,0,"Pobre argumento, hablar del islam como si fueran solo 'los locos de las bombas'","‘Islam dominará paulatinamente a Europa’, en opinión de Francisco Zea",EXCELSIOR,2016-03-29 00:54:52+00:00,2016,inmigracion
sORub6SlRlk,@marcelopiriz4233,2024-05-29 00:07:43+00:00,0,Arriba el islam ☪️ 💪,"‘Islam dominará paulatinamente a Europa’, en opinión de Francisco Zea",EXCELSIOR,2016-03-29 00:54:52+00:00,2016,inmigracion
sORub6SlRlk,@g.iskandar90,2023-11-16 05:15:51+00:00,0,Típica propaganda islamofóbica.,"‘Islam dominará paulatinamente a Europa’, en opinión de Francisco Zea",EXCELSIOR,2016-03-29 00:54:52+00:00,2016,inmigracion
mBNtXwhg1_0,@aalamkawtar854,2017-01-22 10:19:59+00:00,20,porfavor nos podeis poner un video como subir los documentos ala plataforma?,Cómo escanear los documentos para la nacionalidad española,Parainmigrantes.info,2016-02-02 16:50:16+00:00,2016,inmigracion
mBNtXwhg1_0,@bayi67,2018-02-03 17:29:15+00:00,31,"Hay que escanearlos con PDF, (eso no lo ha dicho), y que cada documento tiene que corresponder a un documento PDF, por ejemplo hay que escáner todas las hojas del pasaporte y crear un único documento pdf con nombre de pasaporte,",Cómo escanear los documentos para la nacionalidad española,Parainmigrantes.info,2016-02-02 16:50:16+00:00,2016,inmigracion
mBNtXwhg1_0,@mohamedsami7070,2017-03-16 12:09:43+00:00,0,si gracias pero escaneo el original de NIE en la impresora o solo fotocopias,Cómo escanear los documentos para la nacionalidad española,Parainmigrantes.info,2016-02-02 16:50:16+00:00,2016,inmigracion
mBNtXwhg1_0,@zaheerbcn51,2016-04-07 20:26:39+00:00,2,"escanear los documentos lo saben todol mundo.
seria favor esplicar como ajuntar estos documentos escaneados en que secion de la pagina web ??",Cómo escanear los documentos para la nacionalidad española,Parainmigrantes.info,2016-02-02 16:50:16+00:00,2016,inmigracion
mBNtXwhg1_0,@coromotomedina9136,2024-09-21 12:16:32+00:00,0,"Hola, una pregunta en el caso de antecedentes penales de Venezuela, si tienen como una un poco más de tres meses que los pedí, se podría introducir así, ya que la página no abre?",Cómo escanear los documentos para la nacionalidad española,Parainmigrantes.info,2016-02-02 16:50:16+00:00,2016,inmigracion
mBNtXwhg1_0,@waranibar9,2019-05-12 13:16:12+00:00,1,El subirlo por este medio osea escaneado a la plataforma del ministerio de justicia se llama via telemática??? No asi le llaman asi...,Cómo escanear los documentos para la nacionalidad española,Parainmigrantes.info,2016-02-02 16:50:16+00:00,2016,inmigracion
mBNtXwhg1_0,@fatielhadioui9385,2016-09-07 11:46:19+00:00,2,"porfavor me interesa saber las nuevas noticias sobre la nacionalidad para marroquies,precisamente la traducción  y la legalización en el consulado español",Cómo escanear los documentos para la nacionalidad española,Parainmigrantes.info,2016-02-02 16:50:16+00:00,2016,inmigracion
mBNtXwhg1_0,@jahidkaraeski4779,2019-06-07 17:47:51+00:00,0,hola muchísimas gracias por la información.puedes poner un video detallando el prceso desde la a  hasta la z escaneando los documentos y luego como poner cada uno en su sitio y finalizar lapresentacion del expediente de nacionalidad y imprimir y el justificante yyyyy .gracias,Cómo escanear los documentos para la nacionalidad española,Parainmigrantes.info,2016-02-02 16:50:16+00:00,2016,inmigracion
mBNtXwhg1_0,@LilianaFlorezBarrero,2017-03-31 16:56:46+00:00,1,"tengo una duda, se envia varias paginas en un mismo archivo?",Cómo escanear los documentos para la nacionalidad española,Parainmigrantes.info,2016-02-02 16:50:16+00:00,2016,inmigracion
mBNtXwhg1_0,@maxoxojava6091,2019-10-20 14:59:19+00:00,0,Documentos tiene que estar blanco y negro o con color  como original ? yo tengo en color si necesita puedo hacer en blanco y negro,Cómo escanear los documentos para la nacionalidad española,Parainmigrantes.info,2016-02-02 16:50:16+00:00,2016,inmigracion
mBNtXwhg1_0,@GreyzSalvatierra,2025-08-18 11:50:55+00:00,0,Pensé que iba a explicar la compresion ddl documento a los mb que piden.,Cómo escanear los documentos para la nacionalidad española,Parainmigrantes.info,2016-02-02 16:50:16+00:00,2016,inmigracion
mBNtXwhg1_0,@adalbertogalarza7173,2018-10-12 14:34:00+00:00,0,Qué bueno Pero dónde está el link para uno registrar el documento,Cómo escanear los documentos para la nacionalidad española,Parainmigrantes.info,2016-02-02 16:50:16+00:00,2016,inmigracion
mBNtXwhg1_0,@gerdianacastellano2421,2022-08-08 17:56:31+00:00,0,"Hola, una pregunta. Se tiene que escanear en escala de grises?",Cómo escanear los documentos para la nacionalidad española,Parainmigrantes.info,2016-02-02 16:50:16+00:00,2016,inmigracion
mBNtXwhg1_0,@ailinvarelaborge4417,2018-09-30 15:57:26+00:00,0,"Acabo de sacar un pasaporte nueno pero está en blanco aún,debo meter los 2 pasaportes o solo el primero,y si debo meterlo ,dónde debo hacerlo porque en la documentacion q me pide el pasaporte solo me deja meter 1.Agradeceria si alguien me pudiese contestar.",Cómo escanear los documentos para la nacionalidad española,Parainmigrantes.info,2016-02-02 16:50:16+00:00,2016,inmigracion
mBNtXwhg1_0,@mellamoiker7958,2019-03-30 20:39:47+00:00,0,Dónde se solicita el certificado o clave digital?!!! Ayuda!!!!!,Cómo escanear los documentos para la nacionalidad española,Parainmigrantes.info,2016-02-02 16:50:16+00:00,2016,inmigracion
mBNtXwhg1_0,@MG-sm4te,2017-11-06 17:54:02+00:00,1,Puedo escanear la documentación con la aplicacion de escaner  del móvil? O tiene que ser un escaner?,Cómo escanear los documentos para la nacionalidad española,Parainmigrantes.info,2016-02-02 16:50:16+00:00,2016,inmigracion
mBNtXwhg1_0,@shirleycayampe2529,2023-07-28 22:59:47+00:00,0,Hola me gustaria saber como guardo el documento ya digitalizado he insertar a excel para respaldo el trabajo,Cómo escanear los documentos para la nacionalidad española,Parainmigrantes.info,2016-02-02 16:50:16+00:00,2016,inmigracion
mBNtXwhg1_0,@32azzouz,2016-02-04 15:16:13+00:00,5,hola Estefanía porque no hacen un video de como se suben los documentos a la plataforma del ministerio de justicia?  muchas gracias.,Cómo escanear los documentos para la nacionalidad española,Parainmigrantes.info,2016-02-02 16:50:16+00:00,2016,inmigracion
mBNtXwhg1_0,@karimboudra7455,2016-06-09 10:22:54+00:00,0,"Hola, en que formato tiene que estar el documento, porqué a mi por defecto el scanner me los pone en formato de imagen .jpg, no se si se tiene que poner en pdf, aceptan cualquier formato?",Cómo escanear los documentos para la nacionalidad española,Parainmigrantes.info,2016-02-02 16:50:16+00:00,2016,inmigracion
mBNtXwhg1_0,@nunesaribekyan7277,2021-03-01 11:00:31+00:00,0,"Buenos días, yo al adjuntar documentos no me deja adjuntar, que hago",Cómo escanear los documentos para la nacionalidad española,Parainmigrantes.info,2016-02-02 16:50:16+00:00,2016,inmigracion
mBNtXwhg1_0,@nelygarcia7583,2016-12-18 17:56:32+00:00,0,"hola seria bueno que explicras explicaras como se sube ala plataforma  y una pregunta si todos los documentos ban via internet cuando uno ,manda a traer los documentos de nuestro paiz como en mi caso que es de Nicaragua sera que se pueda que los escaneen alla y luego me los ,manden por correo electrónico o no es posible asi se ahorra uno mucho dinero porque al  final es el mismo prosedimiento el que se ba ser gracias",Cómo escanear los documentos para la nacionalidad española,Parainmigrantes.info,2016-02-02 16:50:16+00:00,2016,inmigracion
mBNtXwhg1_0,@nourelhoudachouhbi5052,2018-07-07 12:03:02+00:00,0,Hola buenas yo tengo problema en meterme en la página clave esa,Cómo escanear los documentos para la nacionalidad española,Parainmigrantes.info,2016-02-02 16:50:16+00:00,2016,inmigracion
mBNtXwhg1_0,@shirleycayampe2529,2023-07-28 22:46:24+00:00,0,Me gustaria saber como guardar el documento ya digitalizado he insertar a excel muchas gracias,Cómo escanear los documentos para la nacionalidad española,Parainmigrantes.info,2016-02-02 16:50:16+00:00,2016,inmigracion
mBNtXwhg1_0,@yamager1,2016-09-20 22:35:21+00:00,0,HOLA ME GUSTARIA SABER SI EL PASAPORTE SE ESCANEA UNA POR UNA Y TAMBIEN SE SUBE A LA PLATAFORMA DE UNO EN UNO GRACIAS,Cómo escanear los documentos para la nacionalidad española,Parainmigrantes.info,2016-02-02 16:50:16+00:00,2016,inmigracion
mBNtXwhg1_0,@aalamkawtar854,2017-01-22 10:20:58+00:00,0,el certificado de empadronamiento tiene que ser el historico o el actual?,Cómo escanear los documentos para la nacionalidad española,Parainmigrantes.info,2016-02-02 16:50:16+00:00,2016,inmigracion
mBNtXwhg1_0,@chaimescarlata15,2020-02-04 02:02:27+00:00,0,"Una vez que haces el exámen, cuanto tiempo máximo, tenemos para hacer la solicitud y envío de documentos escaneados?. Gracias.",Cómo escanear los documentos para la nacionalidad española,Parainmigrantes.info,2016-02-02 16:50:16+00:00,2016,inmigracion
mBNtXwhg1_0,@SuperDrisss,2017-10-12 23:39:57+00:00,0,"hola, quetal tengo una una duda EL PASAPORTE SE ESCANEA EN HORIZONTAL O EN VERTICAL?.  espero respuesta gracias ..",Cómo escanear los documentos para la nacionalidad española,Parainmigrantes.info,2016-02-02 16:50:16+00:00,2016,inmigracion
mBNtXwhg1_0,@GinaM980,2020-12-16 18:57:00+00:00,0,"Hola, los documentos los puedo escanear con alguna aplicación del movil?",Cómo escanear los documentos para la nacionalidad española,Parainmigrantes.info,2016-02-02 16:50:16+00:00,2016,inmigracion
mBNtXwhg1_0,@yordanmorecantolla9327,2017-06-04 21:27:57+00:00,0,"Es muy complicado realizar un tutorial de como utilizar la plataforma, como usar el certificado digital (que aunque lo tengo aun no se para que me sirve) y como digitalizar y subir un documento a la plataforma.
Gracias.",Cómo escanear los documentos para la nacionalidad española,Parainmigrantes.info,2016-02-02 16:50:16+00:00,2016,inmigracion
mBNtXwhg1_0,@mohamedsami7070,2017-03-15 14:36:13+00:00,0,Hola buenas queria preguntar sobre tramitar la nacionalidad española de un menor de 14años es que tengo que escanear la targeta de residencia NIE original o hago fotocopia primero y luego lo scaneo y tambien lo pongo el padre como presentador o la madre también,Cómo escanear los documentos para la nacionalidad española,Parainmigrantes.info,2016-02-02 16:50:16+00:00,2016,inmigracion
mBNtXwhg1_0,@Bagged.e38,2017-04-10 17:46:49+00:00,0,"hay que subir documento por documento o se puede meter varias fotos del mismo documento ( la traducción, el apostillado etc) en una carpeta y subir la carpeta ?",Cómo escanear los documentos para la nacionalidad española,Parainmigrantes.info,2016-02-02 16:50:16+00:00,2016,inmigracion
mBNtXwhg1_0,@yankarkmorfa3061,2017-04-25 23:52:13+00:00,0,"HOLA MI DUDA ES POR EJEMPLO ALGUNOS DE MIS DOCUMENTOS TIENEN ADJUNTO OTRO papel ,debo separarlos y escanearlos.gracias",Cómo escanear los documentos para la nacionalidad española,Parainmigrantes.info,2016-02-02 16:50:16+00:00,2016,inmigracion
mBNtXwhg1_0,@anacueto7313,2019-05-16 23:45:56+00:00,0,Puedo escanerlo y enviarlo a mi gmail? Porque desde el ordenador que estoy haciendo mi firma electronica no tengo escáner... gracias,Cómo escanear los documentos para la nacionalidad española,Parainmigrantes.info,2016-02-02 16:50:16+00:00,2016,inmigracion
mBNtXwhg1_0,@mohamadouraho5741,2020-02-24 12:34:18+00:00,0,hola donde estais,Cómo escanear los documentos para la nacionalidad española,Parainmigrantes.info,2016-02-02 16:50:16+00:00,2016,inmigracion
mBNtXwhg1_0,@mariayaguara7600,2018-03-28 08:44:46+00:00,0,Hola he sacado fotografías de cada hoja del pasaporte y lo he convertido  en archivo pdf . Hay algún problema o tiene que ser en escáner.gracias,Cómo escanear los documentos para la nacionalidad española,Parainmigrantes.info,2016-02-02 16:50:16+00:00,2016,inmigracion
mBNtXwhg1_0,@spellbrokenn,2017-12-29 21:23:48+00:00,0,Hola eh subido los documentos pero me faltan 3 y solo me dejan 25 me ayudais por favor,Cómo escanear los documentos para la nacionalidad española,Parainmigrantes.info,2016-02-02 16:50:16+00:00,2016,inmigracion
mBNtXwhg1_0,@angelanunez3897,2018-07-28 10:32:09+00:00,0,Tenéis oficina en Sevilla,Cómo escanear los documentos para la nacionalidad española,Parainmigrantes.info,2016-02-02 16:50:16+00:00,2016,inmigracion
mBNtXwhg1_0,@jorgearencibia6915,2016-10-26 17:23:41+00:00,0,"Hola me gustaría saber aquí página de correo puedo tener información de mi nacionalidad española , porque la e solicitado por descendientes de Nieto y tengo asta el número de expediente,soy cubano .? gracias",Cómo escanear los documentos para la nacionalidad española,Parainmigrantes.info,2016-02-02 16:50:16+00:00,2016,inmigracion
mBNtXwhg1_0,@yordanmorecantolla9327,2017-06-04 21:21:03+00:00,0,"cuando lo guardas en que formato lo haces, yo normalmente lo guardo todo en pdf y no lo puedo subir a la plataforma. 
Puedes poner un video de como subir esos documentos a la plataforma?
Gracias.",Cómo escanear los documentos para la nacionalidad española,Parainmigrantes.info,2016-02-02 16:50:16+00:00,2016,inmigracion
mBNtXwhg1_0,@shirleycayampe2529,2023-07-28 22:20:47+00:00,0,Me gustaria mas informacion en como guardar un documento ya digotalizado y agregar a excel  muchas gracias,Cómo escanear los documentos para la nacionalidad española,Parainmigrantes.info,2016-02-02 16:50:16+00:00,2016,inmigracion
mBNtXwhg1_0,@omarmiranda5449,2021-03-04 15:06:18+00:00,0,El problema es q no puede pasar de 5mb,Cómo escanear los documentos para la nacionalidad española,Parainmigrantes.info,2016-02-02 16:50:16+00:00,2016,inmigracion
mBNtXwhg1_0,@julianbedoya3277,2022-01-06 19:39:21+00:00,0,"Hola, quisiera saber qué documentos se deben digitalizar con código csv o referencia electrónica",Cómo escanear los documentos para la nacionalidad española,Parainmigrantes.info,2016-02-02 16:50:16+00:00,2016,inmigracion
mBNtXwhg1_0,@ElvisAGuevaraBastidas,2018-01-22 23:08:28+00:00,0,"Muy buenas! Estoy en el proceso de subir los documentos a la plataforma. En el video Uds dicen que hay que escanear documento por documento. Eso se refiere a hoja por hoja o por ejemplo, si los antecedentes penales son 3 hojas, eso sería un documento? Lo que quiero saber es si hay que ir subiendo hoja por hoja, o si pueden ir todas las hojas de un mismo documento en el mismo PDF. Muchas gracias",Cómo escanear los documentos para la nacionalidad española,Parainmigrantes.info,2016-02-02 16:50:16+00:00,2016,inmigracion
KMpZLaVkxSo,@KirogaGz,2016-09-02 09:16:19+00:00,9745,El otro día por la noche de fiesta me pasó una cosa muy curiosa: Un policía se acercó a mí y me pidió por favor que le dejase el DNI. Le di mi DNI. No le comencé a golpear en el pecho. Nadie me tiró al suelo. Fin de la historia.,Una detenida se niega a identificarse a la Policía – Policías en Acción,laSexta,2016-07-21 19:30:01+00:00,2016,inmigracion
KMpZLaVkxSo,@flutiker,2019-07-14 00:57:57+00:00,1864,"Y el Goya a la mejor actriz dramática del año es para... ¡¡""Señorita""!!",Una detenida se niega a identificarse a la Policía – Policías en Acción,laSexta,2016-07-21 19:30:01+00:00,2016,inmigracion
KMpZLaVkxSo,@luuisjavier92,2020-07-06 11:48:09+00:00,3517,"El fin de semana pasado, Volvía de una terraza a las 2 de la am, un guardia civil me pregunto que de donde venia, educadamente expliqué donde había estado, le entregué mi dni, y con un cordial ""Buenas Noches"" continuamos ambos nuestra noche, yo para mi cama y el agente en su turno. No hubo ni hostias ni golpes ni nada, simplemente te comportas como un ser humano adulto y no pasará nada.",Una detenida se niega a identificarse a la Policía – Policías en Acción,laSexta,2016-07-21 19:30:01+00:00,2016,inmigracion
KMpZLaVkxSo,@krieger1007,2024-01-20 21:47:24+00:00,47,"Damn, Spain police doesn't mess around. Good to see somewhere police can still do their job. In my country the officer would be fired for doing his job.",Una detenida se niega a identificarse a la Policía – Policías en Acción,laSexta,2016-07-21 19:30:01+00:00,2016,inmigracion
KMpZLaVkxSo,@mikerivera3425,2020-02-22 19:08:08+00:00,2062,"En España: Señorita...
En Rusia: Puñetazo.",Una detenida se niega a identificarse a la Policía – Policías en Acción,laSexta,2016-07-21 19:30:01+00:00,2016,inmigracion
KMpZLaVkxSo,@chrmantilla,2016-11-10 21:27:35+00:00,329,"La tipa se tira al piso para que parezca que la agredan, el policía se queda parado y le dice ""No se tire"". Un genio jajaja",Una detenida se niega a identificarse a la Policía – Policías en Acción,laSexta,2016-07-21 19:30:01+00:00,2016,inmigracion
KMpZLaVkxSo,@tirso_942,2020-06-13 13:40:15+00:00,440,Que se joda! Es lo que pasa cuando piensas que eres intocable.,Una detenida se niega a identificarse a la Policía – Policías en Acción,laSexta,2016-07-21 19:30:01+00:00,2016,inmigracion
KMpZLaVkxSo,@brendadaianagomez9947,2023-12-27 19:35:29+00:00,232,Cuanta paciencia tienen que tener !! Es admirable!! La policía merece todo nuestro respeto !! 👏🏻👏🏻👏🏻💪🏻💪🏻💪🏻,Una detenida se niega a identificarse a la Policía – Policías en Acción,laSexta,2016-07-21 19:30:01+00:00,2016,inmigracion
KMpZLaVkxSo,@pepecualquiera2881,2020-03-29 17:07:51+00:00,904,El policía no puede ser más profesional ni la tía más patética...,Una detenida se niega a identificarse a la Policía – Policías en Acción,laSexta,2016-07-21 19:30:01+00:00,2016,inmigracion
KMpZLaVkxSo,@lukolucasgrijander920,2020-06-26 16:12:11+00:00,1818,"Hoy, como cada mes me ha tocado mi dosis de ""señorita"". Es ver este video y mi yo interior entra en armonía con el cosmos. Ommmm",Una detenida se niega a identificarse a la Policía – Policías en Acción,laSexta,2016-07-21 19:30:01+00:00,2016,inmigracion
KMpZLaVkxSo,@luciabr1708,2019-08-10 03:13:52+00:00,403,"Por cada vez que dice “señorita”, ¡chupito!",Una detenida se niega a identificarse a la Policía – Policías en Acción,laSexta,2016-07-21 19:30:01+00:00,2016,inmigracion
KMpZLaVkxSo,@Yomismo-l9o,2023-08-05 12:22:12+00:00,88,Demasiada paciencia ha tenido,Una detenida se niega a identificarse a la Policía – Policías en Acción,laSexta,2016-07-21 19:30:01+00:00,2016,inmigracion
KMpZLaVkxSo,@davyjones6141,2018-07-07 01:26:04+00:00,805,Parece Neymar fingiendo falta cuando se tira al suelo 😄,Una detenida se niega a identificarse a la Policía – Policías en Acción,laSexta,2016-07-21 19:30:01+00:00,2016,inmigracion
KMpZLaVkxSo,@CarlosAdams,2021-06-11 13:11:27+00:00,373,"-Señorita por favor deme la documentación. 
-Señorita: Challenge accepted ✅",Una detenida se niega a identificarse a la Policía – Policías en Acción,laSexta,2016-07-21 19:30:01+00:00,2016,inmigracion
KMpZLaVkxSo,@alejandromartin3001,2018-08-20 13:52:56+00:00,156,hasta la hermana de Neymar sale en la tele jajajs,Una detenida se niega a identificarse a la Policía – Policías en Acción,laSexta,2016-07-21 19:30:01+00:00,2016,inmigracion
KMpZLaVkxSo,@zacaríaszatru,2025-12-06 10:39:01+00:00,2,"Te pide la policía el dni y montas un pollo, luego te llama un desconocido por teléfono diciendo ser de tu banco y le das hasta las claves...",Una detenida se niega a identificarse a la Policía – Policías en Acción,laSexta,2016-07-21 19:30:01+00:00,2016,inmigracion
KMpZLaVkxSo,@aa-kq4xz,2019-11-09 02:34:56+00:00,717,"Me parece grandioso que los impuestos sirvan de algo, estupendo trabajo",Una detenida se niega a identificarse a la Policía – Policías en Acción,laSexta,2016-07-21 19:30:01+00:00,2016,inmigracion
KMpZLaVkxSo,@pamevargas3539,2020-07-22 06:10:53+00:00,667,"Me encanta que le diga ""señorita"" todo el tiempo. A pesar de la situación, siempre respetuoso cumpliendo su labor 👏👏",Una detenida se niega a identificarse a la Policía – Policías en Acción,laSexta,2016-07-21 19:30:01+00:00,2016,inmigracion
KMpZLaVkxSo,@dahani_r,2019-03-01 20:31:20+00:00,635,Me gustaría que lo hubiera consultado con el VAR,Una detenida se niega a identificarse a la Policía – Policías en Acción,laSexta,2016-07-21 19:30:01+00:00,2016,inmigracion
KMpZLaVkxSo,@danielalonsolorenzo78,2024-09-23 11:13:27+00:00,2,Gracias policia. Si un dia me pongo así de tonto darme un par de ostias.,Una detenida se niega a identificarse a la Policía – Policías en Acción,laSexta,2016-07-21 19:30:01+00:00,2016,inmigracion
KMpZLaVkxSo,@lucasgentilemalaga,2022-06-27 00:52:31+00:00,869,"No se ustedes, pero nunca me canso de ver este vídeo 😂😂😂😂😂",Una detenida se niega a identificarse a la Policía – Policías en Acción,laSexta,2016-07-21 19:30:01+00:00,2016,inmigracion
KMpZLaVkxSo,@coreano1993,2020-03-26 13:53:06+00:00,528,I love it when you call me señorita,Una detenida se niega a identificarse a la Policía – Policías en Acción,laSexta,2016-07-21 19:30:01+00:00,2016,inmigracion
KMpZLaVkxSo,@MACACONEGRO,2020-06-14 01:37:59+00:00,622,No hay lugar a la más mínima duda.... El policía actuó perfecto !,Una detenida se niega a identificarse a la Policía – Policías en Acción,laSexta,2016-07-21 19:30:01+00:00,2016,inmigracion
KMpZLaVkxSo,@Centinela-rp3dv,2025-01-22 12:36:06+00:00,7,El vídeo es orgásmico. Excelente intervención,Una detenida se niega a identificarse a la Policía – Policías en Acción,laSexta,2016-07-21 19:30:01+00:00,2016,inmigracion
KMpZLaVkxSo,@kaaik1831,2019-01-30 16:55:59+00:00,525,Te la pide unas 7 veces y te niegas? Pues zasca.,Una detenida se niega a identificarse a la Policía – Policías en Acción,laSexta,2016-07-21 19:30:01+00:00,2016,inmigracion
KMpZLaVkxSo,@おじさんSV,2018-12-10 02:32:25+00:00,630,le ha dado su buena dosis de igualdad,Una detenida se niega a identificarse a la Policía – Policías en Acción,laSexta,2016-07-21 19:30:01+00:00,2016,inmigracion
KMpZLaVkxSo,@ninihdz94,2021-02-20 12:43:36+00:00,429,"Mucha paciencia y educación tienen .. ala maja , acuéstate un ratito..",Una detenida se niega a identificarse a la Policía – Policías en Acción,laSexta,2016-07-21 19:30:01+00:00,2016,inmigracion
KMpZLaVkxSo,@gatametalera1837,2024-11-08 01:35:14+00:00,3,Nunca vi policías o guardias con ese nivel de amabilidad.,Una detenida se niega a identificarse a la Policía – Policías en Acción,laSexta,2016-07-21 19:30:01+00:00,2016,inmigracion
KMpZLaVkxSo,@carlitoscg5400,2017-06-11 17:05:11+00:00,1802,Que a gusto me he quedado,Una detenida se niega a identificarse a la Policía – Policías en Acción,laSexta,2016-07-21 19:30:01+00:00,2016,inmigracion
KMpZLaVkxSo,@mateamargowiiwii1006,2021-04-17 17:52:04+00:00,365,Neymar: esta muchacha me llena de orgullo,Una detenida se niega a identificarse a la Policía – Policías en Acción,laSexta,2016-07-21 19:30:01+00:00,2016,inmigracion
KMpZLaVkxSo,@juanarancibia2176,2019-07-12 22:38:16+00:00,775,Como Argentino les digo que me muero de envidia por su policía,Una detenida se niega a identificarse a la Policía – Policías en Acción,laSexta,2016-07-21 19:30:01+00:00,2016,inmigracion
KMpZLaVkxSo,@lukolucasgrijander920,2025-07-24 21:27:55+00:00,3,"Ni valium ni hostia, unos minutos de ""señorita"" y me alineo con los astros ...",Una detenida se niega a identificarse a la Policía – Policías en Acción,laSexta,2016-07-21 19:30:01+00:00,2016,inmigracion
KMpZLaVkxSo,@ellevantedemati,2021-01-28 19:40:04+00:00,607,"Que lindo, en dos minutos resolvieron todo. Mis respetos a la policía desde Argentina.",Una detenida se niega a identificarse a la Policía – Policías en Acción,laSexta,2016-07-21 19:30:01+00:00,2016,inmigracion
KMpZLaVkxSo,@franciscojose6900,2019-03-07 18:16:29+00:00,196,Lo estaba deseando que la detuvieran es que vamos ...Lo buscaba,Una detenida se niega a identificarse a la Policía – Policías en Acción,laSexta,2016-07-21 19:30:01+00:00,2016,inmigracion
KMpZLaVkxSo,@MrEduYca,2020-09-04 00:03:19+00:00,341,Jajajaja me encanta los finales felices. Aprendan Mexicanos así debe actuar la policía,Una detenida se niega a identificarse a la Policía – Policías en Acción,laSexta,2016-07-21 19:30:01+00:00,2016,inmigracion
KMpZLaVkxSo,@ikerprogamingxd4885,2026-02-05 17:29:40+00:00,3,Con lo Fácil que era mostrar la documentación y luego preguntar Esque la gente es tonta tío 😂,Una detenida se niega a identificarse a la Policía – Policías en Acción,laSexta,2016-07-21 19:30:01+00:00,2016,inmigracion
KMpZLaVkxSo,@shatawanelpe,2018-05-15 23:50:49+00:00,15,"Esa ""señorita"" tiene menos tornillos que un globo.",Una detenida se niega a identificarse a la Policía – Policías en Acción,laSexta,2016-07-21 19:30:01+00:00,2016,inmigracion
KMpZLaVkxSo,@charlymarquez664,2020-10-18 18:27:18+00:00,208,"Es un ídolo aquí ya el agente patillas, muy bien trabajado por su parte, santa paciencia con la borrachuza.",Una detenida se niega a identificarse a la Policía – Policías en Acción,laSexta,2016-07-21 19:30:01+00:00,2016,inmigracion
KMpZLaVkxSo,@frenix0093,2019-03-13 18:54:29+00:00,359,"Vamos al VAR
-ok
- si claramente, se ha tirado",Una detenida se niega a identificarse a la Policía – Policías en Acción,laSexta,2016-07-21 19:30:01+00:00,2016,inmigracion
KMpZLaVkxSo,@lucyesteller8867,2025-02-14 17:53:04+00:00,2,"Ole, la calma y tranquilidad de nuestros oficiales, menos mal de las cámaras que prueban su saber estar y hacer❤",Una detenida se niega a identificarse a la Policía – Policías en Acción,laSexta,2016-07-21 19:30:01+00:00,2016,inmigracion
KMpZLaVkxSo,@hugorodriguez5000,2019-03-07 20:56:35+00:00,578,"Por más policías como el, mis respetos",Una detenida se niega a identificarse a la Policía – Policías en Acción,laSexta,2016-07-21 19:30:01+00:00,2016,inmigracion
KMpZLaVkxSo,@rapture2272,2020-10-11 04:30:33+00:00,236,"No sé por qué pero cada vez que escucho la voz de ese wey,me da una paz en mi interior .",Una detenida se niega a identificarse a la Policía – Policías en Acción,laSexta,2016-07-21 19:30:01+00:00,2016,inmigracion
KMpZLaVkxSo,@jonasblaugrana,2020-01-07 19:47:41+00:00,590,"Que buena dosis de igualdad, JODER QUE BIEN SIENTA",Una detenida se niega a identificarse a la Policía – Policías en Acción,laSexta,2016-07-21 19:30:01+00:00,2016,inmigracion
KMpZLaVkxSo,@JuanHonorioMolinaGarcia,2024-05-11 14:15:15+00:00,20,"Enhorabuena al Policia,   la ciudadana provocó ella misma su detención,  actuación correcta del Policia 👏👏👏",Una detenida se niega a identificarse a la Policía – Policías en Acción,laSexta,2016-07-21 19:30:01+00:00,2016,inmigracion
KMpZLaVkxSo,@MtyRush,2019-09-02 00:50:30+00:00,104,"1:45 El policia lo resume completamente ""Se lo ha buscado ella""",Una detenida se niega a identificarse a la Policía – Policías en Acción,laSexta,2016-07-21 19:30:01+00:00,2016,inmigracion
KMpZLaVkxSo,@animejodas2271,2020-08-07 01:28:26+00:00,174,Pasan los años y nunca deja de ser satisfactorio ver esto.,Una detenida se niega a identificarse a la Policía – Policías en Acción,laSexta,2016-07-21 19:30:01+00:00,2016,inmigracion
KMpZLaVkxSo,@karimelshami2409,2020-06-26 21:20:06+00:00,245,"Me hace gracia porque me imagino que esa señorita en el juicio dirá:
- Este policía me ha violado maltratado insultado, es un machista opresor.
😂😂😂😂",Una detenida se niega a identificarse a la Policía – Policías en Acción,laSexta,2016-07-21 19:30:01+00:00,2016,inmigracion
KMpZLaVkxSo,@josemiguelgomez1268,2024-08-15 08:34:56+00:00,2,"0% drogas
100% alcohol
1000% ""señorita""",Una detenida se niega a identificarse a la Policía – Policías en Acción,laSexta,2016-07-21 19:30:01+00:00,2016,inmigracion
KMpZLaVkxSo,@elviobono1084,2018-10-16 18:46:38+00:00,366,Igualdad de genero en su maxima expresión👏👏👏👏,Una detenida se niega a identificarse a la Policía – Policías en Acción,laSexta,2016-07-21 19:30:01+00:00,2016,inmigracion
KMpZLaVkxSo,@omgcabesa8078,2022-12-31 14:46:28+00:00,67,"Mi psicologo: es imposible que un video de 2 minutos te quite la depresion 
El video :",Una detenida se niega a identificarse a la Policía – Policías en Acción,laSexta,2016-07-21 19:30:01+00:00,2016,inmigracion
KMpZLaVkxSo,@freddyomarsuarezmoreno2695,2020-01-15 07:12:19+00:00,66,Creo que veo este video unas 50 veces al año y las 50 le doy like :>,Una detenida se niega a identificarse a la Policía – Policías en Acción,laSexta,2016-07-21 19:30:01+00:00,2016,inmigracion
KMpZLaVkxSo,@soniaclemente2999,2023-09-24 16:32:40+00:00,3,Que santa paciencia tiene la policía...,Una detenida se niega a identificarse a la Policía – Policías en Acción,laSexta,2016-07-21 19:30:01+00:00,2016,inmigracion
KMpZLaVkxSo,@luiszuniga5990,2021-02-10 01:27:36+00:00,145,pues me parece que el oficial actuó correctamente pero la vieja es necia jajaja,Una detenida se niega a identificarse a la Policía – Policías en Acción,laSexta,2016-07-21 19:30:01+00:00,2016,inmigracion
KMpZLaVkxSo,@leandrogado1548,2018-05-22 18:52:53+00:00,283,"""Seguro que votas al pp""

JAJAJAJAAJAJAJAJAJ MENUDA PALETA DE LA MERMA",Una detenida se niega a identificarse a la Policía – Policías en Acción,laSexta,2016-07-21 19:30:01+00:00,2016,inmigracion
KMpZLaVkxSo,@gelatinio,2017-05-23 13:34:22+00:00,481,En estados unidos de hubiesen disparado  con el primer vacile xd,Una detenida se niega a identificarse a la Policía – Policías en Acción,laSexta,2016-07-21 19:30:01+00:00,2016,inmigracion
KMpZLaVkxSo,@ricardoromangomezvilchis5960,2025-03-27 06:46:49+00:00,1,Qué alegría ver este video. Ojalá así lo hiciéramos en México y en cualquier parte del mundo 😊,Una detenida se niega a identificarse a la Policía – Policías en Acción,laSexta,2016-07-21 19:30:01+00:00,2016,inmigracion
KMpZLaVkxSo,@anacarvajal5984,2019-04-23 21:56:10+00:00,60,Que se ha tomado esa mujer?? Se pensaba que tenía  súper poderes o que? 😂,Una detenida se niega a identificarse a la Policía – Policías en Acción,laSexta,2016-07-21 19:30:01+00:00,2016,inmigracion
KMpZLaVkxSo,@emmanuellopez1588,2020-10-22 02:17:56+00:00,309,"Joder, que quiero policía así en México. Educados y profesionales siempre y autoritarios cuando la situación lo amerita.",Una detenida se niega a identificarse a la Policía – Policías en Acción,laSexta,2016-07-21 19:30:01+00:00,2016,inmigracion
KMpZLaVkxSo,@mariohernandez2806,2022-02-16 14:01:08+00:00,243,Con lo fácil que hubiese sido hacer caso al Agente... Un trabajo y paciencia honorables,Una detenida se niega a identificarse a la Policía – Policías en Acción,laSexta,2016-07-21 19:30:01+00:00,2016,inmigracion
KMpZLaVkxSo,@pableras3426,2025-02-06 18:47:40+00:00,1,Bastante paciencia tuvo el policía!! 😂😂😂😂😂😂,Una detenida se niega a identificarse a la Policía – Policías en Acción,laSexta,2016-07-21 19:30:01+00:00,2016,inmigracion
KMpZLaVkxSo,@silviafernandez2003,2017-01-03 18:30:45+00:00,124,"que ostia tiene la chavala, pero lo que me he podido reír jajajajaja",Una detenida se niega a identificarse a la Policía – Policías en Acción,laSexta,2016-07-21 19:30:01+00:00,2016,inmigracion
KMpZLaVkxSo,@veravera1906,2019-08-07 09:47:19+00:00,41,"Señorita, mas documentación y menos botellas",Una detenida se niega a identificarse a la Policía – Policías en Acción,laSexta,2016-07-21 19:30:01+00:00,2016,inmigracion
KMpZLaVkxSo,@ndcijokdincdiid9718,2020-09-14 09:15:35+00:00,376,Lo que más me ha gustado es que el policía siempre ha hablado con respeto haciendo bien su trabajo,Una detenida se niega a identificarse a la Policía – Policías en Acción,laSexta,2016-07-21 19:30:01+00:00,2016,inmigracion
KMpZLaVkxSo,@belenalonso2347,2024-01-23 17:22:14+00:00,29,Que santa paciencia el pobre policía,Una detenida se niega a identificarse a la Policía – Policías en Acción,laSexta,2016-07-21 19:30:01+00:00,2016,inmigracion
KMpZLaVkxSo,@FranLR7,2018-12-14 19:45:14+00:00,164,1:10 complejo de neymar,Una detenida se niega a identificarse a la Policía – Policías en Acción,laSexta,2016-07-21 19:30:01+00:00,2016,inmigracion
KMpZLaVkxSo,@franciscoserrano7385,2019-04-15 02:47:21+00:00,355,"Acá en Chile , el policia hubiera sido dado de baja,. Victimizando a la mujer por violencia policial y el Instituto de DDHH con una demanda al policía. Muy bien el agente, fue respetuoso y pidió la información en reiteradas ocasiones , sin una respuesta positiva. Así debería ser acá en Chile y otro gallo cantaría.",Una detenida se niega a identificarse a la Policía – Policías en Acción,laSexta,2016-07-21 19:30:01+00:00,2016,inmigracion
KMpZLaVkxSo,@carlosgermandelaveaux7186,2018-06-22 09:22:09+00:00,142,Dios que Policía tan paciente,Una detenida se niega a identificarse a la Policía – Policías en Acción,laSexta,2016-07-21 19:30:01+00:00,2016,inmigracion
KMpZLaVkxSo,@lukolucasgrijander920,2025-12-24 13:51:29+00:00,1,"Cuando tengo insomnio, es ver este video y me quedo frito toda la noche como un bebé.",Una detenida se niega a identificarse a la Policía – Policías en Acción,laSexta,2016-07-21 19:30:01+00:00,2016,inmigracion
KMpZLaVkxSo,@vivixxx9980,2019-08-16 05:47:27+00:00,134,"Que bruta, transformar algo simple en una situación grotesca. Bien por el policía. 👍",Una detenida se niega a identificarse a la Policía – Policías en Acción,laSexta,2016-07-21 19:30:01+00:00,2016,inmigracion
KMpZLaVkxSo,@hectornavarro5102,2019-01-15 18:11:30+00:00,1892,No querían igualdad?,Una detenida se niega a identificarse a la Policía – Policías en Acción,laSexta,2016-07-21 19:30:01+00:00,2016,inmigracion
KMpZLaVkxSo,@Fernando.Rm85,2019-06-08 13:52:43+00:00,394,"Dice la palabra ""señorita"" 13 veces",Una detenida se niega a identificarse a la Policía – Policías en Acción,laSexta,2016-07-21 19:30:01+00:00,2016,inmigracion
KMpZLaVkxSo,@joseantoniocanopradillo4561,2025-01-09 23:28:57+00:00,1,"No me canso de ver este vídeo ,actuación policial sobresaliente,mejor imposible 👏🏻👏🏻👏🏻👏🏻👏🏻👏🏻👏🏻👏🏻👏🏻👏🏻👏🏻👏🏻",Una detenida se niega a identificarse a la Policía – Policías en Acción,laSexta,2016-07-21 19:30:01+00:00,2016,inmigracion
KMpZLaVkxSo,@Sarayperezz_,2019-11-06 11:05:06+00:00,12,JAJAJAJAJA DICE ME HAS TIRADO AJJAJAJAJAJAJJA de verdad hay gente q tiene 3 pares de cojones pa decirle eso a la poli y encima estando grabando,Una detenida se niega a identificarse a la Policía – Policías en Acción,laSexta,2016-07-21 19:30:01+00:00,2016,inmigracion
KMpZLaVkxSo,@KevinCerroM,2019-08-15 07:19:42+00:00,19,Que grande Berlín de la casa de papel sirviendo al estado jajajajaja,Una detenida se niega a identificarse a la Policía – Policías en Acción,laSexta,2016-07-21 19:30:01+00:00,2016,inmigracion
KMpZLaVkxSo,@NONECESITOsuscriptores,2020-05-31 13:18:36+00:00,506,"Esto es lo que algunas quieren llamar
¿Feminismo?
Suerte, cultura y gracias",Una detenida se niega a identificarse a la Policía – Policías en Acción,laSexta,2016-07-21 19:30:01+00:00,2016,inmigracion
KMpZLaVkxSo,@iamkiraz,2024-02-17 11:52:59+00:00,1,Que video tan satisfactorio y que paciencia que tiene el policia.,Una detenida se niega a identificarse a la Policía – Policías en Acción,laSexta,2016-07-21 19:30:01+00:00,2016,inmigracion
KMpZLaVkxSo,@la_verdad_duele,2019-07-16 08:19:17+00:00,121,Se pensaba la tía que por ser tía se libraba,Una detenida se niega a identificarse a la Policía – Policías en Acción,laSexta,2016-07-21 19:30:01+00:00,2016,inmigracion
KMpZLaVkxSo,@tantik1997,2018-05-26 16:09:59+00:00,119,"Hacia tiempo que no me reía tanto. No querían igualdad?, ahí llevan un poco.",Una detenida se niega a identificarse a la Policía – Policías en Acción,laSexta,2016-07-21 19:30:01+00:00,2016,inmigracion
KMpZLaVkxSo,@Argentvm649,2019-08-21 17:24:54+00:00,106,"Vamos España querida, así se hace. Saludos desde Argentina.",Una detenida se niega a identificarse a la Policía – Policías en Acción,laSexta,2016-07-21 19:30:01+00:00,2016,inmigracion
KMpZLaVkxSo,@franciscocopete7740,2026-05-27 20:54:58+00:00,1,Que ganas de meterse en problemas 😂😂😂😂😂😂😂 pero me encanta,Una detenida se niega a identificarse a la Policía – Policías en Acción,laSexta,2016-07-21 19:30:01+00:00,2016,inmigracion
KMpZLaVkxSo,@fitnesswrestler331,2020-07-11 15:22:52+00:00,113,"Dios este video es mi favorito JAJAJAJ lo habré visto 30 veces minimo. 
Edit: 6 meses después lo vuelvo a ver cómo 5 veces más JAJAJAHA",Una detenida se niega a identificarse a la Policía – Policías en Acción,laSexta,2016-07-21 19:30:01+00:00,2016,inmigracion
KMpZLaVkxSo,@josealba3046,2018-11-17 13:12:27+00:00,350,"¡Madre mía, cuánto daño está haciendo el feminismo! Les han hecho creer que son seres superiores e intocables.",Una detenida se niega a identificarse a la Policía – Policías en Acción,laSexta,2016-07-21 19:30:01+00:00,2016,inmigracion
KMpZLaVkxSo,@guripa250,2018-12-29 17:02:02+00:00,99,"se ha tirado claramente al sentir el contacto del CNP en el hombro, pero se ve como el CNP toca bolso antes. Es tarjeta amarilla clara a la chica.",Una detenida se niega a identificarse a la Policía – Policías en Acción,laSexta,2016-07-21 19:30:01+00:00,2016,inmigracion
KMpZLaVkxSo,@oskarmartinez5563,2025-05-07 12:48:00+00:00,1,"!Cómo disfruto cada vez que lo veo!!, lástima que no haya mas policias así.",Una detenida se niega a identificarse a la Policía – Policías en Acción,laSexta,2016-07-21 19:30:01+00:00,2016,inmigracion
KMpZLaVkxSo,@yal_398,2018-06-03 21:43:12+00:00,11,Me ha parecido muy buena la reacción del policia pero no hace falta repetir tanto lo de señorita 😂,Una detenida se niega a identificarse a la Policía – Policías en Acción,laSexta,2016-07-21 19:30:01+00:00,2016,inmigracion
KMpZLaVkxSo,@Cashmoneyspain,2022-11-09 17:36:19+00:00,52,Merecidamente! Una actuación igualitaria y ejemplar.,Una detenida se niega a identificarse a la Policía – Policías en Acción,laSexta,2016-07-21 19:30:01+00:00,2016,inmigracion
KMpZLaVkxSo,@PeppaThunder,2017-01-18 21:35:18+00:00,191,"magnífico ver cómo se estampa la borracha, simplemente orgasmico, buena actuación la del agente",Una detenida se niega a identificarse a la Policía – Policías en Acción,laSexta,2016-07-21 19:30:01+00:00,2016,inmigracion
KMpZLaVkxSo,@javiervaru4631,2025-01-23 16:18:31+00:00,1,"Me encanta este video, pasan los años y lo sigo disfrutando como el primer dia",Una detenida se niega a identificarse a la Policía – Policías en Acción,laSexta,2016-07-21 19:30:01+00:00,2016,inmigracion
KMpZLaVkxSo,@albert33877,2016-09-11 23:02:32+00:00,100,"Tras ver el vídeo he de confesar que temía leer los comentarios y que se apoyara mayoritariamente a la ""señorita"". 
La policía no siempre actúa bien pero cuando lo hace también se le debe reconocer. Un tipo paciente el agente.",Una detenida se niega a identificarse a la Policía – Policías en Acción,laSexta,2016-07-21 19:30:01+00:00,2016,inmigracion
KMpZLaVkxSo,@kanniwara,2021-01-04 04:38:27+00:00,76,el Oneto español!! deberíamos erigir un monumento a este oficial.,Una detenida se niega a identificarse a la Policía – Policías en Acción,laSexta,2016-07-21 19:30:01+00:00,2016,inmigracion
KMpZLaVkxSo,@Ikerso40,2020-04-06 16:25:12+00:00,81,1:33 brutal jon cena xdddd,Una detenida se niega a identificarse a la Policía – Policías en Acción,laSexta,2016-07-21 19:30:01+00:00,2016,inmigracion
KMpZLaVkxSo,@alfredomatta21,2024-09-05 10:19:14+00:00,18,DIOS MIO QUE EFECTIVIDAD .... ESO ES ACTUAR ....ES HERMOSO... BRAVO 👏👏👏 BRAVÍSIMO 👏👏👏👏.....,Una detenida se niega a identificarse a la Policía – Policías en Acción,laSexta,2016-07-21 19:30:01+00:00,2016,inmigracion
KMpZLaVkxSo,@alonsopercu,2018-09-04 15:00:54+00:00,263,1:15 Penalti clarisimo,Una detenida se niega a identificarse a la Policía – Policías en Acción,laSexta,2016-07-21 19:30:01+00:00,2016,inmigracion
KMpZLaVkxSo,@fernandomolina5591,2016-07-26 11:53:38+00:00,286,"9 veces le llega a pedir la documentación y la tia vacilando... lamentable, buena actuación del Policía﻿",Una detenida se niega a identificarse a la Policía – Policías en Acción,laSexta,2016-07-21 19:30:01+00:00,2016,inmigracion
KMpZLaVkxSo,@RecoNoceR77,2020-07-06 16:54:30+00:00,76,"Yo ahí lo que he visto es a una chica que se pensaba que por ser mujer podía agredir al policía sin tener consecuencias , pero aunque nos parezca gracioso el contexto del video y la reducción que se la hace , la verdad que yo he sufrido este tipo de reacciones de una pareja mía que se creía que por ser mujer me podía levantar la mano , pegarme puñetazos , y si te pillaba en la calle encima gritaba y te llamaba maltratador ... es una pena pero es una realidad y yo en mi caso no podía ni siquiera pararla simplemente tenía que huir para evitar que acabase eso en prisión... Me alegro ver lo que realmente es correcto hacer ante una situación de agresión ya sea por hombre o mujer . Un saludo",Una detenida se niega a identificarse a la Policía – Policías en Acción,laSexta,2016-07-21 19:30:01+00:00,2016,inmigracion
KMpZLaVkxSo,@Huevo152,2023-08-20 04:51:18+00:00,2,"No me canso de ver este video que muestra que no todas son ""princesas""",Una detenida se niega a identificarse a la Policía – Policías en Acción,laSexta,2016-07-21 19:30:01+00:00,2016,inmigracion
KMpZLaVkxSo,@temzt3141,2019-07-12 10:09:08+00:00,559,"Aquí no tiene nada que ver con feminismo ni igualdad ni nada esto es el procedimiento policial, la mujer a agredido física y verbalmente, tmb no desacato a la autoridad.",Una detenida se niega a identificarse a la Policía – Policías en Acción,laSexta,2016-07-21 19:30:01+00:00,2016,inmigracion
KMpZLaVkxSo,@sdaaaaa2779,2020-07-30 08:08:46+00:00,251,"Lo más gracioso que dice esta tia es:
- Tu que votas al PP verdad? 
Eso me ha matado, xDD esta de unidas podemos seguro",Una detenida se niega a identificarse a la Policía – Policías en Acción,laSexta,2016-07-21 19:30:01+00:00,2016,inmigracion
KMpZLaVkxSo,@carlosvillalonmella5443,2019-05-23 16:56:54+00:00,97,"Profesional, enérgico y educado el Policía",Una detenida se niega a identificarse a la Policía – Policías en Acción,laSexta,2016-07-21 19:30:01+00:00,2016,inmigracion
KMpZLaVkxSo,@MariaAlmeida-rt5nf,2024-07-12 17:30:03+00:00,3,"Excelente.
Para que aprendan",Una detenida se niega a identificarse a la Policía – Policías en Acción,laSexta,2016-07-21 19:30:01+00:00,2016,inmigracion
KMpZLaVkxSo,@D.gomezz_,2019-03-09 22:44:31+00:00,150,"Ole sus huevos 
Policias asi faltan en este pais hostia
No querian igualdad ?",Una detenida se niega a identificarse a la Policía – Policías en Acción,laSexta,2016-07-21 19:30:01+00:00,2016,inmigracion
KMpZLaVkxSo,@josefinaramirezcaballero815,2019-01-25 00:19:45+00:00,215,"buena actuacion , demasiada paciencia ha tenido!!",Una detenida se niega a identificarse a la Policía – Policías en Acción,laSexta,2016-07-21 19:30:01+00:00,2016,inmigracion
KMpZLaVkxSo,@BurghyRome87,2019-04-24 16:27:36+00:00,36,"more than 4 times... 


Police did WELL",Una detenida se niega a identificarse a la Policía – Policías en Acción,laSexta,2016-07-21 19:30:01+00:00,2016,inmigracion
KMpZLaVkxSo,@alejandromotacaberol9743,2024-03-31 03:32:40+00:00,1,"A mi me encanta este vídeo,me hace pasar un buen rato cuando me aburro jajaja",Una detenida se niega a identificarse a la Policía – Policías en Acción,laSexta,2016-07-21 19:30:01+00:00,2016,inmigracion
KMpZLaVkxSo,@xiomaraapolinar4562,2020-02-15 11:13:56+00:00,54,"""que me. Estas haciendo daño"" ""que no me ha caído. Usted me ha tirado"" no Cuela.
 Bien hecho",Una detenida se niega a identificarse a la Policía – Policías en Acción,laSexta,2016-07-21 19:30:01+00:00,2016,inmigracion
KMpZLaVkxSo,@katherinelima8790,2020-03-25 22:08:43+00:00,21,"Excelente, ojala la policia de mi Ecuador tuviera esas atribuciones.",Una detenida se niega a identificarse a la Policía – Policías en Acción,laSexta,2016-07-21 19:30:01+00:00,2016,inmigracion
KMpZLaVkxSo,@duamelayalanajarro960,2018-03-23 04:29:15+00:00,33,"Dos veces me intervino la policía, yo soy peruano que residía en Madrid, pero siempre muy educados y formales así da gusto que te intervengan.",Una detenida se niega a identificarse a la Policía – Policías en Acción,laSexta,2016-07-21 19:30:01+00:00,2016,inmigracion
KMpZLaVkxSo,@BeatrizPecesromero,2024-06-20 16:05:39+00:00,1,Hacen su trabajo cuando he necesitado su ayuda los primeros que han acudido han sido ellos es una gran labor la que hacen,Una detenida se niega a identificarse a la Policía – Policías en Acción,laSexta,2016-07-21 19:30:01+00:00,2016,inmigracion
KMpZLaVkxSo,@kristelgomezmarquez6278,2020-07-24 04:32:17+00:00,62,1:35 ese momento magistral en que recibe su merecido una abusiva malcriada,Una detenida se niega a identificarse a la Policía – Policías en Acción,laSexta,2016-07-21 19:30:01+00:00,2016,inmigracion
KMpZLaVkxSo,@adrianramiro3266,2016-08-13 19:27:56+00:00,338,ole por el policía y la profesionalidad que tiene.....,Una detenida se niega a identificarse a la Policía – Policías en Acción,laSexta,2016-07-21 19:30:01+00:00,2016,inmigracion
KMpZLaVkxSo,@ibnmuhamad,2017-12-28 11:10:19+00:00,24,"Que bien lo hizo el agente, ejecuto la técnica de jiu jitsu bien y cayó como una palanca la muchacha",Una detenida se niega a identificarse a la Policía – Policías en Acción,laSexta,2016-07-21 19:30:01+00:00,2016,inmigracion
KMpZLaVkxSo,@MrLuisitoxXx,2025-12-22 18:28:08+00:00,3,menudo aguante ha tenido el policia,Una detenida se niega a identificarse a la Policía – Policías en Acción,laSexta,2016-07-21 19:30:01+00:00,2016,inmigracion
KMpZLaVkxSo,@Furianop,2019-10-26 22:37:49+00:00,141,Un Ejemplo a Seguir este Sr Policia !! Menuda Paciencia........,Una detenida se niega a identificarse a la Policía – Policías en Acción,laSexta,2016-07-21 19:30:01+00:00,2016,inmigracion
KMpZLaVkxSo,@santirs2529,2019-09-24 19:27:06+00:00,162,"jajaja no me canso de ver este video, que felicidad!!",Una detenida se niega a identificarse a la Policía – Policías en Acción,laSexta,2016-07-21 19:30:01+00:00,2016,inmigracion
KMpZLaVkxSo,@davidgpgomezparra5073,2020-11-06 15:57:28+00:00,10,La chica maldiciendo la hora en que se le cayo la botella al suelo sin querer xD!!!!,Una detenida se niega a identificarse a la Policía – Policías en Acción,laSexta,2016-07-21 19:30:01+00:00,2016,inmigracion
KMpZLaVkxSo,@rolphyland,2024-11-22 15:37:15+00:00,0,Me encanta este video no me canso de verlo,Una detenida se niega a identificarse a la Policía – Policías en Acción,laSexta,2016-07-21 19:30:01+00:00,2016,inmigracion
KMpZLaVkxSo,@FerPit,2021-10-03 22:23:32+00:00,16,"Siempre que me acuerdo acudo a este vídeo, es magnífico y satisfactorio",Una detenida se niega a identificarse a la Policía – Policías en Acción,laSexta,2016-07-21 19:30:01+00:00,2016,inmigracion
KMpZLaVkxSo,@BlogDark,2017-07-22 11:49:00+00:00,326,Necesitamos más policías así en España,Una detenida se niega a identificarse a la Policía – Policías en Acción,laSexta,2016-07-21 19:30:01+00:00,2016,inmigracion
KMpZLaVkxSo,@charlybrown6766,2019-07-05 12:35:57+00:00,64,"Mis respetos para el policia, se mantuvo respetuoso y nunca perdio la calma, me asombra lo educado que se porto. Excelente servicio. Policias asi existen muy pero muy pocos.",Una detenida se niega a identificarse a la Policía – Policías en Acción,laSexta,2016-07-21 19:30:01+00:00,2016,inmigracion
KMpZLaVkxSo,@salvadorsegoviahenriquez820,2023-08-21 16:23:15+00:00,1,Excelente trabajo .,Una detenida se niega a identificarse a la Policía – Policías en Acción,laSexta,2016-07-21 19:30:01+00:00,2016,inmigracion
KMpZLaVkxSo,@santiagoriquelme1980,2018-12-06 23:51:13+00:00,105,"*EXCELENTE SR POLICÍA..!!!!!*


*MIS RESPETOS A SU LABOR...*


*ACA EN ARGENTINA NO ES NADA DE IGUAL....... ACA LAS QUE SE CALIFICAN DE SER MUJERES (NO TODAS) TE ESCUPEN LA CARA CUANDO LE PIDES SU (DNI) Y SI UN POLICÍA ACTÚA COMO EN ESPAÑA..LINDO PIQUETE, MOVIMIENTO, QUILOMBO, MANIFESTACIÓN TENÉS.*


*SALUDOS DESDE ARGENTINA A TODO AQUEL POLICÍA QUE ACTÚA EN LEY..!!!*",Una detenida se niega a identificarse a la Policía – Policías en Acción,laSexta,2016-07-21 19:30:01+00:00,2016,inmigracion
KMpZLaVkxSo,@5kator481,2020-07-14 23:02:20+00:00,201,"Soy de México y tengo mas respeto a estos policías de españa, bien echo 👌👍👍",Una detenida se niega a identificarse a la Policía – Policías en Acción,laSexta,2016-07-21 19:30:01+00:00,2016,inmigracion
KMpZLaVkxSo,@ale-co6gt,2018-07-16 00:07:11+00:00,180,"Esa pareja solo faltó decir...

¿Buscais problemas? 

Pues escuchad nuestro lema 

Para proteger al mundo de la devastación 

Para unir a todos los pueblos en una sola nación 

Para denunciar a los enemigos de la verdad y el amor 

Para extender nuestro poder mas allá de espacio exterior 

Jessie 

James 

El team rocket despega a la velocidad de la luz 

Rendios ahora o preparaos para luchar :V XD 😂😂",Una detenida se niega a identificarse a la Policía – Policías en Acción,laSexta,2016-07-21 19:30:01+00:00,2016,inmigracion
KMpZLaVkxSo,@juanyanez1678,2023-07-31 00:45:26+00:00,1,Exelente...👏👏👏👏👏👏🇪🇸🙏🙌,Una detenida se niega a identificarse a la Policía – Policías en Acción,laSexta,2016-07-21 19:30:01+00:00,2016,inmigracion
KMpZLaVkxSo,@bolsitadelmercadona6370,2021-05-28 17:18:53+00:00,15,"el policía:que me des la documentación
la señora:que ya te la voy a darrr
yo si estubiera a 8 metros: *saco mi DNI*",Una detenida se niega a identificarse a la Policía – Policías en Acción,laSexta,2016-07-21 19:30:01+00:00,2016,inmigracion
KMpZLaVkxSo,@futureControl,2018-03-15 22:30:54+00:00,137,Joder ... estoy flipando ... si vacilas aun policia no vas a sacar nada bueno ... a esto se le llama liarla bien parda!!,Una detenida se niega a identificarse a la Policía – Policías en Acción,laSexta,2016-07-21 19:30:01+00:00,2016,inmigracion
KMpZLaVkxSo,@jackobtthoronn5388,2020-09-26 12:09:47+00:00,12,"En los USA 10 gorillas encima y una "" Dosis de 50,000 voltios""...⚡⚡",Una detenida se niega a identificarse a la Policía – Policías en Acción,laSexta,2016-07-21 19:30:01+00:00,2016,inmigracion
KMpZLaVkxSo,@carinakuljko4670,2023-09-26 05:07:08+00:00,0,Excelente.,Una detenida se niega a identificarse a la Policía – Policías en Acción,laSexta,2016-07-21 19:30:01+00:00,2016,inmigracion
KMpZLaVkxSo,@cynthia7001,2019-07-16 21:55:50+00:00,17,1:14 Neymar en acción,Una detenida se niega a identificarse a la Policía – Policías en Acción,laSexta,2016-07-21 19:30:01+00:00,2016,inmigracion
KMpZLaVkxSo,@deanambrose1756,2022-07-02 21:51:36+00:00,23,Un aplauso para el policía bueno trabajo,Una detenida se niega a identificarse a la Policía – Policías en Acción,laSexta,2016-07-21 19:30:01+00:00,2016,inmigracion
KMpZLaVkxSo,@AngoDark,2025-01-09 16:34:02+00:00,0,Excelente,Una detenida se niega a identificarse a la Policía – Policías en Acción,laSexta,2016-07-21 19:30:01+00:00,2016,inmigracion
KMpZLaVkxSo,@fernandoreyes9897,2021-03-02 04:01:00+00:00,159,"Jaajajajaajajajaajaja
A ese empujón que le dió el oficial a la chica contra el suelo yo le llamo equidad de género!!",Una detenida se niega a identificarse a la Policía – Policías en Acción,laSexta,2016-07-21 19:30:01+00:00,2016,inmigracion
KMpZLaVkxSo,@leonlemos7498,2019-08-15 17:32:10+00:00,17,Excelente ação policial...Aprenda Brasil !,Una detenida se niega a identificarse a la Policía – Policías en Acción,laSexta,2016-07-21 19:30:01+00:00,2016,inmigracion
KMpZLaVkxSo,@baironirrazabal1846,2021-03-02 00:06:12+00:00,138,"Le gusta pagar en efectivo, pero cuando les pagan con la mismas monedas se enojan (respeten para que los respeten)",Una detenida se niega a identificarse a la Policía – Policías en Acción,laSexta,2016-07-21 19:30:01+00:00,2016,inmigracion
KMpZLaVkxSo,@churrete53,2024-03-08 10:45:12+00:00,2,Por lista!!,Una detenida se niega a identificarse a la Policía – Policías en Acción,laSexta,2016-07-21 19:30:01+00:00,2016,inmigracion
KMpZLaVkxSo,@frankbohorquez6036,2020-05-09 16:08:43+00:00,141,Exelente trabajo policial así necesitamos agentes profesionales en mi país,Una detenida se niega a identificarse a la Policía – Policías en Acción,laSexta,2016-07-21 19:30:01+00:00,2016,inmigracion
KMpZLaVkxSo,@faustinobayon3209,2020-05-16 06:17:02+00:00,38,"España:señorita
USA: Balazo
Rusia: ¿PERDONA? NO TE OIGO DESDE EL TANQUE",Una detenida se niega a identificarse a la Policía – Policías en Acción,laSexta,2016-07-21 19:30:01+00:00,2016,inmigracion
KMpZLaVkxSo,@gabi_chulo2540,2019-06-10 20:30:20+00:00,43,"Me encanta lo educado que es el señor policía cada vez que dice ""señorita"" 😂

Muy bien señor policia",Una detenida se niega a identificarse a la Policía – Policías en Acción,laSexta,2016-07-21 19:30:01+00:00,2016,inmigracion
KMpZLaVkxSo,@luissantiago6266,2025-01-19 23:30:15+00:00,0,Saludos hermanos me gustó el trabajo del compañero Oficial 👮‍♀️ saludos desde Puerto Rico 🇵🇷 mis Respetos para todos los Policías,Una detenida se niega a identificarse a la Policía – Policías en Acción,laSexta,2016-07-21 19:30:01+00:00,2016,inmigracion
KMpZLaVkxSo,@Videosdeconfi,2018-07-24 11:16:14+00:00,88,No paro dr ver este video,Una detenida se niega a identificarse a la Policía – Policías en Acción,laSexta,2016-07-21 19:30:01+00:00,2016,inmigracion
KMpZLaVkxSo,@marcusblazky,2019-07-13 14:18:44+00:00,479,Ahora sería; ¿ tú qué votas a Vox no?,Una detenida se niega a identificarse a la Policía – Policías en Acción,laSexta,2016-07-21 19:30:01+00:00,2016,inmigracion
KMpZLaVkxSo,@noanoeli2655,2019-06-29 21:10:17+00:00,12,0:48 la mujer de blanco pega ha alguien 😂,Una detenida se niega a identificarse a la Policía – Policías en Acción,laSexta,2016-07-21 19:30:01+00:00,2016,inmigracion
KMpZLaVkxSo,@CarlosMartinez-gt9nk,2024-08-02 17:59:08+00:00,2,"Excelente el trabajo del uniformado, increíble el nivel de idiotez y alcohol de la señorita.",Una detenida se niega a identificarse a la Policía – Policías en Acción,laSexta,2016-07-21 19:30:01+00:00,2016,inmigracion
KMpZLaVkxSo,@elinquisidormgtow3325,2021-08-20 02:52:29+00:00,39,"☝🏿😈ASÍ ES COMO LAS COSAS DEBEN SER☝🏿😈👍🏾..""IGUALDAD DE GÉNERO""",Una detenida se niega a identificarse a la Policía – Policías en Acción,laSexta,2016-07-21 19:30:01+00:00,2016,inmigracion
KMpZLaVkxSo,@Macross2111,2019-03-07 19:35:42+00:00,54,"No hizo nada dice...
tiro la botella, pegaba al oficial, se rehusaba a entregar la documentacion...",Una detenida se niega a identificarse a la Policía – Policías en Acción,laSexta,2016-07-21 19:30:01+00:00,2016,inmigracion
KMpZLaVkxSo,@jorgecampos6665,2020-10-02 00:50:07+00:00,143,"Ojalá tuviéramos esta policía y el respaldo de la justicia en la Argentina, solucionaríamos muchos problemas, mis felicitaciones por el accionar de la policía",Una detenida se niega a identificarse a la Policía – Policías en Acción,laSexta,2016-07-21 19:30:01+00:00,2016,inmigracion
KMpZLaVkxSo,@Rider__rodriguez,2023-07-21 01:48:39+00:00,1,Volviendo en el 2023 a ver este video😂,Una detenida se niega a identificarse a la Policía – Policías en Acción,laSexta,2016-07-21 19:30:01+00:00,2016,inmigracion
KMpZLaVkxSo,@timbarkley2026,2020-10-07 16:22:26+00:00,252,"Muy bien aprendan policias ecuatorianos, con respeto pero al mismo tiempo con autoridad",Una detenida se niega a identificarse a la Policía – Policías en Acción,laSexta,2016-07-21 19:30:01+00:00,2016,inmigracion
KMpZLaVkxSo,@obagoacg,2019-01-19 18:11:47+00:00,70,Demasiada paciencia a tenido el policía.,Una detenida se niega a identificarse a la Policía – Policías en Acción,laSexta,2016-07-21 19:30:01+00:00,2016,inmigracion
KMpZLaVkxSo,@StaggerjAGGER,2019-09-19 02:41:36+00:00,52,"Don't speak this language at all but I'm certain the woman said ""You don't tell me what to Do! I do what I want!"" It's consistent around the world I see.",Una detenida se niega a identificarse a la Policía – Policías en Acción,laSexta,2016-07-21 19:30:01+00:00,2016,inmigracion
KMpZLaVkxSo,@ElyandelCastillo,2024-06-12 11:34:54+00:00,0,Me has tirado tú JAJAJAJA,Una detenida se niega a identificarse a la Policía – Policías en Acción,laSexta,2016-07-21 19:30:01+00:00,2016,inmigracion
KMpZLaVkxSo,@luislopezlopez3732,2018-10-28 03:50:30+00:00,194,Cómo quisiera que en mi México hubiera de estos policías,Una detenida se niega a identificarse a la Policía – Policías en Acción,laSexta,2016-07-21 19:30:01+00:00,2016,inmigracion
KMpZLaVkxSo,@GMfortutub,2018-02-03 18:53:43+00:00,592,Bravooooooooo,Una detenida se niega a identificarse a la Policía – Policías en Acción,laSexta,2016-07-21 19:30:01+00:00,2016,inmigracion
KMpZLaVkxSo,@GaryCV93,2020-02-22 17:49:30+00:00,66,"Que hermoso, igualdad en su maximo esplendor.",Una detenida se niega a identificarse a la Policía – Policías en Acción,laSexta,2016-07-21 19:30:01+00:00,2016,inmigracion
KMpZLaVkxSo,@lascronicasdefadai9106,2025-06-09 18:15:13+00:00,1,"Esta es de las que luego se tiran toda la noche llorando en el calabozo, encima como sea fin de semana hasta el lunes no la recibe el juez 🤣🤣🤣",Una detenida se niega a identificarse a la Policía – Policías en Acción,laSexta,2016-07-21 19:30:01+00:00,2016,inmigracion
KMpZLaVkxSo,@imperatoriss,2018-03-10 22:00:08+00:00,22,"un claro ejemplo, de como se debe comportar un P.N, con profesionalidad, firmeza y educación, los que defendéis a esta mujer diciendo que iba a cooperar, si quizá fuera a hacerlo, la cuestión es que no es cuando ella quiera, es cuando el se lo pide, y varias oportunidades le dio...",Una detenida se niega a identificarse a la Policía – Policías en Acción,laSexta,2016-07-21 19:30:01+00:00,2016,inmigracion
KMpZLaVkxSo,@elbiskocho,2019-06-15 17:52:40+00:00,240,Que placer me dio el ver que la tirara al piso 👏,Una detenida se niega a identificarse a la Policía – Policías en Acción,laSexta,2016-07-21 19:30:01+00:00,2016,inmigracion
KMpZLaVkxSo,@globalrub,2018-03-29 17:37:08+00:00,21,POLI EL PUTO AMO,Una detenida se niega a identificarse a la Policía – Policías en Acción,laSexta,2016-07-21 19:30:01+00:00,2016,inmigracion
KMpZLaVkxSo,@youcancallmeepsilon,2023-08-14 11:57:04+00:00,0,Nunca me cansaré de verlo,Una detenida se niega a identificarse a la Policía – Policías en Acción,laSexta,2016-07-21 19:30:01+00:00,2016,inmigracion
KMpZLaVkxSo,@omegadestroyer4981,2020-10-13 03:26:05+00:00,13,"Policía en España: me da la identificación señorita?
Policía en México: que la entregue a la célula del cartel dice...",Una detenida se niega a identificarse a la Policía – Policías en Acción,laSexta,2016-07-21 19:30:01+00:00,2016,inmigracion
KMpZLaVkxSo,@matias8837,2020-11-25 07:24:04+00:00,24,"Como diría Recio Matamoros :""ostia terrrrrrible""😂😂",Una detenida se niega a identificarse a la Policía – Policías en Acción,laSexta,2016-07-21 19:30:01+00:00,2016,inmigracion
KMpZLaVkxSo,@JuanchoAraujo,2019-03-10 05:29:23+00:00,33,"OJALA FUERAN LOS POLICIAS ASI EN ARGENTINA 
NO TODOS PERO HAY ALGUNOS POLICIAS Q DAN VERGUEZA",Una detenida se niega a identificarse a la Policía – Policías en Acción,laSexta,2016-07-21 19:30:01+00:00,2016,inmigracion
KMpZLaVkxSo,@manuelgutierrez2040,2025-04-06 16:16:17+00:00,0,AL SEÑOR AGENTE LE HACE FALTA UNAS BUENAS GALLETAS,Una detenida se niega a identificarse a la Policía – Policías en Acción,laSexta,2016-07-21 19:30:01+00:00,2016,inmigracion
KMpZLaVkxSo,@spearmint1569,2022-04-01 06:57:20+00:00,14,"Perfecto!!
Bien hecho, aqui en USA los policias no le hubieran tenido tanta paciencia.",Una detenida se niega a identificarse a la Policía – Policías en Acción,laSexta,2016-07-21 19:30:01+00:00,2016,inmigracion
KMpZLaVkxSo,@prilencina260,2018-06-25 06:28:41+00:00,119,Un aplauso a esos policias lo mismo tienen que hacer en ARGENTINA,Una detenida se niega a identificarse a la Policía – Policías en Acción,laSexta,2016-07-21 19:30:01+00:00,2016,inmigracion
KMpZLaVkxSo,@MaDaRaUcHihA-ur1ro,2021-02-20 20:43:52+00:00,11,"Jajajajajjajajajajjajaja!! Ale, señorita, al calabozo 🤣🤣🤣",Una detenida se niega a identificarse a la Policía – Policías en Acción,laSexta,2016-07-21 19:30:01+00:00,2016,inmigracion
KMpZLaVkxSo,@adulaidjali6146,2024-12-31 15:28:53+00:00,0,Bravo 😊😊,Una detenida se niega a identificarse a la Policía – Policías en Acción,laSexta,2016-07-21 19:30:01+00:00,2016,inmigracion
KMpZLaVkxSo,@sebastianbermeo7700,2020-03-25 01:06:09+00:00,64,Este tipos de policías se necesita en mi chile 🇨🇱,Una detenida se niega a identificarse a la Policía – Policías en Acción,laSexta,2016-07-21 19:30:01+00:00,2016,inmigracion
KMpZLaVkxSo,@ElTiansiOK,2019-03-08 05:10:50+00:00,48,"Yo la conozco, actualmente vive en Uruguay y siempre anda cantando ""Scubydu papa""",Una detenida se niega a identificarse a la Policía – Policías en Acción,laSexta,2016-07-21 19:30:01+00:00,2016,inmigracion
KMpZLaVkxSo,@agustinrodriguez6673,2020-05-26 04:49:41+00:00,46,1:59 soy el único que se cago de risa cuando le dan su merecido a la que se hacía la muy pícara,Una detenida se niega a identificarse a la Policía – Policías en Acción,laSexta,2016-07-21 19:30:01+00:00,2016,inmigracion
KMpZLaVkxSo,@CarmenTaveras-c4u,2024-02-17 05:16:47+00:00,0,Bien hecho,Una detenida se niega a identificarse a la Policía – Policías en Acción,laSexta,2016-07-21 19:30:01+00:00,2016,inmigracion
KMpZLaVkxSo,@Sule9954,2018-05-23 21:01:41+00:00,72,"Pero que es esto? La policia nacional la obedeces diga lo que diga independientemente de tu genero, raza o nacionalidad. Que orgullo tenia esa mujer que es incapaz de obedecer a las autoridades.",Una detenida se niega a identificarse a la Policía – Policías en Acción,laSexta,2016-07-21 19:30:01+00:00,2016,inmigracion
KMpZLaVkxSo,@brunooncebay2968,2019-06-14 01:25:45+00:00,20,"que buen policía este joven igualdad ante todo y respeto,saludos desde Perú.",Una detenida se niega a identificarse a la Policía – Policías en Acción,laSexta,2016-07-21 19:30:01+00:00,2016,inmigracion
KMpZLaVkxSo,@Cocoa85,2019-10-09 18:46:49+00:00,69,"Al final de todo, sigue tratando con respeto a la ""señorita"" ...",Una detenida se niega a identificarse a la Policía – Policías en Acción,laSexta,2016-07-21 19:30:01+00:00,2016,inmigracion
KMpZLaVkxSo,@josemata3479,2018-05-17 01:49:32+00:00,51,El Policía demasiado suave ha sido. La tradato con sumo respeto. Ella no.,Una detenida se niega a identificarse a la Policía – Policías en Acción,laSexta,2016-07-21 19:30:01+00:00,2016,inmigracion
KMpZLaVkxSo,@dragonstorm9249,2019-03-09 22:07:11+00:00,70,"Esta pava ha hecho un Neymar, total ‼️",Una detenida se niega a identificarse a la Policía – Policías en Acción,laSexta,2016-07-21 19:30:01+00:00,2016,inmigracion
KMpZLaVkxSo,@silviagarcia2114,2019-06-27 03:43:40+00:00,65,"Asi deberia de ser la autoridad en México, pero aca le pones una mano encima al delincuente y vas preso
Bien por este policia",Una detenida se niega a identificarse a la Policía – Policías en Acción,laSexta,2016-07-21 19:30:01+00:00,2016,inmigracion
KMpZLaVkxSo,@FioreCoffee2011,2021-09-12 18:49:54+00:00,41,"Policia ejecuto' perfecto...respeto, solicitud, explicación, respuesta a agresion, y finish.",Una detenida se niega a identificarse a la Policía – Policías en Acción,laSexta,2016-07-21 19:30:01+00:00,2016,inmigracion
KMpZLaVkxSo,@Nestinino,2016-08-29 20:49:27+00:00,459,"Se lo tiene merecido, cuando un policía te pide la identificación se la das sin vacilar. ¿Qué crees? ¿Que por ser mujer eres intocable? Un policía no tiene todo el día para que le den la identificación, un poco de respeto.",Una detenida se niega a identificarse a la Policía – Policías en Acción,laSexta,2016-07-21 19:30:01+00:00,2016,inmigracion
KMpZLaVkxSo,@AA-th4ur,2020-04-27 14:55:10+00:00,116,Bien hecho! Felicito a la policía. Así es que debe ser. La autoridad hay que respetarla. A pesar de todo pienso que la policía se porta muy bien y es muy paciente con las tonterías que hace la mayoría de las personas.,Una detenida se niega a identificarse a la Policía – Policías en Acción,laSexta,2016-07-21 19:30:01+00:00,2016,inmigracion
KMpZLaVkxSo,@mikelayarra3180,2023-12-14 13:51:12+00:00,0,Buen profesional,Una detenida se niega a identificarse a la Policía – Policías en Acción,laSexta,2016-07-21 19:30:01+00:00,2016,inmigracion
KMpZLaVkxSo,@ManOneArmyBTf,2016-07-21 20:28:18+00:00,10,"la verdad que tenía que haber hecho eso antes, a ver si a la gente que va de ese palo se le quita ya la tonteria",Una detenida se niega a identificarse a la Policía – Policías en Acción,laSexta,2016-07-21 19:30:01+00:00,2016,inmigracion
KMpZLaVkxSo,@ossdamien1816,2021-02-07 03:52:16+00:00,41,CUANDO ACTIVAN EL ME DIVIERTE EN YOUTUBE ESTE VIDEO SE MERECE MILES JAJAJAA,Una detenida se niega a identificarse a la Policía – Policías en Acción,laSexta,2016-07-21 19:30:01+00:00,2016,inmigracion
KMpZLaVkxSo,@josejose3456,2020-06-15 20:17:48+00:00,64,Perfecto uso proporcional de la fuerza aplicado a medida sin excederse buen procedimiento,Una detenida se niega a identificarse a la Policía – Policías en Acción,laSexta,2016-07-21 19:30:01+00:00,2016,inmigracion
KMpZLaVkxSo,@HeribertoFernandezSanMar-sm5zy,2024-05-25 15:23:19+00:00,2,"Paciencia nivel Dios
Del Policía",Una detenida se niega a identificarse a la Policía – Policías en Acción,laSexta,2016-07-21 19:30:01+00:00,2016,inmigracion
KMpZLaVkxSo,@franciscomaroto3035,2018-06-24 11:06:48+00:00,44,La princesita pensaba que podía hacer y decir lo que le diera la gana. A un agente de la autoridad se le debe tratar con respeto.,Una detenida se niega a identificarse a la Policía – Policías en Acción,laSexta,2016-07-21 19:30:01+00:00,2016,inmigracion
KMpZLaVkxSo,@juanjomunoz9281,2021-11-20 16:21:42+00:00,21,"Me encanta cuando van de listos,  que  pena que cada día es más difícil el trabajo de la policía.",Una detenida se niega a identificarse a la Policía – Policías en Acción,laSexta,2016-07-21 19:30:01+00:00,2016,inmigracion
KMpZLaVkxSo,@fernandomercadomezcua7187,2019-06-17 13:47:19+00:00,51,bravo por la policia....todos mis respetos.,Una detenida se niega a identificarse a la Policía – Policías en Acción,laSexta,2016-07-21 19:30:01+00:00,2016,inmigracion
KMpZLaVkxSo,@Antho18911,2024-08-23 18:37:15+00:00,0,En cuanto calló al suelo se le terminó la chulería 😅😂,Una detenida se niega a identificarse a la Policía – Policías en Acción,laSexta,2016-07-21 19:30:01+00:00,2016,inmigracion
KMpZLaVkxSo,@andresrivers4015,2019-08-28 14:49:49+00:00,54,"2016 ....... Que buenos tiempos
En 2019 el poli hace eso y se le cae el pelo",Una detenida se niega a identificarse a la Policía – Policías en Acción,laSexta,2016-07-21 19:30:01+00:00,2016,inmigracion
KMpZLaVkxSo,@JoseSanchez-nj3rc,2020-03-11 13:38:58+00:00,10,"Jeje..que tipeja,mañana la veremos con una camiseta morada,manifestandose contra la basura en el mar y el cambio climático.",Una detenida se niega a identificarse a la Policía – Policías en Acción,laSexta,2016-07-21 19:30:01+00:00,2016,inmigracion
KMpZLaVkxSo,@johanneslatebloomer6350,2019-03-31 22:37:29+00:00,74,"Impecable . no me canso de verlo . aca en argentina si un poli hace eso lo muelen a palos . el reino del revez. Viva españa , la tierra de mis abuelos !",Una detenida se niega a identificarse a la Policía – Policías en Acción,laSexta,2016-07-21 19:30:01+00:00,2016,inmigracion
KMpZLaVkxSo,@pedrodelgadocontera3928,2024-07-12 19:39:28+00:00,2,"La policía te puede pedir documento cuando ve algo extraño y si no os gusta, os vais con Bukele",Una detenida se niega a identificarse a la Policía – Policías en Acción,laSexta,2016-07-21 19:30:01+00:00,2016,inmigracion
KMpZLaVkxSo,@alejandrolaos4980,2021-05-29 14:23:57+00:00,10,1:35 ATANGANAAAAAAAAA!!,Una detenida se niega a identificarse a la Policía – Policías en Acción,laSexta,2016-07-21 19:30:01+00:00,2016,inmigracion
KMpZLaVkxSo,@Diego2O11,2016-08-30 14:52:39+00:00,779,Queres igualdad de genero toma jajaja,Una detenida se niega a identificarse a la Policía – Policías en Acción,laSexta,2016-07-21 19:30:01+00:00,2016,inmigracion
KMpZLaVkxSo,@emmanuelromulo-nieto6343,2020-03-20 09:42:31+00:00,34,Envío un respetuoso y afectuoso saludo a la policía española. Mi completa admiración por hacer valer la ley. En México el policía teme del ciudadano.,Una detenida se niega a identificarse a la Policía – Policías en Acción,laSexta,2016-07-21 19:30:01+00:00,2016,inmigracion
KMpZLaVkxSo,@adrianfernandez2161,2023-10-02 18:57:06+00:00,1,Muy bien echo,Una detenida se niega a identificarse a la Policía – Policías en Acción,laSexta,2016-07-21 19:30:01+00:00,2016,inmigracion
KMpZLaVkxSo,@josemanuelcortesfernandez6297,2023-06-21 20:36:27+00:00,11,Un aplauso para ese agente 👏👏👏,Una detenida se niega a identificarse a la Policía – Policías en Acción,laSexta,2016-07-21 19:30:01+00:00,2016,inmigracion
KMpZLaVkxSo,@Rey-n4l,2024-03-02 04:43:31+00:00,0,Bien hecho,Una detenida se niega a identificarse a la Policía – Policías en Acción,laSexta,2016-07-21 19:30:01+00:00,2016,inmigracion
KMpZLaVkxSo,@kuatro4444,2024-10-24 08:44:36+00:00,0,Bien hecho,Una detenida se niega a identificarse a la Policía – Policías en Acción,laSexta,2016-07-21 19:30:01+00:00,2016,inmigracion
KMpZLaVkxSo,@JuanVasquez-oy9vc,2020-07-10 02:39:39+00:00,14,Así se ase policía lo felicito lo felicito excelente así se actúa waoooo MANTENER EL ORDEN EXCELENTE,Una detenida se niega a identificarse a la Policía – Policías en Acción,laSexta,2016-07-21 19:30:01+00:00,2016,inmigracion
KMpZLaVkxSo,@Frankb932,2019-03-13 20:37:18+00:00,20,Ojala la policia fuera asi aca en Argentina,Una detenida se niega a identificarse a la Policía – Policías en Acción,laSexta,2016-07-21 19:30:01+00:00,2016,inmigracion
KMpZLaVkxSo,@j41r08,2019-06-14 20:28:31+00:00,50,"Muy buena actitud por parte del Policía, muy buen policía si señor 👍",Una detenida se niega a identificarse a la Policía – Policías en Acción,laSexta,2016-07-21 19:30:01+00:00,2016,inmigracion
KMpZLaVkxSo,@manuelgutierrez2040,2024-08-13 15:22:50+00:00,1,"ME DA LA DOCUMENTACIÓN YA A ME LA, PUEDE DAR X FAVOR 😂",Una detenida se niega a identificarse a la Policía – Policías en Acción,laSexta,2016-07-21 19:30:01+00:00,2016,inmigracion
KMpZLaVkxSo,@jpenak6,2019-07-28 20:53:14+00:00,86,"""Tú... qué votas??? al PP????""
jajajajajajajaja
No tienes huevos en decir ante un Policía en USA eso... Estulta!",Una detenida se niega a identificarse a la Policía – Policías en Acción,laSexta,2016-07-21 19:30:01+00:00,2016,inmigracion
KMpZLaVkxSo,@abrahamhernandez2898,2016-08-29 22:28:00+00:00,187,"Yo la verdad no entiendo a los que defendéis a la chica. La sanción está bien puesta y punto, con la ley en la mano es ilegal beber en la calle. Luego no te identificas ante un agente de la ley, y por último lo agredes. Y encima pretenderéis que le den un aplauso a la niñata.",Una detenida se niega a identificarse a la Policía – Policías en Acción,laSexta,2016-07-21 19:30:01+00:00,2016,inmigracion
KMpZLaVkxSo,@delorean1977,2017-06-20 13:11:16+00:00,46,Hahaha...muy bien hecho! un ole al Policia!,Una detenida se niega a identificarse a la Policía – Policías en Acción,laSexta,2016-07-21 19:30:01+00:00,2016,inmigracion
KMpZLaVkxSo,@flor.mgonzalez4289,2023-07-27 16:42:14+00:00,0,Por lista,Una detenida se niega a identificarse a la Policía – Policías en Acción,laSexta,2016-07-21 19:30:01+00:00,2016,inmigracion
KMpZLaVkxSo,@leodavinche28,2019-09-29 21:55:39+00:00,10,1:35 Si !! Excelente !!,Una detenida se niega a identificarse a la Policía – Policías en Acción,laSexta,2016-07-21 19:30:01+00:00,2016,inmigracion
KMpZLaVkxSo,@156motos,2022-03-30 21:26:30+00:00,29,"No me canso de ver este video, el excelente trabajo de ese policia!!",Una detenida se niega a identificarse a la Policía – Policías en Acción,laSexta,2016-07-21 19:30:01+00:00,2016,inmigracion
KMpZLaVkxSo,@mikelgames.m5804,2020-09-06 09:35:35+00:00,154,"Se lo merece, por  cuadrada.",Una detenida se niega a identificarse a la Policía – Policías en Acción,laSexta,2016-07-21 19:30:01+00:00,2016,inmigracion
KMpZLaVkxSo,@javiergil2335,2024-12-29 00:31:36+00:00,0,"Año 2025: ""señorita, me deja su documentación por favor...""",Una detenida se niega a identificarse a la Policía – Policías en Acción,laSexta,2016-07-21 19:30:01+00:00,2016,inmigracion
KMpZLaVkxSo,@julianandresjimenezreal8884,2020-12-30 05:29:59+00:00,69,1:34 bienvenida al gulag que desea señorita,Una detenida se niega a identificarse a la Policía – Policías en Acción,laSexta,2016-07-21 19:30:01+00:00,2016,inmigracion
KMpZLaVkxSo,@hichammm9265,2018-02-04 14:33:19+00:00,78,1:33 la tumbada ha sido buenísima.,Una detenida se niega a identificarse a la Policía – Policías en Acción,laSexta,2016-07-21 19:30:01+00:00,2016,inmigracion
KMpZLaVkxSo,@timeofplaying8432,2018-06-18 21:00:13+00:00,76,Demasiado cordial y educado ha sido el policía. Si te dicen que saques el dni lo sacas y a callar. Estas hablando con la autoridad ya esta bien de tontadas y buenismo,Una detenida se niega a identificarse a la Policía – Policías en Acción,laSexta,2016-07-21 19:30:01+00:00,2016,inmigracion
KMpZLaVkxSo,@virginiagarciacelis2407,2024-05-29 16:46:25+00:00,2,"Me encanta este policia.  yo le doy la documentacion. ,mi telefono y el horario de mi curro si quiere",Una detenida se niega a identificarse a la Policía – Policías en Acción,laSexta,2016-07-21 19:30:01+00:00,2016,inmigracion
KMpZLaVkxSo,@dulceguadalupesanchezgarci1931,2019-07-22 03:42:27+00:00,17,I love it when you call me señorita 🎵🎵🎶🎶,Una detenida se niega a identificarse a la Policía – Policías en Acción,laSexta,2016-07-21 19:30:01+00:00,2016,inmigracion
KMpZLaVkxSo,@Cocoyarena3290,2020-03-02 19:19:53+00:00,25,Que buena es la policia española. Es dura y firme. Me caen bien. Saludos desde Argentina,Una detenida se niega a identificarse a la Policía – Policías en Acción,laSexta,2016-07-21 19:30:01+00:00,2016,inmigracion
KMpZLaVkxSo,@joaquinalejandro2274,2019-11-30 15:00:47+00:00,32,"A mi y a unos amigos míos una vez unos policías nos pidieron que nos quitaramos los zapatos, que les dijeramos donde vivíamos y el DNI, yo hice todo sin ningún problema... Sé que es incómodo, pero más incómodo es lo que pasará si no haces lo que ellos dicen, uno de los amigos con los que estaba se puso chulo y a decirles cosas como por ejemplo ""ustedes a mi no me registren y no me toquen"" y le hicieron exactamente lo mismo que a la chica, en cambio a mí me dijeron ""usted puede irse caballero"", conclusión... EL NADA DEBE NADA TEME",Una detenida se niega a identificarse a la Policía – Policías en Acción,laSexta,2016-07-21 19:30:01+00:00,2016,inmigracion
KMpZLaVkxSo,@elvigilante2973,2023-10-07 09:23:00+00:00,0,De mis videos favoritos con diferencia xD,Una detenida se niega a identificarse a la Policía – Policías en Acción,laSexta,2016-07-21 19:30:01+00:00,2016,inmigracion
KMpZLaVkxSo,@luisapazoslopez4502,2020-11-02 01:31:50+00:00,10,Increíble! Qué paciencia tenéis!,Una detenida se niega a identificarse a la Policía – Policías en Acción,laSexta,2016-07-21 19:30:01+00:00,2016,inmigracion
KMpZLaVkxSo,@Investing4Ever,2020-10-03 10:19:38+00:00,16,Bravo. Bravo. Y bravo. Chapó por la actuación del policía. Y demasiada paciencia ante tal sujeto.,Una detenida se niega a identificarse a la Policía – Policías en Acción,laSexta,2016-07-21 19:30:01+00:00,2016,inmigracion
KMpZLaVkxSo,@JesusIOS7965Best,2020-02-20 19:22:08+00:00,14,"Estos son verdaderos Policías, ya quiero yo unos así en mi pais xD",Una detenida se niega a identificarse a la Policía – Policías en Acción,laSexta,2016-07-21 19:30:01+00:00,2016,inmigracion
KMpZLaVkxSo,@FranciscoGimenez-u5b,2025-10-06 16:21:58+00:00,0,Muy bien,Una detenida se niega a identificarse a la Policía – Policías en Acción,laSexta,2016-07-21 19:30:01+00:00,2016,inmigracion
KMpZLaVkxSo,@michaelcolombo8427,2021-02-20 02:32:43+00:00,180,"por cada like voy a escribir un ""señorita""

ahora no hay likes por lo cual no voy a poner nada xd",Una detenida se niega a identificarse a la Policía – Policías en Acción,laSexta,2016-07-21 19:30:01+00:00,2016,inmigracion
KMpZLaVkxSo,@dragonstorm9249,2021-06-16 22:33:52+00:00,64,"Es una situación que se hubiera resuelto sin problemas; le entregas la documentación al agente, la revisa e, incluso, si vas de buenas, la cosa hubiera podido quedar en un simple apercibimiento y, aunque te hubieran propuesto para sanción, la cosa queda ahí, en una sanción administrativa por beber en la vía pública y en paz. Pero, o bien por estar bajo los efectos del alcohol o por ir de lista te has buscado un arresto y cometer un delito. En USA o Rusia le hubieran dado dos ostias y, encima, presa.",Una detenida se niega a identificarse a la Policía – Policías en Acción,laSexta,2016-07-21 19:30:01+00:00,2016,inmigracion
KMpZLaVkxSo,@juancarlosfranco111,2020-05-05 09:38:17+00:00,71,El comportamiento de este policía me parece ejemplar. Todo un ejemplo de templanza y educacion.,Una detenida se niega a identificarse a la Policía – Policías en Acción,laSexta,2016-07-21 19:30:01+00:00,2016,inmigracion
KMpZLaVkxSo,@reysoto2374,2025-03-11 12:52:29+00:00,0,Bien echo,Una detenida se niega a identificarse a la Policía – Policías en Acción,laSexta,2016-07-21 19:30:01+00:00,2016,inmigracion
KMpZLaVkxSo,@rubenfernandezcampos8648,2019-07-18 18:31:37+00:00,12,"Pero qué haces, que soy muy chula y tengo derechos!!!!
🙄",Una detenida se niega a identificarse a la Policía – Policías en Acción,laSexta,2016-07-21 19:30:01+00:00,2016,inmigracion
KMpZLaVkxSo,@AdayGon89,2018-09-09 15:13:26+00:00,72,"Ahí bien hecho, por hacerse la víctima.",Una detenida se niega a identificarse a la Policía – Policías en Acción,laSexta,2016-07-21 19:30:01+00:00,2016,inmigracion
KMpZLaVkxSo,@claudio74,2018-03-06 01:08:33+00:00,12,1:09 buen piscinazo a lo neymar,Una detenida se niega a identificarse a la Policía – Policías en Acción,laSexta,2016-07-21 19:30:01+00:00,2016,inmigracion
KMpZLaVkxSo,@argentosudda6831,2024-07-07 21:09:50+00:00,0,Bien hecho!,Una detenida se niega a identificarse a la Policía – Policías en Acción,laSexta,2016-07-21 19:30:01+00:00,2016,inmigracion
KMpZLaVkxSo,@Dani_sw_,2020-10-07 22:22:36+00:00,26,Un dia estaba en un aprque con mis amigos la policia nos dijo que le enseñaramos lo que llevavamos en la riñonera y el dni se lo enseñe sin reprochar me dijo muy bien le dije adios y fin no uvo ni dolor ni sancion ni nada lo mejor tengo solo 14 años y ya tengo mas educacion que muchos adultos,Una detenida se niega a identificarse a la Policía – Policías en Acción,laSexta,2016-07-21 19:30:01+00:00,2016,inmigracion
KMpZLaVkxSo,@ominus8595,2021-09-24 20:39:19+00:00,29,"No entiendo porque a algunas personas le cuesta tanto dar el dni a un agente de policía , en vez de discutir sin ningún tipo de lógica lo mejor es dar la documentación y se acabo",Una detenida se niega a identificarse a la Policía – Policías en Acción,laSexta,2016-07-21 19:30:01+00:00,2016,inmigracion
KMpZLaVkxSo,@kevinth91,2018-03-14 17:35:46+00:00,21,"Me parece fantastica la autoridad en este video, cualquier hombre que se hubiera negado le habria pasado exatamente lo mismo,  esto es igualdad",Una detenida se niega a identificarse a la Policía – Policías en Acción,laSexta,2016-07-21 19:30:01+00:00,2016,inmigracion
KMpZLaVkxSo,@VozLPGC,2024-02-21 16:01:22+00:00,18,Esta Podemita subnor... como todas muy buena la actuación de la policía 💚💚💚💚,Una detenida se niega a identificarse a la Policía – Policías en Acción,laSexta,2016-07-21 19:30:01+00:00,2016,inmigracion
KMpZLaVkxSo,@vitygass,2019-03-01 09:36:04+00:00,47,"Buen y limpio trabajo, si señor",Una detenida se niega a identificarse a la Policía – Policías en Acción,laSexta,2016-07-21 19:30:01+00:00,2016,inmigracion
KMpZLaVkxSo,@jcarlos7668,2016-11-19 23:04:05+00:00,22,"TOOOOONTA, TOOOOOONTA, IDIOOOOOOTA...., esto dicho en plan cántico fútbolero.-",Una detenida se niega a identificarse a la Policía – Policías en Acción,laSexta,2016-07-21 19:30:01+00:00,2016,inmigracion
KMpZLaVkxSo,@fernandocastellano5497,2016-07-21 22:31:50+00:00,147,"En Estados Unidos ,y por como reacciona esa tipa cuando el policia le pide la documentación, y como dice el agente ""por razones de seguridad"", la hubiesen encañonado con el arma reglamentaria, al desconocer que pueda sacar del bolso. Habrá algunos policías que hacen uso del abuso de autoridad, pero este hombre......... demasiada paciencia tuvo. Si la gente se comporta normalmente, no tiene porqué tener problemas con la policía, ahora si vá de chul@.......pasa lo que pasa.",Una detenida se niega a identificarse a la Policía – Policías en Acción,laSexta,2016-07-21 19:30:01+00:00,2016,inmigracion
KMpZLaVkxSo,@Raul-nc1bm,2023-07-27 10:22:35+00:00,0,Muy buena intervención,Una detenida se niega a identificarse a la Policía – Policías en Acción,laSexta,2016-07-21 19:30:01+00:00,2016,inmigracion
KMpZLaVkxSo,@Antonio-24,2016-08-27 21:24:31+00:00,83,algunos ven a la policia como el enemigo,Una detenida se niega a identificarse a la Policía – Policías en Acción,laSexta,2016-07-21 19:30:01+00:00,2016,inmigracion
KMpZLaVkxSo,@sumanito9788,2020-12-26 22:48:37+00:00,29,Eso es lo que pasa cuando le pegas a un agente que comes suelo y vas detenido,Una detenida se niega a identificarse a la Policía – Policías en Acción,laSexta,2016-07-21 19:30:01+00:00,2016,inmigracion
KMpZLaVkxSo,@pablozumelzu345,2018-11-13 15:43:59+00:00,14,Bien echo,Una detenida se niega a identificarse a la Policía – Policías en Acción,laSexta,2016-07-21 19:30:01+00:00,2016,inmigracion
KMpZLaVkxSo,@RUQUIYAH-b8e,2026-01-26 14:28:49+00:00,0,**[[ BUEN TRABAJO,Una detenida se niega a identificarse a la Policía – Policías en Acción,laSexta,2016-07-21 19:30:01+00:00,2016,inmigracion
KMpZLaVkxSo,@Victorh300,2017-10-04 08:08:02+00:00,11,Si os dais cuenta se le cae la botella por que choca con el policia e iba borracha xDD,Una detenida se niega a identificarse a la Policía – Policías en Acción,laSexta,2016-07-21 19:30:01+00:00,2016,inmigracion
KMpZLaVkxSo,@atsles4888,2021-12-02 23:18:10+00:00,11,El policía fue muy respetuoso pero las personas se pasan,Una detenida se niega a identificarse a la Policía – Policías en Acción,laSexta,2016-07-21 19:30:01+00:00,2016,inmigracion
KMpZLaVkxSo,@daniyakalta9092,2016-07-26 10:12:31+00:00,10,"en estados unidos ya tendría tres balazos en el pecho, buena actuación del policia",Una detenida se niega a identificarse a la Policía – Policías en Acción,laSexta,2016-07-21 19:30:01+00:00,2016,inmigracion
KMpZLaVkxSo,@eduu1625,2023-09-18 06:13:26+00:00,0,buen procedimiento,Una detenida se niega a identificarse a la Policía – Policías en Acción,laSexta,2016-07-21 19:30:01+00:00,2016,inmigracion
KMpZLaVkxSo,@kanniwara,2022-12-05 20:14:16+00:00,14,CUANDO ME SIENTO TRISTE ACUDO SIEMPRE A ESTE VIDEO...,Una detenida se niega a identificarse a la Policía – Policías en Acción,laSexta,2016-07-21 19:30:01+00:00,2016,inmigracion
KMpZLaVkxSo,@user-cc7dq8gg8x,2021-09-04 21:27:59+00:00,11,"Un clasico que no me canso de ver. Señorita, señorita... Zas!!",Una detenida se niega a identificarse a la Policía – Policías en Acción,laSexta,2016-07-21 19:30:01+00:00,2016,inmigracion
KMpZLaVkxSo,@giulianamuroya1986,2018-03-06 03:44:51+00:00,28,Excelente!! A la proxima que la tiren de cara! BRAVO,Una detenida se niega a identificarse a la Policía – Policías en Acción,laSexta,2016-07-21 19:30:01+00:00,2016,inmigracion
KMpZLaVkxSo,@magdabenito1452,2023-10-13 17:49:15+00:00,0,Muy bien por lista,Una detenida se niega a identificarse a la Policía – Policías en Acción,laSexta,2016-07-21 19:30:01+00:00,2016,inmigracion
KMpZLaVkxSo,@CarlosAndres7,2022-06-24 14:55:42+00:00,30,Esta muy bien. Hay un grave problema de alcoholismo y además soberbia. Hay que tener claro que hay que respetar a la autoridad.,Una detenida se niega a identificarse a la Policía – Policías en Acción,laSexta,2016-07-21 19:30:01+00:00,2016,inmigracion
KMpZLaVkxSo,@eloyperea,2020-09-23 17:46:34+00:00,24,"Que hermoso actuar de ese uniformado, hay que algunos que son prepotentes pero no lo son todos, hay que saber hacer bien las cosas, con respeto te ganas a todos, y policías como esos se necesita aquí en Perú, lo malo de mi país es que han desautorizado a los policías, ojala algún día cambie eso.",Una detenida se niega a identificarse a la Policía – Policías en Acción,laSexta,2016-07-21 19:30:01+00:00,2016,inmigracion
KMpZLaVkxSo,@pajerofuriosov2.042,2019-12-11 15:40:49+00:00,54,Hy tenemos una intocable nueva especie hembrista,Una detenida se niega a identificarse a la Policía – Policías en Acción,laSexta,2016-07-21 19:30:01+00:00,2016,inmigracion
KMpZLaVkxSo,@Santiago-qr8du,2023-10-23 12:03:37+00:00,0,Solo espero que esto fuera un viernes por la noche y se comiera el finde en el calabozo por lista.,Una detenida se niega a identificarse a la Policía – Policías en Acción,laSexta,2016-07-21 19:30:01+00:00,2016,inmigracion
KMpZLaVkxSo,@FiR3xFRx,2016-08-31 18:31:53+00:00,133,"Eso a un chico es una buena actuación, y ha una mujer no porque es abuso o machismo, ¿No? Cuánta hipocresía...",Una detenida se niega a identificarse a la Policía – Policías en Acción,laSexta,2016-07-21 19:30:01+00:00,2016,inmigracion
KMpZLaVkxSo,@icona7591,2020-09-29 19:31:58+00:00,21,Un buen trabajo de ese policía.,Una detenida se niega a identificarse a la Policía – Policías en Acción,laSexta,2016-07-21 19:30:01+00:00,2016,inmigracion
KMpZLaVkxSo,@alexry7199,2018-08-29 12:27:03+00:00,14,De verdad.... lo que iba ser una sanción por beber en vía pública acaba en detención por pegar a un policía de verdad como empeora la gente las cosas... con lo fácil que es darle la documentación!!,Una detenida se niega a identificarse a la Policía – Policías en Acción,laSexta,2016-07-21 19:30:01+00:00,2016,inmigracion
KMpZLaVkxSo,@evam9526,2026-03-01 11:57:40+00:00,1,"Esa impertinente debería saber que: 
1. beber alcohol en publico - esta prohibido.
2. tirar botellas de cristal al suelo - es sancionable
3. no puedes acercarse a un agente de la policia en proceso de investigación - por razones de seguridad. 
4. hay que producir el documento de identidad cuando la policia te lo pide - no necesita repetirlo 10 veces, una es suficiente. 
5. No debes de pelearte con la policia - algo inmediatamente arrestable. 😂😂😂😂😂",Una detenida se niega a identificarse a la Policía – Policías en Acción,laSexta,2016-07-21 19:30:01+00:00,2016,inmigracion
KMpZLaVkxSo,@frederickgamer2612,2020-04-13 06:06:33+00:00,13,Por eso me encanta la policía de España la mayoría son comprensibles y honestos bueno eso e visto yo no se no vivo en España pero saben que se que arriba España XD,Una detenida se niega a identificarse a la Policía – Policías en Acción,laSexta,2016-07-21 19:30:01+00:00,2016,inmigracion
KMpZLaVkxSo,@JuanFelipe1980,2020-03-29 19:54:35+00:00,18,"Esta llegará sola y borracha a casa, que buen final de noche! 🤔",Una detenida se niega a identificarse a la Policía – Policías en Acción,laSexta,2016-07-21 19:30:01+00:00,2016,inmigracion
KMpZLaVkxSo,@pellebard2143,2021-02-08 16:29:04+00:00,12,"El hombre ha de estar diciendo-- 
con quién me casé.",Una detenida se niega a identificarse a la Policía – Policías en Acción,laSexta,2016-07-21 19:30:01+00:00,2016,inmigracion
KMpZLaVkxSo,@albertomarxan,2024-02-09 09:33:41+00:00,0,"Que máquina el policía, lo ha echo super bien su actuación. Ha mantenido la calma perfectamente, un gran policía!",Una detenida se niega a identificarse a la Policía – Policías en Acción,laSexta,2016-07-21 19:30:01+00:00,2016,inmigracion
KMpZLaVkxSo,@locurasincura6600,2020-04-20 16:58:34+00:00,40,Min 1:35.  O soto gari. 🙋‍♂️ ippon!,Una detenida se niega a identificarse a la Policía – Policías en Acción,laSexta,2016-07-21 19:30:01+00:00,2016,inmigracion
KMpZLaVkxSo,@lyly2d192,2021-05-12 16:54:25+00:00,29,"Típica perro flauta española xdd
""¿Tú que votas? ¿Al pp?""",Una detenida se niega a identificarse a la Policía – Policías en Acción,laSexta,2016-07-21 19:30:01+00:00,2016,inmigracion
KMpZLaVkxSo,@edgarramirezramirez4438,2019-08-06 22:42:56+00:00,23,"FELICIDADES A LA POLICIA DE ESPAÑA!! ESAS SI SON AUTORIDADES RESPETABLES
HOJALA EN TODO EL MUNDO HUBIERA ELEMENTOS ASÍ.",Una detenida se niega a identificarse a la Policía – Policías en Acción,laSexta,2016-07-21 19:30:01+00:00,2016,inmigracion
KMpZLaVkxSo,@Sigmamankp,2024-07-06 15:54:00+00:00,0,Más tranquilita ya señorita? Jajajajaj,Una detenida se niega a identificarse a la Policía – Policías en Acción,laSexta,2016-07-21 19:30:01+00:00,2016,inmigracion
KMpZLaVkxSo,@xsponjahx4297,2018-03-12 02:52:15+00:00,27,Y seguramente habrá gente que dirá que que vergüenza de policía tratando así a una mujer. Jajajajajaja poco le ha echo ya sea mujer u hombre se tiene que tratar igual. Bravo por la Policía Nacional.,Una detenida se niega a identificarse a la Policía – Policías en Acción,laSexta,2016-07-21 19:30:01+00:00,2016,inmigracion
KMpZLaVkxSo,@rf5317,2021-03-07 15:09:33+00:00,20,"Bien Casillas, así se actúa. Le dijo como 5 veces, dame tu identificación..y nada",Una detenida se niega a identificarse a la Policía – Policías en Acción,laSexta,2016-07-21 19:30:01+00:00,2016,inmigracion
KMpZLaVkxSo,@liptito1,2017-03-09 19:20:03+00:00,21,"Lo que ha conseguido con esa actitud esta chica es que ahora ya no se enfrenta a una sanción por lo de la botella, sino que además tiene que responder ante la acusación de no querer identificarse además de insultos hacia el policía y también enfrentamiento, posiblemente tendrá que reflexionarlo al menos entre 6 meses y 2 añitos en prisión o lo que dictamine el fiscal. Son faltas muy graves, nunca debemos enfrentarnos a la autoridad, la manera legal es después denunciar si lo cree conveniente y apelar la sanción pero tal vez le salga el tiro por la culata ya que no lleva razón, se ve claramente como el policía se lo pide repetidas veces y por favor y ella se pone en actitud chulesca y borde, en fin, mal asunto, la chica no ha dado buen ejemplo no de conducta ni de educación.",Una detenida se niega a identificarse a la Policía – Policías en Acción,laSexta,2016-07-21 19:30:01+00:00,2016,inmigracion
KMpZLaVkxSo,@angeelcv03,2024-10-13 03:31:56+00:00,0,que satisfactorio,Una detenida se niega a identificarse a la Policía – Policías en Acción,laSexta,2016-07-21 19:30:01+00:00,2016,inmigracion
KMpZLaVkxSo,@juanmoren8521,2021-02-24 04:34:39+00:00,12,"En Chile cuando sucede eso, la gente que esta alrededor empieza a clamar por  justicia, derechos humanos y cuanta pelotudes se les ocurre solo por que es mujer o simplemente por que se sienten con el poder y el derecho de pasarse por el culo la autoridad de alguien que hace su trabajo.",Una detenida se niega a identificarse a la Policía – Policías en Acción,laSexta,2016-07-21 19:30:01+00:00,2016,inmigracion
KMpZLaVkxSo,@moralesjc1930,2018-01-10 19:11:12+00:00,60,"Queremos policías así en México... acá les pegan a los policías y se van y todavía los puedes reportar de abuso, que irónico no!!
felicidades a los Españoles por su mando policial que hace bien su trabajo...",Una detenida se niega a identificarse a la Policía – Policías en Acción,laSexta,2016-07-21 19:30:01+00:00,2016,inmigracion
KMpZLaVkxSo,@jorgebarretoalamo3882,2018-05-31 00:06:18+00:00,13,Jajajajaj igualdad niñata,Una detenida se niega a identificarse a la Policía – Policías en Acción,laSexta,2016-07-21 19:30:01+00:00,2016,inmigracion
KMpZLaVkxSo,@andrescano4065,2025-02-27 12:56:23+00:00,0,DIOS QUÉ GOZADA DE VÍDEO MACHO,Una detenida se niega a identificarse a la Policía – Policías en Acción,laSexta,2016-07-21 19:30:01+00:00,2016,inmigracion
KMpZLaVkxSo,@jotadj7670,2020-11-13 20:02:10+00:00,16,"Muy bien, irrespeto a la autoridad, demasiada paciencia del agente",Una detenida se niega a identificarse a la Policía – Policías en Acción,laSexta,2016-07-21 19:30:01+00:00,2016,inmigracion
KMpZLaVkxSo,@homesanto,2019-06-20 20:41:23+00:00,24,"Así me gusta, igualdad de trato. Esta ""señorita"" está probando del amargo sabor de la realidad.",Una detenida se niega a identificarse a la Policía – Policías en Acción,laSexta,2016-07-21 19:30:01+00:00,2016,inmigracion
KMpZLaVkxSo,@andresparrenyo5143,2018-12-11 17:10:16+00:00,71,"0:18 ¿tu que votas al PP? ¿no? je,je je, que tiene que ver a quien votas para detenerte por no hacer caso a ubn agente de la autoridad.",Una detenida se niega a identificarse a la Policía – Policías en Acción,laSexta,2016-07-21 19:30:01+00:00,2016,inmigracion
KMpZLaVkxSo,@luisvaldiviaaramburu3566,2024-09-14 09:04:32+00:00,1,"He visto este vídeo varias veces . 😊 me encantan los finales felices . Ójala en Latinoamericana tuvieramos una Policia tan preparada,  llevo 30 años en España ,y cuando me han parado para que me identifique ,me identifico con educación y  con educación te responden. Viva la Policia Española y la Guardia Civil .",Una detenida se niega a identificarse a la Policía – Policías en Acción,laSexta,2016-07-21 19:30:01+00:00,2016,inmigracion
KMpZLaVkxSo,@bombonzrocks,2018-12-25 23:52:34+00:00,21,¡¡¡¡¡¡Bien hecho!!!!!!,Una detenida se niega a identificarse a la Policía – Policías en Acción,laSexta,2016-07-21 19:30:01+00:00,2016,inmigracion
KMpZLaVkxSo,@tonimartinez3602,2016-07-27 12:05:02+00:00,20,Ippon!,Una detenida se niega a identificarse a la Policía – Policías en Acción,laSexta,2016-07-21 19:30:01+00:00,2016,inmigracion
KMpZLaVkxSo,@javiermoreira4876,2019-08-30 16:23:38+00:00,11,"Aca en uruguay si no le das la documentacion o dni te tiran al piso en 10 segundos ,este policia tuvo mucha paciencia, demasiada charla jaja",Una detenida se niega a identificarse a la Policía – Policías en Acción,laSexta,2016-07-21 19:30:01+00:00,2016,inmigracion
KMpZLaVkxSo,@StefanoCamodeca,2025-01-28 13:03:54+00:00,0,Benissimo,Una detenida se niega a identificarse a la Policía – Policías en Acción,laSexta,2016-07-21 19:30:01+00:00,2016,inmigracion
KMpZLaVkxSo,@pedromr36,2020-06-14 14:43:06+00:00,58,"Venga señorita espero que sus padres te enseñen a respetar la ley,menudas colgadas hay en el mundo.Lo mejor es tu votas al PP  jajajajajajajja😂😂😂",Una detenida se niega a identificarse a la Policía – Policías en Acción,laSexta,2016-07-21 19:30:01+00:00,2016,inmigracion
KMpZLaVkxSo,@rohirrin8801,2023-01-09 11:14:48+00:00,10,Más policías como este 👏👏👏,Una detenida se niega a identificarse a la Policía – Policías en Acción,laSexta,2016-07-21 19:30:01+00:00,2016,inmigracion
KMpZLaVkxSo,@javierdiaz2906,2019-04-21 22:45:19+00:00,16,"En mi  país un policía no pude tocar (someterla) a una mujer son reglas,pero me agrado ver como si ay autoridad en este caso así debe de ser.",Una detenida se niega a identificarse a la Policía – Policías en Acción,laSexta,2016-07-21 19:30:01+00:00,2016,inmigracion
KMpZLaVkxSo,@miguelbarrigabueno2397,2024-06-09 09:52:09+00:00,2,"Grande Policia Nacional,que no  se pierda el.principio de Autoridad.",Una detenida se niega a identificarse a la Policía – Policías en Acción,laSexta,2016-07-21 19:30:01+00:00,2016,inmigracion
KMpZLaVkxSo,@paum8229,2018-08-19 00:42:36+00:00,16,"Muy bien la policía! Hay que respetar la autoridad, y las normas que por algo están",Una detenida se niega a identificarse a la Policía – Policías en Acción,laSexta,2016-07-21 19:30:01+00:00,2016,inmigracion
KMpZLaVkxSo,@ArtesmarcialesJKD,2018-03-26 00:29:28+00:00,24,P.E.R.F.E.C.T.O .... Excepto lo de señorita.,Una detenida se niega a identificarse a la Policía – Policías en Acción,laSexta,2016-07-21 19:30:01+00:00,2016,inmigracion
KMpZLaVkxSo,@davidorgyyy,2019-07-11 12:26:24+00:00,13,"Exelente reacción del policía ,un ejemplo",Una detenida se niega a identificarse a la Policía – Policías en Acción,laSexta,2016-07-21 19:30:01+00:00,2016,inmigracion
KMpZLaVkxSo,@demetrio47,2025-12-08 12:19:43+00:00,1,Mucho tardaron en ponerle los grilletes,Una detenida se niega a identificarse a la Policía – Policías en Acción,laSexta,2016-07-21 19:30:01+00:00,2016,inmigracion
KMpZLaVkxSo,@cesarsantoyo9090,2021-02-24 23:36:27+00:00,22,Felicitaciones a la Policía Española  Así debe actuar la Policía Nacional Peruana. Acá no apoyan a la Policía Nacional si hacen eso los enjuician,Una detenida se niega a identificarse a la Policía – Policías en Acción,laSexta,2016-07-21 19:30:01+00:00,2016,inmigracion
KMpZLaVkxSo,@mustafaibn6089,2018-09-04 14:43:17+00:00,39,El mejor policia del mundo es policia espanla son muy educados siempre hablan contego con respeto .pero s aces chulo normal tienen que acer sus trabajo,Una detenida se niega a identificarse a la Policía – Policías en Acción,laSexta,2016-07-21 19:30:01+00:00,2016,inmigracion
KMpZLaVkxSo,@MusicLabSession,2017-12-30 07:43:20+00:00,12,Que delicia ojala en mi pais los policias pudieran hacer esto!,Una detenida se niega a identificarse a la Policía – Policías en Acción,laSexta,2016-07-21 19:30:01+00:00,2016,inmigracion
KMpZLaVkxSo,@manuelinfante6492,2023-07-29 03:26:21+00:00,1,"Un chochete PSOE, seguro.😂",Una detenida se niega a identificarse a la Policía – Policías en Acción,laSexta,2016-07-21 19:30:01+00:00,2016,inmigracion
KMpZLaVkxSo,@alcatrazyt7372,2019-06-08 10:48:31+00:00,36,se hizo la vistima :v,Una detenida se niega a identificarse a la Policía – Policías en Acción,laSexta,2016-07-21 19:30:01+00:00,2016,inmigracion
KMpZLaVkxSo,@jeanmarcoramirez9069,2017-09-20 01:37:15+00:00,31,Venga asi es igualdad de genero,Una detenida se niega a identificarse a la Policía – Policías en Acción,laSexta,2016-07-21 19:30:01+00:00,2016,inmigracion
KMpZLaVkxSo,@chochobello1938,2019-06-25 09:07:26+00:00,11,Excelente trabajo policial 👏👏👏,Una detenida se niega a identificarse a la Policía – Policías en Acción,laSexta,2016-07-21 19:30:01+00:00,2016,inmigracion
KMpZLaVkxSo,@esquizos194,2024-01-18 21:17:42+00:00,0,Me has tirado tú 😂💫,Una detenida se niega a identificarse a la Policía – Policías en Acción,laSexta,2016-07-21 19:30:01+00:00,2016,inmigracion
KMpZLaVkxSo,@GERARDO77ZR,2023-09-11 18:09:46+00:00,11,Muy bien el policía.  Es un héroe sin capa,Una detenida se niega a identificarse a la Policía – Policías en Acción,laSexta,2016-07-21 19:30:01+00:00,2016,inmigracion
KMpZLaVkxSo,@eduardorodriguez-cobacho3811,2020-05-07 02:58:37+00:00,11,"Yo pediría el VAR, hay contacto, ligero, pero lo hay. PENALTI clarísimo",Una detenida se niega a identificarse a la Policía – Policías en Acción,laSexta,2016-07-21 19:30:01+00:00,2016,inmigracion
KMpZLaVkxSo,@ElBlancoES,2019-01-05 03:39:41+00:00,21,Se piensa que manda más que el policía o que cojones le pasa?,Una detenida se niega a identificarse a la Policía – Policías en Acción,laSexta,2016-07-21 19:30:01+00:00,2016,inmigracion
KMpZLaVkxSo,@chicco68,2024-11-12 17:52:00+00:00,0,Giusto,Una detenida se niega a identificarse a la Policía – Policías en Acción,laSexta,2016-07-21 19:30:01+00:00,2016,inmigracion
KMpZLaVkxSo,@javiermariagarcia4608,2023-02-28 08:07:10+00:00,14,La culpa ha sido de ella por faltar el respeto a la autoridad.,Una detenida se niega a identificarse a la Policía – Policías en Acción,laSexta,2016-07-21 19:30:01+00:00,2016,inmigracion
KMpZLaVkxSo,@alejandro0579,2020-10-02 20:49:09+00:00,40,Votante de PP 1- votante de Podemos 0,Una detenida se niega a identificarse a la Policía – Policías en Acción,laSexta,2016-07-21 19:30:01+00:00,2016,inmigracion
KMpZLaVkxSo,@flashbodie1,2019-05-02 00:23:28+00:00,17,"1:32 no era necesario eso.......






No se crean, si era.",Una detenida se niega a identificarse a la Policía – Policías en Acción,laSexta,2016-07-21 19:30:01+00:00,2016,inmigracion
KMpZLaVkxSo,@LionelMessi-ct7tu,2023-11-16 21:18:28+00:00,0,Phahahaha she took the pavement challenge because of her attitude 😂,Una detenida se niega a identificarse a la Policía – Policías en Acción,laSexta,2016-07-21 19:30:01+00:00,2016,inmigracion
KMpZLaVkxSo,@corazondeminero1800,2025-01-08 08:00:28+00:00,0,Policía Rambo jjajajaja,Una detenida se niega a identificarse a la Policía – Policías en Acción,laSexta,2016-07-21 19:30:01+00:00,2016,inmigracion
KMpZLaVkxSo,@Mario-ph7eh,2025-01-19 10:19:54+00:00,0,Pero por qué tengo que identificarme yo en público ante nadie sin haber hecho nada🤣,Una detenida se niega a identificarse a la Policía – Policías en Acción,laSexta,2016-07-21 19:30:01+00:00,2016,inmigracion
KMpZLaVkxSo,@jess_dl87,2024-01-24 18:57:26+00:00,0,Que lindo,Una detenida se niega a identificarse a la Policía – Policías en Acción,laSexta,2016-07-21 19:30:01+00:00,2016,inmigracion
KMpZLaVkxSo,@yomismoyomismo6201,2025-11-15 05:46:35+00:00,0,Qué paciencia hay que tener!! Jaja,Una detenida se niega a identificarse a la Policía – Policías en Acción,laSexta,2016-07-21 19:30:01+00:00,2016,inmigracion
KMpZLaVkxSo,@user-os1wc5ff8w,2023-10-22 21:11:39+00:00,0,👏🏻👏🏻👏🏻,Una detenida se niega a identificarse a la Policía – Policías en Acción,laSexta,2016-07-21 19:30:01+00:00,2016,inmigracion
KMpZLaVkxSo,@ivanaguilera5008,2024-02-02 21:15:04+00:00,0,Bién,Una detenida se niega a identificarse a la Policía – Policías en Acción,laSexta,2016-07-21 19:30:01+00:00,2016,inmigracion
KMpZLaVkxSo,@evam9526,2026-03-01 12:02:44+00:00,0,"Señorita, esta usted arrestada - se respeta a un agente de la ley. 😂",Una detenida se niega a identificarse a la Policía – Policías en Acción,laSexta,2016-07-21 19:30:01+00:00,2016,inmigracion
KMpZLaVkxSo,@Juanyeva,2023-08-27 21:20:57+00:00,18,"bien por el policía,  educado y cansado ya de la señorita,  más policía como este hombre ❤",Una detenida se niega a identificarse a la Policía – Policías en Acción,laSexta,2016-07-21 19:30:01+00:00,2016,inmigracion
KMpZLaVkxSo,@josi4311,2023-10-07 20:08:14+00:00,0,Mano dura si señor💪🏼💪🏼💪🏼,Una detenida se niega a identificarse a la Policía – Policías en Acción,laSexta,2016-07-21 19:30:01+00:00,2016,inmigracion
KMpZLaVkxSo,@erikglezp,2024-06-15 10:32:54+00:00,0,Buen ippon!!!,Una detenida se niega a identificarse a la Policía – Policías en Acción,laSexta,2016-07-21 19:30:01+00:00,2016,inmigracion
KMpZLaVkxSo,@leekevinhoemedinaramos907,2024-11-06 00:58:29+00:00,0,me dio tanto gusto como cayó la tipa jajajajaja,Una detenida se niega a identificarse a la Policía – Policías en Acción,laSexta,2016-07-21 19:30:01+00:00,2016,inmigracion
KMpZLaVkxSo,@vordem9vordem940,2023-10-30 18:25:36+00:00,0,Bien,Una detenida se niega a identificarse a la Policía – Policías en Acción,laSexta,2016-07-21 19:30:01+00:00,2016,inmigracion
KMpZLaVkxSo,@atalalaliyo,2025-01-09 14:06:53+00:00,0,Demasiada paciencia tuvo el agente...,Una detenida se niega a identificarse a la Policía – Policías en Acción,laSexta,2016-07-21 19:30:01+00:00,2016,inmigracion
KMpZLaVkxSo,@marlenelucke9253,2024-01-01 16:31:53+00:00,0,❤❤❤❤❤❤,Una detenida se niega a identificarse a la Policía – Policías en Acción,laSexta,2016-07-21 19:30:01+00:00,2016,inmigracion
KMpZLaVkxSo,@duniamarialopez,2025-03-19 17:42:49+00:00,0,Menudo flipado 😂,Una detenida se niega a identificarse a la Policía – Policías en Acción,laSexta,2016-07-21 19:30:01+00:00,2016,inmigracion
KMpZLaVkxSo,@joseferrer3287,2023-08-04 23:30:00+00:00,0,señoita..... la documentasion señoita......,Una detenida se niega a identificarse a la Policía – Policías en Acción,laSexta,2016-07-21 19:30:01+00:00,2016,inmigracion
KMpZLaVkxSo,@miguescolta,2024-06-21 22:19:17+00:00,1,La señorita sigue buscando la documentación,Una detenida se niega a identificarse a la Policía – Policías en Acción,laSexta,2016-07-21 19:30:01+00:00,2016,inmigracion
KMpZLaVkxSo,@vilchezz4,2025-07-10 18:42:45+00:00,1,buena intervención,Una detenida se niega a identificarse a la Policía – Policías en Acción,laSexta,2016-07-21 19:30:01+00:00,2016,inmigracion
KMpZLaVkxSo,@kisschiquita96,2025-12-01 18:22:45+00:00,1,"Pues el policía fue impecable, profesional y proporcional.",Una detenida se niega a identificarse a la Policía – Policías en Acción,laSexta,2016-07-21 19:30:01+00:00,2016,inmigracion
KMpZLaVkxSo,@luismora9572,2025-05-06 20:07:17+00:00,0,"Hale, otro día vuelves a por más.....😂😂😂😂😂",Una detenida se niega a identificarse a la Policía – Policías en Acción,laSexta,2016-07-21 19:30:01+00:00,2016,inmigracion
KMpZLaVkxSo,@CR75CHAMPIONS,2025-08-29 16:07:31+00:00,0,Le ha avisado muchas veces👌,Una detenida se niega a identificarse a la Policía – Policías en Acción,laSexta,2016-07-21 19:30:01+00:00,2016,inmigracion
KMpZLaVkxSo,@guill266,2024-09-18 02:23:14+00:00,0,PER-FEC-TO,Una detenida se niega a identificarse a la Policía – Policías en Acción,laSexta,2016-07-21 19:30:01+00:00,2016,inmigracion
KMpZLaVkxSo,@fabiomancini3903,2023-07-27 21:28:32+00:00,0,👏👏👏👏,Una detenida se niega a identificarse a la Policía – Policías en Acción,laSexta,2016-07-21 19:30:01+00:00,2016,inmigracion
KMpZLaVkxSo,@AnaToro-q8u,2024-03-14 23:48:25+00:00,0,merecido,Una detenida se niega a identificarse a la Policía – Policías en Acción,laSexta,2016-07-21 19:30:01+00:00,2016,inmigracion
KMpZLaVkxSo,@damianobonin2589,2023-08-23 19:14:00+00:00,0,"Me gusta, me gusta!!!!!😂",Una detenida se niega a identificarse a la Policía – Policías en Acción,laSexta,2016-07-21 19:30:01+00:00,2016,inmigracion
KMpZLaVkxSo,@chapichapi6300,2025-02-14 07:03:07+00:00,0,Cuanto mas veo este video más me gusta,Una detenida se niega a identificarse a la Policía – Policías en Acción,laSexta,2016-07-21 19:30:01+00:00,2016,inmigracion
KMpZLaVkxSo,@thebrother987,2026-07-12 15:28:37+00:00,0,"Menuda ANORMAL, un gran profesional ese policía, si señor.",Una detenida se niega a identificarse a la Policía – Policías en Acción,laSexta,2016-07-21 19:30:01+00:00,2016,inmigracion
KMpZLaVkxSo,@DimitryGorvachov,2024-07-12 17:00:13+00:00,1,"Como décimos en México,,,,te aviso dos veces,,,a la tercera no hay aviso,,,💪👊👊",Una detenida se niega a identificarse a la Policía – Policías en Acción,laSexta,2016-07-21 19:30:01+00:00,2016,inmigracion
KMpZLaVkxSo,@beatrizramirezrobles45,2024-02-02 14:19:04+00:00,1,"Valores 0 respeto 0 muy bien señor agente el que no sabe estar en sociedad palante asi con toda la chusma que cada día hay más Bravo,educate y respeta para que te respeten✌️",Una detenida se niega a identificarse a la Policía – Policías en Acción,laSexta,2016-07-21 19:30:01+00:00,2016,inmigracion
KMpZLaVkxSo,@enricbalearic,2024-10-02 15:17:05+00:00,0,Que buenas patillas jamonero que me lleva el madero😂😂,Una detenida se niega a identificarse a la Policía – Policías en Acción,laSexta,2016-07-21 19:30:01+00:00,2016,inmigracion
KMpZLaVkxSo,@trenes517,2025-07-11 21:47:10+00:00,1,Un buen porrazo y ya veras como aprende,Una detenida se niega a identificarse a la Policía – Policías en Acción,laSexta,2016-07-21 19:30:01+00:00,2016,inmigracion
KMpZLaVkxSo,@Galvanzito27,2024-09-03 22:13:08+00:00,0,Era Tiempo Ver Un Oficial Q Se Da A Respetar 🍷🗿,Una detenida se niega a identificarse a la Policía – Policías en Acción,laSexta,2016-07-21 19:30:01+00:00,2016,inmigracion
KMpZLaVkxSo,@maximilianohubacek2891,2023-11-17 15:29:34+00:00,0,Jjajajaja😂..bien hecho...!,Una detenida se niega a identificarse a la Policía – Policías en Acción,laSexta,2016-07-21 19:30:01+00:00,2016,inmigracion
KMpZLaVkxSo,@mcuen6220,2023-09-27 13:59:13+00:00,0,"Suave en las formas, contundente en el fondo",Una detenida se niega a identificarse a la Policía – Policías en Acción,laSexta,2016-07-21 19:30:01+00:00,2016,inmigracion
KMpZLaVkxSo,@niko-hp5ye,2023-11-07 12:24:16+00:00,0,Spettacoloooooooo😂😂😂😂😂😂😂,Una detenida se niega a identificarse a la Policía – Policías en Acción,laSexta,2016-07-21 19:30:01+00:00,2016,inmigracion
KMpZLaVkxSo,@leondfuego9580,2023-11-13 03:56:47+00:00,1,ese señor si que es un buen Policia...,Una detenida se niega a identificarse a la Policía – Policías en Acción,laSexta,2016-07-21 19:30:01+00:00,2016,inmigracion
KMpZLaVkxSo,@santiagoarranz3044,2024-02-17 20:54:15+00:00,1,Muy bien por chula,Una detenida se niega a identificarse a la Policía – Policías en Acción,laSexta,2016-07-21 19:30:01+00:00,2016,inmigracion
KMpZLaVkxSo,@jurajpapez,2024-05-01 08:10:52+00:00,0,👍👍👍,Una detenida se niega a identificarse a la Policía – Policías en Acción,laSexta,2016-07-21 19:30:01+00:00,2016,inmigracion
KMpZLaVkxSo,@algar2367,2024-08-24 19:02:27+00:00,0,"a esta, soy yo el policia y se queda sin dientes",Una detenida se niega a identificarse a la Policía – Policías en Acción,laSexta,2016-07-21 19:30:01+00:00,2016,inmigracion
KMpZLaVkxSo,@Toni1990-dm9yu,2024-04-04 12:23:25+00:00,1,"Jajaja qué vergüenza de cuerpo de policía, no pueden ni con una chica, tiene que acudir los compañeros jajajajaja",Una detenida se niega a identificarse a la Policía – Policías en Acción,laSexta,2016-07-21 19:30:01+00:00,2016,inmigracion
KMpZLaVkxSo,@danielvidalperez8565,2024-07-02 21:58:08+00:00,0,A la otra vuelves 😂señorita 😂😂,Una detenida se niega a identificarse a la Policía – Policías en Acción,laSexta,2016-07-21 19:30:01+00:00,2016,inmigracion
KMpZLaVkxSo,@jon1022,2025-01-22 09:09:03+00:00,2,"Un trato correcto y esmerado con la señorita y actuación congruente y proporcional, muy bien por ese policia. Valioso profesional!!!!❤",Una detenida se niega a identificarse a la Policía – Policías en Acción,laSexta,2016-07-21 19:30:01+00:00,2016,inmigracion
KMpZLaVkxSo,@POL577,2026-02-25 08:35:25+00:00,1,Un par de hostias a tiempo evitan muchas situaciones desagradables en un futuro.,Una detenida se niega a identificarse a la Policía – Policías en Acción,laSexta,2016-07-21 19:30:01+00:00,2016,inmigracion
KMpZLaVkxSo,@ZorroBravo,2023-09-15 18:12:39+00:00,0,"¡Se ocupó de la mujer, una verdadera heroína y oficial!",Una detenida se niega a identificarse a la Policía – Policías en Acción,laSexta,2016-07-21 19:30:01+00:00,2016,inmigracion
KMpZLaVkxSo,@Elezeta-421,2024-11-24 22:51:37+00:00,0,Se junto la mala copa con el mala porra 😂,Una detenida se niega a identificarse a la Policía – Policías en Acción,laSexta,2016-07-21 19:30:01+00:00,2016,inmigracion
KMpZLaVkxSo,@Bibiy9212,2024-05-24 23:29:35+00:00,0,"Qué buenoo, me encantó como cayó como costal de papas",Una detenida se niega a identificarse a la Policía – Policías en Acción,laSexta,2016-07-21 19:30:01+00:00,2016,inmigracion
KMpZLaVkxSo,@SamuelMMT,2024-12-20 04:40:13+00:00,0,Me encanta 😂😂😂❤❤VIVA ESPAÑA OLÉ,Una detenida se niega a identificarse a la Policía – Policías en Acción,laSexta,2016-07-21 19:30:01+00:00,2016,inmigracion
KMpZLaVkxSo,@fibonachi4127,2024-02-04 08:24:26+00:00,2,"Moraleja: donde hay polis nerviosos, mejor ni acercarse.... A decir verdad, de inicio a la chica solo se le cae accidentalmente la botella... Luego por esa tontería se escala todo y termina mal. La verdad que el poli fue de inicio correcto, pero armar eso por la botella rota, pues no se que decirte...",Una detenida se niega a identificarse a la Policía – Policías en Acción,laSexta,2016-07-21 19:30:01+00:00,2016,inmigracion
KMpZLaVkxSo,@juanacarlosmat,2025-10-16 18:55:32+00:00,1,",Agente perfecto en toda y cada una de sus acciones, lo malo de esa iluminada no respetar los cuerpos de seguridad ,el agente fue claro respetuoso educado ,si vacilas es lo que hay , el no quería este altercado , pero el que siembra malas hierbas recoge , gracias por tener los cuerpos de seguridad que tenemos toda envidia global ♥️🇪🇸♥️",Una detenida se niega a identificarse a la Policía – Policías en Acción,laSexta,2016-07-21 19:30:01+00:00,2016,inmigracion
KMpZLaVkxSo,@gasdsolis9273,2024-01-30 00:42:36+00:00,0,👍👍👍👍👍👍,Una detenida se niega a identificarse a la Policía – Policías en Acción,laSexta,2016-07-21 19:30:01+00:00,2016,inmigracion
KMpZLaVkxSo,@raulalcaraz3974,2024-02-10 00:36:42+00:00,0,Muy bien hecho por el policía. Felicitaciones,Una detenida se niega a identificarse a la Policía – Policías en Acción,laSexta,2016-07-21 19:30:01+00:00,2016,inmigracion
KMpZLaVkxSo,@kodemax,2024-10-25 09:44:23+00:00,0,"El ejemplo claro de como complicarse la noche tontamente, OSOTO GARI de manual, preciosa la caida y noche calentita en el calabozo. Ahora vas de lista.",Una detenida se niega a identificarse a la Policía – Policías en Acción,laSexta,2016-07-21 19:30:01+00:00,2016,inmigracion
KMpZLaVkxSo,@cristianserret4190,2024-02-25 13:41:52+00:00,0,Como puedes cagarla tanto😂,Una detenida se niega a identificarse a la Policía – Policías en Acción,laSexta,2016-07-21 19:30:01+00:00,2016,inmigracion
KMpZLaVkxSo,@AlejandroRuiz-zm6uz,2025-01-23 12:33:38+00:00,1,Merecido,Una detenida se niega a identificarse a la Policía – Policías en Acción,laSexta,2016-07-21 19:30:01+00:00,2016,inmigracion
KMpZLaVkxSo,@vuelo_605,2024-02-02 06:47:10+00:00,1,Al final qué le paso a la agresira?,Una detenida se niega a identificarse a la Policía – Policías en Acción,laSexta,2016-07-21 19:30:01+00:00,2016,inmigracion
KMpZLaVkxSo,@carlosturiel4364,2024-07-23 19:04:03+00:00,1,Por qué le oregunta que si vota al PP. 😂😂 Pues no. Son las frutitas de Marlaska. Asi que recibe tu propia medicina.,Una detenida se niega a identificarse a la Policía – Policías en Acción,laSexta,2016-07-21 19:30:01+00:00,2016,inmigracion
KMpZLaVkxSo,@rodolfosilva2334,2025-03-02 19:11:55+00:00,0,Merecido,Una detenida se niega a identificarse a la Policía – Policías en Acción,laSexta,2016-07-21 19:30:01+00:00,2016,inmigracion
KMpZLaVkxSo,@laerteoliveira6147,2024-07-15 20:24:09+00:00,0,👏🏻👏🏻👏🏻👏🏻👏🏻👏🏻👏🏻👏🏻👏🏻👏🏻👏🏻👏🏻,Una detenida se niega a identificarse a la Policía – Policías en Acción,laSexta,2016-07-21 19:30:01+00:00,2016,inmigracion
KMpZLaVkxSo,@vhomerhomer5637,2025-01-15 22:34:28+00:00,0,Me encanta como cae al suelo la señorita 😂😂😂😂😂,Una detenida se niega a identificarse a la Policía – Policías en Acción,laSexta,2016-07-21 19:30:01+00:00,2016,inmigracion
KMpZLaVkxSo,@carloscodazzi6914,2024-01-25 03:18:24+00:00,0,Me gusta la palabra escudo,Una detenida se niega a identificarse a la Policía – Policías en Acción,laSexta,2016-07-21 19:30:01+00:00,2016,inmigracion
KMpZLaVkxSo,@carloscodazzi6914,2024-01-25 03:17:46+00:00,0,Es linda la comunicación,Una detenida se niega a identificarse a la Policía – Policías en Acción,laSexta,2016-07-21 19:30:01+00:00,2016,inmigracion
KMpZLaVkxSo,@TheChemaone,2025-04-09 09:18:16+00:00,1,7 veces se lo ha pedido…que ganas de complicarse.,Una detenida se niega a identificarse a la Policía – Policías en Acción,laSexta,2016-07-21 19:30:01+00:00,2016,inmigracion
KMpZLaVkxSo,@enriquemartingomezojeda,2024-02-08 13:23:50+00:00,0,"- No se tire al suelo 
😂",Una detenida se niega a identificarse a la Policía – Policías en Acción,laSexta,2016-07-21 19:30:01+00:00,2016,inmigracion
KMpZLaVkxSo,@goiviredmi9,2023-10-15 13:09:28+00:00,1,Que vacililla,Una detenida se niega a identificarse a la Policía – Policías en Acción,laSexta,2016-07-21 19:30:01+00:00,2016,inmigracion
KMpZLaVkxSo,@dantefigueroa5875,2023-11-22 18:01:33+00:00,0,Vamos a hacerlo vicepresidente ejecutivo 💪😄,Una detenida se niega a identificarse a la Policía – Policías en Acción,laSexta,2016-07-21 19:30:01+00:00,2016,inmigracion
KMpZLaVkxSo,@AMGJUNANDE,2023-09-16 17:26:13+00:00,0,Este agente merece el respeto y apoyo de la sociedad y sus jefes.,Una detenida se niega a identificarse a la Policía – Policías en Acción,laSexta,2016-07-21 19:30:01+00:00,2016,inmigracion
KMpZLaVkxSo,@virtunexx,2024-09-04 08:05:48+00:00,0,Señoritaaa jajajjaaja,Una detenida se niega a identificarse a la Policía – Policías en Acción,laSexta,2016-07-21 19:30:01+00:00,2016,inmigracion
KMpZLaVkxSo,@RicardoRG-v1v,2025-05-01 02:49:32+00:00,0,"Nombre del poli para mandarle plata, buen trabajo",Una detenida se niega a identificarse a la Policía – Policías en Acción,laSexta,2016-07-21 19:30:01+00:00,2016,inmigracion
KMpZLaVkxSo,@nose31ss,2025-01-07 21:24:39+00:00,0,Que paciencia,Una detenida se niega a identificarse a la Policía – Policías en Acción,laSexta,2016-07-21 19:30:01+00:00,2016,inmigracion
KMpZLaVkxSo,@josemariamancebo6312,2024-05-19 21:05:29+00:00,5,Me gustaría ese celo y contundencia con carteristas y maleantes de diversos pelajes,Una detenida se niega a identificarse a la Policía – Policías en Acción,laSexta,2016-07-21 19:30:01+00:00,2016,inmigracion
KMpZLaVkxSo,@javierbaeza1037,2024-01-13 18:29:30+00:00,0,Un clásico.... Señorita,Una detenida se niega a identificarse a la Policía – Policías en Acción,laSexta,2016-07-21 19:30:01+00:00,2016,inmigracion
KMpZLaVkxSo,@SESTENA,2024-07-30 13:16:04+00:00,2,"La ""señorita"" se llevó su merecido... Es lo que pasa por ir de ""empoderada"" y creerse más de lo que es. Si un policía te pide el DNI se lo das sin más, no quieras quedar por encima, porque sino te sucede esto... Y poco ha sido.",Una detenida se niega a identificarse a la Policía – Policías en Acción,laSexta,2016-07-21 19:30:01+00:00,2016,inmigracion
KMpZLaVkxSo,@David_Martinez_83,2023-12-29 11:57:40+00:00,0,Me encantan los finales felices...,Una detenida se niega a identificarse a la Policía – Policías en Acción,laSexta,2016-07-21 19:30:01+00:00,2016,inmigracion
KMpZLaVkxSo,@mbcacttion6574,2024-10-16 23:29:58+00:00,0,Es que la pava se lo ha ganado a pulso tío 😂😂😂,Una detenida se niega a identificarse a la Policía – Policías en Acción,laSexta,2016-07-21 19:30:01+00:00,2016,inmigracion
KMpZLaVkxSo,@nfaguade,2023-10-06 15:23:10+00:00,1,tttttuuu qqqqgeeee vootttaaassh aaahl péppeee noooh?,Una detenida se niega a identificarse a la Policía – Policías en Acción,laSexta,2016-07-21 19:30:01+00:00,2016,inmigracion
KMpZLaVkxSo,@alexangelatorasoliz6405,2023-08-31 07:12:47+00:00,1,Solo gano lo que buscaba 😂,Una detenida se niega a identificarse a la Policía – Policías en Acción,laSexta,2016-07-21 19:30:01+00:00,2016,inmigracion
KMpZLaVkxSo,@guillermotd,2023-09-04 15:59:53+00:00,0,Me encantan los finales felices,Una detenida se niega a identificarse a la Policía – Policías en Acción,laSexta,2016-07-21 19:30:01+00:00,2016,inmigracion
KMpZLaVkxSo,@gitanoerrante84,2023-07-17 10:00:40+00:00,0,es el bad karma ending,Una detenida se niega a identificarse a la Policía – Policías en Acción,laSexta,2016-07-21 19:30:01+00:00,2016,inmigracion
KMpZLaVkxSo,@pablogarcia5542,2023-12-25 16:21:17+00:00,0,No quieres caldo tres tazas. Leña al mono,Una detenida se niega a identificarse a la Policía – Policías en Acción,laSexta,2016-07-21 19:30:01+00:00,2016,inmigracion
KMpZLaVkxSo,@SalvaTejada-x9f,2024-01-28 17:21:22+00:00,1,Mi gran admiración por este policía ella es muy cabezona se complica sin ninguna razón bien por el ajente ❤❤❤❤,Una detenida se niega a identificarse a la Policía – Policías en Acción,laSexta,2016-07-21 19:30:01+00:00,2016,inmigracion
KMpZLaVkxSo,@kepaaguirre3096,2024-05-31 18:45:20+00:00,0,Señorita😂😂😂😂😂👏👏👏👏👏,Una detenida se niega a identificarse a la Policía – Policías en Acción,laSexta,2016-07-21 19:30:01+00:00,2016,inmigracion
KMpZLaVkxSo,@elrincondelgatoversiondeluxe,2023-11-30 19:56:16+00:00,1,"que tia mas tooooontaaaaaaa jajaja que le den 
se lo  merece 
luego diran que fue maltratada",Una detenida se niega a identificarse a la Policía – Policías en Acción,laSexta,2016-07-21 19:30:01+00:00,2016,inmigracion
KMpZLaVkxSo,@carttaveras6151,2025-02-05 18:21:34+00:00,0,"La Sexta publicando acciones a favor de la Policía,estoy temblando",Una detenida se niega a identificarse a la Policía – Policías en Acción,laSexta,2016-07-21 19:30:01+00:00,2016,inmigracion
KMpZLaVkxSo,@MaximilianoGongora-h9q,2024-03-11 19:21:53+00:00,0,Hay que ser empatico de los dos lados .,Una detenida se niega a identificarse a la Policía – Policías en Acción,laSexta,2016-07-21 19:30:01+00:00,2016,inmigracion
KMpZLaVkxSo,@ignaciocorte,2025-05-18 08:21:46+00:00,0,Ese policía es un profesional como la copa de un pino.,Una detenida se niega a identificarse a la Policía – Policías en Acción,laSexta,2016-07-21 19:30:01+00:00,2016,inmigracion
KMpZLaVkxSo,@Eduardo-b6g9w,2026-03-31 23:57:13+00:00,0,"Jaaa, vamos a Culiacan, allí,  te vas al calabozo x tomar cerveza en la calle,  la fariña muy buena jaaaa",Una detenida se niega a identificarse a la Policía – Policías en Acción,laSexta,2016-07-21 19:30:01+00:00,2016,inmigracion
KMpZLaVkxSo,@EnriqueGuerra-t2w,2024-02-28 07:19:22+00:00,1,El español de españa es jenial.,Una detenida se niega a identificarse a la Policía – Policías en Acción,laSexta,2016-07-21 19:30:01+00:00,2016,inmigracion
KMpZLaVkxSo,@vicentemartinezespinosa7711,2024-03-09 07:06:01+00:00,0,A los grises con estas jajaja,Una detenida se niega a identificarse a la Policía – Policías en Acción,laSexta,2016-07-21 19:30:01+00:00,2016,inmigracion
KMpZLaVkxSo,@Nati.D.A,2025-01-07 18:45:45+00:00,0,"Toma para que aprendas, pero será lista",Una detenida se niega a identificarse a la Policía – Policías en Acción,laSexta,2016-07-21 19:30:01+00:00,2016,inmigracion
KMpZLaVkxSo,@rs3tuber425,2025-03-13 01:03:28+00:00,2,"Aqui estoy otra vez para ver el video. Hoy es dia 12 de Marzo del 2025. Ya no se cuantas veces he venido aqui a ver este video. Me encanta!!!! Esta mujer es de las del 8M, de esas de Sumar y Podemoslo  una feminista que le hace falta un buen guan.  ta.  zo.",Una detenida se niega a identificarse a la Policía – Policías en Acción,laSexta,2016-07-21 19:30:01+00:00,2016,inmigracion
KMpZLaVkxSo,@PEDROABADIA100,2023-07-21 12:53:02+00:00,5,Como se complica la vida la gente.  Que paciencia el policia.,Una detenida se niega a identificarse a la Policía – Policías en Acción,laSexta,2016-07-21 19:30:01+00:00,2016,inmigracion
KMpZLaVkxSo,@sergihoney,2024-11-10 20:20:28+00:00,0,Menudo chulo,Una detenida se niega a identificarse a la Policía – Policías en Acción,laSexta,2016-07-21 19:30:01+00:00,2016,inmigracion
KMpZLaVkxSo,@MsAgucar,2025-03-02 14:44:14+00:00,0,El agente empezó de malas maneras a pedir la documentación y ella no se tiró....,Una detenida se niega a identificarse a la Policía – Policías en Acción,laSexta,2016-07-21 19:30:01+00:00,2016,inmigracion
KMpZLaVkxSo,@cristoballebronribes1920,2024-10-19 21:46:13+00:00,0,Señorita señorita perdió los dientes en la cerita😂,Una detenida se niega a identificarse a la Policía – Policías en Acción,laSexta,2016-07-21 19:30:01+00:00,2016,inmigracion
KMpZLaVkxSo,@danibadija,2024-10-22 17:38:46+00:00,0,"Que gran video, bye bye señorita",Una detenida se niega a identificarse a la Policía – Policías en Acción,laSexta,2016-07-21 19:30:01+00:00,2016,inmigracion
KMpZLaVkxSo,@paquitomasbenages9521,2023-09-11 16:44:07+00:00,0,Se lo ha buscado solita,Una detenida se niega a identificarse a la Policía – Policías en Acción,laSexta,2016-07-21 19:30:01+00:00,2016,inmigracion
KMpZLaVkxSo,@RafaelCostaPonte,2026-04-08 13:58:29+00:00,0,Ella se lo buscó. Y probablemente después culpará a su pareja de no haber Intervenido. Porque hay idiotas que prefieren culpar a otros de sus propias cagadas,Una detenida se niega a identificarse a la Policía – Policías en Acción,laSexta,2016-07-21 19:30:01+00:00,2016,inmigracion
KMpZLaVkxSo,@federicosainz9385,2024-01-31 19:09:53+00:00,1,Un par de hostias le venian al pelo,Una detenida se niega a identificarse a la Policía – Policías en Acción,laSexta,2016-07-21 19:30:01+00:00,2016,inmigracion
KMpZLaVkxSo,@Anonymous33_3,2025-09-17 14:56:27+00:00,0,Cuidado con Gmail 😊,Una detenida se niega a identificarse a la Policía – Policías en Acción,laSexta,2016-07-21 19:30:01+00:00,2016,inmigracion
KMpZLaVkxSo,@miguelangelramirezdeluque1924,2025-06-02 09:46:52+00:00,0,👍,Una detenida se niega a identificarse a la Policía – Policías en Acción,laSexta,2016-07-21 19:30:01+00:00,2016,inmigracion
KMpZLaVkxSo,@leonardoniccolini4432,2025-04-01 18:49:19+00:00,0,Muy bien 👏🏼👏🏼👏🏼 policia,Una detenida se niega a identificarse a la Policía – Policías en Acción,laSexta,2016-07-21 19:30:01+00:00,2016,inmigracion
KMpZLaVkxSo,@user-yj6mm3sp2x,2024-03-16 06:31:48+00:00,2,1:33 ooooo,Una detenida se niega a identificarse a la Policía – Policías en Acción,laSexta,2016-07-21 19:30:01+00:00,2016,inmigracion
KMpZLaVkxSo,@ricardnavarroluque5000,2024-01-12 04:22:40+00:00,0,Señoritaaaaa!!,Una detenida se niega a identificarse a la Policía – Policías en Acción,laSexta,2016-07-21 19:30:01+00:00,2016,inmigracion
KMpZLaVkxSo,@tonymontana-lp1oi,2024-05-03 13:45:02+00:00,0,🤣🤣🤣🤣🤣🤣👌🏼,Una detenida se niega a identificarse a la Policía – Policías en Acción,laSexta,2016-07-21 19:30:01+00:00,2016,inmigracion
KMpZLaVkxSo,@NuevoYoutube-ee9hl,2024-02-15 09:54:38+00:00,0,Soy fan de ese policía 😂,Una detenida se niega a identificarse a la Policía – Policías en Acción,laSexta,2016-07-21 19:30:01+00:00,2016,inmigracion
KMpZLaVkxSo,@6996sbc,2024-10-08 09:19:47+00:00,0,"Venga señoraita, pero a los carteristas no toman esa dureza.",Una detenida se niega a identificarse a la Policía – Policías en Acción,laSexta,2016-07-21 19:30:01+00:00,2016,inmigracion
KMpZLaVkxSo,@enriqueaso1024,2026-07-10 19:27:09+00:00,0,Esa no quería pagar el taxi,Una detenida se niega a identificarse a la Policía – Policías en Acción,laSexta,2016-07-21 19:30:01+00:00,2016,inmigracion
KMpZLaVkxSo,@johnhills3085,2023-12-22 11:34:45+00:00,0,Ouchi gari de manual😊😊😊,Una detenida se niega a identificarse a la Policía – Policías en Acción,laSexta,2016-07-21 19:30:01+00:00,2016,inmigracion
KMpZLaVkxSo,@robertoalvarezardit9944,2024-05-13 11:54:09+00:00,0,👏👏👏👏😂😂😂😂😂,Una detenida se niega a identificarse a la Policía – Policías en Acción,laSexta,2016-07-21 19:30:01+00:00,2016,inmigracion
KMpZLaVkxSo,@joseluisserranoolaya9552,2023-07-29 06:26:09+00:00,0,Si señor ese policía se merece respeto porque ha sido respetuoso y esa mujer no lo ha respetado,Una detenida se niega a identificarse a la Policía – Policías en Acción,laSexta,2016-07-21 19:30:01+00:00,2016,inmigracion
KMpZLaVkxSo,@Serafin_santana,2025-01-01 14:33:44+00:00,0,"yo soy policia y esos tipos fueron profesionales pero demasiado amables con esa chusma, yo en chile soy el duro porque no advierto mucho , ahora mismo estoy de turno y tengo que verificar a todos los curahuiilas de año nuevo, saludos cordiales desde chile",Una detenida se niega a identificarse a la Policía – Policías en Acción,laSexta,2016-07-21 19:30:01+00:00,2016,inmigracion
KMpZLaVkxSo,@Musicavana2021,2023-09-12 05:41:36+00:00,0,Como tien que ser !!!,Una detenida se niega a identificarse a la Policía – Policías en Acción,laSexta,2016-07-21 19:30:01+00:00,2016,inmigracion
KMpZLaVkxSo,@galaxic046,2026-06-15 13:10:28+00:00,0,Esto antes en los años 70 no pasaba ni de broma,Una detenida se niega a identificarse a la Policía – Policías en Acción,laSexta,2016-07-21 19:30:01+00:00,2016,inmigracion
KMpZLaVkxSo,@FranciscoCamino,2024-07-08 17:57:50+00:00,0,Policía nivel 10 👏🏻👏🏻👏🏻👏🏻,Una detenida se niega a identificarse a la Policía – Policías en Acción,laSexta,2016-07-21 19:30:01+00:00,2016,inmigracion
KMpZLaVkxSo,@carlosarandaperez,2025-03-15 14:30:05+00:00,0,Bastante paciencia ha tenido el policía con la Srta.,Una detenida se niega a identificarse a la Policía – Policías en Acción,laSexta,2016-07-21 19:30:01+00:00,2016,inmigracion
KMpZLaVkxSo,@johonmatos5549,2023-08-21 22:29:07+00:00,0,Yo estoy esperando otro video de la chica con otros policías haber como actua😂,Una detenida se niega a identificarse a la Policía – Policías en Acción,laSexta,2016-07-21 19:30:01+00:00,2016,inmigracion
KMpZLaVkxSo,@AlbaPatriciaContrerasMor-kb1zs,2023-12-05 00:46:24+00:00,0,Nunca he visto una fábrica de papel aluminio de paisano con vu,Una detenida se niega a identificarse a la Policía – Policías en Acción,laSexta,2016-07-21 19:30:01+00:00,2016,inmigracion
KMpZLaVkxSo,@BeatrizPecesromero,2024-06-20 16:06:49+00:00,1,Se merecen un poco de respeto son personas,Una detenida se niega a identificarse a la Policía – Policías en Acción,laSexta,2016-07-21 19:30:01+00:00,2016,inmigracion
KMpZLaVkxSo,@GildardoCardona-gv7bz,2024-05-27 15:17:24+00:00,1,Así. Se. Hace. Para. Que Respete. La Autoridad.,Una detenida se niega a identificarse a la Policía – Policías en Acción,laSexta,2016-07-21 19:30:01+00:00,2016,inmigracion
KMpZLaVkxSo,@07-009,2026-06-30 10:10:56+00:00,0,Lo que tiene que aguantar la Policía. Inconcebible.,Una detenida se niega a identificarse a la Policía – Policías en Acción,laSexta,2016-07-21 19:30:01+00:00,2016,inmigracion
KMpZLaVkxSo,@antoniajimenezquesada5800,2024-02-18 03:00:12+00:00,0,"Vamos las hay que no saben beber, pues se le cayó  la chulería",Una detenida se niega a identificarse a la Policía – Policías en Acción,laSexta,2016-07-21 19:30:01+00:00,2016,inmigracion
KMpZLaVkxSo,@diegoariellopez8939,2025-02-01 15:10:11+00:00,0,Demasiada paciencia tubo el policia,Una detenida se niega a identificarse a la Policía – Policías en Acción,laSexta,2016-07-21 19:30:01+00:00,2016,inmigracion
KMpZLaVkxSo,@miguelalonso7171,2024-03-28 19:51:43+00:00,1,"Esta chica no es española, a una española no se le habría ocurrido enfrentarse a la Policía Nacional.",Una detenida se niega a identificarse a la Policía – Policías en Acción,laSexta,2016-07-21 19:30:01+00:00,2016,inmigracion
KMpZLaVkxSo,@irondrak219,2023-08-26 20:08:46+00:00,0,Adoro los finales felices 👏👏👏👏👌💯,Una detenida se niega a identificarse a la Policía – Policías en Acción,laSexta,2016-07-21 19:30:01+00:00,2016,inmigracion
KMpZLaVkxSo,@Nc_leon,2026-03-23 09:27:51+00:00,0,"Ella se lo ha buscado , lo que no creo es que su cerebro le dé para aprender la lección",Una detenida se niega a identificarse a la Policía – Policías en Acción,laSexta,2016-07-21 19:30:01+00:00,2016,inmigracion
KMpZLaVkxSo,@sebastianpowa9616,2024-06-19 16:33:09+00:00,0,Excelente actuar de la policia y que de gracias a que le tuvo paciencia !!! Al policia se lo respeta y no se porque dejo que lo tocara... Pero mas alla de eso EXCELENTE actuar la policia !!!!,Una detenida se niega a identificarse a la Policía – Policías en Acción,laSexta,2016-07-21 19:30:01+00:00,2016,inmigracion
KMpZLaVkxSo,@victorfernandez1253,2023-09-26 13:12:55+00:00,2,"la juventud esta agilipollada, apollardada, o se les enseña modales o acaban mal.",Una detenida se niega a identificarse a la Policía – Policías en Acción,laSexta,2016-07-21 19:30:01+00:00,2016,inmigracion
KMpZLaVkxSo,@ismaelparedesromero8321,2026-01-23 18:15:00+00:00,0,Lo mejor es el espaldazo. 😂✌🏼💪🏼🫶🏼,Una detenida se niega a identificarse a la Policía – Policías en Acción,laSexta,2016-07-21 19:30:01+00:00,2016,inmigracion
KMpZLaVkxSo,@henryandino4653,2024-06-08 16:11:30+00:00,1,Muy bien policía,Una detenida se niega a identificarse a la Policía – Policías en Acción,laSexta,2016-07-21 19:30:01+00:00,2016,inmigracion
KMpZLaVkxSo,@cazador426,2025-01-06 19:56:36+00:00,0,Leñaiii,Una detenida se niega a identificarse a la Policía – Policías en Acción,laSexta,2016-07-21 19:30:01+00:00,2016,inmigracion
KMpZLaVkxSo,@titojones3448,2024-03-24 18:19:34+00:00,0,Diablos señorita😅,Una detenida se niega a identificarse a la Policía – Policías en Acción,laSexta,2016-07-21 19:30:01+00:00,2016,inmigracion
KMpZLaVkxSo,@victormartingonzalez1470,2024-07-09 18:01:34+00:00,0,"All
Cats
Are
Beutiful",Una detenida se niega a identificarse a la Policía – Policías en Acción,laSexta,2016-07-21 19:30:01+00:00,2016,inmigracion
KMpZLaVkxSo,@Btwin1985,2025-03-08 14:04:06+00:00,3,1:10 penalti para el Madrid,Una detenida se niega a identificarse a la Policía – Policías en Acción,laSexta,2016-07-21 19:30:01+00:00,2016,inmigracion
KMpZLaVkxSo,@bm2866,2025-07-11 19:46:42+00:00,1,La chica le quería chulería claramente,Una detenida se niega a identificarse a la Policía – Policías en Acción,laSexta,2016-07-21 19:30:01+00:00,2016,inmigracion
KMpZLaVkxSo,@juanmunoz1446,2024-10-25 06:23:19+00:00,1,Mucho rollo por un dni ni que fuera terrorista,Una detenida se niega a identificarse a la Policía – Policías en Acción,laSexta,2016-07-21 19:30:01+00:00,2016,inmigracion
KMpZLaVkxSo,@joseqajoseqa5395,2024-05-20 22:04:07+00:00,0,😂😂😂😂,Una detenida se niega a identificarse a la Policía – Policías en Acción,laSexta,2016-07-21 19:30:01+00:00,2016,inmigracion
KMpZLaVkxSo,@firedep5010,2025-04-14 16:43:52+00:00,0,"Igualdad de genero, me tocas, te toco😁",Una detenida se niega a identificarse a la Policía – Policías en Acción,laSexta,2016-07-21 19:30:01+00:00,2016,inmigracion
KMpZLaVkxSo,@lucreciolagos7486,2024-07-06 14:32:00+00:00,1,Todos queremos una buena policía y aquí la actuación a sido buena. Pero no siempre es a así. Todos los policías debieran llevar cámara corporales que sirvieran de prueba. Beneficiaría a los buenos policías y evidenciaría a quienes quieren saltarse la ley ( ósea delincuentes). Si no se hace algo se pone en duda.,Una detenida se niega a identificarse a la Policía – Policías en Acción,laSexta,2016-07-21 19:30:01+00:00,2016,inmigracion
KMpZLaVkxSo,@victorianojuanes1111,2023-11-30 20:13:10+00:00,1,SE NOTA MUCHO QUE SE TIRA,Una detenida se niega a identificarse a la Policía – Policías en Acción,laSexta,2016-07-21 19:30:01+00:00,2016,inmigracion
KMpZLaVkxSo,@franherbalife6556,2026-04-08 11:04:07+00:00,0,La cerveza se la tiró el al pasar,Una detenida se niega a identificarse a la Policía – Policías en Acción,laSexta,2016-07-21 19:30:01+00:00,2016,inmigracion
KMpZLaVkxSo,@JoseHernandezvital,2024-05-02 12:30:47+00:00,0,ni más ni menos que como tiene que ser,Una detenida se niega a identificarse a la Policía – Policías en Acción,laSexta,2016-07-21 19:30:01+00:00,2016,inmigracion
KMpZLaVkxSo,@PabloHernández-b3v,2023-10-11 01:37:42+00:00,0,?pero quién dice que no?😆😆😆,Una detenida se niega a identificarse a la Policía – Policías en Acción,laSexta,2016-07-21 19:30:01+00:00,2016,inmigracion
KMpZLaVkxSo,@danilocf15,2025-01-21 14:34:10+00:00,0,Tuvo suerte de no caer con la cabeza en el cuello de la botella que ella habia roto previamente. Gracias a los compañeros por velar por su seguridad de forma tan eficaz.,Una detenida se niega a identificarse a la Policía – Policías en Acción,laSexta,2016-07-21 19:30:01+00:00,2016,inmigracion
KMpZLaVkxSo,@OpelCorsa-m3d,2026-07-05 01:51:49+00:00,0,aveis escuchada la cancion  del poli y la meestra  un temazo,Una detenida se niega a identificarse a la Policía – Policías en Acción,laSexta,2016-07-21 19:30:01+00:00,2016,inmigracion
KMpZLaVkxSo,@Luene591,2024-07-09 11:17:23+00:00,2,Bien por el policía!!....la chica impresentable deberían multar le fuertemente por agresión a la autoridad!!,Una detenida se niega a identificarse a la Policía – Policías en Acción,laSexta,2016-07-21 19:30:01+00:00,2016,inmigracion
KMpZLaVkxSo,@luissalvadorsantiago970,2023-08-05 18:42:09+00:00,0,"Me encanta la paciencia del policia"" me da la documentación señorita ?"" y siempre educado bien por el policia",Una detenida se niega a identificarse a la Policía – Policías en Acción,laSexta,2016-07-21 19:30:01+00:00,2016,inmigracion
KMpZLaVkxSo,@reallycualitypro3490,2025-01-07 09:00:32+00:00,2,"Lo tenia que denunciar haora,con estas leyes.
3 segundos te cuento..amenaza.
Dile atu compi que te de el dni...ilegal.
Agarrarla como la coge VIOLACION.",Una detenida se niega a identificarse a la Policía – Policías en Acción,laSexta,2016-07-21 19:30:01+00:00,2016,inmigracion
KMpZLaVkxSo,@todd.galore,2025-01-12 12:05:07+00:00,0,Que guapo el policía..😋,Una detenida se niega a identificarse a la Policía – Policías en Acción,laSexta,2016-07-21 19:30:01+00:00,2016,inmigracion
KMpZLaVkxSo,@virginiagarciacelis2407,2024-01-30 17:20:42+00:00,1,Me encanta el policia,Una detenida se niega a identificarse a la Policía – Policías en Acción,laSexta,2016-07-21 19:30:01+00:00,2016,inmigracion
KMpZLaVkxSo,@oscarrvl,2024-02-18 22:29:01+00:00,0,Muy bien bravo à la policia,Una detenida se niega a identificarse a la Policía – Policías en Acción,laSexta,2016-07-21 19:30:01+00:00,2016,inmigracion
KMpZLaVkxSo,@rafa_blackening,2023-11-30 13:20:07+00:00,0,*El que busca problemas los acaba encontrando 👍*,Una detenida se niega a identificarse a la Policía – Policías en Acción,laSexta,2016-07-21 19:30:01+00:00,2016,inmigracion
KMpZLaVkxSo,@MariaAngelesRicoLopez,2023-12-02 11:48:42+00:00,0,😂😂😂😂😂😂😂,Una detenida se niega a identificarse a la Policía – Policías en Acción,laSexta,2016-07-21 19:30:01+00:00,2016,inmigracion
KMpZLaVkxSo,@iusespontaneo196,2023-09-15 17:56:01+00:00,0,Jajajajajajajajajajaja,Una detenida se niega a identificarse a la Policía – Policías en Acción,laSexta,2016-07-21 19:30:01+00:00,2016,inmigracion
KMpZLaVkxSo,@Webodur,2024-12-16 01:19:57+00:00,0,Jajajaja....,Una detenida se niega a identificarse a la Policía – Policías en Acción,laSexta,2016-07-21 19:30:01+00:00,2016,inmigracion
KMpZLaVkxSo,@SuperCapataz,2026-05-23 16:23:27+00:00,1,Le das el DNI comprueban y te vas.. es muy simple,Una detenida se niega a identificarse a la Policía – Policías en Acción,laSexta,2016-07-21 19:30:01+00:00,2016,inmigracion
KMpZLaVkxSo,@yotito007,2025-05-02 19:03:09+00:00,0,OLE  por la paciencia y la actuacion ejemplar de ese policia. Deberian llevar siempre esas mini camaras para poder probar sin ningun problema que son ellos los provocados y atacados.,Una detenida se niega a identificarse a la Policía – Policías en Acción,laSexta,2016-07-21 19:30:01+00:00,2016,inmigracion
KMpZLaVkxSo,@MrXavi77,2023-11-03 22:40:29+00:00,0,Bn hecho por el oficial manejó la situacion debidamente,Una detenida se niega a identificarse a la Policía – Policías en Acción,laSexta,2016-07-21 19:30:01+00:00,2016,inmigracion
KMpZLaVkxSo,@jangelius8329,2024-10-11 12:26:52+00:00,0,😂😂😂,Una detenida se niega a identificarse a la Policía – Policías en Acción,laSexta,2016-07-21 19:30:01+00:00,2016,inmigracion
KMpZLaVkxSo,@elypintor9787,2024-08-17 11:37:33+00:00,0,"Por chula, que sepa hasta donde puede beber....",Una detenida se niega a identificarse a la Policía – Policías en Acción,laSexta,2016-07-21 19:30:01+00:00,2016,inmigracion
KMpZLaVkxSo,@julianvacca1134,2026-04-14 00:00:02+00:00,0,🎉así tendría que ser la policía en Argentina.  En Buenos Aires,Una detenida se niega a identificarse a la Policía – Policías en Acción,laSexta,2016-07-21 19:30:01+00:00,2016,inmigracion
KMpZLaVkxSo,@rula41,2025-04-18 04:49:17+00:00,0,A mí me han pedido la documentación un par de veces y no he tenido ningún problema la verdad.,Una detenida se niega a identificarse a la Policía – Policías en Acción,laSexta,2016-07-21 19:30:01+00:00,2016,inmigracion
KMpZLaVkxSo,@davidcayuela3283,2024-08-21 23:03:51+00:00,0,La excusa perfecta para quitarse de la calle!!!!,Una detenida se niega a identificarse a la Policía – Policías en Acción,laSexta,2016-07-21 19:30:01+00:00,2016,inmigracion
KMpZLaVkxSo,@rubenmatrix8982,2024-09-22 02:56:08+00:00,1,Asi tendrian que venir a la renfe tambien a intervenir,Una detenida se niega a identificarse a la Policía – Policías en Acción,laSexta,2016-07-21 19:30:01+00:00,2016,inmigracion
KMpZLaVkxSo,@23max23,2025-04-02 08:26:01+00:00,0,😂😂😂 cuanta paciencia a tenido el poli!!  Suerte que hay policías super buenos !!,Una detenida se niega a identificarse a la Policía – Policías en Acción,laSexta,2016-07-21 19:30:01+00:00,2016,inmigracion
KMpZLaVkxSo,@empresafinancieradecredito9394,2025-03-07 10:31:40+00:00,0,Que bello este policía que educación a mostrado desde el principio la trata con mucho respeto muy bueno lp que hizo a la policía jamás hay que faltarle el respeto a mi cuándo me piden mi documentación se las doy sin ningún problema viva la guardia civil y la policía nacional,Una detenida se niega a identificarse a la Policía – Policías en Acción,laSexta,2016-07-21 19:30:01+00:00,2016,inmigracion
KMpZLaVkxSo,@juliocastellano8072,2024-01-02 23:09:14+00:00,0,"Demasiado tiempo, tres , beses y chau 😂😂",Una detenida se niega a identificarse a la Policía – Policías en Acción,laSexta,2016-07-21 19:30:01+00:00,2016,inmigracion
KMpZLaVkxSo,@mejoranda9172,2025-03-02 21:08:58+00:00,0,Buen trabajo agente 👮 por culpa de mujeres como está el país va así muchos policías como este héroe 👏🏻👏🏻,Una detenida se niega a identificarse a la Policía – Policías en Acción,laSexta,2016-07-21 19:30:01+00:00,2016,inmigracion
KMpZLaVkxSo,@Hugo-e1k,2025-01-14 01:22:38+00:00,0,Un aplauso a ése oficial,Una detenida se niega a identificarse a la Policía – Policías en Acción,laSexta,2016-07-21 19:30:01+00:00,2016,inmigracion
KMpZLaVkxSo,@cesarramoirez6254,2025-03-05 01:26:46+00:00,1,"1:34 FATALITYYY
POLICÍA WINNERRR",Una detenida se niega a identificarse a la Policía – Policías en Acción,laSexta,2016-07-21 19:30:01+00:00,2016,inmigracion
KMpZLaVkxSo,@tigrekalapir,2025-01-16 17:59:39+00:00,0,Vengaaa señorita a comisaría,Una detenida se niega a identificarse a la Policía – Policías en Acción,laSexta,2016-07-21 19:30:01+00:00,2016,inmigracion
KMpZLaVkxSo,@riddickfuriano2950,2025-03-15 07:24:34+00:00,0,😂😂😂😂,Una detenida se niega a identificarse a la Policía – Policías en Acción,laSexta,2016-07-21 19:30:01+00:00,2016,inmigracion
KMpZLaVkxSo,@Alejandrixx_10,2024-07-22 14:25:30+00:00,0,Ni yo me encanta,Una detenida se niega a identificarse a la Policía – Policías en Acción,laSexta,2016-07-21 19:30:01+00:00,2016,inmigracion
KMpZLaVkxSo,@emmamendoza7637,2024-09-17 02:32:30+00:00,0,Con un golpe asi en la espalda alguien podria hasta perder la vida.,Una detenida se niega a identificarse a la Policía – Policías en Acción,laSexta,2016-07-21 19:30:01+00:00,2016,inmigracion
KMpZLaVkxSo,@franchi1234567890,2024-08-16 11:56:49+00:00,0,Yo creo que a la mujer esa no le gustaba su acompañante y no sabía cómo quitárselo de encima,Una detenida se niega a identificarse a la Policía – Policías en Acción,laSexta,2016-07-21 19:30:01+00:00,2016,inmigracion
KMpZLaVkxSo,@EurocanarionEuro,2024-07-14 08:53:37+00:00,0,😂,Una detenida se niega a identificarse a la Policía – Policías en Acción,laSexta,2016-07-21 19:30:01+00:00,2016,inmigracion
KMpZLaVkxSo,@randyperezlujan8024,2023-07-19 08:03:33+00:00,0,El Policía cuando hace la llave (osotogari) pierde al final el control de la caída de la chica (el agarre). No se ha esnucado de milagro (se ve pasando el video lento).,Una detenida se niega a identificarse a la Policía – Policías en Acción,laSexta,2016-07-21 19:30:01+00:00,2016,inmigracion
KMpZLaVkxSo,@blackcat-uv4ms,2025-01-08 15:02:16+00:00,0,trop de discussions !!!,Una detenida se niega a identificarse a la Policía – Policías en Acción,laSexta,2016-07-21 19:30:01+00:00,2016,inmigracion
KMpZLaVkxSo,@ederreyesmorales3376,2024-03-18 19:19:27+00:00,0,"El policía tuvo la paciencia jajajaja ….
La morra solo se lo busco JAJAJAJA ya andaba peda :v 
Por cierto Chsm el
America .",Una detenida se niega a identificarse a la Policía – Policías en Acción,laSexta,2016-07-21 19:30:01+00:00,2016,inmigracion
KMpZLaVkxSo,@oli1972ful,2023-10-18 18:45:28+00:00,1,Qué falta hace un FRANCO !!!,Una detenida se niega a identificarse a la Policía – Policías en Acción,laSexta,2016-07-21 19:30:01+00:00,2016,inmigracion
KMpZLaVkxSo,@bruslin9,2026-05-28 08:52:32+00:00,0,no se tire SEÑORITA!,Una detenida se niega a identificarse a la Policía – Policías en Acción,laSexta,2016-07-21 19:30:01+00:00,2016,inmigracion
KMpZLaVkxSo,@alfonsoromerofrias9361,2024-12-23 19:26:36+00:00,0,😂,Una detenida se niega a identificarse a la Policía – Policías en Acción,laSexta,2016-07-21 19:30:01+00:00,2016,inmigracion
KMpZLaVkxSo,@nicoddmo,2023-10-22 20:59:24+00:00,0,Ahí os claveis,Una detenida se niega a identificarse a la Policía – Policías en Acción,laSexta,2016-07-21 19:30:01+00:00,2016,inmigracion
KMpZLaVkxSo,@miguelalonso7171,2026-02-04 23:33:04+00:00,1,"Impecable la actuación del policía frente a la impresentable esta. Parece que está acostumbrada al comportamiento de la gente y la policía en su país. En España ( y en el resto de Europa) la policía tiene autoridad y hay que hacerle caso. Si te dicen que no vayas porque están haciendo su trabajo otros policías, pues no vas y punto. Si te dicen que les des la documentación, se la das y punto. Esta estúpida ha convertido una sanción administrativa que conlleva una simple multa, en un delito de atentado contra la autoridad, que se le quedará como antecedentes penales, con lo que ello conlleva para obtención de licencias, algunos trabajos etc...  No entiendo el complejo de inferioridad que tienen en algunos países de Sudamérica que les hace creer que enseñar tu documento de identidad es algo malo.",Una detenida se niega a identificarse a la Policía – Policías en Acción,laSexta,2016-07-21 19:30:01+00:00,2016,inmigracion
KMpZLaVkxSo,@lucialuisrosquete1111,2025-02-13 17:49:35+00:00,0,"Aquí le hacía falta una noche en un frío calabozo
A base de agua..sin comida  
Ya verías tú dónde se le quedaba la tontería",Una detenida se niega a identificarse a la Policía – Policías en Acción,laSexta,2016-07-21 19:30:01+00:00,2016,inmigracion
KMpZLaVkxSo,@Epopteya,2025-01-22 15:30:19+00:00,0,Los paseos por el monte para que a gente como a la señorita esta se la quitase el mareo y cogiera aire fresco deberían volver a funcionar.,Una detenida se niega a identificarse a la Policía – Policías en Acción,laSexta,2016-07-21 19:30:01+00:00,2016,inmigracion
KMpZLaVkxSo,@rafaelsalguero5902,2025-02-07 11:11:16+00:00,0,Seorita,Una detenida se niega a identificarse a la Policía – Policías en Acción,laSexta,2016-07-21 19:30:01+00:00,2016,inmigracion
KMpZLaVkxSo,@agrdrc4896,2024-08-13 11:40:01+00:00,0,La que se ha liado en segundo,Una detenida se niega a identificarse a la Policía – Policías en Acción,laSexta,2016-07-21 19:30:01+00:00,2016,inmigracion
KMpZLaVkxSo,@javi8435,2024-12-16 11:33:33+00:00,0,"Asi se controla la situacion, rapido, seguro y sin perder dinero de los impuestos.",Una detenida se niega a identificarse a la Policía – Policías en Acción,laSexta,2016-07-21 19:30:01+00:00,2016,inmigracion
KMpZLaVkxSo,@aaa_97659,2024-11-14 16:04:49+00:00,0,2015,Una detenida se niega a identificarse a la Policía – Policías en Acción,laSexta,2016-07-21 19:30:01+00:00,2016,inmigracion
KMpZLaVkxSo,@hellothere6160,2026-04-18 15:51:00+00:00,0,Lo unico malo que veo del agente es que pregunto a donde iba o de donde venia... exigir saberlo transgrede los derechos fundamentales de la persona.,Una detenida se niega a identificarse a la Policía – Policías en Acción,laSexta,2016-07-21 19:30:01+00:00,2016,inmigracion
KMpZLaVkxSo,@duniamarialopez,2025-03-19 17:42:02+00:00,0,Conmigo también se pasaron varias veces,Una detenida se niega a identificarse a la Policía – Policías en Acción,laSexta,2016-07-21 19:30:01+00:00,2016,inmigracion
KMpZLaVkxSo,@MR.SUNSHINE-v8o,2025-02-08 23:10:43+00:00,0,Señoita,Una detenida se niega a identificarse a la Policía – Policías en Acción,laSexta,2016-07-21 19:30:01+00:00,2016,inmigracion
KMpZLaVkxSo,@giulio3758,2023-09-29 20:32:07+00:00,0,POLICE 👏👏👏👏👏🍷🍕     From Italia 🇮🇹,Una detenida se niega a identificarse a la Policía – Policías en Acción,laSexta,2016-07-21 19:30:01+00:00,2016,inmigracion
KMpZLaVkxSo,@BaradoenOakland,2024-10-04 13:35:05+00:00,0,"Ésto es absolutamente hermoso. Yo soy de izquierda Liberal, pero algo que tengo claro es el respeto a las autoridades.",Una detenida se niega a identificarse a la Policía – Policías en Acción,laSexta,2016-07-21 19:30:01+00:00,2016,inmigracion
KMpZLaVkxSo,@empresadereparacione,2023-09-18 19:40:25+00:00,0,"Muy bien el policia,",Una detenida se niega a identificarse a la Policía – Policías en Acción,laSexta,2016-07-21 19:30:01+00:00,2016,inmigracion
KMpZLaVkxSo,@HoucineMourinou,2023-12-30 16:36:12+00:00,0,😂😂😂😂😂😂🎉🎉🎉🎉x🇪🇦,Una detenida se niega a identificarse a la Policía – Policías en Acción,laSexta,2016-07-21 19:30:01+00:00,2016,inmigracion
KMpZLaVkxSo,@LuisRodriguez-oi9eb,2025-02-07 13:42:34+00:00,0,Has tardado mucho en detenerla.,Una detenida se niega a identificarse a la Policía – Policías en Acción,laSexta,2016-07-21 19:30:01+00:00,2016,inmigracion
KMpZLaVkxSo,@rodrigogonzalez2500,2025-03-16 09:50:36+00:00,0,Bien hecho el policía! Mas así!,Una detenida se niega a identificarse a la Policía – Policías en Acción,laSexta,2016-07-21 19:30:01+00:00,2016,inmigracion
KMpZLaVkxSo,@pepegarcia4875,2026-02-14 17:14:50+00:00,0,"Q asco currar por la noche,menos mal q ya la dejé, ahora soy feliz",Una detenida se niega a identificarse a la Policía – Policías en Acción,laSexta,2016-07-21 19:30:01+00:00,2016,inmigracion
KMpZLaVkxSo,@JerezJoselibertad,2024-09-08 17:10:26+00:00,1,Estás situaciones se dan porque se dan demasiadas explicaciones. En 5 segundos se acaba con estas tonterías.,Una detenida se niega a identificarse a la Policía – Policías en Acción,laSexta,2016-07-21 19:30:01+00:00,2016,inmigracion
KMpZLaVkxSo,@davidemadrid,2023-08-01 23:27:45+00:00,0,Joder con la señorita jajjaa menuda tipeja,Una detenida se niega a identificarse a la Policía – Policías en Acción,laSexta,2016-07-21 19:30:01+00:00,2016,inmigracion
KMpZLaVkxSo,@Primoderivera-fespj,2024-12-23 17:14:34+00:00,0,porque insiste si ya le dijo si xd.,Una detenida se niega a identificarse a la Policía – Policías en Acción,laSexta,2016-07-21 19:30:01+00:00,2016,inmigracion
KMpZLaVkxSo,@carloscodazzi6914,2024-01-25 03:17:03+00:00,0,El policía se llama ESTEBAN,Una detenida se niega a identificarse a la Policía – Policías en Acción,laSexta,2016-07-21 19:30:01+00:00,2016,inmigracion
KMpZLaVkxSo,@NoaSanchez-f5p,2023-09-10 22:10:41+00:00,0,esque el policia tambien....,Una detenida se niega a identificarse a la Policía – Policías en Acción,laSexta,2016-07-21 19:30:01+00:00,2016,inmigracion
KMpZLaVkxSo,@fabiandiaz5967,2024-10-23 19:04:21+00:00,0,La mujer se lo había buscado,Una detenida se niega a identificarse a la Policía – Policías en Acción,laSexta,2016-07-21 19:30:01+00:00,2016,inmigracion
KMpZLaVkxSo,@adelaredondogonzalez7692,2024-05-08 10:02:33+00:00,1,Si es una delincuente por que le tapan la cara,Una detenida se niega a identificarse a la Policía – Policías en Acción,laSexta,2016-07-21 19:30:01+00:00,2016,inmigracion
KMpZLaVkxSo,@jorjejorje3047,2025-03-14 17:15:33+00:00,0,muy bien el policia,Una detenida se niega a identificarse a la Policía – Policías en Acción,laSexta,2016-07-21 19:30:01+00:00,2016,inmigracion
KMpZLaVkxSo,@carloscodazzi6914,2024-01-06 23:33:09+00:00,0,El policia se llama Pablo,Una detenida se niega a identificarse a la Policía – Policías en Acción,laSexta,2016-07-21 19:30:01+00:00,2016,inmigracion
KMpZLaVkxSo,@SinNombre-hw1lw,2023-10-18 22:25:46+00:00,0,Abuso de poder,Una detenida se niega a identificarse a la Policía – Policías en Acción,laSexta,2016-07-21 19:30:01+00:00,2016,inmigracion
KMpZLaVkxSo,@Shercosport,2024-06-01 10:31:52+00:00,0,Gracias al cuerpo de seguridad buen trabajo y educado,Una detenida se niega a identificarse a la Policía – Policías en Acción,laSexta,2016-07-21 19:30:01+00:00,2016,inmigracion
KMpZLaVkxSo,@eneagram3049,2024-01-25 18:52:08+00:00,0,No tenia donde dormir y provocó para dormir en el hotel de Sánchez,Una detenida se niega a identificarse a la Policía – Policías en Acción,laSexta,2016-07-21 19:30:01+00:00,2016,inmigracion
KMpZLaVkxSo,@albertosarasuagalan5506,2023-10-17 15:30:58+00:00,0,Más policías así...,Una detenida se niega a identificarse a la Policía – Policías en Acción,laSexta,2016-07-21 19:30:01+00:00,2016,inmigracion
KMpZLaVkxSo,@danyMarroquin-l2j,2023-10-05 18:42:14+00:00,0,Más que todo fue por beber en la vía pública.,Una detenida se niega a identificarse a la Policía – Policías en Acción,laSexta,2016-07-21 19:30:01+00:00,2016,inmigracion
KMpZLaVkxSo,@maxricardopajuelopurizaca2552,2023-10-18 05:26:19+00:00,1,"TENIA DOS PRIMOS POLICIAS Y UNO DE ELLOS ME DIJO QUE CUANDO UN POLICIA ME PIDIERA MIS DOCUMENTOS, CON RESPETO SE LOS ENTREGARA Y SIEMPRE LO HAGO Y DE INMEDIATO ME DEJAN IR PARA DONDE ME IVA SIN MAYORES PROBLEMAS",Una detenida se niega a identificarse a la Policía – Policías en Acción,laSexta,2016-07-21 19:30:01+00:00,2016,inmigracion
KMpZLaVkxSo,@AntonioCandia-gs3hg,2024-03-21 03:50:12+00:00,0,TAZMINANALIACANDIA😅,Una detenida se niega a identificarse a la Policía – Policías en Acción,laSexta,2016-07-21 19:30:01+00:00,2016,inmigracion
KMpZLaVkxSo,@jantxvnio,2023-10-17 12:56:37+00:00,1,Ole encima la policia le dio muchas oportunidades,Una detenida se niega a identificarse a la Policía – Policías en Acción,laSexta,2016-07-21 19:30:01+00:00,2016,inmigracion
KMpZLaVkxSo,@el-fn3be,2025-01-07 06:52:59+00:00,1,Excelentes policias en España comparándolos con policias mexicanos o su guardia nacional que son militares no hcaen nada con quienes violan la ley grente a sus ojos y hasta los violentan en cambio en España su actuar lo fundamentan.,Una detenida se niega a identificarse a la Policía – Policías en Acción,laSexta,2016-07-21 19:30:01+00:00,2016,inmigracion
KMpZLaVkxSo,@rafaelcasares6518,2024-06-09 13:54:12+00:00,0,"Santa paciencia, dos ostias a tiempo y fin de la historia.",Una detenida se niega a identificarse a la Policía – Policías en Acción,laSexta,2016-07-21 19:30:01+00:00,2016,inmigracion
KMpZLaVkxSo,@rodrigopuicercuscasas4185,2024-06-11 20:28:32+00:00,1,"Viva la policía nacional. 
Viva en su 200 aniversario además.",Una detenida se niega a identificarse a la Policía – Policías en Acción,laSexta,2016-07-21 19:30:01+00:00,2016,inmigracion
KMpZLaVkxSo,@EduardoPerez-lw4zr,2024-11-28 13:26:11+00:00,0,😎😎😎😎😎😎😎😎😎😎😎😎,Una detenida se niega a identificarse a la Policía – Policías en Acción,laSexta,2016-07-21 19:30:01+00:00,2016,inmigracion
KMpZLaVkxSo,@aaa_97659,2023-09-10 01:48:03+00:00,0,Me dá la documentación?=18 legislativo,Una detenida se niega a identificarse a la Policía – Policías en Acción,laSexta,2016-07-21 19:30:01+00:00,2016,inmigracion
KMpZLaVkxSo,@noecobos2633,2024-01-23 02:49:23+00:00,0,Así debe ser la ley,Una detenida se niega a identificarse a la Policía – Policías en Acción,laSexta,2016-07-21 19:30:01+00:00,2016,inmigracion
KMpZLaVkxSo,@Miki321r,2024-06-04 14:43:42+00:00,1,"El policia cumpia con su deber y fue muy educado, la que no cumplió con el suyo como ciudadana fue la mujer, estas obligad@ a identificarte, para el colmo le quiso agredir  y  acabo como se veia que iba acabar!!",Una detenida se niega a identificarse a la Policía – Policías en Acción,laSexta,2016-07-21 19:30:01+00:00,2016,inmigracion
KMpZLaVkxSo,@matiasgalvagno3624,2025-01-21 00:17:33+00:00,0,Me encanta la igualdad que lindo como le da su igualdad,Una detenida se niega a identificarse a la Policía – Policías en Acción,laSexta,2016-07-21 19:30:01+00:00,2016,inmigracion
KMpZLaVkxSo,@eduardagarciamurillo7658,2023-09-09 06:25:32+00:00,0,Me recuerda caso María León parecido no?,Una detenida se niega a identificarse a la Policía – Policías en Acción,laSexta,2016-07-21 19:30:01+00:00,2016,inmigracion
KMpZLaVkxSo,@calufito,2024-11-24 19:35:29+00:00,0,esta es la policia que hace falta hoy y no los que protegen a los delincuentes,Una detenida se niega a identificarse a la Policía – Policías en Acción,laSexta,2016-07-21 19:30:01+00:00,2016,inmigracion
KMpZLaVkxSo,@noecobos2633,2024-01-23 02:49:55+00:00,1,A la policía tener que respetar,Una detenida se niega a identificarse a la Policía – Policías en Acción,laSexta,2016-07-21 19:30:01+00:00,2016,inmigracion
KMpZLaVkxSo,@Weskergod1,2024-12-29 14:53:59+00:00,0,Ahi tienes tu igualda ja ja ja ja,Una detenida se niega a identificarse a la Policía – Policías en Acción,laSexta,2016-07-21 19:30:01+00:00,2016,inmigracion
KMpZLaVkxSo,@abelmunoz2355,2023-11-05 01:36:20+00:00,0,"Aun que no sean siempre perfectos,pero para mi son los mejores del planeta,y da igual que cuerpo de policia sea,nacional,geos ect...",Una detenida se niega a identificarse a la Policía – Policías en Acción,laSexta,2016-07-21 19:30:01+00:00,2016,inmigracion
KMpZLaVkxSo,@pamiri80fortnite99,2024-05-29 13:10:46+00:00,0,Dosis instantánea de igualdad,Una detenida se niega a identificarse a la Policía – Policías en Acción,laSexta,2016-07-21 19:30:01+00:00,2016,inmigracion
KMpZLaVkxSo,@Cynthia-qo9wu,2024-06-16 06:33:16+00:00,0,Just like America they give 2 shish 😂you gonna put your hands on a cop,Una detenida se niega a identificarse a la Policía – Policías en Acción,laSexta,2016-07-21 19:30:01+00:00,2016,inmigracion
KMpZLaVkxSo,@joseluismunozsanchez6091,2024-01-26 00:25:26+00:00,0,Dialogo de besuga profunda,Una detenida se niega a identificarse a la Policía – Policías en Acción,laSexta,2016-07-21 19:30:01+00:00,2016,inmigracion
KMpZLaVkxSo,@Davisd-e9w,2024-01-18 22:35:37+00:00,0,Señorita señorita,Una detenida se niega a identificarse a la Policía – Policías en Acción,laSexta,2016-07-21 19:30:01+00:00,2016,inmigracion
KMpZLaVkxSo,@Yo-yz3zx,2024-01-05 21:57:49+00:00,0,Bravo por la policía,Una detenida se niega a identificarse a la Policía – Policías en Acción,laSexta,2016-07-21 19:30:01+00:00,2016,inmigracion
KMpZLaVkxSo,@oli1972ful,2024-07-10 16:40:42+00:00,1,Qué falta hace FRANCO !!!,Una detenida se niega a identificarse a la Policía – Policías en Acción,laSexta,2016-07-21 19:30:01+00:00,2016,inmigracion
KMpZLaVkxSo,@nicolapozzoli2059,2024-04-18 18:34:45+00:00,0,"Poche storie,il poliziotto ha chiesto X favore e lei un pugno alla fine detenida  GIUSTO.😮😮😮😮",Una detenida se niega a identificarse a la Policía – Policías en Acción,laSexta,2016-07-21 19:30:01+00:00,2016,inmigracion
KMpZLaVkxSo,@juang854,2025-01-10 20:14:54+00:00,0,buenas noches viva la policía nacional  que educación tiene el policial,Una detenida se niega a identificarse a la Policía – Policías en Acción,laSexta,2016-07-21 19:30:01+00:00,2016,inmigracion
KMpZLaVkxSo,@Lagarta123-i4b,2023-10-13 18:29:59+00:00,0,"igual si se la hubiese pedido una vez más se la hubiese dado, el agente no tuvo paciencia...madre mia...",Una detenida se niega a identificarse a la Policía – Policías en Acción,laSexta,2016-07-21 19:30:01+00:00,2016,inmigracion
KMpZLaVkxSo,@IOSERIES38,2026-06-02 02:30:23+00:00,0,"Soy Estoy de guardia en El obvi 
Sin Molestias, Eso Es Un Arresto",Una detenida se niega a identificarse a la Policía – Policías en Acción,laSexta,2016-07-21 19:30:01+00:00,2016,inmigracion
KMpZLaVkxSo,@dimasgomez4018,2023-08-21 15:44:17+00:00,0,Policía de ejemplo,Una detenida se niega a identificarse a la Policía – Policías en Acción,laSexta,2016-07-21 19:30:01+00:00,2016,inmigracion
KMpZLaVkxSo,@FlavioGonzález-m1d,2024-03-02 21:02:49+00:00,0,Que lindo el barrido.,Una detenida se niega a identificarse a la Policía – Policías en Acción,laSexta,2016-07-21 19:30:01+00:00,2016,inmigracion
KMpZLaVkxSo,@j3ccholito,2026-01-16 14:24:54+00:00,0,Ese tipo de personas son las que a toda la comunidad la hacen retroceder en Derechos Humanos 😢,Una detenida se niega a identificarse a la Policía – Policías en Acción,laSexta,2016-07-21 19:30:01+00:00,2016,inmigracion
KMpZLaVkxSo,@EduardoPerez-lw4zr,2024-11-28 13:30:27+00:00,0,😎😎😎😎😎😎😎😎😎😎😎😎😎😎,Una detenida se niega a identificarse a la Policía – Policías en Acción,laSexta,2016-07-21 19:30:01+00:00,2016,inmigracion
KMpZLaVkxSo,@juliovaladesFernández,2024-08-28 13:50:20+00:00,0,Menos mal que el video es anterior a que dejaran la caja del super  las locas del xixi montero belarra y compañía  si no este pllicia esta em guantamamo😂😂,Una detenida se niega a identificarse a la Policía – Policías en Acción,laSexta,2016-07-21 19:30:01+00:00,2016,inmigracion
KMpZLaVkxSo,@luisnegrocarretilla2434,2024-12-26 03:29:16+00:00,1,"AQUÍ EXCELENTE LA POLICÍA DE ESPAÑA, 🇪🇸, EL ORDEN ES LO MÁS PRECIADO.",Una detenida se niega a identificarse a la Policía – Policías en Acción,laSexta,2016-07-21 19:30:01+00:00,2016,inmigracion
KMpZLaVkxSo,@manuelroselloburguet7257,2023-09-21 11:30:06+00:00,0,Chulos,Una detenida se niega a identificarse a la Policía – Policías en Acción,laSexta,2016-07-21 19:30:01+00:00,2016,inmigracion
KMpZLaVkxSo,@aaa_97659,2024-08-02 03:30:29+00:00,0,18 legislativo,Una detenida se niega a identificarse a la Policía – Policías en Acción,laSexta,2016-07-21 19:30:01+00:00,2016,inmigracion
KMpZLaVkxSo,@rs3tuber425,2024-12-31 21:35:58+00:00,1,"31 de Diciembre del 2024, aqui vengo a dejar otra vez mi comentario. Esto si que es un policia en condiciones y la mujer una borracha feminista que se hace de victima. Bien por el policia, demasiado ha tenido que aguantar.",Una detenida se niega a identificarse a la Policía – Policías en Acción,laSexta,2016-07-21 19:30:01+00:00,2016,inmigracion
KMpZLaVkxSo,@aaa_97659,2026-01-27 22:37:34+00:00,0,así es el mundo=18,Una detenida se niega a identificarse a la Policía – Policías en Acción,laSexta,2016-07-21 19:30:01+00:00,2016,inmigracion
KMpZLaVkxSo,@Toñin8691,2024-08-23 20:10:33+00:00,0,"Como bien dice el dicho castellano : «Un guantazo a tiempo, evita males mayores» . ¡ Qué pena cómo está España ! .",Una detenida se niega a identificarse a la Policía – Policías en Acción,laSexta,2016-07-21 19:30:01+00:00,2016,inmigracion
KMpZLaVkxSo,@javierprietocarballo8597,2024-06-16 09:16:23+00:00,1,Ole ese policía un diez a por ellas,Una detenida se niega a identificarse a la Policía – Policías en Acción,laSexta,2016-07-21 19:30:01+00:00,2016,inmigracion
KMpZLaVkxSo,@maxmarrero-369,2024-06-03 22:38:31+00:00,1,El policía tan generoso  y esos dos son mal agradecidos. Me alegro que fueron arrestados.,Una detenida se niega a identificarse a la Policía – Policías en Acción,laSexta,2016-07-21 19:30:01+00:00,2016,inmigracion
KMpZLaVkxSo,@ricardonavarro4387,2026-06-30 00:25:26+00:00,0,"Pero si la chica ha dicho que le iba a dar la documentación, lo que no se entiende es por qué no la deja decir que porque se tiene que ir por ahí si está en la calle, todo el rato la está cortando con dame la documentación y porque le arranca el bolso si no lo puede hacer es personal. Que Prepotencia.",Una detenida se niega a identificarse a la Policía – Policías en Acción,laSexta,2016-07-21 19:30:01+00:00,2016,inmigracion
KMpZLaVkxSo,@triki825,2024-01-11 04:03:46+00:00,0,Señorita,Una detenida se niega a identificarse a la Policía – Policías en Acción,laSexta,2016-07-21 19:30:01+00:00,2016,inmigracion
KMpZLaVkxSo,@esqueletorsalvavidas,2025-01-27 17:51:14+00:00,0,Es😂😂😂😂,Una detenida se niega a identificarse a la Policía – Policías en Acción,laSexta,2016-07-21 19:30:01+00:00,2016,inmigracion
KMpZLaVkxSo,@alexsegura7567,2024-03-02 06:32:16+00:00,1,"Venga pa pa la te, por listilla y podemita",Una detenida se niega a identificarse a la Policía – Policías en Acción,laSexta,2016-07-21 19:30:01+00:00,2016,inmigracion
KMpZLaVkxSo,@AlejandroSanchez-ls4hh,2024-02-19 01:41:27+00:00,0,Pocos se dan cuenta de que han puesto el principio del video de una manera estratégica...Será que el policía le dio a propósito en el brazo para tirarle la botella? O realmente se chocaron involuntariamente? O es todo un montaje? 😅,Una detenida se niega a identificarse a la Policía – Policías en Acción,laSexta,2016-07-21 19:30:01+00:00,2016,inmigracion
KMpZLaVkxSo,@saucespicy5683,2024-02-27 23:49:08+00:00,0,Ésta no se emborracha ya,Una detenida se niega a identificarse a la Policía – Policías en Acción,laSexta,2016-07-21 19:30:01+00:00,2016,inmigracion
KMpZLaVkxSo,@laleyeslarazonlibredelapas8485,2024-02-13 12:33:43+00:00,0,Yo soy un ex soldado y si un policía me pide la documentación y yo soy muy obediente y respetuoso.,Una detenida se niega a identificarse a la Policía – Policías en Acción,laSexta,2016-07-21 19:30:01+00:00,2016,inmigracion
KMpZLaVkxSo,@mbcacttion6574,2024-10-25 22:56:46+00:00,0,"Principio 😂🤡

Final   💩😭",Una detenida se niega a identificarse a la Policía – Policías en Acción,laSexta,2016-07-21 19:30:01+00:00,2016,inmigracion
KMpZLaVkxSo,@JesúsYáñezSánchez,2026-06-14 11:39:54+00:00,0,"Bravo por ese policía, mucho ha aguantado",Una detenida se niega a identificarse a la Policía – Policías en Acción,laSexta,2016-07-21 19:30:01+00:00,2016,inmigracion
KMpZLaVkxSo,@carloscodazzi6914,2024-03-01 20:28:14+00:00,0,El policía para mí se llama PABLO.,Una detenida se niega a identificarse a la Policía – Policías en Acción,laSexta,2016-07-21 19:30:01+00:00,2016,inmigracion
KMpZLaVkxSo,@mariafelicidadferrisclari1620,2025-01-01 14:03:03+00:00,0,Cuanto yienen q aguantat los agentes. Cuando don los q nos degienden cdo los necesitamis.,Una detenida se niega a identificarse a la Policía – Policías en Acción,laSexta,2016-07-21 19:30:01+00:00,2016,inmigracion
KMpZLaVkxSo,@pepepepe2874,2026-06-17 07:22:13+00:00,0,SEÑORITA???,Una detenida se niega a identificarse a la Policía – Policías en Acción,laSexta,2016-07-21 19:30:01+00:00,2016,inmigracion
KMpZLaVkxSo,@XicoRodri,2024-03-11 01:19:47+00:00,0,Toma igualdad señorita,Una detenida se niega a identificarse a la Policía – Policías en Acción,laSexta,2016-07-21 19:30:01+00:00,2016,inmigracion
KMpZLaVkxSo,@Zenke_R35,2024-05-22 01:06:45+00:00,0,Muy bien la policia ahí,Una detenida se niega a identificarse a la Policía – Policías en Acción,laSexta,2016-07-21 19:30:01+00:00,2016,inmigracion
KMpZLaVkxSo,@joseluissaavedra9781,2024-01-22 00:19:59+00:00,0,Muy bien la policía,Una detenida se niega a identificarse a la Policía – Policías en Acción,laSexta,2016-07-21 19:30:01+00:00,2016,inmigracion
KMpZLaVkxSo,@AleexAmaroo,2026-02-23 13:21:09+00:00,0,vale?,Una detenida se niega a identificarse a la Policía – Policías en Acción,laSexta,2016-07-21 19:30:01+00:00,2016,inmigracion
KMpZLaVkxSo,@teagenesjenofonte6984,2023-07-18 17:20:02+00:00,0,"Pienso de que si alguien es policía no debe decir ""Por favor"" cuando pidas documentos o se trata de otro asunto sospechoso.",Una detenida se niega a identificarse a la Policía – Policías en Acción,laSexta,2016-07-21 19:30:01+00:00,2016,inmigracion
KMpZLaVkxSo,@javiergilortega7198,2023-11-05 14:20:19+00:00,0,"cómo me gusta este video ,la mujer se lo merece ,este tipo de personas que aprovechan las leyes para creerse intocables el 10 al policía y ella al calabozo,que medite un poquito",Una detenida se niega a identificarse a la Policía – Policías en Acción,laSexta,2016-07-21 19:30:01+00:00,2016,inmigracion
KMpZLaVkxSo,@DavidGomez-zk2hv,2024-01-26 07:16:34+00:00,1,"El abuso policial puede ser un delito muy grave  , aunque no es el caso en este video",Una detenida se niega a identificarse a la Policía – Policías en Acción,laSexta,2016-07-21 19:30:01+00:00,2016,inmigracion
KMpZLaVkxSo,@jesusbellota333,2024-02-29 12:48:15+00:00,1,"Pero bueno yo no esque defienda al policia pero esta haciendo su trabajo y rsta chica se dirigeba el con una prepotencia que normal que la pase esto y la pasara , te esta pidiendo la documentación pues dasela",Una detenida se niega a identificarse a la Policía – Policías en Acción,laSexta,2016-07-21 19:30:01+00:00,2016,inmigracion
KMpZLaVkxSo,@aaa_97659,2024-08-02 03:31:35+00:00,0,Es de mi propiedad=18,Una detenida se niega a identificarse a la Policía – Policías en Acción,laSexta,2016-07-21 19:30:01+00:00,2016,inmigracion
KMpZLaVkxSo,@angelchica-i8h,2026-06-01 20:52:48+00:00,0,NO SÉ PUEDE TOCAR UNA AUTORIDAD POLICIAL,Una detenida se niega a identificarse a la Policía – Policías en Acción,laSexta,2016-07-21 19:30:01+00:00,2016,inmigracion
KMpZLaVkxSo,@manuelgutierrez2040,2025-04-06 16:15:04+00:00,0,Y COMO SABE QUE HA BEBIDO???,Una detenida se niega a identificarse a la Policía – Policías en Acción,laSexta,2016-07-21 19:30:01+00:00,2016,inmigracion
KMpZLaVkxSo,@yonigenuine,2024-08-23 17:07:42+00:00,0,"No sé porqué iba a negarse a identificarse, si se niega por algo (no bueno) será.",Una detenida se niega a identificarse a la Policía – Policías en Acción,laSexta,2016-07-21 19:30:01+00:00,2016,inmigracion
KMpZLaVkxSo,@BlackJack0021,2024-07-11 19:23:01+00:00,0,La tipa se lo buscó🤦‍♂️,Una detenida se niega a identificarse a la Policía – Policías en Acción,laSexta,2016-07-21 19:30:01+00:00,2016,inmigracion
KMpZLaVkxSo,@mariagb6129,2024-02-26 20:31:46+00:00,0,Da miedo esta sociedad,Una detenida se niega a identificarse a la Policía – Policías en Acción,laSexta,2016-07-21 19:30:01+00:00,2016,inmigracion
KMpZLaVkxSo,@jmsolisac,2026-06-06 15:09:09+00:00,0,"La intervención es muy buena, la escalada es progresiva y se le avisa de forma continua. Le pide documentación y le advierte que es para proponerla para sanción, todo lo hace de forma correcta. Ella se complicó, probablemente no le habría llegado ni la multa, y acabó detenida por tonta y por borracha.",Una detenida se niega a identificarse a la Policía – Policías en Acción,laSexta,2016-07-21 19:30:01+00:00,2016,inmigracion
KMpZLaVkxSo,@fabriziocolombo8396,2024-12-29 17:54:13+00:00,0,"E' cosi che si fa!!!!, la prossima volta ci pensa due volte ammiro la polizia Spagnola.👏👏",Una detenida se niega a identificarse a la Policía – Policías en Acción,laSexta,2016-07-21 19:30:01+00:00,2016,inmigracion
KMpZLaVkxSo,@guadaluperegueroiglesias8299,2024-09-16 14:41:18+00:00,0,"Si no sabes mear no bebas, enhorabuena Sr policía",Una detenida se niega a identificarse a la Policía – Policías en Acción,laSexta,2016-07-21 19:30:01+00:00,2016,inmigracion
KMpZLaVkxSo,@davlex,2025-03-17 18:15:10+00:00,0,En el momento en q ella le empezo a querer pegar ahi se tiene q acabar todo,Una detenida se niega a identificarse a la Policía – Policías en Acción,laSexta,2016-07-21 19:30:01+00:00,2016,inmigracion
KMpZLaVkxSo,@josemanuelgonzalezbarrios9702,2023-09-24 10:49:35+00:00,0,Es valiente el policia muy valiente,Una detenida se niega a identificarse a la Policía – Policías en Acción,laSexta,2016-07-21 19:30:01+00:00,2016,inmigracion
KMpZLaVkxSo,@manpochver,2023-07-26 10:36:17+00:00,0,¡Qué paciencia el policía con esa gilip....!,Una detenida se niega a identificarse a la Policía – Policías en Acción,laSexta,2016-07-21 19:30:01+00:00,2016,inmigracion
KMpZLaVkxSo,@manuelup,2024-08-10 11:25:23+00:00,0,Pummm al suelo,Una detenida se niega a identificarse a la Policía – Policías en Acción,laSexta,2016-07-21 19:30:01+00:00,2016,inmigracion
KMpZLaVkxSo,@oscarrubio9456,2023-07-15 08:01:03+00:00,0,O soto gari de manual,Una detenida se niega a identificarse a la Policía – Policías en Acción,laSexta,2016-07-21 19:30:01+00:00,2016,inmigracion
KMpZLaVkxSo,@lavozdelatrinchera1936,2023-07-29 20:23:08+00:00,0,"Muy bien hecho, no me puedo creer que se sea tan tontisima.",Una detenida se niega a identificarse a la Policía – Policías en Acción,laSexta,2016-07-21 19:30:01+00:00,2016,inmigracion
KMpZLaVkxSo,@MariadelosÁngelesGutiérrez-q2e,2025-10-15 15:47:51+00:00,0,Yo con la policía Respetó y me evito problemas 😊,Una detenida se niega a identificarse a la Policía – Policías en Acción,laSexta,2016-07-21 19:30:01+00:00,2016,inmigracion
KMpZLaVkxSo,@NelsonReyescanales,2023-08-01 03:47:32+00:00,0,Le esta pidiendo la documentacion y hay que darselos nada mas o pedir disculpas nada deceso hubiera pasado,Una detenida se niega a identificarse a la Policía – Policías en Acción,laSexta,2016-07-21 19:30:01+00:00,2016,inmigracion
KMpZLaVkxSo,@Manolo-v9w,2024-01-06 23:20:40+00:00,0,"De. Señorita. A. Mier De Sita. Con. Esposita. 
Soberbio. El. Policía. Magnifico.",Una detenida se niega a identificarse a la Policía – Policías en Acción,laSexta,2016-07-21 19:30:01+00:00,2016,inmigracion
KMpZLaVkxSo,@Mariaphilologa,2025-02-20 20:53:33+00:00,1,De señorita no tiene nada,Una detenida se niega a identificarse a la Policía – Policías en Acción,laSexta,2016-07-21 19:30:01+00:00,2016,inmigracion
KMpZLaVkxSo,@Damacan7,2024-07-21 02:48:17+00:00,0,Que gran policia es el padre de @bycalitos,Una detenida se niega a identificarse a la Policía – Policías en Acción,laSexta,2016-07-21 19:30:01+00:00,2016,inmigracion
KMpZLaVkxSo,@lizzydaniela,2024-05-08 21:16:21+00:00,0,una feminista en plena accion,Una detenida se niega a identificarse a la Policía – Policías en Acción,laSexta,2016-07-21 19:30:01+00:00,2016,inmigracion
KMpZLaVkxSo,@ArmandoGarcíaCruz-v5m,2025-12-04 19:53:22+00:00,0,"Muy bien, si debe de ser la policia",Una detenida se niega a identificarse a la Policía – Policías en Acción,laSexta,2016-07-21 19:30:01+00:00,2016,inmigracion
KMpZLaVkxSo,@elianedavila5452,2026-07-06 22:11:42+00:00,0,LO QUE HACE EL ALCOHOL😠,Una detenida se niega a identificarse a la Policía – Policías en Acción,laSexta,2016-07-21 19:30:01+00:00,2016,inmigracion
KMpZLaVkxSo,@majorkraft3460,2025-04-08 09:48:47+00:00,0,Este no es un bulo de la sesta,Una detenida se niega a identificarse a la Policía – Policías en Acción,laSexta,2016-07-21 19:30:01+00:00,2016,inmigracion
KMpZLaVkxSo,@ArturoValderrey,2024-09-17 08:48:00+00:00,0,le esta al pelo,Una detenida se niega a identificarse a la Policía – Policías en Acción,laSexta,2016-07-21 19:30:01+00:00,2016,inmigracion
KMpZLaVkxSo,@javierbotella13,2024-08-07 10:11:37+00:00,1,"La actuación del policía es correcta, aguanta con mucha paciencia  las malas artes de la mujer.",Una detenida se niega a identificarse a la Policía – Policías en Acción,laSexta,2016-07-21 19:30:01+00:00,2016,inmigracion
KMpZLaVkxSo,@Barjac14,2025-03-27 12:05:41+00:00,0,y el punto sin policias!! grande mohamed me cambie de bando y me va mucho mejor que siendo la mujer y el pilicia,Una detenida se niega a identificarse a la Policía – Policías en Acción,laSexta,2016-07-21 19:30:01+00:00,2016,inmigracion
KMpZLaVkxSo,@marialidiabello1811,2024-09-20 08:50:01+00:00,0,"Bien echo señor policía,  muy bien echo, si no aprendió en su casa que aprenda buena educación por las malas",Una detenida se niega a identificarse a la Policía – Policías en Acción,laSexta,2016-07-21 19:30:01+00:00,2016,inmigracion
KMpZLaVkxSo,@juanjomonlleo6965,2024-02-03 06:21:18+00:00,0,Que chulos son con uniforme,Una detenida se niega a identificarse a la Policía – Policías en Acción,laSexta,2016-07-21 19:30:01+00:00,2016,inmigracion
KMpZLaVkxSo,@alpheratz9958,2026-06-13 12:25:39+00:00,0,este canal tiene escaso valor informativo,Una detenida se niega a identificarse a la Policía – Policías en Acción,laSexta,2016-07-21 19:30:01+00:00,2016,inmigracion
KMpZLaVkxSo,@jorgeartiles227,2024-01-07 11:45:31+00:00,1,El policía actuó correctamente me agredes procedo y punto,Una detenida se niega a identificarse a la Policía – Policías en Acción,laSexta,2016-07-21 19:30:01+00:00,2016,inmigracion
KMpZLaVkxSo,@inmaramostortajada4963,2024-07-04 11:30:04+00:00,0,"Hale,a dormir la mona en la tena!!!",Una detenida se niega a identificarse a la Policía – Policías en Acción,laSexta,2016-07-21 19:30:01+00:00,2016,inmigracion
KMpZLaVkxSo,@yomismo8778,2023-08-08 10:32:06+00:00,0,"Viva el cuerpo nacional de policía.
Vuestro trabajo es impagable.",Una detenida se niega a identificarse a la Policía – Policías en Acción,laSexta,2016-07-21 19:30:01+00:00,2016,inmigracion
KMpZLaVkxSo,@javierbartolomefrances985,2024-07-04 01:23:06+00:00,0,"Para empezar, ésa mujer!! No está detenida!!!.",Una detenida se niega a identificarse a la Policía – Policías en Acción,laSexta,2016-07-21 19:30:01+00:00,2016,inmigracion
KMpZLaVkxSo,@christianhuarcayaazanon6526,2024-10-29 19:57:34+00:00,0,El policía nacional no puede quitarle la mochila está totalmente prohibido,Una detenida se niega a identificarse a la Policía – Policías en Acción,laSexta,2016-07-21 19:30:01+00:00,2016,inmigracion
KMpZLaVkxSo,@GildardoCardona-gv7bz,2023-09-14 15:04:06+00:00,3,Duro. Con. Esa. Drogadicta. Respete. La. Autoridad.,Una detenida se niega a identificarse a la Policía – Policías en Acción,laSexta,2016-07-21 19:30:01+00:00,2016,inmigracion
KMpZLaVkxSo,@hueso3793,2025-06-08 16:07:55+00:00,0,Excelente la Policía de mi Madre Patria.,Una detenida se niega a identificarse a la Policía – Policías en Acción,laSexta,2016-07-21 19:30:01+00:00,2016,inmigracion
KMpZLaVkxSo,@Manuell335-f6e,2024-12-19 03:49:41+00:00,0,"Perroflauta al suelo, siempre vuelvo a ver este video 😂😂😂😂😂😂😂",Una detenida se niega a identificarse a la Policía – Policías en Acción,laSexta,2016-07-21 19:30:01+00:00,2016,inmigracion
KMpZLaVkxSo,@MiHijoMexico,2024-05-28 12:14:12+00:00,1,"La próxima vez presentara su DNI antes que se lo pidan, a dormir al calabozo para que se le quite lo prepotente, a la autoridad respeto. Fin.-",Una detenida se niega a identificarse a la Policía – Policías en Acción,laSexta,2016-07-21 19:30:01+00:00,2016,inmigracion
KMpZLaVkxSo,@melongjigme,2026-04-23 09:48:04+00:00,0,La policía tiene que espabilar,Una detenida se niega a identificarse a la Policía – Policías en Acción,laSexta,2016-07-21 19:30:01+00:00,2016,inmigracion
KMpZLaVkxSo,@RomuloRemoChávezSoto-h2b,2025-07-10 20:11:03+00:00,0,El policía peruano tiene miedo aser esto,Una detenida se niega a identificarse a la Policía – Policías en Acción,laSexta,2016-07-21 19:30:01+00:00,2016,inmigracion
KMpZLaVkxSo,@virginiagarciacelis2407,2025-04-13 21:27:37+00:00,0,Mi aplauso para ese policia,Una detenida se niega a identificarse a la Policía – Policías en Acción,laSexta,2016-07-21 19:30:01+00:00,2016,inmigracion
KMpZLaVkxSo,@JoseCastillo-rd7tr,2024-11-08 06:08:58+00:00,0,El alcohol d garrafon q mal sienta.,Una detenida se niega a identificarse a la Policía – Policías en Acción,laSexta,2016-07-21 19:30:01+00:00,2016,inmigracion
KMpZLaVkxSo,@GustavoGarcia-pu5st,2026-01-08 00:42:46+00:00,0,él la golpeó y por eso se le cayó la botella....,Una detenida se niega a identificarse a la Policía – Policías en Acción,laSexta,2016-07-21 19:30:01+00:00,2016,inmigracion
KMpZLaVkxSo,@aguantejuan9408,2023-09-15 12:47:52+00:00,0,FELICITACIONES AL POLICIA,Una detenida se niega a identificarse a la Policía – Policías en Acción,laSexta,2016-07-21 19:30:01+00:00,2016,inmigracion
KMpZLaVkxSo,@aaa_97659,2024-07-19 16:23:14+00:00,0,Entre 10...=18,Una detenida se niega a identificarse a la Policía – Policías en Acción,laSexta,2016-07-21 19:30:01+00:00,2016,inmigracion
KMpZLaVkxSo,@manualex667,2024-12-18 21:39:42+00:00,0,En la carcel se le pasa la borrachera. Hoy se creen que son intocables haciéndose la victima.,Una detenida se niega a identificarse a la Policía – Policías en Acción,laSexta,2016-07-21 19:30:01+00:00,2016,inmigracion
KMpZLaVkxSo,@josejavier-abarzuza,2024-02-05 05:58:09+00:00,3,"por hacerle esa llave a una persona bebida (es indiferente que la chica debe obedecer pero esta en estado ebrio) por hacer esa llave podria ocasionarle una  fractura craneal grave y morir.   Morir por una ""multita""-El agente se excede y muestra una irresponsabilidad terrible.",Una detenida se niega a identificarse a la Policía – Policías en Acción,laSexta,2016-07-21 19:30:01+00:00,2016,inmigracion
KMpZLaVkxSo,@aaa_97659,2024-07-19 16:22:29+00:00,0,La realidad=18,Una detenida se niega a identificarse a la Policía – Policías en Acción,laSexta,2016-07-21 19:30:01+00:00,2016,inmigracion
KMpZLaVkxSo,@MrRamirez40,2024-01-10 17:52:25+00:00,0,Bien hecho pues solo les estaban pidiendo documentacion.Bien hecho .,Una detenida se niega a identificarse a la Policía – Policías en Acción,laSexta,2016-07-21 19:30:01+00:00,2016,inmigracion
KMpZLaVkxSo,@aaa_97659,2024-07-19 16:23:29+00:00,0,Arriesgan su vida=18,Una detenida se niega a identificarse a la Policía – Policías en Acción,laSexta,2016-07-21 19:30:01+00:00,2016,inmigracion
KMpZLaVkxSo,@CESARHUARACHIROMERO,2023-12-28 19:42:59+00:00,0,"Bien echo bravos,    mi apoyo al policía",Una detenida se niega a identificarse a la Policía – Policías en Acción,laSexta,2016-07-21 19:30:01+00:00,2016,inmigracion
KMpZLaVkxSo,@melongjigme,2026-04-23 09:46:50+00:00,0,"Qué chulería, se sienten superiores 😡",Una detenida se niega a identificarse a la Policía – Policías en Acción,laSexta,2016-07-21 19:30:01+00:00,2016,inmigracion
KMpZLaVkxSo,@IgnacioVidalRodríguez,2024-10-13 01:04:11+00:00,0,"A ver, que soy una Charo, apártese el personal.",Una detenida se niega a identificarse a la Policía – Policías en Acción,laSexta,2016-07-21 19:30:01+00:00,2016,inmigracion
KMpZLaVkxSo,@TRAQUETER,2023-09-22 20:22:45+00:00,0,Si le hubiera dado dos ostias desde el principio…..,Una detenida se niega a identificarse a la Policía – Policías en Acción,laSexta,2016-07-21 19:30:01+00:00,2016,inmigracion
KMpZLaVkxSo,@unaiochoavalverde864,2024-05-13 12:17:12+00:00,1,Mal los dos para mi.,Una detenida se niega a identificarse a la Policía – Policías en Acción,laSexta,2016-07-21 19:30:01+00:00,2016,inmigracion
KMpZLaVkxSo,@aaa_97659,2026-01-27 22:38:06+00:00,0,el Time de Dios es perfecto=18,Una detenida se niega a identificarse a la Policía – Policías en Acción,laSexta,2016-07-21 19:30:01+00:00,2016,inmigracion
KMpZLaVkxSo,@Barjac14,2025-03-27 12:06:30+00:00,0,"1,2,3 ves al rabat pitufin",Una detenida se niega a identificarse a la Policía – Policías en Acción,laSexta,2016-07-21 19:30:01+00:00,2016,inmigracion
KMpZLaVkxSo,@noelpalacios7816,2026-06-08 21:29:17+00:00,0,mejor trabajar asi que combatiendo a los delincuentes,Una detenida se niega a identificarse a la Policía – Policías en Acción,laSexta,2016-07-21 19:30:01+00:00,2016,inmigracion
KMpZLaVkxSo,@seba3130,2024-08-07 01:29:05+00:00,0,Perfecto Accionar de la Policía de España 👌👏👏👏👏🇪🇦👌,Una detenida se niega a identificarse a la Policía – Policías en Acción,laSexta,2016-07-21 19:30:01+00:00,2016,inmigracion
KMpZLaVkxSo,@mariagb6129,2024-02-26 20:31:24+00:00,0,"Esta sociedad, más violencia, más esto se va a ver",Una detenida se niega a identificarse a la Policía – Policías en Acción,laSexta,2016-07-21 19:30:01+00:00,2016,inmigracion
KMpZLaVkxSo,@CarlosCodazzi,2025-04-20 00:21:57+00:00,0,Lo felicito al policía,Una detenida se niega a identificarse a la Policía – Policías en Acción,laSexta,2016-07-21 19:30:01+00:00,2016,inmigracion
KMpZLaVkxSo,@kroqis42,2024-10-17 22:21:09+00:00,0,PERDONA PERO EL Q A TIRADO LA BOTELLA ES EL POLICIA SE VE AL PRINCIPO DEL VIDEO pobrecita,Una detenida se niega a identificarse a la Policía – Policías en Acción,laSexta,2016-07-21 19:30:01+00:00,2016,inmigracion
KMpZLaVkxSo,@dekuthebe,2024-01-09 18:12:53+00:00,0,"La mujer a hecho muy mal en no darle la documentacion, pero el policia llega a hacer eso de tirar al suelo a mi mujer o mi madre no la cuenta vamos",Una detenida se niega a identificarse a la Policía – Policías en Acción,laSexta,2016-07-21 19:30:01+00:00,2016,inmigracion
KMpZLaVkxSo,@jeremiasjomson,2023-09-09 13:29:20+00:00,1,Esto en usa la reventaban menuda escoria,Una detenida se niega a identificarse a la Policía – Policías en Acción,laSexta,2016-07-21 19:30:01+00:00,2016,inmigracion
KMpZLaVkxSo,@joserodriguezmartel7467,2024-07-26 15:59:10+00:00,0,Qué grande nuestra policía nacional la mejor policía del mundo ❤❤,Una detenida se niega a identificarse a la Policía – Policías en Acción,laSexta,2016-07-21 19:30:01+00:00,2016,inmigracion
KMpZLaVkxSo,@MariacelesteCuelloarias-cs5jv,2024-10-15 13:20:24+00:00,0,"cuidar mis clientes, protección amis hijas",Una detenida se niega a identificarse a la Policía – Policías en Acción,laSexta,2016-07-21 19:30:01+00:00,2016,inmigracion
KMpZLaVkxSo,@RoRo10129,2024-02-17 15:07:33+00:00,0,Jajajajaja los polis tan delicados y exagerados 😂😂😂 ... Igual la chica se lo merece por hacerse la payasa 👏👏💪,Una detenida se niega a identificarse a la Policía – Policías en Acción,laSexta,2016-07-21 19:30:01+00:00,2016,inmigracion
KMpZLaVkxSo,@YoAnselmo,2023-10-03 16:56:34+00:00,1,El policía se choca con ella provocando que tire la botella 😂 esa parte nadie se ha dado cuenta . La tía va borracha por lógica y sentido común tendría que tener más paciencia en vez de llevársela detenida 🤣menuda mierda de detenida se han hecho . El paloteo sin sentido del CNP 2.0 😂,Una detenida se niega a identificarse a la Policía – Policías en Acción,laSexta,2016-07-21 19:30:01+00:00,2016,inmigracion
KMpZLaVkxSo,@domenico3192,2024-03-03 19:47:36+00:00,0,Ok mi piace la polizzia spagnola e cosi che va fatto ha chi fa il prepotente,Una detenida se niega a identificarse a la Policía – Policías en Acción,laSexta,2016-07-21 19:30:01+00:00,2016,inmigracion
KMpZLaVkxSo,@inmaculadapoderosolopez5739,2025-04-29 08:45:58+00:00,0,"Bravo
Bravo
Viva la policía nacional",Una detenida se niega a identificarse a la Policía – Policías en Acción,laSexta,2016-07-21 19:30:01+00:00,2016,inmigracion
KMpZLaVkxSo,@Fernando-pr3nh,2024-12-05 06:17:49+00:00,0,Nada señorita al truyo.!,Una detenida se niega a identificarse a la Policía – Policías en Acción,laSexta,2016-07-21 19:30:01+00:00,2016,inmigracion
KMpZLaVkxSo,@danielmartinez8845,2023-12-21 17:41:13+00:00,0,Le exagero el policía al pedirle su documento y no hizo caso,Una detenida se niega a identificarse a la Policía – Policías en Acción,laSexta,2016-07-21 19:30:01+00:00,2016,inmigracion
KMpZLaVkxSo,@jantxvnio,2023-10-17 12:56:51+00:00,1,Se lo merece la chica,Una detenida se niega a identificarse a la Policía – Policías en Acción,laSexta,2016-07-21 19:30:01+00:00,2016,inmigracion
KMpZLaVkxSo,@JavierMartínezpinto-k7c,2023-10-07 07:57:54+00:00,0,Bien por el policía!,Una detenida se niega a identificarse a la Policía – Policías en Acción,laSexta,2016-07-21 19:30:01+00:00,2016,inmigracion
KMpZLaVkxSo,@Zarzote,2025-01-11 23:13:24+00:00,0,Un policía nacional te corta el rollo,Una detenida se niega a identificarse a la Policía – Policías en Acción,laSexta,2016-07-21 19:30:01+00:00,2016,inmigracion
KMpZLaVkxSo,@luismora9572,2026-03-02 17:59:14+00:00,0,"""Al que te pida, dale""....MATEO 5.14😎",Una detenida se niega a identificarse a la Policía – Policías en Acción,laSexta,2016-07-21 19:30:01+00:00,2016,inmigracion
KMpZLaVkxSo,@toryhidalgo4777,2024-05-29 08:49:18+00:00,0,Hay gentuza que tiene mal beber,Una detenida se niega a identificarse a la Policía – Policías en Acción,laSexta,2016-07-21 19:30:01+00:00,2016,inmigracion
KMpZLaVkxSo,@ritasimonO7,2024-08-31 10:16:59+00:00,1,por cabra..,Una detenida se niega a identificarse a la Policía – Policías en Acción,laSexta,2016-07-21 19:30:01+00:00,2016,inmigracion
KMpZLaVkxSo,@eduardogarciadelavega6032,2023-11-23 15:28:46+00:00,0,Prueba de alcoholemia y estupefacientes a la señorita.,Una detenida se niega a identificarse a la Policía – Policías en Acción,laSexta,2016-07-21 19:30:01+00:00,2016,inmigracion
KMpZLaVkxSo,@thorragnarok8332,2025-04-06 21:54:14+00:00,0,"El policia tiene pintas de farlopero y discoteca años 90, jajaja luego se hacen polis",Una detenida se niega a identificarse a la Policía – Policías en Acción,laSexta,2016-07-21 19:30:01+00:00,2016,inmigracion
KMpZLaVkxSo,@tulosegaslimalama3487,2026-06-07 12:01:25+00:00,0,"Si os tiran así, lo mejor es pedir que te lleven a un hospital y habrás corpusy si te lo niegan pues al juzgado se guardia y denunciarles. Un hostizao como ese te puede joder un avertebra y dejarte mal.",Una detenida se niega a identificarse a la Policía – Policías en Acción,laSexta,2016-07-21 19:30:01+00:00,2016,inmigracion
KMpZLaVkxSo,@carloscodazzi6914,2024-01-06 23:34:53+00:00,0,El novio de CAROLINA se  llama  GUSTAVO,Una detenida se niega a identificarse a la Policía – Policías en Acción,laSexta,2016-07-21 19:30:01+00:00,2016,inmigracion
KMpZLaVkxSo,@CeciliaMartinez-nq6zr,2024-02-03 03:16:23+00:00,0,"👍Muy Bien
Señor
Policía 
👏👏👏👏👏
A
LA AUTORIDAD 
SE RESPETA",Una detenida se niega a identificarse a la Policía – Policías en Acción,laSexta,2016-07-21 19:30:01+00:00,2016,inmigracion
KMpZLaVkxSo,@alejandromartincastro2947,2024-09-19 11:49:22+00:00,0,"No defiendo el comportamiento de ella, pero una pregunta ,en qué momento se ha negado a darle la documentación? Que tiene que dársela en 3 segundos? A mí me parece exagerada la presión del policía. No digo q haya actuado mal después porq ella se ha puesto agresiva, pero no entiendo muy bien, con que derecho exige que se le dé la documentación en 3 segundos. Si hay algún experto por aquí, y quiere informarme , estaría encantado de escucharle",Una detenida se niega a identificarse a la Policía – Policías en Acción,laSexta,2016-07-21 19:30:01+00:00,2016,inmigracion
KMpZLaVkxSo,@lordshadow1562,2025-04-02 19:22:57+00:00,0,"Por seguridad tengo que ver lo que lleva en el bolso...y la tira al suelo.
Si la chica se pone tensa es por él. Porque es tan fácil como decirla, mira, puedes sentarte ahí un momento, y cuando estés bien, me enseñas tu documentación? La tranquilizas, y ya está. Otra cosa es que, actuando así, veas una actitud violenta y negativa total a colaborar.


Además, ¿Quién es él para meter la mano en el bolso de la chica?  Te está diciendo que te la va a dar!!! Dale un momento, que se relaje, se sitúe, y saque la documentación, o lo haga su acompañante, pero no la presiones en su estado porque así agravas mas la situación.

En fin......",Una detenida se niega a identificarse a la Policía – Policías en Acción,laSexta,2016-07-21 19:30:01+00:00,2016,inmigracion
KMpZLaVkxSo,@松本直恵,2024-09-09 15:26:28+00:00,0,TSUTAYA レンタル,Una detenida se niega a identificarse a la Policía – Policías en Acción,laSexta,2016-07-21 19:30:01+00:00,2016,inmigracion
KMpZLaVkxSo,@aaa_97659,2024-12-16 19:07:05+00:00,0,Esposar=18 legislativo,Una detenida se niega a identificarse a la Policía – Policías en Acción,laSexta,2016-07-21 19:30:01+00:00,2016,inmigracion
KMpZLaVkxSo,@nahuelazt,2024-11-26 14:00:18+00:00,0,Tiene que volver esa Madre España que era antes,Una detenida se niega a identificarse a la Policía – Policías en Acción,laSexta,2016-07-21 19:30:01+00:00,2016,inmigracion
KMpZLaVkxSo,@rubencattanio2170,2024-12-23 08:05:27+00:00,0,Srita,Una detenida se niega a identificarse a la Policía – Policías en Acción,laSexta,2016-07-21 19:30:01+00:00,2016,inmigracion
KMpZLaVkxSo,@marialuz0218,2025-03-26 08:47:27+00:00,0,Hace 8 años quizá a la Sexta se le podía creer.... Ahora sinceramente no me creo NADA,Una detenida se niega a identificarse a la Policía – Policías en Acción,laSexta,2016-07-21 19:30:01+00:00,2016,inmigracion
KMpZLaVkxSo,@palomamunozsaiz5554,2024-12-14 21:28:58+00:00,0,Esta tia es una brasas,Una detenida se niega a identificarse a la Policía – Policías en Acción,laSexta,2016-07-21 19:30:01+00:00,2016,inmigracion
KMpZLaVkxSo,@waipi3,2023-12-30 21:00:00+00:00,0,Gracias a nuestra policía nacional por limpiar las calles . Gracias 💪,Una detenida se niega a identificarse a la Policía – Policías en Acción,laSexta,2016-07-21 19:30:01+00:00,2016,inmigracion
KMpZLaVkxSo,@Trailruing,2025-01-19 10:39:31+00:00,0,Q sepáis en ningún momento se a negado,Una detenida se niega a identificarse a la Policía – Policías en Acción,laSexta,2016-07-21 19:30:01+00:00,2016,inmigracion
KMpZLaVkxSo,@franciscocopete7740,2026-06-21 20:10:18+00:00,0,"Yo me hago una pregunta, que tiene que ver cuándo le dice; tú que votas al PP?",Una detenida se niega a identificarse a la Policía – Policías en Acción,laSexta,2016-07-21 19:30:01+00:00,2016,inmigracion
KMpZLaVkxSo,@benjaminandresnavarro4771,2023-08-22 14:03:13+00:00,0,"Esque la gente han perdido el norte, todo el mundo cree que puede hacer lo que le de la gana sin respetar a nadie. Donde hemos ido a parar.",Una detenida se niega a identificarse a la Policía – Policías en Acción,laSexta,2016-07-21 19:30:01+00:00,2016,inmigracion
KMpZLaVkxSo,@ryszardmirski8557,2025-01-11 14:50:25+00:00,0,Policía de barwo :),Una detenida se niega a identificarse a la Policía – Policías en Acción,laSexta,2016-07-21 19:30:01+00:00,2016,inmigracion
KMpZLaVkxSo,@martaspinolahorta6898,2025-10-14 16:18:20+00:00,0,Como se pasan los tios,Una detenida se niega a identificarse a la Policía – Policías en Acción,laSexta,2016-07-21 19:30:01+00:00,2016,inmigracion
KMpZLaVkxSo,@geriil6215,2025-03-15 17:20:13+00:00,0,"Mujeres como ""señorita"" las veo cada fin de semana en hostelería dando el show. 🙄",Una detenida se niega a identificarse a la Policía – Policías en Acción,laSexta,2016-07-21 19:30:01+00:00,2016,inmigracion
KMpZLaVkxSo,@albaprevitali5102,2024-07-16 13:54:19+00:00,0,"Ha già aspettato troppo x arrestarla ,sono prepotenti oltre che ladre",Una detenida se niega a identificarse a la Policía – Policías en Acción,laSexta,2016-07-21 19:30:01+00:00,2016,inmigracion
KMpZLaVkxSo,@martinpaul475,2023-10-07 22:33:57+00:00,0,"Por necia , bien el policía",Una detenida se niega a identificarse a la Policía – Policías en Acción,laSexta,2016-07-21 19:30:01+00:00,2016,inmigracion
KMpZLaVkxSo,@rrt2954,2023-11-27 17:46:45+00:00,0,Muchas felicitaciones para este guardia civil,Una detenida se niega a identificarse a la Policía – Policías en Acción,laSexta,2016-07-21 19:30:01+00:00,2016,inmigracion
KMpZLaVkxSo,@evaristohervalandeira3038,2024-12-11 19:25:29+00:00,0,Que manera más tonta de complicarse la vida te piden el DNI lo entregas y después te quejas❤,Una detenida se niega a identificarse a la Policía – Policías en Acción,laSexta,2016-07-21 19:30:01+00:00,2016,inmigracion
KMpZLaVkxSo,@cafesanta,2023-09-23 01:14:43+00:00,0,"Que paciencia la del policía, en serio, por menos que eso en mi país, El Salvador, te llevan preso. Tu no puedes tocar a un policía",Una detenida se niega a identificarse a la Policía – Policías en Acción,laSexta,2016-07-21 19:30:01+00:00,2016,inmigracion
KMpZLaVkxSo,@CarlosCodazzi,2024-12-09 03:11:10+00:00,0,El policia para mi se llama Francisco,Una detenida se niega a identificarse a la Policía – Policías en Acción,laSexta,2016-07-21 19:30:01+00:00,2016,inmigracion
KMpZLaVkxSo,@misterioyrealidad7842,2024-11-09 07:04:53+00:00,1,Pero esq yo no entiendo a estos ninis no le an enseñado nunca que si un policía te pide tú identificación tienes que darlas se la das ven que no eres nadie buscado o presuntos y ya está y te vas a casa a dormir la mona,Una detenida se niega a identificarse a la Policía – Policías en Acción,laSexta,2016-07-21 19:30:01+00:00,2016,inmigracion
KMpZLaVkxSo,@luisjerolo3965,2025-01-03 18:51:58+00:00,0,Ciertamente hay que aguantar mucho ....y las personas con dos o tres copitas de mas  no son muy colaborativas  en terminos generales ...luego vienen los arrepentimientos 😂😂....NOCHES DE DESENFRENO ...MAÑANAS DE IBUPROFENO ..,Una detenida se niega a identificarse a la Policía – Policías en Acción,laSexta,2016-07-21 19:30:01+00:00,2016,inmigracion
KMpZLaVkxSo,@mariohernandez-k9y9q,2024-11-06 01:44:00+00:00,0,El  Oficial de  Policia  fue   respetuoso  con  la  ciudadana  que  se  encontraba bajo los  efectos  del  Alcohol y  opuso  resistencia  al  requerimiento por  parte  del   Oficial para  ser  identificada  y  ademas    por beber Alcohol en la  via  Publica ..... NADIE ESTA POR ENCIMA DE LA LEY  !!!!!!!!!! ........,Una detenida se niega a identificarse a la Policía – Policías en Acción,laSexta,2016-07-21 19:30:01+00:00,2016,inmigracion
KMpZLaVkxSo,@ivanmontalvo3432,2024-08-08 22:21:37+00:00,0,Palos🇪🇦🇪🇦,Una detenida se niega a identificarse a la Policía – Policías en Acción,laSexta,2016-07-21 19:30:01+00:00,2016,inmigracion
KMpZLaVkxSo,@kevinjosephcungranda196,2026-07-13 07:19:47+00:00,0,Machismo 😂😂😂,Una detenida se niega a identificarse a la Policía – Policías en Acción,laSexta,2016-07-21 19:30:01+00:00,2016,inmigracion
KMpZLaVkxSo,@wambawamba2105,2025-07-03 21:40:50+00:00,1,"Me parece bien la actuación, pero a ver sin con los negacionistas del jamón actúan igual",Una detenida se niega a identificarse a la Policía – Policías en Acción,laSexta,2016-07-21 19:30:01+00:00,2016,inmigracion
KMpZLaVkxSo,@松本直恵,2024-09-09 15:27:42+00:00,0,地上波番組,Una detenida se niega a identificarse a la Policía – Policías en Acción,laSexta,2016-07-21 19:30:01+00:00,2016,inmigracion
KMpZLaVkxSo,@anthonyholder4490,2024-11-14 17:22:26+00:00,1,"🌚 🌚 🌚
L'EUROPE une DEMOCRATIE ❓ VOUS PLAISANTEZ JE SUPPOSE ⁉️
Les FAITS sont LÀ ☝️
🌚 🌚 🌚",Una detenida se niega a identificarse a la Policía – Policías en Acción,laSexta,2016-07-21 19:30:01+00:00,2016,inmigracion
KMpZLaVkxSo,@anonimeit319,2023-11-14 05:55:22+00:00,1,"Hacen eso ahora con la ley del si es si etc,y las feministas hacen minimo que lo expulsen del cuerpo de la policía",Una detenida se niega a identificarse a la Policía – Policías en Acción,laSexta,2016-07-21 19:30:01+00:00,2016,inmigracion
KMpZLaVkxSo,@rosac.6666,2023-07-16 09:29:14+00:00,0,"esto hace 6 años ahora hay poco mano dura con delincuentes más chungos que esta ""señorita""..",Una detenida se niega a identificarse a la Policía – Policías en Acción,laSexta,2016-07-21 19:30:01+00:00,2016,inmigracion
KMpZLaVkxSo,@nicanorfernandezfernadez7489,2024-02-09 23:21:51+00:00,0,"GORA ...,..... ESTO NO VA BIEN",Una detenida se niega a identificarse a la Policía – Policías en Acción,laSexta,2016-07-21 19:30:01+00:00,2016,inmigracion
KMpZLaVkxSo,@johantrujillo7438,2025-03-23 14:56:57+00:00,0,"No comparto al actitud de la señorita al no identificarse y su demas comportamiento, pero tengo una duda el policia puede arrancharte forzosamente tus pertenencias de esa manera si no te identificas?",Una detenida se niega a identificarse a la Policía – Policías en Acción,laSexta,2016-07-21 19:30:01+00:00,2016,inmigracion
KMpZLaVkxSo,@manuelsanchez-sj1hm,2026-02-04 17:01:50+00:00,0,"Se creen intocables , igualdad",Una detenida se niega a identificarse a la Policía – Policías en Acción,laSexta,2016-07-21 19:30:01+00:00,2016,inmigracion
KMpZLaVkxSo,@semcasas6570,2025-03-27 23:02:31+00:00,0,Si te piden la documentacion tu la das y a callar. y listo!.,Una detenida se niega a identificarse a la Policía – Policías en Acción,laSexta,2016-07-21 19:30:01+00:00,2016,inmigracion
KMpZLaVkxSo,@MiguelAngulo-mm2se,2024-09-28 17:54:49+00:00,0,Jerez de la frontera,Una detenida se niega a identificarse a la Policía – Policías en Acción,laSexta,2016-07-21 19:30:01+00:00,2016,inmigracion
KMpZLaVkxSo,@toretto500,2025-06-27 19:28:15+00:00,0,"Un Oscar por la Paciencia del Policia.
Beber en via publica.
Alcoholisada.
Tira la botella.(o se le cae pero ni se le da por recogerlo)
Se pone chula.
Golpea al Policia.",Una detenida se niega a identificarse a la Policía – Policías en Acción,laSexta,2016-07-21 19:30:01+00:00,2016,inmigracion
KMpZLaVkxSo,@oscarbarreda8,2024-03-07 23:38:09+00:00,0,"Cuando eres más chula que señorita, pasan estas cosas...",Una detenida se niega a identificarse a la Policía – Policías en Acción,laSexta,2016-07-21 19:30:01+00:00,2016,inmigracion
KMpZLaVkxSo,@carloscodazzi6914,2024-01-06 23:33:48+00:00,0,La chica se llama CAROLINA,Una detenida se niega a identificarse a la Policía – Policías en Acción,laSexta,2016-07-21 19:30:01+00:00,2016,inmigracion
KMpZLaVkxSo,@jacjoc7290,2024-10-07 08:20:19+00:00,0,La mitad de los españoles defienden la actitud de la chica. Por eso existen y existirán las dos Españas,Una detenida se niega a identificarse a la Policía – Policías en Acción,laSexta,2016-07-21 19:30:01+00:00,2016,inmigracion
KMpZLaVkxSo,@albertosg.6270,2024-02-12 12:21:54+00:00,0,Dos guantazos y se acababa la tonteria,Una detenida se niega a identificarse a la Policía – Policías en Acción,laSexta,2016-07-21 19:30:01+00:00,2016,inmigracion
KMpZLaVkxSo,@pepebenitezruiz,2026-01-30 20:40:36+00:00,0,segun el video... el policia ha actuado perfectamente!!,Una detenida se niega a identificarse a la Policía – Policías en Acción,laSexta,2016-07-21 19:30:01+00:00,2016,inmigracion
KMpZLaVkxSo,@elpunga91,2023-07-28 04:14:18+00:00,0,Que abuso el policía,Una detenida se niega a identificarse a la Policía – Policías en Acción,laSexta,2016-07-21 19:30:01+00:00,2016,inmigracion
KMpZLaVkxSo,@emiliopiquercliment,2024-07-28 17:17:13+00:00,0,Una buena ostia y se le va la tonteria,Una detenida se niega a identificarse a la Policía – Policías en Acción,laSexta,2016-07-21 19:30:01+00:00,2016,inmigracion
KMpZLaVkxSo,@rosarodriguezlopez265,2023-10-14 16:46:27+00:00,0,Llama a sus padres y k paguen una multa,Una detenida se niega a identificarse a la Policía – Policías en Acción,laSexta,2016-07-21 19:30:01+00:00,2016,inmigracion
KMpZLaVkxSo,@rosarodriguezlopez265,2023-10-14 16:45:27+00:00,0,2 hostiad,Una detenida se niega a identificarse a la Policía – Policías en Acción,laSexta,2016-07-21 19:30:01+00:00,2016,inmigracion
KMpZLaVkxSo,@virginiagarciacelis2407,2024-05-22 15:16:04+00:00,0,Ellos estan trabajando y con respeto te lo piden y si tu agredes pues a comisaria,Una detenida se niega a identificarse a la Policía – Policías en Acción,laSexta,2016-07-21 19:30:01+00:00,2016,inmigracion
KMpZLaVkxSo,@F.LuisC.J,2024-05-09 11:43:50+00:00,1,"Orgulloso de esta policía, no se puede ser mas profesional.",Una detenida se niega a identificarse a la Policía – Policías en Acción,laSexta,2016-07-21 19:30:01+00:00,2016,inmigracion
KMpZLaVkxSo,@RS7sportline,2026-03-18 14:10:42+00:00,0,"Lo primero que ese policía no puede registrar ni tocar nada , lo segundo ese policía está sentenciado de muerte",Una detenida se niega a identificarse a la Policía – Policías en Acción,laSexta,2016-07-21 19:30:01+00:00,2016,inmigracion
KMpZLaVkxSo,@justodejesus6410,2023-09-26 02:19:14+00:00,0,Honestamente lo digo la policía Española es muy Educadad,Una detenida se niega a identificarse a la Policía – Policías en Acción,laSexta,2016-07-21 19:30:01+00:00,2016,inmigracion
KMpZLaVkxSo,@JulianRodriguez-qy9om,2025-11-17 21:05:23+00:00,1,Si será una borde .Pero a los antijamón no les tiran  con esa violencia al suelo si no con mucho cuidado no se lesionen .,Una detenida se niega a identificarse a la Policía – Policías en Acción,laSexta,2016-07-21 19:30:01+00:00,2016,inmigracion
KMpZLaVkxSo,@Danielrodriges893,2023-08-01 18:26:30+00:00,0,pobres  los  policías  de tener  que  tratar  con esta clase de desgracia humana,Una detenida se niega a identificarse a la Policía – Policías en Acción,laSexta,2016-07-21 19:30:01+00:00,2016,inmigracion
KMpZLaVkxSo,@abrahammarin5560,2026-05-08 21:06:27+00:00,0,"Muy bien al talego, impresentable..",Una detenida se niega a identificarse a la Policía – Policías en Acción,laSexta,2016-07-21 19:30:01+00:00,2016,inmigracion
KMpZLaVkxSo,@polonius8692,2024-11-06 02:50:22+00:00,0,"De haber ido la chica sobria, le habría dado el DNI a la primera. Pero, no fue el caso.....",Una detenida se niega a identificarse a la Policía – Policías en Acción,laSexta,2016-07-21 19:30:01+00:00,2016,inmigracion
KMpZLaVkxSo,@ovidioblanco2369,2023-09-08 18:56:36+00:00,0,Cuando una nace tonta es toda su vida!!!,Una detenida se niega a identificarse a la Policía – Policías en Acción,laSexta,2016-07-21 19:30:01+00:00,2016,inmigracion
KMpZLaVkxSo,@rafarafa624,2025-03-09 17:30:45+00:00,0,"Joder, hay polis imbéciles, pero este policía actúa con cortesía y educación.  Se lo merecía la pobrecita.",Una detenida se niega a identificarse a la Policía – Policías en Acción,laSexta,2016-07-21 19:30:01+00:00,2016,inmigracion
KMpZLaVkxSo,@rafaelcordonmolero3090,2024-08-03 11:20:41+00:00,0,"Ya llegó a donde quería, cuanto mal educado con malos derechos",Una detenida se niega a identificarse a la Policía – Policías en Acción,laSexta,2016-07-21 19:30:01+00:00,2016,inmigracion
KMpZLaVkxSo,@franciscoprietofidalgo1089,2025-02-18 13:46:43+00:00,0,Hay que darles mas medios a nuestra policia mas poder y mas sueldo y a dar caña que no veas como esta el pais,Una detenida se niega a identificarse a la Policía – Policías en Acción,laSexta,2016-07-21 19:30:01+00:00,2016,inmigracion
KMpZLaVkxSo,@rafabustamantemotos2831,2023-11-09 18:09:52+00:00,0,"Que prisa tiene el policía dama el DNI 
Y dame el din y dame el DNI",Una detenida se niega a identificarse a la Policía – Policías en Acción,laSexta,2016-07-21 19:30:01+00:00,2016,inmigracion
KMpZLaVkxSo,@Andrezsanchez123,2024-07-07 01:10:18+00:00,0,Se toman 4 copas y …,Una detenida se niega a identificarse a la Policía – Policías en Acción,laSexta,2016-07-21 19:30:01+00:00,2016,inmigracion
KMpZLaVkxSo,@AntonioLope-p9b,2024-02-17 23:42:24+00:00,0,La expresión de «pero ya» invalida toda la actuación del agente .,Una detenida se niega a identificarse a la Policía – Policías en Acción,laSexta,2016-07-21 19:30:01+00:00,2016,inmigracion
KMpZLaVkxSo,@henrysummer6258,2023-11-21 15:02:08+00:00,0,"EL policia le dio muchas oportunidades y le falto el respeto al policia, el actuo de la mejor manera. Bien por el policia que hizo valer sus derechos.",Una detenida se niega a identificarse a la Policía – Policías en Acción,laSexta,2016-07-21 19:30:01+00:00,2016,inmigracion
KMpZLaVkxSo,@efepolatalemdar3080,2024-11-21 16:41:00+00:00,0,1:34🤣🤣😂😂😂😂😂😂🤣🤣🤣🤣🤣🤣🤣🤣😂😂😂😂😂😂😂😂😂😂,Una detenida se niega a identificarse a la Policía – Policías en Acción,laSexta,2016-07-21 19:30:01+00:00,2016,inmigracion
KMpZLaVkxSo,@JosémanuelGarcíagarcia-y1v,2025-01-08 19:11:46+00:00,0,"Abuso de poder , un hijo de su madre",Una detenida se niega a identificarse a la Policía – Policías en Acción,laSexta,2016-07-21 19:30:01+00:00,2016,inmigracion
KMpZLaVkxSo,@albertoretuertamonge9156,2026-06-08 22:50:13+00:00,0,Esas no son formas de tratar a la gente,Una detenida se niega a identificarse a la Policía – Policías en Acción,laSexta,2016-07-21 19:30:01+00:00,2016,inmigracion
KMpZLaVkxSo,@joseenriquesanahuja9622,2025-01-21 22:17:59+00:00,0,Esta mujer no tiene vergüenza un policía tiene derecho y la obligación de pedirle la documentación quiera ella o no ha mi hace 20 años me paro un guardia civil y yo no opuse resistencia alguna y encima me hizo vacíarme los bolsillos no fue para nada traumatico para mi el se disculpó y segui mi destino,Una detenida se niega a identificarse a la Policía – Policías en Acción,laSexta,2016-07-21 19:30:01+00:00,2016,inmigracion
KMpZLaVkxSo,@juancarmona1338,2023-11-26 21:53:53+00:00,0,Viva la policía!!,Una detenida se niega a identificarse a la Policía – Policías en Acción,laSexta,2016-07-21 19:30:01+00:00,2016,inmigracion
KMpZLaVkxSo,@josefdz4561,2026-02-23 09:40:43+00:00,0,Brutalidad policial en su maximo apogeo.,Una detenida se niega a identificarse a la Policía – Policías en Acción,laSexta,2016-07-21 19:30:01+00:00,2016,inmigracion
KMpZLaVkxSo,@abdikarimismail442,2024-04-21 17:52:12+00:00,2,Este policia tiene  todos me respeto que education tiene de verdad🙏,Una detenida se niega a identificarse a la Policía – Policías en Acción,laSexta,2016-07-21 19:30:01+00:00,2016,inmigracion
KMpZLaVkxSo,@CompleteScreens,2024-12-05 03:57:37+00:00,0,Pero si a la carcel  basta de boludeses,Una detenida se niega a identificarse a la Policía – Policías en Acción,laSexta,2016-07-21 19:30:01+00:00,2016,inmigracion
KMpZLaVkxSo,@Cheroqui-s3s,2023-12-08 03:47:46+00:00,0,Atentar el que a tirado al suelo es el a la chica,Una detenida se niega a identificarse a la Policía – Policías en Acción,laSexta,2016-07-21 19:30:01+00:00,2016,inmigracion
KMpZLaVkxSo,@antoniosalascarrasco5096,2024-01-10 19:53:02+00:00,0,"Se le nota que es un maltratador,tambien el rostro lo delata.",Una detenida se niega a identificarse a la Policía – Policías en Acción,laSexta,2016-07-21 19:30:01+00:00,2016,inmigracion
KMpZLaVkxSo,@alfredomill,2025-01-31 22:35:54+00:00,0,Con los pelobrocoli se cagan,Una detenida se niega a identificarse a la Policía – Policías en Acción,laSexta,2016-07-21 19:30:01+00:00,2016,inmigracion
KMpZLaVkxSo,@松本直恵,2024-09-09 15:28:17+00:00,0,東芝サザエさん小林製薬,Una detenida se niega a identificarse a la Policía – Policías en Acción,laSexta,2016-07-21 19:30:01+00:00,2016,inmigracion
KMpZLaVkxSo,@松本直恵,2024-09-09 15:26:08+00:00,0,東芝サザエさん小林製薬,Una detenida se niega a identificarse a la Policía – Policías en Acción,laSexta,2016-07-21 19:30:01+00:00,2016,inmigracion
KMpZLaVkxSo,@bechamo8114,2023-07-22 19:09:04+00:00,0,Y cuando tiene que coger a alguien que hizo algo de verdad se cagan.....,Una detenida se niega a identificarse a la Policía – Policías en Acción,laSexta,2016-07-21 19:30:01+00:00,2016,inmigracion
KMpZLaVkxSo,@joseluissaavedra9781,2023-08-28 06:05:14+00:00,0,Muy bien por la autoridad,Una detenida se niega a identificarse a la Policía – Policías en Acción,laSexta,2016-07-21 19:30:01+00:00,2016,inmigracion
KMpZLaVkxSo,@JoseEnriqueSanahuja,2025-12-15 09:13:23+00:00,0,Ella tiene que respetar la ley y si el agente le pide la documentación tiene que mostrarselo y no faltarle insultarle el hace su trabajo  y punto y esa señorita demuestra su poca educación y saber estar hay lo dejo gracias,Una detenida se niega a identificarse a la Policía – Policías en Acción,laSexta,2016-07-21 19:30:01+00:00,2016,inmigracion
KMpZLaVkxSo,@tonibibi3882,2024-08-20 21:03:36+00:00,0,"Ese agente es un apóstol. Y a la chica, mejor no calificarla. Qué manera más absurda de estropear (por no decir otra cosa) una noche.",Una detenida se niega a identificarse a la Policía – Policías en Acción,laSexta,2016-07-21 19:30:01+00:00,2016,inmigracion
KMpZLaVkxSo,@NAVYSEAL.BLACKWOLF.,2024-10-15 00:13:02+00:00,0,Con dos cojones... Si señor bravo por la autoridad del Policía Nacional.,Una detenida se niega a identificarse a la Policía – Policías en Acción,laSexta,2016-07-21 19:30:01+00:00,2016,inmigracion
KMpZLaVkxSo,@aaa_97659,2024-12-16 19:06:50+00:00,0,No está bien violentar=18,Una detenida se niega a identificarse a la Policía – Policías en Acción,laSexta,2016-07-21 19:30:01+00:00,2016,inmigracion
KMpZLaVkxSo,@JustoAntonioMagallonCasamian,2025-01-08 15:23:18+00:00,0,"Muy bien la policía, pero está gente se merece un buen castigo ahora, porque no se puede ir de tan chula",Una detenida se niega a identificarse a la Policía – Policías en Acción,laSexta,2016-07-21 19:30:01+00:00,2016,inmigracion
KMpZLaVkxSo,@franciscoaguilarcrisman-rx7zz,2025-01-24 20:49:15+00:00,0,Más mano dura tienen que tener por pallasa,Una detenida se niega a identificarse a la Policía – Policías en Acción,laSexta,2016-07-21 19:30:01+00:00,2016,inmigracion
KMpZLaVkxSo,@erioerioeas5348,2025-01-11 01:28:13+00:00,0,"aquí empieza la idea de Irene Montero, ella como es mujer puede hacer lo que le de la gana, menos mal que fue ese año es ahora el policio se lo piensa 2 o 40 veces de detenerla. acosada mas violinización por parte del policio que por cierto esta buenorro.",Una detenida se niega a identificarse a la Policía – Policías en Acción,laSexta,2016-07-21 19:30:01+00:00,2016,inmigracion
KMpZLaVkxSo,@marialidiabello1811,2024-02-17 10:27:04+00:00,0,"Son unas desfachatadas, pero que sinvergüenza 😡 todo lo que tienen que soportar la policía 👮‍♂️ por un sueldo de m.",Una detenida se niega a identificarse a la Policía – Policías en Acción,laSexta,2016-07-21 19:30:01+00:00,2016,inmigracion
KMpZLaVkxSo,@Ljarafe,2025-03-23 02:40:56+00:00,0,No se pero no se miraba una amenaza latente en otros países cuando hay una mujer se llama a una oficial ese golpe en el suelo pudo ser fatal aunque él sea la autoridad no lo vi correcto pero bien es la autoridad,Una detenida se niega a identificarse a la Policía – Policías en Acción,laSexta,2016-07-21 19:30:01+00:00,2016,inmigracion
KMpZLaVkxSo,@rosaarce1106,2025-10-11 09:02:41+00:00,0,Eso  es ilegal pus no existe cuenta pa eso si.,Una detenida se niega a identificarse a la Policía – Policías en Acción,laSexta,2016-07-21 19:30:01+00:00,2016,inmigracion
KMpZLaVkxSo,@perkovic2807,2023-08-10 00:58:07+00:00,0,Vaya con la brutalidad policial.Y además contra una mujer.🤦🏻‍♂️,Una detenida se niega a identificarse a la Policía – Policías en Acción,laSexta,2016-07-21 19:30:01+00:00,2016,inmigracion
KMpZLaVkxSo,@carloscodazzi6914,2024-03-01 20:27:08+00:00,0,La chica que le faltó el respeto al policía para mí se llama AURELIA,Una detenida se niega a identificarse a la Policía – Policías en Acción,laSexta,2016-07-21 19:30:01+00:00,2016,inmigracion
KMpZLaVkxSo,@albertoavelinocastroarias9181,2023-09-05 03:55:42+00:00,0,Meterla e  la cárcel de por vida o en un Siquiatrico,Una detenida se niega a identificarse a la Policía – Policías en Acción,laSexta,2016-07-21 19:30:01+00:00,2016,inmigracion
KMpZLaVkxSo,@cualquiersitio,2024-01-18 13:34:17+00:00,0,"La botella se ve en la imagen que se le cae de la mano y no la tira expresamente. El policía tuvo una actuación de  manual. El comportamiento de la chica  "" la estupidez humana no tiene límites"".",Una detenida se niega a identificarse a la Policía – Policías en Acción,laSexta,2016-07-21 19:30:01+00:00,2016,inmigracion
KMpZLaVkxSo,@anticnp,2024-10-16 22:19:45+00:00,0,Personal he intrasferible y si la señorita se la da ha sido transferida se violando la protección de datos personales,Una detenida se niega a identificarse a la Policía – Policías en Acción,laSexta,2016-07-21 19:30:01+00:00,2016,inmigracion
KMpZLaVkxSo,@manuelgutierrez2040,2025-04-06 16:18:14+00:00,0,EL AGENTE SMITH ES MUY VALIENTE.. COMO SERIA DE VALIENTE CONTRA UN HOMBRE SIN LLEVAR UNIFORME...??,Una detenida se niega a identificarse a la Policía – Policías en Acción,laSexta,2016-07-21 19:30:01+00:00,2016,inmigracion
KMpZLaVkxSo,@albertoretuertamonge9156,2026-06-08 22:50:40+00:00,0,Los policías no pasan ni una,Una detenida se niega a identificarse a la Policía – Policías en Acción,laSexta,2016-07-21 19:30:01+00:00,2016,inmigracion
KMpZLaVkxSo,@c.autónomauniprovincial,2024-09-26 18:50:01+00:00,0,"Igual la señorita necesitaba agua,un picatoste y unas flexiones antes que una reducción y acompañamiento de manada al vehículo,sin más,es una opinión",Una detenida se niega a identificarse a la Policía – Policías en Acción,laSexta,2016-07-21 19:30:01+00:00,2016,inmigracion
KMpZLaVkxSo,@francobo8509,2025-02-05 17:29:22+00:00,0,Lo que tienen que aguantar los pobres,Una detenida se niega a identificarse a la Policía – Policías en Acción,laSexta,2016-07-21 19:30:01+00:00,2016,inmigracion
KMpZLaVkxSo,@topoli-s7u,2024-11-18 05:38:08+00:00,1,Stos zurdos... Luego te yoban y corres a la poli q te ayuden......??  Q tontos q son no piensan ni media...,Una detenida se niega a identificarse a la Policía – Policías en Acción,laSexta,2016-07-21 19:30:01+00:00,2016,inmigracion
KMpZLaVkxSo,@MaribelHernandez-sb4bf,2025-04-08 15:26:32+00:00,0,💙💙💙❤️‍🔥🤍🤍🤍❤️‍🔥❤️❤️❤️❤️‍🔥💔💔 0:39,Una detenida se niega a identificarse a la Policía – Policías en Acción,laSexta,2016-07-21 19:30:01+00:00,2016,inmigracion
KMpZLaVkxSo,@juancarlosjuanmontero2662,2024-03-08 21:49:33+00:00,0,Muy bien echo agente y para el novio no digas que no ha echo nada eso lo hace un hombre y la policía tiene 0 paciencia pero ella se cree especial y además le agrede,Una detenida se niega a identificarse a la Policía – Policías en Acción,laSexta,2016-07-21 19:30:01+00:00,2016,inmigracion
KMpZLaVkxSo,@josegabar5660,2023-09-09 17:35:53+00:00,0,Que vergüenza de policía como a tirado al suelo despospocionado para haberla enunciado espero la joven denuncie por el trato asín había otra manera de manejar la situación policía que debería estar en desempleo y sueldo como mínimo.,Una detenida se niega a identificarse a la Policía – Policías en Acción,laSexta,2016-07-21 19:30:01+00:00,2016,inmigracion
KMpZLaVkxSo,@XecuLife,2024-11-11 20:19:47+00:00,0,Ala policía hay que hacerle caso. Ala mínima cargan i más la nacional,Una detenida se niega a identificarse a la Policía – Policías en Acción,laSexta,2016-07-21 19:30:01+00:00,2016,inmigracion
KMpZLaVkxSo,@JoseVicenteGrasTendero,2024-02-21 16:46:45+00:00,0,Perfecto....ella va ebria y pienso que no se da cuenta...de que no actúa bien....demasiada panciencia el agente...no puede actuar de otra forma...,Una detenida se niega a identificarse a la Policía – Policías en Acción,laSexta,2016-07-21 19:30:01+00:00,2016,inmigracion
KMpZLaVkxSo,@jesusniebla4280,2025-01-08 20:32:11+00:00,0,Si lo ven las feministas 😂,Una detenida se niega a identificarse a la Policía – Policías en Acción,laSexta,2016-07-21 19:30:01+00:00,2016,inmigracion
KMpZLaVkxSo,@carmenbarbero9296,2025-03-10 12:50:51+00:00,0,Una llonki más sacarla una buena multa y otra por insultos a la autoridad verás como se la quita el cachondeo,Una detenida se niega a identificarse a la Policía – Policías en Acción,laSexta,2016-07-21 19:30:01+00:00,2016,inmigracion
KMpZLaVkxSo,@naza5472,2024-07-24 14:30:33+00:00,0,bravi spagnoli  invece i politici italiani compresi i sindacalisti li difendono  povera italia,Una detenida se niega a identificarse a la Policía – Policías en Acción,laSexta,2016-07-21 19:30:01+00:00,2016,inmigracion
KMpZLaVkxSo,@antonioperezhernandez4898,2025-12-28 14:03:57+00:00,0,"Hay cada insurrepto,con lo fácil que es dejarle la Documentación y.",Una detenida se niega a identificarse a la Policía – Policías en Acción,laSexta,2016-07-21 19:30:01+00:00,2016,inmigracion
KMpZLaVkxSo,@cesarleonardodiazgarcia1635,2024-10-06 20:42:14+00:00,0,El policia no puede tocar a una mujer,Una detenida se niega a identificarse a la Policía – Policías en Acción,laSexta,2016-07-21 19:30:01+00:00,2016,inmigracion
KMpZLaVkxSo,@antoniamejiassalinas,2025-03-02 06:07:59+00:00,0,Bien hecho otro policía aguanta menos,Una detenida se niega a identificarse a la Policía – Policías en Acción,laSexta,2016-07-21 19:30:01+00:00,2016,inmigracion
KMpZLaVkxSo,@Trolex-m2w,2025-04-09 13:22:22+00:00,1,Buen programa pa intentar limpiar la imagen de la chusma q tenemos por policia 😂😂,Una detenida se niega a identificarse a la Policía – Policías en Acción,laSexta,2016-07-21 19:30:01+00:00,2016,inmigracion
KMpZLaVkxSo,@valentinmartijulia773,2024-12-25 13:15:25+00:00,0,Al calabozo por no respetar y agredir a la autoridad que ha sido paciente y educado.,Una detenida se niega a identificarse a la Policía – Policías en Acción,laSexta,2016-07-21 19:30:01+00:00,2016,inmigracion
KMpZLaVkxSo,@agustinlerto4315,2025-12-28 18:06:01+00:00,0,"Estoy del señorita y del caballero caballero hasta el gorro, que hipócritas son...aunque la tía esa era de lo peor",Una detenida se niega a identificarse a la Policía – Policías en Acción,laSexta,2016-07-21 19:30:01+00:00,2016,inmigracion
KMpZLaVkxSo,@andresc2037,2025-04-06 03:30:42+00:00,0,En todos los países tienes de todo polis que hacen las cosas bien otros no el policía está entrenado de ebriedad noten que no es oeste llaque el  ocasiona la caída de la mujer y como mal policía  habla fuerte diciendo  no te tires  al suelo y siempre  venga señorita  no me de puñetazos  siempre cubriendo su mal actuar  hombre  de poca honestidad,Una detenida se niega a identificarse a la Policía – Policías en Acción,laSexta,2016-07-21 19:30:01+00:00,2016,inmigracion
KMpZLaVkxSo,@alfredomagrotti,2026-04-13 21:00:47+00:00,0,Visto? Non ci vuole poi molto coi 🤡,Una detenida se niega a identificarse a la Policía – Policías en Acción,laSexta,2016-07-21 19:30:01+00:00,2016,inmigracion
KMpZLaVkxSo,@XxxSiLuRiDoxxX,2023-10-23 20:05:33+00:00,0,En mi opinion tanto el policia como la tiparraca esa se pasaron los 2,Una detenida se niega a identificarse a la Policía – Policías en Acción,laSexta,2016-07-21 19:30:01+00:00,2016,inmigracion
KMpZLaVkxSo,@davidjimenez2917,2024-09-11 19:44:56+00:00,0,"Es obligatorio indentificarse siempre allás cometido un delito si no no!!2no es obligatorio llevar el dni,comprendo que la chica sea puesto un poco alterada pero al poli le ah dicho que se la daba ella y el poli tiene que comprender con menos exigencias que ha bebido un poco .hay veces que hay polis corruptos,es fácil el DNI en casa,y si quieren que te lleven a dependencia policiales a identificarte si no se fian de tu palabra!!",Una detenida se niega a identificarse a la Policía – Policías en Acción,laSexta,2016-07-21 19:30:01+00:00,2016,inmigracion
KMpZLaVkxSo,@holaquease12,2024-07-14 20:10:50+00:00,0,"Si la policia hiciera lo mismo pero en Chile, el presidente y DDHH lo expulsan de su cargo.",Una detenida se niega a identificarse a la Policía – Policías en Acción,laSexta,2016-07-21 19:30:01+00:00,2016,inmigracion
KMpZLaVkxSo,@Fernando-pr3nh,2024-12-05 06:13:24+00:00,0,A los maleantes ay ke detenerlos,Una detenida se niega a identificarse a la Policía – Policías en Acción,laSexta,2016-07-21 19:30:01+00:00,2016,inmigracion
KMpZLaVkxSo,@karlostrainer_,2025-02-07 22:07:35+00:00,0,"Muy bien hecho, vaya plasta de tía",Una detenida se niega a identificarse a la Policía – Policías en Acción,laSexta,2016-07-21 19:30:01+00:00,2016,inmigracion
KMpZLaVkxSo,@Marc-si2pb,2024-09-29 08:32:18+00:00,0,"Este policía debería de estar suspendido de por vida. No solo ha generado un problema donde no lo había. Es que podría haber provocado una catástrofe. A la mujer se le cae un botellín de cerveza al suelo, y que?, lleva un cebollón de mucho cuidado, y aquí es cuando el policía tiene que evaluar si su intervención puede empeorar un situación que era mera anécdota. Y evidentemente lo ha hecho. Un un mal policía, y que no ha entendido que está a nuestro servicio. Que su obligación es protegernos, no intimidarnos. QUe no son nada. QUe se creen mafiosos por llevar un arma. Son nuestros servidores y parece que esto no lo entienden.",Una detenida se niega a identificarse a la Policía – Policías en Acción,laSexta,2016-07-21 19:30:01+00:00,2016,inmigracion
KMpZLaVkxSo,@gustavosandoval8143,2024-11-07 03:42:15+00:00,0,"no serviría para ser Policia, no tengo tanta paciencia ante la estupidez",Una detenida se niega a identificarse a la Policía – Policías en Acción,laSexta,2016-07-21 19:30:01+00:00,2016,inmigracion
KMpZLaVkxSo,@funerarybinary887,2023-07-28 14:22:51+00:00,0,"Se lo merece, son de esas que por creerse mujer no le pueden dar una ostia bien dada, en este caso no le han dao la guanta pero se lo merecia",Una detenida se niega a identificarse a la Policía – Policías en Acción,laSexta,2016-07-21 19:30:01+00:00,2016,inmigracion
KMpZLaVkxSo,@samaygomezgomez2294,2024-09-13 09:26:36+00:00,2,"Este madero se cree que estamos en una dictadura, estamos en país libre , y este va de listo el luky luck 😂",Una detenida se niega a identificarse a la Policía – Policías en Acción,laSexta,2016-07-21 19:30:01+00:00,2016,inmigracion
KMpZLaVkxSo,@AsmodeUs408,2023-11-17 21:39:50+00:00,0,Seguro es feminista,Una detenida se niega a identificarse a la Policía – Policías en Acción,laSexta,2016-07-21 19:30:01+00:00,2016,inmigracion
KMpZLaVkxSo,@PanchoCamurria,2025-02-10 10:52:49+00:00,0,"A la policía local, nacional y guardia civil se le respeta y punto.
Cada ciudadano debe conocer tanto sus derechos como sus obligaciones y sus lomitaciones sin menospreciar a los cuerpos de seguridas del estado",Una detenida se niega a identificarse a la Policía – Policías en Acción,laSexta,2016-07-21 19:30:01+00:00,2016,inmigracion
KMpZLaVkxSo,@moviealcobendas6688,2025-02-19 17:15:43+00:00,0,En Español police don't....,Una detenida se niega a identificarse a la Policía – Policías en Acción,laSexta,2016-07-21 19:30:01+00:00,2016,inmigracion
KMpZLaVkxSo,@megasonradio,2023-12-10 15:47:29+00:00,1,"Por donde quieras, esto es abuso de autoridad, asi de sencillo",Una detenida se niega a identificarse a la Policía – Policías en Acción,laSexta,2016-07-21 19:30:01+00:00,2016,inmigracion
KMpZLaVkxSo,@albertogregorioreyes3348,2023-09-16 11:25:12+00:00,0,Son unos salvajes estos policias,Una detenida se niega a identificarse a la Policía – Policías en Acción,laSexta,2016-07-21 19:30:01+00:00,2016,inmigracion
KMpZLaVkxSo,@Jjjppplll-x2n,2024-01-05 01:53:22+00:00,0,Vergonzosa actuación policial en todos los aspectos.,Una detenida se niega a identificarse a la Policía – Policías en Acción,laSexta,2016-07-21 19:30:01+00:00,2016,inmigracion
KMpZLaVkxSo,@albertogregorioreyes3348,2023-09-16 11:33:28+00:00,0,Eso es denigrar a una persona x q la documentación no es sulla q la pagas tú con tu dinero que hay algunos que cinto los pones un uniforme se creen que son dioses,Una detenida se niega a identificarse a la Policía – Policías en Acción,laSexta,2016-07-21 19:30:01+00:00,2016,inmigracion
KMpZLaVkxSo,@2800zero7,2023-08-13 19:25:28+00:00,0,Que será de la borracha ahora?,Una detenida se niega a identificarse a la Policía – Policías en Acción,laSexta,2016-07-21 19:30:01+00:00,2016,inmigracion
KMpZLaVkxSo,@medusaairsoft265,2024-06-28 16:07:07+00:00,1,Mala actuación policial. Resulta evidente que el policia inicialmente esta demasiado tenso y no controla la situación. Esta actuación era totalmente evitable.,Una detenida se niega a identificarse a la Policía – Policías en Acción,laSexta,2016-07-21 19:30:01+00:00,2016,inmigracion
KMpZLaVkxSo,@melmaguey3780,2025-10-22 20:50:58+00:00,0,Una mujer muy borracha y el agente con mucha prisa....,Una detenida se niega a identificarse a la Policía – Policías en Acción,laSexta,2016-07-21 19:30:01+00:00,2016,inmigracion
KMpZLaVkxSo,@ELNORTE37,2025-02-01 18:28:01+00:00,0,Por un poco le abre la cabeza contra el suelo Para aquellos que dicen que el policía tuvo mucha paciencia el vídeo dura solo 2 minutos cómo se nota que hay mucho borrego por ahí...... la Tia tenía que aver llevado al policía a los tribunales de la Unión Europea,Una detenida se niega a identificarse a la Policía – Policías en Acción,laSexta,2016-07-21 19:30:01+00:00,2016,inmigracion
KMpZLaVkxSo,@oficial.Y.H,2025-02-15 22:41:23+00:00,0,Con lo facil que es dar Dni y se acabo el problema cada uno por su caminos,Una detenida se niega a identificarse a la Policía – Policías en Acción,laSexta,2016-07-21 19:30:01+00:00,2016,inmigracion
KMpZLaVkxSo,@unperroandaluz9299,2024-05-16 09:58:37+00:00,0,Jajaja ahora también dirán qué es antisemitas,Una detenida se niega a identificarse a la Policía – Policías en Acción,laSexta,2016-07-21 19:30:01+00:00,2016,inmigracion
KMpZLaVkxSo,@orvinleiva8074,2024-07-22 22:13:12+00:00,0,Bien merecido se lo tenía por no respetar a la autoridad,Una detenida se niega a identificarse a la Policía – Policías en Acción,laSexta,2016-07-21 19:30:01+00:00,2016,inmigracion
KMpZLaVkxSo,@victor-ib1jn,2024-08-06 15:20:56+00:00,0,"voto al psoe la ""señorita""",Una detenida se niega a identificarse a la Policía – Policías en Acción,laSexta,2016-07-21 19:30:01+00:00,2016,inmigracion
KMpZLaVkxSo,@caballeroalfa1914,2023-08-02 06:56:52+00:00,0,"JAJAJAJA ESA NOCHE LA PASÓ EN EL CALABOZO. NO SE PUEDE SER TAN CHULA Y MALA PERSONA. ES MUY ESTÚPIDA. CUANDO UN POLICÍA TE PIDE EL DNI, DEBES DE DARSELO SIN PONER IMPEDIMENTOS.",Una detenida se niega a identificarse a la Policía – Policías en Acción,laSexta,2016-07-21 19:30:01+00:00,2016,inmigracion
KMpZLaVkxSo,@HugoContreras-p5x,2024-07-06 02:38:30+00:00,0,Policias dan risa  aquinen los usa no se andan con rodeos,Una detenida se niega a identificarse a la Policía – Policías en Acción,laSexta,2016-07-21 19:30:01+00:00,2016,inmigracion
KMpZLaVkxSo,@ogox2,2023-07-16 08:59:27+00:00,0,clara actuación ilegal por parte del policía no puede quitarle la mochila aunque la situación es tan sospechosa que no es descabellado que este preparado. yo le quitado mi cartera de la mano aun policía y se lo explique y cuando le pregunte por sus datos se fueron.,Una detenida se niega a identificarse a la Policía – Policías en Acción,laSexta,2016-07-21 19:30:01+00:00,2016,inmigracion
KMpZLaVkxSo,@David-i9c2x,2025-09-15 19:25:14+00:00,0,"Abuso de autoridad, van de John Wayne",Una detenida se niega a identificarse a la Policía – Policías en Acción,laSexta,2016-07-21 19:30:01+00:00,2016,inmigracion
KMpZLaVkxSo,@TheRaukonen,2023-08-28 14:56:01+00:00,0,Poco le ha pasado a esa chica. Si le poner una mano encima a la policía lo mínimo que te debe pasar es que te detengan y te lleven presa. Ya vale de chulear a la polica,Una detenida se niega a identificarse a la Policía – Policías en Acción,laSexta,2016-07-21 19:30:01+00:00,2016,inmigracion
KMpZLaVkxSo,@EurocanarionEuro,2024-07-14 08:53:52+00:00,0,Gracias Vox por defendernos!,Una detenida se niega a identificarse a la Policía – Policías en Acción,laSexta,2016-07-21 19:30:01+00:00,2016,inmigracion
KMpZLaVkxSo,@jiramirezalvarez,2025-12-20 16:45:25+00:00,0,Niñatacemponderada. Bien por el policia,Una detenida se niega a identificarse a la Policía – Policías en Acción,laSexta,2016-07-21 19:30:01+00:00,2016,inmigracion
KMpZLaVkxSo,@javierechegoyemberry6978,2025-03-30 10:56:22+00:00,0,Y no tine porque quitarle el bolso flor de denuncia se puede comer milico facho,Una detenida se niega a identificarse a la Policía – Policías en Acción,laSexta,2016-07-21 19:30:01+00:00,2016,inmigracion
KMpZLaVkxSo,@lailaluceros67654,2025-08-23 15:46:24+00:00,0,Esto a uno de esos del top manta no se lo hace que poca vergüenza tratar así a una persona hay que tener más tacto. No me parece correcto lo que hizo con la mujer.,Una detenida se niega a identificarse a la Policía – Policías en Acción,laSexta,2016-07-21 19:30:01+00:00,2016,inmigracion
KMpZLaVkxSo,@eliezerhenriques3163,2025-02-13 03:14:52+00:00,0,Abusador,Una detenida se niega a identificarse a la Policía – Policías en Acción,laSexta,2016-07-21 19:30:01+00:00,2016,inmigracion
KMpZLaVkxSo,@mohcinebenamira5965,2024-07-07 23:16:27+00:00,0,El policía ha sido muy amable pero la chica se ha puesto muy chula si cuando un policía te pidan la documentación dacelo eso es por ley viva la al cuerpo Nacional de policía y la guardia civil y viva España ❤❤😊😊,Una detenida se niega a identificarse a la Policía – Policías en Acción,laSexta,2016-07-21 19:30:01+00:00,2016,inmigracion
KMpZLaVkxSo,@aureliomacaugits9138,2024-03-02 15:10:59+00:00,0,"La policía de Alicante y de otros muchos lugares es experta en acoso (los 3 cuerpos, local, nacional y gc) y en pinchazos telefónicos ilegales. Te lo digo por experiencia y porque lo he comprobado. Son expertos en obras de teatro para disimular su acoso y se comunican para que no sea el mismo coche o moto el que provoca el acoso lo cual sería muy escandaloso. Un modus operandi que ya empieza a ser conocido por varios lugares. Como en todo estado comunista como es España, se convierten en agentes políticos al servicio de políticos socialistas y también de la masonería, que maneja dichos cuerpos (¿habéis visto el ajedrezado de varias policías locales? eso es un logotipo masón. Incluso conozco dos abogados que han declinado defender ciertas causas justas porque ya los conocen y saben cómo actúan, incluso acosando a los propios abogados de diferentes formas. ¿Conoce ud. el expediente Royuela?",Una detenida se niega a identificarse a la Policía – Policías en Acción,laSexta,2016-07-21 19:30:01+00:00,2016,inmigracion
KMpZLaVkxSo,@picorolo88,2025-02-02 12:56:36+00:00,0,"Muy bien por el policia. Es mejor no contestar algunos comentarios, por que está claro que es un pecado tratar mal a un deficiente mental, y como no sabes exactamente si el que comenta lo es o simplemente es tonto, pues mejor pasar.",Una detenida se niega a identificarse a la Policía – Policías en Acción,laSexta,2016-07-21 19:30:01+00:00,2016,inmigracion
KMpZLaVkxSo,@jesusparedes2627,2024-09-09 16:40:48+00:00,0,Eso fue en España. Para aprender q en España no aguantan tonterías así debería ser en Perú,Una detenida se niega a identificarse a la Policía – Policías en Acción,laSexta,2016-07-21 19:30:01+00:00,2016,inmigracion
KMpZLaVkxSo,@LeonardoPerezhernandez-b7e,2025-09-01 08:59:50+00:00,0,Lo izo bien el policía claro la tía se ría de el y lo toco muchas veces está loca,Una detenida se niega a identificarse a la Policía – Policías en Acción,laSexta,2016-07-21 19:30:01+00:00,2016,inmigracion
KMpZLaVkxSo,@rodolfosilva2334,2024-10-12 22:03:32+00:00,0,En mi pais es obligacion si un policia identificado te lo pide y no lo veo nada mal si tenes el traste limpio no da para ofensas desmedidas y estupidas a menos que tengas el traste sucio,Una detenida se niega a identificarse a la Policía – Policías en Acción,laSexta,2016-07-21 19:30:01+00:00,2016,inmigracion
KMpZLaVkxSo,@MartinaPaulinodelarosa,2024-06-28 01:58:26+00:00,0,Odio red sosial,Una detenida se niega a identificarse a la Policía – Policías en Acción,laSexta,2016-07-21 19:30:01+00:00,2016,inmigracion
KMpZLaVkxSo,@gutenberg3504,2024-06-10 15:59:09+00:00,0,"Muy bien la actuación del policía, siempre y cuando sea igual de contundente con narcos, atracadores y políticos.",Una detenida se niega a identificarse a la Policía – Policías en Acción,laSexta,2016-07-21 19:30:01+00:00,2016,inmigracion
KMpZLaVkxSo,@jorgeherrero2854,2024-03-21 10:50:24+00:00,0,La policía de España no es de fiar,Una detenida se niega a identificarse a la Policía – Policías en Acción,laSexta,2016-07-21 19:30:01+00:00,2016,inmigracion
KMpZLaVkxSo,@RamonSalazar-d5h,2024-02-20 17:47:38+00:00,0,Son sus tradiciones y hay que respetarlos. Esta jentuza no cambiarán nunca.,Una detenida se niega a identificarse a la Policía – Policías en Acción,laSexta,2016-07-21 19:30:01+00:00,2016,inmigracion
KMpZLaVkxSo,@josemanuelchicagarcia607,2025-06-19 19:32:02+00:00,0,"El DNI es un documento intransferible.
Está obligada a mostrarlo no a darlo
El poli bien pero poca empatía",Una detenida se niega a identificarse a la Policía – Policías en Acción,laSexta,2016-07-21 19:30:01+00:00,2016,inmigracion
KMpZLaVkxSo,@OmarLamaizi-z6z,2024-05-18 23:11:10+00:00,0,Viva al poli tan valioso una medalla de oro🎉,Una detenida se niega a identificarse a la Policía – Policías en Acción,laSexta,2016-07-21 19:30:01+00:00,2016,inmigracion
KMpZLaVkxSo,@giuseppeaicolino2777,2024-07-08 16:48:42+00:00,0,"Aveva ragione agente di polizia ,un semplice controllo .se tu non hai niente da nascodere dai il documento d'identita e tutto finisce nel modo piu' civile non incominci a colpire l'agente o a discutere per quale motivo se fai qualcosa di sbagliato. Punto e basta.",Una detenida se niega a identificarse a la Policía – Policías en Acción,laSexta,2016-07-21 19:30:01+00:00,2016,inmigracion
KMpZLaVkxSo,@rajoybobo,2024-05-25 01:55:06+00:00,0,"Porque habian camaras grabando,, si no hubiese habido nadie, el policia hubiese actuado de otra manera",Una detenida se niega a identificarse a la Policía – Policías en Acción,laSexta,2016-07-21 19:30:01+00:00,2016,inmigracion
KMpZLaVkxSo,@michelacosta7597,2023-10-04 04:07:34+00:00,0,Me encanta ver cuando las Machucan por fresca y falta de respeto,Una detenida se niega a identificarse a la Policía – Policías en Acción,laSexta,2016-07-21 19:30:01+00:00,2016,inmigracion
KMpZLaVkxSo,@lydiasaray7411,2024-09-13 18:11:44+00:00,1,"Tu imagínate si eso hacen con los mismos españoles,  como será con los inmigrantes",Una detenida se niega a identificarse a la Policía – Policías en Acción,laSexta,2016-07-21 19:30:01+00:00,2016,inmigracion
KMpZLaVkxSo,@swordofcrom6023,2024-01-10 09:59:32+00:00,0,"Lo que más me gusta de este tipo de trabajos es cuando caen al suelo como un saco ridículo,y su mirada de puro miedo desde el suelo...Este video nos priva de ése placer al censurarle la cara.Y a veces al ayudarles a levantarse se tropiezan un poquillo y vuelven a caerse.",Una detenida se niega a identificarse a la Policía – Policías en Acción,laSexta,2016-07-21 19:30:01+00:00,2016,inmigracion
KMpZLaVkxSo,@JoseOrtega-oz2zx,2023-12-16 18:51:52+00:00,0,"Muy valiente con una pobre borracha ,me gustaría ver si hace lo mismo en barrio de la  mina.",Una detenida se niega a identificarse a la Policía – Policías en Acción,laSexta,2016-07-21 19:30:01+00:00,2016,inmigracion
KMpZLaVkxSo,@alcollado75,2024-08-30 08:24:51+00:00,0,"Que valiente el ""caballero"". Si llega a ser un moreno con alergia al jamón, todo habría sido por favor y con mucho respeto. Y por supuesto, no le habría hecho un placaje...",Una detenida se niega a identificarse a la Policía – Policías en Acción,laSexta,2016-07-21 19:30:01+00:00,2016,inmigracion
KMpZLaVkxSo,@luiscarlosmarroquin939,2025-01-11 00:36:02+00:00,0,Haciéndose la graciosa.  Qué problema tenía en simplemente mostrar su documento ?,Una detenida se niega a identificarse a la Policía – Policías en Acción,laSexta,2016-07-21 19:30:01+00:00,2016,inmigracion
KMpZLaVkxSo,@ee4913,2024-08-18 21:22:33+00:00,0,Para ser Policía solo tienes que tener Graduado Escolar y Carnet de conducir.,Una detenida se niega a identificarse a la Policía – Policías en Acción,laSexta,2016-07-21 19:30:01+00:00,2016,inmigracion
KMpZLaVkxSo,@educano2622,2025-01-14 16:00:52+00:00,0,"El policia tiene muchos motivos para detenerla, no considero que merezca una sancion enorme, pero el respeto a la autoridad no debe de ser ese. MI OPINION PERSONAL",Una detenida se niega a identificarse a la Policía – Policías en Acción,laSexta,2016-07-21 19:30:01+00:00,2016,inmigracion
KMpZLaVkxSo,@spacewargamer4181,2024-05-31 18:05:17+00:00,0,"Ha hecho mal en darle el empujón el policía, pero lo demás fue culpa de ella. Igual si no fuera una borracha pues no le habría pasado eso.",Una detenida se niega a identificarse a la Policía – Policías en Acción,laSexta,2016-07-21 19:30:01+00:00,2016,inmigracion
KMpZLaVkxSo,@MaxRomero-v,2024-05-12 04:43:47+00:00,0,Le partieron su madre😂😂😂😂,Una detenida se niega a identificarse a la Policía – Policías en Acción,laSexta,2016-07-21 19:30:01+00:00,2016,inmigracion
KMpZLaVkxSo,@JavierFernandez-ng1ew,2025-06-19 17:13:00+00:00,1,"Te lo ha pedido mil y un veces de forma totalmente educada, y tu ni puñetero caso, sin ningún tipo de argumentos, lo único que se te ha ocurrido decir es si era del PP, ¡ que coño tendrá que ver eso !, ese es el actual nivel antidemocrático de la izquierda, el libertinaje mas absoluto, el no respetar las reglas democráticas mas elementales.",Una detenida se niega a identificarse a la Policía – Policías en Acción,laSexta,2016-07-21 19:30:01+00:00,2016,inmigracion
KMpZLaVkxSo,@toniizquierdo7867,2023-11-04 14:30:55+00:00,0,"Dos bomberos heridos en el fuego de valencia, haber si os enteráis del porque de la  manifestación de los bomberos, no rompais tabiques nasales a los bomberos, vergüenza, deberíais de tener, que son vuestros compañeros",Una detenida se niega a identificarse a la Policía – Policías en Acción,laSexta,2016-07-21 19:30:01+00:00,2016,inmigracion
KMpZLaVkxSo,@sofamatutino5481,2024-06-08 09:11:11+00:00,0,La policia jodiendo como siempre,Una detenida se niega a identificarse a la Policía – Policías en Acción,laSexta,2016-07-21 19:30:01+00:00,2016,inmigracion
KMpZLaVkxSo,@drisiaves6246,2025-05-19 18:23:24+00:00,0,"Pero no entiendo, no se puede llevar una botella de alcohol en la calle?",Una detenida se niega a identificarse a la Policía – Policías en Acción,laSexta,2016-07-21 19:30:01+00:00,2016,inmigracion
KMpZLaVkxSo,@tinoalbertogazzolicairo9847,2025-05-25 01:31:18+00:00,0,En Colombia le dan bala a la policia que pena pero en minpais se a perdido el respeto,Una detenida se niega a identificarse a la Policía – Policías en Acción,laSexta,2016-07-21 19:30:01+00:00,2016,inmigracion
KMpZLaVkxSo,@adribumer3245,2023-09-02 12:46:26+00:00,0,"Y luego pedira igualdad, le ham tenido mucho mas paciencia y educación que a un hombre, pero al final se lo ha buscado por pegar al policía, normalmente t tratan con educación pero si encima t pones chula y a pegar al policia pues t mereces pasar en el calabozo y le vendria bn tener un delito de atentado a la autoridad, encima dice que si el policía vota al PP, ella votara a Potemos y se cree por encima de la ley",Una detenida se niega a identificarse a la Policía – Policías en Acción,laSexta,2016-07-21 19:30:01+00:00,2016,inmigracion
KMpZLaVkxSo,@elblogdejota8071,2025-03-14 22:03:09+00:00,0,Edte policia se cree que esta en corea del norte? Este tio es muy muy ton.. to,Una detenida se niega a identificarse a la Policía – Policías en Acción,laSexta,2016-07-21 19:30:01+00:00,2016,inmigracion
KMpZLaVkxSo,@marcsanchez1988,2024-04-18 22:13:43+00:00,0,Una actuación de 10. Así da gusto pagar impuestos. Espero que a día de hoy este agente sea mínimo intendente,Una detenida se niega a identificarse a la Policía – Policías en Acción,laSexta,2016-07-21 19:30:01+00:00,2016,inmigracion
KMpZLaVkxSo,@javifranco4559,2025-02-17 07:46:00+00:00,0,Y alos magrebies les hacen lo mismo pregunto?????Allí lo dejo,Una detenida se niega a identificarse a la Policía – Policías en Acción,laSexta,2016-07-21 19:30:01+00:00,2016,inmigracion
KMpZLaVkxSo,@Break1815,2025-03-31 19:48:24+00:00,0,Una femirata empoderada,Una detenida se niega a identificarse a la Policía – Policías en Acción,laSexta,2016-07-21 19:30:01+00:00,2016,inmigracion
KMpZLaVkxSo,@kokilambre3230,2024-04-05 13:05:05+00:00,0,"El poli preso con las leyes estan hoy dia no es no tedoy el dni 😂😂😂😂
Solo veo sobrepasado la actitud de cojer el bolso asi sin mas porque tiene questar ay el dni invadir tu intimidad por un dni el cual no estas obligado a dar solo a tener.
Si no me dieran tanto asco la poli alguna pequeña de actuacion les dava la razon",Una detenida se niega a identificarse a la Policía – Policías en Acción,laSexta,2016-07-21 19:30:01+00:00,2016,inmigracion
KMpZLaVkxSo,@PoPo-vf7du,2024-05-14 14:11:02+00:00,0,"Aquí la diferencia entre uno de derechas y un progrsiiiista, y menos mal q existe gente de derechas por q sino reinaría el absoluto caos y la miseria. Y así ha sido en toda la historia de la humanidad y así seguirá siendo",Una detenida se niega a identificarse a la Policía – Policías en Acción,laSexta,2016-07-21 19:30:01+00:00,2016,inmigracion
KMpZLaVkxSo,@alfredomill,2025-01-31 22:33:42+00:00,0,Policia de españa ridicula,Una detenida se niega a identificarse a la Policía – Policías en Acción,laSexta,2016-07-21 19:30:01+00:00,2016,inmigracion
KMpZLaVkxSo,@pacoruiz2245,2024-12-22 13:17:18+00:00,0,"Chula
Esa es la educación q tienen los votantes de la izquierda",Una detenida se niega a identificarse a la Policía – Policías en Acción,laSexta,2016-07-21 19:30:01+00:00,2016,inmigracion
KMpZLaVkxSo,@NeterNéfer1,2024-09-12 14:30:39+00:00,1,A la chica le cae una botella vacía y el policía prejuzga que ha hecho botellón y en vez de escuchar la explicación la detiene con violencia; Es posible que este agente se quede sin trabajo por abusar de poder y agredir a una mujer.,Una detenida se niega a identificarse a la Policía – Policías en Acción,laSexta,2016-07-21 19:30:01+00:00,2016,inmigracion
KMpZLaVkxSo,@Tronco-ng7bq,2024-02-11 20:52:34+00:00,0,Le pregunta que si vota al PP 😂😂😂. Esta tía es patética.😂😂😂😂😂😂😂😂😂,Una detenida se niega a identificarse a la Policía – Policías en Acción,laSexta,2016-07-21 19:30:01+00:00,2016,inmigracion
KMpZLaVkxSo,@ELCAPISTRANONicosolS.L,2025-02-03 12:03:26+00:00,0,"Seguro que es una feminista empoderada. Pero qué asco, discutiéndole a la policía. Menudo zorrón y luego van exigiendo derechos. Da ejemplo bonita, algunos y algunas no sabéis lo que es la educación.",Una detenida se niega a identificarse a la Policía – Policías en Acción,laSexta,2016-07-21 19:30:01+00:00,2016,inmigracion
KMpZLaVkxSo,@Gscdiana,2025-04-05 18:56:19+00:00,0,Una borrachuza poco inteligente  y punto.,Una detenida se niega a identificarse a la Policía – Policías en Acción,laSexta,2016-07-21 19:30:01+00:00,2016,inmigracion
KMpZLaVkxSo,@benjaotero,2025-09-04 17:36:37+00:00,0,mala forma de actuar por parte de ambos. Ella borracha y el policia escalando la situacion . espero que fuese por estar las camaras . No es una actuacion correcta.,Una detenida se niega a identificarse a la Policía – Policías en Acción,laSexta,2016-07-21 19:30:01+00:00,2016,inmigracion
KMpZLaVkxSo,@gerardoyanes6032,2025-04-09 23:48:49+00:00,0,Bien por el guardia civil la sinvergüenza pregunta si vota al PP ridículo,Una detenida se niega a identificarse a la Policía – Policías en Acción,laSexta,2016-07-21 19:30:01+00:00,2016,inmigracion
KMpZLaVkxSo,@adrianmartingarcia4875,2024-12-27 17:09:15+00:00,0,El policía no debería de haberle cogido el bolso a la fuerza. Pero esa muchacha no ha sabido comportarse. Para mí no ha sido una actuación ejemplar del policía pero la chica ha sido demasiado torpe al no leer correctamente la situación,Una detenida se niega a identificarse a la Policía – Policías en Acción,laSexta,2016-07-21 19:30:01+00:00,2016,inmigracion
KMpZLaVkxSo,@MarckAction,2026-04-01 18:08:46+00:00,0,"me puedes dar el dni? 
si, toma.
Gracias

Fin

Creo que no era tan dificil pero lo pongo por si hay gente así que no sepa xd",Una detenida se niega a identificarse a la Policía – Policías en Acción,laSexta,2016-07-21 19:30:01+00:00,2016,inmigracion
KMpZLaVkxSo,@albertorodriguezperez1291,2025-09-17 17:46:06+00:00,0,Boba,Una detenida se niega a identificarse a la Policía – Policías en Acción,laSexta,2016-07-21 19:30:01+00:00,2016,inmigracion
KMpZLaVkxSo,@franciscaruiz3495,2024-02-07 08:54:11+00:00,0,Bravo para la policia.,Una detenida se niega a identificarse a la Policía – Policías en Acción,laSexta,2016-07-21 19:30:01+00:00,2016,inmigracion
KMpZLaVkxSo,@blackswan0084,2025-07-17 15:53:20+00:00,0,La llama señorita y la tira de una llave en las piernas al suelo de cabeza muy logico,Una detenida se niega a identificarse a la Policía – Policías en Acción,laSexta,2016-07-21 19:30:01+00:00,2016,inmigracion
KMpZLaVkxSo,@danir6r127,2024-04-05 18:08:10+00:00,0,"Actuación de 10, más así mucho más. Delito de desobediencia grave y resistencia,a parte atentado ya que acomete contra el agente.",Una detenida se niega a identificarse a la Policía – Policías en Acción,laSexta,2016-07-21 19:30:01+00:00,2016,inmigracion
KMpZLaVkxSo,@sncheez,2023-11-18 10:52:14+00:00,0,votante medio de podemos,Una detenida se niega a identificarse a la Policía – Policías en Acción,laSexta,2016-07-21 19:30:01+00:00,2016,inmigracion
KMpZLaVkxSo,@mariapilarmerida7957,2024-06-29 14:32:30+00:00,0,Esta es la basur😂 que no vota al pp😂😂,Una detenida se niega a identificarse a la Policía – Policías en Acción,laSexta,2016-07-21 19:30:01+00:00,2016,inmigracion
KMpZLaVkxSo,@nachis85ify,2024-08-02 23:00:06+00:00,1,Policia acosador.... desde siempre,Una detenida se niega a identificarse a la Policía – Policías en Acción,laSexta,2016-07-21 19:30:01+00:00,2016,inmigracion
KMpZLaVkxSo,@vikygiron5036,2023-09-18 04:37:56+00:00,0,"En Ocidente se esta yendo a a mierda la sociedad, en china esa perrita no lo cuenta si agrede a un polica Chino.",Una detenida se niega a identificarse a la Policía – Policías en Acción,laSexta,2016-07-21 19:30:01+00:00,2016,inmigracion
KMpZLaVkxSo,@margotrasty122,2025-01-11 09:40:19+00:00,0,"Votas al PP?
Que asco de mujer que tendrá que ver la política con ser incívica",Una detenida se niega a identificarse a la Policía – Policías en Acción,laSexta,2016-07-21 19:30:01+00:00,2016,inmigracion
KMpZLaVkxSo,@MiguelAGalan-gi5or,2024-06-21 18:49:07+00:00,1,agresion policial,Una detenida se niega a identificarse a la Policía – Policías en Acción,laSexta,2016-07-21 19:30:01+00:00,2016,inmigracion
KMpZLaVkxSo,@Sombrero_Loco,2025-05-25 18:42:37+00:00,0,La policía española tiene mucho que aprender de la policía inglesa. Es repugnante el circo 🤮🤮🤮🤮,Una detenida se niega a identificarse a la Policía – Policías en Acción,laSexta,2016-07-21 19:30:01+00:00,2016,inmigracion
KMpZLaVkxSo,@nicolasgarcia6353,2023-09-13 15:28:23+00:00,0,Tu votas al pp verdad?  No hay más que hablar,Una detenida se niega a identificarse a la Policía – Policías en Acción,laSexta,2016-07-21 19:30:01+00:00,2016,inmigracion
KMpZLaVkxSo,@SamsungA-li8wh,2024-04-22 02:33:21+00:00,0,La Policía Nacional y local y mosos de escuadra española chapo y mil respecto,Una detenida se niega a identificarse a la Policía – Policías en Acción,laSexta,2016-07-21 19:30:01+00:00,2016,inmigracion
KMpZLaVkxSo,@SamsungA-li8wh,2024-04-22 02:29:15+00:00,0,Gracias a ala policía española siempre con todo el respeto,Una detenida se niega a identificarse a la Policía – Policías en Acción,laSexta,2016-07-21 19:30:01+00:00,2016,inmigracion
KMpZLaVkxSo,@eskarrakachupi,2025-04-09 12:12:04+00:00,0,"SON AGENTES DE PAZ,PERO SE COMPORTAN COMO AUTENTICOS ESBIRROS. PREVARICACION Y UN TOTAL DESCONOCIMIENTO DE LA LEY NATURAL.",Una detenida se niega a identificarse a la Policía – Policías en Acción,laSexta,2016-07-21 19:30:01+00:00,2016,inmigracion
KMpZLaVkxSo,@kandinsky9706,2025-08-02 22:02:30+00:00,0,"Que vergüenza de policía creando problemas en vez de evtarlos. No les ""educan""?  Le quita el bolso .. la tira, la vuelve a tirar. ,la esposa forzando la postura... Penosa policía. Para este , la educación acaba con ""Señorita"".",Una detenida se niega a identificarse a la Policía – Policías en Acción,laSexta,2016-07-21 19:30:01+00:00,2016,inmigracion
KMpZLaVkxSo,@ee4913,2024-08-18 21:19:59+00:00,0,Es una mujer bebida. El tío después de una llave básica dice Para justificar su reducción que le dio un puñetazo. Jajajaja jajaja. Si solo le toca el pecho.,Una detenida se niega a identificarse a la Policía – Policías en Acción,laSexta,2016-07-21 19:30:01+00:00,2016,inmigracion
KMpZLaVkxSo,@JeguelDeJesusMarquezCalvo,2024-12-14 21:11:42+00:00,0,Las leyes se respetan pero ese policía no podía maltratar a esa mujer así...si uno se pone feo le aplican resistencia ala autoridad xq se trata de la ley x reso es q pasan otras cosas xq después q no tengas ese uniforme puesto ahí si andan calladitos y educados...aprendan las leyes para poder llamarse policías,Una detenida se niega a identificarse a la Policía – Policías en Acción,laSexta,2016-07-21 19:30:01+00:00,2016,inmigracion
KMpZLaVkxSo,@KingPro7773Respeto,2024-04-01 03:36:18+00:00,0,"Ella solo es una chica ignorante con un poco de copas de más , creo que todo eso no era necesario , ese policía lo respalda la ley pero le hace falta un poco de inteligencia emocional y psicológica cómo para entender que una persona bajo los efectos de alguna sustancia son propensas a ser problemáticas o un poco difícil de entender , pero por algo el es policía , para proteger el bien de los ciudadanos y encargarse de que se cumpla la ley , pero la ley no se puede imponer de mal manera por qué se ve como abusó de poder , por lo tanto un estando en una posición superior debería saber lidiar mejor con la ignorancia de la gente",Una detenida se niega a identificarse a la Policía – Policías en Acción,laSexta,2016-07-21 19:30:01+00:00,2016,inmigracion
KMpZLaVkxSo,@AA-mo4qi,2024-06-06 21:41:50+00:00,0,Eso se llama abuso de poder. Fin,Una detenida se niega a identificarse a la Policía – Policías en Acción,laSexta,2016-07-21 19:30:01+00:00,2016,inmigracion
KMpZLaVkxSo,@AndGes-r2d,2025-03-18 11:06:05+00:00,0,"La documentación no seda,. Se enseña,   k lastima ser españoles y no saber tus derechos 😉",Una detenida se niega a identificarse a la Policía – Policías en Acción,laSexta,2016-07-21 19:30:01+00:00,2016,inmigracion
KMpZLaVkxSo,@DFPerez-nm8ge,2024-08-08 17:28:20+00:00,0,marionetas del poder,Una detenida se niega a identificarse a la Policía – Policías en Acción,laSexta,2016-07-21 19:30:01+00:00,2016,inmigracion
KMpZLaVkxSo,@ikerortega498,2024-07-14 21:17:16+00:00,0,abuso de la autoridad y en que no lo vea tiene un problema,Una detenida se niega a identificarse a la Policía – Policías en Acción,laSexta,2016-07-21 19:30:01+00:00,2016,inmigracion
KMpZLaVkxSo,@golfcorre,2024-07-18 18:45:38+00:00,0,Policia chulo y su forma de hablar chulesca impresentable. Paleto!,Una detenida se niega a identificarse a la Policía – Policías en Acción,laSexta,2016-07-21 19:30:01+00:00,2016,inmigracion
KMpZLaVkxSo,@roscoweterw,2025-04-22 08:01:58+00:00,0,"Pro beber en la vía pública ? , se le caído la botella  , no estaba bebiendo .. eso es una denuncia falsa una provocación de la policía ...  Corruptos...
Y encima les denuncias y archivan las denuncias los juzgados .. por qué no sueñes que la policía te coje la denuncia  .",Una detenida se niega a identificarse a la Policía – Policías en Acción,laSexta,2016-07-21 19:30:01+00:00,2016,inmigracion
KMpZLaVkxSo,@FRANCISCO-vm2mp,2026-01-12 15:04:10+00:00,0,"Menudo mal follado el policía. La situación es patética en un primer momento por parte de la chica, claramente va borracha y se le cae la botella dejando patente una tendencia política al requerirla la documentación para contrarrestar la vergüenza de ser intervenida, en cambio el policía parece disfrutar con la situación de poder y hace valer su condición de autoridad para quedar por encima incluso buscando una respuesta o reacción en forma de agresión para poder ser más explícito con ella. En conclusión…fuerte con el débil y débil con el poderoso y peligroso.",Una detenida se niega a identificarse a la Policía – Policías en Acción,laSexta,2016-07-21 19:30:01+00:00,2016,inmigracion
KMpZLaVkxSo,@hakantsur,2024-10-20 09:17:38+00:00,0,"La chica le iba a dar su dni, el policia no tiene porque quitarla el bolso ni tirarla al suelo me parece otro abuso de autoridad...y pidio el dni a la chica por tanto el chico puede ir donde quiera..no tiene que impedirle al chico que se mueva ni decirle que la diga nada a la chica...estamos tan acostumbrados a ser sumisos contra el abuso de autoridad que cualquiera que plante cara nos parece hasta mala persona..bravo por la chica aunque iba borracha y lo de tirar la botella a sobrado",Una detenida se niega a identificarse a la Policía – Policías en Acción,laSexta,2016-07-21 19:30:01+00:00,2016,inmigracion
KMpZLaVkxSo,@Sombrero_Loco,2025-05-25 18:53:56+00:00,0,"Todo esto tiene un fin económico. Por UN arañazo a un policía, él cobra 350€ de indemnización, por un pequeño moratón también, lo que se hacen los niños en el colegio ahora es MUY LUCRATIVO. Así que sí, os van a buscar para cobrar su sobresueldo, basado en mentiras pero muy lucrativas.",Una detenida se niega a identificarse a la Policía – Policías en Acción,laSexta,2016-07-21 19:30:01+00:00,2016,inmigracion
KMpZLaVkxSo,@pepegotryotul4122,2025-04-18 06:27:00+00:00,0,Esto se parece a los nazis con los judíos por qué te tienes que identificar a otro señor sino has hecho nada esto en España está muy mal pues ese señor ya sea policía o no al dar tu identificación sabe dónde vives y puede ver todos tus datos y ya vemos que muchos policías trabajan para organizaciones criminales por lo cual si no has hecho nada ilegal no deberías mostrar tu identificación por tu seguridad,Una detenida se niega a identificarse a la Policía – Policías en Acción,laSexta,2016-07-21 19:30:01+00:00,2016,inmigracion
KMpZLaVkxSo,@AdriAmaya-x1l,2026-03-25 07:27:07+00:00,0,Menudo idiota el policía no te ha hecho nada la chica lo único que ha hecho es negarse a darte la documentación una cosa correcta ya que la documentación la tenéis vosotros por ley sinvergüenzas,Una detenida se niega a identificarse a la Policía – Policías en Acción,laSexta,2016-07-21 19:30:01+00:00,2016,inmigracion
KMpZLaVkxSo,@djnolokman7771,2024-06-19 21:55:46+00:00,0,"A mí me pareció excesivo la chica en ningún momento se negó a identificarse.
El policía se puso en plan chulo de mierda dándole prisas a la chica en vez de actuar con tranquilidad y profesionalidad",Una detenida se niega a identificarse a la Policía – Policías en Acción,laSexta,2016-07-21 19:30:01+00:00,2016,inmigracion
KMpZLaVkxSo,@juanjosanchezlluch3082,2025-06-04 23:58:09+00:00,0,"Me parece  una actuación patética por en Sr policía , ni a mujeres,tampoco a hombres, se le ve muy chulo ese policía , esto es un estado policial España y los que dicen que es su trabajo,excusa barata ! No tengo la obligación de dar el DNI , solo identificar y le puedo dar los datos , que tenia en el bolso una bomba o que ? Este poli un abuso policial !!!!",Una detenida se niega a identificarse a la Policía – Policías en Acción,laSexta,2016-07-21 19:30:01+00:00,2016,inmigracion
v0-p0JOWo3Q,@miramiciudad489,2016-01-09 02:41:27+00:00,0,"Aquí en Miami la policía esta haciendo muchos retenes. Desde antes de empezar el año. 
Y la Migra estaba Hoy por la mañana en la 12 Avenida del SW con la 8 calle. 
Pero están operando en varios puntos de Miami. 
Cuidense mucho.",¿Te afectan las redadas de inmigración?,N+ UNIVISION,2016-01-09 00:17:40+00:00,2016,inmigracion
v0-p0JOWo3Q,@manzanatv2022,2016-01-10 02:10:50+00:00,1,Yo entre 2009 en Estados Unidos yo no tengo ni un problema con la policia ni con migración aquí New York solo no tengo papeles ni permiso de trabajo,¿Te afectan las redadas de inmigración?,N+ UNIVISION,2016-01-09 00:17:40+00:00,2016,inmigracion
v0-p0JOWo3Q,@keytlinromero5813,2016-01-09 00:20:48+00:00,0,Cuando se terminan las redadas,¿Te afectan las redadas de inmigración?,N+ UNIVISION,2016-01-09 00:17:40+00:00,2016,inmigracion
v0-p0JOWo3Q,@pennyyescas4176,2016-01-30 15:43:44+00:00,0,nosotros no pedimos Nada de beneficio solo queremos trabajo  mi pais es corruption  Mexico,¿Te afectan las redadas de inmigración?,N+ UNIVISION,2016-01-09 00:17:40+00:00,2016,inmigracion
9xwZDaFjGCg,@ratoncitoperez6994,2019-02-02 12:18:10+00:00,2,"Perdonen pero los de Mali no son 
refugiados ,o si lo son ?",Las dificultades de los refugiados en España,laSexta Noticias,2016-03-25 22:23:31+00:00,2016,inmigracion
9xwZDaFjGCg,@CARLOSRODRIGUEZ-to9dx,2024-02-10 00:34:34+00:00,0,"Que beneficio tendría una persona que va para por el programa de movilidad segura como refugiado, es decir cómo refujido que beneficio tendría??",Las dificultades de los refugiados en España,laSexta Noticias,2016-03-25 22:23:31+00:00,2016,inmigracion
9xwZDaFjGCg,@sabas7007,2017-07-24 03:44:37+00:00,0,maría jesus vega,Las dificultades de los refugiados en España,laSexta Noticias,2016-03-25 22:23:31+00:00,2016,inmigracion
9xwZDaFjGCg,@raymundoguzman7117,2017-06-10 02:37:44+00:00,3,pobre gente dejan su pais y a seguir sufriendo,Las dificultades de los refugiados en España,laSexta Noticias,2016-03-25 22:23:31+00:00,2016,inmigracion
9xwZDaFjGCg,@Exilon82,2016-03-26 01:16:04+00:00,5,si no se preocupan por los españoles....van a preocuparse por los refugiados......,Las dificultades de los refugiados en España,laSexta Noticias,2016-03-25 22:23:31+00:00,2016,inmigracion
ecEBP28it1w,@ArcabuzStrife,2016-08-30 15:06:43+00:00,0,de puta madre! europa del sur nueva africa,Más de 111.000 inmigrantes y refugiados rescatados del Mediterráneo este año,AGENCIA EFE,2016-08-30 14:13:24+00:00,2016,inmigracion
RPoonhDrQKk,@fabiolagaleano,2019-10-14 18:09:21+00:00,1,Gracias por todos estos maravillosos aportes que dan luz a todos los procesos que intentamos afianzar en los migrantes .,Jornadas Migración e Información. Espacio Psicología: Joseba Achotegui,ONG Rescate,2016-01-14 10:42:57+00:00,2016,inmigracion
RPoonhDrQKk,@vega2126,2018-04-01 08:46:31+00:00,1,Enhorabuena por el trabajo que realizan!! Considero imprescindible trabajar la ayuda a perfiles migratorios!,Jornadas Migración e Información. Espacio Psicología: Joseba Achotegui,ONG Rescate,2016-01-14 10:42:57+00:00,2016,inmigracion
RPoonhDrQKk,@alinecarrilho9,2021-07-06 14:13:31+00:00,0,Excelente aportación.,Jornadas Migración e Información. Espacio Psicología: Joseba Achotegui,ONG Rescate,2016-01-14 10:42:57+00:00,2016,inmigracion
RPoonhDrQKk,@ranulfocastillo5355,2022-11-20 22:32:25+00:00,0,Excelente información! Muchas gracias por compartir!,Jornadas Migración e Información. Espacio Psicología: Joseba Achotegui,ONG Rescate,2016-01-14 10:42:57+00:00,2016,inmigracion
RPoonhDrQKk,@leandroeleuteri9880,2022-09-16 13:33:31+00:00,0,Cuales son los libros de los que habla?,Jornadas Migración e Información. Espacio Psicología: Joseba Achotegui,ONG Rescate,2016-01-14 10:42:57+00:00,2016,inmigracion
RPoonhDrQKk,@ulisesomarvegamolina2181,2021-05-19 02:15:10+00:00,2,pasen resumen del video porfa,Jornadas Migración e Información. Espacio Psicología: Joseba Achotegui,ONG Rescate,2016-01-14 10:42:57+00:00,2016,inmigracion
RPoonhDrQKk,@LeidyArborledaCandelo,2026-06-23 08:04:43+00:00,0,"Afectación en el autoestima. Una persona migrante que ve odio hacia los migrantes que es empezar a sentirse avergonzado de sus raíces de origen, miedo a hablar en público y que se note su acento distinto, rechazo a su apariencia migrante o distinta. Sensación de no encajar.",Jornadas Migración e Información. Espacio Psicología: Joseba Achotegui,ONG Rescate,2016-01-14 10:42:57+00:00,2016,inmigracion
Tr8qkJtuAoo,@everper127,2016-10-22 10:48:16+00:00,17,"¿Te enteraste Jordi?,  a ver si te despiertas de tu sueño ilusorio sobre la inmigración, sobre todo de la musulmana.",INMIGRACIÓN: Problemas de integración en Europa,EnELPuntoDeMira,2016-06-24 15:58:02+00:00,2016,inmigracion
Tr8qkJtuAoo,@alexandragm3846,2018-07-24 22:25:08+00:00,3,Y ole con el argentino sin tapujos si señor,INMIGRACIÓN: Problemas de integración en Europa,EnELPuntoDeMira,2016-06-24 15:58:02+00:00,2016,inmigracion
Tr8qkJtuAoo,@Friedermanns,2017-10-11 17:08:01+00:00,0,"Grande ""el Follonero"", fiel a sus principios profesionales. Siga Ud asî Sr.Jordi EVOLE",INMIGRACIÓN: Problemas de integración en Europa,EnELPuntoDeMira,2016-06-24 15:58:02+00:00,2016,inmigracion
Tr8qkJtuAoo,@manuelsm1979,2016-12-11 21:37:45+00:00,8,Cuando hay una visita inesperada el montaje se desmorona...,INMIGRACIÓN: Problemas de integración en Europa,EnELPuntoDeMira,2016-06-24 15:58:02+00:00,2016,inmigracion
Tr8qkJtuAoo,@carlosxaviercubastuanama531,2018-04-01 03:34:28+00:00,1,1:10 Mario Vargas Llosa,INMIGRACIÓN: Problemas de integración en Europa,EnELPuntoDeMira,2016-06-24 15:58:02+00:00,2016,inmigracion
Tr8qkJtuAoo,@monicatam6895,2017-06-24 08:04:58+00:00,1,"cuanta hipocresia, el q mas se quejaba de l imigracion era justamente un inmigrante",INMIGRACIÓN: Problemas de integración en Europa,EnELPuntoDeMira,2016-06-24 15:58:02+00:00,2016,inmigracion
Tr8qkJtuAoo,@RIEVE,2018-07-02 16:10:18+00:00,0,"SI UN EXTRANJERO NO NECESITA AUTORIZACIÓN PARA ENTRAR EN UN PAÍS, QUE NO ES EL SUYO, O HAY UN TRATADO QUE LO PERMITE O NO ES UN PAÍS.

ES ABSURDO DECIR QUE ENTRAR AL CINE O AL TEATRO SIN PAGAR LA ENTRADA ES ILEGAL Y LUEGO DECIR QUE NINGÚN SER HUMANO COMETE ILEGALIDAD POR EL HECHO DE ENTRAR A UN PAÍS SIN AUTORIZACION. 

QUIEN DIGA ESO NO SABE, QUE ES UN PAÍS Y PORQUE EXISTEN, NI SABE PORQUE ESE SER HUMANO QUERÍA ENTRAR EN ESE PAÍS.",INMIGRACIÓN: Problemas de integración en Europa,EnELPuntoDeMira,2016-06-24 15:58:02+00:00,2016,inmigracion
Tr8qkJtuAoo,@ratoncitoperez6994,2019-03-20 09:13:33+00:00,0,"el evole ese tendría que irse a vivir
con sus amigos de algún país petrolero",INMIGRACIÓN: Problemas de integración en Europa,EnELPuntoDeMira,2016-06-24 15:58:02+00:00,2016,inmigracion
Tr8qkJtuAoo,@hanaaandaluza1003,2020-01-10 23:29:08+00:00,1,""" En España jamás puede haber un colegio con el 90% de alumnos extranjeros. ...dice él! "" 
Pues a ver para cuando españa aprende de Suecia y se desarrolle un poco😂😂😂😂",INMIGRACIÓN: Problemas de integración en Europa,EnELPuntoDeMira,2016-06-24 15:58:02+00:00,2016,inmigracion
v3U1Uyfsbis,@Juanjojamet69,2016-09-03 18:31:40+00:00,98,"Profesionales y gente bien preparada, esta inmigracion si que es un aporte. Bienvenidos a Chile amigos Españoles.",La llegada de españoles a Chile,Teletrece,2016-07-28 15:25:52+00:00,2016,inmigracion
v3U1Uyfsbis,@mstomatito007,2020-12-27 01:17:55+00:00,14,Me sorprendió el acento del caballero. Es completamente chileno :O,La llegada de españoles a Chile,Teletrece,2016-07-28 15:25:52+00:00,2016,inmigracion
v3U1Uyfsbis,@omegajrz1269,2022-10-16 03:01:46+00:00,12,No entiendo los que dicen que a los Chilenos no se les entiende nada. Se les entiende perfectamente. Saludos desde Uruguay 🇺🇾❤🇨🇱,La llegada de españoles a Chile,Teletrece,2016-07-28 15:25:52+00:00,2016,inmigracion
v3U1Uyfsbis,@SERGUMUM,2018-03-22 22:49:42+00:00,60,"España y Chile, Hermanos!.",La llegada de españoles a Chile,Teletrece,2016-07-28 15:25:52+00:00,2016,inmigracion
v3U1Uyfsbis,@jrriquelme9987,2017-05-11 21:15:08+00:00,18,yo opino que  toda persona  que  pueda  aportar  a  un  pais  es  bueno  que  venga  siempre  hay qye  ser  solidario que  la  vida  tiene muchas   vidas,La llegada de españoles a Chile,Teletrece,2016-07-28 15:25:52+00:00,2016,inmigracion
v3U1Uyfsbis,@rosalopezvarela2919,2016-12-30 11:46:27+00:00,142,"El flamenco es exclusivo de Andalucía,no sé por qué siempre lo ponen como folclore típico de España.Soy de Galicia,y aquí lo típico es la gaita y la música celta.",La llegada de españoles a Chile,Teletrece,2016-07-28 15:25:52+00:00,2016,inmigracion
v3U1Uyfsbis,@cristian4676,2016-08-04 09:09:07+00:00,1,buenisimo!! faltaba un canal de Teletrece gracias por sus videos.,La llegada de españoles a Chile,Teletrece,2016-07-28 15:25:52+00:00,2016,inmigracion
v3U1Uyfsbis,@peperubiorubio,2019-10-02 03:21:13+00:00,3,"Al que se le da lo que no merece , nunca lo agradece , ( Francisco de Quevedo y Villegas )",La llegada de españoles a Chile,Teletrece,2016-07-28 15:25:52+00:00,2016,inmigracion
v3U1Uyfsbis,@gianfrancofromitaly6464,2018-03-14 01:40:33+00:00,18,*Menuda cátedra dan los españoles argumentando mientras los chilenos sólo atinan a insultar en toda esta sección de comentarios...*,La llegada de españoles a Chile,Teletrece,2016-07-28 15:25:52+00:00,2016,inmigracion
v3U1Uyfsbis,@vermoluxi,2021-09-26 22:04:59+00:00,2,No se lleva en la sangre y si en el alma!,La llegada de españoles a Chile,Teletrece,2016-07-28 15:25:52+00:00,2016,inmigracion
v3U1Uyfsbis,@MusicaHuesera,2021-04-10 04:26:57+00:00,16,"Al final compartimos muchas cosas con los españoles; palabras, expresiones, etc... El papá de mí abuelo llego de España y así se fue formando la familia. Saludos hmnos españoles 🇨🇱🇪🇸",La llegada de españoles a Chile,Teletrece,2016-07-28 15:25:52+00:00,2016,inmigracion
v3U1Uyfsbis,@MrPelaoruben,2020-11-26 01:49:57+00:00,1,Kelindo,La llegada de españoles a Chile,Teletrece,2016-07-28 15:25:52+00:00,2016,inmigracion
v3U1Uyfsbis,@ramonlopezfernandez7205,2019-07-16 14:16:13+00:00,5,"Grazas UME, me siento agradecido como galego.... seeee.... sois a hostia, tios/as, viva a UME",La llegada de españoles a Chile,Teletrece,2016-07-28 15:25:52+00:00,2016,inmigracion
v3U1Uyfsbis,@gisela6953,2020-09-13 01:34:03+00:00,3,¿Por qué no hay imagenes de la Eutzko Etxea en el reportaje? que raro...,La llegada de españoles a Chile,Teletrece,2016-07-28 15:25:52+00:00,2016,inmigracion
v3U1Uyfsbis,@pepedealicante_,2020-06-29 17:59:11+00:00,10,Viendo esto desde España en 2020 cuando afrontamos otra crisis por la pandemia del coronavirus.,La llegada de españoles a Chile,Teletrece,2016-07-28 15:25:52+00:00,2016,inmigracion
v3U1Uyfsbis,@fabian.p,2020-01-14 05:36:39+00:00,3,7:22 Qué?,La llegada de españoles a Chile,Teletrece,2016-07-28 15:25:52+00:00,2016,inmigracion
v3U1Uyfsbis,@ericksoto2881,2021-02-27 04:34:21+00:00,8,"La influencia Andaluza en Chile todavía es tangible en los campos de Chile, desde la època de la conquista y colonia. El dialecto andaluz (MANUEL ALVAR  EX DIRECTOR DE LA REAL ACADEMIA ESPAÑOLA).. Esparda, Cardo, si pó, o pá no pó etc.etc... 
A Chile llego primero el andaluz y el extremeño luego el castellano.
Por eso es extraño que para mucha personas de las distintas comunidades autónomas de España, se relacione el flamenco con música representativa de España en Chile. La cultura y descendencia andaluza tuvo mayor presencia en Chile.",La llegada de españoles a Chile,Teletrece,2016-07-28 15:25:52+00:00,2016,inmigracion
v3U1Uyfsbis,@luisvejar7876,2020-05-06 19:25:50+00:00,0,"Y no había nada mejor, digo yo!!!!",La llegada de españoles a Chile,Teletrece,2016-07-28 15:25:52+00:00,2016,inmigracion
v3U1Uyfsbis,@MrPelaoruben,2020-11-26 01:50:26+00:00,0,Kiero sakarte de las noticias,La llegada de españoles a Chile,Teletrece,2016-07-28 15:25:52+00:00,2016,inmigracion
v3U1Uyfsbis,@Juan-ri7ym,2017-06-04 22:36:47+00:00,31,"les guste o no en america latina,los españoles son una inmigracion preparada cosa q no se puede decir lo mismo de los latinos aca en españa.",La llegada de españoles a Chile,Teletrece,2016-07-28 15:25:52+00:00,2016,inmigracion
v3U1Uyfsbis,@1988genuine,2020-07-22 22:46:04+00:00,24,"Un agradecido y orgulloso de la madre patria y su herencia.... lástima que ahora por modas weonas se olviden que en gran parte mucho le debemos a toda la peninsula ibérica. Castellanos, vascos, andaluces, gallegos etc etc....",La llegada de españoles a Chile,Teletrece,2016-07-28 15:25:52+00:00,2016,inmigracion
v3U1Uyfsbis,@jrriquelme9987,2016-12-28 23:12:40+00:00,32,si eres  Español y tienes  un titulo universitario es  casi  100% seguro  que  tendras  suerte  ;),La llegada de españoles a Chile,Teletrece,2016-07-28 15:25:52+00:00,2016,inmigracion
v3U1Uyfsbis,@miguelmartin4248,2016-09-02 00:23:26+00:00,94,"Los españoles son siempre bienvenidos a Chile, viva la made patria",La llegada de españoles a Chile,Teletrece,2016-07-28 15:25:52+00:00,2016,inmigracion
v3U1Uyfsbis,@ericksoto2881,2020-06-29 14:00:34+00:00,15,"La migración española a Chile no comienza con el Winnipeg en 1939.
Durante la Conquista a Chile ingresaron más de 50 000 españoles, la mayoría provenientes de Nueva Extremadura y Andalucía. Posteriormente, durante el siglo XVIII, el país experimentó una masiva inmigración proveniente de las provincias vascongadas y de Navarra, llegando a constituir a finales del siglo XVIII un 27 % de la población chilena.Alzándose como el grupo regional más importante de la población, desplazando a los naturales y descendientes de nacidos en las regiones de Castilla la Nueva, Castilla la Vieja y Andalucía. Estas familias inmigrantes se dedicaron inicialmente de forma preferente al comercio, y en los años sucesivos se produjeron numerosos enlaces con familias de origen castellano poseedoras de tierras y títulos, dando origen a un nuevo grupo social conocido en la historia de Chile como ""aristocracia castellano-vasca"". En la segunda mitad del siglo XIX tuvo lugar una nueva oleada de emigración vasca, esta vez tanto de las regiones española como francesa. 
El español de Chile, es fruto de la convergencia de diversos dialectos del español, entre los que el andaluz fue el más influyente.
En Chile durante la colonia española, el 40% migración era Andaluza.",La llegada de españoles a Chile,Teletrece,2016-07-28 15:25:52+00:00,2016,inmigracion
v3U1Uyfsbis,@ceciliarudolff8683,2020-05-10 14:46:24+00:00,1,Lean El largo pétalo del mar de I. Allende,La llegada de españoles a Chile,Teletrece,2016-07-28 15:25:52+00:00,2016,inmigracion
v3U1Uyfsbis,@franciscojavierveleztoledo5392,2020-12-27 21:05:37+00:00,4,"Soy hojo de español y la inmigracion española ha sido muy buena para Chile.  Hay que diferenciar los primeros eran Conquistadores y esto hasta 1810 era parte del imperio español.  Durante las guerras Carlistas llegaron muchos despues en la primrra mitad del siglo xx tb
Los del winnipeg eran refugiados .  Despues suguieron llegando mi.padre llego en 1960.  Buscando oportunidades ya que el periodo de posguerra y la dictadura franquista era dificil. Muy buen reportaje.",La llegada de españoles a Chile,Teletrece,2016-07-28 15:25:52+00:00,2016,inmigracion
v3U1Uyfsbis,@adolpheiphonemedvedev5943,2017-03-12 03:48:39+00:00,2,"Así que lindo 
Polacos también en Santiago !",La llegada de españoles a Chile,Teletrece,2016-07-28 15:25:52+00:00,2016,inmigracion
v3U1Uyfsbis,@anamariacayo668,2020-10-01 21:12:17+00:00,0,radio Electra,La llegada de españoles a Chile,Teletrece,2016-07-28 15:25:52+00:00,2016,inmigracion
v3U1Uyfsbis,@UPSILONNEREKHTA,2020-07-16 00:46:00+00:00,0,"Aqui un apellido poco común ""SIERRA"" :v",La llegada de españoles a Chile,Teletrece,2016-07-28 15:25:52+00:00,2016,inmigracion
v3U1Uyfsbis,@ainhoahernancortes6876,2017-02-14 14:41:02+00:00,20,"En España incluso hay demasiados universitarios. Desde que empezó la crisis los demás países europeos, bueno y del mundo, se frotaban las manos queriendo contratarlos. Los españoles les pagamos la educación y los extranjeros recogen los frutos. Al menos espero que vuelvan a España con la experiencia adquirida.",La llegada de españoles a Chile,Teletrece,2016-07-28 15:25:52+00:00,2016,inmigracion
v3U1Uyfsbis,@gustav4298,2020-11-22 20:00:42+00:00,23,"Los Españoles siempre serán bienvenidos en Chile y creo que en toda Sudamérica, ustedes nos dieron la bendición de una cultura milenaria y siempre estaremos agradecidos, saludos desde un Chileno hijo de Españoles, orgulloso de la aspa de Borgoña.",La llegada de españoles a Chile,Teletrece,2016-07-28 15:25:52+00:00,2016,inmigracion
v3U1Uyfsbis,@carlomagno223,2017-03-22 17:02:41+00:00,39,"que mainpulacion de imagenes jajajaja , pero cuando chile se quema llaman a los españoles y vamos con mucho gusto, porque el pueblo chileno valora y quiere a España, y España aprecia tambien a los chilenos, es cierto que tuvimos malos momentos, es lo que nos trae el socialismo, hambre y paro, pero hoy en marzo del 2017 España abanza con paso firme, y nuestra economía crece a buen ritmo.
 Un saludazo a los hermanos hispanos",La llegada de españoles a Chile,Teletrece,2016-07-28 15:25:52+00:00,2016,inmigracion
v3U1Uyfsbis,@naepritxa7821,2022-03-27 14:51:15+00:00,0,"La música y el flamenco  son  de Andalucía y sale un asturiano ,un catalán y una madrileña.",La llegada de españoles a Chile,Teletrece,2016-07-28 15:25:52+00:00,2016,inmigracion
v3U1Uyfsbis,@lucasgodoy9299,2021-01-07 03:35:02+00:00,2,Los padres de mis abuelos eran gallegos y tambien vasco,La llegada de españoles a Chile,Teletrece,2016-07-28 15:25:52+00:00,2016,inmigracion
v3U1Uyfsbis,@marinaladrondeguevara4986,2020-10-26 18:17:58+00:00,0,CUANDO LLEGARON LOS ESPAÑOLES!!!!! JAJAJAJA,La llegada de españoles a Chile,Teletrece,2016-07-28 15:25:52+00:00,2016,inmigracion
v3U1Uyfsbis,@rodrigoquezada73,2018-11-30 02:39:24+00:00,2,Aqui No Hay Quien Viva .,La llegada de españoles a Chile,Teletrece,2016-07-28 15:25:52+00:00,2016,inmigracion
v3U1Uyfsbis,@sergiodobleb,2017-12-31 00:41:17+00:00,29,España superó a Italia en renta per capita este año y salió de la crisis con dignidad y gracias a que es un país desarrollado hemos sufrido mucho pero el ser europeos es una ventaja y sobre todo los españoles hemos demostrado ser solidarios con nosotros y la crisis dio la mejor cara de la sociedad española vayamos donde vayamos nunca verás un español tirado por las calles sino emprendiendo ahorrando y esforzándose nadie les regala nada sabemos aprovechar las circunstancias,La llegada de españoles a Chile,Teletrece,2016-07-28 15:25:52+00:00,2016,inmigracion
v3U1Uyfsbis,@marceloenestoabarzuazamora6631,2017-09-25 10:01:39+00:00,0,Pff mi abuelo es cataluñav.. y nose habla como wnv,La llegada de españoles a Chile,Teletrece,2016-07-28 15:25:52+00:00,2016,inmigracion
v3U1Uyfsbis,@nada-eh1oq,2026-03-16 16:12:32+00:00,0,bueno la familia de mi papa era española con italiana,La llegada de españoles a Chile,Teletrece,2016-07-28 15:25:52+00:00,2016,inmigracion
v3U1Uyfsbis,@sergiodobleb,2017-12-31 00:37:37+00:00,0,La crisis quedó atrás España crece al 3% anual y el paro baja por trimestre pero es cierto que en españa hay sectores como la sanidad que están saturadas y sobran diplomados por eso si su formación está bien valorada y los reclaman que aprovechen y regalen su talento... si los contratan por algo será,La llegada de españoles a Chile,Teletrece,2016-07-28 15:25:52+00:00,2016,inmigracion
v3U1Uyfsbis,@peperubiorubio,2019-10-02 03:19:55+00:00,3,Hay más tontos que botellines de cerveza .,La llegada de españoles a Chile,Teletrece,2016-07-28 15:25:52+00:00,2016,inmigracion
v3U1Uyfsbis,@mikesuar8842,2021-02-27 06:22:07+00:00,0,🤣🤣🤣🤣🤣🤣🤣🤣🤣🤣,La llegada de españoles a Chile,Teletrece,2016-07-28 15:25:52+00:00,2016,inmigracion
v3U1Uyfsbis,@sergiofigueroa4300,2020-12-06 01:32:01+00:00,1,"Españoles así como en Chile , se les trata bien con respeto y cariño espero que así traten a nuestra gente cuando lleguemos  a sus tierras algo que en la realidad no es así ya que soy muy racistas y mal educados no sabeis tratar al extranjero para que decir en vuestros aeropuertos.",La llegada de españoles a Chile,Teletrece,2016-07-28 15:25:52+00:00,2016,inmigracion
v3U1Uyfsbis,@miguelmateo7829,2017-03-27 14:43:38+00:00,7,el flamenco es solo de el sur de españa es algo asi como el country en eeuu,La llegada de españoles a Chile,Teletrece,2016-07-28 15:25:52+00:00,2016,inmigracion
v3U1Uyfsbis,@royyager7035,2020-06-25 16:51:06+00:00,1,"La comunidad Hispana debe unirse y fortalecerse con Unión, cooperación y trabajo.   Si trabajamos y nos desarrollamos conjuntamente seríamos la comunidad más poderosa del mundo. Nos une el idioma Castellano, muchas costumbres y que mucha gente de Hispanoamérica tiene algo de  sangre Española por sus venas. Miremos el ejemplo de los anglos, que nos llevan mucha ventaja y son los dominan gran parte del mundo. Somos Hispanos no Latinos.",La llegada de españoles a Chile,Teletrece,2016-07-28 15:25:52+00:00,2016,inmigracion
v3U1Uyfsbis,@diegogallegoleon5064,2022-04-10 10:29:52+00:00,0,"El flamenco como en Andalucia en ningún sitio, es la cuna del flamenco",La llegada de españoles a Chile,Teletrece,2016-07-28 15:25:52+00:00,2016,inmigracion
v3U1Uyfsbis,@jrriquelme9987,2016-12-28 23:16:21+00:00,6,"Chile  es  el pais  donde  despues  de España  hay mas  Catalanes  , por ese  es que  somos  muy buenos  para los negocios y no somos muy de  gritos  como el resto de  España",La llegada de españoles a Chile,Teletrece,2016-07-28 15:25:52+00:00,2016,inmigracion
v3U1Uyfsbis,@yonachile,2017-04-08 17:15:46+00:00,20,"De España, creo que uno de los lugares que más me llama la atención es Galicia, tienen una linda cultura.",La llegada de españoles a Chile,Teletrece,2016-07-28 15:25:52+00:00,2016,inmigracion
v3U1Uyfsbis,@KlausMeyerKein,2018-01-06 20:19:13+00:00,4,flamenco andaluz chile es precisamente eso andaluz castellano -vasco leon castilla navarra y el pais vasco,La llegada de españoles a Chile,Teletrece,2016-07-28 15:25:52+00:00,2016,inmigracion
v3U1Uyfsbis,@judithhansen6430,2019-10-17 06:12:32+00:00,9,"Los Españoles viven en los mejores lugares en Chile. Los cuales que muchos chilenos no pueden soñar. Porque es algo incalsable. 
Que ironico. Chilenos que an pagado impuestos toda su vida en Chile no surgen. Pero los españoles si.  
Viven como si estuviera en los Estados Unidos.",La llegada de españoles a Chile,Teletrece,2016-07-28 15:25:52+00:00,2016,inmigracion
v3U1Uyfsbis,@robert111k,2016-12-30 17:54:09+00:00,18,No se me vuelvan locos. En la depauperada España el PIB per cápita sigue siendo el doble que en el floreciente Chile.,La llegada de españoles a Chile,Teletrece,2016-07-28 15:25:52+00:00,2016,inmigracion
v3U1Uyfsbis,@alanzucker6626,2017-11-29 13:27:01+00:00,14,Excelente ahora que vuelvan los ingleses y los Alemanes 👍👍👍👍👍👍✌️✌️💯% 🍀🍀🍀🇨🇱🇬🇧🇩🇪🇪🇸,La llegada de españoles a Chile,Teletrece,2016-07-28 15:25:52+00:00,2016,inmigracion
v3U1Uyfsbis,@ramonlopezfernandez7205,2019-07-16 14:20:16+00:00,1,"A cultura de España é ampla e grande.... sseeee: Os Galegos, Asturianos, Cántabros, Eúzkaros, Navarros, Aragoneses, Cataláns, del País Valenciá, de las Illes Balears, das illas Canarias no somos iguales a los Andaluces, un poco de respecto porlos otros, que somos aunque grandes,
parecemos los raritos, pero sómos más que ellos: no sólo hai toros e corridas en españa, e non só sevillanas e festa andaluza.... un pouco de por favor
Grazas",La llegada de españoles a Chile,Teletrece,2016-07-28 15:25:52+00:00,2016,inmigracion
v3U1Uyfsbis,@victorarias5558,2021-01-14 03:07:05+00:00,0,"El intercambio de inmigrantes entre España y Chile es muy peculiar, debe ser el único caso en que un país desarrollado tiene  el doble de emigrantes en otro país que los inmigrantes de ese país en España",La llegada de españoles a Chile,Teletrece,2016-07-28 15:25:52+00:00,2016,inmigracion
v3U1Uyfsbis,@oskarramirezgomez1079,2019-10-15 21:56:43+00:00,2,El país hermano Perú  tuvo muchos más españoles y no solo eso italianos franceses cantones japoneses rusos africanos alemanes austriacos y hay gente nativa indígena pero no nos consideramos españoles o origen talvez si fue un origen pero no solo de español sino francés italianos que hay en mayoría aquí y suizos pero siempre decimos peruanos y todos nos unimos no nos creemos la gran cagada la gran diferencia entre los hermanos sudamericanos,La llegada de españoles a Chile,Teletrece,2016-07-28 15:25:52+00:00,2016,inmigracion
v3U1Uyfsbis,@fcjose31,2018-07-29 17:21:53+00:00,5,"Bar Español en Colombia adornado del típico flamenco y el toreo, se supone que representa a Madrid, en Madrid a la mayoría no nos gusta el Toreo y el flamenco según, a mi me gusta mas el folclore Celta de Asturias y Galicia, aunque si se mezcla una Andaluza con Gallego también esta muy bien, pero España tiene una cultura muy diversa para que siempre se muestre lo mismo.
https://www.youtube.com/watch?v=xgao6FxtMLI",La llegada de españoles a Chile,Teletrece,2016-07-28 15:25:52+00:00,2016,inmigracion
v3U1Uyfsbis,@juandiegovasquez9819,2017-05-08 10:57:11+00:00,30,"Me quedo con esta clase de inmigración europea, sorry pero la educación, la contribución en conocimientos, el aporte que le puedes hacer al país y de dónde vienes también cuenta.. No es por ser pesado o muy discriminatorio pero no puedes comparar la inmigración española, por ejemplo, con algunos colombianos, peruanos o dominicanos que nos llegan y que vienen con el fin de delinquir, traficar su droga o terminan juntándose con el flaiterío que tenemos acá; con el, sí o no, respeto que se merecen.",La llegada de españoles a Chile,Teletrece,2016-07-28 15:25:52+00:00,2016,inmigracion
v3U1Uyfsbis,@jhordanyorka2476,2020-10-29 06:55:17+00:00,0,Nome gusta el flamenco pero si la musica de ese pais pero nada mas,La llegada de españoles a Chile,Teletrece,2016-07-28 15:25:52+00:00,2016,inmigracion
v3U1Uyfsbis,@giselvega2674,2020-11-28 00:11:41+00:00,9,Me siento orgullosa de ser desendiente  española y orgullosa de decer chilena 🇨🇱,La llegada de españoles a Chile,Teletrece,2016-07-28 15:25:52+00:00,2016,inmigracion
v3U1Uyfsbis,@ruteando5365,2020-08-21 04:47:15+00:00,1,"Joderrr.. con el flamenco de los cojones!!!, solo hay españoles de Andalucía en Chile???, que bailen también, la jota, la muiñeira, y las isas canarias, que son el folclore mas bonito de España.",La llegada de españoles a Chile,Teletrece,2016-07-28 15:25:52+00:00,2016,inmigracion
v3U1Uyfsbis,@Gustavosaa-t9v,2017-04-05 00:50:02+00:00,1,"No me hables de idioma ,soy un Cantabro y si eres Españoa no sabes ni mierda lo que es eso .
habalmos distinto y muy distinto que en Chile en muchas partes de españa ,a doder",La llegada de españoles a Chile,Teletrece,2016-07-28 15:25:52+00:00,2016,inmigracion
v3U1Uyfsbis,@TheElunicocesar,2018-10-18 12:30:53+00:00,1,También quedara en la historia la llegada de mis haitianos.,La llegada de españoles a Chile,Teletrece,2016-07-28 15:25:52+00:00,2016,inmigracion
v3U1Uyfsbis,@juanmariomezabarahona141,2020-06-13 05:27:04+00:00,0,Le ponen. Weno las España pero n so fritas algunas las chilenas las mas ardientes lindas del mundo  Net e dni e Ron la era k puse dio chileno in que wea estas poco pala u bras s on una obras de Bart e jajjjjjaaaa viva chile miierda,La llegada de españoles a Chile,Teletrece,2016-07-28 15:25:52+00:00,2016,inmigracion
v3U1Uyfsbis,@ДианаДианаПилипака,2017-10-29 02:12:53+00:00,7,Jajaja Españoles son Del Primer Mundo Pueden Viajar Francía O Alemania Son Bien Recibídos por Sus Titulos universitarios Se Frotan Las Manos Pero También Pueden ir Canadá O Estados unidos Si tienen Una Buena Base,La llegada de españoles a Chile,Teletrece,2016-07-28 15:25:52+00:00,2016,inmigracion
v3U1Uyfsbis,@robertocarlostorresrojas6172,2020-08-05 12:22:35+00:00,1,"E conocido un par de Venezolanas que se fueron de Chile a España y se devolvieron y las que se quedaron allá, no son precisamente las más emprendedoras y trabajadoras...Al final es como la selección natural...En Chile solo se quedan los más aptos y más emprendedores.",La llegada de españoles a Chile,Teletrece,2016-07-28 15:25:52+00:00,2016,inmigracion
v3U1Uyfsbis,@jonathanulloav4033,2019-08-20 19:30:12+00:00,23,"Mi bisabuelos eran españoles y realmente me siento más parte de esta cultura que me heredaron que la misma cultura mapuche, ya que webean tanto y representan menos del 8% de los chilenos! Y creo que hablo por muchos chilenos cuando digo que los mapuches no nos representan !",La llegada de españoles a Chile,Teletrece,2016-07-28 15:25:52+00:00,2016,inmigracion
v3U1Uyfsbis,@juancarlos6290,2017-10-12 04:08:41+00:00,1,Tercera reconquista?,La llegada de españoles a Chile,Teletrece,2016-07-28 15:25:52+00:00,2016,inmigracion
v3U1Uyfsbis,@flippercool1988,2019-03-02 08:19:04+00:00,0,"La verdad que alegra la diversidad cultural y la inmigración a nuestro país pero realmente me chocan esos espacios y recibimiento con alfombra roja (disculpan la expresión) a todos esos profesionales que se pueden dar el lujo de vivir en stgo centro o providencia, me parece super bajoneante que existan profesionales chilenos muy capacitados que no tengan esa magnifica oportunidad y si extranjeros que tienen la misma nacionalidad de los dueños de importantes empresas acá.",La llegada de españoles a Chile,Teletrece,2016-07-28 15:25:52+00:00,2016,inmigracion
v3U1Uyfsbis,@cocohoja5248,2018-02-27 14:31:30+00:00,0,Por mucho que hablen estos periodistas de la llegada de españoles si aqui en españa no saben historia y ni le intetesa solo cuando buscan inteteses nada mas.,La llegada de españoles a Chile,Teletrece,2016-07-28 15:25:52+00:00,2016,inmigracion
v3U1Uyfsbis,@Lorenhispano722,2024-03-01 18:58:38+00:00,0,chile estaba mejor siendo españa separse fue un error,La llegada de españoles a Chile,Teletrece,2016-07-28 15:25:52+00:00,2016,inmigracion
v3U1Uyfsbis,@panamericansolutions,2016-08-13 03:14:05+00:00,7,"Hay regiones tan pobres en Chile, que tienen que cruzar la frontera norte para comer bien, curarse bien, comprar viveres y divertirse bien. No todo lo que brilla es oro.",La llegada de españoles a Chile,Teletrece,2016-07-28 15:25:52+00:00,2016,inmigracion
v3U1Uyfsbis,@oscargomez502,2017-04-13 06:50:05+00:00,7,los españoles an enblanquecido latino america viva la madre patria españa,La llegada de españoles a Chile,Teletrece,2016-07-28 15:25:52+00:00,2016,inmigracion
v3U1Uyfsbis,@imhappyinvisible2808,2018-09-14 22:23:55+00:00,3,"Q bien q los  italianos y portuguéses no discriminan a sus compatriotas q arrancaron de la guerra a vivir a América ! Jamás he leído odio y resentimiento de ellos hacia los mestizos que viven esparcidos entre toda América en el caso de italianos y portuguéses en Brasil , Esa pregunta me hago siendo mestizo pero con rasgos europeos , veo Mal q  de los españoles  menosprecien  a la mayoría de los latinos sabiendo q todos tenemos una misma patria Mater  somos  hijos de sus hijos, hay apellidos y sangre compartida pero la  menosprecian tanto y pa q decir de lo discriminada !! Con eso se odian ustedes mismos!! Escupen al cielo y les cae en la cara !! Por eso  aplaudo a los italianos ,alemanes ,portugueses por no discriminar ni renegar de su gente",La llegada de españoles a Chile,Teletrece,2016-07-28 15:25:52+00:00,2016,inmigracion
v3U1Uyfsbis,@jmundi2002,2019-06-06 22:49:08+00:00,5,Si Europa sigue así me iré a Chile yo también,La llegada de españoles a Chile,Teletrece,2016-07-28 15:25:52+00:00,2016,inmigracion
v3U1Uyfsbis,@Reynoaustral,2024-06-02 18:05:50+00:00,0,Buena inmigración decente,La llegada de españoles a Chile,Teletrece,2016-07-28 15:25:52+00:00,2016,inmigracion
v3U1Uyfsbis,@leandrapinto8523,2020-02-14 22:10:13+00:00,1,asta cuando llegan extrajeron a chile y nosotros q delos chilenos q estan sin trabajo,La llegada de españoles a Chile,Teletrece,2016-07-28 15:25:52+00:00,2016,inmigracion
v3U1Uyfsbis,@igorivanov7261,2018-10-19 18:35:42+00:00,5,"Bachelet trajo los Haitianos, gracias a su legado. El Super 8 y las Zapatillas marcan una nueva era en Chile.",La llegada de españoles a Chile,Teletrece,2016-07-28 15:25:52+00:00,2016,inmigracion
v3U1Uyfsbis,@tiaresalgado9036,2021-02-06 14:26:06+00:00,0,Ojo son racistas,La llegada de españoles a Chile,Teletrece,2016-07-28 15:25:52+00:00,2016,inmigracion
v3U1Uyfsbis,@marcelocontreras6142,2018-10-25 21:44:23+00:00,3,"Demasiados chilenos que admiran la llegada de «europeos», y hasta de argentinos!!  Todavía!  Por Dios!!! Siento vergüenza ajena!
Esa es la clase de pensamiento chilensis que no nos permite crecer. 
Espero que seamos cada vez más los verdaderos chilenos que no rebuscamos genealogía en apellidos de antiguos rateros de alta alcurnia o algún vestigio genético bárbaro, también en su acepción despectiva.
El gobierno debiera saber que chile tiene ingenieros e ingenieria de primer nivel además de bastantes profesionales saturando el mercado y que no se han sabido distribuir solamente. No necesita traer mas.
Estos señores del «primer mundo», muy parecidos en su egocentrismo a nuestros vecinos del lado,  espero que sepan llegar con la humildad de quien busca mejores oportunidades que no le ofrece su país natal.",La llegada de españoles a Chile,Teletrece,2016-07-28 15:25:52+00:00,2016,inmigracion
v3U1Uyfsbis,@jmaa1084,2018-04-10 10:27:15+00:00,19,"Que asco me dá que pongais la música flamenca en este documental, yo aborrezco el flamenco y soy de España. Es una danza que crearon los gitanos de España,  pero no es algo que represente al pais.",La llegada de españoles a Chile,Teletrece,2016-07-28 15:25:52+00:00,2016,inmigracion
v3U1Uyfsbis,@DeltaSierra3006,2023-04-30 04:03:41+00:00,0,Fuera godos de Chile.,La llegada de españoles a Chile,Teletrece,2016-07-28 15:25:52+00:00,2016,inmigracion
v3U1Uyfsbis,@danielamezquita2894,2016-10-13 21:40:52+00:00,5,Y porque si son descendientes de españoles . Hablan y escriben tan pero tan mal . Acabo de conversar con chileno y Dios mío no le entendí nada . Hice un esfuerzo sobrehumano para traducir lo que quietos decir . Saludos de Perú,La llegada de españoles a Chile,Teletrece,2016-07-28 15:25:52+00:00,2016,inmigracion
v3U1Uyfsbis,@enriqueyanez2110,2019-01-07 04:42:55+00:00,0,Respeto todas sus opiniones de todos pero recuerden el color original de este continente no es blanco saludos desde México,La llegada de españoles a Chile,Teletrece,2016-07-28 15:25:52+00:00,2016,inmigracion
v3U1Uyfsbis,@lizaraya6273,2019-05-12 12:45:17+00:00,5,Mejor que hubieran llegado barcos con Ingleses o Alemanes,La llegada de españoles a Chile,Teletrece,2016-07-28 15:25:52+00:00,2016,inmigracion
v3U1Uyfsbis,@Luis-jm4qz,2018-07-10 22:17:32+00:00,2,"como se mueren por los españoles, jajaja, igual ya acabo la crisis en españa asi q varios se van a volver.",La llegada de españoles a Chile,Teletrece,2016-07-28 15:25:52+00:00,2016,inmigracion
v3U1Uyfsbis,@carlosayala6754,2020-09-28 01:38:57+00:00,0,Nada que ver la migración de hoy día,La llegada de españoles a Chile,Teletrece,2016-07-28 15:25:52+00:00,2016,inmigracion
v3U1Uyfsbis,@sauldiaz1887,2019-10-25 12:03:15+00:00,0,Por Diosss... si eso eS el tercer mundo.... comparado con España.,La llegada de españoles a Chile,Teletrece,2016-07-28 15:25:52+00:00,2016,inmigracion
v3U1Uyfsbis,@leopoldoscarpinteria1682,2016-12-06 23:24:31+00:00,2,terdera reconquista dice la  mujer a pero no  vayamos nosotros a España beras que mall nos tratan al bote nos leban asta  repariarnos de nuevo,La llegada de españoles a Chile,Teletrece,2016-07-28 15:25:52+00:00,2016,inmigracion
v3U1Uyfsbis,@jorsedragon1178,2018-11-06 19:50:18+00:00,3,"los mayores corruptos del mundo y asesinos de etnias y pueblos indígenas . a mato y mato hasta que gano, un orgullo de país....",La llegada de españoles a Chile,Teletrece,2016-07-28 15:25:52+00:00,2016,inmigracion
vMEKO1g8zE0,@danielpacheco1753,2021-06-26 05:09:23+00:00,21,Soy argentino y al poco tiempo que empezó la pandemia conocí a una chica nigeriana ella habla inglés y el (igbo es su lengua nativa) y la  verdad es que es una gran persona es muy respetuosa ...ahora somos buenos amigos a la distancia...,Testimonios de migrantes afrodescendientes - Campaña &quot;Soy Migrante&quot; - OIM Argentina,OIM Argentina,2016-11-02 16:56:35+00:00,2016,inmigracion
vMEKO1g8zE0,@deespesir,2020-08-20 23:24:15+00:00,17,Un agradecimiento a todos por sus generosas palabras.,Testimonios de migrantes afrodescendientes - Campaña &quot;Soy Migrante&quot; - OIM Argentina,OIM Argentina,2016-11-02 16:56:35+00:00,2016,inmigracion
vMEKO1g8zE0,@fatimadelgadomonteiro8819,2021-02-23 15:21:21+00:00,30,1:12 estoy contenta y orgullosa de ver a un paisano del país de donde son mis padres. Cabo Verde 🇨🇻❤️,Testimonios de migrantes afrodescendientes - Campaña &quot;Soy Migrante&quot; - OIM Argentina,OIM Argentina,2016-11-02 16:56:35+00:00,2016,inmigracion
vMEKO1g8zE0,@soniasutter9556,2020-06-13 21:03:12+00:00,88,LIKE SI VENIS X LA ESCUELA,Testimonios de migrantes afrodescendientes - Campaña &quot;Soy Migrante&quot; - OIM Argentina,OIM Argentina,2016-11-02 16:56:35+00:00,2016,inmigracion
vMEKO1g8zE0,@janethrobles7302,2022-04-04 11:41:29+00:00,3,"Dios estoy tan triste y a la vez emosionada mi nena quiere ir a estudiar medicina, paso viendo videos de muchos migrantes y veo a mi hija tan decidida a irse hacer su carrera ya q en nuestro pais son muy remotas las posibilidades ya q no hay cupos en las universidades, sin embargo mi corazon como madre siente esa tristeza de ver q mi hija tenga q irse para enfrentar sola la vida por alla espero con la bendicion de Dios q siga adelante y sea el quien ilumine su mente y su corazon y espero q este bien por alla cuando le toque viajar",Testimonios de migrantes afrodescendientes - Campaña &quot;Soy Migrante&quot; - OIM Argentina,OIM Argentina,2016-11-02 16:56:35+00:00,2016,inmigracion
vMEKO1g8zE0,@juancasaaa1605,2022-01-07 13:15:01+00:00,1,Carajo todos somos paisanos de todo el mundo,Testimonios de migrantes afrodescendientes - Campaña &quot;Soy Migrante&quot; - OIM Argentina,OIM Argentina,2016-11-02 16:56:35+00:00,2016,inmigracion
vMEKO1g8zE0,@nataliapaolatrinidad1020,2020-09-19 14:07:19+00:00,14,"Ame el video.me emocione,el amor y la valentía que tuvieron al venir a un país que para ellos era totalmente diferente ...Muy lindos. ..Me encanta que vengan y tengas posibilidades igual que todos.",Testimonios de migrantes afrodescendientes - Campaña &quot;Soy Migrante&quot; - OIM Argentina,OIM Argentina,2016-11-02 16:56:35+00:00,2016,inmigracion
vMEKO1g8zE0,@elzorrorojo7807,2020-08-24 05:51:43+00:00,5,Increible que Venancio tenga 88 años,Testimonios de migrantes afrodescendientes - Campaña &quot;Soy Migrante&quot; - OIM Argentina,OIM Argentina,2016-11-02 16:56:35+00:00,2016,inmigracion
vMEKO1g8zE0,@Ktamontaño1984,2025-07-12 14:00:02+00:00,0,Derecho al pleno gose porque también somos seres humanos . Desde Bogotá Colombia.❤,Testimonios de migrantes afrodescendientes - Campaña &quot;Soy Migrante&quot; - OIM Argentina,OIM Argentina,2016-11-02 16:56:35+00:00,2016,inmigracion
vMEKO1g8zE0,@francodavid8775,2021-03-29 11:33:45+00:00,6,Todos somos personas de color,Testimonios de migrantes afrodescendientes - Campaña &quot;Soy Migrante&quot; - OIM Argentina,OIM Argentina,2016-11-02 16:56:35+00:00,2016,inmigracion
vMEKO1g8zE0,@jorgesalina8725,2017-09-28 00:42:36+00:00,11,Tenemos mucho que madurar como sociedad...pero siempre seremos migrantes todos.,Testimonios de migrantes afrodescendientes - Campaña &quot;Soy Migrante&quot; - OIM Argentina,OIM Argentina,2016-11-02 16:56:35+00:00,2016,inmigracion
vMEKO1g8zE0,@davidtoledo2501,2020-06-12 18:07:39+00:00,11,Me conmovieron las palabras de estas personas.,Testimonios de migrantes afrodescendientes - Campaña &quot;Soy Migrante&quot; - OIM Argentina,OIM Argentina,2016-11-02 16:56:35+00:00,2016,inmigracion
vMEKO1g8zE0,@lyacosta929,2020-08-04 16:50:04+00:00,8,Hermosa esta colombianaa negra,Testimonios de migrantes afrodescendientes - Campaña &quot;Soy Migrante&quot; - OIM Argentina,OIM Argentina,2016-11-02 16:56:35+00:00,2016,inmigracion
vMEKO1g8zE0,@gabrielaagosto7232,2017-07-11 02:06:20+00:00,31,me gusta que hablen bien de mi País..❤💕💙💖💚,Testimonios de migrantes afrodescendientes - Campaña &quot;Soy Migrante&quot; - OIM Argentina,OIM Argentina,2016-11-02 16:56:35+00:00,2016,inmigracion
vMEKO1g8zE0,@KevinbenjaminPauletti,2025-11-11 11:19:27+00:00,0,Me encantó la colombiana,Testimonios de migrantes afrodescendientes - Campaña &quot;Soy Migrante&quot; - OIM Argentina,OIM Argentina,2016-11-02 16:56:35+00:00,2016,inmigracion
vMEKO1g8zE0,@Alejandrocasabranca,2025-02-21 18:18:35+00:00,0,No Brasil temos muitos empregos para nossos irmãos hispanos 👑🫡🇧🇷🇵🇹🫡👑🇧🇷🇵🇹🫡👑🇧🇷🇵🇹🫡👑🇧🇷🇵🇹😊,Testimonios de migrantes afrodescendientes - Campaña &quot;Soy Migrante&quot; - OIM Argentina,OIM Argentina,2016-11-02 16:56:35+00:00,2016,inmigracion
vMEKO1g8zE0,@SanGaby1,2021-10-31 23:49:44+00:00,0,a,Testimonios de migrantes afrodescendientes - Campaña &quot;Soy Migrante&quot; - OIM Argentina,OIM Argentina,2016-11-02 16:56:35+00:00,2016,inmigracion
vMEKO1g8zE0,@rominaquiriban5796,2020-03-24 02:40:58+00:00,13,Es una cuestión cultural el racismo. Yo soy argentina de origen paterno Araucana y afro por parte materno. Coincido con la chica de Colombia con educación se puede,Testimonios de migrantes afrodescendientes - Campaña &quot;Soy Migrante&quot; - OIM Argentina,OIM Argentina,2016-11-02 16:56:35+00:00,2016,inmigracion
vMEKO1g8zE0,@jhongomez6315,2017-07-28 22:04:04+00:00,67,Me encanto la colombiana ......,Testimonios de migrantes afrodescendientes - Campaña &quot;Soy Migrante&quot; - OIM Argentina,OIM Argentina,2016-11-02 16:56:35+00:00,2016,inmigracion
vMEKO1g8zE0,@arielus1197,2017-10-14 22:20:51+00:00,26,Yo soy afrodescendiente y jamás he sufrido discriminación.,Testimonios de migrantes afrodescendientes - Campaña &quot;Soy Migrante&quot; - OIM Argentina,OIM Argentina,2016-11-02 16:56:35+00:00,2016,inmigracion
vMEKO1g8zE0,@nikomunoz96,2017-02-27 00:57:46+00:00,42,Todos somos humanos y somos todos iguales pero es verdad nosotros los argentinos algunos de nosotros no crecimos con gente de color y a veces es algo nuevo y a lo mejor por ignorancia nos atajamos y creemos ser blancos pero argentinos somos todos los que se sientan argentinos y nacen en Argentina.,Testimonios de migrantes afrodescendientes - Campaña &quot;Soy Migrante&quot; - OIM Argentina,OIM Argentina,2016-11-02 16:56:35+00:00,2016,inmigracion
vMEKO1g8zE0,@maximolovecchio1112,2025-11-04 13:02:18+00:00,1,3:16 se parece a bob marley,Testimonios de migrantes afrodescendientes - Campaña &quot;Soy Migrante&quot; - OIM Argentina,OIM Argentina,2016-11-02 16:56:35+00:00,2016,inmigracion
vMEKO1g8zE0,@JoaquinAlmiron.,2021-11-04 06:38:43+00:00,2,Yo estoy solo por la chiforimpula de educación Ciudadana,Testimonios de migrantes afrodescendientes - Campaña &quot;Soy Migrante&quot; - OIM Argentina,OIM Argentina,2016-11-02 16:56:35+00:00,2016,inmigracion
vMEKO1g8zE0,@Gabrielburzaco,2022-01-31 02:54:45+00:00,1,"Esta todo muy bien pero a nosotros nadie nos ayuda en el exterior, que el que quiera venir al pais que venga pero no se les puede dar todo facil , porque a nosotros no nos dan nada.",Testimonios de migrantes afrodescendientes - Campaña &quot;Soy Migrante&quot; - OIM Argentina,OIM Argentina,2016-11-02 16:56:35+00:00,2016,inmigracion
vMEKO1g8zE0,@capmoreno4402,2016-12-11 23:26:14+00:00,9,Gran video. Pero existe racismo si con los afrodescendientes. Fuerza y lucha!!.,Testimonios de migrantes afrodescendientes - Campaña &quot;Soy Migrante&quot; - OIM Argentina,OIM Argentina,2016-11-02 16:56:35+00:00,2016,inmigracion
vMEKO1g8zE0,@thiaguitoor,2024-06-28 16:49:20+00:00,0,"Gente laburadora que se asimila, aprende la cultura y idioma del pais donde migraron, son el ejemplo perfecto de un migrante ideal, se merecen por completo el salir adelante como lo hicieron pq se reompieron el lomo para eso (no como muchos noquis que nacen y se crian aca en argentina que viven de los demas)",Testimonios de migrantes afrodescendientes - Campaña &quot;Soy Migrante&quot; - OIM Argentina,OIM Argentina,2016-11-02 16:56:35+00:00,2016,inmigracion
vMEKO1g8zE0,@Agustina.Ignacio,2020-08-29 03:47:47+00:00,0,como se llama la canción de fondo?,Testimonios de migrantes afrodescendientes - Campaña &quot;Soy Migrante&quot; - OIM Argentina,OIM Argentina,2016-11-02 16:56:35+00:00,2016,inmigracion
vMEKO1g8zE0,@antimafia-xp4zy,2024-07-05 23:38:59+00:00,1,"Todo bien . Creo que los derechos humanos deberian hacer incapie  exigir a sus paises, que respondan porque sus cuidadanos tienen que abandonar su pais, y buscar mejorar su vida en otros; deberian ser sancionados por estos organismos.Y exigirles que cubran sus gastos, no es correcto que otra gente tenga que pagar los gastos de los extranjeros que vienen. Lo unci que se ve ahora, son masas de gente desplazadas. y muchos haciendose el gran negocio cobrando mucho dinero para entrarlos en otros paises.Poniendolos en peligro, se ve en USA como arriesgan sus vidas para entrar, y gente que cobra para ayudarlos a pasar, y eso no es gratis? Mucho derechos humanos, pero no luchan contra el abuso.",Testimonios de migrantes afrodescendientes - Campaña &quot;Soy Migrante&quot; - OIM Argentina,OIM Argentina,2016-11-02 16:56:35+00:00,2016,inmigracion
vMEKO1g8zE0,@santosbr790,2020-06-06 17:47:40+00:00,4,"Os Argentinos não são racistas, eles não estão acostumados com negros, é ignorância talvez",Testimonios de migrantes afrodescendientes - Campaña &quot;Soy Migrante&quot; - OIM Argentina,OIM Argentina,2016-11-02 16:56:35+00:00,2016,inmigracion
vMEKO1g8zE0,@mateoregalado1330,2020-10-21 09:10:28+00:00,4,Genial 😁,Testimonios de migrantes afrodescendientes - Campaña &quot;Soy Migrante&quot; - OIM Argentina,OIM Argentina,2016-11-02 16:56:35+00:00,2016,inmigracion
vMEKO1g8zE0,@barbarulli,2018-11-04 13:40:58+00:00,8,Que lindos!!!,Testimonios de migrantes afrodescendientes - Campaña &quot;Soy Migrante&quot; - OIM Argentina,OIM Argentina,2016-11-02 16:56:35+00:00,2016,inmigracion
vMEKO1g8zE0,@davidlinares5206,2021-09-04 16:12:01+00:00,4,Yo creo que antes de ser negro son seres humanos y nos debemos de amar unos con otros,Testimonios de migrantes afrodescendientes - Campaña &quot;Soy Migrante&quot; - OIM Argentina,OIM Argentina,2016-11-02 16:56:35+00:00,2016,inmigracion
vMEKO1g8zE0,@lubu2960,2021-11-16 22:12:19+00:00,1,Espero que les esté yendo bien con la situación actual.,Testimonios de migrantes afrodescendientes - Campaña &quot;Soy Migrante&quot; - OIM Argentina,OIM Argentina,2016-11-02 16:56:35+00:00,2016,inmigracion
vMEKO1g8zE0,@antimafia-xp4zy,2024-07-05 23:31:09+00:00,3,Porque no exigen sus derechos humanos en sus paises?,Testimonios de migrantes afrodescendientes - Campaña &quot;Soy Migrante&quot; - OIM Argentina,OIM Argentina,2016-11-02 16:56:35+00:00,2016,inmigracion
vMEKO1g8zE0,@latinosdelmundo1,2023-03-15 13:07:23+00:00,2,Acá viven del chantaje siempre dicen que se lo maltrata Para conseguir cosas,Testimonios de migrantes afrodescendientes - Campaña &quot;Soy Migrante&quot; - OIM Argentina,OIM Argentina,2016-11-02 16:56:35+00:00,2016,inmigracion
vMEKO1g8zE0,@jonny1251,2018-07-23 00:26:29+00:00,9,Que gente hermosa,Testimonios de migrantes afrodescendientes - Campaña &quot;Soy Migrante&quot; - OIM Argentina,OIM Argentina,2016-11-02 16:56:35+00:00,2016,inmigracion
vMEKO1g8zE0,@nicolascastelli1319,2020-08-14 23:50:27+00:00,4,"Me emocionó ver éste video. Son parte de nuestro pueblo como cualquier argentino que haya nacido en el País. Gracias por sus testimonios, son muy valorables!",Testimonios de migrantes afrodescendientes - Campaña &quot;Soy Migrante&quot; - OIM Argentina,OIM Argentina,2016-11-02 16:56:35+00:00,2016,inmigracion
vMEKO1g8zE0,@antimafia-xp4zy,2024-07-05 23:33:05+00:00,2,Porque no pueden estudiar en sus paises?,Testimonios de migrantes afrodescendientes - Campaña &quot;Soy Migrante&quot; - OIM Argentina,OIM Argentina,2016-11-02 16:56:35+00:00,2016,inmigracion
vMEKO1g8zE0,@joserodolfoaguirre4937,2020-11-08 12:01:42+00:00,5,Cuántas buenas historias muy interesante !!!!!!,Testimonios de migrantes afrodescendientes - Campaña &quot;Soy Migrante&quot; - OIM Argentina,OIM Argentina,2016-11-02 16:56:35+00:00,2016,inmigracion
vMEKO1g8zE0,@matthewjacksonjr.4353,2020-09-04 05:14:31+00:00,18,Orgulloso de ser negro!✊🏾✊🏾,Testimonios de migrantes afrodescendientes - Campaña &quot;Soy Migrante&quot; - OIM Argentina,OIM Argentina,2016-11-02 16:56:35+00:00,2016,inmigracion
vMEKO1g8zE0,@fedegerez9737,2021-09-15 18:28:19+00:00,0,😐🖓,Testimonios de migrantes afrodescendientes - Campaña &quot;Soy Migrante&quot; - OIM Argentina,OIM Argentina,2016-11-02 16:56:35+00:00,2016,inmigracion
vMEKO1g8zE0,@vivianacutuli5125,2021-10-08 09:03:52+00:00,2,Bienvenidos hermanitos a nuestra querida argentina,Testimonios de migrantes afrodescendientes - Campaña &quot;Soy Migrante&quot; - OIM Argentina,OIM Argentina,2016-11-02 16:56:35+00:00,2016,inmigracion
vMEKO1g8zE0,@Florperegrina,2023-09-16 14:58:02+00:00,0,En Colombia hay mucha discriminación.,Testimonios de migrantes afrodescendientes - Campaña &quot;Soy Migrante&quot; - OIM Argentina,OIM Argentina,2016-11-02 16:56:35+00:00,2016,inmigracion
vMEKO1g8zE0,@pablosotto7,2020-08-30 19:04:18+00:00,1,"Yo vivi siete años en Argentina hasta el 2001, vi muy pocas veces africanos, pero hoy hay más afrodescendientes así como en Chile que ya son una minoría importante. Bolivia y Paraguay se salvarán de inmigrantes afros, así como Rusia se salva de inmigración africana,  asiática o musulmanas. Quise decir no reciben inmigración afros.",Testimonios de migrantes afrodescendientes - Campaña &quot;Soy Migrante&quot; - OIM Argentina,OIM Argentina,2016-11-02 16:56:35+00:00,2016,inmigracion
vMEKO1g8zE0,@christianarmandolucco6880,2020-10-22 17:48:55+00:00,8,"like si veni
s por la escuela",Testimonios de migrantes afrodescendientes - Campaña &quot;Soy Migrante&quot; - OIM Argentina,OIM Argentina,2016-11-02 16:56:35+00:00,2016,inmigracion
vMEKO1g8zE0,@andresdelaiglesia3837,2018-07-12 14:16:52+00:00,13,Cuando San Martin fue a liberar a Lima la mayoria de sus soldados eran negros y eran argentinos,Testimonios de migrantes afrodescendientes - Campaña &quot;Soy Migrante&quot; - OIM Argentina,OIM Argentina,2016-11-02 16:56:35+00:00,2016,inmigracion
vMEKO1g8zE0,@manuelgutierrez6064,2019-02-05 11:35:10+00:00,29,Hermosa la colombiana,Testimonios de migrantes afrodescendientes - Campaña &quot;Soy Migrante&quot; - OIM Argentina,OIM Argentina,2016-11-02 16:56:35+00:00,2016,inmigracion
vMEKO1g8zE0,@sansr8949,2024-01-24 22:31:25+00:00,2,Todos K 😂,Testimonios de migrantes afrodescendientes - Campaña &quot;Soy Migrante&quot; - OIM Argentina,OIM Argentina,2016-11-02 16:56:35+00:00,2016,inmigracion
vMEKO1g8zE0,@PGRDVZBWZGV,2018-03-31 12:33:22+00:00,14,Todos son bienvenidos a Argentina,Testimonios de migrantes afrodescendientes - Campaña &quot;Soy Migrante&quot; - OIM Argentina,OIM Argentina,2016-11-02 16:56:35+00:00,2016,inmigracion
vMEKO1g8zE0,@painispootis,2021-09-16 18:02:11+00:00,0,4to3ra repórtense.,Testimonios de migrantes afrodescendientes - Campaña &quot;Soy Migrante&quot; - OIM Argentina,OIM Argentina,2016-11-02 16:56:35+00:00,2016,inmigracion
vMEKO1g8zE0,@alexissanchez7859,2019-10-29 00:55:50+00:00,6,"No es por el color que te llame la atención, no es por el racismo, no es por discrimar, no se si estamos preparados economicamente, pero acá en Argentina nadie discrimina, la gente te da la bienvenida,  con lo que puede, con humildad, con mucho respeto, el Argentino le da curiosidad de que cultura vienen, de que se formaron o como lo trata el país, por ahi en mi caso tengo ignorancia por no saber de qué región o lugar nacieron, me da vergüenza acercarme y no por verlos mal o algo, sino que soy tímido hasta con otras personas, pero si estoy con confíanza puede ser que te pregunte otras cosas, porque tampoco se como va a reaccionar la otra persona, pero a lo que voy ningún Argentino tiene esa intención o gramar situaciones, pero son bienvenidos a todo el mundo le damos oportunidad, capacidad y a cobijar en los momentos duros. RACISMO HAY AFUERA Y EN LAS POTENCIAS, QUE IRÓNICO.",Testimonios de migrantes afrodescendientes - Campaña &quot;Soy Migrante&quot; - OIM Argentina,OIM Argentina,2016-11-02 16:56:35+00:00,2016,inmigracion
vMEKO1g8zE0,@darioquinonez9547,2021-10-11 20:15:32+00:00,2,"Dios bendiga a la argentina , dios bendiga a los inmigrantes afro!!",Testimonios de migrantes afrodescendientes - Campaña &quot;Soy Migrante&quot; - OIM Argentina,OIM Argentina,2016-11-02 16:56:35+00:00,2016,inmigracion
vMEKO1g8zE0,@Eli-ct4xh,2023-02-12 20:24:51+00:00,0,"Es una cuestion de naturaleza el racismo, no de cultura. Historicamente el humano le ha temido a lo diferente y en consecuencia lo ha discriminado.",Testimonios de migrantes afrodescendientes - Campaña &quot;Soy Migrante&quot; - OIM Argentina,OIM Argentina,2016-11-02 16:56:35+00:00,2016,inmigracion
vMEKO1g8zE0,@missosologyhaiti5141,2019-11-20 19:33:48+00:00,14,Haití 🇭🇹❤,Testimonios de migrantes afrodescendientes - Campaña &quot;Soy Migrante&quot; - OIM Argentina,OIM Argentina,2016-11-02 16:56:35+00:00,2016,inmigracion
vMEKO1g8zE0,@maris1509,2018-07-25 02:46:41+00:00,10,necesitamos que vengan muchos afros para ganar el próximo mundial de futbol,Testimonios de migrantes afrodescendientes - Campaña &quot;Soy Migrante&quot; - OIM Argentina,OIM Argentina,2016-11-02 16:56:35+00:00,2016,inmigracion
vMEKO1g8zE0,@tiagoantiman1306,2019-07-30 03:17:39+00:00,1,Ya paso el año 19147? XD,Testimonios de migrantes afrodescendientes - Campaña &quot;Soy Migrante&quot; - OIM Argentina,OIM Argentina,2016-11-02 16:56:35+00:00,2016,inmigracion
vMEKO1g8zE0,@mickjagger8354,2020-06-08 02:53:32+00:00,2,Jajajajajajjajajajajajajajajsjs,Testimonios de migrantes afrodescendientes - Campaña &quot;Soy Migrante&quot; - OIM Argentina,OIM Argentina,2016-11-02 16:56:35+00:00,2016,inmigracion
vMEKO1g8zE0,@victorcampbell1868,2018-02-08 02:12:21+00:00,14,Un merecido pulgar abajo,Testimonios de migrantes afrodescendientes - Campaña &quot;Soy Migrante&quot; - OIM Argentina,OIM Argentina,2016-11-02 16:56:35+00:00,2016,inmigracion
vMEKO1g8zE0,@EstebanPolos,2020-11-26 04:32:29+00:00,0,"Dicen que una de las razones por las que se mudaban era por la falta de trabajo y justo se mudaron a uno de los peores países en el tema del trabajo, yo que ellos me hubiera mudado a Chile un millón de veces antes que Argentina",Testimonios de migrantes afrodescendientes - Campaña &quot;Soy Migrante&quot; - OIM Argentina,OIM Argentina,2016-11-02 16:56:35+00:00,2016,inmigracion
vMEKO1g8zE0,@latinosdelmundo1,2023-03-15 13:03:52+00:00,2,Siempre victimisandose,Testimonios de migrantes afrodescendientes - Campaña &quot;Soy Migrante&quot; - OIM Argentina,OIM Argentina,2016-11-02 16:56:35+00:00,2016,inmigracion
vMEKO1g8zE0,@ramsesronaldomoreiramahdi4992,2020-08-23 19:28:17+00:00,0,Soy persa para mi las mujeres morena son mas sexi  que las mujeres blanca en mi pais persia no hay negros,Testimonios de migrantes afrodescendientes - Campaña &quot;Soy Migrante&quot; - OIM Argentina,OIM Argentina,2016-11-02 16:56:35+00:00,2016,inmigracion
vMEKO1g8zE0,@rominavillafranca7282,2021-03-06 23:06:19+00:00,7,"En poco tiempo Argentina va a tener ademas de los problemas que tiene, el problema racial muy fuerte como aqui en USA. No saben lo que le espera.  La senorita de colombia, que hace ahi? esta bien ir a pasear, pero a vivir, si Colombia esta bien. Se van por que les dan dinero al mes y la salud y educacion son gratis.",Testimonios de migrantes afrodescendientes - Campaña &quot;Soy Migrante&quot; - OIM Argentina,OIM Argentina,2016-11-02 16:56:35+00:00,2016,inmigracion
vMEKO1g8zE0,@caligrafialuna,2019-03-28 15:25:11+00:00,4,Simplemente no hay fronteras... Hay políticos haciendo las diferencias para proteger un pedazo de terreno que es de todos 😛😛,Testimonios de migrantes afrodescendientes - Campaña &quot;Soy Migrante&quot; - OIM Argentina,OIM Argentina,2016-11-02 16:56:35+00:00,2016,inmigracion
vMEKO1g8zE0,@anajimenez8548,2021-06-12 17:10:32+00:00,3,Aquí por tarea XD,Testimonios de migrantes afrodescendientes - Campaña &quot;Soy Migrante&quot; - OIM Argentina,OIM Argentina,2016-11-02 16:56:35+00:00,2016,inmigracion
vMEKO1g8zE0,@azucenavasconez4824,2024-06-18 23:55:12+00:00,0,se fueron de mal en peor,Testimonios de migrantes afrodescendientes - Campaña &quot;Soy Migrante&quot; - OIM Argentina,OIM Argentina,2016-11-02 16:56:35+00:00,2016,inmigracion
vMEKO1g8zE0,@VeRoniCa_1981Italy,2022-09-06 11:11:35+00:00,0,Si sono sbagliati di paese!! Es mejor Uruguay!!!!🤓,Testimonios de migrantes afrodescendientes - Campaña &quot;Soy Migrante&quot; - OIM Argentina,OIM Argentina,2016-11-02 16:56:35+00:00,2016,inmigracion
vMEKO1g8zE0,@BlaBlabla-qh2hi,2023-04-27 11:31:08+00:00,2,Pero no son Argentinos y nunca lo serán.,Testimonios de migrantes afrodescendientes - Campaña &quot;Soy Migrante&quot; - OIM Argentina,OIM Argentina,2016-11-02 16:56:35+00:00,2016,inmigracion
vMEKO1g8zE0,@ginaclark9536,2019-01-15 22:31:07+00:00,9,"Los que discriminan a la gente de color no son los Argentinos sino los mismos extranjeros de otros países que traen esas costumbres de sus países de origen, porque nosotros somos mas bien amigables podemos sorprendernos, los niños hasta se asustan porque no están acostumbrados, hay zonas en la Argentina que viven , europeos alemanes, holandeces , checos, españoles y mas , son ellos los que no quieren en sus pueblos gente afro, lo se por conocimiento de causa, son comunidades cerradas, 😱👎",Testimonios de migrantes afrodescendientes - Campaña &quot;Soy Migrante&quot; - OIM Argentina,OIM Argentina,2016-11-02 16:56:35+00:00,2016,inmigracion
vMEKO1g8zE0,@ClanCL98,2017-11-22 05:57:31+00:00,29,el unico color que importa en argentina es el verde del dolar !! el problema son las costumbres que traen!!,Testimonios de migrantes afrodescendientes - Campaña &quot;Soy Migrante&quot; - OIM Argentina,OIM Argentina,2016-11-02 16:56:35+00:00,2016,inmigracion
vMEKO1g8zE0,@alioundiaye1143,2020-04-05 16:21:53+00:00,2,Argentina un país discriminación categorización esencializaciones xenofobia antisemitismo jerarquía racista,Testimonios de migrantes afrodescendientes - Campaña &quot;Soy Migrante&quot; - OIM Argentina,OIM Argentina,2016-11-02 16:56:35+00:00,2016,inmigracion
vMEKO1g8zE0,@dassa7227,2020-07-21 07:20:02+00:00,0,Soy argentino y soy cavernícola,Testimonios de migrantes afrodescendientes - Campaña &quot;Soy Migrante&quot; - OIM Argentina,OIM Argentina,2016-11-02 16:56:35+00:00,2016,inmigracion
vMEKO1g8zE0,@doctormadero1919,2019-09-02 19:23:38+00:00,8,Fuera de acá,Testimonios de migrantes afrodescendientes - Campaña &quot;Soy Migrante&quot; - OIM Argentina,OIM Argentina,2016-11-02 16:56:35+00:00,2016,inmigracion
vMEKO1g8zE0,@N0v3mb3r26,2023-10-03 06:59:23+00:00,1,"Para mi no son afrodecendientes, ya son Argentinos y punto.",Testimonios de migrantes afrodescendientes - Campaña &quot;Soy Migrante&quot; - OIM Argentina,OIM Argentina,2016-11-02 16:56:35+00:00,2016,inmigracion
zg9M40EcQy0,@ВолодимирКравченко-з6н,2021-11-27 22:49:32+00:00,1,Esa gente quiere ir a Reino Unido porque hablan ya el idioma.,"Los inmigrantes sueñan con llegar al Reino Unido, ahora desde Bélgica",euronews (en español),2016-02-05 12:36:55+00:00,2016,inmigracion
zg9M40EcQy0,@AbdoAbdo-xt3vq,2023-01-09 22:20:55+00:00,0,Hola,"Los inmigrantes sueñan con llegar al Reino Unido, ahora desde Bélgica",euronews (en español),2016-02-05 12:36:55+00:00,2016,inmigracion
zg9M40EcQy0,@ratoncitoperez6994,2018-12-17 10:20:09+00:00,1,Ayudar a esos pobres por favor,"Los inmigrantes sueñan con llegar al Reino Unido, ahora desde Bélgica",euronews (en español),2016-02-05 12:36:55+00:00,2016,inmigracion
zg9M40EcQy0,@lourdesyanapavaleriano4474,2021-11-07 19:20:23+00:00,0,"Estás personas son de lo peor.
Por qué no toman un vuelo como todos ?","Los inmigrantes sueñan con llegar al Reino Unido, ahora desde Bélgica",euronews (en español),2016-02-05 12:36:55+00:00,2016,inmigracion
zg9M40EcQy0,@yerbafumoncito,2018-01-22 16:25:53+00:00,6,"QUE LOS REGRESEN¡¡¡¡¡¡¡¡¡¡¡¡¡¡   CANAL PRO INMIGRANTES NO SOMOS TONTOS. LA GENTE YA DESPERTÓ, Y SABEMOS QUE LOS MEDIOS DE COMUNICACIÓN MAS IMPORTANTES PROMUEVEN LA INMIGRACIÓN, YA BASTA¡¡¡¡¡¡¡¡¡¡¡¡¡¡¡¡¡¡¡¡","Los inmigrantes sueñan con llegar al Reino Unido, ahora desde Bélgica",euronews (en español),2016-02-05 12:36:55+00:00,2016,inmigracion
XnLJyMShVTk,@ratoncitoperez6994,2019-01-13 04:39:54+00:00,0,33 son pocos y que hace esa con la camiseta de cruz roja,33 refugiados sirios comienzan su nueva vida en España,AGENCIA EFE,2016-06-28 16:30:51+00:00,2016,inmigracion
XnLJyMShVTk,@joseangelmenchen2063,2016-06-28 16:45:02+00:00,6,eso... y que pasa con los pobres en españa???? los que no tienen techo.. trabajo etc etc,33 refugiados sirios comienzan su nueva vida en España,AGENCIA EFE,2016-06-28 16:30:51+00:00,2016,inmigracion
XnLJyMShVTk,@sitoinformationchannel3369,2016-06-29 12:16:43+00:00,1,#StopRefugiados,33 refugiados sirios comienzan su nueva vida en España,AGENCIA EFE,2016-06-28 16:30:51+00:00,2016,inmigracion
