video_id,autor,fecha,likes,texto,titulo_video,canal,fecha_video,año_video,tema
jTM-ndTRrtE,@lisifarinas5725,2026-04-19 20:41:35+00:00,0,Pobrecito! Dios lo bendiga mucho ❤❤,"Henry, un inmigrante nigeriano y homosexual, con dificultades para conseguir la residencia en España",laSexta Noticias,2015-07-17 19:03:29+00:00,2015,inmigracion
jTM-ndTRrtE,@lupus-o2p,2025-08-06 12:01:25+00:00,1,Qué triste. Es un ser humano.,"Henry, un inmigrante nigeriano y homosexual, con dificultades para conseguir la residencia en España",laSexta Noticias,2015-07-17 19:03:29+00:00,2015,inmigracion
jTM-ndTRrtE,@yeirihernandez6108,2018-07-20 22:36:45+00:00,1,Que fuerte que pena con este chico,"Henry, un inmigrante nigeriano y homosexual, con dificultades para conseguir la residencia en España",laSexta Noticias,2015-07-17 19:03:29+00:00,2015,inmigracion
jTM-ndTRrtE,@davidsanchez1148,2019-07-13 13:17:52+00:00,1,Pobrecito,"Henry, un inmigrante nigeriano y homosexual, con dificultades para conseguir la residencia en España",laSexta Noticias,2015-07-17 19:03:29+00:00,2015,inmigracion
jTM-ndTRrtE,@blackgoku3788,2022-07-04 19:59:44+00:00,0,Todos los países tienen que a estar la homosexualidad,"Henry, un inmigrante nigeriano y homosexual, con dificultades para conseguir la residencia en España",laSexta Noticias,2015-07-17 19:03:29+00:00,2015,inmigracion
jTM-ndTRrtE,@blackgoku3788,2022-07-04 19:56:07+00:00,0,Yemen y Arabia saudita tiene a estar la homosexualidad,"Henry, un inmigrante nigeriano y homosexual, con dificultades para conseguir la residencia en España",laSexta Noticias,2015-07-17 19:03:29+00:00,2015,inmigracion
jTM-ndTRrtE,@blackgoku3788,2022-07-04 19:58:56+00:00,0,Afghanistan y Pakistán tiene que a estar la homosexualidad,"Henry, un inmigrante nigeriano y homosexual, con dificultades para conseguir la residencia en España",laSexta Noticias,2015-07-17 19:03:29+00:00,2015,inmigracion
jTM-ndTRrtE,@blackgoku3788,2022-07-04 19:57:28+00:00,0,Iraq irán tiene que a estar la homosexualidad,"Henry, un inmigrante nigeriano y homosexual, con dificultades para conseguir la residencia en España",laSexta Noticias,2015-07-17 19:03:29+00:00,2015,inmigracion
jTM-ndTRrtE,@blackgoku3788,2022-07-04 20:14:26+00:00,0,Camerún,"Henry, un inmigrante nigeriano y homosexual, con dificultades para conseguir la residencia en España",laSexta Noticias,2015-07-17 19:03:29+00:00,2015,inmigracion
jTM-ndTRrtE,@blackgoku3788,2022-07-04 19:52:58+00:00,0,Sudán tiene que a estar la homosexualidad,"Henry, un inmigrante nigeriano y homosexual, con dificultades para conseguir la residencia en España",laSexta Noticias,2015-07-17 19:03:29+00:00,2015,inmigracion
jTM-ndTRrtE,@blackgoku3788,2022-07-04 19:54:11+00:00,0,Somalia tiene que a estar la homosexualidad,"Henry, un inmigrante nigeriano y homosexual, con dificultades para conseguir la residencia en España",laSexta Noticias,2015-07-17 19:03:29+00:00,2015,inmigracion
jTM-ndTRrtE,@blackgoku3788,2022-07-04 19:51:21+00:00,0,Mauritania tienes que a estar la homosexualidad,"Henry, un inmigrante nigeriano y homosexual, con dificultades para conseguir la residencia en España",laSexta Noticias,2015-07-17 19:03:29+00:00,2015,inmigracion
jTM-ndTRrtE,@danieloneroner,2015-07-17 20:36:37+00:00,0,Que se vaya a Venezuela,"Henry, un inmigrante nigeriano y homosexual, con dificultades para conseguir la residencia en España",laSexta Noticias,2015-07-17 19:03:29+00:00,2015,inmigracion
jTM-ndTRrtE,@alcon_rojo3155,2021-05-29 02:41:19+00:00,2,Yo quiero un moreno así de hermoso,"Henry, un inmigrante nigeriano y homosexual, con dificultades para conseguir la residencia en España",laSexta Noticias,2015-07-17 19:03:29+00:00,2015,inmigracion
jTM-ndTRrtE,@joni33333,2015-07-18 07:14:17+00:00,0,"Que se haga transexual, entonces ya tiene el pack completo que incluye pasaporte español y pagita","Henry, un inmigrante nigeriano y homosexual, con dificultades para conseguir la residencia en España",laSexta Noticias,2015-07-17 19:03:29+00:00,2015,inmigracion
jTM-ndTRrtE,@blackgoku3788,2022-07-04 19:50:35+00:00,0,Nigeria tienes que a estar la homosexualidad,"Henry, un inmigrante nigeriano y homosexual, con dificultades para conseguir la residencia en España",laSexta Noticias,2015-07-17 19:03:29+00:00,2015,inmigracion
1dBQqHDQHDo,@JuanAntonioPerez-oo3wp,2023-09-21 21:23:58+00:00,59,"Mi padre llegó en el 55, y mi madre en el 55 en el San Roque. Emigrantes de Murcia. Vivimos en Mendoza y fuimos felices. Ya todos nos volvimos a España, salvo mi hermano economísta vive en Mendoza 74 años tiene. Lo peor son las despedidas, en los aeropuertos, es como un puñal que se te clava en el ama. Nunca olvidaré cuando mi padre me envío solo con 18 años, en junio del 74, a España, viejo sabio, que quería que yo no me viera envuelto en ningún bando, es una edad peligrosa. Todavía recuerdo cuando veía debajo la cancha de River, y lloraba como un niño. Eso te hace más fuerte en la vida.",Inmigrantes españoles arriban al puerto de Buenos Aires 1969,DiFilm,2015-01-24 16:20:20+00:00,2015,inmigracion
1dBQqHDQHDo,@laureanoladrero2262,2024-09-22 22:28:21+00:00,19,"Me puse a llorar cuando veia el video, me senti tan identificado.Pensar que nuestros abuelos vinieron en la misma...Un abrazo a todos los nietos de inmigrantes<3",Inmigrantes españoles arriban al puerto de Buenos Aires 1969,DiFilm,2015-01-24 16:20:20+00:00,2015,inmigracion
1dBQqHDQHDo,@juanfre1767,2021-08-06 21:05:56+00:00,91,"Mis abisabuelos eran españoles e iban en ese barco para ir a la Argentina. Todos Españoles e italianos, Europa Sur la mejor cultura de Europa. 🇪🇦🇮🇹❤️❤️🇦🇷",Inmigrantes españoles arriban al puerto de Buenos Aires 1969,DiFilm,2015-01-24 16:20:20+00:00,2015,inmigracion
1dBQqHDQHDo,@GabrielGuzman-jm8hc,2023-08-09 00:29:34+00:00,32,"Y pensar que mis antepasados descendieron de esos barcos 
Un orgullo total ser descendiente de españoles!!!! 
En 2011 tube la suerte de viajar a españa con mi hermana y conocer el pais de mis bisabuelos 🇦🇷❤🇪🇸
Me senti en como en casa, como si nunca ubiese salido de argentina",Inmigrantes españoles arriban al puerto de Buenos Aires 1969,DiFilm,2015-01-24 16:20:20+00:00,2015,inmigracion
1dBQqHDQHDo,@ladymarlong,2022-08-26 02:29:19+00:00,77,"""¿Qué vienen a hacer aquí en la Argentina? Pues venimos a trabajar"" Cuánto les debemos y cuánto faltan esos valores hoy en día, qué triste",Inmigrantes españoles arriban al puerto de Buenos Aires 1969,DiFilm,2015-01-24 16:20:20+00:00,2015,inmigracion
1dBQqHDQHDo,@musicprod7469,2021-09-28 02:18:31+00:00,34,esta gente hizo la Argentina Grande!,Inmigrantes españoles arriban al puerto de Buenos Aires 1969,DiFilm,2015-01-24 16:20:20+00:00,2015,inmigracion
1dBQqHDQHDo,@itsmelany.,2020-11-09 15:34:43+00:00,97,"Ame a la periodista, estoy haciendo un trabajo de la inmigración española a la Argentina, puesto que mi bisabuelo era andaluz y estos videos me ayudan muchísimo!",Inmigrantes españoles arriban al puerto de Buenos Aires 1969,DiFilm,2015-01-24 16:20:20+00:00,2015,inmigracion
1dBQqHDQHDo,@lulozano8187,2025-02-26 14:53:07+00:00,5,La ternura que me da la mujer que es de Sevilla,Inmigrantes españoles arriban al puerto de Buenos Aires 1969,DiFilm,2015-01-24 16:20:20+00:00,2015,inmigracion
1dBQqHDQHDo,@ricardovisconti5681,2021-01-08 08:04:53+00:00,81,Hoy es al revés y muchos argentinos somos inmigrantes en España. Es emocionante ver el caso contrario que alguna vez supo suceder.,Inmigrantes españoles arriban al puerto de Buenos Aires 1969,DiFilm,2015-01-24 16:20:20+00:00,2015,inmigracion
1dBQqHDQHDo,@joelalvarez7084,2019-04-18 23:21:05+00:00,191,Gracias por recibirnos tan bien en Argentina. Os debemos un grandísimo favor. 💖,Inmigrantes españoles arriban al puerto de Buenos Aires 1969,DiFilm,2015-01-24 16:20:20+00:00,2015,inmigracion
1dBQqHDQHDo,@RenataFasanoGarcia,2025-06-22 07:28:31+00:00,7,"Mis abuelos llegaron en el 56 con un bebé que era mi mamá, hoy yo veo esto desde Barcelona, que loca la vida <3",Inmigrantes españoles arriban al puerto de Buenos Aires 1969,DiFilm,2015-01-24 16:20:20+00:00,2015,inmigracion
1dBQqHDQHDo,@alexkaiser86,2022-06-15 13:06:17+00:00,19,Gracias Argentina por acoger y cuidar tan bien a mis paisanos que dejaron sus tierras. Viva la madre que os pario,Inmigrantes españoles arriban al puerto de Buenos Aires 1969,DiFilm,2015-01-24 16:20:20+00:00,2015,inmigracion
1dBQqHDQHDo,@dandelacroix7348,2023-04-28 02:21:16+00:00,11,"Qué genia Mónica!!! gran periodista desde MUY joven. Qué vulnerables se veían los inmigrantes, como suele ocurrir",Inmigrantes españoles arriban al puerto de Buenos Aires 1969,DiFilm,2015-01-24 16:20:20+00:00,2015,inmigracion
1dBQqHDQHDo,@alemacar6854,2021-12-12 21:37:10+00:00,14,mi tia Maruca llegó por aquellos dias y fue una gran revolución toda la casa con sus regalos y le tuvimos por muchos años mas,Inmigrantes españoles arriban al puerto de Buenos Aires 1969,DiFilm,2015-01-24 16:20:20+00:00,2015,inmigracion
1dBQqHDQHDo,@cosmelibertario5297,2024-03-30 23:14:45+00:00,20,"Esos si era inmigrantes , No como los de ahora!",Inmigrantes españoles arriban al puerto de Buenos Aires 1969,DiFilm,2015-01-24 16:20:20+00:00,2015,inmigracion
1dBQqHDQHDo,@felices2pamelas929,2020-12-02 07:45:19+00:00,31,"Genial la periodista, que nivel . No existe mas eso",Inmigrantes españoles arriban al puerto de Buenos Aires 1969,DiFilm,2015-01-24 16:20:20+00:00,2015,inmigracion
1dBQqHDQHDo,@emilioagazzi1231,2020-04-11 14:59:01+00:00,33,Héroes todos y cada uno de ellos.,Inmigrantes españoles arriban al puerto de Buenos Aires 1969,DiFilm,2015-01-24 16:20:20+00:00,2015,inmigracion
1dBQqHDQHDo,@leandrolavin3443,2020-03-12 22:53:02+00:00,50,Brillante la periodista,Inmigrantes españoles arriban al puerto de Buenos Aires 1969,DiFilm,2015-01-24 16:20:20+00:00,2015,inmigracion
1dBQqHDQHDo,@arielgimenez_95,2019-02-10 16:14:17+00:00,63,"Tendría que existir un canal de televisión en TDA que se llame la ""ARCHIVO DI FILM"" donde pasen todas estas cosas para crear conciencia de donde vinimos y conocer a la Argentina de aquella época, para poder hacer una comparación de la realidad de hoy en día.",Inmigrantes españoles arriban al puerto de Buenos Aires 1969,DiFilm,2015-01-24 16:20:20+00:00,2015,inmigracion
1dBQqHDQHDo,@maxpower252,2017-04-08 22:29:06+00:00,54,4:00 Pendejo con arito. 1969. Un visionario.,Inmigrantes españoles arriban al puerto de Buenos Aires 1969,DiFilm,2015-01-24 16:20:20+00:00,2015,inmigracion
1dBQqHDQHDo,@chacmusc7843,2019-06-07 02:13:26+00:00,36,0:41 aguante chaco,Inmigrantes españoles arriban al puerto de Buenos Aires 1969,DiFilm,2015-01-24 16:20:20+00:00,2015,inmigracion
1dBQqHDQHDo,@filomenagentile4141,2025-11-09 13:34:45+00:00,0,"Qué placer escuchar a la periodista.
Excelente dicción.
Otros tiempos.",Inmigrantes españoles arriban al puerto de Buenos Aires 1969,DiFilm,2015-01-24 16:20:20+00:00,2015,inmigracion
1dBQqHDQHDo,@MaximilianoSantaCruz-bb8wc,2024-08-27 03:00:51+00:00,1,Que nivel el periodismo de esa epoca❤,Inmigrantes españoles arriban al puerto de Buenos Aires 1969,DiFilm,2015-01-24 16:20:20+00:00,2015,inmigracion
1dBQqHDQHDo,@DiegoKopazs-Rodríguez,2023-04-05 16:36:12+00:00,3,"Galicia se siente adentro, que belleza de video",Inmigrantes españoles arriban al puerto de Buenos Aires 1969,DiFilm,2015-01-24 16:20:20+00:00,2015,inmigracion
1dBQqHDQHDo,@gaitamotors2922,2018-11-10 01:44:18+00:00,52,En ese barco vino mi padre,Inmigrantes españoles arriban al puerto de Buenos Aires 1969,DiFilm,2015-01-24 16:20:20+00:00,2015,inmigracion
1dBQqHDQHDo,@LaBellaSignora,2026-03-15 09:21:38+00:00,0,¡Qué emoción! Son pedazos de nuestra historia!,Inmigrantes españoles arriban al puerto de Buenos Aires 1969,DiFilm,2015-01-24 16:20:20+00:00,2015,inmigracion
1dBQqHDQHDo,@leticia.B,2025-05-15 18:01:21+00:00,1,Excelente trabajo de la periodista 👍,Inmigrantes españoles arriban al puerto de Buenos Aires 1969,DiFilm,2015-01-24 16:20:20+00:00,2015,inmigracion
1dBQqHDQHDo,@ernstocuellar1815,2023-07-19 17:29:48+00:00,3,Qe grande Mónica CUANDO EL 13 INFORMABA..CUANDO EXISTIA EL PERIODISMO😢,Inmigrantes españoles arriban al puerto de Buenos Aires 1969,DiFilm,2015-01-24 16:20:20+00:00,2015,inmigracion
1dBQqHDQHDo,@cesarwiki6906,2021-02-14 06:47:38+00:00,25,Yo soy decendientes de catalanes siempre mi sueño fue visitar Barcelona. Noce si lo cumplire antes de morir,Inmigrantes españoles arriban al puerto de Buenos Aires 1969,DiFilm,2015-01-24 16:20:20+00:00,2015,inmigracion
1dBQqHDQHDo,@fernandoludueno984,2021-11-24 18:21:37+00:00,3,"Lo triste del caso hay archivos que no reciben ningún tipo de comentarios,cuando en realidad son demás trascendentales,",Inmigrantes españoles arriban al puerto de Buenos Aires 1969,DiFilm,2015-01-24 16:20:20+00:00,2015,inmigracion
1dBQqHDQHDo,@Zekelosingger,2025-11-02 04:04:07+00:00,0,"Mis bisabuelos llegaron siendo niños en 1937 desde Euskadi, vivieron con sus padres un tiempo en Buenos Aires hasta que finalmente se asentaron en Esquel, Chubut.
Es increíble como gente de tan lejos encontró su hogar en tierras que se encuentran en el otro extremo del mundo con respecto al lugar en el que nacieron.",Inmigrantes españoles arriban al puerto de Buenos Aires 1969,DiFilm,2015-01-24 16:20:20+00:00,2015,inmigracion
1dBQqHDQHDo,@ceratieterno8510,2020-03-28 08:01:37+00:00,54,Esa es la gente que hay que traer !!! Es la verdadera Argentina y gente Argentina !!!,Inmigrantes españoles arriban al puerto de Buenos Aires 1969,DiFilm,2015-01-24 16:20:20+00:00,2015,inmigracion
1dBQqHDQHDo,@BalduinoIV-yc5ib,2024-12-20 00:25:13+00:00,2,"Hermosa inmigración 
Ese tipo de inmigración se necesita ❤",Inmigrantes españoles arriban al puerto de Buenos Aires 1969,DiFilm,2015-01-24 16:20:20+00:00,2015,inmigracion
1dBQqHDQHDo,@joseantoniofernandez3451,2023-05-29 01:14:01+00:00,3,"Que simpáticas las sevillanas. Yo quizás tenga parientes en argentina , tía de mi padre . Pero no la llegue a conocer. Y de un tío de mi madre en Tampico mejico",Inmigrantes españoles arriban al puerto de Buenos Aires 1969,DiFilm,2015-01-24 16:20:20+00:00,2015,inmigracion
1dBQqHDQHDo,@silvanagomez4757,2021-03-24 04:42:44+00:00,50,La emigración que hizo grande a este país!!!! Gracias!!!! ♥️👏,Inmigrantes españoles arriban al puerto de Buenos Aires 1969,DiFilm,2015-01-24 16:20:20+00:00,2015,inmigracion
1dBQqHDQHDo,@themechanictangerine,2023-06-04 13:25:33+00:00,9,"Para mí los argentinos y los uruguayos son los que mejor se integran en España, después de los hijos de españoles que emigraron a otros sitios como Venezuela.",Inmigrantes españoles arriban al puerto de Buenos Aires 1969,DiFilm,2015-01-24 16:20:20+00:00,2015,inmigracion
1dBQqHDQHDo,@claudiopiazza3793,2024-06-16 03:05:50+00:00,2,"Que tiempos, los Españoles venían a Argentina a buscar una oportunidad",Inmigrantes españoles arriban al puerto de Buenos Aires 1969,DiFilm,2015-01-24 16:20:20+00:00,2015,inmigracion
1dBQqHDQHDo,@DavidPerez-fr3rx,2021-04-15 04:27:09+00:00,23,"Como dicen abajo la epoca de oro de Argentina ya habia acabado para 1969 aunque todavia tenia un nivel privilegiado a nivel latinoamericano
España 6 años despues comenzaria a despuntarse y ser uno de los paises mas ricos del mundo y Argentina pasaria por un periodo inestable de dictadura militar como la mayoria de paises de latam",Inmigrantes españoles arriban al puerto de Buenos Aires 1969,DiFilm,2015-01-24 16:20:20+00:00,2015,inmigracion
1dBQqHDQHDo,@oscarsdb,2022-01-16 23:27:01+00:00,11,"Las antiguas monedas de Real de a Ocho ponía en latín. “UTRAQUE UNUM”  “ambos son uno” refiriéndose a ambas orillas del Atlántico. Unos van otros vienen, en un sentido u otro, pero siempre sabiendo que no somos extraños. Lazos invisibles nos unieron para siempre. 500 millones somos.",Inmigrantes españoles arriban al puerto de Buenos Aires 1969,DiFilm,2015-01-24 16:20:20+00:00,2015,inmigracion
1dBQqHDQHDo,@unnamedchannelowouwu,2022-08-31 04:50:39+00:00,14,Parece qué el acento argentino no era tan marcado antes,Inmigrantes españoles arriban al puerto de Buenos Aires 1969,DiFilm,2015-01-24 16:20:20+00:00,2015,inmigracion
1dBQqHDQHDo,@Noe-q5h,2024-05-12 17:52:01+00:00,0,Lo que mas me emociona de esto es que todos conversamos en el mismo lenguaje esto me ase sentirme un verdadero mestizo,Inmigrantes españoles arriban al puerto de Buenos Aires 1969,DiFilm,2015-01-24 16:20:20+00:00,2015,inmigracion
1dBQqHDQHDo,@PabloPerez-h2w,2026-05-02 02:11:50+00:00,0,"LEO LOS COMENTARIOS,  HAY ARGENTINOS Y ESPAÑOLES.. SOMOS TAN TAN IGUALES.. TAN HERMANOS.. Y SE NOTA CUANDO VAS A ESPAÑA.. GRACIAS MADRE PATRIA",Inmigrantes españoles arriban al puerto de Buenos Aires 1969,DiFilm,2015-01-24 16:20:20+00:00,2015,inmigracion
1dBQqHDQHDo,@user-fu3zc1vk3u,2026-04-10 13:09:02+00:00,1,Los argentinos bajamos de los barcos dijo Fernández,Inmigrantes españoles arriban al puerto de Buenos Aires 1969,DiFilm,2015-01-24 16:20:20+00:00,2015,inmigracion
1dBQqHDQHDo,@Ale63871,2022-12-09 14:02:45+00:00,6,Hubo inmigración española desde siempre en Argentina.. Mis bisabuelos vinieron de Andalucía (Málaga y Sevilla) a principios del 1900.. y siempre los hemos recibido con los brazos abiertos 😊,Inmigrantes españoles arriban al puerto de Buenos Aires 1969,DiFilm,2015-01-24 16:20:20+00:00,2015,inmigracion
1dBQqHDQHDo,@lucasazul,2021-12-22 21:11:30+00:00,1,la voz de mónica joven es igual a la de sandra,Inmigrantes españoles arriban al puerto de Buenos Aires 1969,DiFilm,2015-01-24 16:20:20+00:00,2015,inmigracion
1dBQqHDQHDo,@osvaldoandresgarcia5276,2021-09-30 00:05:46+00:00,9,"Argentina sigue siendo, junto a Costa Rica, los dos únicos países de América Latina donde hay mas inmigrantes extranjeros que argentinos que emigraron, poco más del 5% de la población es extranjera frente a poco más del 3% de argentinos en el exterior. Hasta hace algunos años también Venezuela tenia más inmigrantes, pero difícil calcularlo ahora con toda la gran emigración que tuvieron estos últimos años.",Inmigrantes españoles arriban al puerto de Buenos Aires 1969,DiFilm,2015-01-24 16:20:20+00:00,2015,inmigracion
1dBQqHDQHDo,@Luistartup,2021-12-12 22:46:09+00:00,1,Que elegancia Mónica,Inmigrantes españoles arriban al puerto de Buenos Aires 1969,DiFilm,2015-01-24 16:20:20+00:00,2015,inmigracion
1dBQqHDQHDo,@carlosbalboa395,2021-11-11 22:26:09+00:00,7,capaz que sea así de fácil ir a Europa  .... argentina país generoso de siempre para siempre.,Inmigrantes españoles arriban al puerto de Buenos Aires 1969,DiFilm,2015-01-24 16:20:20+00:00,2015,inmigracion
1dBQqHDQHDo,@migueltavernise5620,2023-05-11 01:25:41+00:00,1,"Que lindo archivo y q presentadora hermosa,  si no me equivoco es Mónica Cahen D'anvers y creo q este archivo es de la década del 60. Si no es así q me lo digan.",Inmigrantes españoles arriban al puerto de Buenos Aires 1969,DiFilm,2015-01-24 16:20:20+00:00,2015,inmigracion
1dBQqHDQHDo,@juliancuevas4743,2021-10-03 04:18:45+00:00,4,"La periodista es Mónica Cahen D' anvers, gran periodista. La mamá de Sandra Mihanovich. Cuando Sandra empezaba su carrera de cantante, era la hija de Mónica. Ahora Mónica (ya retirada) es la mamá se Sandra.",Inmigrantes españoles arriban al puerto de Buenos Aires 1969,DiFilm,2015-01-24 16:20:20+00:00,2015,inmigracion
1dBQqHDQHDo,@Luistartup,2021-12-12 22:43:43+00:00,1,Difilm lo tiene todo,Inmigrantes españoles arriban al puerto de Buenos Aires 1969,DiFilm,2015-01-24 16:20:20+00:00,2015,inmigracion
1dBQqHDQHDo,@zerodrigo74,2023-08-31 00:55:49+00:00,2,Enn1968 Argentina todavia era mejor que Espana. Como todo a cambiado.,Inmigrantes españoles arriban al puerto de Buenos Aires 1969,DiFilm,2015-01-24 16:20:20+00:00,2015,inmigracion
1dBQqHDQHDo,@mariaeugeniafreginals,2025-05-20 08:21:12+00:00,1,Pelos de punta. Tenéis información sobre los venezolanos que llegaron a venezuela en 1950 a La Guaira. Estuvieron en la colonia del Guayebo,Inmigrantes españoles arriban al puerto de Buenos Aires 1969,DiFilm,2015-01-24 16:20:20+00:00,2015,inmigracion
1dBQqHDQHDo,@mamallucatv,2021-11-17 11:26:15+00:00,5,Qué interesante sería ver imágenes actuales de los inmigrantes.,Inmigrantes españoles arriban al puerto de Buenos Aires 1969,DiFilm,2015-01-24 16:20:20+00:00,2015,inmigracion
1dBQqHDQHDo,@fernandoludueno984,2021-11-24 18:20:00+00:00,1,"Tantos comentarios por un archivo más,que en realidad no tuvo mucha trascendencia,es más hay gente que no lo recuerda ni le interesa",Inmigrantes españoles arriban al puerto de Buenos Aires 1969,DiFilm,2015-01-24 16:20:20+00:00,2015,inmigracion
1dBQqHDQHDo,@gaitamotors2922,2018-11-10 01:45:25+00:00,8,La del arito es niña,Inmigrantes españoles arriban al puerto de Buenos Aires 1969,DiFilm,2015-01-24 16:20:20+00:00,2015,inmigracion
1dBQqHDQHDo,@victorial.batista4962,2026-01-14 19:14:32+00:00,0,La verdad que emigrar es de otro nivel. 20 años sin ver al hermano?? Q horror,Inmigrantes españoles arriban al puerto de Buenos Aires 1969,DiFilm,2015-01-24 16:20:20+00:00,2015,inmigracion
1dBQqHDQHDo,@manuelfernandezmesas3365,2025-10-17 19:44:21+00:00,0,"Que recibimiento más acogedor por parte de la periodista. Así da gusto emigrar. Cuando Argentina era epítome de distinción,  riqueza, cultura. Todo ha degenerado ¿verdad? Incluyendo España, por supuesto.",Inmigrantes españoles arriban al puerto de Buenos Aires 1969,DiFilm,2015-01-24 16:20:20+00:00,2015,inmigracion
1dBQqHDQHDo,@abankakevinjesus2432,2025-06-15 02:27:38+00:00,1,"Olé por los españoles, diempre tuvieron clase y educados. Los  italianos..... mejor ni hablar de ellos.",Inmigrantes españoles arriban al puerto de Buenos Aires 1969,DiFilm,2015-01-24 16:20:20+00:00,2015,inmigracion
1dBQqHDQHDo,@wunzigan,2022-04-16 12:31:16+00:00,2,Esta periodista habla muy bien ingles. Le deberia haber dado clases a Cafiero xD,Inmigrantes españoles arriban al puerto de Buenos Aires 1969,DiFilm,2015-01-24 16:20:20+00:00,2015,inmigracion
1dBQqHDQHDo,@rva1945,2022-12-03 03:22:47+00:00,2,Yo soy hijo de Ourensanos y Coruñenses.,Inmigrantes españoles arriban al puerto de Buenos Aires 1969,DiFilm,2015-01-24 16:20:20+00:00,2015,inmigracion
1dBQqHDQHDo,@CharlyAlemania,2020-09-01 08:23:41+00:00,9,"Y hoy es al revés. 
Un argentino en Copenhague.",Inmigrantes españoles arriban al puerto de Buenos Aires 1969,DiFilm,2015-01-24 16:20:20+00:00,2015,inmigracion
1dBQqHDQHDo,@valentina09s,2023-10-23 12:22:32+00:00,5,"Ahora solo vienen paraguayos y bolivianos 
Y viven de planes",Inmigrantes españoles arriban al puerto de Buenos Aires 1969,DiFilm,2015-01-24 16:20:20+00:00,2015,inmigracion
1dBQqHDQHDo,@CesarGrandi-z7w,2025-09-05 17:40:29+00:00,0,Viva españa,Inmigrantes españoles arriban al puerto de Buenos Aires 1969,DiFilm,2015-01-24 16:20:20+00:00,2015,inmigracion
1dBQqHDQHDo,@RobertvonPaulus,2022-12-23 14:38:04+00:00,1,Pues de los que han sacado ninguno es inmigrante..más bien van a ver a sus familiares,Inmigrantes españoles arriban al puerto de Buenos Aires 1969,DiFilm,2015-01-24 16:20:20+00:00,2015,inmigracion
1dBQqHDQHDo,@fernandover9538,2021-01-08 17:41:00+00:00,9,"Españoles , Italianos ...",Inmigrantes españoles arriban al puerto de Buenos Aires 1969,DiFilm,2015-01-24 16:20:20+00:00,2015,inmigracion
1dBQqHDQHDo,@Diosestaenvos,2025-07-28 16:04:59+00:00,0,"con todo respeto a todos los que participan en este debate hermanos españoles,  yo soy reciclado      de  tatarabuela gallega y tatarabuelo asturiano según nos contó nuestro padre antes de irse,  debieron ser custodios de frontera  a la  altura  de  Salta,  en tiempo del Birreinato del Perú,    por lo que seguí averiguando  y  sí  tenemos escudo blasón 😂 hasta averigüé si quedaron deudas 🤣    mi Dios  atravez de mis padres nos enseñaron a no robar , a no  mentir,  a trabajar la tierra como lo hicieron nuestros ancestros por mandamiento de Dios y me pongo a llorar por que están abandonando pueblos y no es así,  tiene que ser van y vienen,  la tierra que naciste es la tierra que te manda Dios para tu desarrollo no hay otra a todos gracias.",Inmigrantes españoles arriban al puerto de Buenos Aires 1969,DiFilm,2015-01-24 16:20:20+00:00,2015,inmigracion
1dBQqHDQHDo,@jaioria7753,2020-08-18 06:05:33+00:00,5,Q pena pensar que todos tratan de volverse a sus países.,Inmigrantes españoles arriban al puerto de Buenos Aires 1969,DiFilm,2015-01-24 16:20:20+00:00,2015,inmigracion
1dBQqHDQHDo,@carp-vc2tu,2018-11-18 04:51:32+00:00,13,Bisabuelo.. Viniste al ped...🎵🎵🎶🎶😎😁,Inmigrantes españoles arriban al puerto de Buenos Aires 1969,DiFilm,2015-01-24 16:20:20+00:00,2015,inmigracion
1dBQqHDQHDo,@oscardelprado7457,2021-08-24 05:23:38+00:00,2,"alguna vez cuando eramos niños fuimos una gran nacion , algo paso hasta hoy no??",Inmigrantes españoles arriban al puerto de Buenos Aires 1969,DiFilm,2015-01-24 16:20:20+00:00,2015,inmigracion
1dBQqHDQHDo,@eddielazzeri2051,2025-06-16 18:01:21+00:00,1,que diferencia la educacion de la gente y la periodista con un impecable ingles! Ahora dicen malas palabras y hablan con 200 palabras...,Inmigrantes españoles arriban al puerto de Buenos Aires 1969,DiFilm,2015-01-24 16:20:20+00:00,2015,inmigracion
1dBQqHDQHDo,@victorcampbell1868,2022-10-22 21:18:09+00:00,11,Verdaderos argentinos,Inmigrantes españoles arriban al puerto de Buenos Aires 1969,DiFilm,2015-01-24 16:20:20+00:00,2015,inmigracion
1dBQqHDQHDo,@guay1988,2019-09-08 19:05:06+00:00,22,No que los españoles te dicen inmigrantes y viendo este vídeo ellos que fueron sufrirán de amnesia 😆,Inmigrantes españoles arriban al puerto de Buenos Aires 1969,DiFilm,2015-01-24 16:20:20+00:00,2015,inmigracion
1dBQqHDQHDo,@ef3472,2020-12-13 22:36:15+00:00,15,"Nadie les pidió bolsa de dinero, como ahora piden los españoles a los que llegan de Latinoamérica. Fueron recibidos en buenos trabajos, no como en España que los envían a trabajar sólo al campo.",Inmigrantes españoles arriban al puerto de Buenos Aires 1969,DiFilm,2015-01-24 16:20:20+00:00,2015,inmigracion
1dBQqHDQHDo,@donald8354,2025-06-15 07:40:56+00:00,0,Porque sería que los españoles dejaban España.,Inmigrantes españoles arriban al puerto de Buenos Aires 1969,DiFilm,2015-01-24 16:20:20+00:00,2015,inmigracion
1dBQqHDQHDo,@julietacefola55,2026-03-30 03:14:34+00:00,0,"WOW...LA REPORTERA SI SABIA HABLAR INGLÉS A LA PERFECCIÓN 😮, LÁSTIMA QUE LOS REPORTEROS, HOY EN DIA, NO SABEN NI HABLAR CASTELLANO 😂😂😂",Inmigrantes españoles arriban al puerto de Buenos Aires 1969,DiFilm,2015-01-24 16:20:20+00:00,2015,inmigracion
1dBQqHDQHDo,@Tinacroosh-f5i,2025-07-10 01:30:02+00:00,1,"Todos coincidian en llegar a trabajar a estudiar ❤🎉hoy por hoy llegan a exiguir tarjetas solidarias$$$,salud gratis,nada de teabajar,menos estudiar,viviendas gratis,sin okupas...😢🤦",Inmigrantes españoles arriban al puerto de Buenos Aires 1969,DiFilm,2015-01-24 16:20:20+00:00,2015,inmigracion
1dBQqHDQHDo,@rebeldebuey1,2025-06-17 02:43:05+00:00,0,"Eran los menos, Para esa época a los españoles les resultaba mas atractiva (y redituable) ir a Venezuela o paises europeos como Francia o Alemania.",Inmigrantes españoles arriban al puerto de Buenos Aires 1969,DiFilm,2015-01-24 16:20:20+00:00,2015,inmigracion
1dBQqHDQHDo,@Alex_CARP_912,2021-07-12 12:52:25+00:00,7,"Vaya joya audiovisual, en los comentarios hay muchos tercermundistas que tratan a los europeos como dioses, que ridículos que son, me dan vergüenza, saludos!!",Inmigrantes españoles arriban al puerto de Buenos Aires 1969,DiFilm,2015-01-24 16:20:20+00:00,2015,inmigracion
1dBQqHDQHDo,@danielcarreno1045,2022-01-02 05:33:57+00:00,2,"Dale pepe...si en cuba hay mas españoles q en argentina...jajjaja mi apellido tiene Ñ, y mi padre y abuelos no deben ser españoles ya q sino estarian en cuba o brasil...jajjaja",Inmigrantes españoles arriban al puerto de Buenos Aires 1969,DiFilm,2015-01-24 16:20:20+00:00,2015,inmigracion
1dBQqHDQHDo,@tahielfausto6927,2020-09-02 22:08:24+00:00,12,"Imagínense lo que debió ser esa época, sin tener idea de lo que ocurre al otro lado del charco.
Franquismo de una lado - Peronismo del otro 
(sin darle carga política) todas épocas tumultuosas de ambos países.",Inmigrantes españoles arriban al puerto de Buenos Aires 1969,DiFilm,2015-01-24 16:20:20+00:00,2015,inmigracion
1dBQqHDQHDo,@abeljoseramirez8717,2021-12-31 02:33:39+00:00,0,Ja ja.con 1peso de aca no te podes comprar un pan en España.,Inmigrantes españoles arriban al puerto de Buenos Aires 1969,DiFilm,2015-01-24 16:20:20+00:00,2015,inmigracion
1dBQqHDQHDo,@vicenteorozcosantacreu,2020-10-22 13:26:07+00:00,22,Llegaron tarde a la fiesta. Perón ya había puesto la semilla del populismo en nuestro país.,Inmigrantes españoles arriban al puerto de Buenos Aires 1969,DiFilm,2015-01-24 16:20:20+00:00,2015,inmigracion
1dBQqHDQHDo,@luciaabrilgarrido2314,2024-08-28 09:37:41+00:00,1,A trabajar no a delinquir,Inmigrantes españoles arriban al puerto de Buenos Aires 1969,DiFilm,2015-01-24 16:20:20+00:00,2015,inmigracion
1dBQqHDQHDo,@wolfgangamadeusjoshdephuta9371,2020-07-17 09:12:53+00:00,10,De Guatemala a Guatepeor,Inmigrantes españoles arriban al puerto de Buenos Aires 1969,DiFilm,2015-01-24 16:20:20+00:00,2015,inmigracion
1dBQqHDQHDo,@Zduu2753,2024-07-12 04:40:20+00:00,0,😢 ya deben haber fallecido y eatan descansando aqui,Inmigrantes españoles arriban al puerto de Buenos Aires 1969,DiFilm,2015-01-24 16:20:20+00:00,2015,inmigracion
1dBQqHDQHDo,@nandyy4307,2022-02-24 02:58:11+00:00,2,Algunos españoles se olvidaron . Nos critican y nos llaman sudaca . Despues q le mandabamosbbarcos llenos de trigos ... yo fui a españabsolo por accidente perdi un vuelo y quede en barajas ... vi muchas actitudes de losbespañoles con los latinos  q me informaron ...  ahora se hacen los superados... pero bien ahi es como se descubre la verdadera adiosincrasia de un país,Inmigrantes españoles arriban al puerto de Buenos Aires 1969,DiFilm,2015-01-24 16:20:20+00:00,2015,inmigracion
1dBQqHDQHDo,@lali7299,2021-04-19 07:19:36+00:00,9,Bisabuelo te hubieras quedado en Europa 🤣,Inmigrantes españoles arriban al puerto de Buenos Aires 1969,DiFilm,2015-01-24 16:20:20+00:00,2015,inmigracion
1dBQqHDQHDo,@gianl1521,2022-11-01 18:39:37+00:00,6,Milei se va hacer cargo de que este país vuelva hacer grande,Inmigrantes españoles arriban al puerto de Buenos Aires 1969,DiFilm,2015-01-24 16:20:20+00:00,2015,inmigracion
1dBQqHDQHDo,@pedroluissalazar3462,2021-03-24 16:08:04+00:00,1,Mis ancestros llegaron por desaguadero de bolivia y del cielo porque soy hijo de a Dios y así no vengan de Europa mis ancestros somos iguales todos venimos del cielo.,Inmigrantes españoles arriban al puerto de Buenos Aires 1969,DiFilm,2015-01-24 16:20:20+00:00,2015,inmigracion
1dBQqHDQHDo,@haydeerobledo9127,2026-03-28 17:37:51+00:00,0,Argentina rs lo q es gracias a estps inmoograntes venidos d europa .q hace q este pais se patezca a europa.venian a trabajar no recibian planres ni usurpaban tierras.,Inmigrantes españoles arriban al puerto de Buenos Aires 1969,DiFilm,2015-01-24 16:20:20+00:00,2015,inmigracion
1dBQqHDQHDo,@lissandrocamba,2021-03-28 02:37:16+00:00,2,"Burradas de gente ignorante!. Mis tatarabuelos vinieron de españa (pais vasco) llegaron al puerto de buenos aires y se fueron rumbo a bolivia. Algunos se quedaban en argentina y otros al brasil, chile etc....",Inmigrantes españoles arriban al puerto de Buenos Aires 1969,DiFilm,2015-01-24 16:20:20+00:00,2015,inmigracion
1dBQqHDQHDo,@79simonete,2022-08-12 10:39:44+00:00,0,"Y asi y todo los españoles no tienen empacho en tener tantos negocios en la.Argentina, obviamente que es culpa nuestra.",Inmigrantes españoles arriban al puerto de Buenos Aires 1969,DiFilm,2015-01-24 16:20:20+00:00,2015,inmigracion
1dBQqHDQHDo,@argenqa,2021-04-27 18:02:49+00:00,0,"Pobres, y yo al revés. Fui pa ya",Inmigrantes españoles arriban al puerto de Buenos Aires 1969,DiFilm,2015-01-24 16:20:20+00:00,2015,inmigracion
9xdj6sQtkmw,@valentinaa8958,2022-12-26 22:05:23+00:00,1,Que alegria❤❤que bueno el universo lo premio🙏🏻,Visión 7 - Un inmigrante senegalés ganó la lotería en España,Televisión Pública,2015-12-24 23:11:42+00:00,2015,inmigracion
jc0cpE0NTsY,@joseh.4059,2018-03-14 19:46:48+00:00,17,"Es injusto igualar en derechos al que viene de fuera con respecto al español. Es muy simple, el español a cotizado toda su vida y antes que el cotizo su padre y antes su abuelo. Y esto nunca lo podra decir el migrante. La nación española la hemos construido los españoles para los españoles, y no para el que venga de fuera. Es lo mismo que si un alcalde de una población exige que cojas a tus hijos y los obligues a compartir todo con unos hijos de un desconocido, los metas en tu casa, les des de comer, les pagues la escuela, la comida, la ropa, todo, eso seria injusto, porque tu economía no alcanza para algo así, y lógicamente primero son tus hijos antes que los hijos de un desconocido. De la misma manera esta llegada masiva e injusta de migrantes a los que cada vez se les subvenciona mas y mas es totalmente injusto y discriminatorio para el español. En la medida en que se les den derechos y ventajas a los migrantes se los están quitando a muchos españoles en situación de precariedad. Ya no se puede acallar la realidad de que muchísimas ONGs prefieren por sistema ayudar al migrante que al español, y todavía se tiene el cinismo de llamarlo discriminación positiva. esto es aberrante y suicida para nuestro pais. Asi encima se produce el efecto llamada creando una ilusión en el Tercer Mundo de que esto es Jauja, pues nada mas saltar la frontera ya tienes medico y sanidad gratuita, eso si a costa de los impuestos del trabajador español, y asi mas y mas como la paguita, subvención viviendas, etc, creando una verdadera plaga de parásitos caraduras que vienen ya crecidos creyendo que tienen derecho a todo y olvidando que NO tienen tales derechos por el hecho de que se les deje entrar por caridad y encima se atreven a protestar. Esto es un suicidio y una autentica imbecilidad impuesta desde el exterior por personajes malnacidos como el viejo George Soros que solo busca destruir Europa y sus señas de identidad . Y el colmo es que se prefieran supuestos refugiados musulmanes antes que cristianos. La gente ya esta harta de tanto inmigrante que ademas defraudan los que mas, y constituyen el problema numero uno de España y Europa. NO A LA INMIGRACION, cierre de fronteras, y ordenamiento de todos los que ya han entrado expulsando a una buena parte de ellos que son ilegales, deportación inmediata de todo el que cometa un delito aunque sea menor. Tolerancia cero con los migrantes musulmanes. ¿Porque la clase política traidora no hace un referendum sobre inmigración? pues esta claro porque la mayoría de los españoles votarían por el cierre de frontera y la deportación de una gran cantidad de los que se han colado, que solo vienen a pillar todo cuanto puedan descaradamente. NO A LA INMIGRACION. Los españoles por derecho natural somos primero, le disguste a quien le disguste....",&#39;Que en España hay un problema de inmigración es una cosa evidente&#39;,La Toroteca,2015-05-13 16:46:43+00:00,2015,inmigracion
jc0cpE0NTsY,@pedromartinelli8186,2018-03-24 16:33:59+00:00,12,Menos inmigración con el cuento de trabajar para pagar las pensiones y más ayudas a la Maternidad y conciliación laboral de los Españoles.,&#39;Que en España hay un problema de inmigración es una cosa evidente&#39;,La Toroteca,2015-05-13 16:46:43+00:00,2015,inmigracion
jc0cpE0NTsY,@rafaalejandromartinezorell8164,2017-11-09 03:10:28+00:00,3,3 motivos sobrarían para aprobar su entrada: el primero para trabajar el segundo para turismo y el tercero para formación académica ( estudios ) revisar periódicamente al individuo si cumple con esos requisitos y de no ser así reportarlo a su pais de origen dentro de los plazos acordados . y por su puesto un solo ministerio que se ocupara de ello.,&#39;Que en España hay un problema de inmigración es una cosa evidente&#39;,La Toroteca,2015-05-13 16:46:43+00:00,2015,inmigracion
jc0cpE0NTsY,@rafaalejandromartinezorell8164,2017-11-09 03:07:41+00:00,3,Tanto en España como en el resto del mundo se deberia de implantar una ley de inmigración especifica que detallara y dejara bien claro el motivo por el cual en España se abriera las puertas a un inmigrante,&#39;Que en España hay un problema de inmigración es una cosa evidente&#39;,La Toroteca,2015-05-13 16:46:43+00:00,2015,inmigracion
jc0cpE0NTsY,@juan255387,2018-03-28 16:14:06+00:00,5,"Emigración, controlada pienso que es necesario, y hay gente pacífica que solo quieren trabaja, ahora bien, demasiada emigración echa los sueldos a la baja y se carga el estado de bienestar, si es que queda algo.",&#39;Que en España hay un problema de inmigración es una cosa evidente&#39;,La Toroteca,2015-05-13 16:46:43+00:00,2015,inmigracion
jc0cpE0NTsY,@gladysrodriguez5498,2018-08-06 19:56:08+00:00,1,CLARO LIMPIENNNN,&#39;Que en España hay un problema de inmigración es una cosa evidente&#39;,La Toroteca,2015-05-13 16:46:43+00:00,2015,inmigracion
jc0cpE0NTsY,@josejosele2445,2018-06-13 22:06:01+00:00,4,Que no entre ni uno más votar a vox,&#39;Que en España hay un problema de inmigración es una cosa evidente&#39;,La Toroteca,2015-05-13 16:46:43+00:00,2015,inmigracion
jc0cpE0NTsY,@joseh.4059,2018-03-26 15:23:57+00:00,1,https://www.youtube.com/watch?v=a8M8pW48ork&t=143s  Mirar esto que lo explican muy bien,&#39;Que en España hay un problema de inmigración es una cosa evidente&#39;,La Toroteca,2015-05-13 16:46:43+00:00,2015,inmigracion
jc0cpE0NTsY,@josepalop6962,2018-02-07 19:17:45+00:00,5,mario conde tenia que ser plesidente no los mangantes que tenemos,&#39;Que en España hay un problema de inmigración es una cosa evidente&#39;,La Toroteca,2015-05-13 16:46:43+00:00,2015,inmigracion
jc0cpE0NTsY,@angelalvaro984,2021-01-02 10:45:09+00:00,0,España esta sarurada de inmigracion  y los politicos son los culpables pero les da igual.,&#39;Que en España hay un problema de inmigración es una cosa evidente&#39;,La Toroteca,2015-05-13 16:46:43+00:00,2015,inmigracion
jc0cpE0NTsY,@buba6367,2023-06-29 14:14:18+00:00,0,Y 8 años después tenemos la lona de Vox 😂 La política es una mentira,&#39;Que en España hay un problema de inmigración es una cosa evidente&#39;,La Toroteca,2015-05-13 16:46:43+00:00,2015,inmigracion
FINKP4nvAWo,@zaidacosta4759,2015-09-08 08:17:16+00:00,0,En Mexico a ese tipo de traficantes. Les desimos coyotes. Saludos lamentable lo q viven los inmigrantes   lamentable lo de ciria  ,Las mafias de la inmigración se embolsan más 135 millones de euros al año,Antena 3 Noticias,2015-08-28 20:14:51+00:00,2015,inmigracion
FINKP4nvAWo,@AMIMANER4,2026-02-17 13:21:41+00:00,0,https://youtu.be/wJr6aAvZ75g,Las mafias de la inmigración se embolsan más 135 millones de euros al año,Antena 3 Noticias,2015-08-28 20:14:51+00:00,2015,inmigracion
FE66z9j-sfg,@juantoro,2020-02-03 19:27:46+00:00,1,"Tiene toda la razón, no se puede aceptar a todo el mundo, además hay que controlar quien entra, eso de dejar gente ilegal es un peligro para cualquier nación",El filósofo Gustavo Bueno sobre la ética de la inmigración en España,culturapractica,2015-11-16 09:19:06+00:00,2015,inmigracion
FE66z9j-sfg,@flameclow1219,2018-11-03 14:37:26+00:00,1,Y digo yo van a venir 30 millones?,El filósofo Gustavo Bueno sobre la ética de la inmigración en España,culturapractica,2015-11-16 09:19:06+00:00,2015,inmigracion
FE66z9j-sfg,@Mrperdidolol,2015-11-17 00:21:03+00:00,3,rasista,El filósofo Gustavo Bueno sobre la ética de la inmigración en España,culturapractica,2015-11-16 09:19:06+00:00,2015,inmigracion
vQYwkamFvQc,@havebadday7850,2023-11-23 18:31:16+00:00,3,Hay poco tabajo y está mal pagado,Sin solución a la &#39;fuga de cerebros&#39;: más de 50.000 españoles han emigrado en 2015,laSexta Noticias,2015-12-09 19:45:02+00:00,2015,inmigracion
vQYwkamFvQc,@D10S-MCR,2025-01-26 11:42:51+00:00,0,Ha cambiado algo en estos últimos 9 años?,Sin solución a la &#39;fuga de cerebros&#39;: más de 50.000 españoles han emigrado en 2015,laSexta Noticias,2015-12-09 19:45:02+00:00,2015,inmigracion
vQYwkamFvQc,@antoniodelapuerta2153,2022-10-22 17:18:05+00:00,2,"no hay trabajo  y si lo hay, es precario. Casualidad, pero yo tambien me fui en 2015 y no tengo ni intencion de volver.",Sin solución a la &#39;fuga de cerebros&#39;: más de 50.000 españoles han emigrado en 2015,laSexta Noticias,2015-12-09 19:45:02+00:00,2015,inmigracion
vQYwkamFvQc,@Gloriaimperial1,2024-01-07 07:32:39+00:00,0,"Si dicen que las empresas que triunfan son las que innovan e invierten más en I+D, un país será lo mismo. Lo lógico sería que el Estado no se andara con más tonterías y creara ya un instituto o tres institutos a lo Instituto Tecnológico de Masachusset, pero en todos los ámbitos, con una inversión brutal, pagando a las mentes privilegiadas de España y de otros países como a un futbolista, para recuperar esos 150000 millones que dicen que se pierden, aunque fuera a medio plazo. ¡Qué menos que pagar a estos científicos, ingenieros o especialista en otros campos el salario de un jugador del Recreativo de Huelva de segunda división, a poder ser del colista de la tabla en primera división!",Sin solución a la &#39;fuga de cerebros&#39;: más de 50.000 españoles han emigrado en 2015,laSexta Noticias,2015-12-09 19:45:02+00:00,2015,inmigracion
vQYwkamFvQc,@liamw.7937,2024-05-11 13:07:08+00:00,0,"Yo me fui a Finlandia (y de hecho aqui sigo) porque con mi carrera de ingenieria de software me pagan literalmente 2.5 veces mas que en Madrid, la capital. No es que no haya curro, es que se paga como la mierda y a muchos de nosotros con educacion superior no nos hace ni puta gracia que no se nos valore.",Sin solución a la &#39;fuga de cerebros&#39;: más de 50.000 españoles han emigrado en 2015,laSexta Noticias,2015-12-09 19:45:02+00:00,2015,inmigracion
vQYwkamFvQc,@collegeolympique4564,2021-09-27 09:30:26+00:00,2,Wsh les gens,Sin solución a la &#39;fuga de cerebros&#39;: más de 50.000 españoles han emigrado en 2015,laSexta Noticias,2015-12-09 19:45:02+00:00,2015,inmigracion
vQYwkamFvQc,@IntelCoreOwner,2020-01-13 08:15:32+00:00,6,Wesh les gros,Sin solución a la &#39;fuga de cerebros&#39;: más de 50.000 españoles han emigrado en 2015,laSexta Noticias,2015-12-09 19:45:02+00:00,2015,inmigracion
vQYwkamFvQc,@collegeolympique4564,2021-10-15 06:39:57+00:00,0,QNULLL,Sin solución a la &#39;fuga de cerebros&#39;: más de 50.000 españoles han emigrado en 2015,laSexta Noticias,2015-12-09 19:45:02+00:00,2015,inmigracion
vQYwkamFvQc,@asrebel2186,2020-01-13 08:10:19+00:00,2,"Bonjour,
Grâce à vous j'ai eu une compréhension oral. Heureusement elle n'était pas noté car ju rien comprit.
Bien cordialement, un français qui essaye de parler espagnol",Sin solución a la &#39;fuga de cerebros&#39;: más de 50.000 españoles han emigrado en 2015,laSexta Noticias,2015-12-09 19:45:02+00:00,2015,inmigracion
vQYwkamFvQc,@xapirol,2018-05-09 13:42:20+00:00,2,"A mi me hace gracia que se llamen ""cerebros"" a muchos que han terminado carreras universitarias como periodismo,psicología,ciencias políticas(por cierto, por qué se llama ciéncia a algo que no es ciència) esa gente hace investigación?creo que no.Y por cierto muchos de esos que salen fuera porque quieren trabajar de lo que han estudiado,resulta que acaban trabajando de camareros u otros trabajos que nada tienen que ver con lo que ellos han estudiado. Y si son tan cerebros como dicen algunos periodistas como la Susana Griso,por cierto la Susana Griso tabién es una""CEREBRO ""(DE MOSQUITO)claro,por qué no los cotratan para investigar y acaban trabajando de camareros etc,etc.",Sin solución a la &#39;fuga de cerebros&#39;: más de 50.000 españoles han emigrado en 2015,laSexta Noticias,2015-12-09 19:45:02+00:00,2015,inmigracion
Y-4ePEUNIaQ,@sabedordelaverdad611,2017-06-23 14:26:23+00:00,14,Plan Kalergi.,¿Por qué llegan tantos inmigrantes a Europa?,euronews (en español),2015-08-28 16:20:45+00:00,2015,inmigracion
Y-4ePEUNIaQ,@arte1produccion234,2019-06-25 21:10:46+00:00,5,Llegan por culpa de estos políticos corruptos... Cada ciudadano en su país y a luchar por el,¿Por qué llegan tantos inmigrantes a Europa?,euronews (en español),2015-08-28 16:20:45+00:00,2015,inmigracion
Y-4ePEUNIaQ,@urieldejesussalazaryepes4401,2015-11-09 18:15:26+00:00,35,toda esta emigración árabe hacia Europa no es mas que una estrategia político religiosa de el mundo musulmán... y en algunos años podríamos decir que Europa estará colonizada plenamente por la religión musulmana sin necesidad de guerras como alguna ves lo dijo Gadafi...,¿Por qué llegan tantos inmigrantes a Europa?,euronews (en español),2015-08-28 16:20:45+00:00,2015,inmigracion
Y-4ePEUNIaQ,@romanbambini8352,2018-08-22 18:16:54+00:00,6,"Baba banga no mintió , pues predijo que los musulmanes reynarian en toda europa",¿Por qué llegan tantos inmigrantes a Europa?,euronews (en español),2015-08-28 16:20:45+00:00,2015,inmigracion
Y-4ePEUNIaQ,@ratoncitoperez6994,2018-12-12 05:27:42+00:00,3,"Ellos tienen sus territorios muy extensos y con muchos recursos y como se explica que quieran venir , además la geografía de la tierra es igual en todas partes",¿Por qué llegan tantos inmigrantes a Europa?,euronews (en español),2015-08-28 16:20:45+00:00,2015,inmigracion
Y-4ePEUNIaQ,@nanacampos1667,2018-07-16 01:30:24+00:00,6,A Europa está no fim.,¿Por qué llegan tantos inmigrantes a Europa?,euronews (en español),2015-08-28 16:20:45+00:00,2015,inmigracion
Y-4ePEUNIaQ,@darkidarki271,2018-08-16 02:07:47+00:00,9,Y  LLEGARAN  MAS POR  MAR Y  TIERRA   LAS  FRONTERAS  SON  DEBILES  PARA  DETENERLOS  Y LOS POLITICOS  MAS ...   SOLO  FALTAN   LAS  CEBRAS  Y  LOS  ELEFANTES ...  😂😂😂,¿Por qué llegan tantos inmigrantes a Europa?,euronews (en español),2015-08-28 16:20:45+00:00,2015,inmigracion
Y-4ePEUNIaQ,@glomibabel1894,2024-07-30 13:45:07+00:00,0,no son únicamente sirios los que vienen,¿Por qué llegan tantos inmigrantes a Europa?,euronews (en español),2015-08-28 16:20:45+00:00,2015,inmigracion
Y-4ePEUNIaQ,@Politamoreno,2015-11-23 21:38:09+00:00,6,"debieron aliviar la pobreza amén de enriquecerse, ya que una cosa no quitaba la otra, ahora tienen el problema en casa, la falta de compasión en el pasado pasa la cuenta más tarde que temprano",¿Por qué llegan tantos inmigrantes a Europa?,euronews (en español),2015-08-28 16:20:45+00:00,2015,inmigracion
Y-4ePEUNIaQ,@jesuscelso9008,2016-11-15 19:45:27+00:00,0,Malon jaja ~_~  ×_×,¿Por qué llegan tantos inmigrantes a Europa?,euronews (en español),2015-08-28 16:20:45+00:00,2015,inmigracion
Y-4ePEUNIaQ,@zuckzo,2026-03-26 21:43:20+00:00,0,"Vengo del Futuro, la cagaron!!!",¿Por qué llegan tantos inmigrantes a Europa?,euronews (en español),2015-08-28 16:20:45+00:00,2015,inmigracion
Y-4ePEUNIaQ,@Miguel_Q_V,2015-08-28 23:40:00+00:00,20,"Y quien provoco estas guerras y conflictos en Asia y África?, Quien jodio Libia?
Para mi que fueron los mismos Europeos",¿Por qué llegan tantos inmigrantes a Europa?,euronews (en español),2015-08-28 16:20:45+00:00,2015,inmigracion
Y-4ePEUNIaQ,@Eduulopez,2022-11-22 15:19:20+00:00,0,Y no se mueren.,¿Por qué llegan tantos inmigrantes a Europa?,euronews (en español),2015-08-28 16:20:45+00:00,2015,inmigracion
Y-4ePEUNIaQ,@francolares6314,2024-08-29 16:24:55+00:00,0,Emirato marroquí de España 🇲🇦,¿Por qué llegan tantos inmigrantes a Europa?,euronews (en español),2015-08-28 16:20:45+00:00,2015,inmigracion
qxiUSzoyTh8,@jonathanv.g6325,2018-10-27 00:05:10+00:00,1,Fuera invasores oooiiii yo estoy en el paro ???,Inmigración España Crisis,Tomás Guil,2015-02-08 15:27:16+00:00,2015,inmigracion
97orGPU1zcY,@enrriquemora5074,2018-04-15 16:23:58+00:00,0,"Karma, ahora ella sin trabajo y el ya lo tendrá xd!",Inmigrante sirio pateado por periodista inicia trámites para obtener estatus de refugiado en España,NTN24,2015-09-18 15:40:32+00:00,2015,inmigracion
nUKA5zDkJK8,@rafagarcia3243,2020-02-11 14:00:59+00:00,1,No podemos absorber millones de Áfricanos no tenemos todo a sus manos,Estrasburgo investiga si España incumple los tratados internacionales sobre inmigración,laSexta Noticias,2015-08-01 19:57:24+00:00,2015,inmigracion
GDYkHwzuuBY,@gloriagonzales7302,2019-07-16 23:31:03+00:00,672,Los musulmanes no exigen en sus países de origen pero se creen con derechos en países extranjeros que vaina no?,"Francia: musulmanes, no gracias | Enfoque Europa",DW Español,2015-10-30 18:48:44+00:00,2015,inmigracion
GDYkHwzuuBY,@fakeprophet8810,2016-06-17 11:07:19+00:00,93,"Meslot dice lo que el pueblo piensa, cual es el problema???","Francia: musulmanes, no gracias | Enfoque Europa",DW Español,2015-10-30 18:48:44+00:00,2015,inmigracion
GDYkHwzuuBY,@carlosmagnano1126,2019-07-05 22:24:09+00:00,1126,"El problema es el enfoque de ""diversidad"" que tiene la UE. El que debe adaptarse a la cultura local es el que llega, nunca al revés.","Francia: musulmanes, no gracias | Enfoque Europa",DW Español,2015-10-30 18:48:44+00:00,2015,inmigracion
GDYkHwzuuBY,@estuardorios8302,2020-11-17 19:17:35+00:00,498,Un musulman me agredió (física y verbal) recientemente por tener una cadena de cruz en Francia mientras estaba con mi esposa e hijo. Es terrible como se victimizan mientras son ellos quienes nos atacan.,"Francia: musulmanes, no gracias | Enfoque Europa",DW Español,2015-10-30 18:48:44+00:00,2015,inmigracion
GDYkHwzuuBY,@eliasjuegitos,2021-02-15 12:34:04+00:00,48,Viendo los comentarios recupero las esperanzas pues es notable que para la mayoría todavía 2+2=4  . Dw pretendió hacer un drama con este alcalde y lo que logró fue convertirlo en héroe . Dios lo bendiga alcalde !,"Francia: musulmanes, no gracias | Enfoque Europa",DW Español,2015-10-30 18:48:44+00:00,2015,inmigracion
GDYkHwzuuBY,@alanis2032,2020-08-19 01:15:32+00:00,639,"No es racismo, es proteger y pensar en tu pueblo!! Grande el alcalde 👏","Francia: musulmanes, no gracias | Enfoque Europa",DW Español,2015-10-30 18:48:44+00:00,2015,inmigracion
GDYkHwzuuBY,@obagoacg,2018-06-21 18:36:06+00:00,281,"Esta visto que no los quiere nadie en todo Europa. Todos están equivocados? Por qué no van a Arabia Saudí y a los demás países del Golfo, son ricos,tienen la misma religión etc etc.","Francia: musulmanes, no gracias | Enfoque Europa",DW Español,2015-10-30 18:48:44+00:00,2015,inmigracion
GDYkHwzuuBY,@akupanda666,2017-08-25 03:28:34+00:00,18,de esos lideres necesita Europa carajo! ojala alguien le de una medalla,"Francia: musulmanes, no gracias | Enfoque Europa",DW Español,2015-10-30 18:48:44+00:00,2015,inmigracion
GDYkHwzuuBY,@worldtraveller1900,2020-11-07 13:41:43+00:00,519,Sugiero que TODOS los musulmanes regresen a vivir a sus países como lo hacían en la Edad Media.,"Francia: musulmanes, no gracias | Enfoque Europa",DW Español,2015-10-30 18:48:44+00:00,2015,inmigracion
GDYkHwzuuBY,@Leo-66994,2019-08-02 22:22:28+00:00,243,"Si un individuo , hombre o mujer , llega a otro país a vivir , se entiende que debe convivir respetuosamente , con las costumbres , religiosas o no , del país que lo acoge .
Saludos desde Colombia","Francia: musulmanes, no gracias | Enfoque Europa",DW Español,2015-10-30 18:48:44+00:00,2015,inmigracion
GDYkHwzuuBY,@Bcr01x,2017-06-27 18:44:54+00:00,231,es como dejar entrar a tu casa a un desconocido y que este empiece a decidir en ella.,"Francia: musulmanes, no gracias | Enfoque Europa",DW Español,2015-10-30 18:48:44+00:00,2015,inmigracion
GDYkHwzuuBY,@laemperatriz1291,2016-03-21 21:16:51+00:00,431,nesecitamos más alcaldes así pero yaaa,"Francia: musulmanes, no gracias | Enfoque Europa",DW Español,2015-10-30 18:48:44+00:00,2015,inmigracion
GDYkHwzuuBY,@liangkatou1415,2016-08-08 03:36:22+00:00,855,"tantos paises musulmanes , malaysia , indonesia , pakistan  , dubai, jordan , lebanon .
porque carajos todavia quieren ir a europa?? que raro no creen?","Francia: musulmanes, no gracias | Enfoque Europa",DW Español,2015-10-30 18:48:44+00:00,2015,inmigracion
GDYkHwzuuBY,@hieloantartico9000,2018-12-15 14:14:53+00:00,26,Muy bien!!! Ojalá todo el mundo occidental les copie!!!,"Francia: musulmanes, no gracias | Enfoque Europa",DW Español,2015-10-30 18:48:44+00:00,2015,inmigracion
GDYkHwzuuBY,@Venusvenus-js1ij,2019-06-26 12:53:56+00:00,20,"Es una cuestión de muchas cosas, no solo de seguridad. Pero efectivamente esa es la más importante!!","Francia: musulmanes, no gracias | Enfoque Europa",DW Español,2015-10-30 18:48:44+00:00,2015,inmigracion
GDYkHwzuuBY,@crismar7873,2017-09-21 05:34:32+00:00,239,"Vamos por este alcalde ,no es racista, está viendo el futuro..","Francia: musulmanes, no gracias | Enfoque Europa",DW Español,2015-10-30 18:48:44+00:00,2015,inmigracion
GDYkHwzuuBY,@isaaclvlhl7600,2018-02-24 17:37:26+00:00,163,este alcalde debería dirigír la unión europea,"Francia: musulmanes, no gracias | Enfoque Europa",DW Español,2015-10-30 18:48:44+00:00,2015,inmigracion
GDYkHwzuuBY,@cacevedo07,2020-11-09 15:32:30+00:00,42,"Si hay un grupo que es bien racista son los musulmanes. Segun la opositora, hasta ahora no habia habido ningun conflicto, y es porque la gente estaba callada ante la discriminacion por parte de los musulmanes. A donde van, siempre quieren imponer sus creencias en lugar de adaptarse. Muy bien alcalde!","Francia: musulmanes, no gracias | Enfoque Europa",DW Español,2015-10-30 18:48:44+00:00,2015,inmigracion
GDYkHwzuuBY,@cesarsuarez302,2020-08-18 21:51:53+00:00,23,"Los musulmanes nunca se adaptan, mientras son pocos no dan problemas, pero en cuanto empiezan a crecer en número, todo son exijencias y todo tiene que ser como ellos digan..
Para echarlos muy fácil.. Se les quitan las paguitas y las ayudas y se irán ellos solos... Y entonces se verá el amor que tienen a su patria.. Lo que dure su paguita...","Francia: musulmanes, no gracias | Enfoque Europa",DW Español,2015-10-30 18:48:44+00:00,2015,inmigracion
GDYkHwzuuBY,@5242582,2019-02-03 05:03:52+00:00,30,Se necesita alcaldes asi!,"Francia: musulmanes, no gracias | Enfoque Europa",DW Español,2015-10-30 18:48:44+00:00,2015,inmigracion
GDYkHwzuuBY,@aldomonje214,2016-11-27 22:26:44+00:00,367,BELFORT TIENE DERECHO DE RECIBIR A QUIEN QUIERA Y PUNTO.,"Francia: musulmanes, no gracias | Enfoque Europa",DW Español,2015-10-30 18:48:44+00:00,2015,inmigracion
GDYkHwzuuBY,@OsCc6082,2017-11-03 03:08:00+00:00,47,No se integran ni los bisnietos. No hay nada k hacer con ellos.,"Francia: musulmanes, no gracias | Enfoque Europa",DW Español,2015-10-30 18:48:44+00:00,2015,inmigracion
GDYkHwzuuBY,@jorgerivas2976,2015-11-09 04:31:13+00:00,773,El tipo sabe lo que hace. Argelia tiene historia matando Cristianos y tienen el descaro de decir que son discriminados.,"Francia: musulmanes, no gracias | Enfoque Europa",DW Español,2015-10-30 18:48:44+00:00,2015,inmigracion
GDYkHwzuuBY,@zolimenamorado5169,2019-09-19 15:03:29+00:00,137,La gente se esta cansando de los musulmanes en todo Europa.,"Francia: musulmanes, no gracias | Enfoque Europa",DW Español,2015-10-30 18:48:44+00:00,2015,inmigracion
GDYkHwzuuBY,@danithegreat,2022-09-08 14:03:27+00:00,181,"Después de haber vivido 23 años en un país musulmán, como Marruecos. solo puedo decir q no he estado nunca en un lugar tan racista, tan intolerante y tan injusto contra personas de otra nacionalidad, otro color de piel y la mujer, son racistas hasta con ellos mismos.","Francia: musulmanes, no gracias | Enfoque Europa",DW Español,2015-10-30 18:48:44+00:00,2015,inmigracion
GDYkHwzuuBY,@alvinnyon1,2018-07-23 09:57:43+00:00,507,"Un cristiano en Irán no dura ni un segundo,","Francia: musulmanes, no gracias | Enfoque Europa",DW Español,2015-10-30 18:48:44+00:00,2015,inmigracion
GDYkHwzuuBY,@albertoperezperez4595,2018-06-23 23:43:49+00:00,37,Con dos cojones este alcalde !!,"Francia: musulmanes, no gracias | Enfoque Europa",DW Español,2015-10-30 18:48:44+00:00,2015,inmigracion
GDYkHwzuuBY,@cr2308h,2017-08-24 10:24:04+00:00,104,"Un alcalde que mira por la seguridad de su gente,bien hecho.","Francia: musulmanes, no gracias | Enfoque Europa",DW Español,2015-10-30 18:48:44+00:00,2015,inmigracion
GDYkHwzuuBY,@manuelcatalan5698,2020-10-29 17:01:44+00:00,20,4 AÑOS DESPUÉS EL ALCADE SIGUE SIN EQUIVOCARSE LA CABEZA DE UNA ANCIANA Y DE UN PROFESOR FRANCÉS NO ES CUALQUIER COSA,"Francia: musulmanes, no gracias | Enfoque Europa",DW Español,2015-10-30 18:48:44+00:00,2015,inmigracion
GDYkHwzuuBY,@jade7757,2019-06-30 19:21:21+00:00,1151,No conozco ningún musulmán que se integre en ningún  país  su prepotencia  y altaneria  sobrepasa los límites de lo normal.  Yo no los quiero,"Francia: musulmanes, no gracias | Enfoque Europa",DW Español,2015-10-30 18:48:44+00:00,2015,inmigracion
GDYkHwzuuBY,@rodolfopedrazavideos,2016-07-31 00:56:59+00:00,354,"no es cuestion de racismo, sino de ideologia religiosa a los musulmanes no se les acepta porque sean arabes , sino por su idelogia de intolerancia y de odio al que no sea musulman, en paises musulamnes no se permite la libertad religiosa ahora francia debe de hacer lo mismo.","Francia: musulmanes, no gracias | Enfoque Europa",DW Español,2015-10-30 18:48:44+00:00,2015,inmigracion
GDYkHwzuuBY,@JohnDoe-xv2dh,2016-02-27 23:17:47+00:00,355,estoy de acuerdo con este valeroso Alcalde y un ejemplo para todos los lideres europeos.,"Francia: musulmanes, no gracias | Enfoque Europa",DW Español,2015-10-30 18:48:44+00:00,2015,inmigracion
GDYkHwzuuBY,@panzer2525,2016-02-11 15:07:01+00:00,655,que racismo es defender su identidad cultural social y de vida hay que dejarse invadir y sonreir ???,"Francia: musulmanes, no gracias | Enfoque Europa",DW Español,2015-10-30 18:48:44+00:00,2015,inmigracion
GDYkHwzuuBY,@matiiaas182,2019-08-09 00:43:54+00:00,277,salvemos europa defendamos nuestra identidad cultural!!🙏🇪🇺🇪🇸,"Francia: musulmanes, no gracias | Enfoque Europa",DW Español,2015-10-30 18:48:44+00:00,2015,inmigracion
GDYkHwzuuBY,@abraham_estay3980,2022-05-18 04:09:56+00:00,147,"Cuando fui a varios países de Europa nuevamente (No iba hace años) como turista la verdad me impacto la cantidad de inmigrantes musulmanes que hay en varios países, especialmente Alemania, Francia y Bélgica, lamentablemente mi experiencia con ellos fue horrible, literalmente me odiaban por mi religión (judaísmo), me insultaban, hasta me tiraban agua y escupos, y esto me pasó porque no sabía que habían como ""Barrios"" Musulmanes, literalmente tuve que irme a barrios donde habían grandes cantidades de población Laica, Atea y Cristiana donde ahí me sentí super bien, conversando con gente muy amable que me ayudaba y me mostraba su cultura, no diré que todos los musulmanes en esos países son así o a todos les pasa porque no se la realidad o experiencias de otras personas, solo cuento la mía, que fue horrible (Aclaro que fui como Turista como todo el resto, sin provocar ni nada por el estilo), varías personas de la comunidad o sociedad cristiana me contaban experiencias similares de los musulmanes a ellos. Saludos a la gente cristiana (Me cayeron excelente, super buena relación tuve con ustedes 😀) al igual que los laicos y Ateos. Saludos a todos ❤️","Francia: musulmanes, no gracias | Enfoque Europa",DW Español,2015-10-30 18:48:44+00:00,2015,inmigracion
GDYkHwzuuBY,@andres.e.,2018-06-19 19:49:07+00:00,302,"""El tono racista del Belfort…"". Claro, llamar las cosas por su nombre ahora es ""racista"".","Francia: musulmanes, no gracias | Enfoque Europa",DW Español,2015-10-30 18:48:44+00:00,2015,inmigracion
GDYkHwzuuBY,@luisamartinez3836,2019-07-15 22:59:31+00:00,28,"Bueno los MUSULMANES tienen un slogan CONQUISTAREMOS OCCIDENTE NO CON ARMAS SI NO CON EL VIENTRE DE NUESTRAS MUJERES, ES PARA PREOCUPARSE.
YA EUROPA TIENE GRAN CANTIDAD DE MUSULMANES, Y EL PROBKEMA ES QUE MUCHOS NO ASIMILAN LA CULTURA DEL PAIS DONDE EMIGRAN.","Francia: musulmanes, no gracias | Enfoque Europa",DW Español,2015-10-30 18:48:44+00:00,2015,inmigracion
GDYkHwzuuBY,@alr7953,2020-11-02 20:31:06+00:00,325,Los musulmanes muerden la mano de quien les ayuda.,"Francia: musulmanes, no gracias | Enfoque Europa",DW Español,2015-10-30 18:48:44+00:00,2015,inmigracion
GDYkHwzuuBY,@claudiofreiheit6101,2019-07-12 22:25:36+00:00,78,"Muy bien señor alcalde, se necesitan más personas valientes como ud.","Francia: musulmanes, no gracias | Enfoque Europa",DW Español,2015-10-30 18:48:44+00:00,2015,inmigracion
GDYkHwzuuBY,@antonioacunagonzalez6599,2019-07-28 11:51:43+00:00,722,PORQUE NO HABLAN TAMBIEN DEL RACISMO ANTIEUROPEO Y ANTICRISTIANO EN LOS PAISES MUSULMANES? PORQUE ESO TAMBIEN OCURRE.,"Francia: musulmanes, no gracias | Enfoque Europa",DW Español,2015-10-30 18:48:44+00:00,2015,inmigracion
GDYkHwzuuBY,@jovitadorantesaley,2016-03-10 15:40:24+00:00,14,bien por el alcalde con el tiempo se lo agradecerán ....ya ven lo que pasa en Alemania y Suiza,"Francia: musulmanes, no gracias | Enfoque Europa",DW Español,2015-10-30 18:48:44+00:00,2015,inmigracion
GDYkHwzuuBY,@lizluz3686,2019-11-01 13:48:29+00:00,102,Y los musulmanes ?? No discriminan todo el tiempo ? De que se quejan ???,"Francia: musulmanes, no gracias | Enfoque Europa",DW Español,2015-10-30 18:48:44+00:00,2015,inmigracion
GDYkHwzuuBY,@gabrielcarena,2018-05-06 16:03:01+00:00,16,"Tantos paises musulmanes , malaysia , indonesia , pakistan  , dubai, jordan , lebanon . siria, arabia, turquia, etc.
¿ Porque carajos todavia quieren venir a europa? ¡Que raro! ¿ No creen?","Francia: musulmanes, no gracias | Enfoque Europa",DW Español,2015-10-30 18:48:44+00:00,2015,inmigracion
GDYkHwzuuBY,@walterap1863,2019-07-10 15:21:32+00:00,10,Si yo acojo en mi hogar a una persona desearia que se adapte a mi modo de vida y no al revez,"Francia: musulmanes, no gracias | Enfoque Europa",DW Español,2015-10-30 18:48:44+00:00,2015,inmigracion
GDYkHwzuuBY,@yonosoyunbot2263,2019-07-16 07:20:50+00:00,49,"Cuando el elegir quien entre a tu casa es racismo ???
Simplemente cada país tiene DERECHO a abrirle la puerta a quien merece pisar su tierra.","Francia: musulmanes, no gracias | Enfoque Europa",DW Español,2015-10-30 18:48:44+00:00,2015,inmigracion
GDYkHwzuuBY,@Semper_Paratus,2017-04-07 17:04:02+00:00,77,¡Muy bien alcalde! ¡Bravo! Seguir firme.,"Francia: musulmanes, no gracias | Enfoque Europa",DW Español,2015-10-30 18:48:44+00:00,2015,inmigracion
GDYkHwzuuBY,@lordalejandro3329,2016-07-28 16:23:21+00:00,228,vamos alcalde yo te apoyo eres lo mejor de francia que orgullosos deben ser tus ciudadanos,"Francia: musulmanes, no gracias | Enfoque Europa",DW Español,2015-10-30 18:48:44+00:00,2015,inmigracion
GDYkHwzuuBY,@jperalta4190,2019-05-05 13:59:09+00:00,11,"No entiendo que mal hay en ayudar a hermanos cristianos. Es lógico, se llama empatía cultural","Francia: musulmanes, no gracias | Enfoque Europa",DW Español,2015-10-30 18:48:44+00:00,2015,inmigracion
GDYkHwzuuBY,@candidotrujilloparejo4234,2018-08-24 15:08:20+00:00,10,"Si a mi a mis hermano y a mi familia no me quieren en otro país y en otra casa que no sea mía pues me voy y listo se acabó el problema pero no ando de terco perdiendo y que todo me lo den gratis , amigos en Europa hay mucha gente que son europeos y no tienen ni en donde dormir y comer cada uno en su país y Dios en el de todos, a vuestros políticos que le vusquen solución a vuestros problemas tenemos la culpa nosotros de que ustedes y vuestros políticos no sepan administrar vuestros recursos, africa con todo el petroleo y minerales que tiene que hacen con el  me pregunto,","Francia: musulmanes, no gracias | Enfoque Europa",DW Español,2015-10-30 18:48:44+00:00,2015,inmigracion
GDYkHwzuuBY,@TopWorld-po6tx,2022-02-09 20:16:53+00:00,9,"Es como cuando preguntas en Colombia (o en general en toda Sur América y Latam): acoger venezolanos?, *NO GRACIAS!!!...*","Francia: musulmanes, no gracias | Enfoque Europa",DW Español,2015-10-30 18:48:44+00:00,2015,inmigracion
GDYkHwzuuBY,@VolcanLanin2030,2016-02-08 05:34:21+00:00,433,"Si no me aceptan en una casa me voy!!! no ando reclamando asi victimizandome, esta gente deberia irse a su lugar de origen, si los habitantes de esa ciudad no los quiere ESTA BIEN estan cuidando de su etnia y su localidad.","Francia: musulmanes, no gracias | Enfoque Europa",DW Español,2015-10-30 18:48:44+00:00,2015,inmigracion
GDYkHwzuuBY,@irpo1736,2018-05-05 07:41:08+00:00,10,"De acuerdo con este alcalde. Francia entre otros países ya ha acogido y dado tanto a las poblaciones musulmanes, que a su vez en sus países de origen persiguen y discriminan a poblaciones cristianas o de otra religión. 
Así que sería justo acoger y prestar ayuda a sus propios conciudadanos (los eternos olvidados) que no necesariamente y sólo sean musulmanes, como se ha venido haciendo hasta ahora, sino que incluyan a todos, sin discriminar a las personas que se esfuerzan y trabajan en lugar de acomodarse y dedicarse exclusivamente a reproducirse.","Francia: musulmanes, no gracias | Enfoque Europa",DW Español,2015-10-30 18:48:44+00:00,2015,inmigracion
GDYkHwzuuBY,@6dune,2019-06-16 14:40:43+00:00,31,"Apoyo al alcalde. Qué vergüenza de vídeo, qué tergiversado","Francia: musulmanes, no gracias | Enfoque Europa",DW Español,2015-10-30 18:48:44+00:00,2015,inmigracion
GDYkHwzuuBY,@liecerchav9117,2020-06-17 05:26:22+00:00,78,Cuidar tu país de amenazas externas es racismo???,"Francia: musulmanes, no gracias | Enfoque Europa",DW Español,2015-10-30 18:48:44+00:00,2015,inmigracion
GDYkHwzuuBY,@luissonnenuntergang7090,2020-11-10 20:02:00+00:00,9,Deberían haber más alcaldes así!,"Francia: musulmanes, no gracias | Enfoque Europa",DW Español,2015-10-30 18:48:44+00:00,2015,inmigracion
GDYkHwzuuBY,@angelocandreva6569,2018-04-11 06:44:14+00:00,253,"Bien por Francia esta vez, los musulmanes deben retornar a sus países de origen. 
Es la primera ves que Francia me entero que toma medidas sabias .","Francia: musulmanes, no gracias | Enfoque Europa",DW Español,2015-10-30 18:48:44+00:00,2015,inmigracion
GDYkHwzuuBY,@brifbrufbraf,2020-12-07 00:43:10+00:00,11,ESE ALCALDE DEBERÍA DIRIGIR LA UNIÓN EUROPEA!,"Francia: musulmanes, no gracias | Enfoque Europa",DW Español,2015-10-30 18:48:44+00:00,2015,inmigracion
GDYkHwzuuBY,@lorena7216,2020-10-29 20:06:23+00:00,15,"QUE BIEN POR EL ALCALDE, TODO TIENE UN LIMITE,","Francia: musulmanes, no gracias | Enfoque Europa",DW Español,2015-10-30 18:48:44+00:00,2015,inmigracion
GDYkHwzuuBY,@alejandromendoza1504,2019-03-06 01:10:00+00:00,9,Ojala pueda cumplir su prometido el alcalde,"Francia: musulmanes, no gracias | Enfoque Europa",DW Español,2015-10-30 18:48:44+00:00,2015,inmigracion
GDYkHwzuuBY,@Koastarptv,2019-04-04 00:45:59+00:00,21,El presidente francés Charles De Gaulle ya dijo que llevar inmigrantes musulmanes a Francia fue un grave error...,"Francia: musulmanes, no gracias | Enfoque Europa",DW Español,2015-10-30 18:48:44+00:00,2015,inmigracion
GDYkHwzuuBY,@ivanverasgui100,2016-02-13 02:15:34+00:00,504,si quieren vivir en Francia deben aprender a vivir como franceses respetar las leyes francesas hablar frances y si ellos quieren vivir sigue como musulmanes que se vayan a un país musulmán el presidente francés y los alcaldes se deben primero a pueblo francés y si no les gusta que se vayan,"Francia: musulmanes, no gracias | Enfoque Europa",DW Español,2015-10-30 18:48:44+00:00,2015,inmigracion
GDYkHwzuuBY,@delaplata9174,2016-10-06 11:21:33+00:00,22,Porque no se van a Arabia Saudita?,"Francia: musulmanes, no gracias | Enfoque Europa",DW Español,2015-10-30 18:48:44+00:00,2015,inmigracion
GDYkHwzuuBY,@Yepnowon,2021-04-18 13:46:17+00:00,10,"Normal, la gente quiere vivir tranquila. Los europeos tenemos libertad de expresión, si no les gusta que se queden en sus países.","Francia: musulmanes, no gracias | Enfoque Europa",DW Español,2015-10-30 18:48:44+00:00,2015,inmigracion
GDYkHwzuuBY,@arturom7903,2019-05-22 00:10:23+00:00,40,Francia debería premiar a este valeroso alcalde. Ejemplo de defensa al pueblo y el pueblo lo puso y apoya. Que por nada detenga esta maravillosa lucha contra estos extremistas. Y que sea el nuevo PRESIDENTE de Francia. 😃,"Francia: musulmanes, no gracias | Enfoque Europa",DW Español,2015-10-30 18:48:44+00:00,2015,inmigracion
GDYkHwzuuBY,@sonialeallopez8646,2019-11-22 22:16:01+00:00,6,"Q fuerte dios mio!!!
No podemos ni defender nuestra religion ni cultura","Francia: musulmanes, no gracias | Enfoque Europa",DW Español,2015-10-30 18:48:44+00:00,2015,inmigracion
GDYkHwzuuBY,@asirocao,2015-11-24 21:29:59+00:00,36,"Es evidente que hay una inadaptación de una parte de los musulmanes a la cultura europea. Francia, entre otras naciones europeas, ha fracasado en su sistema de integración. No sé qué solución hay, pero parece que la brecha entre unos y otros se agranda.","Francia: musulmanes, no gracias | Enfoque Europa",DW Español,2015-10-30 18:48:44+00:00,2015,inmigracion
GDYkHwzuuBY,@Carlos-kt1kv,2016-05-02 23:45:14+00:00,101,"lo primero no es racismo el racismo es odiar a alguien por su color de piel 
islamofobia es odiar a alguien por defender que una mujer vale menos que un hombre 
por defender que si una mujer no obedece al hombre el hombre tiene derecho a encerrarla en casa hasta que muera y se reuna con allah o encuentre una salida
todo esto viene recogido en el coran sura las mujeres","Francia: musulmanes, no gracias | Enfoque Europa",DW Español,2015-10-30 18:48:44+00:00,2015,inmigracion
GDYkHwzuuBY,@emkiexpert1511,2017-05-22 10:47:35+00:00,11,"tiene razon el alcalde,pero,no como alcalde si no como persona,dejense de mamadas que racismo y todo eso esto es cuestion de invacion no de racismo o discriminacion,tiene el derecho de dar su apoyo a las minorias cristianas.sin duda estoy de acuerdo con el.los que no compartan sus ideas que carajos hacen ahi?.la gente que ahi vive(se ve que es una zona tranquila con gente pacifista),tiene el derecho de quien aceptar y a quien no,adelante no dejen que sus ideas estupidas las lleven ahi TIENEN TODO SU DERECHO.","Francia: musulmanes, no gracias | Enfoque Europa",DW Español,2015-10-30 18:48:44+00:00,2015,inmigracion
GDYkHwzuuBY,@leonardopadilla7631,2020-11-01 21:22:14+00:00,7,Y ahora en 2020 todo los temores de los franceses se hicieron realidad,"Francia: musulmanes, no gracias | Enfoque Europa",DW Español,2015-10-30 18:48:44+00:00,2015,inmigracion
GDYkHwzuuBY,@joseluisargote8740,2019-07-27 14:33:41+00:00,72,"Este vidéo trató de desprestigiar al alcalde, y mas bien lo hizo famoso, y si no lo créen, lean los comentarios. Estoy del lado del alcalde.","Francia: musulmanes, no gracias | Enfoque Europa",DW Español,2015-10-30 18:48:44+00:00,2015,inmigracion
GDYkHwzuuBY,@complutummetalhead6524,2017-09-17 16:57:00+00:00,8,Europa despierta!,"Francia: musulmanes, no gracias | Enfoque Europa",DW Español,2015-10-30 18:48:44+00:00,2015,inmigracion
GDYkHwzuuBY,@joseluis-eo3pr,2019-07-03 03:01:56+00:00,8,Parece que tenemos obligación de darles pagas vivienda y todo gratis y los europeos a trabajar para mantener a todos estos,"Francia: musulmanes, no gracias | Enfoque Europa",DW Español,2015-10-30 18:48:44+00:00,2015,inmigracion
GDYkHwzuuBY,@mariaruizsanchez5942,2016-01-13 17:06:34+00:00,6,"Yo he estado en Francia y es alucinante lo que hay metido alli.... igual que aqui, igual que Italia; Alemania.... es horroroso la invasion a la que nos han sometido estos politicos por no hacer valer la ley.... la union europea era para la circulacion de lo que en ella estabamos....y EUROPA esta petada pero petada de todo... por lo tanto la pobreza es logica que entre en EUROPA,   dos y dos son cuatro.... dicen que acogidos... en pateras, saltando vallas, escondidos en camiones... miles y miles entraron asi... y aqui se quedaron EUROPA apesta y huele a una guerra proxima","Francia: musulmanes, no gracias | Enfoque Europa",DW Español,2015-10-30 18:48:44+00:00,2015,inmigracion
GDYkHwzuuBY,@nandojoven,2019-09-10 21:11:33+00:00,4,Como no abramos los ojos YA estamos perdidos,"Francia: musulmanes, no gracias | Enfoque Europa",DW Español,2015-10-30 18:48:44+00:00,2015,inmigracion
GDYkHwzuuBY,@felixyoung1482,2023-07-02 03:38:16+00:00,2,"Ando aquí por los disturbios en Francia que hay actualmente, sabía que no era por el adolescente, era algo más","Francia: musulmanes, no gracias | Enfoque Europa",DW Español,2015-10-30 18:48:44+00:00,2015,inmigracion
GDYkHwzuuBY,@BURRAdio,2017-05-27 18:20:30+00:00,12,"3:30 Esto ofende a la inteligencia. Pruebas?
Eso de que los musulmanes se están encerrando en casa por miedo es totalmente falso y de mal gusto como broma.
Qué auténtica burrrrrada!","Francia: musulmanes, no gracias | Enfoque Europa",DW Español,2015-10-30 18:48:44+00:00,2015,inmigracion
GDYkHwzuuBY,@alexgodeye3031,2017-02-06 22:52:25+00:00,248,"Pero...Islam no es una raza...¿Por qué hablan de ""racismo""?","Francia: musulmanes, no gracias | Enfoque Europa",DW Español,2015-10-30 18:48:44+00:00,2015,inmigracion
GDYkHwzuuBY,@septicfin5626,2018-09-02 16:56:40+00:00,12,Muy bien viva el Alcalde...❤❤❤,"Francia: musulmanes, no gracias | Enfoque Europa",DW Español,2015-10-30 18:48:44+00:00,2015,inmigracion
GDYkHwzuuBY,@andressuyal,2026-01-11 20:11:03+00:00,2,Vengo después de 10 años. Y ahora que piensan bobos.,"Francia: musulmanes, no gracias | Enfoque Europa",DW Español,2015-10-30 18:48:44+00:00,2015,inmigracion
GDYkHwzuuBY,@Colombia-b6c,2019-08-16 13:34:27+00:00,4,Necesitamos más alcalde y sobre todo presidentes a asi un aplauso👏👏👏👏👏👏👏,"Francia: musulmanes, no gracias | Enfoque Europa",DW Español,2015-10-30 18:48:44+00:00,2015,inmigracion
GDYkHwzuuBY,@rubenmachintorrents5311,2019-09-30 10:35:44+00:00,3,Es bien sencillo te adaptas o te vas,"Francia: musulmanes, no gracias | Enfoque Europa",DW Español,2015-10-30 18:48:44+00:00,2015,inmigracion
GDYkHwzuuBY,@pitopitopito5606,2019-08-02 02:15:02+00:00,5,"Soy hispanoamericano , creo que esto no es racismo es defender la cultura .  Conozco a  algunos medio-orientales y la experiencia que tengo con respecto a ellos  es pésima , es decir, siempre tratan de meterte a ahlá o como se le diga  , ello siempre estan exagerando   . Me molesta muchisimo que unos extranjeros  quieran imponer sus culturas .   Cuando yo  voy a españa  yo tómo el acento español y no reclamo nada  poque soy un extranjero , siempre respeto  el país al que voy","Francia: musulmanes, no gracias | Enfoque Europa",DW Español,2015-10-30 18:48:44+00:00,2015,inmigracion
GDYkHwzuuBY,@carlosvillegas6113,2019-06-13 14:16:41+00:00,13,"Su unica patria es su religion, sus creencias.","Francia: musulmanes, no gracias | Enfoque Europa",DW Español,2015-10-30 18:48:44+00:00,2015,inmigracion
GDYkHwzuuBY,@edgarlopez1378,2020-08-02 15:30:43+00:00,0,adelante con ese programa,"Francia: musulmanes, no gracias | Enfoque Europa",DW Español,2015-10-30 18:48:44+00:00,2015,inmigracion
GDYkHwzuuBY,@erwinjohanneseugenrommel1010,2019-08-13 17:31:10+00:00,7,De repente defender tu identidad y cultura ya es un delito,"Francia: musulmanes, no gracias | Enfoque Europa",DW Español,2015-10-30 18:48:44+00:00,2015,inmigracion
GDYkHwzuuBY,@danielcarrazco627,2020-11-08 01:53:41+00:00,14,"Yo creo que si migras a otro pais tendrias que asimilarte y respetar las costumbres , no al contrario 😂","Francia: musulmanes, no gracias | Enfoque Europa",DW Español,2015-10-30 18:48:44+00:00,2015,inmigracion
GDYkHwzuuBY,@guadalupevasquez8964,2019-07-11 11:58:40+00:00,6,"yo le quiero preguntar a un musulmán, por sus creencias ¿¿matarían ustedes por mandamiento de dios?? ¿¿sacrificarían sus libertades por que un libro lo dice??¿¿por que no cuestionan los ideales de su religión??. Sigo pensando que un país divido no resistira mucho tiempo, y mientras la inmigración siga aumentando (si estos no cambian y se adaptan a la vida francesa) las cosas se complicaran a futuro","Francia: musulmanes, no gracias | Enfoque Europa",DW Español,2015-10-30 18:48:44+00:00,2015,inmigracion
GDYkHwzuuBY,@Fati.Ferreiro,2022-07-30 14:31:55+00:00,9,"racismo es llegar a un país no respetar la cultura, no respetar la religion de ese pais y no querer adaptarse, que les den la gente ya esta cansada de ellos y no es racismo que la gente se queje de ellos es algo normal.","Francia: musulmanes, no gracias | Enfoque Europa",DW Español,2015-10-30 18:48:44+00:00,2015,inmigracion
GDYkHwzuuBY,@renecarrion7282,2019-07-08 21:42:56+00:00,15,Curioso y no dicen nada sobre Arabia saudita dónde está prohibido abrir iglesias Cristianas.,"Francia: musulmanes, no gracias | Enfoque Europa",DW Español,2015-10-30 18:48:44+00:00,2015,inmigracion
GDYkHwzuuBY,@oswaldojimenez802,2026-01-03 01:43:28+00:00,0,Como va el asunto?,"Francia: musulmanes, no gracias | Enfoque Europa",DW Español,2015-10-30 18:48:44+00:00,2015,inmigracion
GDYkHwzuuBY,@panzer2525,2016-02-11 15:06:00+00:00,14,"Soy latino pero veo mal el asunto de las olas de inmigrantes, es bello saber que existen alemanes ,franceses etc pero ellos pueden desaparecer esa es la verdad cada uno tiene su país su patria esto es una invacion. esto no es racismo la palabra de moda tontamente empleada , ademas el catolicismo dio una familia unida","Francia: musulmanes, no gracias | Enfoque Europa",DW Español,2015-10-30 18:48:44+00:00,2015,inmigracion
GDYkHwzuuBY,@carmenm.f.9057,2019-11-09 09:45:25+00:00,8,Conocen alguna mezquita que ayude a cristianos o gente no musulmana ?,"Francia: musulmanes, no gracias | Enfoque Europa",DW Español,2015-10-30 18:48:44+00:00,2015,inmigracion
GDYkHwzuuBY,@isaacclarke2713,2021-04-29 19:31:08+00:00,5,"Yo respeto la religión de los demás, pero jamás voy a tolerar que me digan cómo tengo que vivir o en que debo creer, y los musulmanes tienden a hacer mucho eso","Francia: musulmanes, no gracias | Enfoque Europa",DW Español,2015-10-30 18:48:44+00:00,2015,inmigracion
GDYkHwzuuBY,@sandaw4312,2022-02-03 11:58:18+00:00,0,Creo que es como tener un estado dentro de otro estado por las distintas costumbres unos quieren someter a los otros para que asuman sus costumbres y esto crea división,"Francia: musulmanes, no gracias | Enfoque Europa",DW Español,2015-10-30 18:48:44+00:00,2015,inmigracion
GDYkHwzuuBY,@levantateyanda7237,2020-11-09 23:02:13+00:00,3,":,v me emociona no sabia que acogían cristianos","Francia: musulmanes, no gracias | Enfoque Europa",DW Español,2015-10-30 18:48:44+00:00,2015,inmigracion
GDYkHwzuuBY,@YamboBodoni,2016-03-26 18:47:54+00:00,39,"Me sorprende este video, porque acaba por completo la fama de objetividad que yo tenía de la Deutsche Welle. El reportaje es absolutamente tendencioso en contra del alcalde, que no digo que no sea intolerante, lo cual no se, pero en el material no hay ninguna expresión racista o islamófoba de su parte. Solo se escucha que supuestamente dijo que la organización de los hermanos musulmanes son conocidos por su actitud provocadora... ¡lo cual es absolutamente cierto! son una organización radical a la que ciertamente no creo que adhiera la mayoría de los musulmanes pero que prueba que así como existe islamofobia, existe también el *islamofascismo*.

Y también la ""occidentofobia"", si se puede llamar así, de parte de los que hicieron esta pieza de la DW.","Francia: musulmanes, no gracias | Enfoque Europa",DW Español,2015-10-30 18:48:44+00:00,2015,inmigracion
GDYkHwzuuBY,@celestemilo7136,2021-05-19 04:37:33+00:00,3,Que visionario ese alcalde....,"Francia: musulmanes, no gracias | Enfoque Europa",DW Español,2015-10-30 18:48:44+00:00,2015,inmigracion
GDYkHwzuuBY,@fjp754,2016-09-12 10:08:40+00:00,15,viva este alcalde,"Francia: musulmanes, no gracias | Enfoque Europa",DW Español,2015-10-30 18:48:44+00:00,2015,inmigracion
GDYkHwzuuBY,@diegolan6454,2023-07-05 15:30:02+00:00,2,El tiempo le dió la razón?,"Francia: musulmanes, no gracias | Enfoque Europa",DW Español,2015-10-30 18:48:44+00:00,2015,inmigracion
GDYkHwzuuBY,@suuuu25,2019-07-30 19:47:09+00:00,4,Ojalá q su alcalde mantenga su pueblo a salvo,"Francia: musulmanes, no gracias | Enfoque Europa",DW Español,2015-10-30 18:48:44+00:00,2015,inmigracion
GDYkHwzuuBY,@artdriu6440,2023-11-04 03:03:41+00:00,3,hay que respetar el lugar a donde se llega y ya. Los que llegan deben adaptarse y si no les gusta devolverse y listo.,"Francia: musulmanes, no gracias | Enfoque Europa",DW Español,2015-10-30 18:48:44+00:00,2015,inmigracion
GDYkHwzuuBY,@jesusdonas8667,2019-04-15 12:54:00+00:00,26,Europa está despertando.,"Francia: musulmanes, no gracias | Enfoque Europa",DW Español,2015-10-30 18:48:44+00:00,2015,inmigracion
GDYkHwzuuBY,@JorgeSanchez-zf5xl,2019-07-06 01:57:08+00:00,6,Genial ese alcalde,"Francia: musulmanes, no gracias | Enfoque Europa",DW Español,2015-10-30 18:48:44+00:00,2015,inmigracion
GDYkHwzuuBY,@DerekitoCorpcito,2025-01-22 18:44:38+00:00,0,Hola dw al final en qué quedó? Ya han pasado 9 años,"Francia: musulmanes, no gracias | Enfoque Europa",DW Español,2015-10-30 18:48:44+00:00,2015,inmigracion
GDYkHwzuuBY,@Antipitucocreido,2019-08-19 20:49:50+00:00,0,Algun chileno que tenga ese sentimiento del reportaje por aqui,"Francia: musulmanes, no gracias | Enfoque Europa",DW Español,2015-10-30 18:48:44+00:00,2015,inmigracion
GDYkHwzuuBY,@FabofazzO1994,2018-10-08 03:32:41+00:00,12,"Yo no soy europeo soy Latinoamericano y como mi cultura es producto de la Europea y la Originaria de América debo decir a los islamistas que deben fusionarse si quieren ser acogidos eso pasó en América Latina con la llegada de España y aún hoy sentimos más por europa como latinoamericanos por nuestra identidad cultural pudimos amalgamarnos en una nueva cultura rescatando nuestros lazos y somos occidentales, los islamistas como esperan ser integrados si ustedes no quieren integrarse me alegra la decisión del alcalde por qué acá también están llegando esos cabezas duras que no pueden razonar por culpa de su estúpida creencia más bien defiendan europa es suya hagan limpieza en casa tomen las riendas de su territorio no se duerman europeos","Francia: musulmanes, no gracias | Enfoque Europa",DW Español,2015-10-30 18:48:44+00:00,2015,inmigracion
GDYkHwzuuBY,@exatepaya2,2019-08-09 01:36:48+00:00,34,"Nunca hubo racismo cuando venían musulmanes a trabajar y se comportaban . ahora muchos de los que vienen roban y violan , por eso no queremos ese tipo de musulmán , pero nunca hemos rechazado a los que venían a trabajar y respetar nuestras leyes  . Se quejan de racismo , pero no veo a ningún musulmán salir en tv reprochando esos comportamientos de sus compatriotas , pero si del nuestro .No tienen en cuenta que así se perjudican los que se comportan  y que  los racistas son ellos , por despotricar de nosotros  cuando les hemos dado  un bienestar que en su país no tenían y no  recriminar a sus compatriotas las violaciones que están cometiendo . Eso si es racismo en grado superior .","Francia: musulmanes, no gracias | Enfoque Europa",DW Español,2015-10-30 18:48:44+00:00,2015,inmigracion
GDYkHwzuuBY,@asintomatico1,2016-03-17 15:22:01+00:00,194,Bien por Francia.,"Francia: musulmanes, no gracias | Enfoque Europa",DW Español,2015-10-30 18:48:44+00:00,2015,inmigracion
GDYkHwzuuBY,@SCHRE1END,2022-06-03 03:51:41+00:00,2,"2022 VENGO DEL FUTURO...
ESE ALCALDE TENIA TODA LA RAZON
vease final champions 2022","Francia: musulmanes, no gracias | Enfoque Europa",DW Español,2015-10-30 18:48:44+00:00,2015,inmigracion
GDYkHwzuuBY,@mariaelenacamaravenegas3201,2023-07-09 19:39:34+00:00,0,"Tiempo después, ahora este documental de seguro ya está en idioma árabe.😅🇵🇪","Francia: musulmanes, no gracias | Enfoque Europa",DW Español,2015-10-30 18:48:44+00:00,2015,inmigracion
GDYkHwzuuBY,@CesarRodriguez-wo2jh,2020-12-18 00:12:34+00:00,5,Apoyo a Francia y a este alcalde.,"Francia: musulmanes, no gracias | Enfoque Europa",DW Español,2015-10-30 18:48:44+00:00,2015,inmigracion
GDYkHwzuuBY,@lepantomethod,2019-07-05 13:33:06+00:00,5,La comparación entre el movimiento de refugiados europeos en países de Europa y la de no europeos a ésta es demasiado absurda como para ser usada como argumento a favor de que vengan aquí. Los números mandan y nos dicen que NO son compatibles. Las ciudades están dejando de ser diversas a causa de esta falsa diversidad. Stop invasión.,"Francia: musulmanes, no gracias | Enfoque Europa",DW Español,2015-10-30 18:48:44+00:00,2015,inmigracion
GDYkHwzuuBY,@elvisronyramirezrodriguez3315,2021-08-18 22:20:51+00:00,9,Apoyo al alcalde Francés.,"Francia: musulmanes, no gracias | Enfoque Europa",DW Español,2015-10-30 18:48:44+00:00,2015,inmigracion
GDYkHwzuuBY,@Mila-nr2hp,2020-11-07 14:17:30+00:00,0,Alguien sabe que fue del alcalde si lo destronaron o no. Oz ruego que todos encontremos paz..,"Francia: musulmanes, no gracias | Enfoque Europa",DW Español,2015-10-30 18:48:44+00:00,2015,inmigracion
GDYkHwzuuBY,@David-jt2nn,2021-12-02 22:46:42+00:00,2,"Lo que sucede es trágico, pero la verdad es que a los que persiguen en medio oriente son a los cristianos, no a los musulmanes, ellos llegan allá con el fin de mejorar sus condiciones de vida, no porque de verdad necesiten irse porque su vida corra riesgo.","Francia: musulmanes, no gracias | Enfoque Europa",DW Español,2015-10-30 18:48:44+00:00,2015,inmigracion
GDYkHwzuuBY,@anagomezdiaz1268,2016-09-24 16:31:05+00:00,14,que ese alcalde se presente a las elecciones a presidente aquí que ya cuenta con 1 voto el mio.,"Francia: musulmanes, no gracias | Enfoque Europa",DW Español,2015-10-30 18:48:44+00:00,2015,inmigracion
GDYkHwzuuBY,@liboriodantes,2022-07-06 16:31:53+00:00,4,"La inmensa mayoría del mundo árabe ve con recelo a la democracia cuyos valores e importancia menosprecian y desaprueban aunque se aprovechen de ella ventajistamente. En su fueron interno quisieran ver al mundo democrático sometido a la autocracia y el absolutismo, sobretodo si tiene un cariz religioso.","Francia: musulmanes, no gracias | Enfoque Europa",DW Español,2015-10-30 18:48:44+00:00,2015,inmigracion
GDYkHwzuuBY,@fernandogomez6653,2016-12-15 08:25:12+00:00,6,tiene ese Sr Alcalde toda la razón,"Francia: musulmanes, no gracias | Enfoque Europa",DW Español,2015-10-30 18:48:44+00:00,2015,inmigracion
GDYkHwzuuBY,@juanfgarzon6079,2020-11-11 06:56:58+00:00,0,"Yo soy Latino mestizo, uno de los séctores más discriminados en el extranjero, pero yo opino que ino se se debe acoplar al sitio al que voy, cuando viajo a otra región hay veces me toca comer cosas que para mi som desagradables, pero uno no debe imponerse, debe acoplarse","Francia: musulmanes, no gracias | Enfoque Europa",DW Español,2015-10-30 18:48:44+00:00,2015,inmigracion
GDYkHwzuuBY,@alealifer,2021-09-21 01:00:07+00:00,0,Visto,"Francia: musulmanes, no gracias | Enfoque Europa",DW Español,2015-10-30 18:48:44+00:00,2015,inmigracion
GDYkHwzuuBY,@edgarpinadebro,2019-06-08 07:58:00+00:00,5,buen alcalde,"Francia: musulmanes, no gracias | Enfoque Europa",DW Español,2015-10-30 18:48:44+00:00,2015,inmigracion
GDYkHwzuuBY,@MyFlecha,2017-03-23 20:13:23+00:00,4,"El alcalde tiene razón , este medio esta equivocado.","Francia: musulmanes, no gracias | Enfoque Europa",DW Español,2015-10-30 18:48:44+00:00,2015,inmigracion
GDYkHwzuuBY,@ponchitomorris5084,2018-11-10 18:07:37+00:00,14,Ah pero si un cristiano pisa tierra del islam  ahi sino aplica la igualdad y el respeto a las creencias.,"Francia: musulmanes, no gracias | Enfoque Europa",DW Español,2015-10-30 18:48:44+00:00,2015,inmigracion
GDYkHwzuuBY,@Prestapaganini,2021-12-03 08:23:25+00:00,2,"Muy interesante la ecuación: Europa y estados unidos son quienes, a grandes rasgos, provocan la inestabilidad en Africa y medio oriente que consecuentemente causa la migración.....bastante complejidad....","Francia: musulmanes, no gracias | Enfoque Europa",DW Español,2015-10-30 18:48:44+00:00,2015,inmigracion
GDYkHwzuuBY,@arnaldoromero2734,2019-08-31 15:28:09+00:00,0,Valiente hombre,"Francia: musulmanes, no gracias | Enfoque Europa",DW Español,2015-10-30 18:48:44+00:00,2015,inmigracion
GDYkHwzuuBY,@isimogam,2025-08-11 18:29:53+00:00,3,"Cómo han acabado, los franceses, digo. Están perdidos.","Francia: musulmanes, no gracias | Enfoque Europa",DW Español,2015-10-30 18:48:44+00:00,2015,inmigracion
GDYkHwzuuBY,@leancamer1998,2020-05-07 19:47:00+00:00,3,Magnifico que recibieran a los cristianos.,"Francia: musulmanes, no gracias | Enfoque Europa",DW Español,2015-10-30 18:48:44+00:00,2015,inmigracion
GDYkHwzuuBY,@carlosramonlorente220,2020-07-23 22:00:47+00:00,5,"Pregunta de un español a LA, cuando los musulmanes se hagan con toda Europa, cuando se hagan con toda África, con toda Oceanía y con casi toda Asia, dónde creéis que pondrán sus ojos? Un saludo.","Francia: musulmanes, no gracias | Enfoque Europa",DW Español,2015-10-30 18:48:44+00:00,2015,inmigracion
GDYkHwzuuBY,@sonialeallopez8646,2019-11-22 22:16:28+00:00,0,Hay que mantener la fuerza,"Francia: musulmanes, no gracias | Enfoque Europa",DW Español,2015-10-30 18:48:44+00:00,2015,inmigracion
GDYkHwzuuBY,@Sarise396,2022-05-16 00:03:42+00:00,0,SON UNA BOMBA DE TIEMPO,"Francia: musulmanes, no gracias | Enfoque Europa",DW Español,2015-10-30 18:48:44+00:00,2015,inmigracion
GDYkHwzuuBY,@uuyyyjjujmiygjlliuyy5348,2022-07-16 03:00:31+00:00,8,"No es racismo, hasta en Suecia están llegando a su límite.","Francia: musulmanes, no gracias | Enfoque Europa",DW Español,2015-10-30 18:48:44+00:00,2015,inmigracion
GDYkHwzuuBY,@extrem_bird7407,2021-08-23 22:09:57+00:00,5,"Jajajaja me gustan los comentarios de este video, como el editor intenta hacernos creer  que los europeos somos islamofobos que la izda es muy buena,  pues jodete que la gente que ha visto este video vomita sobre el","Francia: musulmanes, no gracias | Enfoque Europa",DW Español,2015-10-30 18:48:44+00:00,2015,inmigracion
GDYkHwzuuBY,@thomaswaibel259,2018-09-04 14:26:08+00:00,21,"Musulmanes son bienvenidos y los cristianos no lo son. Ese el punto.
Rechazar el islam no es racismo porque el islam no es una raza, sino una (falsa) ""religión"".","Francia: musulmanes, no gracias | Enfoque Europa",DW Español,2015-10-30 18:48:44+00:00,2015,inmigracion
GDYkHwzuuBY,@cmg8574,2024-07-08 18:53:08+00:00,2,Vengo del futuro y creo que se jodieron mas todavia!,"Francia: musulmanes, no gracias | Enfoque Europa",DW Español,2015-10-30 18:48:44+00:00,2015,inmigracion
GDYkHwzuuBY,@aligator6449,2020-11-07 22:33:02+00:00,1,Que gran alcalde necesitan mas como el,"Francia: musulmanes, no gracias | Enfoque Europa",DW Español,2015-10-30 18:48:44+00:00,2015,inmigracion
GDYkHwzuuBY,@FJECodsp,2016-02-27 14:28:45+00:00,35,"no entiendo por que comparan a los demas inmigrantes con los musulmanes, SU CIVILIZACION ES MUY PRIMITIVA... Buene iniciativa del alcalde","Francia: musulmanes, no gracias | Enfoque Europa",DW Español,2015-10-30 18:48:44+00:00,2015,inmigracion
GDYkHwzuuBY,@Saltamontes1,2023-01-21 12:43:32+00:00,4,En Alemania la calidad de los barrios se mide por la cantidad de musulmanes que allí vivan. Nadie quiere tener a un islamista de vecino.,"Francia: musulmanes, no gracias | Enfoque Europa",DW Español,2015-10-30 18:48:44+00:00,2015,inmigracion
GDYkHwzuuBY,@carlosleopold7943,2022-08-25 04:18:13+00:00,2,"Me pongo en la piel de un francés y los entiendo, no es xenofobia, es defenderse, no ser políticamente correcto!!🤷🙋🇺🇾","Francia: musulmanes, no gracias | Enfoque Europa",DW Español,2015-10-30 18:48:44+00:00,2015,inmigracion
GDYkHwzuuBY,@superkiara2006,2020-10-30 05:52:40+00:00,2,Yo aplaudi a Este alcalde mehr y bien hay que defender su Pueblo y no dar preferencia a gente mal agradecida y rencorosa.,"Francia: musulmanes, no gracias | Enfoque Europa",DW Español,2015-10-30 18:48:44+00:00,2015,inmigracion
GDYkHwzuuBY,@jonathanmarquez9746,2025-08-12 13:44:25+00:00,3,ellos exijen derechos en paises cristianos y en sus paises violan los derechos de libertad religiosa,"Francia: musulmanes, no gracias | Enfoque Europa",DW Español,2015-10-30 18:48:44+00:00,2015,inmigracion
GDYkHwzuuBY,@rafaeljoseification,2021-08-17 13:29:58+00:00,3,Excelente por parte de Francia.,"Francia: musulmanes, no gracias | Enfoque Europa",DW Español,2015-10-30 18:48:44+00:00,2015,inmigracion
GDYkHwzuuBY,@rafaeldeoliveira6767,2019-07-09 17:52:47+00:00,3,Menudo alcalde. Con cojones es lo que deberia hacer toda Europa solo refugiado cristianos,"Francia: musulmanes, no gracias | Enfoque Europa",DW Español,2015-10-30 18:48:44+00:00,2015,inmigracion
GDYkHwzuuBY,@bryanquijanesortega6549,2018-11-06 20:47:25+00:00,2,"Deutsche Welle deberia ser más imparcial, más allá de sí está de acuerdo o no con el alcalde. Una vergüenza.","Francia: musulmanes, no gracias | Enfoque Europa",DW Español,2015-10-30 18:48:44+00:00,2015,inmigracion
GDYkHwzuuBY,@preocupado,2024-01-05 15:05:55+00:00,1,No es fanatismo. ES LA VERDAD y TODOS estáis invitados a seguirla. Las puertas siempre están abiertas cuando los corazones se abren a la Verdad.,"Francia: musulmanes, no gracias | Enfoque Europa",DW Español,2015-10-30 18:48:44+00:00,2015,inmigracion
GDYkHwzuuBY,@Hach94,2019-04-16 22:14:04+00:00,5,Lastima que este alcalde sea la minoria y no la mayoria que debian ser todos los franceses para detener la invasion musulmana  disfrazada de refugiados en Europa,"Francia: musulmanes, no gracias | Enfoque Europa",DW Español,2015-10-30 18:48:44+00:00,2015,inmigracion
GDYkHwzuuBY,@emigrandoandamos5965,2021-10-03 06:34:18+00:00,3,Por qué en los países cristianos hay mezquitas pero en los musulmanes no permiten iglesias cristianas o que prediquen en sus países,"Francia: musulmanes, no gracias | Enfoque Europa",DW Español,2015-10-30 18:48:44+00:00,2015,inmigracion
GDYkHwzuuBY,@anadosmil7348,2020-10-30 13:36:37+00:00,6,Racismo? si ya se apoderaron de francia,"Francia: musulmanes, no gracias | Enfoque Europa",DW Español,2015-10-30 18:48:44+00:00,2015,inmigracion
GDYkHwzuuBY,@transitoapolinar7307,2019-07-14 05:16:57+00:00,2,"CADA QUIEN EN SU PAÍS Y SI MIGRA, SE ADAPTA A DONDE VAYA Y SI NO, QUE SE VAYA AL INFIERNO. *Y NO ES RACISMO, ES RESPETO*","Francia: musulmanes, no gracias | Enfoque Europa",DW Español,2015-10-30 18:48:44+00:00,2015,inmigracion
GDYkHwzuuBY,@mcfly4290,2025-05-20 21:11:06+00:00,1,Pues parece que dio igual JAJAJJA,"Francia: musulmanes, no gracias | Enfoque Europa",DW Español,2015-10-30 18:48:44+00:00,2015,inmigracion
GDYkHwzuuBY,@RolandoParedesSilva,2016-08-30 14:56:22+00:00,8,Gracias por la  desinformación DW.,"Francia: musulmanes, no gracias | Enfoque Europa",DW Español,2015-10-30 18:48:44+00:00,2015,inmigracion
GDYkHwzuuBY,@doradorosales8772,2019-08-12 23:13:39+00:00,5,No a la inmigración musulmana.,"Francia: musulmanes, no gracias | Enfoque Europa",DW Español,2015-10-30 18:48:44+00:00,2015,inmigracion
GDYkHwzuuBY,@gelasiodecaravantes9361,2019-07-13 22:49:47+00:00,3,Excelente¡...este Alcalde si se da a respetar.,"Francia: musulmanes, no gracias | Enfoque Europa",DW Español,2015-10-30 18:48:44+00:00,2015,inmigracion
GDYkHwzuuBY,@inonavarro1285,2025-12-08 12:41:53+00:00,1,Que Dios bendiga este hermoso pueblo y luchen por la paz y no a la destrucción y caos,"Francia: musulmanes, no gracias | Enfoque Europa",DW Español,2015-10-30 18:48:44+00:00,2015,inmigracion
GDYkHwzuuBY,@todoparadespertar2459,2022-09-06 12:12:53+00:00,2,Porque no se va a Argelia?,"Francia: musulmanes, no gracias | Enfoque Europa",DW Español,2015-10-30 18:48:44+00:00,2015,inmigracion
GDYkHwzuuBY,@victornicolas3203,2021-09-15 00:11:59+00:00,4,"🔴🟡🔴 Queríamos saber por favor ¿¿Cómo es ser Cristiano en un país Musulmán??.

¿¿Gozan los Cristianos de tantos privilegios y ayudas sociales y económicas en los países Musulmanes de la misma manera que SÍ los tienen las personas Musulmanes en los países Cristianos?? ¿¿Se acepta a un Cristiano y se le ayuda a su total integración en los países Musulmanes??","Francia: musulmanes, no gracias | Enfoque Europa",DW Español,2015-10-30 18:48:44+00:00,2015,inmigracion
GDYkHwzuuBY,@Karl_Blas,2025-04-22 00:16:40+00:00,3,Europa para los europeos,"Francia: musulmanes, no gracias | Enfoque Europa",DW Español,2015-10-30 18:48:44+00:00,2015,inmigracion
GDYkHwzuuBY,@marktor794,2021-07-21 22:40:49+00:00,5,"Invasion musulmana indirecta, imaginate una francia musulmana y todo su arte y cultura perdidas","Francia: musulmanes, no gracias | Enfoque Europa",DW Español,2015-10-30 18:48:44+00:00,2015,inmigracion
GDYkHwzuuBY,@shalom1213,2020-12-02 21:00:19+00:00,0,cuando   usted  deja   entrar  a   alguien  en  su  casa   ese  se  instala  hay...........,"Francia: musulmanes, no gracias | Enfoque Europa",DW Español,2015-10-30 18:48:44+00:00,2015,inmigracion
GDYkHwzuuBY,@angelmendez6638,2023-11-24 17:13:58+00:00,1,Hablamos de racismo o religión?,"Francia: musulmanes, no gracias | Enfoque Europa",DW Español,2015-10-30 18:48:44+00:00,2015,inmigracion
GDYkHwzuuBY,@ifranwaisman1750,2018-05-22 04:48:34+00:00,14,Pobres personas... sin embargo deberiamos proteger a los Cristianos y no a los musulmanes!,"Francia: musulmanes, no gracias | Enfoque Europa",DW Español,2015-10-30 18:48:44+00:00,2015,inmigracion
GDYkHwzuuBY,@ogodai-x5e,2019-07-16 10:31:25+00:00,3,Grande Francia!!! 💪💪💪💪👍,"Francia: musulmanes, no gracias | Enfoque Europa",DW Español,2015-10-30 18:48:44+00:00,2015,inmigracion
GDYkHwzuuBY,@myriglez7681,2020-03-19 21:57:23+00:00,3,"Si se sienten que son tratados mal que se vayan a su país islámico . España y los demás países , no deben permitir sus ideas . Doctrinas y forma de vestir . Ellos los musulmanes deben de ser como  los españoles y evitar que usen sus ropas extravagantes !!!","Francia: musulmanes, no gracias | Enfoque Europa",DW Español,2015-10-30 18:48:44+00:00,2015,inmigracion
GDYkHwzuuBY,@josevillallobos4734,2022-05-19 00:13:58+00:00,0,"Una cosa muy diferente es cultura y otra costumbres, cuando uno va de inmigrante a otro país tiene uno que adaptarse alas costumbres y leyes, porque se les olvida que nuestros hijos an nacido ahí y son parte de la sociedad y de la nación que sus padres escogieron para darles un mejor futuro. No podemos andar mostrando banderas de nuestro país porque es un acto ofensivo para el país y los ciudadanos que nos abrieron las puertas…","Francia: musulmanes, no gracias | Enfoque Europa",DW Español,2015-10-30 18:48:44+00:00,2015,inmigracion
GDYkHwzuuBY,@francoquispe5058,2021-03-29 23:59:13+00:00,0,Este canal es imparcial,"Francia: musulmanes, no gracias | Enfoque Europa",DW Español,2015-10-30 18:48:44+00:00,2015,inmigracion
GDYkHwzuuBY,@jordee7069,2019-07-04 02:06:09+00:00,3,Bravo France,"Francia: musulmanes, no gracias | Enfoque Europa",DW Español,2015-10-30 18:48:44+00:00,2015,inmigracion
GDYkHwzuuBY,@albertomartinez8929,2017-08-06 19:39:19+00:00,5,No a los musulmanes,"Francia: musulmanes, no gracias | Enfoque Europa",DW Español,2015-10-30 18:48:44+00:00,2015,inmigracion
GDYkHwzuuBY,@alexbermudez8872,2020-12-23 17:05:39+00:00,4,"Lo irónico es que ellos (los musulmanes) hablan del ""racismo"" que sufren en occidente, pero cuando un cristiano va a cualquier país muslman, no puede hacer ni la mitad de lo que un muslman hace en occidente, es más, en los países occidentales existen mezquitas, pero en los países muslmanes, no existen iglesias. Y hasta ahora no veo campañas en contra de la ""cristianofobia""","Francia: musulmanes, no gracias | Enfoque Europa",DW Español,2015-10-30 18:48:44+00:00,2015,inmigracion
GDYkHwzuuBY,@espisk8,2023-12-02 13:58:43+00:00,1,Han tenido la oportunidad y la han desaprovechado... Nos costó mucho tener una Europa civilizada y educada,"Francia: musulmanes, no gracias | Enfoque Europa",DW Español,2015-10-30 18:48:44+00:00,2015,inmigracion
GDYkHwzuuBY,@rax1688,2022-04-03 19:21:31+00:00,2,Que hipocresia y no dicen nada de las zonas rojas por los musulmanes. Y que pasa con los cristianos perseguidos.,"Francia: musulmanes, no gracias | Enfoque Europa",DW Español,2015-10-30 18:48:44+00:00,2015,inmigracion
GDYkHwzuuBY,@最高人,2019-07-25 09:56:16+00:00,3,"Religión musulmana la mayor en Europa próximamente y nada pueden hacer, ya ellos tienen mayor natalidad, dominarán por descendencia, por sangre, por número es matemática y biología fin ....","Francia: musulmanes, no gracias | Enfoque Europa",DW Español,2015-10-30 18:48:44+00:00,2015,inmigracion
GDYkHwzuuBY,@annr1177,2019-06-11 06:45:57+00:00,3,Con dos cojones 👍,"Francia: musulmanes, no gracias | Enfoque Europa",DW Español,2015-10-30 18:48:44+00:00,2015,inmigracion
GDYkHwzuuBY,@dommerqueg,2019-05-30 02:24:38+00:00,9,ELLOS CON SU CULTURA EXTREMISTA SE HAN GANADO SU FAMA!!,"Francia: musulmanes, no gracias | Enfoque Europa",DW Español,2015-10-30 18:48:44+00:00,2015,inmigracion
GDYkHwzuuBY,@artemidiaz7804,2021-01-26 14:07:46+00:00,0,"Un abrazo, bendiciones. Dios esta con usted. NO SOMOS RACISTAS HOMBRE. PORFAVOR TRANQUILOS.","Francia: musulmanes, no gracias | Enfoque Europa",DW Español,2015-10-30 18:48:44+00:00,2015,inmigracion
GDYkHwzuuBY,@yashiraeunicerodriguezmora1046,2022-11-02 00:34:51+00:00,1,"Que triste, lo lamento tanto por Europa y por sus paisanos, creo que la migracion de personas de paises que solo llegan a imponer su cultura, su religión he idioma siga siendo buena idea ya que deberian como minimo aprender el idioma y respetar las leyes, ya que para mi Europa representa todo aquello que me enseñaron en la escuela,  creo que a mis amigos del viejo continente se les ha olvidado lo magnifico que es su civilizacion y se les ha olvidado que en Europa se fue forjando y evolucionando la mas increible civilizacion, que yo he conocido sin desdeñar a otras culturas, que con sus sombras y luces y con todos sus bemoles, nos trajo la ilustracion, el renacimiento, la revolucion Francesa, la revolucion industrial, derechos humanos, separacion de iglesía y estado, igualdad de derechos y obligaciones entre hombres y mujeres, no importa con que genero naciste, tu palabra vale he importa lo mismo ante la ley y cualquier tribunal, cosa impensable en el islam donde la mujer tiene que pedir permiso para ir al baño acompañada con un hombre, Europa nos trajo el derecho de creer, no creer y dejar de creer de cualquier religión, occidente me gusta porque puedo hacer todo lo que la ley no prohibe aunque la religión lo prohiba y aunque no le guste, por eso Gracias por venir a las americas. A muchos se les olvida que en Europa no hay gente apedreando, mutilando, latigueando y echandole acido en la cara a las mujeres por no usar un trapo en la cabeza y no hay nadie lanzando homosexuales desde lo alto de edificios....🥺🥺🥺🥺😭😭😭😭","Francia: musulmanes, no gracias | Enfoque Europa",DW Español,2015-10-30 18:48:44+00:00,2015,inmigracion
GDYkHwzuuBY,@Davyjones55566,2016-09-19 00:19:20+00:00,17,"es fácil. ...que se vayan y listo

.","Francia: musulmanes, no gracias | Enfoque Europa",DW Español,2015-10-30 18:48:44+00:00,2015,inmigracion
GDYkHwzuuBY,@akupanda666,2017-08-25 04:31:25+00:00,5,a este buen alcalde se postule para presidente de Francia y la salve de su excrementoso y barbudo destino u.u,"Francia: musulmanes, no gracias | Enfoque Europa",DW Español,2015-10-30 18:48:44+00:00,2015,inmigracion
GDYkHwzuuBY,@Dan-pi2pg,2019-10-27 15:08:44+00:00,9,Los musulmanes deben ser considerados ciudadanos de 3ra...por el bien del planeta  y de la civilización...,"Francia: musulmanes, no gracias | Enfoque Europa",DW Español,2015-10-30 18:48:44+00:00,2015,inmigracion
GDYkHwzuuBY,@heidimonsserratalvarez1477,2021-02-13 18:23:21+00:00,0,🙄,"Francia: musulmanes, no gracias | Enfoque Europa",DW Español,2015-10-30 18:48:44+00:00,2015,inmigracion
GDYkHwzuuBY,@enithcampbell507,2024-09-25 08:22:08+00:00,1,Como intentan cambiar lo que dijo este señor,"Francia: musulmanes, no gracias | Enfoque Europa",DW Español,2015-10-30 18:48:44+00:00,2015,inmigracion
GDYkHwzuuBY,@caseyjones8949,2024-04-28 22:49:51+00:00,3,EUROPA DESPIERTA,"Francia: musulmanes, no gracias | Enfoque Europa",DW Español,2015-10-30 18:48:44+00:00,2015,inmigracion
GDYkHwzuuBY,@d.a.g.c961,2019-06-09 05:26:11+00:00,4,"Normal, si la unión europea nunca dejará entrar a Turquía por lo mismo.","Francia: musulmanes, no gracias | Enfoque Europa",DW Español,2015-10-30 18:48:44+00:00,2015,inmigracion
GDYkHwzuuBY,@marlonchaconmatamoros1646,2023-11-09 21:59:19+00:00,3,"Veo varios comentarios orientados hacia un tema de ""racismo""..., pero ¿es que acaso no fueron a la escuela, o al colegio, o a la universidad?
Cuando se habla de musulmanes NO se está tratando un asunto de razas, o etnias. Se está tratando un tema de RELIGIÓN. El Islam es una religión, no una raza, ni una etnia.
El rechazo a los musulmanes es estrictamente el rechazo a una comunidad religiosa. Algunos le llaman ""islamofobia"" al rechazo a los musulmanes.
El que comente en estos espacios, hágalo de forma inteligente e informada. No escriban disparates.","Francia: musulmanes, no gracias | Enfoque Europa",DW Español,2015-10-30 18:48:44+00:00,2015,inmigracion
GDYkHwzuuBY,@juanlopezfrutos2472,2019-07-31 00:42:38+00:00,1,Ha Cuantos refugiados cristianos han ayudado los musulmanes.??,"Francia: musulmanes, no gracias | Enfoque Europa",DW Español,2015-10-30 18:48:44+00:00,2015,inmigracion
GDYkHwzuuBY,@totogame6091,2019-05-28 06:58:24+00:00,0,"Yo he comentado en otros foros, como Europa no tome acciones con esta gente la van a pasar muy mal.","Francia: musulmanes, no gracias | Enfoque Europa",DW Español,2015-10-30 18:48:44+00:00,2015,inmigracion
GDYkHwzuuBY,@sergiosebastian6025,2017-08-30 01:08:10+00:00,8,un genio el alcalde....saludos de Argentina,"Francia: musulmanes, no gracias | Enfoque Europa",DW Español,2015-10-30 18:48:44+00:00,2015,inmigracion
GDYkHwzuuBY,@corunaeterna,2021-03-28 01:01:47+00:00,10,"Pero como que acosan a los musulmanes en Francia, es al reves, musulmanes acosan a los demás","Francia: musulmanes, no gracias | Enfoque Europa",DW Español,2015-10-30 18:48:44+00:00,2015,inmigracion
GDYkHwzuuBY,@isabelangelica8658,2016-11-06 21:26:42+00:00,12,EXCELENTER DECISION,"Francia: musulmanes, no gracias | Enfoque Europa",DW Español,2015-10-30 18:48:44+00:00,2015,inmigracion
GDYkHwzuuBY,@doloresmurillo5869,2019-07-13 01:47:31+00:00,0,Si deneras nos. Alludaramos unos a otros seria un mundo mucho. MeJor claro. Respetar unos a otros pero casi no nos podemos llebar bien:( 😔😔😔,"Francia: musulmanes, no gracias | Enfoque Europa",DW Español,2015-10-30 18:48:44+00:00,2015,inmigracion
GDYkHwzuuBY,@herodeselmaldito7301,2019-12-17 05:16:53+00:00,0,Y yo me pregunto ¿que tiene de malo la discriminación?,"Francia: musulmanes, no gracias | Enfoque Europa",DW Español,2015-10-30 18:48:44+00:00,2015,inmigracion
GDYkHwzuuBY,@JoseMartinez-yt3dq,2021-08-29 15:47:43+00:00,6,"¿Pero qué entienden por racismo? Si los terroristas atacan occidente se tendrá que defender eso no es racismo, los terroristas islámicos son una minoría pero ¿ como te defiendes? Cerrando las fronteras","Francia: musulmanes, no gracias | Enfoque Europa",DW Español,2015-10-30 18:48:44+00:00,2015,inmigracion
GDYkHwzuuBY,@anismi79,2019-07-06 02:59:45+00:00,3,Volvete para argelia pues,"Francia: musulmanes, no gracias | Enfoque Europa",DW Español,2015-10-30 18:48:44+00:00,2015,inmigracion
GDYkHwzuuBY,@shider-ny1dg,2019-06-21 02:54:42+00:00,10,"Los musulmanes podrían ir a emiratos árabes unidos, qatar, iran, kuwait o a turquía.

Por que van a países occidentales en masa sin adaptarse?

La agenda política es clara.","Francia: musulmanes, no gracias | Enfoque Europa",DW Español,2015-10-30 18:48:44+00:00,2015,inmigracion
GDYkHwzuuBY,@Pepinillo21,2024-05-19 23:43:59+00:00,0,“Decian”,"Francia: musulmanes, no gracias | Enfoque Europa",DW Español,2015-10-30 18:48:44+00:00,2015,inmigracion
GDYkHwzuuBY,@trenes517,2018-12-12 16:40:29+00:00,1,y bien que hace.,"Francia: musulmanes, no gracias | Enfoque Europa",DW Español,2015-10-30 18:48:44+00:00,2015,inmigracion
GDYkHwzuuBY,@JcFoxCrew,2025-07-30 14:33:23+00:00,3,"Y POR QUÉ LOS MUSULMANES NO MIGRAN A ARABIA SAUDI, EAU, QATAR? SEA HAN PREGUNTADO ESO ??????","Francia: musulmanes, no gracias | Enfoque Europa",DW Español,2015-10-30 18:48:44+00:00,2015,inmigracion
GDYkHwzuuBY,@giselagc2549,2021-03-20 22:56:05+00:00,3,Sólo hay que leer los comentarios para ver el rechazo que producen. Nadie los quiere,"Francia: musulmanes, no gracias | Enfoque Europa",DW Español,2015-10-30 18:48:44+00:00,2015,inmigracion
GDYkHwzuuBY,@levistgoVEVO,2019-05-31 22:42:35+00:00,13,Europa es Cristiano . Apoyo a  el alcalde,"Francia: musulmanes, no gracias | Enfoque Europa",DW Español,2015-10-30 18:48:44+00:00,2015,inmigracion
GDYkHwzuuBY,@juampablo22,2020-04-13 03:51:20+00:00,2,"yo soy chileno y si me fuera a europa, iria a estudiar, trabajar y adaptarme al pais, incluso iria a las iglesias cristianas, estas mierdas van a exigir lo q no les corresponde, yo no se como los europeos pueden aguantar tanto, aunque en Chile nos paso al parecido con la inmigracion pero creo q a una escala menor","Francia: musulmanes, no gracias | Enfoque Europa",DW Español,2015-10-30 18:48:44+00:00,2015,inmigracion
GDYkHwzuuBY,@williancutipahuarayo7222,2020-10-08 23:53:37+00:00,2,"LAS RELIGIONES  DIVIDEN Ñ SER HUMANO 
DEBEMOS VIVIR EN RESPETO Y AMOR. SIN RELIGIONES","Francia: musulmanes, no gracias | Enfoque Europa",DW Español,2015-10-30 18:48:44+00:00,2015,inmigracion
GDYkHwzuuBY,@LazloAlmasy-m9n,2023-12-24 18:49:27+00:00,3,Bravo por este hombre,"Francia: musulmanes, no gracias | Enfoque Europa",DW Español,2015-10-30 18:48:44+00:00,2015,inmigracion
GDYkHwzuuBY,@eduardoaguilar3693,2016-01-27 22:49:15+00:00,9,muy bien dios lo bendiga y tenga exito,"Francia: musulmanes, no gracias | Enfoque Europa",DW Español,2015-10-30 18:48:44+00:00,2015,inmigracion
GDYkHwzuuBY,@rosea.1736,2019-07-08 16:36:51+00:00,6,"Qué raro el canal alemán DW, defendiendo la musulmanización de Europa y dejando mal a los cristianos.","Francia: musulmanes, no gracias | Enfoque Europa",DW Español,2015-10-30 18:48:44+00:00,2015,inmigracion
GDYkHwzuuBY,@ArtigasGarcia-j3h,2024-07-06 01:18:32+00:00,3,Ustedes dejaron entrar a Musulmanes y saben quiénes son yo soy un Ex Policía Valdense Mismo,"Francia: musulmanes, no gracias | Enfoque Europa",DW Español,2015-10-30 18:48:44+00:00,2015,inmigracion
GDYkHwzuuBY,@mariuxianchundia7766,2022-04-24 05:17:56+00:00,1,Apoyo total para el alcalde. Saludos desde Ecuador,"Francia: musulmanes, no gracias | Enfoque Europa",DW Español,2015-10-30 18:48:44+00:00,2015,inmigracion
GDYkHwzuuBY,@chijoLZ,2024-01-15 12:02:34+00:00,2,Que mal a envejecido este video,"Francia: musulmanes, no gracias | Enfoque Europa",DW Español,2015-10-30 18:48:44+00:00,2015,inmigracion
GDYkHwzuuBY,@mateosantiago,2020-10-29 13:49:47+00:00,3,"Las comunidades musulmanas se quejan de racismo e intolerancia, pero ¿Qué han hecho y cómo han actuado los musulmanes para ganarse ese respeto y consideración que tanto demandan?

La islamofobia tiene un fundamento totalmente concreto y objetivo; los musulmanes han actuado de forma intolerante ante otras formas de vidas y sin embargo ellos hablan de ser victimas de racismo e intolerancia cuando son ellos los primeros en mantener una actitud de intolerancia frente a otros credos y culturas. ¿Qué moral tienen los musulmanes para hablar de islamofobia cuando ellos han mostrado, desde siempre, odio y fobia contra todas las culturas que no sean musulmanas?

Por ultimo; con que facilidad los sectores progresistas usan la palabra ""racismo"" para calificar a aquellos que critican al Islam. Pero.., ¿Desde cuando el islam se convirtió en un atributo racial?","Francia: musulmanes, no gracias | Enfoque Europa",DW Español,2015-10-30 18:48:44+00:00,2015,inmigracion
GDYkHwzuuBY,@axelpaff3306,2021-03-06 05:07:31+00:00,3,"Los Musulmanes quieren imponer su cultura a los paises donde van , no se adaptan ellos a la cultura del pais anfitrion","Francia: musulmanes, no gracias | Enfoque Europa",DW Español,2015-10-30 18:48:44+00:00,2015,inmigracion
GDYkHwzuuBY,@MarA-te5jc,2021-06-08 17:05:42+00:00,4,Han arruinado la cultura francesa,"Francia: musulmanes, no gracias | Enfoque Europa",DW Español,2015-10-30 18:48:44+00:00,2015,inmigracion
GDYkHwzuuBY,@lopezlirio4004,2026-04-28 00:15:52+00:00,1,"mira como esta Francia ahora, mi España en unos 20 años esta igual de podrida 🥲","Francia: musulmanes, no gracias | Enfoque Europa",DW Español,2015-10-30 18:48:44+00:00,2015,inmigracion
GDYkHwzuuBY,@juanchotalarga9098,2026-03-23 14:59:09+00:00,2,"Quizás Europa está sufriendo el Karma no tan instantáneo por años de colonización, violencia y saqueos.","Francia: musulmanes, no gracias | Enfoque Europa",DW Español,2015-10-30 18:48:44+00:00,2015,inmigracion
GDYkHwzuuBY,@JoséAntonioAlvarezRodrigue-u4v,2025-03-18 16:03:30+00:00,3,El Islam fuera de Europa.,"Francia: musulmanes, no gracias | Enfoque Europa",DW Español,2015-10-30 18:48:44+00:00,2015,inmigracion
GDYkHwzuuBY,@franklinalvarez9333,2022-10-24 21:08:40+00:00,3,"En Francia se practica el MUSULMÁN ,
pero en un país musulmán no se practica el cristianismo
 (NO HAY RECIPROCIDAD ) ,que se vayan los musulmanes.","Francia: musulmanes, no gracias | Enfoque Europa",DW Español,2015-10-30 18:48:44+00:00,2015,inmigracion
GDYkHwzuuBY,@masdeltaribo,2021-08-30 23:07:29+00:00,4,"Si no se sienten bien alli siempre pueden ir a Arabia saudita,alli sus hermanos los acogeran con las manos abiertas.","Francia: musulmanes, no gracias | Enfoque Europa",DW Español,2015-10-30 18:48:44+00:00,2015,inmigracion
GDYkHwzuuBY,@yolandasalidocastellanos1945,2019-01-02 14:17:25+00:00,2,Todo tiene un límite y Europa hace tiempo que se sobrepasó porque no van a Rusia o CUBA o así no todos aquí porque? Muy sencillo se llama ayudas sociales,"Francia: musulmanes, no gracias | Enfoque Europa",DW Español,2015-10-30 18:48:44+00:00,2015,inmigracion
GDYkHwzuuBY,@genoarredondo9075,2019-06-25 14:46:54+00:00,0,"Porque cada vez nos estamos poniendo límites, porque no hay paz en este mundo!!!!","Francia: musulmanes, no gracias | Enfoque Europa",DW Español,2015-10-30 18:48:44+00:00,2015,inmigracion
GDYkHwzuuBY,@gonzaloraulrodriguezlanda8584,2022-03-03 11:42:31+00:00,4,Musulmanes a sus paises,"Francia: musulmanes, no gracias | Enfoque Europa",DW Español,2015-10-30 18:48:44+00:00,2015,inmigracion
GDYkHwzuuBY,@elromaticoshow9326,2019-01-11 21:28:30+00:00,18,Jesús es la verdad el camino y la vida,"Francia: musulmanes, no gracias | Enfoque Europa",DW Español,2015-10-30 18:48:44+00:00,2015,inmigracion
GDYkHwzuuBY,@09mamer,2021-07-19 17:00:33+00:00,4,Ese alcalde es genial,"Francia: musulmanes, no gracias | Enfoque Europa",DW Español,2015-10-30 18:48:44+00:00,2015,inmigracion
GDYkHwzuuBY,@srodevodka,2024-07-10 09:08:47+00:00,1,Mensaje racista o realista?,"Francia: musulmanes, no gracias | Enfoque Europa",DW Español,2015-10-30 18:48:44+00:00,2015,inmigracion
GDYkHwzuuBY,@eduardoferiv2834,2019-06-13 02:28:03+00:00,1,Que tiene de malo ayudarse entre cristianos?,"Francia: musulmanes, no gracias | Enfoque Europa",DW Español,2015-10-30 18:48:44+00:00,2015,inmigracion
GDYkHwzuuBY,@monke6377,2021-08-23 22:30:43+00:00,6,No al islam,"Francia: musulmanes, no gracias | Enfoque Europa",DW Español,2015-10-30 18:48:44+00:00,2015,inmigracion
GDYkHwzuuBY,@Waleram1,2021-07-25 09:03:12+00:00,5,"En el Islam ni hay refugiados, ni emigración ilegal, ni multiculturalismo. Seamos recíprocos.","Francia: musulmanes, no gracias | Enfoque Europa",DW Español,2015-10-30 18:48:44+00:00,2015,inmigracion
GDYkHwzuuBY,@Vallejito54,2021-07-16 06:14:30+00:00,5,"Apoyo a ese Alcalde, los cristianos no son conflictivos ni jamás provocarán una ""guerra santa""","Francia: musulmanes, no gracias | Enfoque Europa",DW Español,2015-10-30 18:48:44+00:00,2015,inmigracion
GDYkHwzuuBY,@matiasdelgado7011,2021-09-27 20:11:44+00:00,1,"Me gustaría que los musulmanes pudieran entender que todas las religiones son importantes, específicamente muchas enseñan amor y respeto entre hombres y la naturaleza, como el Shinto y el Budismo. Sería bueno que pudieran sacar de sus mentes esa visión peyorativa de los demás credos y culturas.","Francia: musulmanes, no gracias | Enfoque Europa",DW Español,2015-10-30 18:48:44+00:00,2015,inmigracion
GDYkHwzuuBY,@HDV21,2022-12-19 12:07:41+00:00,1,Es proteger la cultura,"Francia: musulmanes, no gracias | Enfoque Europa",DW Español,2015-10-30 18:48:44+00:00,2015,inmigracion
GDYkHwzuuBY,@jorgerivasturmero2090,2021-08-18 22:42:22+00:00,6,"Ja, ja si son tan humillados regresen a su país Argelia y vivan bajo sus leyes y su Corán.","Francia: musulmanes, no gracias | Enfoque Europa",DW Español,2015-10-30 18:48:44+00:00,2015,inmigracion
GDYkHwzuuBY,@RAB-dd8xi,2019-07-06 15:10:57+00:00,3,"Totalmente deacuerdo.
Cristianos 👍
Musulmanes 👎","Francia: musulmanes, no gracias | Enfoque Europa",DW Español,2015-10-30 18:48:44+00:00,2015,inmigracion
GDYkHwzuuBY,@carlosferreira1298,2019-07-16 02:09:02+00:00,4,Os guste o no. El estado puede ser laico... pero FRANCIA ES CATÓLICA!!!!,"Francia: musulmanes, no gracias | Enfoque Europa",DW Español,2015-10-30 18:48:44+00:00,2015,inmigracion
GDYkHwzuuBY,@eduardogutierrezcastillo2767,2025-04-14 01:45:11+00:00,2,Un hombre defendiendo su nación y su cultura,"Francia: musulmanes, no gracias | Enfoque Europa",DW Español,2015-10-30 18:48:44+00:00,2015,inmigracion
GDYkHwzuuBY,@either5162,2020-11-20 17:42:15+00:00,1,"aqui en Canarias  estamos hasta los topes, no vienen turismo por el coronavirus y tal pero.... Da la casualidad que estamos a tope de refugiados, inmigrantes o como se llamen alojados en hoteles turísticos no se me huele a falacia","Francia: musulmanes, no gracias | Enfoque Europa",DW Español,2015-10-30 18:48:44+00:00,2015,inmigracion
GDYkHwzuuBY,@leovasquez6498,2021-02-11 07:37:45+00:00,3,Viva jesucristo,"Francia: musulmanes, no gracias | Enfoque Europa",DW Español,2015-10-30 18:48:44+00:00,2015,inmigracion
GDYkHwzuuBY,@victorangelbencosme8796,2021-09-04 18:24:38+00:00,4,"🤣🤣🤣""Consejala"" ¡ Que paletada ! 
Islam + Indues = Problemas
Islam + Judios = Problemas
Islam + Cristianos = Problemas
Islam + Islam = Mas Problemas","Francia: musulmanes, no gracias | Enfoque Europa",DW Español,2015-10-30 18:48:44+00:00,2015,inmigracion
GDYkHwzuuBY,@torstenkoplin6283,2023-11-13 14:32:43+00:00,1,Hace muy bien,"Francia: musulmanes, no gracias | Enfoque Europa",DW Español,2015-10-30 18:48:44+00:00,2015,inmigracion
GDYkHwzuuBY,@michelgarcia1273,2019-07-19 17:36:02+00:00,1,Ya me imagino a los Cristianos manifestándose en Países Musulmanes...,"Francia: musulmanes, no gracias | Enfoque Europa",DW Español,2015-10-30 18:48:44+00:00,2015,inmigracion
GDYkHwzuuBY,@luiscarlosv.s.9079,2019-07-23 22:24:22+00:00,1,No es racismo el defender tu cultura,"Francia: musulmanes, no gracias | Enfoque Europa",DW Español,2015-10-30 18:48:44+00:00,2015,inmigracion
GDYkHwzuuBY,@user-jl6vu2kf2g,2020-10-19 21:40:29+00:00,0,el sr dice que se volveria a Algeria? creo que desconoce la realidad de ese pais donde todos son ciudadanos de cuarta categoria,"Francia: musulmanes, no gracias | Enfoque Europa",DW Español,2015-10-30 18:48:44+00:00,2015,inmigracion
GDYkHwzuuBY,@miseriaclectiva2103,2020-11-21 04:01:20+00:00,0,Y ahora 2020 q opinan Los Franceses de Los musulmanes?,"Francia: musulmanes, no gracias | Enfoque Europa",DW Español,2015-10-30 18:48:44+00:00,2015,inmigracion
GDYkHwzuuBY,@sergiogcollado,2026-05-05 06:11:47+00:00,1,Porque los musulmanes se marchan de sus paises de origen?,"Francia: musulmanes, no gracias | Enfoque Europa",DW Español,2015-10-30 18:48:44+00:00,2015,inmigracion
GDYkHwzuuBY,@christian7788,2024-06-15 22:37:22+00:00,1,grande ese alcalde bien a proteger a sus ciudadanos primero,"Francia: musulmanes, no gracias | Enfoque Europa",DW Español,2015-10-30 18:48:44+00:00,2015,inmigracion
GDYkHwzuuBY,@mlc0877,2021-12-17 22:42:49+00:00,1,"Cuando una persona llega a un país tiene que adaptarse a la cultura del país que lo acoge,  no el país al individuo. Entre poco Europa va ser musulmana.","Francia: musulmanes, no gracias | Enfoque Europa",DW Español,2015-10-30 18:48:44+00:00,2015,inmigracion
GDYkHwzuuBY,@TheSurferbicho,2023-06-27 20:39:20+00:00,2,"Nótese el empeño de los medios en hacernos creer que la inmensa mayoría acepta y da palmadas con las orejas con el tema de la islamizacion de Europa. Hacen que el que piensa lo contrario crea realmente que forma parte de una minoria de incultos, radicsles, enfermos,  etc..y ademas es un ser muy despreciable y  que debe reconducir su opinion si o si y cueste lo que cueste si es precido renunciar a su cultura y costumbres nacionales... 

 Solo hay que ver los comentarios y los likes para darse cuenta de que ES REALMENTE LO CONTRARIO.","Francia: musulmanes, no gracias | Enfoque Europa",DW Español,2015-10-30 18:48:44+00:00,2015,inmigracion
GDYkHwzuuBY,@lizcm3824,2019-08-01 21:23:16+00:00,0,"Qué raro Deutsche Welle, en este video no desactivaste los comentarios  (mayormente racistas) y sin embargo en el video donde se habla sobre el nuevo ""racismo"" contra judíos  en Francia, ahí bloqueaste los comentarios. ¿Acaso no eres imparcial?","Francia: musulmanes, no gracias | Enfoque Europa",DW Español,2015-10-30 18:48:44+00:00,2015,inmigracion
GDYkHwzuuBY,@jadsjads8634,2020-11-16 14:01:27+00:00,2,Excelente alcalde,"Francia: musulmanes, no gracias | Enfoque Europa",DW Español,2015-10-30 18:48:44+00:00,2015,inmigracion
GDYkHwzuuBY,@jmbbao,2019-06-09 11:53:10+00:00,1,"1:40 ""ha logrado ascender con mucho trabajo"" Ja ja ja, con mucho trabajo dice, de un político... nos toma el pelo?","Francia: musulmanes, no gracias | Enfoque Europa",DW Español,2015-10-30 18:48:44+00:00,2015,inmigracion
GDYkHwzuuBY,@m.d.a.d.2086,2023-11-27 20:47:23+00:00,0,Dicelo ahora xD,"Francia: musulmanes, no gracias | Enfoque Europa",DW Español,2015-10-30 18:48:44+00:00,2015,inmigracion
GDYkHwzuuBY,@ruk5497,2024-07-10 00:15:47+00:00,1,Me acaban de tirar un comentario segun youtube por invitacion al odio...solo mencione la.verdad d.,"Francia: musulmanes, no gracias | Enfoque Europa",DW Español,2015-10-30 18:48:44+00:00,2015,inmigracion
GDYkHwzuuBY,@either5162,2020-11-20 17:36:02+00:00,0,Heroe,"Francia: musulmanes, no gracias | Enfoque Europa",DW Español,2015-10-30 18:48:44+00:00,2015,inmigracion
GDYkHwzuuBY,@amircael69,2021-10-26 23:57:03+00:00,0,"no es intolerancia, es un exceso! No mas de este gente!","Francia: musulmanes, no gracias | Enfoque Europa",DW Español,2015-10-30 18:48:44+00:00,2015,inmigracion
GDYkHwzuuBY,@Biig_Fan,2021-06-16 08:48:31+00:00,0,*Samia Jaber*  esa mujer es digna de admiración,"Francia: musulmanes, no gracias | Enfoque Europa",DW Español,2015-10-30 18:48:44+00:00,2015,inmigracion
GDYkHwzuuBY,@jaimefdzavila4303,2022-05-20 18:30:13+00:00,0,"Me gustaría darles a conocer el canal de YouTube de Olga Tarnovska (lleva su mismo nombre y ella habla español), periodista y profesora que vive cerca de Kiev,  Ucrania, desde donde nos cuenta casi a diario los acontecimientos de la invasión de Ucrania. Lo hace de una forma viva y veraz con la esperanza de dar moral a los que quieren ser libres y dejar en evidencia a los invasores ayudando así a Ganar. 
Muchas gracias","Francia: musulmanes, no gracias | Enfoque Europa",DW Español,2015-10-30 18:48:44+00:00,2015,inmigracion
GDYkHwzuuBY,@alelh206,2019-08-12 15:42:12+00:00,1,Q viva la paz el amor,"Francia: musulmanes, no gracias | Enfoque Europa",DW Español,2015-10-30 18:48:44+00:00,2015,inmigracion
GDYkHwzuuBY,@fabianlibardomartinezherre8794,2025-03-30 16:57:45+00:00,1,"Solo les dijo una cosa a los franceses , recuerden a juanita de arco 🤷🏿‍♂️🤷🏿‍♂️","Francia: musulmanes, no gracias | Enfoque Europa",DW Español,2015-10-30 18:48:44+00:00,2015,inmigracion
GDYkHwzuuBY,@patriciorodriguez6019,2020-11-02 08:15:54+00:00,1,veinte años y en notre dame se levantara una mezquita,"Francia: musulmanes, no gracias | Enfoque Europa",DW Español,2015-10-30 18:48:44+00:00,2015,inmigracion
GDYkHwzuuBY,@MrYurimaguino,2020-11-25 18:33:00+00:00,0,Hacen bien antes que sean mayoria,"Francia: musulmanes, no gracias | Enfoque Europa",DW Español,2015-10-30 18:48:44+00:00,2015,inmigracion
GDYkHwzuuBY,@manuelangel4102,2022-09-12 23:49:44+00:00,1,"Por favor, que a estas alturas estemos hablando de musulmanes, cristianos o de cualquier otra religión,  como un problema público, es lamentable, las creencias de cada cual son todas iguales y deben permanecer al ámbito personal y por lo tanto, se han de alejar de toda institución pública,  a ver si vamos a pasar de quitar las cruces a ponernos velos !!!","Francia: musulmanes, no gracias | Enfoque Europa",DW Español,2015-10-30 18:48:44+00:00,2015,inmigracion
GDYkHwzuuBY,@mcp779,2019-07-06 17:08:13+00:00,1,Buen alcalde,"Francia: musulmanes, no gracias | Enfoque Europa",DW Español,2015-10-30 18:48:44+00:00,2015,inmigracion
GDYkHwzuuBY,@davidanguloacosta3540,2020-07-21 21:35:17+00:00,2,EL Islam se quedó en la edad media. Esa gente está mas adoctrinada que mi labrador.,"Francia: musulmanes, no gracias | Enfoque Europa",DW Español,2015-10-30 18:48:44+00:00,2015,inmigracion
GDYkHwzuuBY,@santosgcruz,2020-02-10 14:19:50+00:00,1,de acuerdo con el alcalde,"Francia: musulmanes, no gracias | Enfoque Europa",DW Español,2015-10-30 18:48:44+00:00,2015,inmigracion
GDYkHwzuuBY,@thomasschenk6163,2019-07-05 23:28:05+00:00,1,Tienen razón al no musulmanes.,"Francia: musulmanes, no gracias | Enfoque Europa",DW Español,2015-10-30 18:48:44+00:00,2015,inmigracion
GDYkHwzuuBY,@molinaargudofernandoantoni1522,2023-11-27 18:47:18+00:00,1,Totalmente de acuerdo con el alcalde.,"Francia: musulmanes, no gracias | Enfoque Europa",DW Español,2015-10-30 18:48:44+00:00,2015,inmigracion
GDYkHwzuuBY,@freynervelasco3861,2023-07-03 18:25:10+00:00,1,Cuando la gente se arte la sangre va a correr,"Francia: musulmanes, no gracias | Enfoque Europa",DW Español,2015-10-30 18:48:44+00:00,2015,inmigracion
GDYkHwzuuBY,@esmeraldamontoyaycarlos705,2019-07-29 14:51:12+00:00,0,"Libertad, igualdad, fraternidad. Parece que esta afirmación de la revolución francesa no les suena.","Francia: musulmanes, no gracias | Enfoque Europa",DW Español,2015-10-30 18:48:44+00:00,2015,inmigracion
GDYkHwzuuBY,@dma_cba4325,2025-12-29 14:53:37+00:00,0,"Mirando este video en 2025😢
Ahora esta plagado de musulmanes Francia","Francia: musulmanes, no gracias | Enfoque Europa",DW Español,2015-10-30 18:48:44+00:00,2015,inmigracion
GDYkHwzuuBY,@Jesus-yc3wv,2023-03-26 06:39:37+00:00,0,Tienen razón no se siente igual que un compatriota haga una maldad a que la haga un extranjero de otra religión hasta más coraje da,"Francia: musulmanes, no gracias | Enfoque Europa",DW Español,2015-10-30 18:48:44+00:00,2015,inmigracion
GDYkHwzuuBY,@ikkicaceres,2019-12-07 14:44:34+00:00,0,Excelente decisión del alcalde,"Francia: musulmanes, no gracias | Enfoque Europa",DW Español,2015-10-30 18:48:44+00:00,2015,inmigracion
GDYkHwzuuBY,@pilardossantos9703,2024-03-14 19:43:36+00:00,0,Que gran alcande🙏Es totalmente ilícito que quiere mirar antes por sus hermanos Cristianos. Ojalá en todos los países de Europa hicieran lo mismo.,"Francia: musulmanes, no gracias | Enfoque Europa",DW Español,2015-10-30 18:48:44+00:00,2015,inmigracion
GDYkHwzuuBY,@fernan5390,2020-04-23 22:42:17+00:00,1,"pues si, por que no van a paises musulmanes?","Francia: musulmanes, no gracias | Enfoque Europa",DW Español,2015-10-30 18:48:44+00:00,2015,inmigracion
GDYkHwzuuBY,@axielitas,2019-06-02 11:04:50+00:00,2,es lo justo cristianos si lo mulsumanes no,"Francia: musulmanes, no gracias | Enfoque Europa",DW Español,2015-10-30 18:48:44+00:00,2015,inmigracion
GDYkHwzuuBY,@rolandovanegas287,2025-11-18 23:43:34+00:00,0,"Ver este video diez años después, y además emitido por un canal como DW que ha respaldado estas ideas desde hace más de una década, deja en evidencia cómo Europa terminó completamente condicionada por estas políticas. Ahora, en 2025, se pueden ver claramente sus consecuencias en muchos países europeos todos estan invadidos y todos enfrentan situaciones complejas de una guerra civil proxima.  Mientras DW continúa apoyando esa misma línea.","Francia: musulmanes, no gracias | Enfoque Europa",DW Español,2015-10-30 18:48:44+00:00,2015,inmigracion
GDYkHwzuuBY,@urieldariosanchezs5292,2020-07-06 02:54:39+00:00,1,"El mundo: franceses, NO GRACIAS...!!!","Francia: musulmanes, no gracias | Enfoque Europa",DW Español,2015-10-30 18:48:44+00:00,2015,inmigracion
GDYkHwzuuBY,@IsidroALuis,2019-01-19 22:13:54+00:00,0,¡donde diablos estan las asociasiones feminista! ¡ que tanto han luchado para conseguir sus derechos !,"Francia: musulmanes, no gracias | Enfoque Europa",DW Español,2015-10-30 18:48:44+00:00,2015,inmigracion
GDYkHwzuuBY,@teresabuergos1561,2023-11-02 01:58:49+00:00,2,"""Volver a esa tradición ""  la tradición árabe es ocupar parte de Europa por cerca de 800 años 😂😂, pero en serios europa esta en decadencia por políticas que solo castiga a su pueblo que levantó a ese continente que aporto tanta cultura y buenas costumbres. Pero los medio tiene ahora como cenofoba a europa con tantos inmigrantes que hay en sus territorios.😢😢","Francia: musulmanes, no gracias | Enfoque Europa",DW Español,2015-10-30 18:48:44+00:00,2015,inmigracion
GDYkHwzuuBY,@anaangeles2315,2021-09-21 13:40:20+00:00,1,Si esta descriminando este alcalde el islam es Una religión y no se cambiará eso con adaptarse a un lugar sencillamente el musulman ama a su fe su vestimenta su devoción y no solo en Europa en todo el mundo y cada ves más hay más aceptando esta fe soy viva el islam ♥️🇻🇪,"Francia: musulmanes, no gracias | Enfoque Europa",DW Español,2015-10-30 18:48:44+00:00,2015,inmigracion
GDYkHwzuuBY,@somerandomguy4281,2023-11-27 23:03:51+00:00,1,Carlos Martel se debe estar revolcando en su tumba.,"Francia: musulmanes, no gracias | Enfoque Europa",DW Español,2015-10-30 18:48:44+00:00,2015,inmigracion
GDYkHwzuuBY,@kevinvinueza,2022-05-04 21:45:32+00:00,0,"Hay movimientos religiosos, que creen tener la verdad absoluta quieren llegar y que todos adopten sus creencias.","Francia: musulmanes, no gracias | Enfoque Europa",DW Español,2015-10-30 18:48:44+00:00,2015,inmigracion
GDYkHwzuuBY,@qwertyuiop13athandle,2023-08-24 07:25:59+00:00,1,Muy bien ese hombre con carácter.,"Francia: musulmanes, no gracias | Enfoque Europa",DW Español,2015-10-30 18:48:44+00:00,2015,inmigracion
GDYkHwzuuBY,@segismundoanastasioperianc9153,2021-09-01 11:24:09+00:00,0,"Vamos camino a Eurabia, tal como predijo hace muchos años la periodista italiana Oriana Fallaci.","Francia: musulmanes, no gracias | Enfoque Europa",DW Español,2015-10-30 18:48:44+00:00,2015,inmigracion
GDYkHwzuuBY,@PuntoCeroYT,2023-10-16 20:54:35+00:00,1,El tiempo le está dando la razón a ese alcalde.,"Francia: musulmanes, no gracias | Enfoque Europa",DW Español,2015-10-30 18:48:44+00:00,2015,inmigracion
GDYkHwzuuBY,@paleoliticoneolitico3859,2020-12-17 14:23:40+00:00,0,Jajajajaja a Francia solo le falta un presidente islámico,"Francia: musulmanes, no gracias | Enfoque Europa",DW Español,2015-10-30 18:48:44+00:00,2015,inmigracion
GDYkHwzuuBY,@cocinafacilparaprincipiant487,2024-09-20 15:23:32+00:00,0,Gracias hay que orar por estas personas que ayudan a los cristianos todos buscamos una vida en paz y venimos de un mismo Dios pero también se le tiene que abrir las puertas a los cristianos así como se les ha abierto las puertas a los musulmanes .,"Francia: musulmanes, no gracias | Enfoque Europa",DW Español,2015-10-30 18:48:44+00:00,2015,inmigracion
GDYkHwzuuBY,@thdezf,2020-02-29 16:49:08+00:00,2,Pero qué vergüenza de comentarios ...,"Francia: musulmanes, no gracias | Enfoque Europa",DW Español,2015-10-30 18:48:44+00:00,2015,inmigracion
GDYkHwzuuBY,@adorolatv17,2025-10-03 01:44:12+00:00,2,"si son agresivos, se ponen exigentes con sus derechos, pero quieren imponer sus costumbres, encima se victimizan","Francia: musulmanes, no gracias | Enfoque Europa",DW Español,2015-10-30 18:48:44+00:00,2015,inmigracion
GDYkHwzuuBY,@eugeniogutierrezarteaga5461,2023-10-03 18:42:40+00:00,1,"O te adaptas, o te largas.","Francia: musulmanes, no gracias | Enfoque Europa",DW Español,2015-10-30 18:48:44+00:00,2015,inmigracion
GDYkHwzuuBY,@MaríadelosAngelesAguilarChávez,2025-07-11 04:16:16+00:00,1,Ellos solitos se buscan que los insulten y que los odien por todos los insultos y agresiones que hacen a los cristianos El respeto se gana no se da solo así porque sí,"Francia: musulmanes, no gracias | Enfoque Europa",DW Español,2015-10-30 18:48:44+00:00,2015,inmigracion
GDYkHwzuuBY,@joshuarojasespinoza7682,2024-08-21 14:37:16+00:00,2,Deben largarse.,"Francia: musulmanes, no gracias | Enfoque Europa",DW Español,2015-10-30 18:48:44+00:00,2015,inmigracion
GDYkHwzuuBY,@robynfenty9899,2022-04-15 12:05:00+00:00,1,Q pasaria si Cristianos vamos a paises musulmanes y pedimos iglesias etc etc ellos nunca van a querer ps es lo mismo respeto para lo que respeten,"Francia: musulmanes, no gracias | Enfoque Europa",DW Español,2015-10-30 18:48:44+00:00,2015,inmigracion
GDYkHwzuuBY,@666vampire1999,2024-03-19 03:29:56+00:00,1,no te pueden obligar a meter a cualquier a tu casa,"Francia: musulmanes, no gracias | Enfoque Europa",DW Español,2015-10-30 18:48:44+00:00,2015,inmigracion
GDYkHwzuuBY,@cy0574,2021-10-12 21:41:40+00:00,2,"El problema no son los musulmanes , en cualquier parte del mundo son bien recibidos si vienen a trabajar ,pagar impuestos ,honrar  y ser agradecidos con el país que lo acoge . En varios países  ,han llegado muchos musulmanes que no han  llegado para integrarse sino imponer creencias ,costumbres de las que se presumía huían y han sido subvencionados sin lograr integrarse,independizarse y honrar al país ,claro ejemplo en Francia donde varios artistas musulmanes son libres de insultar , despotricar por el país y sus símbolos patrios como el himno de Francia que es denigrado en sus manifestaciones artísticas.","Francia: musulmanes, no gracias | Enfoque Europa",DW Español,2015-10-30 18:48:44+00:00,2015,inmigracion
GDYkHwzuuBY,@chulobombastic,2023-09-21 01:07:26+00:00,2,*Son musulmanes y son franceses. Muy bien.*,"Francia: musulmanes, no gracias | Enfoque Europa",DW Español,2015-10-30 18:48:44+00:00,2015,inmigracion
GDYkHwzuuBY,@gustavoalvezdiniz3775,2019-06-29 02:53:20+00:00,0,"Francia de Francia cada país debería luchar x sus ciudadanos, en esté siglo todavía siguen pasando q malos gobernantes de Siria Venezuela y países de África q mueven miles!! No uno pocos","Francia: musulmanes, no gracias | Enfoque Europa",DW Español,2015-10-30 18:48:44+00:00,2015,inmigracion
GDYkHwzuuBY,@sebastianm6202,2021-06-25 22:06:09+00:00,0,"Muy mal DW, Francia puede dejar entrar a quien quiera (aunque se dieron cuenta muy tarde) y obvio que los cristianos van a preferir ayudar a los cristianos, ¿pq es estado de Chile solo ayuda a Chilenos? ese es el nivel de su logica.","Francia: musulmanes, no gracias | Enfoque Europa",DW Español,2015-10-30 18:48:44+00:00,2015,inmigracion
GDYkHwzuuBY,@joseantonio-ci7sr,2019-07-06 15:48:58+00:00,0,No gracias,"Francia: musulmanes, no gracias | Enfoque Europa",DW Español,2015-10-30 18:48:44+00:00,2015,inmigracion
GDYkHwzuuBY,@tamarab.7151,2020-08-04 17:50:30+00:00,0,y en inglaterra reciben musulmanes y en alemania?,"Francia: musulmanes, no gracias | Enfoque Europa",DW Español,2015-10-30 18:48:44+00:00,2015,inmigracion
GDYkHwzuuBY,@OrigamiGamigami,2025-02-04 15:17:08+00:00,0,De que sirve si siguen llegando,"Francia: musulmanes, no gracias | Enfoque Europa",DW Español,2015-10-30 18:48:44+00:00,2015,inmigracion
GDYkHwzuuBY,@mariadubiriencastanopatin9363,2019-05-11 16:46:57+00:00,0,Me late que es tarde para los franceses oh la la,"Francia: musulmanes, no gracias | Enfoque Europa",DW Español,2015-10-30 18:48:44+00:00,2015,inmigracion
GDYkHwzuuBY,@jorgeg162,2025-04-06 15:09:52+00:00,0,Se requiere una nueva cruzada,"Francia: musulmanes, no gracias | Enfoque Europa",DW Español,2015-10-30 18:48:44+00:00,2015,inmigracion
GDYkHwzuuBY,@Marinzapata-lk7oj,2025-02-21 15:38:30+00:00,0,Pobre hombre para alguien que tiene valor,"Francia: musulmanes, no gracias | Enfoque Europa",DW Español,2015-10-30 18:48:44+00:00,2015,inmigracion
GDYkHwzuuBY,@eduardo-f9m6u,2020-10-19 02:13:05+00:00,0,"""El tono racista de Meslot"", lo dice un periodista, DW Español tiene su corazoncito progre o ese periodista no tiene la mejor comprensión lectora.","Francia: musulmanes, no gracias | Enfoque Europa",DW Español,2015-10-30 18:48:44+00:00,2015,inmigracion
GDYkHwzuuBY,@sebasttianmusique,2023-01-30 01:28:49+00:00,1,"Me pregunto si en la gran mayoría de los países musulmanes, por no decir en todos no persiguen y discriminan a cristianos y judíos. 
No es cuestión de islamofobia o racismo, es que el islam es incompatible con los valores de occidente, y la gran mayoría de estas personas no están dispuestas a adaptarse al país que llegan.","Francia: musulmanes, no gracias | Enfoque Europa",DW Español,2015-10-30 18:48:44+00:00,2015,inmigracion
GDYkHwzuuBY,@RA-br2bz,2022-05-23 17:20:26+00:00,1,Pero es que muchos musulmanes se buscan que sean racistas contra ellos.,"Francia: musulmanes, no gracias | Enfoque Europa",DW Español,2015-10-30 18:48:44+00:00,2015,inmigracion
GDYkHwzuuBY,@circusaragonartofficial,2023-10-30 19:24:04+00:00,1,"No es racismo, ellos son los racistas","Francia: musulmanes, no gracias | Enfoque Europa",DW Español,2015-10-30 18:48:44+00:00,2015,inmigracion
GDYkHwzuuBY,@Jufu25319,2019-07-21 14:21:48+00:00,2,Sí no les gusta que se vayan,"Francia: musulmanes, no gracias | Enfoque Europa",DW Español,2015-10-30 18:48:44+00:00,2015,inmigracion
GDYkHwzuuBY,@jachis69,2020-10-27 05:13:37+00:00,0,Excelente alcalde,"Francia: musulmanes, no gracias | Enfoque Europa",DW Español,2015-10-30 18:48:44+00:00,2015,inmigracion
GDYkHwzuuBY,@lucasnicolasalcaraz4087,2023-07-07 21:21:09+00:00,1,Rebelión en Francia y Europa,"Francia: musulmanes, no gracias | Enfoque Europa",DW Español,2015-10-30 18:48:44+00:00,2015,inmigracion
GDYkHwzuuBY,@carmengonzalez7664,2019-08-17 07:37:25+00:00,1,"No es lo que opina la socialista .
Si hace que la población decida )","Francia: musulmanes, no gracias | Enfoque Europa",DW Español,2015-10-30 18:48:44+00:00,2015,inmigracion
GDYkHwzuuBY,@ignaciopinto4317,2022-04-21 11:28:44+00:00,1,A LLA HU  A K BAR,"Francia: musulmanes, no gracias | Enfoque Europa",DW Español,2015-10-30 18:48:44+00:00,2015,inmigracion
GDYkHwzuuBY,@lenonleon8454,2019-06-13 15:54:35+00:00,0,DW vean los comentarios y aprendan,"Francia: musulmanes, no gracias | Enfoque Europa",DW Español,2015-10-30 18:48:44+00:00,2015,inmigracion
GDYkHwzuuBY,@edith1977,2021-08-31 00:36:34+00:00,0,"Ayyyyyy Dios, Ala, Pachama, Yave, etc..... Damos tu gracia para amar y ayudar al projimo.","Francia: musulmanes, no gracias | Enfoque Europa",DW Español,2015-10-30 18:48:44+00:00,2015,inmigracion
GDYkHwzuuBY,@charlybaez157,2022-12-24 16:28:29+00:00,1,Con Hitler esto no pasaba,"Francia: musulmanes, no gracias | Enfoque Europa",DW Español,2015-10-30 18:48:44+00:00,2015,inmigracion
GDYkHwzuuBY,@사랑해지민아,2021-06-17 08:39:35+00:00,0,"D
Spammers","Francia: musulmanes, no gracias | Enfoque Europa",DW Español,2015-10-30 18:48:44+00:00,2015,inmigracion
GDYkHwzuuBY,@rayna4741,2021-04-30 03:52:48+00:00,2,Muchos prejuicios e ignorancia en esta sección de comentarios,"Francia: musulmanes, no gracias | Enfoque Europa",DW Español,2015-10-30 18:48:44+00:00,2015,inmigracion
GDYkHwzuuBY,@abrahamruiz1977,2020-07-28 13:47:48+00:00,1,Bien por el alcalde,"Francia: musulmanes, no gracias | Enfoque Europa",DW Español,2015-10-30 18:48:44+00:00,2015,inmigracion
GDYkHwzuuBY,@uncitoyen_8614,2022-01-12 22:23:46+00:00,0,"El problema de los argelinos es que entienden que la independencia de Argelia fue un error pero no se atreven a admitirlo por lo que vienen a Francia por ""nostalgia"" del departamento de Argelia que fue uno de los países más prósperos de África antes de 1963.
Al contrario de lo que pueda decir la propaganda del gobierno argelino, la mayoría de los musulmanes tenían vidas más dignas que ahora.","Francia: musulmanes, no gracias | Enfoque Europa",DW Español,2015-10-30 18:48:44+00:00,2015,inmigracion
GDYkHwzuuBY,@bonne_nuit617,2023-10-29 19:17:23+00:00,1,2023 les cuento que se ha puesto peor.,"Francia: musulmanes, no gracias | Enfoque Europa",DW Español,2015-10-30 18:48:44+00:00,2015,inmigracion
GDYkHwzuuBY,@UnknownMvistashaceanos-ow9fh,2021-10-12 15:32:53+00:00,0,Saben q vivo en Francia y puedo opinar lo q quiera en mi escuela solo hay musulmanes y todos son buena onda  solo los profes son franceses y nos tratan muuuuy bien no como mierda de gente odiosa que comenta por comentar sin saber una mínima información,"Francia: musulmanes, no gracias | Enfoque Europa",DW Español,2015-10-30 18:48:44+00:00,2015,inmigracion
GDYkHwzuuBY,@MariaGarcia-pm8dg,2024-04-07 02:29:33+00:00,1,Los perseguidos son lis católicos,"Francia: musulmanes, no gracias | Enfoque Europa",DW Español,2015-10-30 18:48:44+00:00,2015,inmigracion
GDYkHwzuuBY,@sinnombre1582,2025-08-03 08:10:33+00:00,0,Que bien que hizo este hombre,"Francia: musulmanes, no gracias | Enfoque Europa",DW Español,2015-10-30 18:48:44+00:00,2015,inmigracion
GDYkHwzuuBY,@venusab687,2024-08-06 10:54:24+00:00,2,Tomen nota los países latinoamericanos que apoyan hoy a Hamas. Esto es lo que se les viene.,"Francia: musulmanes, no gracias | Enfoque Europa",DW Español,2015-10-30 18:48:44+00:00,2015,inmigracion
GDYkHwzuuBY,@marseillevalencia,2024-05-21 18:03:48+00:00,1,Estamos hartos.,"Francia: musulmanes, no gracias | Enfoque Europa",DW Español,2015-10-30 18:48:44+00:00,2015,inmigracion
GDYkHwzuuBY,@pablucardthelastknight1608,2024-01-21 09:14:27+00:00,1,Defender su país es su deber olé el Alcalde,"Francia: musulmanes, no gracias | Enfoque Europa",DW Español,2015-10-30 18:48:44+00:00,2015,inmigracion
GDYkHwzuuBY,@felipetovaralvarez5240,2019-08-05 16:53:47+00:00,2,Tienen derecho a decirles NO a los que no comparten sus raíces Cristianas q de malo hay,"Francia: musulmanes, no gracias | Enfoque Europa",DW Español,2015-10-30 18:48:44+00:00,2015,inmigracion
GDYkHwzuuBY,@retuture6689,2019-07-11 10:39:50+00:00,0,🖓🖓🖓,"Francia: musulmanes, no gracias | Enfoque Europa",DW Español,2015-10-30 18:48:44+00:00,2015,inmigracion
GDYkHwzuuBY,@oli17hf34,2019-09-13 05:07:28+00:00,0,"Apuesto a que si se hiciera un reportaje en medio oriente llamado ""cristianos no"" estaría bien visto.","Francia: musulmanes, no gracias | Enfoque Europa",DW Español,2015-10-30 18:48:44+00:00,2015,inmigracion
GDYkHwzuuBY,@arielmalca7,2025-01-05 23:36:10+00:00,0,Aplausos a ese alcalde. Que seas mas así.,"Francia: musulmanes, no gracias | Enfoque Europa",DW Español,2015-10-30 18:48:44+00:00,2015,inmigracion
GDYkHwzuuBY,@Quo-vadis-domine,2023-08-12 16:14:04+00:00,1,+1 por el alcalde 👍,"Francia: musulmanes, no gracias | Enfoque Europa",DW Español,2015-10-30 18:48:44+00:00,2015,inmigracion
GDYkHwzuuBY,@eipox81,2022-01-22 11:42:01+00:00,1,"A ver si de una vez por todas, les quitan las paguitas a esta gente para q se larguen porque eso de integrarse, nunca va a suceder!!!","Francia: musulmanes, no gracias | Enfoque Europa",DW Español,2015-10-30 18:48:44+00:00,2015,inmigracion
GDYkHwzuuBY,@randalleiva256,2021-06-27 15:05:57+00:00,0,Esbueno.Una apluriculiural,"Francia: musulmanes, no gracias | Enfoque Europa",DW Español,2015-10-30 18:48:44+00:00,2015,inmigracion
GDYkHwzuuBY,@chaguito5549,2021-02-13 01:20:47+00:00,2,"Francia para los cristianos, no para todos los Religiones!","Francia: musulmanes, no gracias | Enfoque Europa",DW Español,2015-10-30 18:48:44+00:00,2015,inmigracion
GDYkHwzuuBY,@abrahanarmariopinto2343,2020-03-07 04:39:53+00:00,1,"Pero si ese alcalde tiene razón de defender lo suyo primero...
Y este video no veo nada de racismo...
Los musulmanes tienen que adaptarse un poco más a los países que habita, ah y porcierto, lo musulmanes no son tan tolerantes como nosotros.","Francia: musulmanes, no gracias | Enfoque Europa",DW Español,2015-10-30 18:48:44+00:00,2015,inmigracion
GDYkHwzuuBY,@myriglez7681,2020-03-19 21:59:34+00:00,2,"Hay un dicho que dice . Al.pais que vieres haz lo que vieres !! Osea se igual a dónde vas si vas a país español , se como español y adopta sus ideas y si no . Mejor quedate en tu país !!!!","Francia: musulmanes, no gracias | Enfoque Europa",DW Español,2015-10-30 18:48:44+00:00,2015,inmigracion
GDYkHwzuuBY,@juvelasquezg,2023-06-11 06:05:47+00:00,1,"Si vous voulez vous voiler la chose, vous avez le droit. Mais l'estrategie de l'islam politique est en action et vous ne semblez pas vous rendre compte. Quand vous ouvrirez les yeux, il sera peut être trop tard","Francia: musulmanes, no gracias | Enfoque Europa",DW Español,2015-10-30 18:48:44+00:00,2015,inmigracion
GDYkHwzuuBY,@luisjustinianotrapia3997,2019-04-09 08:30:20+00:00,2,¡NO AL ISLAM!,"Francia: musulmanes, no gracias | Enfoque Europa",DW Español,2015-10-30 18:48:44+00:00,2015,inmigracion
GDYkHwzuuBY,@sapin7517,2019-07-17 21:40:36+00:00,1,"hace bien , los cristianos son primero en un pais cristiano ...","Francia: musulmanes, no gracias | Enfoque Europa",DW Español,2015-10-30 18:48:44+00:00,2015,inmigracion
GDYkHwzuuBY,@angelocastillo5408,2019-10-26 22:33:01+00:00,0,"No es xenofobia ...es la conducta de esa comunidad !! Es dar seguridad a ciudadanos de un país , que se vayan a vivir a Venezuela los musulmanes ..","Francia: musulmanes, no gracias | Enfoque Europa",DW Español,2015-10-30 18:48:44+00:00,2015,inmigracion
GDYkHwzuuBY,@Chinahouse9,2026-03-03 02:03:25+00:00,0,FELICITACIONES AL ALCALDE . . .  ESTÁ PROTEGIENDO A SU CIUDAD . . .  APLAUSOS !!!,"Francia: musulmanes, no gracias | Enfoque Europa",DW Español,2015-10-30 18:48:44+00:00,2015,inmigracion
GDYkHwzuuBY,@MonserrateToala-zb3tx,2024-11-10 09:32:46+00:00,1,"Aca en Alemania cobran impuedtos a los que son Católicos  y creo también a los Judíos, por qué no les cobran así mismo a los de otras religiones. Quieren ayuda pues contribuyan, no es justo que la Iglesia ayude también a esas otras personas que no aportan y vienen a exigir.","Francia: musulmanes, no gracias | Enfoque Europa",DW Español,2015-10-30 18:48:44+00:00,2015,inmigracion
GDYkHwzuuBY,@israelcarrascoantonio5990,2025-12-27 22:39:45+00:00,0,Y ahora ya son un problema que se oponen a que los cristianos en Europa celebren Navidad,"Francia: musulmanes, no gracias | Enfoque Europa",DW Español,2015-10-30 18:48:44+00:00,2015,inmigracion
GDYkHwzuuBY,@margaritalopez8923,2021-03-19 19:29:48+00:00,0,Gracias a Jehová soy mexicana,"Francia: musulmanes, no gracias | Enfoque Europa",DW Español,2015-10-30 18:48:44+00:00,2015,inmigracion
GDYkHwzuuBY,@JuanMartinez-hz6ki,2019-08-08 07:44:52+00:00,1,El racismo viniendo Del Pais de origen punto de Vista Los gobernantes discrimination segregation a su propia Gente,"Francia: musulmanes, no gracias | Enfoque Europa",DW Español,2015-10-30 18:48:44+00:00,2015,inmigracion
GDYkHwzuuBY,@ioryyagamy4002,2019-09-03 02:06:06+00:00,0,El buenismo excesivo de Europa le esta haciendo un gran daño a la unión europea,"Francia: musulmanes, no gracias | Enfoque Europa",DW Español,2015-10-30 18:48:44+00:00,2015,inmigracion
GDYkHwzuuBY,@rosamariajaramillo9937,2025-07-22 05:20:58+00:00,0,No hay nada de malo en lo que deciden los ciudadanos. Nadie los debería obligar a vivir con medio mundo,"Francia: musulmanes, no gracias | Enfoque Europa",DW Español,2015-10-30 18:48:44+00:00,2015,inmigracion
GDYkHwzuuBY,@Slimbens4242,2024-03-11 13:08:11+00:00,0,los paises musulmanes esta lleno de franceses el amor es el mismo,"Francia: musulmanes, no gracias | Enfoque Europa",DW Español,2015-10-30 18:48:44+00:00,2015,inmigracion
GDYkHwzuuBY,@FernandoLopez-ul7pc,2023-06-18 17:48:44+00:00,0,"En España que tenemos una minoría musulmana de cerca del 6%, siempre hay problemas, cuando no son atentados como los de agosto de 2017 en Barcelona y el de marzo de 2003 en la estación de Atocha en Madrid, son problemas de convivencia. Muchos procuran vivir de la economía sumergida y de vivir de las ayudas que les facilitan las instituciones y las organizaciones de ayuda, en particular las de la iglesia católica. Por supuesto que hay personas la mar de normales y trabajadoras.","Francia: musulmanes, no gracias | Enfoque Europa",DW Español,2015-10-30 18:48:44+00:00,2015,inmigracion
GDYkHwzuuBY,@mekishop,2019-06-17 17:09:14+00:00,1,"No soy de Europa, pero cuando viví allá vi que los musulmanes no se adaptan a dónde viven, ni siquiera aprenden el idioma, etc. Tienen una gran cantidad de hijos. A la larga los musulmanes no van a ser minoría si no mayoría. La última vez que fui a Londres parecía una ciudad de Medio Oriente.","Francia: musulmanes, no gracias | Enfoque Europa",DW Español,2015-10-30 18:48:44+00:00,2015,inmigracion
GDYkHwzuuBY,@jonathanvillarmavila9493,2023-10-18 23:39:57+00:00,0,"Cuanta razon tenia el alcalde de Belfort, suecia lonñ sufre ahora","Francia: musulmanes, no gracias | Enfoque Europa",DW Español,2015-10-30 18:48:44+00:00,2015,inmigracion
GDYkHwzuuBY,@FJECodsp,2018-09-15 22:36:30+00:00,1,De cuando aquí racismo = islamofobia.,"Francia: musulmanes, no gracias | Enfoque Europa",DW Español,2015-10-30 18:48:44+00:00,2015,inmigracion
GDYkHwzuuBY,@Grimaldocrsk,2023-04-09 04:42:34+00:00,2,Bua los mulsumanes les estoy agarrando rabia que no respetan nada literal vez algo sobre cristo y vez los tontos de turno con nombre árabe diciendo de cosa y despues se quejan si ni respetan nuestra religion se burlan de ella,"Francia: musulmanes, no gracias | Enfoque Europa",DW Español,2015-10-30 18:48:44+00:00,2015,inmigracion
GDYkHwzuuBY,@Goutdevin,2025-03-17 22:33:45+00:00,1,DW Is woke,"Francia: musulmanes, no gracias | Enfoque Europa",DW Español,2015-10-30 18:48:44+00:00,2015,inmigracion
GDYkHwzuuBY,@randypeluca,2023-03-23 08:50:02+00:00,0,Iros todos,"Francia: musulmanes, no gracias | Enfoque Europa",DW Español,2015-10-30 18:48:44+00:00,2015,inmigracion
GDYkHwzuuBY,@TOTOCAPUTO56,2023-01-31 16:01:54+00:00,1,Los musulmanes de Francia quemaron la bandera argentina ante la pérdida de la copa mundial 2022 sinceramente me dan vergüenza y me lamento mucho que Francia sea el país con más islam,"Francia: musulmanes, no gracias | Enfoque Europa",DW Español,2015-10-30 18:48:44+00:00,2015,inmigracion
GDYkHwzuuBY,@crys31ny,2019-07-19 23:08:49+00:00,1,No a los musulmanes.,"Francia: musulmanes, no gracias | Enfoque Europa",DW Español,2015-10-30 18:48:44+00:00,2015,inmigracion
GDYkHwzuuBY,@adrianmarina3278,2019-07-13 06:02:10+00:00,1,"Si no les gusta que valla a su pais , son emigrantes I queren mandar ellos ? Io tambien soi extrajero pero repeto las leies","Francia: musulmanes, no gracias | Enfoque Europa",DW Español,2015-10-30 18:48:44+00:00,2015,inmigracion
GDYkHwzuuBY,@AzaelMirelesMoreno01,2020-08-24 17:34:34+00:00,1,"la verdad yo soy ateo pero conociendo a los musulmanes en persona, creo que si tienen una religion basada en la violencia y la neta creo que seria mejor no aceptarlos","Francia: musulmanes, no gracias | Enfoque Europa",DW Español,2015-10-30 18:48:44+00:00,2015,inmigracion
GDYkHwzuuBY,@UnknownMvistashaceanos-ow9fh,2021-09-12 11:19:34+00:00,2,Me explican por q hay cristianos q se convirtieron en musulmanes? No me lo inventé tengo una compañeras d clase q hizo lo mismo,"Francia: musulmanes, no gracias | Enfoque Europa",DW Español,2015-10-30 18:48:44+00:00,2015,inmigracion
GDYkHwzuuBY,@caternolmac321,2025-09-22 20:16:07+00:00,0,Me parece bien que les guste su religión pero lo que no me parece es que quieran que nosotros vivamos como ellos o adoremos a su ala quieren respeto pues que empiecen ellos demostrándolo por los demás y sus costumbres,"Francia: musulmanes, no gracias | Enfoque Europa",DW Español,2015-10-30 18:48:44+00:00,2015,inmigracion
GDYkHwzuuBY,@manoloblasco473,2020-05-12 15:07:54+00:00,1,"La mayoría musulmana (si es que toma poder) , va a ser implacable con todo lo que no este marcado en su ley Islámica. Se acabará la forma de vida tal cual existe hasta ahora .","Francia: musulmanes, no gracias | Enfoque Europa",DW Español,2015-10-30 18:48:44+00:00,2015,inmigracion
GDYkHwzuuBY,@matiasguzman4414,2021-06-01 22:35:21+00:00,0,ME PARECE PERFECTO- LO QUIERO DE PRESIDENTE A ESE POLITICO. LOS ANTIDEMOCRATICOS E INTOLERANTES FUERA,"Francia: musulmanes, no gracias | Enfoque Europa",DW Español,2015-10-30 18:48:44+00:00,2015,inmigracion
GDYkHwzuuBY,@denissenina113,2026-06-05 07:39:02+00:00,0,Si migras y te adaptas y respetas no serás rechazado.,"Francia: musulmanes, no gracias | Enfoque Europa",DW Español,2015-10-30 18:48:44+00:00,2015,inmigracion
GDYkHwzuuBY,@EmanueldeCarvalho-uy4ok,2023-08-29 21:16:35+00:00,1,Estoy de acuerdo con el Alcalde.,"Francia: musulmanes, no gracias | Enfoque Europa",DW Español,2015-10-30 18:48:44+00:00,2015,inmigracion
GDYkHwzuuBY,@juanadearko1,2020-08-05 23:44:36+00:00,0,"muy bien que defienda su pueblo , el no es racista es un hombre decente que ya no quiere delincuencia","Francia: musulmanes, no gracias | Enfoque Europa",DW Español,2015-10-30 18:48:44+00:00,2015,inmigracion
GDYkHwzuuBY,@eduardorosas422,2018-09-26 04:31:21+00:00,1,Vive le pen,"Francia: musulmanes, no gracias | Enfoque Europa",DW Español,2015-10-30 18:48:44+00:00,2015,inmigracion
GDYkHwzuuBY,@patricia6284,2019-07-08 05:06:12+00:00,0,A DONDE FUERES HAREIS LO QUE VIERES.,"Francia: musulmanes, no gracias | Enfoque Europa",DW Español,2015-10-30 18:48:44+00:00,2015,inmigracion
GDYkHwzuuBY,@jhosnav,2024-06-12 22:35:58+00:00,0,"cuando los musulmanes, islamitas (o como sea la definición correcta) son pocos en un lugar dicen q se les tiene discriminación, pero cuando ya son bastantes te dicen cómo debes vivir sino te matan. Lamentablemente sus ideas son demasiado radicales que no les permite tolerancia con las ideas de los demás.  Cada país que les ha abierto las puertas para ayudarlos a escapar de los conflictos que hay en suspropios paises, ha terminado experimentando esa misma violencia.    Hablan de paz y amor...sí claro, siempre y cuando te sometas a mis ideas.","Francia: musulmanes, no gracias | Enfoque Europa",DW Español,2015-10-30 18:48:44+00:00,2015,inmigracion
GDYkHwzuuBY,@toletum4909,2021-08-05 21:28:30+00:00,0,Nos comerán,"Francia: musulmanes, no gracias | Enfoque Europa",DW Español,2015-10-30 18:48:44+00:00,2015,inmigracion
GDYkHwzuuBY,@alfredoruizmanzano206,2022-04-30 21:40:52+00:00,2,"Mucho ""buenismo"". Europa greco-romana y cristiana. Poco mas que decir.","Francia: musulmanes, no gracias | Enfoque Europa",DW Español,2015-10-30 18:48:44+00:00,2015,inmigracion
GDYkHwzuuBY,@joseluissaez9091,2024-06-29 14:36:38+00:00,2,Mulsumanes a su País,"Francia: musulmanes, no gracias | Enfoque Europa",DW Español,2015-10-30 18:48:44+00:00,2015,inmigracion
GDYkHwzuuBY,@PolyLinguaStudio,2024-10-01 23:24:19+00:00,0,"¡Pero es la verdad, los musulmanes nunca se adaptan!! ¡Ese alcalde tiene mis respetos!","Francia: musulmanes, no gracias | Enfoque Europa",DW Español,2015-10-30 18:48:44+00:00,2015,inmigracion
GDYkHwzuuBY,@xaviertutiven6227,2026-03-04 03:24:54+00:00,1,"El emperador de Bizancio Alejo I Conmeno, pidió ayuda a Occidente en 1090 ante la terrible invasión musulmana y será motivo de la 1era Cruzada 


En batalla de Lepanto fue producto del ataque brutal y salvaje por parte de musulmanes a la Cristiandad del Mediterráneo que querían invadir sur de Europa","Francia: musulmanes, no gracias | Enfoque Europa",DW Español,2015-10-30 18:48:44+00:00,2015,inmigracion
GDYkHwzuuBY,@lutor136g,2019-06-03 16:00:00+00:00,0,"No soy Europeo, soy judío latino inmigrante en Europa, pero este trato se lo han buscado ellos mismos por falta de respeto y por querer pasar por encima de las costumbres ancestrales, por tratar de islamizar a los europeos. A caso un judío o un cristiano puede ir y construir una sinagoga o una iglesia en un país islámico? No. Puede un no musulmán vestir como quiera en un país islámico? No. Creo que lo que es igual no es trampa como dicen en Maracaibo, Venezuela. Europa y el mundo debería prohibir la construcción de mezquitas hasta que ellos no permitan el libre credo en sus países islámicos. Donde vivo en Europa veo el trato especial y la consideración que se les tiene a los musulmanes.. Veo al Europeo con miedo a protestar por temor que se le tilde de islamofobico... Y acaso los musulmanes en sus países no son judeofobicos y cristianofobicos? Se aprovechan de el respeto que para mi es excesivo para con ellos.. Si hay buenas personas.. Bien. No lo dudo.. Pero no vengan a un país a tratar de cambiar su forma de pensar y creer. ¿Has venido a emigrar para hacer una nueva vida o para molestar nuevas vidas? Yo no puedo salir con kipa a la calle porque puedo ser atacado... Los cristianos no pueden decir que solo quieren ser cristianos porque se les puede denunciar en su propia tierra por racismo.. Nada de esto tiene sentido... A caso tiene más derechos los musulmanes en Europa que los cristianos o judíos?","Francia: musulmanes, no gracias | Enfoque Europa",DW Español,2015-10-30 18:48:44+00:00,2015,inmigracion
GDYkHwzuuBY,@cartmanbasadoycensurado,2022-01-15 19:48:15+00:00,2,No tenemos porque tolerar sus costumbres arcaicas,"Francia: musulmanes, no gracias | Enfoque Europa",DW Español,2015-10-30 18:48:44+00:00,2015,inmigracion
GDYkHwzuuBY,@jr-vl6ho,2022-08-19 14:42:56+00:00,0,Ps que vengan y se acostumbren alas costumbres locales pero ellos no entienden eso,"Francia: musulmanes, no gracias | Enfoque Europa",DW Español,2015-10-30 18:48:44+00:00,2015,inmigracion
GDYkHwzuuBY,@CarlosAlvarado-vs4ve,2019-07-07 17:23:57+00:00,1,Mejor dicho no puede estar si a los musulmanes no les gusta como son tratados que se regresen a sus países.,"Francia: musulmanes, no gracias | Enfoque Europa",DW Español,2015-10-30 18:48:44+00:00,2015,inmigracion
GDYkHwzuuBY,@balobizt3325,2024-05-23 11:48:14+00:00,0,A día de hoy Francia está perdida.,"Francia: musulmanes, no gracias | Enfoque Europa",DW Español,2015-10-30 18:48:44+00:00,2015,inmigracion
GDYkHwzuuBY,@gaiatrinitas3178,2024-08-08 14:07:01+00:00,0,Excelente por ese alcalde,"Francia: musulmanes, no gracias | Enfoque Europa",DW Español,2015-10-30 18:48:44+00:00,2015,inmigracion
GDYkHwzuuBY,@user-hh6xc1gh1e,2026-03-08 23:15:32+00:00,0,"sinceramente no lo entiendo,los ciudadanos de los paises islamicos huyen de sus paises que por causa de sus leyes religiosas la oprecion la terrible vida que en estos tenian, llegan a un pais que les da cobijo amparo los ayuda les hace ver y vivir que si puede  existir una buena vida en paz en amor con trabajo digno, y estos que saben  de donde vienen, quieren traer al pais que les ha abierto  las puertas el horrendo caos de donde ellos sus familias  tuvieron que  huir !!!! esto es ofuscacion del entendimiento con otras palabras no se podria explicar ! en el nombre de Dios que les abra pronto este por que  lo necesitan urgentemente !

Europa, mundo despierta !","Francia: musulmanes, no gracias | Enfoque Europa",DW Español,2015-10-30 18:48:44+00:00,2015,inmigracion
GDYkHwzuuBY,@lucianomolina3955,2019-07-31 01:03:42+00:00,0,Vive y deja VIVIR.,"Francia: musulmanes, no gracias | Enfoque Europa",DW Español,2015-10-30 18:48:44+00:00,2015,inmigracion
GDYkHwzuuBY,@juanki9498,2021-05-14 00:06:57+00:00,0,cristianos y musulmanes no pueden estar en un mismo sitio,"Francia: musulmanes, no gracias | Enfoque Europa",DW Español,2015-10-30 18:48:44+00:00,2015,inmigracion
GDYkHwzuuBY,@giampierofrischi527,2023-08-13 03:38:19+00:00,1,Vayase a angelia,"Francia: musulmanes, no gracias | Enfoque Europa",DW Español,2015-10-30 18:48:44+00:00,2015,inmigracion
GDYkHwzuuBY,@fernandosepulveda2711,2019-04-19 20:15:54+00:00,0,ALA ...MIERDA...Jajaja,"Francia: musulmanes, no gracias | Enfoque Europa",DW Español,2015-10-30 18:48:44+00:00,2015,inmigracion
GDYkHwzuuBY,@marcelomartinez3810,2022-12-30 21:49:44+00:00,0,"Me gustaria mucho ver a esa concejal, Samia Jaber lucir su hermosos cabello alla en Irán, o en otros paises musulmanes... jua jua!!!","Francia: musulmanes, no gracias | Enfoque Europa",DW Español,2015-10-30 18:48:44+00:00,2015,inmigracion
GDYkHwzuuBY,@eabv8982,2022-11-10 03:26:36+00:00,0,Tono racista?,"Francia: musulmanes, no gracias | Enfoque Europa",DW Español,2015-10-30 18:48:44+00:00,2015,inmigracion
GDYkHwzuuBY,@preocupado,2023-12-30 15:55:08+00:00,0,Cada uno debe respetar la casa de quien acoge al visitante y no imponer sus propios deseos y costumbres aun desplazando al dueño de casa. Nos creen mamertos. Además deben respetar  el entorno de donde conviven y no volverlo una miseria a diferencia de su propia casa.,"Francia: musulmanes, no gracias | Enfoque Europa",DW Español,2015-10-30 18:48:44+00:00,2015,inmigracion
GDYkHwzuuBY,@florenciamejia1768,2021-03-27 03:10:46+00:00,0,Dios está obrando a favor de sus hijos,"Francia: musulmanes, no gracias | Enfoque Europa",DW Español,2015-10-30 18:48:44+00:00,2015,inmigracion
GDYkHwzuuBY,@OrgulloVikingo-j8w,2024-10-21 05:56:54+00:00,0,"Grande ese alcalde bravo, si tiene un ratito pasese por españa","Francia: musulmanes, no gracias | Enfoque Europa",DW Español,2015-10-30 18:48:44+00:00,2015,inmigracion
GDYkHwzuuBY,@limpiezaveloz6362,2021-02-17 21:34:44+00:00,1,Que se vaya a irán Pakistán los que se sientan mal,"Francia: musulmanes, no gracias | Enfoque Europa",DW Español,2015-10-30 18:48:44+00:00,2015,inmigracion
GDYkHwzuuBY,@rubenmachintorrents5311,2020-05-22 13:24:10+00:00,0,Estoi con los franceses musulmanes no pero no solo en Francia en España igual,"Francia: musulmanes, no gracias | Enfoque Europa",DW Español,2015-10-30 18:48:44+00:00,2015,inmigracion
GDYkHwzuuBY,@lumirpe,2024-06-05 17:23:11+00:00,0,Excelente alcalde.,"Francia: musulmanes, no gracias | Enfoque Europa",DW Español,2015-10-30 18:48:44+00:00,2015,inmigracion
GDYkHwzuuBY,@josemanuelbetancurrodrigue3516,2023-02-06 17:00:28+00:00,1,"Critican a la iglesia por ayudar a los cristianos, esto ya es el colmo.","Francia: musulmanes, no gracias | Enfoque Europa",DW Español,2015-10-30 18:48:44+00:00,2015,inmigracion
GDYkHwzuuBY,@royphnolrapedhahaha,2020-05-24 16:28:56+00:00,0,"Musulmanes en Francia,
 ¡ no gracias ! 
Kabsjsknjdskdndjk","Francia: musulmanes, no gracias | Enfoque Europa",DW Español,2015-10-30 18:48:44+00:00,2015,inmigracion
GDYkHwzuuBY,@JairoAgama777,2019-06-21 17:10:42+00:00,2,"Si hubiera una ley de que a los padres se les prohibiese de obligar a sus hijos a tener una religión, sería una solución para acabar con el extremismo.","Francia: musulmanes, no gracias | Enfoque Europa",DW Español,2015-10-30 18:48:44+00:00,2015,inmigracion
GDYkHwzuuBY,@adolfohernandezsanchez1893,2024-02-08 05:40:24+00:00,0,Me gusta este alcalde,"Francia: musulmanes, no gracias | Enfoque Europa",DW Español,2015-10-30 18:48:44+00:00,2015,inmigracion
GDYkHwzuuBY,@miguelrodher2126,2024-08-13 06:26:10+00:00,0,Un día Europa verá las acciones de este señor como lo único correcto que se debió hacer pero será demasiado tarde para ellos,"Francia: musulmanes, no gracias | Enfoque Europa",DW Español,2015-10-30 18:48:44+00:00,2015,inmigracion
GDYkHwzuuBY,@ArielbenYacob,2024-06-10 15:30:13+00:00,0,Grande el alcalde de Belfor,"Francia: musulmanes, no gracias | Enfoque Europa",DW Español,2015-10-30 18:48:44+00:00,2015,inmigracion
GDYkHwzuuBY,@MarA-te5jc,2021-06-08 17:06:52+00:00,1,1:35 y nosotros ya no los soportamos a ustedes.,"Francia: musulmanes, no gracias | Enfoque Europa",DW Español,2015-10-30 18:48:44+00:00,2015,inmigracion
GDYkHwzuuBY,@salvadorperez6031,2022-09-06 03:03:44+00:00,1,Si quieren seguir con sus costumbres que se vayan a dubai 😅,"Francia: musulmanes, no gracias | Enfoque Europa",DW Español,2015-10-30 18:48:44+00:00,2015,inmigracion
GDYkHwzuuBY,@rodrigocuevas6291,2020-07-11 03:16:35+00:00,0,Keep france free,"Francia: musulmanes, no gracias | Enfoque Europa",DW Español,2015-10-30 18:48:44+00:00,2015,inmigracion
GDYkHwzuuBY,@eltoide,2023-09-18 10:34:22+00:00,2,stop INVASION,"Francia: musulmanes, no gracias | Enfoque Europa",DW Español,2015-10-30 18:48:44+00:00,2015,inmigracion
GDYkHwzuuBY,@adriumbra627,2021-10-27 08:45:39+00:00,0,"Francia necesita una RECONQUISTA. Para salvarse. Deportaciones masiva y aceptar sólo europeos, y animar a la natalidad local","Francia: musulmanes, no gracias | Enfoque Europa",DW Español,2015-10-30 18:48:44+00:00,2015,inmigracion
GDYkHwzuuBY,@Mala_Gala,2024-06-08 11:10:20+00:00,0,🤣🤣🤣🤣🤣🤣🤣🤣,"Francia: musulmanes, no gracias | Enfoque Europa",DW Español,2015-10-30 18:48:44+00:00,2015,inmigracion
GDYkHwzuuBY,@juanadearko1,2020-08-05 23:48:37+00:00,1,por que no manda a turquia y arabia saudita a esos refugiados??? dejen en paz al pueblo frances,"Francia: musulmanes, no gracias | Enfoque Europa",DW Español,2015-10-30 18:48:44+00:00,2015,inmigracion
GDYkHwzuuBY,@emiliolpp,2019-09-14 10:03:08+00:00,2,"Porque no se van a sus países y nos dejan en paz? Quien quiere un musulman de vecino, yo no.","Francia: musulmanes, no gracias | Enfoque Europa",DW Español,2015-10-30 18:48:44+00:00,2015,inmigracion
GDYkHwzuuBY,@Genoik,2023-07-30 13:56:16+00:00,1,Primero Francia debería dejar los países que tiene influencia en Africa .,"Francia: musulmanes, no gracias | Enfoque Europa",DW Español,2015-10-30 18:48:44+00:00,2015,inmigracion
GDYkHwzuuBY,@rubennavarropelayo2227,2020-08-09 17:04:33+00:00,1,"Prefiero una Francia racista pero con sus valores culturales intactos: blanca, cristiana, de libre pensar (charly hebdo?), idioma francés, escritura latina, festividades cristianas...","Francia: musulmanes, no gracias | Enfoque Europa",DW Español,2015-10-30 18:48:44+00:00,2015,inmigracion
GDYkHwzuuBY,@amadeoamadeo8064,2023-07-13 14:43:54+00:00,0,"2023 ""disturbios"" dan la razón al Patriota.
El derecho de la gente honrada a defender su paz social.","Francia: musulmanes, no gracias | Enfoque Europa",DW Español,2015-10-30 18:48:44+00:00,2015,inmigracion
GDYkHwzuuBY,@Jhonyquiero81,2022-11-23 15:19:36+00:00,0,"Recuerdan el problema que hubo en la final de la champions?????  Vaya problemón que tiene Francia!!! y ojo... Que España va en la misma dirección...Si vienes aquí a trabajar y a integrarte en esta cultura, aunque también tengas la tuya propia, perfecto, pero sino a tu país...","Francia: musulmanes, no gracias | Enfoque Europa",DW Español,2015-10-30 18:48:44+00:00,2015,inmigracion
GDYkHwzuuBY,@lisagomez8796,2023-09-09 16:28:47+00:00,1,"Los musulmanes deberian ir pensando en su retorno a sus respectivos países , la política en la UE va a cambiar a partir de las elecciones de junio de 2024 , la cúpula dirigente ya no será la misma y las ayudas públicas serán retiradas drásticamente","Francia: musulmanes, no gracias | Enfoque Europa",DW Español,2015-10-30 18:48:44+00:00,2015,inmigracion
GDYkHwzuuBY,@albertobonnet1773,2019-04-20 20:08:13+00:00,2,"Dubai, Emiratos Árabes, Arabia Saudita, Kuwait... Países tan ricos y despilfarradores que compran celurares y automóviles deportivos bañados en oro. Países que comparten su fe y prohiben la edificación de iglesias no musulmanas, que los refugiados musulmanes se larguen para allá, ya quisiera ver a refugiados cristianos y judíos entrar a esos países.","Francia: musulmanes, no gracias | Enfoque Europa",DW Español,2015-10-30 18:48:44+00:00,2015,inmigracion
GDYkHwzuuBY,@rodrigocuevas6291,2020-07-11 03:19:21+00:00,0,Eurabia...,"Francia: musulmanes, no gracias | Enfoque Europa",DW Español,2015-10-30 18:48:44+00:00,2015,inmigracion
GDYkHwzuuBY,@haddockjosue,2020-11-01 18:32:30+00:00,1,"Ojalá los islámicos dejen de ser agresivos y extremistas, son los más conservadores del mundo y eso mata el progreso de la sociedad, solo así serán bien vistos por todo el mundo.","Francia: musulmanes, no gracias | Enfoque Europa",DW Español,2015-10-30 18:48:44+00:00,2015,inmigracion
GDYkHwzuuBY,@αυτόπουκανείςδενθέλει,2021-06-10 19:38:28+00:00,1,Soy yo o Los musulmanes están haciendo las  víctimas,"Francia: musulmanes, no gracias | Enfoque Europa",DW Español,2015-10-30 18:48:44+00:00,2015,inmigracion
GDYkHwzuuBY,@danielcallebriega1564,2025-04-07 05:17:29+00:00,0,¿Me pregunto porque no quieren volver a Argelia si tan mal están realmente en Francia?,"Francia: musulmanes, no gracias | Enfoque Europa",DW Español,2015-10-30 18:48:44+00:00,2015,inmigracion
GDYkHwzuuBY,@luisisaza2258,2019-07-01 17:43:08+00:00,0,"El problema es que la Francia no es realmente un País donde solo viven franceses puros o gente de sangre pura no mezclada como podría ser  el caso de Japón e Islandia o Noruega, esto aquí ha sido el pais de invasores, los actuales franceses somos gente de todas partes, Europa , Africa y un poco menos de América! vaya uno a saber de adonde mas , todos sufrimos complejo de superioridad y a pesar del que el verdadero francés no es de ojos azules y rubio, ustedes los que no son de aquí creen que así es, solo se es verdadero francés si desciendes de Clovis y eso aun?!!! Clovis   provenía,de Bélgica,  bueno el caso es que este es el pais de todos y de nadie a la fin!","Francia: musulmanes, no gracias | Enfoque Europa",DW Español,2015-10-30 18:48:44+00:00,2015,inmigracion
GDYkHwzuuBY,@alb8350,2025-01-31 23:44:04+00:00,0,España: musulmanes no gracias,"Francia: musulmanes, no gracias | Enfoque Europa",DW Español,2015-10-30 18:48:44+00:00,2015,inmigracion
GDYkHwzuuBY,@joselouis7532,2025-10-09 15:28:42+00:00,0,"Les musulmans savent très bien qu'ils sont en surnombre en occident mais le débarquement continue ils vont trop loin dans leurs stratégies, que cherche t'ils ?","Francia: musulmanes, no gracias | Enfoque Europa",DW Español,2015-10-30 18:48:44+00:00,2015,inmigracion
GDYkHwzuuBY,@juliocan5426,2020-11-08 22:00:36+00:00,2,DW para cuándo un documental de los atentados terroristas que hoy por hoy Francia está sufriendo en manos de extremistas islámicos.,"Francia: musulmanes, no gracias | Enfoque Europa",DW Español,2015-10-30 18:48:44+00:00,2015,inmigracion
GDYkHwzuuBY,@hugoortiz6396,2019-07-05 04:44:44+00:00,2,¿Por que esta tan de moda gobernar para las minorias? Al final los menos tienen el derecho de pasar por encima de la mayoria.  Eso invierte la realidad. Eso no es democracia.,"Francia: musulmanes, no gracias | Enfoque Europa",DW Español,2015-10-30 18:48:44+00:00,2015,inmigracion
GDYkHwzuuBY,@JanetteMartinezVela,2024-05-21 18:41:51+00:00,0,Totalmente de acuerdo con el Alcalde ❤❤❤❤❤,"Francia: musulmanes, no gracias | Enfoque Europa",DW Español,2015-10-30 18:48:44+00:00,2015,inmigracion
GDYkHwzuuBY,@alfredocasasgarcia1195,2018-10-06 16:04:13+00:00,0,Que se conviertan en cristianos o sino que se larguen.,"Francia: musulmanes, no gracias | Enfoque Europa",DW Español,2015-10-30 18:48:44+00:00,2015,inmigracion
GDYkHwzuuBY,@5242582,2019-02-03 05:07:05+00:00,0,Concejal belfort jodase!!!!,"Francia: musulmanes, no gracias | Enfoque Europa",DW Español,2015-10-30 18:48:44+00:00,2015,inmigracion
GDYkHwzuuBY,@marsattaqueladelinquancest9727,2020-11-10 18:41:20+00:00,0,"Reconquête !! 
Reconquista !!","Francia: musulmanes, no gracias | Enfoque Europa",DW Español,2015-10-30 18:48:44+00:00,2015,inmigracion
GDYkHwzuuBY,@anarosagonzalezmunoz9902,2025-04-08 13:05:52+00:00,0,"Por favor daros cuen655

Es vergus9","Francia: musulmanes, no gracias | Enfoque Europa",DW Español,2015-10-30 18:48:44+00:00,2015,inmigracion
GDYkHwzuuBY,@diegoelyuu8686,2023-07-28 02:21:14+00:00,1,Califato Europeo Islámico. Dios Bendiga a Palestina 🇵🇸.,"Francia: musulmanes, no gracias | Enfoque Europa",DW Español,2015-10-30 18:48:44+00:00,2015,inmigracion
GDYkHwzuuBY,@AlejandroVS-g3h,2025-06-29 11:11:03+00:00,1,Son demonios,"Francia: musulmanes, no gracias | Enfoque Europa",DW Español,2015-10-30 18:48:44+00:00,2015,inmigracion
GDYkHwzuuBY,@andreslopez3041,2021-11-24 00:15:24+00:00,0,"Una pregunta rápida, la gente que piensa así no siente asco de sí misma? En plan porque yo pienso, que mal tener ese pensamiento, que lastima de islamofobos, que todo","Francia: musulmanes, no gracias | Enfoque Europa",DW Español,2015-10-30 18:48:44+00:00,2015,inmigracion
GDYkHwzuuBY,@uuyyyjjujmiygjlliuyy5348,2022-07-16 03:02:17+00:00,1,A ya ya ya Socialista,"Francia: musulmanes, no gracias | Enfoque Europa",DW Español,2015-10-30 18:48:44+00:00,2015,inmigracion
GDYkHwzuuBY,@Draco777Rosa,2021-02-28 23:30:33+00:00,0,Yo los mandó a Arabia,"Francia: musulmanes, no gracias | Enfoque Europa",DW Español,2015-10-30 18:48:44+00:00,2015,inmigracion
GDYkHwzuuBY,@baltazar522,2019-08-15 16:12:29+00:00,0,1:32 racismo pero si este tiene pinta de que es francés no argelino WTF,"Francia: musulmanes, no gracias | Enfoque Europa",DW Español,2015-10-30 18:48:44+00:00,2015,inmigracion
GDYkHwzuuBY,@Taekwondorocks,2025-01-10 09:20:59+00:00,0,"Muy tarde, Francia ya perdio","Francia: musulmanes, no gracias | Enfoque Europa",DW Español,2015-10-30 18:48:44+00:00,2015,inmigracion
GDYkHwzuuBY,@victorchacon7169,2022-04-24 03:53:22+00:00,0,Jente estúpida si amamos al mismo dios el que iso la tierra ilos siglos que diferencia ay,"Francia: musulmanes, no gracias | Enfoque Europa",DW Español,2015-10-30 18:48:44+00:00,2015,inmigracion
GDYkHwzuuBY,@adriantorres7783,2019-07-12 04:36:26+00:00,0,antes las colonias eran África y medio oriente ahora las colonias son los países colonizadores irónico las nuevas generaciones pagan las decisiones de sus antepasados.,"Francia: musulmanes, no gracias | Enfoque Europa",DW Español,2015-10-30 18:48:44+00:00,2015,inmigracion
GDYkHwzuuBY,@Majorgoddesss,2022-12-03 18:22:42+00:00,0,"Es lo que hay que hacer, en Argentina espero lo hagan, ellos son de lo peor con sus políticas","Francia: musulmanes, no gracias | Enfoque Europa",DW Español,2015-10-30 18:48:44+00:00,2015,inmigracion
GDYkHwzuuBY,@walterzavala7035,2018-10-11 23:32:25+00:00,1,"Lo que tiene que hacer FRANCIA yEUROPA EN GENERAL  es DEJARSE DE TONTERIAS y TANTO LIBERTINAJE !!!, Y RETORNAR A CRISTO ,LOS VALORES Y TRADICIONES CRISTIANAS ,AMOR A LA  FAMILIA , TENER HIJOS , o estaran extinguidos y lo que es peor,seran engullidos y  conviviran con musulmanes  ,y ellos los estan invadiendo y tocando la puerta!!!","Francia: musulmanes, no gracias | Enfoque Europa",DW Español,2015-10-30 18:48:44+00:00,2015,inmigracion
GDYkHwzuuBY,@karlabarberan2514,2023-01-13 02:33:14+00:00,0,No thanks you!,"Francia: musulmanes, no gracias | Enfoque Europa",DW Español,2015-10-30 18:48:44+00:00,2015,inmigracion
GDYkHwzuuBY,@adrianmarina3278,2020-10-28 06:18:40+00:00,0,PERO ES MUY SIMPLE A QUIEN NO LES GUSTA QUE SE VALLAN A SUS PAISES,"Francia: musulmanes, no gracias | Enfoque Europa",DW Español,2015-10-30 18:48:44+00:00,2015,inmigracion
GDYkHwzuuBY,@ralflop6023,2019-07-19 07:42:50+00:00,1,"Qué medio más tendencioso!
Quién y cuánto dinero les da para aborrecer a todo aquel político que no se encuadra a la agenda progre.","Francia: musulmanes, no gracias | Enfoque Europa",DW Español,2015-10-30 18:48:44+00:00,2015,inmigracion
GDYkHwzuuBY,@elcaprichodelmes,2026-02-27 22:11:17+00:00,0,"No es racismo, esa gente quieren apoderarse de Europa bajo la figura de refugiados...","Francia: musulmanes, no gracias | Enfoque Europa",DW Español,2015-10-30 18:48:44+00:00,2015,inmigracion
GDYkHwzuuBY,@J-YP,2024-02-10 23:50:46+00:00,2,Fuera islam de Europa!!,"Francia: musulmanes, no gracias | Enfoque Europa",DW Español,2015-10-30 18:48:44+00:00,2015,inmigracion
GDYkHwzuuBY,@nilma90,2021-09-05 09:03:28+00:00,0,No los quiero ni de lejos,"Francia: musulmanes, no gracias | Enfoque Europa",DW Español,2015-10-30 18:48:44+00:00,2015,inmigracion
GDYkHwzuuBY,@ilurage,2019-08-02 10:05:24+00:00,1,"Querer defender tu vida, tus valores y tu libertad desde ahora se llama racismo...","Francia: musulmanes, no gracias | Enfoque Europa",DW Español,2015-10-30 18:48:44+00:00,2015,inmigracion
GDYkHwzuuBY,@ameliamolina7713,2020-11-06 15:13:23+00:00,0,"Pero el problema no es que sean musulmanes ,  es que no se adaptan a los países en que viven ,  los musulmanes se  quedaron en los ciclos pasados en todos los aspectos y no puede ser  uno tiene q adaptarse al país en q se vive","Francia: musulmanes, no gracias | Enfoque Europa",DW Español,2015-10-30 18:48:44+00:00,2015,inmigracion
GDYkHwzuuBY,@rafaevangelista6659,2022-12-21 06:17:39+00:00,0,Bien hecho por el alcalde,"Francia: musulmanes, no gracias | Enfoque Europa",DW Español,2015-10-30 18:48:44+00:00,2015,inmigracion
GDYkHwzuuBY,@jorgear764,2020-11-11 00:20:26+00:00,1,Aprovechando que DW como cosa rara tiene activados los comentarios: que tienen los cristianos que no tengan los musulmanes?  los cristianos no insultan ni matan. Habrán excepciones pero no decapitarian a alguien,"Francia: musulmanes, no gracias | Enfoque Europa",DW Español,2015-10-30 18:48:44+00:00,2015,inmigracion
GDYkHwzuuBY,@uomonelnero,2019-08-04 05:59:53+00:00,0,a fumigar !!!!!!!!!!!!!!!!!!!!!!!!!!,"Francia: musulmanes, no gracias | Enfoque Europa",DW Español,2015-10-30 18:48:44+00:00,2015,inmigracion
GDYkHwzuuBY,@nobelmojica1249,2023-11-08 17:07:38+00:00,0,"El problema radica en el corazon del hombre. desde un principio , tomaria mucho espacio para enumerar las cosas mala que tiene el hombre en su corazon que a pasado a todas las generasiones .Solo DIOS EL SEÑOR TODO PODEROSO puede sanar el corazon.en DIOS es mas que costumbres.","Francia: musulmanes, no gracias | Enfoque Europa",DW Español,2015-10-30 18:48:44+00:00,2015,inmigracion
GDYkHwzuuBY,@anismi79,2021-11-11 14:51:32+00:00,0,Este musulmán si no aguanta estar allí volveré para Argelia pues.,"Francia: musulmanes, no gracias | Enfoque Europa",DW Español,2015-10-30 18:48:44+00:00,2015,inmigracion
GDYkHwzuuBY,@incognitonafets5118,2021-04-11 03:38:10+00:00,2,Dentro de unos años sera la Union  Europa Musulmana jajajaja...,"Francia: musulmanes, no gracias | Enfoque Europa",DW Español,2015-10-30 18:48:44+00:00,2015,inmigracion
GDYkHwzuuBY,@djgusone7654,2024-09-15 12:10:10+00:00,0,No te puedes fiar de alguien que no come jamón,"Francia: musulmanes, no gracias | Enfoque Europa",DW Español,2015-10-30 18:48:44+00:00,2015,inmigracion
GDYkHwzuuBY,@FontanaBlancaA.M,2021-02-01 16:55:51+00:00,1,Este canal debe ser de extrema izquierda .no????,"Francia: musulmanes, no gracias | Enfoque Europa",DW Español,2015-10-30 18:48:44+00:00,2015,inmigracion
GDYkHwzuuBY,@carlpest,2023-07-01 19:00:01+00:00,0,Vean lo de Francia y verán que Melfo tiene razón,"Francia: musulmanes, no gracias | Enfoque Europa",DW Español,2015-10-30 18:48:44+00:00,2015,inmigracion
GDYkHwzuuBY,@isaacavalos2448,2019-08-23 18:47:14+00:00,2,Pues que se vallan y no vuelvan,"Francia: musulmanes, no gracias | Enfoque Europa",DW Español,2015-10-30 18:48:44+00:00,2015,inmigracion
GDYkHwzuuBY,@adamelamiri2229,2022-12-12 20:57:08+00:00,0,Si los países musulmanes no respetan nuestra libertad en sus países y vienen a estos países a intentar imponer a su religión y faltar el respeto a las comunidades que lucha por los derechos humanos porque nosotros deberíamos respetarlos,"Francia: musulmanes, no gracias | Enfoque Europa",DW Español,2015-10-30 18:48:44+00:00,2015,inmigracion
GDYkHwzuuBY,@imanolimanol1646,2022-08-15 19:20:01+00:00,0,"Pues yo soy vasco y no soy latino, mi idioma materno no proviene del latín","Francia: musulmanes, no gracias | Enfoque Europa",DW Español,2015-10-30 18:48:44+00:00,2015,inmigracion
GDYkHwzuuBY,@isabelacosta2186,2020-05-16 03:08:10+00:00,1,"El islam  es una religión no una cultura.. 
Soy de un país occidental también fui cristiana y ahora soy conversa al islam y prefiero mil veces el islam por qué nos vestimos así no es por cultura es por qué Dios lo a dicho en el sagrado Coran leean el coran así van a entender que el islam no es violencia como piensan..
Yo antes pensaba lo mismo que era de terroristas pero me dedique a investigar ahora me siento feliz de ser musulmana y me siento más cerca de Dios .... Lo único que Dios quiere es que seamos conscientes que es único no hay más Dios si no el no le asociemos a nadie junto a el.. también creemos en Jesús.. 
Y si son cristianos recuerden el libre albedrío cada persona es libre de escoger la religión que quiera... Entidad la religiones hay bueno y malos..","Francia: musulmanes, no gracias | Enfoque Europa",DW Español,2015-10-30 18:48:44+00:00,2015,inmigracion
GDYkHwzuuBY,@leonguerrero1132,2025-07-05 13:01:51+00:00,1,"Cristianos SI, musulmanes NO.","Francia: musulmanes, no gracias | Enfoque Europa",DW Español,2015-10-30 18:48:44+00:00,2015,inmigracion
GDYkHwzuuBY,@ppalva3522,2019-07-18 20:19:58+00:00,1,YO  NO  QUIERO   FRANCESES  NI  FRANCESAS............................,"Francia: musulmanes, no gracias | Enfoque Europa",DW Español,2015-10-30 18:48:44+00:00,2015,inmigracion
GDYkHwzuuBY,@jorgemarcos8971,2020-11-10 23:41:51+00:00,0,basta en saudi arabia donde esta la diversidad.,"Francia: musulmanes, no gracias | Enfoque Europa",DW Español,2015-10-30 18:48:44+00:00,2015,inmigracion
GDYkHwzuuBY,@carloscorona2461,2019-07-17 04:01:20+00:00,1,Pinche canal izquierdista,"Francia: musulmanes, no gracias | Enfoque Europa",DW Español,2015-10-30 18:48:44+00:00,2015,inmigracion
GDYkHwzuuBY,@Ghoulsinnombre2,2021-08-24 07:27:52+00:00,0,Un ejemplo es Gran Betraña ya todos son Musulmanes y quedan muy pocos cristianos la mayoria tienen el apellido Khan jaja,"Francia: musulmanes, no gracias | Enfoque Europa",DW Español,2015-10-30 18:48:44+00:00,2015,inmigracion
GDYkHwzuuBY,@ricardomoneo6926,2020-12-01 15:04:54+00:00,1,"O sea que estan excluyendo a los musulmanes por colocar una cruz? La logica no es el fuerte de este canal, típico de los progres","Francia: musulmanes, no gracias | Enfoque Europa",DW Español,2015-10-30 18:48:44+00:00,2015,inmigracion
GDYkHwzuuBY,@sebastianmiguel-n2i,2025-12-22 18:41:10+00:00,0,"El Islam afirma continuar el mensaje de Jesús, pero ni la Torá ni el Evangelio anuncian la llegada de Mahoma. Aunque el Corán dice confirmar las Escrituras anteriores, estas no lo mencionan ni apoyan su profecía. Además, Jesús se presenta como la revelación final y su crucifixión es un hecho históricamente documentado, lo que muestra diferencias doctrinales difíciles de conciliar.


Islam claims to continue the message of Jesus, yet neither the Torah nor the Gospel announces the coming of Muhammad. Although the Qur’an says it confirms previous Scriptures, those texts do not mention or support his prophethood. Furthermore, Jesus presents himself as the final revelation, and his crucifixion is a well-documented historical fact, showing major doctrinal differences.


يدّعي الإسلام أنه امتداد لرسالة يسوع، لكن لا التوراة ولا الإنجيل يعلنان مجيء محمد. ورغم أن القرآن يقول إنه يؤكد الكتب السابقة، فإن هذه الكتب لا تذكر محمدًا ولا تدعم نبوّته. كما أن يسوع يقدّم نفسه باعتباره الإعلان النهائي، وأن صلبه حقيقة تاريخية موثّقة، مما يُظهر اختلافات عقائدية جوهرية.","Francia: musulmanes, no gracias | Enfoque Europa",DW Español,2015-10-30 18:48:44+00:00,2015,inmigracion
GDYkHwzuuBY,@sosagangs865,2023-11-26 21:22:15+00:00,2,Visca el Islam y inshallah 1eros en el mundo,"Francia: musulmanes, no gracias | Enfoque Europa",DW Español,2015-10-30 18:48:44+00:00,2015,inmigracion
GDYkHwzuuBY,@nickywalter8727,2020-11-11 05:31:14+00:00,0,Porque le dicen cristianos a los catolicos?,"Francia: musulmanes, no gracias | Enfoque Europa",DW Español,2015-10-30 18:48:44+00:00,2015,inmigracion
GDYkHwzuuBY,@romayssaemesbahi3148,2020-10-25 18:37:55+00:00,2,"Estoy flipando con los comentarios racistas xenofobos , de verdad sigue habiendo esto en pleno siglo 21","Francia: musulmanes, no gracias | Enfoque Europa",DW Español,2015-10-30 18:48:44+00:00,2015,inmigracion
GDYkHwzuuBY,@estefanilopez2673,2020-11-02 13:11:44+00:00,1,Islamofobia ?? Si   que  se   marchen  como  dice  ese...Argelia  lo  mas  cerca.,"Francia: musulmanes, no gracias | Enfoque Europa",DW Español,2015-10-30 18:48:44+00:00,2015,inmigracion
GDYkHwzuuBY,@Karina-gh6ti,2022-12-15 22:31:40+00:00,1,"El problema con ellos es que quieren implementaría la sharia donde estén en sus barrios o familias, la verdad es que los intolerantes son los musilmanes, los parisinos tienen razón en temerles después cuando lleguen a ser mayoría serán como lobos rapaces contra los infieles porque así lo dicta el Coran","Francia: musulmanes, no gracias | Enfoque Europa",DW Español,2015-10-30 18:48:44+00:00,2015,inmigracion
GDYkHwzuuBY,@pacoporras9303,2020-10-29 16:36:11+00:00,0,YO HICE LA MILI EN SIDI IFNI EN EL AÑO 1967 Y CUANDO VINE A VALENCIA CONTABA A MIS AMIGOS LO QUE PENSABAN LOS MUSULMANES QUE ALGUN DIA VENDRIAN PARA EUROPA Y SOBRE TODO ESPAÑA PORQUE ERA DE ELLOS LES CONTABA A MIS AMIGOS LO QUE NOS OCURRIRIA ALGUN DIA Y SE REIAN DE MI Y ME LLAMABAN LOCO Y EXAJERADO AHORA QUE PASA QUIEN ERA EL LOCO Y DIGO YO EL IDIOTA ESE DE RAHPEL QUE LO SABE TODO (UNA CACA PARA EL ) ESE TIO ES MAS EMBUSTERO QUE PEDRO SANCHEZ BUENO AHORA QUE NOS DEN AJO Y AGUA Y LOS SERVICIOS SECRETOS ESPAÑOLES SON COMO EL RAHPEL ESE LO MISMO NO SE ENTERAN DE LA PELICULA,"Francia: musulmanes, no gracias | Enfoque Europa",DW Español,2015-10-30 18:48:44+00:00,2015,inmigracion
GDYkHwzuuBY,@marcosturla8716,2019-07-12 23:45:12+00:00,0,"Bueno, veo que hay insultos y racismos de ambas partes. No digo nada masa, ya el debate fue bastante...pero una cosa a los musulmanes...de el momento que hay aqui mismo, como en otras partes, musulmanes que quieren europa musulmana y sharya, que sean el 10 u el 20 o 30% de la poblacion isamica,  no deve surprender que hay una parte de los europeos que tienen miedo, y que por precaucion no desean otras llegadas de islamicos. Es asi en europa del este, y en parte en europa occudental. Es verdad que los intelectuales radical chic, los ricos y la iglesia  son en su gran  mayoria por puertas abiertas a todos, pero realmente el peligro de de una islamizacion de europa existe","Francia: musulmanes, no gracias | Enfoque Europa",DW Español,2015-10-30 18:48:44+00:00,2015,inmigracion
GDYkHwzuuBY,@albertogomez5101,2025-04-06 14:18:50+00:00,1,"DW, siempre tan deseosa de calumniar yseguir destruyendo Europa.","Francia: musulmanes, no gracias | Enfoque Europa",DW Español,2015-10-30 18:48:44+00:00,2015,inmigracion
GDYkHwzuuBY,@sapin7517,2019-07-17 21:43:22+00:00,1,este  canal al servicio de los enemigos de cristo..,"Francia: musulmanes, no gracias | Enfoque Europa",DW Español,2015-10-30 18:48:44+00:00,2015,inmigracion
GDYkHwzuuBY,@alfonsomunoz3115,2020-11-19 20:21:48+00:00,0,"Si Europa se tira por ese precipicio, la acomplejada España ira también. Ya somos europeos!!! Viva la UE!!! Vamos de Victoria en Victoria hasta la derrota final!!!","Francia: musulmanes, no gracias | Enfoque Europa",DW Español,2015-10-30 18:48:44+00:00,2015,inmigracion
GDYkHwzuuBY,@niltonfarequipa1316,2020-05-29 06:22:51+00:00,1,Nadie confía en ellos no por su origen ni su religión sino por la atrocidades q hacen gente de su Misma religión pero estoy a favor de que acojan mas a los cristianos q Bueno q mi país no ay musulmanes grasias españoles por el catolicismos en Sudamérica,"Francia: musulmanes, no gracias | Enfoque Europa",DW Español,2015-10-30 18:48:44+00:00,2015,inmigracion
GDYkHwzuuBY,@agarizax,2024-03-31 09:07:58+00:00,1,No se puede ser más políticamente correcto .Este canal no es que no conoce la objetividad es que es patético.,"Francia: musulmanes, no gracias | Enfoque Europa",DW Español,2015-10-30 18:48:44+00:00,2015,inmigracion
GDYkHwzuuBY,@italianospagnolo960,2020-02-12 21:15:39+00:00,1,"Uyyyyu pero si éramos los españoles los mas racistas del mundo
Vamos que somos ogros ...
Viajar por Europa y os dareis cuenta","Francia: musulmanes, no gracias | Enfoque Europa",DW Español,2015-10-30 18:48:44+00:00,2015,inmigracion
GDYkHwzuuBY,@aminaabdelahamed715,2019-04-19 20:15:11+00:00,1,"Es muy fuerte q os pongais de acuerdo en discriminar a personas q no han hecho nada a nadie y q simplemente tienen otras creencias distintas a las vuestras, y es mayor injusticia achacar a todos los musulmanes lo q hacen unos terroristas manejados por politicos q tienen como objetivo difamar al islam,  es muy fácil cometer atrocidades y decir q lo hago en nombre de otros, esa es la realidad, querais o no reconocerla  porque a los q llamais inmigrantes fueron la mano de obra para Europa durante decadas,  y   ahora los quereis hechar  .Sus hijos no conocen otra patria a donde regresar porque simplemente uno es de donde se cría pero lamentablemente hay gente q no siente empatía y solo quiere atacar de manera gratuita, sienten una rabia irracional y un odio tonto y sin sentido.","Francia: musulmanes, no gracias | Enfoque Europa",DW Español,2015-10-30 18:48:44+00:00,2015,inmigracion
GDYkHwzuuBY,@jorgehernanarangovelasquez4703,2019-07-05 21:38:48+00:00,0,"Si a que se acojan refugiados, pero que no se excluyan a minorías no cristianas","Francia: musulmanes, no gracias | Enfoque Europa",DW Español,2015-10-30 18:48:44+00:00,2015,inmigracion
GDYkHwzuuBY,@rtnvsmm7148,2021-05-23 02:42:09+00:00,0,1:26 bueno si no puedes irte callate un rato,"Francia: musulmanes, no gracias | Enfoque Europa",DW Español,2015-10-30 18:48:44+00:00,2015,inmigracion
GDYkHwzuuBY,@alanlozano5176,2024-11-08 17:28:05+00:00,0,quiere trabajar en Francia llevando su cultura para convertirla en Argelia,"Francia: musulmanes, no gracias | Enfoque Europa",DW Español,2015-10-30 18:48:44+00:00,2015,inmigracion
GDYkHwzuuBY,@stevengavilan,2021-05-18 07:02:53+00:00,1,"Díganles a todos esos refugiados que si desean ingresar a europa entonces deben aceptar a Jesucristo como su señor y Salvador. 

Y educarse en la fe cristiana y verán como se devuelven por montones. 

Eso es como echarles repelente. 

Mencionales la palabra de Jesucristo y veras como te cambian la cara.","Francia: musulmanes, no gracias | Enfoque Europa",DW Español,2015-10-30 18:48:44+00:00,2015,inmigracion
GDYkHwzuuBY,@andresrivadeneira2218,2026-05-14 20:09:27+00:00,0,Sus barrios ósea q ya tienen sus barrios en francia,"Francia: musulmanes, no gracias | Enfoque Europa",DW Español,2015-10-30 18:48:44+00:00,2015,inmigracion
GDYkHwzuuBY,@dolfi173,2019-07-26 01:14:41+00:00,1,miente el video porque no es racismo es ayudar a los cristianos perseguidos por los islámicos que desean imponerse sobre la población cristiana,"Francia: musulmanes, no gracias | Enfoque Europa",DW Español,2015-10-30 18:48:44+00:00,2015,inmigracion
GDYkHwzuuBY,@kotecosmos4020,2019-08-07 16:25:21+00:00,1,"Ser anti islám es positivo y deseable, ES BUENO SER ANTI ISLAM.","Francia: musulmanes, no gracias | Enfoque Europa",DW Español,2015-10-30 18:48:44+00:00,2015,inmigracion
GDYkHwzuuBY,@lavidaesunmegamix2022,2024-09-03 20:02:14+00:00,0,PLAN KALERGI,"Francia: musulmanes, no gracias | Enfoque Europa",DW Español,2015-10-30 18:48:44+00:00,2015,inmigracion
GDYkHwzuuBY,@albanomandrilli1206,2022-04-22 11:59:36+00:00,0,Y x q los catolicos tienen que salir a buscar musulmanes?,"Francia: musulmanes, no gracias | Enfoque Europa",DW Español,2015-10-30 18:48:44+00:00,2015,inmigracion
GDYkHwzuuBY,@louarre6060,2020-11-11 00:41:27+00:00,0,"La tolerancia en Francia está por el
Piso. La ignorancia es atrevida. Porque no dedican más tiempo y fondos en ayudar a los jóvenes a ser más tolerantes y aceptar otras religiones he idiomas.","Francia: musulmanes, no gracias | Enfoque Europa",DW Español,2015-10-30 18:48:44+00:00,2015,inmigracion
GDYkHwzuuBY,@Artorias812,2023-04-03 16:49:17+00:00,1,"Si no compartes su verdad, estás mal. Si no aceptas su cultura, en tu país, estás mal. Si no aceptas sus costumbres, estás mal... Cuándo la religión ha hecho algo bueno por la humanidad? Y en términos generales, las personas religiosas traen problemas y su pensamiento retrógrada, solo separa a las personas. Que se queden en sus países donde se casan con niñas o asesinan a las personas en sus calles, vayan a esos países machistas... Esos países, son fundamentalistas y que casualidad que vivan siempre en guerra.","Francia: musulmanes, no gracias | Enfoque Europa",DW Español,2015-10-30 18:48:44+00:00,2015,inmigracion
GDYkHwzuuBY,@joea9993,2020-03-05 14:47:58+00:00,1,"Este canal es claramente parcial, busca crear un pensamiento con sus narrativas 👎","Francia: musulmanes, no gracias | Enfoque Europa",DW Español,2015-10-30 18:48:44+00:00,2015,inmigracion
GDYkHwzuuBY,@politicaalaizquierdaalaizq7332,2021-09-05 07:14:49+00:00,0,Los países mulsumanes son iguales! Nieguenlo!,"Francia: musulmanes, no gracias | Enfoque Europa",DW Español,2015-10-30 18:48:44+00:00,2015,inmigracion
GDYkHwzuuBY,@jhancarlosroperopinto1164,2025-11-15 15:31:09+00:00,0,Estamos en el 2025; el islam está agarrando mucha fuerza en Europa; están ganando terreno,"Francia: musulmanes, no gracias | Enfoque Europa",DW Español,2015-10-30 18:48:44+00:00,2015,inmigracion
GDYkHwzuuBY,@Satoumi14,2024-07-09 00:48:03+00:00,2,Y pensar que ahora tienen mayor poder en europa el islam,"Francia: musulmanes, no gracias | Enfoque Europa",DW Español,2015-10-30 18:48:44+00:00,2015,inmigracion
GDYkHwzuuBY,@Mataco26,2026-06-08 13:46:00+00:00,0,Noooooooooooo chauuuu chau chau,"Francia: musulmanes, no gracias | Enfoque Europa",DW Español,2015-10-30 18:48:44+00:00,2015,inmigracion
GDYkHwzuuBY,@frankjmartinez79,2020-11-05 16:12:10+00:00,0,"Van tarde, llevan colándose por españa décadas y décadas !!!","Francia: musulmanes, no gracias | Enfoque Europa",DW Español,2015-10-30 18:48:44+00:00,2015,inmigracion
GDYkHwzuuBY,@carloscorona2461,2019-07-06 21:04:11+00:00,1,Que hipocresía de izquierda vaya a un país musulmán y a ver si puedes ser cristiano o católico,"Francia: musulmanes, no gracias | Enfoque Europa",DW Español,2015-10-30 18:48:44+00:00,2015,inmigracion
GDYkHwzuuBY,@blackheart6666,2021-03-04 14:39:02+00:00,0,"Ojalá no llegue esto al continente americano, sobre todo en Canadá","Francia: musulmanes, no gracias | Enfoque Europa",DW Español,2015-10-30 18:48:44+00:00,2015,inmigracion
GDYkHwzuuBY,@diegogaray3091,2025-12-16 19:26:47+00:00,0,Jajaja miren como está europa ahora 🤢🤮,"Francia: musulmanes, no gracias | Enfoque Europa",DW Español,2015-10-30 18:48:44+00:00,2015,inmigracion
GDYkHwzuuBY,@beatrizmaldonado1470,2019-06-08 01:56:52+00:00,1,"Yo soy mujer de izquierda y no soporto la religión musulmana. Los musulmanes son teocráticos esto es que son incapaces de separar la política de la religión. Para ellos si quieres gobernar Debes ser musulmán he imponer está religión en la vida diaria. NO son laicos. Su religión los obliga a ser beligerante, represores y exterminadores de otras religiones. Son misóginos; las mujeres no tienen opción ni poder de decisión. No tienen las mujeres derecho de herencia, derecho sobre sus hijos, no se pueden divorciar. El esposo la puede repudiar cuando quiera. Hay lugares donde la mujer no puede salir a la calle, tiene que usar burka, se le casa a los doce o nueve años, se le corta el clítoris, tiene que vivir con otras tres esposas. Etc.","Francia: musulmanes, no gracias | Enfoque Europa",DW Español,2015-10-30 18:48:44+00:00,2015,inmigracion
GDYkHwzuuBY,@loqsemedelagana9350,2020-08-25 01:37:35+00:00,0,Yo aveses no se por qué es verdad que hay y hubo muchos atacaques sexuales por parte de inmigrantes,"Francia: musulmanes, no gracias | Enfoque Europa",DW Español,2015-10-30 18:48:44+00:00,2015,inmigracion
GDYkHwzuuBY,@escalante-,2022-11-09 11:23:10+00:00,0,el alcalde tiene razón. se acabó!,"Francia: musulmanes, no gracias | Enfoque Europa",DW Español,2015-10-30 18:48:44+00:00,2015,inmigracion
GDYkHwzuuBY,@moiseshernandez9651,2021-05-01 16:04:34+00:00,0,"A los ateos los van a dejar entrar?
Jajajaja","Francia: musulmanes, no gracias | Enfoque Europa",DW Español,2015-10-30 18:48:44+00:00,2015,inmigracion
GDYkHwzuuBY,@8888bego,2019-07-05 23:59:25+00:00,1,"Porque no los acojen los paises ricos musulmanes?? Que se vayan a qatar, arabia saudi, a dubai, no son paises multimillonrios?? Pq nos los tienen q mandar a europa con tradicion cristiana","Francia: musulmanes, no gracias | Enfoque Europa",DW Español,2015-10-30 18:48:44+00:00,2015,inmigracion
GDYkHwzuuBY,@giovannydiaz3934,2020-11-16 17:21:33+00:00,0,"Y ahora en 2020 piensan lo mismo del alcalde? Jajaja tenía razón no? Mire que decapitaron a un profesor, o el montón de cosas que hacen los musulmanes contra los demás eso no lo muestran es como ver lo del pasado describe el ahora","Francia: musulmanes, no gracias | Enfoque Europa",DW Español,2015-10-30 18:48:44+00:00,2015,inmigracion
GDYkHwzuuBY,@franciscoramirezramos7211,2019-01-11 01:51:10+00:00,0,Nadie es Racista por que tenga una opinión de lo que cree.ya a nadie le importa que le llamen Racista el mismo derecho tiene el alcalde de llamarles Racistas a esa gente el tendrá sus motivos. Dejemos de machacar de Racismo al que no comparte derechos o opiniones,"Francia: musulmanes, no gracias | Enfoque Europa",DW Español,2015-10-30 18:48:44+00:00,2015,inmigracion
GDYkHwzuuBY,@reynaldoconteron9063,2024-07-13 02:05:59+00:00,0,Para q trabajes a algeria,"Francia: musulmanes, no gracias | Enfoque Europa",DW Español,2015-10-30 18:48:44+00:00,2015,inmigracion
GDYkHwzuuBY,@felixgarcianazco9496,2023-07-13 10:13:18+00:00,0,POR EL BIEN DE FRANCIA LE PEN DEBE ARRASAR,"Francia: musulmanes, no gracias | Enfoque Europa",DW Español,2015-10-30 18:48:44+00:00,2015,inmigracion
GDYkHwzuuBY,@seba3490,2024-01-04 00:20:21+00:00,1,"Por negar al señor jesús 👌🏼 Reino unido, Francia, Alemania, Suecia y paises bajos abandonarón el cristianismo para dejar que su país sea de mayoria musulmana 😂","Francia: musulmanes, no gracias | Enfoque Europa",DW Español,2015-10-30 18:48:44+00:00,2015,inmigracion
GDYkHwzuuBY,@TheSpearMan.26,2020-10-05 23:29:05+00:00,0,"Viva la libertad, el patriotismo y el liberalismo! Abajo el marxismo cultural y socialismo.","Francia: musulmanes, no gracias | Enfoque Europa",DW Español,2015-10-30 18:48:44+00:00,2015,inmigracion
GDYkHwzuuBY,@conejopepito6413,2020-11-11 09:42:44+00:00,0,"Ok. Ahi les enviamos a Colombianos, Peruanos, Ecuatorianos y Salvadorenos!!!","Francia: musulmanes, no gracias | Enfoque Europa",DW Español,2015-10-30 18:48:44+00:00,2015,inmigracion
GDYkHwzuuBY,@spanishmasterpieces5203,2021-09-01 08:50:10+00:00,1,Islam y racismo no es lo mismo. Religion y raza no es lo mismo.,"Francia: musulmanes, no gracias | Enfoque Europa",DW Español,2015-10-30 18:48:44+00:00,2015,inmigracion
GDYkHwzuuBY,@josueeschenmoser5075,2019-07-03 04:09:05+00:00,0,No al Islam!,"Francia: musulmanes, no gracias | Enfoque Europa",DW Español,2015-10-30 18:48:44+00:00,2015,inmigracion
GDYkHwzuuBY,@Kadavish,2019-10-08 19:46:13+00:00,0,"¿Dónde está el racismo, si también se está ayudando a cristianos árabes y en el mismo vídeo se dice?","Francia: musulmanes, no gracias | Enfoque Europa",DW Español,2015-10-30 18:48:44+00:00,2015,inmigracion
GDYkHwzuuBY,@urantiaish,2019-04-21 01:09:08+00:00,1,por q defender tu cultura proteger a los tuyos te vuelve racista xenófobo,"Francia: musulmanes, no gracias | Enfoque Europa",DW Español,2015-10-30 18:48:44+00:00,2015,inmigracion
GDYkHwzuuBY,@SuperNanita123,2019-10-05 02:21:49+00:00,0,Pobres cristianos están llevados,"Francia: musulmanes, no gracias | Enfoque Europa",DW Español,2015-10-30 18:48:44+00:00,2015,inmigracion
GDYkHwzuuBY,@sergioarnoldogonzalezguzma9753,2021-03-25 16:36:12+00:00,0,Es discriminación los musulmanes no son una raza están compuestos por diversas etnias claro quieren los privilegios de la vida europea pero no seguir sus leyes tal como los judíos pues hagan sus estados nacionales.,"Francia: musulmanes, no gracias | Enfoque Europa",DW Español,2015-10-30 18:48:44+00:00,2015,inmigracion
GDYkHwzuuBY,@walthersuquitana1,2025-11-14 15:52:10+00:00,0,Excellent Viva Cristo REY France cristiana no musulmana,"Francia: musulmanes, no gracias | Enfoque Europa",DW Español,2015-10-30 18:48:44+00:00,2015,inmigracion
GDYkHwzuuBY,@kevinherrera1043,2024-09-18 12:21:43+00:00,0,Ya no más musulmanes,"Francia: musulmanes, no gracias | Enfoque Europa",DW Español,2015-10-30 18:48:44+00:00,2015,inmigracion
GDYkHwzuuBY,@xmini-ul7je,2024-09-21 13:40:25+00:00,0,"Espero que todos en el mundo se conviertan al Cristianismo Catolico, porque NUESTRO SEÑOR JESUCRISTO ES EL CAMINO, LA VERDAD, Y LA VIDA, EL UNICO CAMINO QUE NOS LLEVA AL PADRE, Y LA UNICA PUERTA A DIOS PADRE, CHRISTUS VINCIT, CHRISTUS IMPERAT. DEUS BENEDICAT TIBI.","Francia: musulmanes, no gracias | Enfoque Europa",DW Español,2015-10-30 18:48:44+00:00,2015,inmigracion
GDYkHwzuuBY,@limpiezaveloz6362,2019-05-30 16:46:45+00:00,1,Racismo vayanse a vivir a un país musulmán a ver cómo los tratan,"Francia: musulmanes, no gracias | Enfoque Europa",DW Español,2015-10-30 18:48:44+00:00,2015,inmigracion
GDYkHwzuuBY,@patriciacarrerasj8315,2020-11-21 14:40:24+00:00,0,Pagan justos por pecadores! Los buenos musulmanes deben despertar y entender que son los mismos musulmanes los que están provocando esas reacciones.,"Francia: musulmanes, no gracias | Enfoque Europa",DW Español,2015-10-30 18:48:44+00:00,2015,inmigracion
GDYkHwzuuBY,@juanantoniocordova5990,2019-05-26 03:36:31+00:00,1,Adelante contra los Progress!,"Francia: musulmanes, no gracias | Enfoque Europa",DW Español,2015-10-30 18:48:44+00:00,2015,inmigracion
GDYkHwzuuBY,@vicram6485,2019-06-25 00:02:45+00:00,2,"Me regresaría a Argelia, pues va ¿qué esperas?","Francia: musulmanes, no gracias | Enfoque Europa",DW Español,2015-10-30 18:48:44+00:00,2015,inmigracion
GDYkHwzuuBY,@FranciscoVigo-b1e,2024-10-28 17:17:55+00:00,0,"El tachar de racismo a europeos por no aceptar a musulmanes, no es algo nuevo. No es precisamente lo que tenemos en Europa emigrantes musulmanes que se adapten y respeten nuestras costumbres. De Marruecos sale lo peor, los que nada tienen que perder, cuando llegan poco les importa trabajar sólo exigir derechos que en su país no tienen ni núnca tendrán. No es racismo al color de piel ni origen, es respuesta a la actitud que tienen. Esto se va de las manos y si no lo paran los que gobiernan llegará a ser tarde para nosotros","Francia: musulmanes, no gracias | Enfoque Europa",DW Español,2015-10-30 18:48:44+00:00,2015,inmigracion
GDYkHwzuuBY,@williancutipahuarayo7222,2020-10-08 23:55:28+00:00,0,"EL VIDENTE ARGENTINO DIJO
DEJEN DE BUSCAR NUEVAS SEXTAS NUEVAS GUIAS.
APREDE A SER PARTE DE DIOS","Francia: musulmanes, no gracias | Enfoque Europa",DW Español,2015-10-30 18:48:44+00:00,2015,inmigracion
GDYkHwzuuBY,@RomiRodriguez-h6t,2024-06-02 05:20:17+00:00,1,"Si hay algo , que me ha hecho sentir aún más, mi fé cristiana. Rs ver como quieren,, inteoducir el islamismo en europa. Viva Jesucristo!","Francia: musulmanes, no gracias | Enfoque Europa",DW Español,2015-10-30 18:48:44+00:00,2015,inmigracion
GDYkHwzuuBY,@masteroftheuniverse8877,2021-05-17 22:53:13+00:00,1,"Basado en observaciones personales, ni judíos ni musulmanes se integran en otros países, no importa los años que vivan en éstos o si nacieron allí, cuando de costumbres se trata, van por otro carril distinto, como si fueran extranjeros de toda la vida, la paz con ellos, pero esta gente debe estar en su país y no en uno de pensamiento occidental, ser tan permisivos nos llevará a la ruina.","Francia: musulmanes, no gracias | Enfoque Europa",DW Español,2015-10-30 18:48:44+00:00,2015,inmigracion
GDYkHwzuuBY,@H.H.06.14,2018-11-20 04:07:52+00:00,1,se dan cuenta siguan apoyando a los musulmanes pero no se la pasan criticando a Israel y a Estado unidos ellos saben su cuento yo saben porque lo hacen esa gente no conoce de respeto si tú vas a Arabia tienes que vestirte como ellos porque si no le falte al respeto su cultura que cojones pero si ellos vienen a nuestro continente ellos no se van a vestir como nosotros verdad entonces ya dejen de apoyar esa gente haciéndolo víctimas esa gente no conoce de respetos Si dejamos que esa gente se crezca después nosotros la mujeres vamos a tener que vestirnos como esas y vamos a perder los derechos como mujeres,"Francia: musulmanes, no gracias | Enfoque Europa",DW Español,2015-10-30 18:48:44+00:00,2015,inmigracion
GDYkHwzuuBY,@almumundus,2022-04-09 22:38:08+00:00,2,"Las minorías en países musulmanes están extremadamente maltratadas, muchos emigran por eso","Francia: musulmanes, no gracias | Enfoque Europa",DW Español,2015-10-30 18:48:44+00:00,2015,inmigracion
GDYkHwzuuBY,@limpiezaveloz6362,2021-05-18 20:39:19+00:00,1,Pues lárgate a Argelia si no te gusta el racismo francés,"Francia: musulmanes, no gracias | Enfoque Europa",DW Español,2015-10-30 18:48:44+00:00,2015,inmigracion
GDYkHwzuuBY,@estefanilopez2673,2020-11-02 13:13:39+00:00,0,Si   entre  ellos   no  soluciona   que   se  marchen. CLARO  QUE   HAY  RACISMO  EL  DE  ELLOS.,"Francia: musulmanes, no gracias | Enfoque Europa",DW Español,2015-10-30 18:48:44+00:00,2015,inmigracion
GDYkHwzuuBY,@onmywayberlin,2020-11-08 11:48:36+00:00,2,"Musulmanes pueden asilarse en Arabia,  Kuwait,  Brunei, Iran,  Jordania. Alla Ellos se  entienden .","Francia: musulmanes, no gracias | Enfoque Europa",DW Español,2015-10-30 18:48:44+00:00,2015,inmigracion
GDYkHwzuuBY,@totalitarianwarlord4425,2020-10-08 08:03:54+00:00,0,La mayoría que se llenan la boca hablando de los incompatible que es el Islam con la cultura y civilización europea y occidental. Podrían ser igual de tajantes contra un Bosnio o Checheno en el mismo nivel que lo son como Somalíes y Pakistánies? Entre un Albanés (País europeo de mayoría musulmana) Y un Ugandes (País Áfricano de mayoría cristiana) a quien elegirían?,"Francia: musulmanes, no gracias | Enfoque Europa",DW Español,2015-10-30 18:48:44+00:00,2015,inmigracion
GDYkHwzuuBY,@zenishaddai5426,2019-05-23 11:50:59+00:00,1,Que se vaya a su pais para que practiquen sus tradiciones..,"Francia: musulmanes, no gracias | Enfoque Europa",DW Español,2015-10-30 18:48:44+00:00,2015,inmigracion
GDYkHwzuuBY,@sergiogcollado,2026-05-05 06:12:30+00:00,0,"Los atentados en Francia quien los hizo? Musulmanes, no?","Francia: musulmanes, no gracias | Enfoque Europa",DW Español,2015-10-30 18:48:44+00:00,2015,inmigracion
GDYkHwzuuBY,@liecerchav9117,2020-06-17 05:24:39+00:00,0,No podrán librarse del Islam a fuerza política o violencia. El Islam es fuerte donde el cristianismo es debil,"Francia: musulmanes, no gracias | Enfoque Europa",DW Español,2015-10-30 18:48:44+00:00,2015,inmigracion
GDYkHwzuuBY,@araceliolayaonieva,2024-07-13 00:40:57+00:00,0,Fuera de Occidente.,"Francia: musulmanes, no gracias | Enfoque Europa",DW Español,2015-10-30 18:48:44+00:00,2015,inmigracion
GDYkHwzuuBY,@alberpajares4792,2019-10-12 23:59:16+00:00,0,"Bueno, cuando el ejėrcito del pueblo descuartice la anti-democråtica y racista uniõn européa que no me pidan mås dinero que me deben ya un billøn,..","Francia: musulmanes, no gracias | Enfoque Europa",DW Español,2015-10-30 18:48:44+00:00,2015,inmigracion
GDYkHwzuuBY,@pedrocastro5490,2018-09-16 13:09:37+00:00,0,LA VERDAD ES QUE LOS PRIMEROS QUE CREAN RUPTURA Y TENSIÓN SON LOS MUSULMUNES CON SU VISIÓN DEL MUNDO: LOS QUE SON DE ALÁ Y LOS QUE NO SON DE ALÁ; LOS SANTOS Y LOS IMPÍOS,"Francia: musulmanes, no gracias | Enfoque Europa",DW Español,2015-10-30 18:48:44+00:00,2015,inmigracion
GDYkHwzuuBY,@rodmartin5458,2019-07-15 23:53:22+00:00,0,"Cómo olvidar a los europeos invadiendo. Saqueando, Africa y América. Se les olvida muchos.","Francia: musulmanes, no gracias | Enfoque Europa",DW Español,2015-10-30 18:48:44+00:00,2015,inmigracion
GDYkHwzuuBY,@antonioht6192,2023-09-01 01:06:30+00:00,1,Acosos dice. Manda narices la manipulación informativa.,"Francia: musulmanes, no gracias | Enfoque Europa",DW Español,2015-10-30 18:48:44+00:00,2015,inmigracion
GDYkHwzuuBY,@Verowomxm,2021-12-14 06:22:25+00:00,0,1:25 alerta de nena aprovecha progre se victimiza pero que con tus leyes y costumbre cambia pues o guardala en ti pero no vallas dañando a otros que no lo son como difamación.,"Francia: musulmanes, no gracias | Enfoque Europa",DW Español,2015-10-30 18:48:44+00:00,2015,inmigracion
GDYkHwzuuBY,@Smiry,2020-11-29 05:46:43+00:00,2,"Los comentarios no me sorprenden.  Digamos que los españoles / latinos no son famosos por ser tolerantes con otras razas, religiones y incluso entre ellos.","Francia: musulmanes, no gracias | Enfoque Europa",DW Español,2015-10-30 18:48:44+00:00,2015,inmigracion
GDYkHwzuuBY,@bumer44441,2019-06-25 13:16:39+00:00,0,Se les olvida todos los atentados terroristas cometidos por musulmanes en territorio francés en los últimos años. Acaso los franceses están obligados a ignorar u olvidar éstas atrocidades?,"Francia: musulmanes, no gracias | Enfoque Europa",DW Español,2015-10-30 18:48:44+00:00,2015,inmigracion
GDYkHwzuuBY,@oswaldjanco,2019-07-11 12:06:09+00:00,0,que vergüenza!!!! esto es culpa de EE.UU por las torres gemelas.,"Francia: musulmanes, no gracias | Enfoque Europa",DW Español,2015-10-30 18:48:44+00:00,2015,inmigracion
GDYkHwzuuBY,@gustavobrancacho4290,2020-04-02 00:57:37+00:00,0,Islam no Europe et Jesus,"Francia: musulmanes, no gracias | Enfoque Europa",DW Español,2015-10-30 18:48:44+00:00,2015,inmigracion
GDYkHwzuuBY,@duocred1535,2021-10-03 08:07:20+00:00,0,Pero del genocidio armenio y las violaciones masivas de musulmanes? De eso no hablan.,"Francia: musulmanes, no gracias | Enfoque Europa",DW Español,2015-10-30 18:48:44+00:00,2015,inmigracion
GDYkHwzuuBY,@munequitasintetica5405,2018-12-08 23:25:55+00:00,1,El problema de la gente es que sigue pensando que la migración de antes es igual a la actual y nada que ver,"Francia: musulmanes, no gracias | Enfoque Europa",DW Español,2015-10-30 18:48:44+00:00,2015,inmigracion
GDYkHwzuuBY,@hashemforever250,2019-10-07 22:19:32+00:00,0,Defiendan y conserven sus raíces cristianas y vivirán en paz... Acepten el islam y tendrán guerra...,"Francia: musulmanes, no gracias | Enfoque Europa",DW Español,2015-10-30 18:48:44+00:00,2015,inmigracion
GDYkHwzuuBY,@horcod.j,2021-09-08 08:37:20+00:00,0,Samia cúbrete. Pareces occidental.,"Francia: musulmanes, no gracias | Enfoque Europa",DW Español,2015-10-30 18:48:44+00:00,2015,inmigracion
GDYkHwzuuBY,@MetaversoJuliXR,2022-10-27 11:46:42+00:00,0,"Váyanse a un país islámico a ver cómo les respetan su libertad de culto, es gente que huye del problema que en gran parte causa esa religión y quiten poner esas condiciones en los países que los acogen.","Francia: musulmanes, no gracias | Enfoque Europa",DW Español,2015-10-30 18:48:44+00:00,2015,inmigracion
GDYkHwzuuBY,@circusaragonartofficial,2023-10-30 19:20:25+00:00,0,"Pues sera lo que salve la humanidad, habran por supuesto arabes de gran corazon, dee veredad pero los que han apoyado lo de hamas, y dicen que no paso y se alegran de tanta violencia, pues, es mejor que se vayan, los paises musulmanes no tienen nada que ver con occidente, pero no es culpa de nadie , es cultural","Francia: musulmanes, no gracias | Enfoque Europa",DW Español,2015-10-30 18:48:44+00:00,2015,inmigracion
GDYkHwzuuBY,@JoseManuel-wm1lq,2025-12-21 20:38:21+00:00,0,"Llamais racismo a defender nuestra cultura, forma de vida, ciudades, barrios de gente ke no respeta y exige derechos ke no lucho pir ellos, la adaptacion, no es sumision, es vivir y dejar vivir. Esta basura ke biene a perturbar la paz, al contenedor y deportados.😂😂😂😮😮🕊️🕊️🕊️","Francia: musulmanes, no gracias | Enfoque Europa",DW Español,2015-10-30 18:48:44+00:00,2015,inmigracion
GDYkHwzuuBY,@phoenix8498,2020-11-04 11:32:39+00:00,0,"Y cómo no querer a puro cristiano!! A penas hace unos años una vieja musulmana le cortó la cabeza a una niñita de 4 años y salió a las avenidas a exibirla!!! También decapitaron a un maestro hace poco!!! No están siendo racistas, están siendo cuidadosos.","Francia: musulmanes, no gracias | Enfoque Europa",DW Español,2015-10-30 18:48:44+00:00,2015,inmigracion
GDYkHwzuuBY,@JoseRodriguez-cn5mi,2019-09-15 22:53:31+00:00,0,Vivan los cristianos no al mulsumanes,"Francia: musulmanes, no gracias | Enfoque Europa",DW Español,2015-10-30 18:48:44+00:00,2015,inmigracion
GDYkHwzuuBY,@hectorramos9372,2023-02-26 01:25:32+00:00,0,"De chile les mandamos venezolanos si quieren
6.000.000 de inmigrantes ilegales en chile desde 2020 hasta 2023.
Y estos canales son los que  atacan a  quienes non piensen como ellos  progres que apoyan los imposible","Francia: musulmanes, no gracias | Enfoque Europa",DW Español,2015-10-30 18:48:44+00:00,2015,inmigracion
GDYkHwzuuBY,@angela1756,2026-01-24 09:59:02+00:00,0,"PORQUE ESTA GENTE MULSURMANES NO EXIGEN EN SU PAIS Y EN LOS DEMSS SI....ES GENTE QUE HAY QUE TENER MUCHO CUIDADO.  QUIEREN HACERSE DUEÑOS DE TODO QUE SIGAMOS SUS RELIGIONES ..OSEA ESTEMOS MUY ATENTOS....  NOS ENBVIDIA.     TIENEN DOS CARAS.  FUERA QUE SEQUEDEN EN. SU PAIS Y PUNTO.  NOSQUIEREN MANIPULAR A TODOS Y POR HAY NI HABLAR NO.BAMOS A PERMITIR NADA DE ESTA GENTE TENEMOS QUE CUIDARNOS Y NO CAER EN LA TRANPA DE ELLOS. ..MUY ATENTOS A TODA ESTAS MAFIAS 
.....VOX FUERZA QUEREMOS TRANQUILIDAD. . .","Francia: musulmanes, no gracias | Enfoque Europa",DW Español,2015-10-30 18:48:44+00:00,2015,inmigracion
GDYkHwzuuBY,@elcomandoalcohol8053,2019-06-14 14:59:58+00:00,1,"Muy bien Sr Alcalde !! Un país  ,una religión ,!!!!!!!!!!!👏👏👏👏👍👍 Los musulmanes a sus países ,! Porque no se van a Arabia Saudí,????","Francia: musulmanes, no gracias | Enfoque Europa",DW Español,2015-10-30 18:48:44+00:00,2015,inmigracion
GDYkHwzuuBY,@soyyorias8590,2021-04-24 05:27:36+00:00,2,"Realmente siento una gran pena al ver este clase de videos y comentarios racistas sobre que nos vayamos a un pais musulman realmente yo he nacido en españa yo tengo mi nacionalidad española aunque sea musulmana yo no naci aqui para quitarle a la gente nada yo estoy aqui porque quiero y no perjudico a nadie mucha gente opina del islam como algo negativo pero ni siquiera han buscado informacion que justifique eso, siento realmente pena por nuestra sociedad","Francia: musulmanes, no gracias | Enfoque Europa",DW Español,2015-10-30 18:48:44+00:00,2015,inmigracion
GDYkHwzuuBY,@limpiezaveloz6362,2019-05-30 16:49:50+00:00,0,Es pinche canal comunista dw,"Francia: musulmanes, no gracias | Enfoque Europa",DW Español,2015-10-30 18:48:44+00:00,2015,inmigracion
GDYkHwzuuBY,@lizluz3686,2019-11-01 13:51:39+00:00,0,Si el Islam cuidará de su gente como tanto pregonan demagogicamente entonces no tendrian que venir a invadornos a Occidente porque los cristianos nobnosb vamos a Oriente como ellos se meten aquí ?,"Francia: musulmanes, no gracias | Enfoque Europa",DW Español,2015-10-30 18:48:44+00:00,2015,inmigracion
GDYkHwzuuBY,@panmecapanmeca3005,2024-11-18 08:57:23+00:00,0,"No tergiversen la verdad.  La gente está harta de la invasión musulmana.  No son 5 ni 5.000  ( o 24.000 como dicen en un momento del video )  Son miles y miles y miles los que llegan cada día a todos los países de Europa y que además,  cuando están aqui,   no dejan de procrear.  Además,  vienen con exigencias de que se les dé todo lo que necesitan y la mayoría causa problemas de inadaptación,  de formas de vida y de delincuencia.","Francia: musulmanes, no gracias | Enfoque Europa",DW Español,2015-10-30 18:48:44+00:00,2015,inmigracion
GDYkHwzuuBY,@louarre6060,2019-06-22 16:02:51+00:00,1,Que pena no sabia que un país tan bello y supuestamente civilizado fuera tan racista. Por cosas como estas me alegro de vivir en un país como Estados Unidos que tiene tanta tolerancia hacia todas las religiones y culturas. Que vergüenza. 😔,"Francia: musulmanes, no gracias | Enfoque Europa",DW Español,2015-10-30 18:48:44+00:00,2015,inmigracion
GDYkHwzuuBY,@luis9446,2021-06-24 01:52:40+00:00,1,Ojalá lleguen más musulmanes a Europa.,"Francia: musulmanes, no gracias | Enfoque Europa",DW Español,2015-10-30 18:48:44+00:00,2015,inmigracion
GDYkHwzuuBY,@ismab.b3944,2020-07-09 19:55:28+00:00,2,"No os habéis dado cuenta de que Francia gana fama mundial gracias a sus inmigrantes. No son nada sin ellos.
La seleccion francesa de fútbol es la mejor del mundo con el 80% de su equipo de origen africano.
También e la música, todos los casi todos sus cantantes importantes son de origen africano o arabe.
Además los franceses son los que ocuparon primero África y algunos países musulmanes, como Marruecos, Argelia, Túnez...","Francia: musulmanes, no gracias | Enfoque Europa",DW Español,2015-10-30 18:48:44+00:00,2015,inmigracion
GDYkHwzuuBY,@HijosdeArgantonio,2023-06-30 20:35:02+00:00,0,"El islamismo en Francia ha sido buscado por los propios franceses. Ellos concentran a todos los inmigrantes en barrios marginales a las afueras de las ciudades y los medios de comunicación los estigmatizan hasta el extremo. Estos barrios son llamados Banlieues y quienes viven allí sufren de prejuicios y discriminación, tienen dificultades para encontrar empleos y acceder a una educación de calidad, y de hecho muchos evitan pasar por esos barrios y relacionarse con la gente que vive en ellos.
Esto ha provocado que los hijos de los inmigrantes nacidos y criados en los Banlieues no se sientan como franceses a pesar de haber nacido en Francia, porque nunca los han tratado como franceses. Además, el que los franceses no quieran relacionarse con ellos hace que los Banlieues se conviertan básicamente en sociedad separadas y provoca una endogamia cultural, es decir, como son rechazados por los franceses, los árabes solo pueden relacionarse entre ellos mismos, por lo cual no pueden recibir influencia cultural del resto de Francia y se mantienen exactamente las mismas tradiciones que tenían en sus países de origen, creando una ""Miniargelia"" dentro de Francia. Son los mismos franceses los que han impedido la convivencia y el mestizaje cultural.
Sí a que esos niños han crecido dentro de los Banlieues y solo han tenido contacto con otros árabes y no con franceses le sumamos que en las pocas ocasiones que han salido de los Banlieues han sido discriminados por el resto de los franceses, pues el resultado es evidentemente que toda esa gente odia a Francia con todas sus ganas, ¿Y podemos culparlos por eso? Han sido rechazados toda su vida en la tierra en la que nacieron.
Francia no ha intentado asimilarlos o mezclarlos culturalmente, al contrario, se ha empeñado en aislarlos, pues evidentemente que ahora esa gente no se siente francesa. No han vivido en Francia, sino en los Banlieues, que no son muy distintos de los gestos judíos de la Alemania nazi. Lo único que conocen de Francia es que les rechazan por su origen, realmente apenas tienen conocimiento de la sociedad francesa porque nunca se les dejó formar parte de la misma, así que han formado sus propias sociedades.
El extremismo islámico se ha convertido para muchos de esos jóvenes inmigrantes en una forma de liberar su odio, un odio creado por el rechazo que han sufrido toda su vida. Sí ellos hubieran nacido en barrios con mejores infraestructuras y más concertados con el resto de Francia y se hubieran relacionado fluidamente con otros franceses católicos, protestantes, ateos… no habrían sentido nunca ese rechazo y se habrían criado en un entorno mucho más multicultural. Pero han crecido siendo rechazados y en un entorno monocultural cerrado. 
Este es el resultado del clasismo. Esta situación ha sido provocada y auspiciada por la sociedad francesa. Ahora están pagando las consecuencias. 
Y más no vale que nosotros no actuemos como ellos, más no vale que aquellos que rechazan a los musulmanes nunca lleguen al poder, porque aquí en España ya hay muchos musulmanes, y si comienzan a sentirse discriminados, van a acumular cada vez más odio contra España, y al final nos destruirán.
""El hombre que como niño no sea abrazado por su pueblo, como adulto lo quemará para sentir su calor""","Francia: musulmanes, no gracias | Enfoque Europa",DW Español,2015-10-30 18:48:44+00:00,2015,inmigracion
GDYkHwzuuBY,@n-nencanao9986,2019-06-18 12:42:35+00:00,0,"Pues muy mal por el alcalde, debe apoyar a todos los grupos, todos necesitan ayuda","Francia: musulmanes, no gracias | Enfoque Europa",DW Español,2015-10-30 18:48:44+00:00,2015,inmigracion
GDYkHwzuuBY,@castorressa,2025-10-20 00:23:37+00:00,0,"RACISMO EN CONTRA FE LOS MUSULMANES????????😂😂😂😂
QUE DESCAROOOOOO..... SALVEN A FRANCIAA ☝🏻😉..... LES VA LLEGAR EL CALIFATO PRONTO!!!!","Francia: musulmanes, no gracias | Enfoque Europa",DW Español,2015-10-30 18:48:44+00:00,2015,inmigracion
GDYkHwzuuBY,@juanpablosansmarketing,2022-10-30 13:47:35+00:00,0,Que se devuelvan a sus países si tanto les gusta imponer sus creencias b,"Francia: musulmanes, no gracias | Enfoque Europa",DW Español,2015-10-30 18:48:44+00:00,2015,inmigracion
GDYkHwzuuBY,@crisalida_ASMR.,2022-10-22 21:58:43+00:00,0,Respirar en tu propio país se considera racusmo y extrema derecha. Manda huevos.,"Francia: musulmanes, no gracias | Enfoque Europa",DW Español,2015-10-30 18:48:44+00:00,2015,inmigracion
GDYkHwzuuBY,@JoséGilGil14,2024-09-11 13:05:19+00:00,0,MUSULMANES NO GRACIAS QUE PIDAN ASILO EN IRAN AFGANISTÁN O ARABIA SAUDITA Y CHAO,"Francia: musulmanes, no gracias | Enfoque Europa",DW Español,2015-10-30 18:48:44+00:00,2015,inmigracion
GDYkHwzuuBY,@trenes517,2019-08-03 09:25:06+00:00,0,"Que tonteria y si quieres ayudar a los que estan en sillas de ruedas claro haces de menos a los cojos, yo lo veo normal si la iglesia quiere ayudar a cristianos perseguidos que tiene de malo? Que las mezquitas ayuden a musulmanes perseguidos lo veo normal logico y legitimo. Claro ayudas a cristianos perseguidos y les juntas con musulmanes para que los sigan torturando no? En fin esto de ponerse en plan idiota ya toca la moral, cada uno ayuda a quien quiere y punto.","Francia: musulmanes, no gracias | Enfoque Europa",DW Español,2015-10-30 18:48:44+00:00,2015,inmigracion
GDYkHwzuuBY,@todoparadespertar2459,2022-09-06 12:15:09+00:00,0,Vete a sus paises a ver si te acogen y te regalan todo.,"Francia: musulmanes, no gracias | Enfoque Europa",DW Español,2015-10-30 18:48:44+00:00,2015,inmigracion
GDYkHwzuuBY,@xxxxxxxx7135,2020-10-28 15:41:07+00:00,0,la religion es una perdida de tiempo ........,"Francia: musulmanes, no gracias | Enfoque Europa",DW Español,2015-10-30 18:48:44+00:00,2015,inmigracion
GDYkHwzuuBY,@angielorenazaraciparodrigu912,2024-10-25 03:37:30+00:00,0,INVASION ISLAMICA 😢🙅‍♀️❌❌❌❌❌❌,"Francia: musulmanes, no gracias | Enfoque Europa",DW Español,2015-10-30 18:48:44+00:00,2015,inmigracion
GDYkHwzuuBY,@jenniferbatistaoficial,2021-03-29 20:01:37+00:00,0,No es discriminación.  Por Dios.,"Francia: musulmanes, no gracias | Enfoque Europa",DW Español,2015-10-30 18:48:44+00:00,2015,inmigracion
GDYkHwzuuBY,@yamicanada,2018-12-19 04:55:50+00:00,0,👍👍,"Francia: musulmanes, no gracias | Enfoque Europa",DW Español,2015-10-30 18:48:44+00:00,2015,inmigracion
GDYkHwzuuBY,@luisitoluisito2650,2021-06-19 05:26:25+00:00,0,"Esta bien, que los acojan paises musulmanes, y que dejen a los paises de mayoria cristiana!!!!","Francia: musulmanes, no gracias | Enfoque Europa",DW Español,2015-10-30 18:48:44+00:00,2015,inmigracion
GDYkHwzuuBY,@Ivan-wo5ue,2019-07-06 17:32:10+00:00,0,"Felizmente no creo en ningún dios, me puedo adaptar a cualquiera para sobrevivir","Francia: musulmanes, no gracias | Enfoque Europa",DW Español,2015-10-30 18:48:44+00:00,2015,inmigracion
GDYkHwzuuBY,@daniegarcia8318,2020-05-28 00:26:37+00:00,0,"Muy Bien Carajo
Y si no lees Gusta las Normas de un País = Que se Largen  a otros países musulmanuchos : malasya, ..etc 
Sol🌎  Hay un Dios y su hijo Jesucristus el Maestro !!!!!!
Y Punto!!!!!!!!!","Francia: musulmanes, no gracias | Enfoque Europa",DW Español,2015-10-30 18:48:44+00:00,2015,inmigracion
GDYkHwzuuBY,@thechahuru,2019-06-30 18:29:26+00:00,0,Queremos ley sharia en España ya!!!!,"Francia: musulmanes, no gracias | Enfoque Europa",DW Español,2015-10-30 18:48:44+00:00,2015,inmigracion
GDYkHwzuuBY,@racembouzid3770,2022-09-29 10:22:31+00:00,1,"Cuanta malicia y odio hacia nuestra religión. Qué vergüenza. No hay respeto ni amor, y como musulmán amo y respeto a Espa","Francia: musulmanes, no gracias | Enfoque Europa",DW Español,2015-10-30 18:48:44+00:00,2015,inmigracion
GDYkHwzuuBY,@walterpereira4208,2019-06-26 21:51:40+00:00,0,La Iglesia Católica discriminando? Cuando? Jajajaja (léase con sarcasmo.),"Francia: musulmanes, no gracias | Enfoque Europa",DW Español,2015-10-30 18:48:44+00:00,2015,inmigracion
GDYkHwzuuBY,@simowadadi283,2020-04-13 12:20:26+00:00,0,🇲🇦🇲🇦🇲🇦🇲🇦🇲🇦🇲🇦🇲🇦🇲🇦💪💪💪💪💪💪,"Francia: musulmanes, no gracias | Enfoque Europa",DW Español,2015-10-30 18:48:44+00:00,2015,inmigracion
GDYkHwzuuBY,@Dawn-ce8hr,2020-11-17 02:22:23+00:00,0,El racismo e islamófobia debe terminar.,"Francia: musulmanes, no gracias | Enfoque Europa",DW Español,2015-10-30 18:48:44+00:00,2015,inmigracion
GDYkHwzuuBY,@saulonefi4732,2021-09-02 06:37:59+00:00,1,No entiendo porque no les gusta el Islam es una religión de amor y orden.,"Francia: musulmanes, no gracias | Enfoque Europa",DW Español,2015-10-30 18:48:44+00:00,2015,inmigracion
GDYkHwzuuBY,@luisagim7861,2020-11-03 12:56:06+00:00,0,"Lo que no encaja es el rasismo, porque no todos los musulmanes somos terroristas","Francia: musulmanes, no gracias | Enfoque Europa",DW Español,2015-10-30 18:48:44+00:00,2015,inmigracion
pIT0lnZ8kOA,@nataliarusa3389,2016-09-15 22:11:02+00:00,1,Perriodismo,Miles de inmigrantes malviven en la frontera francesa de Calais,laSexta Noticias,2015-06-21 17:47:04+00:00,2015,inmigracion
pIT0lnZ8kOA,@ECTOPLASTA,2019-02-13 18:33:31+00:00,0,2015 fue la epoca oscura del Canal de la Mancha.,Miles de inmigrantes malviven en la frontera francesa de Calais,laSexta Noticias,2015-06-21 17:47:04+00:00,2015,inmigracion
pIT0lnZ8kOA,@azsur4991,2015-09-04 04:14:29+00:00,0,resultados del apoyo que le dan a EEUU. perder y perder una Europa boba.,Miles de inmigrantes malviven en la frontera francesa de Calais,laSexta Noticias,2015-06-21 17:47:04+00:00,2015,inmigracion
sZnOv3V6Lvc,@ivanapaola1449,2026-07-12 17:37:39+00:00,0,Muy bueno!,La inmigración silenciosa,Doctolmuelte,2015-11-07 11:02:15+00:00,2015,inmigracion
oEcO3ygXwY0,@charlini9558,2022-07-02 04:08:49+00:00,13,Argentina país generoso. Que nadie olvide eso.,Testimonios de Migrantes en Argentina,Canal UNTREF,2015-10-23 13:50:13+00:00,2015,inmigracion
oEcO3ygXwY0,@enzobertocci3873,2020-12-31 21:08:43+00:00,7,Mi abuelo vino de Italia y dice que el barco tardó 27 días para llegar,Testimonios de Migrantes en Argentina,Canal UNTREF,2015-10-23 13:50:13+00:00,2015,inmigracion
oEcO3ygXwY0,@yuthielsaavedra8987,2020-08-25 23:55:09+00:00,60,"Yo vine desde Pakistán, Argentina tiene algo que a mi familia le llamo la atención que hasta el día de hoy no me dicen, se que Argentina es muy corrupto, pero por lo menos podemos comer y puedo dormir bien sin pensar que en cualquier momento una bomba nuclear india me va a caer encima GRACIAS ARGENTINA",Testimonios de Migrantes en Argentina,Canal UNTREF,2015-10-23 13:50:13+00:00,2015,inmigracion
oEcO3ygXwY0,@hectordanielcarvalho2809,2022-07-01 20:59:34+00:00,6,"mi abuela se embarco con 24 años y una beba de meses , en 1923. Era de Portonovo ( Pontevedra) y vino a Montevideo . Años despues reclamo a un hermano y flia. A Buenos Aires llego otra hermana.",Testimonios de Migrantes en Argentina,Canal UNTREF,2015-10-23 13:50:13+00:00,2015,inmigracion
oEcO3ygXwY0,@GalwenYtT,2021-02-03 19:08:33+00:00,8,"Gracias por compartir esas experiencias,enriquecen nuestras historias",Testimonios de Migrantes en Argentina,Canal UNTREF,2015-10-23 13:50:13+00:00,2015,inmigracion
oEcO3ygXwY0,@abijacques,2016-12-21 05:43:46+00:00,30,"Mi abuela tambien vino de españa, y tardo 21 dias en barco",Testimonios de Migrantes en Argentina,Canal UNTREF,2015-10-23 13:50:13+00:00,2015,inmigracion
oEcO3ygXwY0,@ireneszijan1621,2016-01-18 06:19:10+00:00,22,"Hola, tienen la entrevista que me hicieron? Quisisera subir el video pero desde el cd que me dieron es imposible. Gracias",Testimonios de Migrantes en Argentina,Canal UNTREF,2015-10-23 13:50:13+00:00,2015,inmigracion
oEcO3ygXwY0,@anajimenez8548,2021-06-20 04:03:12+00:00,5,mi tatarabuela vino desde australia y mi mama dice que no se le entendia muy bien lo que decia,Testimonios de Migrantes en Argentina,Canal UNTREF,2015-10-23 13:50:13+00:00,2015,inmigracion
oEcO3ygXwY0,@juandazevedo8820,2021-09-30 20:10:39+00:00,0,Soy colombiano y llegue en colectivo o bondi,Testimonios de Migrantes en Argentina,Canal UNTREF,2015-10-23 13:50:13+00:00,2015,inmigracion
oEcO3ygXwY0,@chiarazamparutto1061,2020-08-10 18:38:03+00:00,4,Hola. En qué año vino Elida a la Argentina?? Necesito esta respuesta para una tarea,Testimonios de Migrantes en Argentina,Canal UNTREF,2015-10-23 13:50:13+00:00,2015,inmigracion
oEcO3ygXwY0,@Nacho_r0ld4n,2021-05-10 14:32:34+00:00,3,joder que gran historia tio me e emocionado  macho {frase de auron},Testimonios de Migrantes en Argentina,Canal UNTREF,2015-10-23 13:50:13+00:00,2015,inmigracion
oEcO3ygXwY0,@ryoneeeeee5006,2024-08-21 01:27:10+00:00,0,Ostia tio,Testimonios de Migrantes en Argentina,Canal UNTREF,2015-10-23 13:50:13+00:00,2015,inmigracion
oEcO3ygXwY0,@tomibruni2328,2020-08-06 17:19:20+00:00,2,alguien sabe cuanto tiempo levaba en venir de españa a argentina en esos tiempos?,Testimonios de Migrantes en Argentina,Canal UNTREF,2015-10-23 13:50:13+00:00,2015,inmigracion
oEcO3ygXwY0,@henryarias9442,2019-06-02 02:58:34+00:00,7,Que triste historia ..pero el todopoderoso es misericordia,Testimonios de Migrantes en Argentina,Canal UNTREF,2015-10-23 13:50:13+00:00,2015,inmigracion
oEcO3ygXwY0,@Belenizaguirre94,2020-07-07 20:31:40+00:00,6,Es muy triste su historia Like si fue triste,Testimonios de Migrantes en Argentina,Canal UNTREF,2015-10-23 13:50:13+00:00,2015,inmigracion
oEcO3ygXwY0,@silvinaferrero1521,2020-10-07 16:46:31+00:00,2,Mi NONA BINO  DESDE ITALIA,Testimonios de Migrantes en Argentina,Canal UNTREF,2015-10-23 13:50:13+00:00,2015,inmigracion
oEcO3ygXwY0,@claytongraham_,2018-12-06 20:04:04+00:00,5,Esta muy guapa,Testimonios de Migrantes en Argentina,Canal UNTREF,2015-10-23 13:50:13+00:00,2015,inmigracion
oEcO3ygXwY0,@ludmilazaccara8000,2021-06-18 22:37:16+00:00,2,pobre señora todo lo que sufrio a los 9 años fue muy duro,Testimonios de Migrantes en Argentina,Canal UNTREF,2015-10-23 13:50:13+00:00,2015,inmigracion
oEcO3ygXwY0,@deckiedeckie,2024-03-15 12:18:41+00:00,2,Argentina no dio NADA a nadie.....lo obro todo!!,Testimonios de Migrantes en Argentina,Canal UNTREF,2015-10-23 13:50:13+00:00,2015,inmigracion
oEcO3ygXwY0,@juancitoguzzo4150,2019-08-09 15:29:56+00:00,0,Douuuu,Testimonios de Migrantes en Argentina,Canal UNTREF,2015-10-23 13:50:13+00:00,2015,inmigracion
oEcO3ygXwY0,@bifftannen4560,2019-05-19 07:06:50+00:00,3,villa garcia de arousa o arosa no aroza 😱😱,Testimonios de Migrantes en Argentina,Canal UNTREF,2015-10-23 13:50:13+00:00,2015,inmigracion
oEcO3ygXwY0,@i-markex534,2019-10-06 17:46:50+00:00,3,F por nosotros,Testimonios de Migrantes en Argentina,Canal UNTREF,2015-10-23 13:50:13+00:00,2015,inmigracion
oEcO3ygXwY0,@tigerarkan5219,2020-10-14 23:39:29+00:00,0,"Karma le dicen
Ahora son los argentinos los que llenan nuestras calles
Se la devolvimos con creces.",Testimonios de Migrantes en Argentina,Canal UNTREF,2015-10-23 13:50:13+00:00,2015,inmigracion
oEcO3ygXwY0,@santinoruiz1635,2020-05-29 13:29:46+00:00,0,MUY MALO,Testimonios de Migrantes en Argentina,Canal UNTREF,2015-10-23 13:50:13+00:00,2015,inmigracion
bcMKgAQhRqA,@danieloneroner,2015-04-01 09:31:15+00:00,0,En un año será 1 millón más.,"Tres años después, 800.000 inmigrantes volverán a tener acceso a la asistencia sanitaria",laSexta Noticias,2015-03-31 16:02:54+00:00,2015,inmigracion
Bxl4kB_OlAY,@movement2397,2015-09-04 23:23:14+00:00,4,3.000 mas y sus familiares y conocidos etc..... no tenemos bastante con los que cruzan el estrecho? que no son pocos eeh...,3.500 sirios han solicitado asilo en España en la primera mitad del año,Antena 3 Noticias,2015-09-04 21:02:18+00:00,2015,inmigracion
Bxl4kB_OlAY,@soterocruz4630,2016-02-23 02:06:39+00:00,0,En México tenemos espacio para unos 10000 de ellos envíen los para México ellos son bienvenidos hay mucho territorio que pueden ocupar  no necesitan ir a suramerica ,3.500 sirios han solicitado asilo en España en la primera mitad del año,Antena 3 Noticias,2015-09-04 21:02:18+00:00,2015,inmigracion
Bxl4kB_OlAY,@chrisaustin7644,2017-08-23 04:46:26+00:00,0,"Y a los dominicanos nos llaman racistas, aquí hay un montón de xenófobos y trauma dos con el estado islámico. Que catalogan hasta los civiles como terroristas, siendo ellos los que más sufren.",3.500 sirios han solicitado asilo en España en la primera mitad del año,Antena 3 Noticias,2015-09-04 21:02:18+00:00,2015,inmigracion
Bxl4kB_OlAY,@scar5948,2015-09-16 04:59:19+00:00,0,Soy mexicana cren que espana me de asilo,3.500 sirios han solicitado asilo en España en la primera mitad del año,Antena 3 Noticias,2015-09-04 21:02:18+00:00,2015,inmigracion
Bxl4kB_OlAY,@fabiancontreras5628,2017-04-16 21:56:56+00:00,0,que le pasa a los Españoles ayuden x favor.,3.500 sirios han solicitado asilo en España en la primera mitad del año,Antena 3 Noticias,2015-09-04 21:02:18+00:00,2015,inmigracion
Bxl4kB_OlAY,@javijauregui3558,2018-05-24 14:11:07+00:00,0,60000 kmts recorerian no se oedan en ningun pais arabe alli les hazen trabajar aki el estafo de vienestar  adivina donde iran,3.500 sirios han solicitado asilo en España en la primera mitad del año,Antena 3 Noticias,2015-09-04 21:02:18+00:00,2015,inmigracion
Bxl4kB_OlAY,@sinnombre3879,2015-11-21 23:29:34+00:00,1,nos bombardeais y ahora quereis que os demo refugio 😂😂,3.500 sirios han solicitado asilo en España en la primera mitad del año,Antena 3 Noticias,2015-09-04 21:02:18+00:00,2015,inmigracion
Bxl4kB_OlAY,@pboy9875,2015-09-05 00:05:32+00:00,2,"Por que no te quedas en Marruecos amigo? Ah claro, ya que estás por qué no ir a  España con mejores condiciones.",3.500 sirios han solicitado asilo en España en la primera mitad del año,Antena 3 Noticias,2015-09-04 21:02:18+00:00,2015,inmigracion
Bxl4kB_OlAY,@jaquelinaclaure6388,2019-01-01 10:08:51+00:00,0,Soy Argentina  y sólo vengo  a decir  Sinceramente que todos los paises menos siria obvio tendriamos q hechar a los de siria esos sirianos van a traer problema,3.500 sirios han solicitado asilo en España en la primera mitad del año,Antena 3 Noticias,2015-09-04 21:02:18+00:00,2015,inmigracion
oFivbwoHxN0,@231de300,2015-09-06 11:59:18+00:00,0,"siempre tendréis el derecho a decidir y déclarar la independencia de las zonas de España donde os juntéis y seáis mayoría, podéis hacer un estado islamico nuevo en la península y después hundirlo y migrar a otro xd...",Varias ciudades españolas se preparan para convertirse en refugios de migrantes,laSexta Noticias,2015-09-05 17:27:56+00:00,2015,inmigracion
EFP07JWNllU,@higuaind10s4,2017-09-23 03:46:38+00:00,16,"Qué bien,ahora Europa en menos de 10 años terminará como Latinoamérica. . .",Europa ante el gran problema de la inmigración,euronews (en español),2015-08-11 17:44:44+00:00,2015,inmigracion
EFP07JWNllU,@antoniomayo7171,2017-11-22 18:00:06+00:00,3,Gracias a este vídeo hice mis debéres de Lengua 😂😂,Europa ante el gran problema de la inmigración,euronews (en español),2015-08-11 17:44:44+00:00,2015,inmigracion
EFP07JWNllU,@diegodelperu409,2022-03-15 05:04:13+00:00,7,Gran reemplazo...,Europa ante el gran problema de la inmigración,euronews (en español),2015-08-11 17:44:44+00:00,2015,inmigracion
EFP07JWNllU,@andresgamboa4848,2022-04-09 10:03:56+00:00,4,El gran reemplazo...,Europa ante el gran problema de la inmigración,euronews (en español),2015-08-11 17:44:44+00:00,2015,inmigracion
EFP07JWNllU,@felixgarcia9540,2018-06-15 21:12:43+00:00,4,"SI ESTA ENTRADA POR TIEREA MAR Y AIRE NO LA PARAN ESTO ACABARA MAL HAY QYE AUMENTAR VIGILANCIA E IMEDIR ESTA INVASION SILENCIOSA,  ESPAÑA ESTA MAL HAY MUCHO PARO Y ESTA GUENTE ( SOBRA) AQUI QYE LOS AYUDEN EN SUS PAISES!",Europa ante el gran problema de la inmigración,euronews (en español),2015-08-11 17:44:44+00:00,2015,inmigracion
EFP07JWNllU,@melabufabro,2022-03-03 17:49:48+00:00,4,Todo el dinero q se les da a estos... Y los jóvenes en la miseria o viviendo con los padres ... Natalidad bajando,Europa ante el gran problema de la inmigración,euronews (en español),2015-08-11 17:44:44+00:00,2015,inmigracion
EFP07JWNllU,@flowmax265,2022-05-26 22:17:12+00:00,0,Quédense con su dinero!!,Europa ante el gran problema de la inmigración,euronews (en español),2015-08-11 17:44:44+00:00,2015,inmigracion
EFP07JWNllU,@ratoncitoperez6994,2018-11-03 10:13:58+00:00,3,"pero si lo he dicho 1000 veces , que se vayan a los paises del golfo",Europa ante el gran problema de la inmigración,euronews (en español),2015-08-11 17:44:44+00:00,2015,inmigracion
EFP07JWNllU,@review3162,2023-03-31 06:16:00+00:00,0,"Menos demografía europea y los inmigrantes en edad de trabajo vienen a europa en masa.y la inmigración que viene no aporta nada solo la depauperacion de los trabajos y abaratamientos de los salarios y la destrucción cultural y étnicamente, tradiciónes, costumbres.que a su vez trae marginación, guetos,delincuencia.y tensión culturales y raciales.europa se hace cada vez mas vieja y los inmigrantes mas jóvenes con una demografía excelente.el adoctrinamiento que se le hace a la juventud de la cultura del aborto y que es una carga tener un hijo la teorías de género que dividen la sociedad Europea.y el posmodernismo ideologíco que esta haciendo estragos cada dia mas en la sociedad Europea y en la politica actual que solo esta al servicio de la globalización y implantar un sistema cosmopolita.un cultura parecida a la estado unidense que es la de consumidor adicto para mantener el monopolio.una cultura,valores, moral y principios nefastos son el pan de la Juventud actual que no tiene una cultura del esfuerzo y el honor.y una sociedad Europea mas debil que nunca y divida.mientras que los inmigrantes mas unidos como puede ser los guetos terribles islámicos donde la sharia campa a sus anchas y los inmigrantes que tienen la cultura destructiva como lo son la mayoría en Barcelona que son gente desarraigada que no tienen una cultura ni la suya ni la del territorio que emigran.

Con todos estos factores podemos hablar de el  gran remplazo cultural,racial.",Europa ante el gran problema de la inmigración,euronews (en español),2015-08-11 17:44:44+00:00,2015,inmigracion
EFP07JWNllU,@Nell24TXIMELETA,2015-08-11 19:47:19+00:00,18,"Yo daré mi opinión honesta y sincera sobre esto, Europa tiene que tener mucho cuidado con estos inmigrantes ¿Por que? porque esta es gente es en extremo religiosa, yo soy latina America y repudio a cualquier latino americano que vaya a europa cagar el país que te da una mano amiga pero seria penoso que ahora...seria penoso que uds (europa) que han dejado atrás sus conflictos religiosos ahora les venga uno nuevo con gente que se fue de la guerra pero siguen pensando que no hay que aceptar mayor religión que la suya. Hay que recordarles que YA NO ESTÁN EN SU PAÍS y que se tienen que olvidar de faltarle el respeto a otras religiones (principalmente porque parece que no conocen otro cosa mas que matarse los unos a los otros), por todo lo demás bueno..hay que entender que la situación de ellos no es fácil pero mucho cuidado europa. (esto lo hago pensando en los que vienen huyendo de una guerra religiosa) Con todo mi respeto y preocupación.",Europa ante el gran problema de la inmigración,euronews (en español),2015-08-11 17:44:44+00:00,2015,inmigracion
X0mU_UobJ5k,@ruht1000,2016-04-14 00:43:36+00:00,16,"Solo un 30% son refugiados sirios, lo dice un informe del Real Instituto El Cano. La mayoría son inmigrantes","Orbán: &quot;Si dejamos entrar a todos los inmigrantes, Europa se va a pique&quot;",Antena 3 Noticias,2015-09-12 18:20:23+00:00,2015,inmigracion
X0mU_UobJ5k,@ikerariznacuentos,2023-09-30 19:44:19+00:00,5,El tiempo le dio la razón.,"Orbán: &quot;Si dejamos entrar a todos los inmigrantes, Europa se va a pique&quot;",Antena 3 Noticias,2015-09-12 18:20:23+00:00,2015,inmigracion
X0mU_UobJ5k,@annajanegongora3447,2018-08-09 02:33:13+00:00,6,"A ver si los venezolanos ven este video y noten la diferencia con que se los recibe en los países vecinos, en especial Perú.","Orbán: &quot;Si dejamos entrar a todos los inmigrantes, Europa se va a pique&quot;",Antena 3 Noticias,2015-09-12 18:20:23+00:00,2015,inmigracion
X0mU_UobJ5k,@pelayocampeador3896,2016-06-11 18:36:04+00:00,11,"No existe la cruz roja? pero si después rechazan los paquetes porque llevan una cruz (símbolo cristiano). 20% solo son sirios, y los países árabes, más cercanos culturalmente, idioma, etc... se desentiende. D.E.P. Europa.","Orbán: &quot;Si dejamos entrar a todos los inmigrantes, Europa se va a pique&quot;",Antena 3 Noticias,2015-09-12 18:20:23+00:00,2015,inmigracion
X0mU_UobJ5k,@JG_GAMER_YOUTUBE,2015-09-12 19:20:26+00:00,9,JODER K NO LOS DEGEN ENTRA,"Orbán: &quot;Si dejamos entrar a todos los inmigrantes, Europa se va a pique&quot;",Antena 3 Noticias,2015-09-12 18:20:23+00:00,2015,inmigracion
X0mU_UobJ5k,@limpiezaveloz6362,2018-11-01 21:00:02+00:00,5,Bien por ellos ojalá se vayan al desierto más seco del mundo y no salgan viva europa y toda América desde Argentina hasta Canadá para el cristianismo,"Orbán: &quot;Si dejamos entrar a todos los inmigrantes, Europa se va a pique&quot;",Antena 3 Noticias,2015-09-12 18:20:23+00:00,2015,inmigracion
X0mU_UobJ5k,@yenbmg800,2018-08-31 14:30:09+00:00,2,"Que pasara Europa y Sudamérica están en problemas por migración excesiva de personas, que desgracia y todo por gobernantes incompetentes.","Orbán: &quot;Si dejamos entrar a todos los inmigrantes, Europa se va a pique&quot;",Antena 3 Noticias,2015-09-12 18:20:23+00:00,2015,inmigracion
X0mU_UobJ5k,@movement2397,2015-09-12 19:07:37+00:00,1,No me jodas?!(ironia) si es lo que buscan...,"Orbán: &quot;Si dejamos entrar a todos los inmigrantes, Europa se va a pique&quot;",Antena 3 Noticias,2015-09-12 18:20:23+00:00,2015,inmigracion
X0mU_UobJ5k,@alezgonz22,2026-02-11 21:31:44+00:00,1,Hola es 2026 y Europa cayo esta en la miseria,"Orbán: &quot;Si dejamos entrar a todos los inmigrantes, Europa se va a pique&quot;",Antena 3 Noticias,2015-09-12 18:20:23+00:00,2015,inmigracion
X0mU_UobJ5k,@sergiopiva4340,2018-08-30 19:24:59+00:00,0,presto avrete i nostri stessi problemi cari Spagnoli di Sanchez,"Orbán: &quot;Si dejamos entrar a todos los inmigrantes, Europa se va a pique&quot;",Antena 3 Noticias,2015-09-12 18:20:23+00:00,2015,inmigracion
X0mU_UobJ5k,@riddickmaster78,2024-08-07 18:57:43+00:00,2,orban tiene toda la razón.,"Orbán: &quot;Si dejamos entrar a todos los inmigrantes, Europa se va a pique&quot;",Antena 3 Noticias,2015-09-12 18:20:23+00:00,2015,inmigracion
X0mU_UobJ5k,@sahraxxxgrt1415,2018-08-17 14:00:46+00:00,1,"Adonde estan su fe a dios y a su unico hijo jesus!!vienen y hacen los que les da gana!!aunque no todos!! y quieren que se les dea todo !! mis suegros an trabajado mucho para esta generacion de sus hijos! El sistema social!y ellos se aprovechan mal agradecidos!!,No mas musulmanes!!🤔🤔","Orbán: &quot;Si dejamos entrar a todos los inmigrantes, Europa se va a pique&quot;",Antena 3 Noticias,2015-09-12 18:20:23+00:00,2015,inmigracion
X0mU_UobJ5k,@Mataco26,2026-06-08 13:43:24+00:00,0,Bye bye,"Orbán: &quot;Si dejamos entrar a todos los inmigrantes, Europa se va a pique&quot;",Antena 3 Noticias,2015-09-12 18:20:23+00:00,2015,inmigracion
J58Luk0QMb4,@antonioaspron6748,2025-03-25 10:43:54+00:00,1,"Mi bisabuelo llegó en 1903 y me interesa mucho saber las causas, investigar de dónde salió, en qué vapor a donde llegó porque se estableció en Oaxaca, etc este libro amplía mi panorama gracias","INMIGRACIÓN Y RETORNO, ESPAÑOLES EN LA CIUDAD DE  MÉXICO, 1900-1936",BRUNO COCA ARENAS,2015-06-01 08:12:04+00:00,2015,inmigracion
J58Luk0QMb4,@gabrielsandoval7880,2025-10-02 03:32:14+00:00,1,"Mi bisabuela llego a Mexico unpoco despues de 1900 no recuerdo exactamente cuando cuando ,me contaba de su vidaen España yo tenia 6  años,  ella vino en un vapor y eran de Alcala De Henares sus apellidos eran Reyes Valdez","INMIGRACIÓN Y RETORNO, ESPAÑOLES EN LA CIUDAD DE  MÉXICO, 1900-1936",BRUNO COCA ARENAS,2015-06-01 08:12:04+00:00,2015,inmigracion
J58Luk0QMb4,@chrystalsalazar,2018-11-24 07:19:32+00:00,0,Necesitamos a Alicia Gil en El problema de crisis migratoria masiva en Tijuana.,"INMIGRACIÓN Y RETORNO, ESPAÑOLES EN LA CIUDAD DE  MÉXICO, 1900-1936",BRUNO COCA ARENAS,2015-06-01 08:12:04+00:00,2015,inmigracion
J58Luk0QMb4,@octavioospina2431,2017-01-24 10:16:53+00:00,0,hola muy diciente,"INMIGRACIÓN Y RETORNO, ESPAÑOLES EN LA CIUDAD DE  MÉXICO, 1900-1936",BRUNO COCA ARENAS,2015-06-01 08:12:04+00:00,2015,inmigracion
J58Luk0QMb4,@jusueavila4968,2015-12-25 04:59:30+00:00,1,soy mexicano y en el pais me dicen gachupin o que no soy mexicano y en el extranjero todos me preguntan de donde soy no logran discernir y los españoles que  e encontrado en el camino me miran con desprecio soy descendiente de Asturiano y Guipuzcoano CABENZOTZ aún tengo familiares en España es posible y no se con es actitud el lugar mi familiares demasiado resentidos con la guerra civil y hoy en día mi curiosidad X mi origen y quiero conocer  España espero que no me discriminen X ser mexicano,"INMIGRACIÓN Y RETORNO, ESPAÑOLES EN LA CIUDAD DE  MÉXICO, 1900-1936",BRUNO COCA ARENAS,2015-06-01 08:12:04+00:00,2015,inmigracion
J58Luk0QMb4,@nikkikerr9229,2018-11-06 07:15:09+00:00,0,Regresen a sus PAISES.,"INMIGRACIÓN Y RETORNO, ESPAÑOLES EN LA CIUDAD DE  MÉXICO, 1900-1936",BRUNO COCA ARENAS,2015-06-01 08:12:04+00:00,2015,inmigracion
Me7-CK4_9Hs,@drignacioramos,2015-10-29 23:04:29+00:00,0,Mucho ánimo familia!,Refugiados y migrantes en Francia: &quot;la jungla&quot; de Calais,Medicos Sin Fronteras España,2015-10-29 11:21:37+00:00,2015,inmigracion
aiO38QVtqhQ,@eudinsantana1772,2020-11-15 16:01:16+00:00,3,Una pregunta para ese caballero cuántos inmigrantes tienes viviendo en tu casa,Inmigración africana que llega a España,Francina Islas Villanueva,2015-07-20 14:26:23+00:00,2015,inmigracion
aiO38QVtqhQ,@TheMotitaNEWS,2018-08-25 13:37:34+00:00,4,"""Ojalá hubiera una sociedad y un estado que pudiera garantizar estos derechos humanos"", si no la hay es porque es inviable... Así de simple, no soy de España pero imagino como como cualquier otro país (exepto Venezuela) el dinero no se crea de la nada ni tampoco hay como para Arreglar los problemas del mundo que lamentablemente han habido ahora y siempre (cuidado con el spoiler) más bien este sujeto es el típico que le gusta ver a su mujer fornicada por otro hombre y que mejor si es un inmigrante negro... No me extrañaría la verdad.",Inmigración africana que llega a España,Francina Islas Villanueva,2015-07-20 14:26:23+00:00,2015,inmigracion
aiO38QVtqhQ,@mteresatrabanco5183,2020-02-07 02:14:04+00:00,1,"Demasiadas ONGs y Asociaciones viviendo de este  drama de la inmigración. Inmigración legal y controlada y el resto, fuera. El dinero que reciben Federaciones como Red Acoge, procedentes de fondos públicos de origen: europeo, estatal, autonómico y local, formalizados a través de subvenciones; etc.  que se inviertan en África y que se luche allí por la defensa de los Derechos Humanos. ¿Asilo? Si la mayoría son inmigrantes económicos",Inmigración africana que llega a España,Francina Islas Villanueva,2015-07-20 14:26:23+00:00,2015,inmigracion
aiO38QVtqhQ,@Michen911,2022-12-05 10:17:09+00:00,1,Europa no es una ONG.,Inmigración africana que llega a España,Francina Islas Villanueva,2015-07-20 14:26:23+00:00,2015,inmigracion
aiO38QVtqhQ,@مهدي-ح6ط8ن,2022-04-09 03:26:38+00:00,0,Tira le,Inmigración africana que llega a España,Francina Islas Villanueva,2015-07-20 14:26:23+00:00,2015,inmigracion
aiO38QVtqhQ,@r.fumador1146,2022-10-20 10:10:53+00:00,2,Demasiados africanos en España viviendo de ayudas sociales. Basta ya.,Inmigración africana que llega a España,Francina Islas Villanueva,2015-07-20 14:26:23+00:00,2015,inmigracion
aiO38QVtqhQ,@adolfitomungi6236,2018-08-04 15:02:19+00:00,3,Me gustaria  verte en  la  posicion  de ellos  a ver  si  piensas  lo  mismo,Inmigración africana que llega a España,Francina Islas Villanueva,2015-07-20 14:26:23+00:00,2015,inmigracion
aiO38QVtqhQ,@مهدي-ح6ط8ن,2022-04-09 03:26:56+00:00,1,For safety of human,Inmigración africana que llega a España,Francina Islas Villanueva,2015-07-20 14:26:23+00:00,2015,inmigracion
aiO38QVtqhQ,@coladecometa9910,2018-08-22 13:56:48+00:00,5,"Nosotros no tenemos ningún vínculo en la historia con ellos.
Ni social ni cultural ni de idioma, si acaso solo tendríamos un deber moral con las colonias españolas.
Todos los demás fuera y nada de ayudas aquí todos tenemos el mismo derecho por igual.",Inmigración africana que llega a España,Francina Islas Villanueva,2015-07-20 14:26:23+00:00,2015,inmigracion
aiO38QVtqhQ,@mexicanbeautyqueen7988,2020-02-20 19:43:36+00:00,3,Que va a hacer Europa con tanto Africano? Todo África es pobre y y no cabe todo el continente de África adentro del continente de Europa.,Inmigración africana que llega a España,Francina Islas Villanueva,2015-07-20 14:26:23+00:00,2015,inmigracion
-u1K2fPN6mY,@Lanutriatraviesa,2016-10-18 04:52:44+00:00,1,Mátenlos!!!!!,Inmigrantes africanos intentan nuevo ingreso masivo a Melilla trepando vallas protectoras.,AP Archive,2015-08-03 11:36:48+00:00,2015,inmigracion
