tema,url_meneame,id_noticia_meneame,id_comentario,numero_comentario,responde_a_numero,usuario,fecha_comentario_utc,votos,karma,texto
lgtbi,https://www.meneame.net/story/vox-amenaza-orgullo-gay-habra-ver-seguimos-permitiendo-organicen,3140371,27208795,270,,--603101--,2019-06-15T16:43:16+00:00,0,7,"Hay gays que votan a Vox, y al PP y a Cs e incluso votarían a partidos más homófobos si los hubiera. Es como el fenómeno de las personas maltratadas que siguen buscando parejas con todos los rasgos de maltratadores. No consigo acordarme del nombre, pero es así. Y luego se sienten maltratados porque la organización les dice que no van a permitir salir carrozas de organizaciones claramente homófobas en una fiesta de estas características. Pues chicos, haced vosotros otro festival paralelo: Gays de derechas homófobas... yo iría a verlo, solo por ver como se lo montan."
lgtbi,https://www.meneame.net/story/vox-amenaza-orgullo-gay-habra-ver-seguimos-permitiendo-organicen,3140371,27199517,269,267.0,fr1k1,2019-06-14T07:31:13+00:00,1,16,#267 Pozi
lgtbi,https://www.meneame.net/story/vox-amenaza-orgullo-gay-habra-ver-seguimos-permitiendo-organicen,3140371,27197597,268,206.0,Cassiopeia,2019-06-13T20:09:33+00:00,0,7,#206 penica. Porque solo con los titulares es facilísimo manipular.
lgtbi,https://www.meneame.net/story/vox-amenaza-orgullo-gay-habra-ver-seguimos-permitiendo-organicen,3140371,27197594,267,232.0,Cassiopeia,2019-06-13T20:09:01+00:00,0,7,"#232 es buen argumento para excluir a todos los partidos, como dice #250"
lgtbi,https://www.meneame.net/story/vox-amenaza-orgullo-gay-habra-ver-seguimos-permitiendo-organicen,3140371,27197590,266,250.0,Cassiopeia,2019-06-13T20:08:22+00:00,1,13,"#250 por ejemplo, efectivamente."
lgtbi,https://www.meneame.net/story/vox-amenaza-orgullo-gay-habra-ver-seguimos-permitiendo-organicen,3140371,27192763,265,262.0,Walldrop,2019-06-13T09:40:26+00:00,0,9,#262 Fantástico... Haz un artículo (de los de MNM)! ^___^ hehe qué morro <3
lgtbi,https://www.meneame.net/story/vox-amenaza-orgullo-gay-habra-ver-seguimos-permitiendo-organicen,3140371,27191000,264,28.0,Naito,2019-06-13T00:08:48+00:00,0,9,"#28 deslegitimizar, dice... {palm}
De verdad, no sois más tontos porque no entrenáis..."
lgtbi,https://www.meneame.net/story/vox-amenaza-orgullo-gay-habra-ver-seguimos-permitiendo-organicen,3140371,27189795,263,253.0,BiRDo,2019-06-12T19:14:16+00:00,0,10,#253 Depende de hasta qué punto en espacio y tiempo apliques esa transitividad.
lgtbi,https://www.meneame.net/story/vox-amenaza-orgullo-gay-habra-ver-seguimos-permitiendo-organicen,3140371,27188185,262,62.0,Julio_Ruiz_Ruiz,2019-06-12T15:09:46+00:00,1,15,"#62 Es importante que esto se le explique a todo el mundo.

Lo nacional-católicos de VOX van a intentar ilegalizar todo lo que no tenga su beneplácito, y si no lo consiguen, van a relegarlo al olvido.

Hoy es el orgullo gay lo que quiere ser prohibido, mañana será el 8 de marzo, más tarde vendrán los partidos políticos que no quieran pactar con ellos, más adelante será el turno de acabar con las autonomías, para luego quitar la constitución...

Que simplemente este partido tenga representación parlamentaria representa que estamos fallando como sociedad"
lgtbi,https://www.meneame.net/story/vox-amenaza-orgullo-gay-habra-ver-seguimos-permitiendo-organicen,3140371,27186239,261,208.0,Luigi003,2019-06-12T11:48:16+00:00,0,7,"#208 Las religiones abrahamicas en general, y la iglesia católica en particular son lo que más daño ha hecho a la sociedad a lo largo de la historia(y en algunos sitios, sigue haciendo) de lejos, sobre todo si estamos hablando del colectivo LGBT, así que ya pueden hacer toda la parte humanitaria que hasta que no dejen de molestar al personal y de verdad enmienden sus actos ni saludarles.

Las asociaciones LGBT están haciendo mucho bien, incluso por esos hijos tuyos que llevarías a la procesión que quizás sean miembros del colectivo"
lgtbi,https://www.meneame.net/story/vox-amenaza-orgullo-gay-habra-ver-seguimos-permitiendo-organicen,3140371,27186080,260,25.0,--349080--,2019-06-12T11:28:53+00:00,1,14,"#25 Como bien dice #229 lo que hay que proponerse es ir a votar y hacerlo con cabeza. No vale votar a la derecha y luego a llorar porque son ""muy de derechas"". Que no digo que sea tu caso, pero chico/a, disfrutemos lo votado. Se supone que eso es lo que quiere un gran porcentaje de la población pues han votado al trifascito. Bienvenido la fiesta de la democracia, donde lo mas democratico que te puedes encontrar es que millones de imbeciles aborregados decidan sin lógica pasando por encima por los razonamientos logicos y demostrables, solo porque es lo que ha dicho una mayoría bansandose en las mentiras y falacias del mafioso de turno. Que es lo que viene pasando las ultimas decadas. La gente decide su voto por chorradas y nimiedades (el chalet de Pablo) y no por derechos y justicia (mira los resultados electorales y la perdida sustancial de derechos en la ultima decada). 

Es un hecho que estadisticamente hay menos gente inteligente que imbecil, de ahi que actualmente una democracia mal llevada como esta, sea la dictadura de los idiotas. Que no tendria nada de malo si intentasen votar con un poco de juicio. Que nadie le esta pidiendo un master en economía ni ciencias políticas. Vamos, tampoco creo que haya que ser un genio para cazar las mentiras clasicas de los politicos que vienen repitiendo e incumpliendo 40 putos años. Que la gentge en 40 años no haya aprendido demuestra lo que digo, que estadisticamente hay mas imbeciles que gente inteligente. 

Y con esto no quiero echar toda la culpa a la gente. Una gran culpa la han tenido los diferentes partidos que han estado haciendo y deshaciendo a su antojo y sin motivos validos y logicos todas las leyes de educacion. En muchos casos han llegado a traer cambios, que ya se habían demostrado inutiles en otros países europeos. Que se siga impartiendo religión, es un claro ejemplo de lo que digo. Creando idiotas aborregados sin el menor atisbo de actitud critica, que creen en unicornios, homeopatías y que el libre mercado se regula solo."
lgtbi,https://www.meneame.net/story/vox-amenaza-orgullo-gay-habra-ver-seguimos-permitiendo-organicen,3140371,27186063,259,72.0,Luigi003,2019-06-12T11:26:49+00:00,0,7,"#72 Si un partido A aboga por destruir la familia y que el estado se encargue de los niños como en ""Un mundo feliz"" y otro partido pacta sin muchos miramientos con el primero y ambos partidos piden tener una carroza en el día de la familia, pues evidentemente no debe concederseles.

Fíjate que ni en la analogía ni en el ejemplo real(orgullo) se ha prohibido entrar a nadie, simplemente se les ha prohibido tener una carroza para hacerse la fotito de turno"
lgtbi,https://www.meneame.net/story/vox-amenaza-orgullo-gay-habra-ver-seguimos-permitiendo-organicen,3140371,27185963,258,28.0,Luigi003,2019-06-12T11:13:28+00:00,0,7,"#28 Los fondos van por los escaños, los escaños no se quedan sin repartir"
lgtbi,https://www.meneame.net/story/vox-amenaza-orgullo-gay-habra-ver-seguimos-permitiendo-organicen,3140371,27185946,257,40.0,Luigi003,2019-06-12T11:11:04+00:00,0,7,#40 goto #256
lgtbi,https://www.meneame.net/story/vox-amenaza-orgullo-gay-habra-ver-seguimos-permitiendo-organicen,3140371,27185937,256,130.0,Luigi003,2019-06-12T11:09:33+00:00,0,7,"#130 Puedes votar a quien te de la gana, y repito (CC #91 ), que poder pueden ir, lo que no pueden es llevar una carroza.

Como es normal si pactas con los que se tiran todo el año diciendo que deberíamos ir a terapia de conversión."
lgtbi,https://www.meneame.net/story/vox-amenaza-orgullo-gay-habra-ver-seguimos-permitiendo-organicen,3140371,27185912,255,94.0,Luigi003,2019-06-12T11:07:06+00:00,0,7,"#94 Participan PSOE y UP que son los que han firmado el decálogo.
Decálogo que incluye no pactar con homófobos, de ahí que Cs no firmase"
lgtbi,https://www.meneame.net/story/vox-amenaza-orgullo-gay-habra-ver-seguimos-permitiendo-organicen,3140371,27185197,254,45.0,DangiAll,2019-06-12T09:51:38+00:00,0,7,"#45 En serio, deberíais de leer a Popper antes de poner una imagen sacada de Internet así como así.

Popper deja muy claro que la intolerancia se combate con el dialogo y la información, y como ultimo recurso bloquear a los intolerantes.

Si te saltas el dialogo y vas directo a la intolerancia, no eres mejor que los que quiere callar."
lgtbi,https://www.meneame.net/story/vox-amenaza-orgullo-gay-habra-ver-seguimos-permitiendo-organicen,3140371,27185139,253,64.0,DangiAll,2019-06-12T09:43:48+00:00,0,7,"#64 Aceptamos que Vox es homofobo, en el decálogo dejan claro que no puede ir quien pacte con Vox, porque los convierten en homofobos por asociación.

Entonces, los que pactan con estos homofobos por asociación no deberían de ser también homofobos por asociación ?"
lgtbi,https://www.meneame.net/story/vox-amenaza-orgullo-gay-habra-ver-seguimos-permitiendo-organicen,3140371,27185115,252,43.0,DangiAll,2019-06-12T09:40:51+00:00,2,12,"#43 Tienes a COGAM ejerciendo censura pura y dura.
Vox no es de mi cuerda, pero prohibir pactar con ellos es muy demagogo, ya que Vox es un partido legitimo.

De los que idolatran a el Che no les dicen nada ?
Porque sus campos de concentración para homosexuales son bastante famosos."
lgtbi,https://www.meneame.net/story/vox-amenaza-orgullo-gay-habra-ver-seguimos-permitiendo-organicen,3140371,27184677,251,171.0,pinzadelaropa,2019-06-12T08:40:00+00:00,0,6,#171 No te has pasado nunca por el orgullo verdad? hace años que ya no se celebra solo en Chueca sino en todo el centro.
lgtbi,https://www.meneame.net/story/vox-amenaza-orgullo-gay-habra-ver-seguimos-permitiendo-organicen,3140371,27184665,250,108.0,pinzadelaropa,2019-06-12T08:38:38+00:00,1,13,"#108 deberían estar excluidos todos los partidos, sin excepción."
lgtbi,https://www.meneame.net/story/vox-amenaza-orgullo-gay-habra-ver-seguimos-permitiendo-organicen,3140371,27184661,249,48.0,jorgito,2019-06-12T08:37:45+00:00,4,34,"#48 Vamos a ver. Vox ha publicado en su twitter varias imágens que se han hecho famosas de Aragorn (VOX) luchando contra varios orcos, y uno de ellos era el colectivo LGTB (que no enlazaré por no dar publicidad a su twitter).
En varias ocasiones se han manifestado públicamente en contra de los derechos de los LGTB (tales como su derecho al matrimonio o a adoptar). Se puede decir que VOX lucha en contra de los derechos de los LGTB activamente.

Por tanto, su lugar no está en una manifestación a favor los derechos de la LGTB.

De hecho, me aventuro a decir, que el único motivo que tienen para ir a la manifestación es para hacer publicidad y decir que ellos están con la LGTB, a pesar de que el resto del año se posicionen claramente en contra en el congreso y en su programa electoral, lo cual me parece de una hipocresía pasmosa.

Que oye, cada uno se autoengaña como quiere, y si quieres pensar que VOX lucha a favor de la LGTB, pues oye..."
lgtbi,https://www.meneame.net/story/vox-amenaza-orgullo-gay-habra-ver-seguimos-permitiendo-organicen,3140371,27184248,248,28.0,inri,2019-06-12T07:47:49+00:00,0,9,"#28 Muy fácil. Si esos cuatro votos son para el mismo partido, mayoría absoluta y a seguir. No va a pasar absolutamente nada más, por mucho que arda twitter con lo ilegítimo que es el gobierno. Creo que ya ha quedado claro que esas cosas se la sudan, pero seguid en vuestro mundo de piruleta en el que eso derrumbaría el sistema."
lgtbi,https://www.meneame.net/story/vox-amenaza-orgullo-gay-habra-ver-seguimos-permitiendo-organicen,3140371,27184142,247,19.0,stroke,2019-06-12T07:36:34+00:00,1,21,#19 Y los jodidos ciclistas
lgtbi,https://www.meneame.net/story/vox-amenaza-orgullo-gay-habra-ver-seguimos-permitiendo-organicen,3140371,27184096,246,219.0,Seta_roja,2019-06-12T07:31:16+00:00,0,9,"#219 no es un insulto, es un calificativo. Si no fuese así, te habrías dado cuenta de eso y de que 'a bote pronto' es con B de burro (por seguir con calificativos)"
lgtbi,https://www.meneame.net/story/vox-amenaza-orgullo-gay-habra-ver-seguimos-permitiendo-organicen,3140371,27183999,245,244.0,soberao,2019-06-12T07:21:51+00:00,1,23,"#244 Es lo que tiene el populismo, que quieren estar donde les de visibilidad, pero no puedes participar en una fiesta porque te da publicidad cuando al misno tiempo están en contra del colectivo que participa y la organizan."
lgtbi,https://www.meneame.net/story/vox-amenaza-orgullo-gay-habra-ver-seguimos-permitiendo-organicen,3140371,27183975,244,243.0,fr1k1,2019-06-12T07:18:14+00:00,0,9,"#243 Eso es lo que les han dicho, ni más, ni menos"
lgtbi,https://www.meneame.net/story/vox-amenaza-orgullo-gay-habra-ver-seguimos-permitiendo-organicen,3140371,27183955,243,240.0,soberao,2019-06-12T07:15:21+00:00,1,23,"#240 Son cosas diferentes, una cosa es organizar una fiesta, y otra diferente es participar en una fiesta. 
Si Ciudadans y PP dan voz y voto a los que quieren prohibir la fiesta, es normal que no sean bienvenidos, ni se les deje participar junto a la organización. Si quieren participar, pueden hacerlo a título personal."
lgtbi,https://www.meneame.net/story/vox-amenaza-orgullo-gay-habra-ver-seguimos-permitiendo-organicen,3140371,27183907,242,171.0,--63527--,2019-06-12T07:10:11+00:00,0,9,#171 {smiley}
lgtbi,https://www.meneame.net/story/vox-amenaza-orgullo-gay-habra-ver-seguimos-permitiendo-organicen,3140371,27183846,241,221.0,soberao,2019-06-12T07:02:26+00:00,0,14,"#221 Para ser cristiano se supone que hay que estar bautizado e ir los domingos a misa. En las procesiones habrá bautizados, pero la mayoría no van a misa regularmente, porque cualquier domingo te encuentras las iglesias vacías."
lgtbi,https://www.meneame.net/story/vox-amenaza-orgullo-gay-habra-ver-seguimos-permitiendo-organicen,3140371,27183839,240,239.0,fr1k1,2019-06-12T07:01:07+00:00,0,10,"#239 Pues entonces estamos comparando lo mismo, lo que se les dice es q se les permite participar a titulo personal, pero ni montar una carroza ni estar en la pancarta como colaboradores"
lgtbi,https://www.meneame.net/story/vox-amenaza-orgullo-gay-habra-ver-seguimos-permitiendo-organicen,3140371,27183829,239,234.0,soberao,2019-06-12T06:59:33+00:00,0,14,#234 No hablo de montar una procesión sino de participar en una sin ser de la iglesia.
lgtbi,https://www.meneame.net/story/vox-amenaza-orgullo-gay-habra-ver-seguimos-permitiendo-organicen,3140371,27183823,238,229.0,--441479--,2019-06-12T06:57:47+00:00,0,6,"#229 llevamos ""luchando"" mucho tiempo por ese camino, votando sin estar convencidos del todo. Parece que así no cambia la cosa. Ahora sólo podemos disfrutar lo votado.

Si votar cambiase algo estaría prohibido."
lgtbi,https://www.meneame.net/story/vox-amenaza-orgullo-gay-habra-ver-seguimos-permitiendo-organicen,3140371,27183651,237,76.0,fr1k1,2019-06-12T06:30:45+00:00,1,17,"#76 Me temo que eso es más segun de lo lleve el community manager de cada sitio. Además de que más que fijarte en lo que dicen, hay q fijarse en lo que hacen, y en eso son bastante constantes"
lgtbi,https://www.meneame.net/story/vox-amenaza-orgullo-gay-habra-ver-seguimos-permitiendo-organicen,3140371,27183638,236,37.0,fr1k1,2019-06-12T06:28:41+00:00,0,10,#37 https://www.elmundo.es/espana/2019/06/11/5cff5bdc21efa0b77e8b464f.html ?
lgtbi,https://www.meneame.net/story/vox-amenaza-orgullo-gay-habra-ver-seguimos-permitiendo-organicen,3140371,27183629,235,187.0,fr1k1,2019-06-12T06:26:48+00:00,0,10,"#187 Pues si nos ponemos a comparar, entre un evento que tiene un valor puramente antropologico, porque artisticamente es discutible (segun que paso y de donde, q hay cada horror de cartón piedra q flipas) y una fiesta de conmemoracion de derechos humanos..."
lgtbi,https://www.meneame.net/story/vox-amenaza-orgullo-gay-habra-ver-seguimos-permitiendo-organicen,3140371,27183618,234,204.0,fr1k1,2019-06-12T06:24:28+00:00,0,10,"#204 Pues  tienes que actualizar tu información, no, no puedes montar tu procesión siendo ateo: https://www.eldiario.es/andalucia/sevilla/mujeres-procesionaron-cono-insumiso-juzgadas_0_742626161.html"
lgtbi,https://www.meneame.net/story/vox-amenaza-orgullo-gay-habra-ver-seguimos-permitiendo-organicen,3140371,27183607,233,39.0,nemesisreptante,2019-06-12T06:22:51+00:00,0,11,#39 yo creo que para modernizarnos y ser tolerantes del todo invitamos a los de hogar social madrid con unos bates de beisbol y les ponemos al final del desfile. Así mostramos lo tolerantes que somos todos y además conseguimos que vaya la cosa un poco más rápida que el orgullo me gusta pero se me hace siempre un poco largo.
lgtbi,https://www.meneame.net/story/vox-amenaza-orgullo-gay-habra-ver-seguimos-permitiendo-organicen,3140371,27183595,232,113.0,fr1k1,2019-06-12T06:19:47+00:00,1,13,#113 Y hay negros racistas y mujeres radicalmente machistas... La verdad es que no es muy buen argumento
lgtbi,https://www.meneame.net/story/vox-amenaza-orgullo-gay-habra-ver-seguimos-permitiendo-organicen,3140371,27183575,231,121.0,fr1k1,2019-06-12T06:14:31+00:00,0,10,#121 Perfecto ejemplo
lgtbi,https://www.meneame.net/story/vox-amenaza-orgullo-gay-habra-ver-seguimos-permitiendo-organicen,3140371,27183407,230,48.0,--530418--,2019-06-12T05:28:34+00:00,0,7,#48 Jaja
lgtbi,https://www.meneame.net/story/vox-amenaza-orgullo-gay-habra-ver-seguimos-permitiendo-organicen,3140371,27183347,229,24.0,Gompa,2019-06-12T05:01:52+00:00,7,38,"#24 La forma de luchar era salir a votar aquel domingo... Y por desgracia mucha gente prefirió disfrutar de aquel día sin ir a votar porque ""ninguno le convencía del todo"". Ahora sólo podemos apechugar lo votado (y lo no votado) {sad}"
lgtbi,https://www.meneame.net/story/vox-amenaza-orgullo-gay-habra-ver-seguimos-permitiendo-organicen,3140371,27183300,228,223.0,fingulod,2019-06-12T04:38:06+00:00,3,20,"#223 En la marcha del orgullo tampoco prohíben. Y restringen igual que en lo que ha puesto #2: puedes ir de público, pero no en el puesto protagonista."
lgtbi,https://www.meneame.net/story/vox-amenaza-orgullo-gay-habra-ver-seguimos-permitiendo-organicen,3140371,27183292,227,199.0,fingulod,2019-06-12T04:33:06+00:00,1,14,"#199 Supongo que defiendes lo mismo en todos los ejemplos que he puesto ¿no? Y en las celebraciones deportivas del Real Madrid y del Atlético, que dejan todo hecho un asco. 

#208 Soy ateo pero defiendo las manifestaciones. No soy homófobo pero quitaría el orgullo gay... me suena el cuento."
lgtbi,https://www.meneame.net/story/vox-amenaza-orgullo-gay-habra-ver-seguimos-permitiendo-organicen,3140371,27183231,226,7.0,Ejpañó,2019-06-12T03:25:03+00:00,1,9,"#7 Las procesiones son buenas hombre. Hablan de amor, paz, alegría... En definitiva, cosas buenas y puras ....... {grin}"
lgtbi,https://www.meneame.net/story/vox-amenaza-orgullo-gay-habra-ver-seguimos-permitiendo-organicen,3140371,27183227,225,,Ejpañó,2019-06-12T03:21:28+00:00,0,6,Es el mayor problema de España en vistas al futuro proximo...el día del orgullo... Ajam
lgtbi,https://www.meneame.net/story/vox-amenaza-orgullo-gay-habra-ver-seguimos-permitiendo-organicen,3140371,27183181,224,38.0,Capitan_Centollo,2019-06-12T02:10:23+00:00,1,17,"#38 #223 Pero vamos a ver, tontol'haba, ¿Tú te imaginas que un partido neonazi se quejara porque no les dejaron participar en una marcha por las víctimas del holocausto? Pues eso mismo: A quienes apoyan ideas que durante siglos han defendido la persecución y escarnio contra quienes defienden la libertad sexual evidentemente no les van a dejar participar, porque lo más que van a hacer es reventar la marcha o hacer que esta pierda sentido y dignidad. Del mismo modo que tampoco van a invitar a los colectivos gays a una visita papal porque sus ideas van directamente en contra de muchos de los dogmas claves del catolicismo, y a ningún gay en su sano juicio se le ocurre quejarse porque no le inviten. {shit}

De verdad que a algunos os hace falta un hervor. O dos."
lgtbi,https://www.meneame.net/story/vox-amenaza-orgullo-gay-habra-ver-seguimos-permitiendo-organicen,3140371,27183156,223,2.0,Maelstrom,2019-06-12T01:22:53+00:00,2,36,"#2 ¿Te restringen o prohíben ir a esos sitios, acaso? Si la respuesta es no, pues te callas.

Aquí sí que los organizadores están restringiendo la participación, como si la calle no es que fuera suya sino encima también la libertad de expresarte en esa misma calle incluso en consonancia con las ideas a expresar o manifestar (como puede ocurrir con C's o como ya ocurrió con UPyD). De hecho, la osadía va a más, porque encima secuestran completamente la vivencia de una sexualidad para además ampliarla a otros aspectos de la vida que no tienen que ver con ella. Esta clase de sectarismo, que pretende aplicarse a contextos que desbordan el objeto original del mismo, no es más que una pretensión totalitaria y de pensamiento único.

Por decir una última cosa, dejándolo claro, que yo sepa las manifestaciones no restringen la participación a ellas, que no es lo mismo que restringir o regular el acceso a la calle para que dichas manifestaciones puedan celebrarse."
lgtbi,https://www.meneame.net/story/vox-amenaza-orgullo-gay-habra-ver-seguimos-permitiendo-organicen,3140371,27183111,222,51.0,yolibruja,2019-06-12T00:28:50+00:00,0,6,"#51 Zasca!
Bien dicho!
Vuelve por otra, nazi, que se te ve el plumero."
lgtbi,https://www.meneame.net/story/vox-amenaza-orgullo-gay-habra-ver-seguimos-permitiendo-organicen,3140371,27183085,221,204.0,BiRDo,2019-06-12T00:15:25+00:00,0,10,"#204 ¿Para qué voy a ir yo detrás de un paso de Semana Santa si soy ateo? Es espacio público para una fiesta privada de cristianos. Ahora, mi pregunta es, ¿tú respetas los derechos humanos? Pues esa es la diferencia fundamental: que se supone que en España todos los españoles deberían estar de acuerdo con la Carta Magna de la ONU mientras que ser cristiano es una opción cada día menos elegida por el pueblo."
lgtbi,https://www.meneame.net/story/vox-amenaza-orgullo-gay-habra-ver-seguimos-permitiendo-organicen,3140371,27183063,220,,SrTopete,2019-06-12T00:07:19+00:00,0,6,"Yo lo que veo es mucho voxero escocido por no poder participar. A ver si va a ser por algo...¿Voxeros, entendéis? {roll}"
lgtbi,https://www.meneame.net/story/vox-amenaza-orgullo-gay-habra-ver-seguimos-permitiendo-organicen,3140371,27182997,219,218.0,Facochero,2019-06-11T23:31:30+00:00,2,-10,"#218  gracias por El insulto, negativo justificado y comentario reportado"
lgtbi,https://www.meneame.net/story/vox-amenaza-orgullo-gay-habra-ver-seguimos-permitiendo-organicen,3140371,27182942,218,211.0,milkarri,2019-06-11T23:09:09+00:00,3,21,"#211 Esa ley es Constitucional, idiota."
lgtbi,https://www.meneame.net/story/vox-amenaza-orgullo-gay-habra-ver-seguimos-permitiendo-organicen,3140371,27182933,217,216.0,--607536--,2019-06-11T23:05:37+00:00,1,14,#216 Aquí otro ateo que confirma vuestra hipótesis {wink}
lgtbi,https://www.meneame.net/story/vox-amenaza-orgullo-gay-habra-ver-seguimos-permitiendo-organicen,3140371,27182922,216,187.0,PanConAjo,2019-06-11T23:00:07+00:00,0,8,"#187 Si el orgullo representa precisamente la aceptación de la diversidad, rechazar la Semana Santa por no ser creyente es sencillamente síntoma de incultura. Como puños, amigo. Como puños...

Fdo. Otro no creyente."
lgtbi,https://www.meneame.net/story/vox-amenaza-orgullo-gay-habra-ver-seguimos-permitiendo-organicen,3140371,27182831,215,85.0,isaac.hacksimov,2019-06-11T22:36:08+00:00,1,16,#85 Señalar a las víctimas como culpables y a los culpables como víctimas sólo te señala como un ser despreciable.
lgtbi,https://www.meneame.net/story/vox-amenaza-orgullo-gay-habra-ver-seguimos-permitiendo-organicen,3140371,27182824,214,44.0,isaac.hacksimov,2019-06-11T22:32:30+00:00,1,21,#44 El negativo es por mentir diciendo que chantajean a un partido político.
lgtbi,https://www.meneame.net/story/vox-amenaza-orgullo-gay-habra-ver-seguimos-permitiendo-organicen,3140371,27182819,213,1.0,eddard,2019-06-11T22:30:24+00:00,1,18,#1 jamás he ido pero si se prohibe ahí me van a tener los putos fachas de mierda
lgtbi,https://www.meneame.net/story/vox-amenaza-orgullo-gay-habra-ver-seguimos-permitiendo-organicen,3140371,27182793,212,108.0,--62195--,2019-06-11T22:25:23+00:00,1,17,#108 para que se van a leer la noticia. Con rebuznar ya lo tienen arreglado
lgtbi,https://www.meneame.net/story/vox-amenaza-orgullo-gay-habra-ver-seguimos-permitiendo-organicen,3140371,27182776,211,152.0,Facochero,2019-06-11T22:20:01+00:00,1,14,"#152 ehhh, así a votepronto parece que quieres ilegalizar la izquierda por su ley de violencia de genero y por no aceptar a otros homosexuales que no sean de izquierdas"
lgtbi,https://www.meneame.net/story/vox-amenaza-orgullo-gay-habra-ver-seguimos-permitiendo-organicen,3140371,27182763,210,114.0,Facochero,2019-06-11T22:17:57+00:00,0,7,"#114 Por eso la estampida de votos en Podemos ¿Verdad? No defiendo a Vox, critico la hipocresía de la izquierda actual, quejandose de que quieren quitar El orgullo (cuando no es asi) cuando son ellos que no dejan que sea una fiesta abierta"
lgtbi,https://www.meneame.net/story/vox-amenaza-orgullo-gay-habra-ver-seguimos-permitiendo-organicen,3140371,27182755,209,89.0,Facochero,2019-06-11T22:13:22+00:00,1,15,"#89 ey no dispares tan rapido, que me toque las narices las narices la doble vara de la izquierda no me convierte en lo que tu llamas Voxero"
lgtbi,https://www.meneame.net/story/vox-amenaza-orgullo-gay-habra-ver-seguimos-permitiendo-organicen,3140371,27182742,208,87.0,Facochero,2019-06-11T22:11:51+00:00,2,18,"#87 No, tampoco la demagogia. Son cuestiones totalmente diferentes, y soy ateo que conste. No obstante, la iglesia tiene una parte humanitaria que no se puede negar, hace desde luego más por los más necesitados que cualquier asociacion LGTB. Por otra parte, si tuviese que llevar a mi hijo a una de Las dos celebraciones no dudaria en cual elegir. Entre lo rancio de una procession y esto https://www.google.com/amp/s/cronicaglobal.elespanol.com/vida/orgia-multitudinaria-ayuntamiento-maspalomas_38678_102_amp.html no hay color"
lgtbi,https://www.meneame.net/story/vox-amenaza-orgullo-gay-habra-ver-seguimos-permitiendo-organicen,3140371,27182669,207,,--117674--,2019-06-11T21:53:18+00:00,0,6,"Aunque viera la prohibición o encerrar el día no es obice para ver la degeneración del movimiento en los últimos años desde que lo encabeza lo más freak que el único mérito es lo que folla...los que hicieron el trabajo para la visualización normalización y aceptación han desaparecido, relegado y se ha apostado por unos intereses más económicos que otra cosa, y cuando apuestas por dinero puedes perder..."
lgtbi,https://www.meneame.net/story/vox-amenaza-orgullo-gay-habra-ver-seguimos-permitiendo-organicen,3140371,27182601,206,108.0,Sr_Cyan,2019-06-11T21:35:23+00:00,1,13,"#108 ¿Leer? Mucho pides.
No ha leido la noticia ninguno de los que comenta aquí, ni los que comentan en El Español. 
Pero ni los defensores ni los detractores del VOX. Ninguno."
lgtbi,https://www.meneame.net/story/vox-amenaza-orgullo-gay-habra-ver-seguimos-permitiendo-organicen,3140371,27182599,205,108.0,Sr_Cyan,2019-06-11T21:34:24+00:00,0,6,"#108 ¿Leer? Mucho pides.
No ha leido la noticia ninguno de los que comenta aquí, ni los que comentan en El Español. Pero ni los defensores ni los detractores del VOX. Ninguno."
lgtbi,https://www.meneame.net/story/vox-amenaza-orgullo-gay-habra-ver-seguimos-permitiendo-organicen,3140371,27182542,204,64.0,soberao,2019-06-11T21:22:27+00:00,1,20,"#64 En los pasos de semana santa puedes ir siendo ateo, lo que no podrás es ser presidente de una hermandad o hermano mayor, que eso funciona más o menos como lo de ser rey, pero en la calle mientras te vistas como ellos, puedes ser parte de la función sin procesar la religión católica. Es una función principalmente en la calle, no se pueden poner puertas al campo. Tampoco en la iglesia te van a poner un portero a ver quien está bautizado."
lgtbi,https://www.meneame.net/story/vox-amenaza-orgullo-gay-habra-ver-seguimos-permitiendo-organicen,3140371,27182541,203,28.0,Muzaman,2019-06-11T21:22:09+00:00,1,16,"#28 Mira los porcentajes de voto en EEUU por ejemplo y dime lo que importa. Que no, que la unica forma de cambiar las cosas es participando de las cosas, no solo votando, si no implicandose en cambiar cosas. No hacer nada nunca ha funcionado ni funcionará. Que no digo que tu no hagas nada, que no tengo ni idea, pero votar ya es algo, aunque solo no sirva por supuesto."
lgtbi,https://www.meneame.net/story/vox-amenaza-orgullo-gay-habra-ver-seguimos-permitiendo-organicen,3140371,27182534,202,,--340571--,2019-06-11T21:21:09+00:00,1,17,"Ya comienzan a sacarse la máscara estos de VOX, por si alguno no se había enterado de que iba el cuento a estas alturas de la película.

Lamentable, volvemos a la edad media."
lgtbi,https://www.meneame.net/story/vox-amenaza-orgullo-gay-habra-ver-seguimos-permitiendo-organicen,3140371,27182529,201,25.0,soberao,2019-06-11T21:19:13+00:00,0,13,"#25 En la mayoría de los pueblos, las sedes serían la casa del más becerro del pueblo, porque no dan para más."
lgtbi,https://www.meneame.net/story/vox-amenaza-orgullo-gay-habra-ver-seguimos-permitiendo-organicen,3140371,27182519,200,51.0,vicentemola,2019-06-11T21:16:11+00:00,0,6,#51 se te ve super tolerante
lgtbi,https://www.meneame.net/story/vox-amenaza-orgullo-gay-habra-ver-seguimos-permitiendo-organicen,3140371,27182512,199,196.0,PieniNiitty,2019-06-11T21:14:23+00:00,0,6,"#196 No es que estorben, sino que los organizadores están permitiendo que se pasen tres pueblos los que se forran con el evento a costa de los vecinos ¿No se puede celebrar la manifestación en el centro y la fiesta en un recinto ferial? Que son diez días tipo San Fermines en un barrio que soporta todas las manifestaciones de España.
https://www.lavanguardia.com/vida/20190507/462108064999/vecinos-de-chueca-quieren-el-orgullo-gay-fuera-del-barrio.html
https://gacetinmadrid.com/2019/06/09/los-vecinos-del-centro-de-madrid-hartos-de-vivir-en-un-recinto-ferial-permanente/
https://www.elmundo.es/madrid/2018/06/30/5b37c3f322601d9e608b4586.html
https://www.europapress.es/madrid/noticia-vecinos-chueca-oponen-orgullo-sea-declarado-festejo-popular-20120625172604.html"
lgtbi,https://www.meneame.net/story/vox-amenaza-orgullo-gay-habra-ver-seguimos-permitiendo-organicen,3140371,27182454,198,,capitansevilla,2019-06-11T21:01:10+00:00,0,6,"Esto es como en los EEUU: cuanto más homófobo y radical es un congresista, antes le pillan saliendo del armario... Pues si tiempo, a ver lo que tardan en pillar a alguno de VOX saliendo del armario."
lgtbi,https://www.meneame.net/story/vox-amenaza-orgullo-gay-habra-ver-seguimos-permitiendo-organicen,3140371,27182445,197,160.0,Queosvayabonito,2019-06-11T20:59:46+00:00,0,9,#160 ¿Niño de qué edad? No es lo mismo de cuatro que de catorce... no sé... nunca he estado en el evento en cuestión.
lgtbi,https://www.meneame.net/story/vox-amenaza-orgullo-gay-habra-ver-seguimos-permitiendo-organicen,3140371,27182392,196,193.0,fingulod,2019-06-11T20:45:24+00:00,0,6,"#193 también la procesión del cristo de Medinaceli. Puede ir rotando. O la cabalgata de reyes. O la maratón popular. O la fiesta de San Isidro. 

Pero ninguna lo hace, y no es un problema. Es más, a nadie se le ocurre proponerlo. Eso sí, el orgullo gay estorba. El resto no."
lgtbi,https://www.meneame.net/story/vox-amenaza-orgullo-gay-habra-ver-seguimos-permitiendo-organicen,3140371,27182373,195,,perrico,2019-06-11T20:42:27+00:00,0,10,"Cosas que solo se hacen para algunos.
Como la Semana Santa."
lgtbi,https://www.meneame.net/story/vox-amenaza-orgullo-gay-habra-ver-seguimos-permitiendo-organicen,3140371,27182353,194,108.0,--521781--,2019-06-11T20:39:28+00:00,0,10,"#108, nadie excluye a los gays que votan a VOX, como mucho se les compadecerá. Lo que se excluye es la presencia institucional de determinados partidos que tienen posturas ultraderechistas; porque la ultraderecha encarcelaba, torturaba y mataba maricones hasta hace nada. Institucionalmente, claro, porque sus bases aún no han perdido la inercia del todo.

VOX se queja de recibir hostilidad de parte de un colectivo hacia el que es hostil. Lo que se viene llamando «tener que tolerar al intolerante»."
lgtbi,https://www.meneame.net/story/vox-amenaza-orgullo-gay-habra-ver-seguimos-permitiendo-organicen,3140371,27182352,193,191.0,PieniNiitty,2019-06-11T20:39:23+00:00,0,6,"#191 Tienes razón en no permitir una contramanifestación, pero yo hablo de que se puede reivindicar el Orgullo Gay en cualquier calle y que no violaría los derechos de nadie, como cualquier otra manifestación puede ir rotando."
lgtbi,https://www.meneame.net/story/vox-amenaza-orgullo-gay-habra-ver-seguimos-permitiendo-organicen,3140371,27182329,192,176.0,--492183--,2019-06-11T20:35:54+00:00,0,6,#176 explicate
lgtbi,https://www.meneame.net/story/vox-amenaza-orgullo-gay-habra-ver-seguimos-permitiendo-organicen,3140371,27182296,191,184.0,fingulod,2019-06-11T20:31:04+00:00,0,6,"#184 Yo no he dado la tradición como argumento. He dado los centenares de miles de personas que van. Si el 20N se juntará toda esa gente en la plaza de Oriente, lo normal sería no permitir una contramanifestación antifascista."
lgtbi,https://www.meneame.net/story/vox-amenaza-orgullo-gay-habra-ver-seguimos-permitiendo-organicen,3140371,27182273,190,189.0,PieniNiitty,2019-06-11T20:25:52+00:00,0,6,"#189 Si no cuesta entenderlo, si es una fiesta que se le aplique la misma legislación que las fiestas (cero política, cero reivindicación, minimizar molestias a los vecinos y a la ciudad) y si es una manifestación que se le apliquen la mismas normas que al resto de manifestaciones (cero conciertos en mitad de la calle y ocupación limitada el espacio público para salir en el telediario como el anuncio de los partidos correctos que parece que es)"
lgtbi,https://www.meneame.net/story/vox-amenaza-orgullo-gay-habra-ver-seguimos-permitiendo-organicen,3140371,27182219,189,171.0,BM75,2019-06-11T20:15:41+00:00,1,16,"#171 Porque así lo eligen los organizadores. Es la misma libertad que tienes tú para organizar otro desfile en otro sitio.
Creo que no cuesta tanto de entender."
lgtbi,https://www.meneame.net/story/vox-amenaza-orgullo-gay-habra-ver-seguimos-permitiendo-organicen,3140371,27182210,188,,--606024--,2019-06-11T20:14:00+00:00,0,6,"Sinceramente lo mejor que hacen es dejar fuera a todos los partidos políticos, y espero que lo sigan haciendo de aquí en adelante. Pienso que la marcha del orgullo es para todo el mundo, independientemente de ideologías y cosas por el estilo, y que los partidos ahí lo único que hacen es propaganda.
De todas formas, veo completamente normal que se excluyan a gente que representan ideas contrarias a dicha marcha. Que ellos se quejen de tal cosa es como si un torero se quejara de que no le dejan pertenecer un partido animalista..."
lgtbi,https://www.meneame.net/story/vox-amenaza-orgullo-gay-habra-ver-seguimos-permitiendo-organicen,3140371,27182191,187,17.0,Uralekt,2019-06-11T20:10:20+00:00,3,36,"#17 No estoy en contra del orgullo, me parece una celebración no solo emblemática sino necesaria, pero compararla con la Semana Santa... Vamos a centrarnos. Independientemente de si eres creyente, religioso, practicante o un simple turista, la Semana Santa es una tradición de un valor artístico cultural incalculable. Como no creyente, no entiendo la manía de criticar semejante patrimonio cultural. Es como criticar la feria de la tapa porque soy vegano. Si el orgullo representa precisamente la aceptación de la diversidad, rechazar la Semana Santa por no ser creyente es sencillamente síntoma de incultura."
lgtbi,https://www.meneame.net/story/vox-amenaza-orgullo-gay-habra-ver-seguimos-permitiendo-organicen,3140371,27182166,186,46.0,achero,2019-06-11T20:05:17+00:00,3,38,"#46 no veo yo a PP y Cs pactando con VOX medidas en contra de LGBT... (si les veo haciéndolo en otros ámbitos) por eso, que la organización del orgullo imponga a los participantes vetos a los pactos (así en general) con determinados partidos políticos que son 100% legales,  es muy retorcido y desde fuera es evidente que lo que quieren es simplemente que PP y Cs no aparezcan por allí, porque con toda la razón no van a firmar un documento que les dicte sus políticas ..."
lgtbi,https://www.meneame.net/story/vox-amenaza-orgullo-gay-habra-ver-seguimos-permitiendo-organicen,3140371,27182038,185,,--603267--,2019-06-11T19:38:57+00:00,0,6,"Pues que no dejen organizarlo, se seguirá haciendo, pero desorganizado... A ver qué pollas os pensáis."
lgtbi,https://www.meneame.net/story/vox-amenaza-orgullo-gay-habra-ver-seguimos-permitiendo-organicen,3140371,27182006,184,182.0,PieniNiitty,2019-06-11T19:34:01+00:00,0,6,"#182 Si te vistes de monaguillo o de cura igual sí {smiley} La pancarta de la procesión lema (INRI) no la sujeta nadie. Mi punto es que no es un argumento la tradicción porque sí, por las mismas habría que proteger las ""tradicionales"" procesiones de los del 20N (ahora sin demasiado público) o el día de la matanza del cordero. Creo que la mayoría abusa a menudo de la minoría. Que en el barrio no se pueda dormir, pués que se chinchen como en Malasaña, que lo importante es el negocio. Traducido a los pueblos que se chinchen los que vivan en la plaza mayor o el que tenga que aguantar los coches de choque, el perrito piloto o la muñeca chochona."
lgtbi,https://www.meneame.net/story/vox-amenaza-orgullo-gay-habra-ver-seguimos-permitiendo-organicen,3140371,27181967,183,142.0,BiRDo,2019-06-11T19:24:43+00:00,0,10,#142 ¿Qué libro? ¿Uno escrito por un cristofascista?
lgtbi,https://www.meneame.net/story/vox-amenaza-orgullo-gay-habra-ver-seguimos-permitiendo-organicen,3140371,27181955,182,181.0,fingulod,2019-06-11T19:23:23+00:00,0,6,"#181 ¿puedo ir a la cabeza de la procesión del Cristo de Medinaceli sin pedir permiso a la iglesia? Es más ¿puedo ir de participante?

Al orgullo gay puedo ir sin pedir permiso a nadie. Lo único, la cabecera está limitada a ciertas organizaciones. Como casi cualquier manifestación, por cierto. 

Y si una manifestación de 4 matados quiere coincidir en horario y lugar con una multitudinaria, y además con ideas contrarias, se le deniega el permiso y se le manda a otro sitio. Es el pan nuestro de cada día."
lgtbi,https://www.meneame.net/story/vox-amenaza-orgullo-gay-habra-ver-seguimos-permitiendo-organicen,3140371,27181939,181,178.0,PieniNiitty,2019-06-11T19:20:10+00:00,0,6,"#178 No hay muchas fiestas que parezcan una manifestación con una cabecera con reserva de admisión con criterios políticos. En San Isidro o en las fiestas de La Paloma nunca me han pedido carné ni mi opinión política o mi religión (y eso que son fiestas religiosas al menos en origen) Si es una manifestación sería igualmente legal no conceder el trayecto solicitado, por ejemplo por una manifestación de trabajadores o de estudiantes. Trataba de exponer que si un partido político tiene la sufiente influencia puede ofrecerles cualquier otra calle, por ejemplo Colón, y que ningún grupo debería dar por supuesto que tiene derecho a apropiarse de ningún espacio público para siempre."
lgtbi,https://www.meneame.net/story/vox-amenaza-orgullo-gay-habra-ver-seguimos-permitiendo-organicen,3140371,27181936,180,154.0,cybermouse,2019-06-11T19:19:35+00:00,0,8,#154 Huy que no
lgtbi,https://www.meneame.net/story/vox-amenaza-orgullo-gay-habra-ver-seguimos-permitiendo-organicen,3140371,27181934,179,19.0,noises,2019-06-11T19:18:29+00:00,2,31,"#19 Por favor, no hagas esos comentarios que aquí hay gente con cardiopatías..."
lgtbi,https://www.meneame.net/story/vox-amenaza-orgullo-gay-habra-ver-seguimos-permitiendo-organicen,3140371,27181903,178,166.0,fingulod,2019-06-11T19:13:03+00:00,0,6,"#166 Ambas cosas. Pero que sea una fiesta no quiere decir que la organice el ayuntamiento. Por ejemplo, las procesiones de semana santa no las organiza el ayuntamiento. Y puedes si quieres pedir permiso para hacer una contramanifestación, pero no te van a dar permiso. 

 #167 ¿Estaba invitado el PSOE o ERC a la plaza de Colón? ¿Es antidemocrático ello?"
lgtbi,https://www.meneame.net/story/vox-amenaza-orgullo-gay-habra-ver-seguimos-permitiendo-organicen,3140371,27181890,177,113.0,parrita710,2019-06-11T19:11:09+00:00,1,13,#113 Y nada les impide ir al orgullo.
lgtbi,https://www.meneame.net/story/vox-amenaza-orgullo-gay-habra-ver-seguimos-permitiendo-organicen,3140371,27181873,176,74.0,LamaLLama,2019-06-11T19:06:44+00:00,0,6,"#74 jajajajjaja hola señor abducido, que tal."
lgtbi,https://www.meneame.net/story/vox-amenaza-orgullo-gay-habra-ver-seguimos-permitiendo-organicen,3140371,27181851,175,167.0,CheliO_oS,2019-06-11T19:02:49+00:00,0,6,"#167 pues si no lo ves amigo, abre más los ojos."
lgtbi,https://www.meneame.net/story/vox-amenaza-orgullo-gay-habra-ver-seguimos-permitiendo-organicen,3140371,27181836,174,2.0,PieniNiitty,2019-06-11T19:00:17+00:00,2,15,#2 Como por ejemplo ¿celebrar San Isidro en la pradera en vez de en la Gran Vía?¿trasladar el  Metropolitano a la M40? ¿los macroeventos al campo de las naciones?
lgtbi,https://www.meneame.net/story/vox-amenaza-orgullo-gay-habra-ver-seguimos-permitiendo-organicen,3140371,27181827,173,,sorob,2019-06-11T18:59:24+00:00,1,9,"Primero fueron los catalanes y vascos, luego los de Podemos, ahora los LGBT... el próximo serás TÚ"
lgtbi,https://www.meneame.net/story/vox-amenaza-orgullo-gay-habra-ver-seguimos-permitiendo-organicen,3140371,27181826,172,,podremos,2019-06-11T18:59:21+00:00,0,6,Vox a perdido muchos votos en muy poco tiempo y por declaraciones como estás lo más normal es que una parte importante de la población no se le pase por la cabeza votarles.
lgtbi,https://www.meneame.net/story/vox-amenaza-orgullo-gay-habra-ver-seguimos-permitiendo-organicen,3140371,27181796,171,1.0,PieniNiitty,2019-06-11T18:54:38+00:00,0,6,#1 ¿Y por qué hay que celebrarla siempre ahí? ¿Se han comprado el barrio para siempre?
lgtbi,https://www.meneame.net/story/vox-amenaza-orgullo-gay-habra-ver-seguimos-permitiendo-organicen,3140371,27181795,170,42.0,podremos,2019-06-11T18:54:33+00:00,2,23,"#42 Y cualquier fiesta de cualquier tipo, si seguimos esa lógica de estar dirigida a un determinado sector y no sólo fiestas, habría que prohibir cualquier actividad de ocio si damos ese argumento como racional y  lo aplicamos a todo el mundo con el mismo criterio. No hay absolutamente nada pensado para el 100% de las personas que este destinado a actividades de ocio como fiestas, deporte, artes, etc."
lgtbi,https://www.meneame.net/story/vox-amenaza-orgullo-gay-habra-ver-seguimos-permitiendo-organicen,3140371,27181787,169,113.0,buscoinfo,2019-06-11T18:53:34+00:00,2,13,"#113 No dejarte participar en un desfile, si no cumples ciertos requisitos, no es censura. Podemos discutir si es correcto o no, pero no es censura."
lgtbi,https://www.meneame.net/story/vox-amenaza-orgullo-gay-habra-ver-seguimos-permitiendo-organicen,3140371,27181778,168,151.0,--492183--,2019-06-11T18:51:32+00:00,0,6,"#151 no digo que seas corto, digo que no sabes diferenciar una manipulación de los hechos originales que dieron lugar a la noticia."
lgtbi,https://www.meneame.net/story/vox-amenaza-orgullo-gay-habra-ver-seguimos-permitiendo-organicen,3140371,27181757,167,138.0,Battlestar,2019-06-11T18:48:07+00:00,0,8,"#138 Te aceptaré ese argumento el día que organicen ""el día de la familia"" y digan ""las familias de homosexuales no son bienvenidos"". No creo que nunca pase. OJO que se presenten allí y otros asistentes los recriminen y los intenten coartar para que se vayan...lo veo mas que probable, de hecho estoy prácticamente seguro de que pasaría, pero VOX como organización decir ""homosexuales no"" o ""tal partido no puede venir""...no lo veo."
lgtbi,https://www.meneame.net/story/vox-amenaza-orgullo-gay-habra-ver-seguimos-permitiendo-organicen,3140371,27181753,166,,PieniNiitty,2019-06-11T18:47:38+00:00,0,6,¿Es una fiesta o una manifestación? Si es una fiesta en teoría la organiza el HayUntamiento (o el barrio) y no parece de recibo que se apropien de ella los políticos (si las asociaciones pro derechos civiles se comportan partidariamente merecen ser tratados como políticos) Si es una manifestación cualquiera puede solicitar manifestarse en el mismo sitio a la misma hora con lo que sería fácil liarla.
lgtbi,https://www.meneame.net/story/vox-amenaza-orgullo-gay-habra-ver-seguimos-permitiendo-organicen,3140371,27181734,165,116.0,Cassiopeia,2019-06-11T18:44:48+00:00,1,15,"#116 no es un evento privado. Está en las calles de una ciudad, en sus espacios públicos y con dinero público. 
Si lo hacen en su casa o en su local, es distinto."
lgtbi,https://www.meneame.net/story/vox-amenaza-orgullo-gay-habra-ver-seguimos-permitiendo-organicen,3140371,27181731,164,101.0,Battlestar,2019-06-11T18:44:32+00:00,1,17,"#101 No recuerdo que hayan prohibido nunca a los ateos hacer una marcha mostrando su ""no-creencia"". Si lo dices por la procesión del santísimo coño, creo que eso no es ateísmo, es una mofa-parodia, o como quieras llamarlo, pero no tiene nada que ver con el ateísmo. Dependiendo del lugar y día lo considero una provocación más que una mofa, pero creo que ya sea parodia, mofa, o incluso abierta provocación debería permitirse y no prohibirse por supuesto. Yo creo que el humor es humor y has de poderte cachondear de cualquier cosa, y cualquier cosa es...cualquier cosa. Pero claro, si te cachondeas en la cara de alguien te juegas una hostia, a eso me refería con provocación. Al de la ""provocación"" no creo que haya que sancionarlo, al que mete la hostia sí por recurrir a la violencia, pero eso no quita que el que ha provocado se le ha buscado.

Si quieres que te lo resuma me parece fatal que prohíban marchas cómicas o paródicas, pero si lo haces en depende qué sitios te juegas una hostia. Pero esto no tiene nada que ver con el ateísmo, es mera parodia o en según que casos gana de que te aostien."
lgtbi,https://www.meneame.net/story/vox-amenaza-orgullo-gay-habra-ver-seguimos-permitiendo-organicen,3140371,27181727,163,145.0,Cassiopeia,2019-06-11T18:43:50+00:00,0,6,#145 ya me dirás en qué punto de su programa dice eso.
lgtbi,https://www.meneame.net/story/vox-amenaza-orgullo-gay-habra-ver-seguimos-permitiendo-organicen,3140371,27181724,162,74.0,--560534--,2019-06-11T18:43:22+00:00,1,-2,"#74 Déjalos que vivan en su inopia, si no odian no son felices."
lgtbi,https://www.meneame.net/story/vox-amenaza-orgullo-gay-habra-ver-seguimos-permitiendo-organicen,3140371,27181714,161,,kucho,2019-06-11T18:41:19+00:00,0,7,Hay mucho gay que no está orgulloso de serlo
lgtbi,https://www.meneame.net/story/vox-amenaza-orgullo-gay-habra-ver-seguimos-permitiendo-organicen,3140371,27181691,160,,Mato1tio,2019-06-11T18:37:04+00:00,0,6,"A ver si es verdad! 
Es lamentable el circo que se monta en la cabalgata. Todavía siento náuseas recordando el lamentable espectáculo que vi el año pasado.   
Un niño metido en un mono de cuero negro muy ceñido.  


Que patada en la boca tienen esos padre.  
Aceptar su sexualidad es una cosa innegable. Exhibirla de manera provocadora me parece una falta de respeto."
lgtbi,https://www.meneame.net/story/vox-amenaza-orgullo-gay-habra-ver-seguimos-permitiendo-organicen,3140371,27181640,159,127.0,--598745--,2019-06-11T18:28:15+00:00,0,7,"#127 Ahh, entiendo. Pues parece lógico, ¿no?"
lgtbi,https://www.meneame.net/story/vox-amenaza-orgullo-gay-habra-ver-seguimos-permitiendo-organicen,3140371,27181638,158,48.0,podremos,2019-06-11T18:28:12+00:00,3,31,"#48 Eso de que en Vox caben todos los españoles es una tomadura de pelo y lo dicen de cara a la galería, si realmente fuera cierto no les molestaría tanto el día del orgullo gay, si hubiera algún motivo racional para criticarlo también se podría seguir el mismo criterio con las procesiones de semana santa o cualquier otra festividad dedicada a un determinado colectivo."
lgtbi,https://www.meneame.net/story/vox-amenaza-orgullo-gay-habra-ver-seguimos-permitiendo-organicen,3140371,27181635,157,,elgranmago,2019-06-11T18:27:56+00:00,0,6,"Siendo totalmente frío y agnóstico en el tema y considerando sólo el aspecto económico.
Venga, vale, Madrid va a decir que no a cientos ¿Miles? De plazas hoteleras ocupadas, a las líneas aéreas y de tren que traen a la gente que les den, a los hosteleros igual... ¿Alguna otra ciudad que quiera organizarlo?
Y no me digáis que esto no trae pasta porque entonces cortamos los partidos de fútbol, romerías y leches más varias.
Si Vox dice que no a ésto con la deuda de Madrid no merecen estar ahí para gestionarlo, creo que pocas cosas pueden mover más dinero de golpe en tan poco tiempo."
lgtbi,https://www.meneame.net/story/vox-amenaza-orgullo-gay-habra-ver-seguimos-permitiendo-organicen,3140371,27181629,156,1.0,--588977--,2019-06-11T18:26:30+00:00,0,6,"#1 Bocachanclas, culochanclas y chochochanclas."
lgtbi,https://www.meneame.net/story/vox-amenaza-orgullo-gay-habra-ver-seguimos-permitiendo-organicen,3140371,27181628,155,,phyrian,2019-06-11T18:26:20+00:00,0,6,Yo es que a dia de hoy sigo sin entender que tiene k ver ser gay trans etc  con salir medio en bolas. Marcando paquete o enseñando las tetas.
lgtbi,https://www.meneame.net/story/vox-amenaza-orgullo-gay-habra-ver-seguimos-permitiendo-organicen,3140371,27181616,154,26.0,Leo77,2019-06-11T18:23:52+00:00,1,19,"#26 ya no es el dinero, es que no tienen huevos a dar esa imagen a la prensa extranjera."
lgtbi,https://www.meneame.net/story/vox-amenaza-orgullo-gay-habra-ver-seguimos-permitiendo-organicen,3140371,27181574,153,28.0,d5tas,2019-06-11T18:16:26+00:00,6,44,#28 El presidente de Haiti fue elegido con una abstención del 82% y no paso nada hasta que salio a la luz el desvió de 3800 millones de $. Y en USA suelen votar a las presidenciales el 40-50% con derecho a voto. La abstención de sofá que proclamáis algunos es de lo mas incauto que que he visto en mi vida.
lgtbi,https://www.meneame.net/story/vox-amenaza-orgullo-gay-habra-ver-seguimos-permitiendo-organicen,3140371,27181555,152,39.0,milkarri,2019-06-11T18:12:08+00:00,8,64,"#39  Ley de partidos: 2. Un partido político será declarado ilegal cuando su actividad vulnere los principios democráticos, particularmente cuando con la misma persiga deteriorar o destruir el régimen de libertades o imposibilitar o eliminar el sistema democrático, mediante alguna de las siguientes conductas, realizadas de forma reiterada y grave:

    a) Vulnerar sistemáticamente las libertades y derechos fundamentales, promoviendo, justificando o exculpando los atentados contra la vida o la integridad de las personas, o la exclusión o persecución de personas por razón de su ideología, religión o creencias, nacionalidad, raza, sexo u orientación sexual."
lgtbi,https://www.meneame.net/story/vox-amenaza-orgullo-gay-habra-ver-seguimos-permitiendo-organicen,3140371,27181550,151,147.0,pkreuzt,2019-06-11T18:11:09+00:00,0,11,#147 ¿Quién te dice que no las he leído? ¿Acaso estas diciendo que soy un poco cortito y no entiendo lo que leo? A ver si el que va a terminar reportado eres tu.
lgtbi,https://www.meneame.net/story/vox-amenaza-orgullo-gay-habra-ver-seguimos-permitiendo-organicen,3140371,27181545,150,46.0,paputayo,2019-06-11T18:10:27+00:00,1,13,"#46 Además no se les ha vetado, simplemente tienen que firmar un ""decálogo"" de medidas a favor de las personas LGTB+ para poder participar."
lgtbi,https://www.meneame.net/story/vox-amenaza-orgullo-gay-habra-ver-seguimos-permitiendo-organicen,3140371,27181535,149,79.0,Leuwen,2019-06-11T18:08:41+00:00,3,34,"#79 ""lo de aceptar los resultados de las urnas no va con vosotros, ya lo sé"" . Habló de putas la tacones: ""Vox no se conforma con su resultado y pide un nuevo recuento de todos los votos: El partido de Abascal quiere que se abran “todos los sobres de todas las mesas” de España para comprobar “si ha habido pucherazo o no” https://www.lavanguardia.com/politica/20190501/461986321927/vox-pide-recuento-votos-28-a.html"
lgtbi,https://www.meneame.net/story/vox-amenaza-orgullo-gay-habra-ver-seguimos-permitiendo-organicen,3140371,27181532,148,146.0,fingulod,2019-06-11T18:08:13+00:00,1,21,"#146 https://www.elespanol.com/espana/politica/20190319/terapias-reconducir-gays-frases-candidato-homofobo-vox/384462309_0.html

https://www.elespanol.com/espana/politica/20190319/terapias-reconducir-gays-frases-candidato-homofobo-vox/384462309_0.html

De nada."
lgtbi,https://www.meneame.net/story/vox-amenaza-orgullo-gay-habra-ver-seguimos-permitiendo-organicen,3140371,27181528,147,141.0,--492183--,2019-06-11T18:07:50+00:00,2,3,"#141 que sea lo primero que te sale el busca en el buscador no te libra de que hayas puesto noticias falsas.

Yo no te vengo aquí a abrir los ojos, pero si leyes es lo que envías y después leyeses las declaraciones originales o las publicaciones originales a lo mejor te llevas una sorpresa"
lgtbi,https://www.meneame.net/story/vox-amenaza-orgullo-gay-habra-ver-seguimos-permitiendo-organicen,3140371,27181521,146,145.0,--492183--,2019-06-11T18:06:10+00:00,4,3,"#145 no dicen eso, no extiendas bulos."
lgtbi,https://www.meneame.net/story/vox-amenaza-orgullo-gay-habra-ver-seguimos-permitiendo-organicen,3140371,27181513,145,104.0,fingulod,2019-06-11T18:03:43+00:00,2,20,"#104 Los que proponen que los homosexuales son enfermos y necesitan terapia. Los que dicen que una pareja gay con un hijo necesita terapia. Los que dicen que el desfile del orgullo gay se mueva a la casa de campo... esos.  

#108 Y esos pueden ir. Y por supuesto el resto también. Lo que no pueden es ponerse en la cabecera de una marcha reivindicativa con las que no están de acuerdo."
lgtbi,https://www.meneame.net/story/vox-amenaza-orgullo-gay-habra-ver-seguimos-permitiendo-organicen,3140371,27181505,144,94.0,robustiano,2019-06-11T18:00:49+00:00,0,19,#94 Pero si ya van hasta la Conferencia Episcopal y los señoros franquistas... {troll}
lgtbi,https://www.meneame.net/story/vox-amenaza-orgullo-gay-habra-ver-seguimos-permitiendo-organicen,3140371,27181492,143,1.0,robustiano,2019-06-11T17:58:32+00:00,0,19,"#1 Bien dicho, éstos son unos auténticos carrozas... {tongue}"
lgtbi,https://www.meneame.net/story/vox-amenaza-orgullo-gay-habra-ver-seguimos-permitiendo-organicen,3140371,27181474,142,64.0,--22033--,2019-06-11T17:55:49+00:00,2,32,#64 Te has marcado una de supremacista moral de libro!
lgtbi,https://www.meneame.net/story/vox-amenaza-orgullo-gay-habra-ver-seguimos-permitiendo-organicen,3140371,27181467,141,140.0,pkreuzt,2019-06-11T17:55:21+00:00,2,31,#140 He puesto solamente lo primero que salía en el buscador de Menéame. Ahora supongo que dirás que esta web solo promociona mentiras o algo así. Menos mal que tenemos a alguien como tú para abrirnos los ojos ante la BERDAD BERDADERA.
lgtbi,https://www.meneame.net/story/vox-amenaza-orgullo-gay-habra-ver-seguimos-permitiendo-organicen,3140371,27181447,140,132.0,--492183--,2019-06-11T17:53:06+00:00,2,3,"#132 no, simplemente has buscado noticias falsas que defienden lo que tú dices"
lgtbi,https://www.meneame.net/story/vox-amenaza-orgullo-gay-habra-ver-seguimos-permitiendo-organicen,3140371,27181435,139,91.0,--19782--,2019-06-11T17:51:23+00:00,0,12,#91 por no dejar participar a Vox?
lgtbi,https://www.meneame.net/story/vox-amenaza-orgullo-gay-habra-ver-seguimos-permitiendo-organicen,3140371,27181423,138,72.0,CheliO_oS,2019-06-11T17:49:49+00:00,3,19,"#72 Pues seguro que si VOX organiza ""el día de la familia"" no van a dejar entrar a una familia creada por homosexuales. A ver si nos enteramos de una vez..."
lgtbi,https://www.meneame.net/story/vox-amenaza-orgullo-gay-habra-ver-seguimos-permitiendo-organicen,3140371,27181411,137,1.0,JoséCanseco,2019-06-11T17:46:59+00:00,3,32,"#1 no me lo he pasado yo mejor en mi vida que el día del orgullo, mira que las aglomeraciones no me hacen mucha gracia pero el día del orgullo sentía algo así que como si quería ir pegando collejas a la gente que se iban a dar la vuelta y me iban a invitar a tomar algo con ellos, muy buen rollo."
lgtbi,https://www.meneame.net/story/vox-amenaza-orgullo-gay-habra-ver-seguimos-permitiendo-organicen,3140371,27181409,136,52.0,--137774--,2019-06-11T17:46:33+00:00,0,8,#52 Pues precisamente los que los han votado creo que si disfrutan con estas cosas.
lgtbi,https://www.meneame.net/story/vox-amenaza-orgullo-gay-habra-ver-seguimos-permitiendo-organicen,3140371,27181401,135,121.0,--435061--,2019-06-11T17:45:43+00:00,0,9,#121 no dejan meter carroza al PP ni a Cs.... tan plurales no son
lgtbi,https://www.meneame.net/story/vox-amenaza-orgullo-gay-habra-ver-seguimos-permitiendo-organicen,3140371,27181396,134,64.0,box3d,2019-06-11T17:45:11+00:00,4,51,"#64 Puedo recitarte lo que me dicen ""Gays de bien"" por ser libertario y despreciar a Pablo Iglesias.

Y eso que soy marica..."
lgtbi,https://www.meneame.net/story/vox-amenaza-orgullo-gay-habra-ver-seguimos-permitiendo-organicen,3140371,27181394,133,91.0,SlayerNina,2019-06-11T17:45:08+00:00,8,65,"#91 Se puede ser de derechas a nivel económico, o de autonomías, o de mil cosas más... pero si eres gay o trans y votas a alguien que pueda quitarte derechos solo para pagar menos impuestos o algo así, es para hacerse mirar las prioridades..."
lgtbi,https://www.meneame.net/story/vox-amenaza-orgullo-gay-habra-ver-seguimos-permitiendo-organicen,3140371,27181392,132,129.0,pkreuzt,2019-06-11T17:44:26+00:00,2,24,#129 ¿Qué es mentira? ¿Los múltiples enlaces a noticias que he puesto? ¿Todos ellos? ¿Hay una conspiración judeomasónica o algo?
lgtbi,https://www.meneame.net/story/vox-amenaza-orgullo-gay-habra-ver-seguimos-permitiendo-organicen,3140371,27181389,131,91.0,--419859--,2019-06-11T17:43:36+00:00,1,14,"#91 {lol} {lol} ""desprecian a los homosexuales que no son de izquierda"" {lol} {lol}

Creo que entonces en el orgullo serían muy pocos."
lgtbi,https://www.meneame.net/story/vox-amenaza-orgullo-gay-habra-ver-seguimos-permitiendo-organicen,3140371,27181383,130,5.0,box3d,2019-06-11T17:43:08+00:00,0,8,"#5 Intenta ser Gay y no votar a Los Partidos de Gay abiertamente {lol}

Ya no digo Vox... Si no cualquier cosa no Podemos/Psoe/Nazionalistas"
lgtbi,https://www.meneame.net/story/vox-amenaza-orgullo-gay-habra-ver-seguimos-permitiendo-organicen,3140371,27181380,129,124.0,--492183--,2019-06-11T17:42:23+00:00,3,-4,#124 eso es mentira y estás reportado
lgtbi,https://www.meneame.net/story/vox-amenaza-orgullo-gay-habra-ver-seguimos-permitiendo-organicen,3140371,27181376,128,2.0,box3d,2019-06-11T17:41:29+00:00,0,8,"#2 Si fuesen inteligentes aplicarían alguna ley estúpida que obligue a ir vestido por la calle.

Así lo liquidan en 3h {lol}"
lgtbi,https://www.meneame.net/story/vox-amenaza-orgullo-gay-habra-ver-seguimos-permitiendo-organicen,3140371,27181369,127,110.0,--419859--,2019-06-11T17:38:53+00:00,13,101,"#110  #94 Por no firmar el decálogo de los organizadores. Si no lo firmas, puedes ir a título particular, pero tu nombre no aparece como ""colaborador"", y no puedes llevar tu carroza."
lgtbi,https://www.meneame.net/story/vox-amenaza-orgullo-gay-habra-ver-seguimos-permitiendo-organicen,3140371,27181363,126,,--597299--,2019-06-11T17:37:27+00:00,0,8,A un español no se le quita una fiesta así como así. ! Con lo que me ha costado hacerme pasar por bujarrón y vencer mi homofobia natural !
lgtbi,https://www.meneame.net/story/vox-amenaza-orgullo-gay-habra-ver-seguimos-permitiendo-organicen,3140371,27181353,125,119.0,BobbyTables,2019-06-11T17:36:17+00:00,0,12,"#119 {take}  toma este dinero y vete a comprar un detector de sarcasmo, que el que tienes no funciona. De nada."
lgtbi,https://www.meneame.net/story/vox-amenaza-orgullo-gay-habra-ver-seguimos-permitiendo-organicen,3140371,27181348,124,88.0,pkreuzt,2019-06-11T17:35:32+00:00,8,77,"#88 Los de VOX son https://www.meneame.net/search?q=vox+neonazi [[neonazis]] , https://www.meneame.net/search?q=vox+franquista&w=links&p=&s=&h=&o=&u= [[franquistas]] , https://www.meneame.net/search?q=vox+racista&w=links&p=&s=&h=&o=&u= [[racistas]] , https://www.meneame.net/search?q=vox+machista&w=links&p=&s=&h=&o=&u= [[machistas]] , https://www.meneame.net/search?q=vox+homofobia&w=links&p=&s=&h=&o=&u= [[homófobos]] y https://www.meneame.net/search?q=vox+retrogrados&w=links&p=&s=&h=&o=&u= [[retrógrados]] . Si después de todo eso no crees que son un poco gilipollas yo ya no sé {blank}"
lgtbi,https://www.meneame.net/story/vox-amenaza-orgullo-gay-habra-ver-seguimos-permitiendo-organicen,3140371,27181346,123,,--348464--,2019-06-11T17:35:29+00:00,0,7,Lo bueno de este hilo es que no tendremos que aguantar al plasta que lo ha subido durante un par de días.
lgtbi,https://www.meneame.net/story/vox-amenaza-orgullo-gay-habra-ver-seguimos-permitiendo-organicen,3140371,27181336,122,,Varlak,2019-06-11T17:32:52+00:00,0,7,ni el titular te has leído {lol}
lgtbi,https://www.meneame.net/story/vox-amenaza-orgullo-gay-habra-ver-seguimos-permitiendo-organicen,3140371,27181332,121,74.0,--272073--,2019-06-11T17:32:32+00:00,6,61,"#74 No es cierto, puede ir quien quiera.. Se pide que las organizaciones que encabecen la manifestación que organiza COGAM respeten el decálogo. Faltaría más que siendo el que organiza no pudieras decidir quién va en primera fila. Es como si los indepes se quejasen de que no les dejasen estar en la foto de Colón."
lgtbi,https://www.meneame.net/story/vox-amenaza-orgullo-gay-habra-ver-seguimos-permitiendo-organicen,3140371,27181325,120,71.0,Varlak,2019-06-11T17:31:13+00:00,0,7,"#71 oye, que el de vox es el otro, eh?"
lgtbi,https://www.meneame.net/story/vox-amenaza-orgullo-gay-habra-ver-seguimos-permitiendo-organicen,3140371,27181315,119,17.0,--292212--,2019-06-11T17:29:44+00:00,0,7,"#17 Entonces eres igual de anticonstitucional que ellos.
Que haya gente como tú demuestra que hay que seguir organizando estos actos para defender los derechos que gente como tú o Vox quiere retirar."
lgtbi,https://www.meneame.net/story/vox-amenaza-orgullo-gay-habra-ver-seguimos-permitiendo-organicen,3140371,27181313,118,96.0,--19782--,2019-06-11T17:29:42+00:00,1,19,#96 al PP y ciudadanos que mencionan en la entradilla que no te has leído
lgtbi,https://www.meneame.net/story/vox-amenaza-orgullo-gay-habra-ver-seguimos-permitiendo-organicen,3140371,27181291,117,,Suikoden,2019-06-11T17:24:42+00:00,0,9,"Huyhuy, ¿nadie les acusa de que el nivel de negocio de comerciantes si cancelan el orgullo se verá resentido? ¿O es sólo una preocupación por cosas de los ""rojos""? ¿Y la ""libertad"" que no se sacan de la boca cuando hablan los de Vox para qué ha quedado?"
lgtbi,https://www.meneame.net/story/vox-amenaza-orgullo-gay-habra-ver-seguimos-permitiendo-organicen,3140371,27181290,116,113.0,Ze7eN,2019-06-11T17:24:39+00:00,4,27,"#113 No, no es censura, es coherencia. Si tú montas un evento lo montas como quieres y traes a quién quieres. Especialmente si ese evento se organiza para defender unos valores y quién quiere participar está en contra de ellos.

Y que haya gays que votan a VOX, más allá de la leyenda urbana, no demuestra nada.
Ahora va a resultar que no se puede ser gay e incoherente a la vez."
lgtbi,https://www.meneame.net/story/vox-amenaza-orgullo-gay-habra-ver-seguimos-permitiendo-organicen,3140371,27181282,115,43.0,Zade,2019-06-11T17:23:41+00:00,5,57,"#43 Aunque entiendo el fondo de la cuestión, tu comentario falla un poco en lo de “no se está prohibiendo participar a ningún partido, solo tienen que firmar no pactar con Vox”

Entonces si Vox firma un papel que dice que no van a pactar con Vox entonces pueden participar en el dia del orgullo de los gays de izquierdas. {troll} 

PD: Ahora es cuando Ciudadanos monta su dia del orgullo de los gays liberales

PPD: De verdad que entiendo el fondo y que quieran presionar a PP y Cs para que se alejen de Vox, pero politizar el día del orgullo solo daña al propio colectivo que está compuesto de personas de diversas sensibilidades e ideologías políticas, no solo de izquierdas."
lgtbi,https://www.meneame.net/story/vox-amenaza-orgullo-gay-habra-ver-seguimos-permitiendo-organicen,3140371,27181281,114,48.0,--543510--,2019-06-11T17:23:33+00:00,0,14,#48 Cuando te des cuenta de quienes son realmente aquellos a quienes defiendes ya será demasiado tarde.
lgtbi,https://www.meneame.net/story/vox-amenaza-orgullo-gay-habra-ver-seguimos-permitiendo-organicen,3140371,27181276,113,43.0,Cassiopeia,2019-06-11T17:22:45+00:00,4,48,"#43 y no es censura eso, ¿verdad? Hay gays que votan a Vox. En serio. Puede parecer increíble pero no todos piensan igual."
lgtbi,https://www.meneame.net/story/vox-amenaza-orgullo-gay-habra-ver-seguimos-permitiendo-organicen,3140371,27181273,112,28.0,Nyn,2019-06-11T17:21:43+00:00,1,12,#28 el día que nadie vote se termina la democracia.
lgtbi,https://www.meneame.net/story/vox-amenaza-orgullo-gay-habra-ver-seguimos-permitiendo-organicen,3140371,27181272,111,38.0,Cassiopeia,2019-06-11T17:21:39+00:00,2,26,#38 menos mal que alguien se ha leído la noticia.
lgtbi,https://www.meneame.net/story/vox-amenaza-orgullo-gay-habra-ver-seguimos-permitiendo-organicen,3140371,27181270,110,94.0,WarDog77,2019-06-11T17:21:37+00:00,8,61,"#94 Por pactar con VOX,  un partido homofobo"
lgtbi,https://www.meneame.net/story/vox-amenaza-orgullo-gay-habra-ver-seguimos-permitiendo-organicen,3140371,27181268,109,1.0,mcfgdbbn3,2019-06-11T17:21:33+00:00,0,11,"#1: Si, pero si en Madrid no lo quieren, en #Valladolor {palm} tenemos una ciudad entera donde organizarlo.

Y no solo #Valladolor {palm} , seguro que hay más sitios dispuestos a hacerlo."
lgtbi,https://www.meneame.net/story/vox-amenaza-orgullo-gay-habra-ver-seguimos-permitiendo-organicen,3140371,27181263,108,1.0,Cassiopeia,2019-06-11T17:20:49+00:00,7,59,"#1 te has leído la noticia? Los de Vox se quejan de que los excluyen, porque también hay gays que votan a Vox."
lgtbi,https://www.meneame.net/story/vox-amenaza-orgullo-gay-habra-ver-seguimos-permitiendo-organicen,3140371,27181255,107,,Ovidio,2019-06-11T17:19:01+00:00,0,10,"Habrá que ver si seguimos permitiendo que organice en Madrid cosas que solo están hechas para algunos Tienen toda la razón en eso, pero en Menéame mola más decir que son unos fachas"
lgtbi,https://www.meneame.net/story/vox-amenaza-orgullo-gay-habra-ver-seguimos-permitiendo-organicen,3140371,27181250,106,,jm22381,2019-06-11T17:18:21+00:00,2,26,Así que Vox quiere que la lucha por los derechos LGTBI sea organizada por... ¿quién? ¿Les parecería bien que las subvenciones taurinas sean organizadas por los veganos? ¿O qué una asociación laica lleve las cuentas De la Iglesia? {huh}
lgtbi,https://www.meneame.net/story/vox-amenaza-orgullo-gay-habra-ver-seguimos-permitiendo-organicen,3140371,27181236,105,,--492183--,2019-06-11T17:17:15+00:00,2,3,"Comentario 98 

Ejemplo de persona sin capacidad de razonamiento que a la mínima insulta y bloquea."
lgtbi,https://www.meneame.net/story/vox-amenaza-orgullo-gay-habra-ver-seguimos-permitiendo-organicen,3140371,27181226,104,,--492183--,2019-06-11T17:15:00+00:00,2,3,"Para el comentario 93 

Porque es incoherente con los valores que defiende el orgullo?????

¿Quienes son los homófobos? ¿Porque estás lanzando esas acusaciones tan graves?

Yo personalmente no entiendo que sus políticas se basen en el odio y la vulneración de derechos, por eso te pido que me lo expliques y solo veo que pones insultos."
lgtbi,https://www.meneame.net/story/vox-amenaza-orgullo-gay-habra-ver-seguimos-permitiendo-organicen,3140371,27181225,103,96.0,--596345--,2019-06-11T17:14:54+00:00,2,17,"#96 ""quieren que no sea un acto cerrado y sectareo en el que solo pueda acudir la chupipandi"""
lgtbi,https://www.meneame.net/story/vox-amenaza-orgullo-gay-habra-ver-seguimos-permitiendo-organicen,3140371,27181221,102,2.0,Acuantavese,2019-06-11T17:14:20+00:00,0,10,"#2 Se trata de que haya libertad, no de quitar la que hay actualmente jodiendo a más gente"
lgtbi,https://www.meneame.net/story/vox-amenaza-orgullo-gay-habra-ver-seguimos-permitiendo-organicen,3140371,27181220,101,72.0,fingulod,2019-06-11T17:14:04+00:00,3,22,"#72 Imaginate que hacen una marcha y prohíben el paso a digamos los ateos. Es más, les prohíben hacer marchas similares porque dicen que les ofende... ¿Qué opinas de eso?"
lgtbi,https://www.meneame.net/story/vox-amenaza-orgullo-gay-habra-ver-seguimos-permitiendo-organicen,3140371,27181217,100,,kero,2019-06-11T17:13:30+00:00,0,6,quieres el orgullo mas loco de los ultimos años? por que asi es como consigues un orgullo mas loco de los ultimos años
lgtbi,https://www.meneame.net/story/vox-amenaza-orgullo-gay-habra-ver-seguimos-permitiendo-organicen,3140371,27181214,99,82.0,Ze7eN,2019-06-11T17:13:16+00:00,8,72,#82 VOX. El porqué pregúntaselo a ellos.
lgtbi,https://www.meneame.net/story/vox-amenaza-orgullo-gay-habra-ver-seguimos-permitiendo-organicen,3140371,27181212,98,90.0,Ze7eN,2019-06-11T17:12:57+00:00,7,69,"#90 Pero que vas a rebatir tú, alma de cántaro, si eres la mascota de Menéame. Eres capaz de decir cien veces que alguien miente y no serías capaz de señalar ni una mentira y mucho menos rebatirla.

Te voy a hacer caso y voy a empezar la lista poco a poco, next."
lgtbi,https://www.meneame.net/story/vox-amenaza-orgullo-gay-habra-ver-seguimos-permitiendo-organicen,3140371,27181207,97,74.0,devilinside,2019-06-11T17:11:56+00:00,2,28,#74 Ir puede ir todo el mundo (y de hecho seguro que van muchos de Vox como público aunque no lo publiquen). Lo que no vas a pedir que les den una carroza
lgtbi,https://www.meneame.net/story/vox-amenaza-orgullo-gay-habra-ver-seguimos-permitiendo-organicen,3140371,27181199,96,83.0,--492183--,2019-06-11T17:11:12+00:00,13,-36,"#83 ¿A quien te refieres?

Pensaba que la noticia iba de Vox."
lgtbi,https://www.meneame.net/story/vox-amenaza-orgullo-gay-habra-ver-seguimos-permitiendo-organicen,3140371,27181194,95,86.0,--492183--,2019-06-11T17:10:32+00:00,10,-7,"#86 ¿Utilizas la segunda persona del plural por algún motivo?

¿Que significan esas onomatopeyas?"
lgtbi,https://www.meneame.net/story/vox-amenaza-orgullo-gay-habra-ver-seguimos-permitiendo-organicen,3140371,27181192,94,1.0,--598745--,2019-06-11T17:09:45+00:00,2,31,"#1 Los de Vox son unos bocas, está claro. Pero una cosa que la noticia no me deja clara, ¿por qué se prohibió participar a las carrozas de PP o Ciudadanos? ¿Participan otras formaciones políticas? ¿Otros años PP o Ciudadanos han participado?"
lgtbi,https://www.meneame.net/story/vox-amenaza-orgullo-gay-habra-ver-seguimos-permitiendo-organicen,3140371,27181190,93,80.0,Ze7eN,2019-06-11T17:09:40+00:00,15,128,"#80 No, no es arbitrario, es incoherente con los valores que defienden la fiesta del Orgullo. Punto.

Y de ilegal no tiene nada. Es la organización quién decide quién participa y quién no y bajo que condiciones. Si a la derechita homófoba no le gusta, que monta su propio desfile del Orgullo en la Casa de Campo, a ver si va alguien. Si tú pides permiso para montar un concierto en una plaza, tú eliges quién toca, no cuatro gilipollas indignados que tienen un grupo de mierda y quieren tocar en esa fiesta.

El único problema que hay aquí es que quienes simpatizáis con esta escoria de partidos no compartís los valores que defiende esta fiesta y no entendéis que sus políticas se basan en el odio y la vulneración de sus derechos."
lgtbi,https://www.meneame.net/story/vox-amenaza-orgullo-gay-habra-ver-seguimos-permitiendo-organicen,3140371,27181188,92,,hipernes,2019-06-11T17:09:16+00:00,0,6,"Madrileños, haber votado! Este es el triste resultado de la democracia que nos hemos dado entre todos y tal . Llega un partido residual en votos y por su influencia de permite el lujo de prohibir lo que la mayoria acepta. 

Ahora a sufrir o luchar"
lgtbi,https://www.meneame.net/story/vox-amenaza-orgullo-gay-habra-ver-seguimos-permitiendo-organicen,3140371,27181187,91,5.0,--604585--,2019-06-11T17:09:03+00:00,13,24,"#5 Desde luego COGAM no lo son. Ellos desprecian a los homosexuales que no son de izquierda, así que muy integradores no me parecen."
lgtbi,https://www.meneame.net/story/vox-amenaza-orgullo-gay-habra-ver-seguimos-permitiendo-organicen,3140371,27181186,90,68.0,--492183--,2019-06-11T17:09:00+00:00,8,-23,"#68 Pues podrías empezar la lista poco a poco, porque así se te puede rebatir y denunciar tus mentiras."
lgtbi,https://www.meneame.net/story/vox-amenaza-orgullo-gay-habra-ver-seguimos-permitiendo-organicen,3140371,27181183,89,39.0,--394252--,2019-06-11T17:08:40+00:00,4,33,#39 Un voxero llamando fascista al personal {lol} {lol} {lol} {lol} {lol}
lgtbi,https://www.meneame.net/story/vox-amenaza-orgullo-gay-habra-ver-seguimos-permitiendo-organicen,3140371,27181177,88,51.0,--492183--,2019-06-11T17:08:08+00:00,18,37,"#51 Has violado prácticamente todas las normas de uso de meneame con ese comentario. Reportado por insultos directos, pero también podría haber sido por incitación al odio o incumplimiento de la legalidad española vigente.

 @admin"
lgtbi,https://www.meneame.net/story/vox-amenaza-orgullo-gay-habra-ver-seguimos-permitiendo-organicen,3140371,27181175,87,38.0,fingulod,2019-06-11T17:08:03+00:00,10,63,#38 ¿Puedo llevar yo mi carroza a una procesión de semana santa?
lgtbi,https://www.meneame.net/story/vox-amenaza-orgullo-gay-habra-ver-seguimos-permitiendo-organicen,3140371,27181169,86,74.0,--63527--,2019-06-11T17:07:27+00:00,2,22,"#74 jejejej... con patatas os lo vais a comer, y en el centro de Madrid {smiley}"
lgtbi,https://www.meneame.net/story/vox-amenaza-orgullo-gay-habra-ver-seguimos-permitiendo-organicen,3140371,27181166,85,45.0,--604585--,2019-06-11T17:06:45+00:00,9,15,"#45 Y COGAM son los elegidos por la gracia divina (socialistas y comunistas) para decidir quienes son los intolerantes, ¿verdad? Aplicando la misma viñeta, para mi COGAM son los intolerantes."
lgtbi,https://www.meneame.net/story/vox-amenaza-orgullo-gay-habra-ver-seguimos-permitiendo-organicen,3140371,27181160,84,78.0,--604585--,2019-06-11T17:05:47+00:00,6,28,"#78 Jajaja, buen zasca!"
lgtbi,https://www.meneame.net/story/vox-amenaza-orgullo-gay-habra-ver-seguimos-permitiendo-organicen,3140371,27181159,83,74.0,--596345--,2019-06-11T17:05:40+00:00,15,120,"#74 Hombre, en tu ""análisis"" estás obviando que esos excluidos son los que no querían admitir el matrimonio entre personas del mismo sexo, por ejemplo, ni la adopción... Que ahora se quieran sumar al carro al que le han escupido a la cara, pues como que veo normal que no los quieran."
lgtbi,https://www.meneame.net/story/vox-amenaza-orgullo-gay-habra-ver-seguimos-permitiendo-organicen,3140371,27181158,82,46.0,--492183--,2019-06-11T17:05:21+00:00,8,9,"#46 ¿Me puedes explicar cual ese ese partido que se posiciona contra el movimiento LGBT y porque?

Luego acusas a otros usuarios de mentir, que irónico."
lgtbi,https://www.meneame.net/story/vox-amenaza-orgullo-gay-habra-ver-seguimos-permitiendo-organicen,3140371,27181154,81,,Gusynho,2019-06-11T17:04:50+00:00,0,6,Pues si haces un listado así pero de todos los partidos la verdad es que sería muy interesante. Mi voto positivo lo tendrías seguro por el curro.
lgtbi,https://www.meneame.net/story/vox-amenaza-orgullo-gay-habra-ver-seguimos-permitiendo-organicen,3140371,27181150,80,43.0,--492183--,2019-06-11T17:04:20+00:00,12,56,"#43 No está mintiendo, lo que dice es totalmente exacto por mucho que con los votos negativos se quiera ocultar.

La organización prohibe de facto asistir al PP y a Ciudadanos puesto que la exigencia de no pactar con Vox es algo totalmente arbitrario además de ilegal."
lgtbi,https://www.meneame.net/story/vox-amenaza-orgullo-gay-habra-ver-seguimos-permitiendo-organicen,3140371,27181148,79,23.0,--604585--,2019-06-11T17:04:02+00:00,0,6,"#23 O quizás sacarán más votos y seguiréis llorando y con alertas antifascistas (lo de aceptar los resultados de las urnas no va con vosotros, ya lo sé)"
lgtbi,https://www.meneame.net/story/vox-amenaza-orgullo-gay-habra-ver-seguimos-permitiendo-organicen,3140371,27181147,78,45.0,--150853--,2019-06-11T17:04:00+00:00,14,98,#45 Según eso deberíamos sacar al feminismo de la ley.
lgtbi,https://www.meneame.net/story/vox-amenaza-orgullo-gay-habra-ver-seguimos-permitiendo-organicen,3140371,27181144,77,43.0,Luiskelele,2019-06-11T17:03:49+00:00,3,43,"#43 y por qué exige una organización de un acto festivo qué políticas deben tomar un partido (nos guste o no) legítimo?

Yo lo veo a la misma altura que el exabrupto del tipo éste de vox, vamos. Me parecen igual de lamentables las 2 situaciones."
lgtbi,https://www.meneame.net/story/vox-amenaza-orgullo-gay-habra-ver-seguimos-permitiendo-organicen,3140371,27181140,76,,el_de_la_silla_de_tijera,2019-06-11T17:03:17+00:00,1,13,"Sin querer ser abogado del Diablo (y menos aún defender a VOX, que pienso que son peores que el Diablo), su postura con el colectivo LGTB parece variar bastante según sus sedes y según sus representantes. 

Por ejemplo, recuerdo un tuit de VOX Castellón, en referencia a una respuesta recibida a uno que pedía ""acabar con los maricones"" que ""España no es eso. En VOX se respeta la identidad sexual de cada uno sea la que sea'. Incluso recuerdo a algún miembro del partido asistiendo a actos (y luego siendo recriminado del partido por hacerlo).

Pero los de Madrid son el ala dura del partido y el fascismo puro, así como un escaparate perfecto para mostrar lo que soy."
lgtbi,https://www.meneame.net/story/vox-amenaza-orgullo-gay-habra-ver-seguimos-permitiendo-organicen,3140371,27181137,75,71.0,Ze7eN,2019-06-11T17:03:03+00:00,7,72,"#71 Otro ofendidito por llamar a las cosas por su nombre.

No me digas más: Desde 14-03-2019 13:45 UTC"
lgtbi,https://www.meneame.net/story/vox-amenaza-orgullo-gay-habra-ver-seguimos-permitiendo-organicen,3140371,27181135,74,1.0,--492183--,2019-06-11T17:02:12+00:00,47,15,"#1 Estas bastante perdidillo.

No quieren que no se celebre, quieren que no sea un acto cerrado y sectareo en el que solo pueda acudir la chupipandi que digan los de COGAM"
lgtbi,https://www.meneame.net/story/vox-amenaza-orgullo-gay-habra-ver-seguimos-permitiendo-organicen,3140371,27181125,73,31.0,par,2019-06-11T17:00:51+00:00,0,7,"#31 Exactamente, entonces que pretendes? Estas esperando a que solo vote el 10% de la gente?

No crees que si todos los que se abstienen, votaran a un partido como este, por ejemplo:

https://es.m.wikipedia.org/wiki/Esca%C3%B1os_en_Blanco

Si que saldria en todos los medios?"
lgtbi,https://www.meneame.net/story/vox-amenaza-orgullo-gay-habra-ver-seguimos-permitiendo-organicen,3140371,27181122,72,,Battlestar,2019-06-11T17:00:26+00:00,5,46,"Si se organizara una fiesta por...yo que sé, la familia y prohibieran la asistencia a miembros de determinados políticos ¿Cómo lo llamaríais? Discriminación quizás?
Por citar algunos de los ejemplos que se están mencionando en este tema a los toros o a la semana santa no prohíben asistir a nadie, tu no vas porque te grima, no porque te digan que no eres bienvenido. Si la organización dice ""oigan, ustedes de este partido y este otro, no vengan aquí, que no les queremos"" A eso se le llama discriminación.

Si alguien monta un evento y discrimina a las mujeres, si alguien monta un evento y discrimina a los hombres vemos un problema. Si prohibieran a los toros o  a la semana santa la asistencia a Podemos o Izquierda Unida veriamos un problema. ¿Cómo no veis un problema en que la orgnaizacion quiera dejar fuera a ciertos partidos politicos?"
lgtbi,https://www.meneame.net/story/vox-amenaza-orgullo-gay-habra-ver-seguimos-permitiendo-organicen,3140371,27181120,71,51.0,--604585--,2019-06-11T17:00:19+00:00,20,-45,#51 Reportado por incitación al odio. Hasta luego.
lgtbi,https://www.meneame.net/story/vox-amenaza-orgullo-gay-habra-ver-seguimos-permitiendo-organicen,3140371,27181113,70,,PatrickStar,2019-06-11T16:59:23+00:00,0,6,"Madrileños disfruten lo votado, los caminantes blancos llamados vox, pp y c's ya estan en el poder"
lgtbi,https://www.meneame.net/story/vox-amenaza-orgullo-gay-habra-ver-seguimos-permitiendo-organicen,3140371,27181106,69,,spit_fire,2019-06-11T16:58:00+00:00,0,11,"Vamos, Rivera. Más juntitos, que se os vea bien claro."
lgtbi,https://www.meneame.net/story/vox-amenaza-orgullo-gay-habra-ver-seguimos-permitiendo-organicen,3140371,27181101,68,65.0,Ze7eN,2019-06-11T16:57:34+00:00,18,133,"#65 Ahora a mentir y hacer spam de un partido de ultra-derecha le llaman dialogar. Lo único que ha hecho es reconocer lo que lo decía en el primer comentario, que solo estaba soltando su discursito demagógico y sectario.

Veo que según que objetivos calificativos ofenden. ¿Quieres que hagamos un listado de los neonazis que han salido en esa mierda de partido?¿de los franquistas declarados?¿de todas y cada una de las declaraciones machistas, homófobas, retrógradas o racistas que han hecho? Es muy fácil dejaros en evidencia y demostrar que sois unos mentirosos.

A mi lo que más me fascina es ver que vosotros mismos os creéis las chorradas que decís.
Venga, otro amiguito de VOX al ignore."
lgtbi,https://www.meneame.net/story/vox-amenaza-orgullo-gay-habra-ver-seguimos-permitiendo-organicen,3140371,27181098,67,34.0,PasaPollo,2019-06-11T16:57:08+00:00,11,113,#34 Como pasó con lo de los Palomos Cojos.
lgtbi,https://www.meneame.net/story/vox-amenaza-orgullo-gay-habra-ver-seguimos-permitiendo-organicen,3140371,27181095,66,31.0,el_de_la_silla_de_tijera,2019-06-11T16:55:28+00:00,9,85,"#31 Fíjate cómo no se menciona que es concretamente el primer dato que se menciona (puesto que es el más sencillo de contabilizar), asi como el único dato que se menciona durante la jornada electoral (a las 14:00 y a las 18:00, por lo mismo y porque evidentemente no hay más datos a esas horas).

Así como, una vez sabido el dato, se puede usar para buscar una tendencia de voto (generalmente un aumento de participación favorece a la izquierda) cuando aún no tenemos resultados de nada. 

Si te refieres al voto en blanco o voto nulo, su relevancia tiene el nivel del Partido Humanista, así como en el sistema actual no afectan en nada los resultados."
lgtbi,https://www.meneame.net/story/vox-amenaza-orgullo-gay-habra-ver-seguimos-permitiendo-organicen,3140371,27181093,65,48.0,Gusynho,2019-06-11T16:55:22+00:00,8,77,"#48 A buen sitio has venido a intentar dialogar educadamente sobre la noticia. A falta de argumentos te llevas unos insultos, bien premiaditos de karma."
lgtbi,https://www.meneame.net/story/vox-amenaza-orgullo-gay-habra-ver-seguimos-permitiendo-organicen,3140371,27181086,64,17.0,BiRDo,2019-06-11T16:54:10+00:00,8,55,"#17 La cosa es que a la marcha del orgullo gay puede ir cualquiera que esté de acuerdo con la carta de derechos humanos, por aquello de respetar la libertad sexual que es lo que se celebra, a nivel individual. Y a nivel como colectivo si tu colectivo está de acuerdo con esto. Y si pactas con homófobos es normal que te digan que como colectivo tu partido no puede representar a ninguna persona represaliada por esa misma gente.

Sin embargo, para disfrutar de la Semana Santa tienes que adorar a un dios concreto en el panteón. Para verlo desde fuera, como la marcha del orgullo, sólo hace falta quedarse mirando desde fuera, pero para ir detrás del paso hay que ser católico. Así que, mientras que el algunos de la marcha del orgullo gay es aquellos que están de acuerdo con la libertad sexual, el algunos de los pasos de semana santa se reduce a los cristianos."
lgtbi,https://www.meneame.net/story/vox-amenaza-orgullo-gay-habra-ver-seguimos-permitiendo-organicen,3140371,27181082,63,40.0,--580610--,2019-06-11T16:53:31+00:00,4,35,#40 Vamos a ver. ¿Pensabas ir al orgullo homosexual? ¿A que viene tanta indignación? Ni los unos quieren ir ni los otros quieren que vayas. Es un win-win de libro.
lgtbi,https://www.meneame.net/story/vox-amenaza-orgullo-gay-habra-ver-seguimos-permitiendo-organicen,3140371,27181079,62,,Walldrop,2019-06-11T16:52:59+00:00,5,35,"¿Cómo que sólo hecho para algunos? Panda de catetos.

Precisamente el Love Parade lo que celebra es el respeto a tod@s... no sólo a los mainstream!! Es cierto que yo no voy porque paso del bullicio infinito (igual en san isidro and you name it) pero es la fiesta de la pluralidad coñe ya! Hay que ser gañán.

La bandera del arcoiris se ha convertido en una lucha del colectivo pero precisamnete lo que representa es la unión de todas las gentes sin importar su condición.. .Yo no me siento rechazado por un homosexual por mi condición sexual.

 La bandera arco iris es la más bonita y me encatariá que se desligara sólo de temas de preferencias sexuales... pero si es por lo que hay que luchar ahora (y se ve que es necesario aún) pues ahí me tendrán bajo la bandera. Como si importase con quien follo o quien me pone. PALETOOOOOOOOOOOOOOS"
lgtbi,https://www.meneame.net/story/vox-amenaza-orgullo-gay-habra-ver-seguimos-permitiendo-organicen,3140371,27181076,61,,--55399--,2019-06-11T16:52:45+00:00,0,9,O follamos todos o la puta al río. {lol} {lol}
lgtbi,https://www.meneame.net/story/vox-amenaza-orgullo-gay-habra-ver-seguimos-permitiendo-organicen,3140371,27181075,60,8.0,MellamoMulo,2019-06-11T16:52:31+00:00,5,71,#8 #3 Con el palillo en la comisura de los labios como mandan los cánones heterosexuales de personas de bien
lgtbi,https://www.meneame.net/story/vox-amenaza-orgullo-gay-habra-ver-seguimos-permitiendo-organicen,3140371,27181074,59,,albandy,2019-06-11T16:52:29+00:00,1,24,El día que lo intentéis sabréis lo que es cobrar de verdad.
lgtbi,https://www.meneame.net/story/vox-amenaza-orgullo-gay-habra-ver-seguimos-permitiendo-organicen,3140371,27181073,58,,TuRbo_Keron,2019-06-11T16:52:11+00:00,0,7,A ver si todavía van a hacer un día del orgullo hetero...
lgtbi,https://www.meneame.net/story/vox-amenaza-orgullo-gay-habra-ver-seguimos-permitiendo-organicen,3140371,27181067,57,1.0,oceanon3d,2019-06-11T16:51:32+00:00,27,197,#1 El orgullo se debería mudar a Valencia; tierra libre de fachas en las instituciones por el momento  ...punto....los 300M€ perdidos a la salud de comerciantes madrileños que tanto les gustan votar a las derechas.
lgtbi,https://www.meneame.net/story/vox-amenaza-orgullo-gay-habra-ver-seguimos-permitiendo-organicen,3140371,27181066,56,,Walldrop,2019-06-11T16:51:26+00:00,5,54,¿Cómo que sólo hecho para algunos? Panda de catetos. Precisamente el Love Parade lo que celebra es el respeto a tod@s... no sólo a los mainstream!! Es cierto que yo no voy porque paso del bullicio infinito (igual en san isidro and you name it) pero es la fiesta de la pluralidad coñe ya! Hay La bandera del arcoiris
lgtbi,https://www.meneame.net/story/vox-amenaza-orgullo-gay-habra-ver-seguimos-permitiendo-organicen,3140371,27181059,55,1.0,frankiegth,2019-06-11T16:50:36+00:00,6,49,"#1 #24. Los de Vox haciendo su papel. No olvideis que los de Vox  también son españoles y hacen la compra en el super como todo el mundo. Ahora sí, si su papel político implica que haya enfrentamientos  ciudadanos no les faltará seguridad estatal para proteger a los suyos de la plebe y los conflictos sociales que ellos mismos generen."
lgtbi,https://www.meneame.net/story/vox-amenaza-orgullo-gay-habra-ver-seguimos-permitiendo-organicen,3140371,27181058,54,,kilokilo,2019-06-11T16:50:08+00:00,2,20,"No hay mas de derechas que ser una maricona, pero maricona escondida y calladita."
lgtbi,https://www.meneame.net/story/vox-amenaza-orgullo-gay-habra-ver-seguimos-permitiendo-organicen,3140371,27181046,53,41.0,BiRDo,2019-06-11T16:48:23+00:00,10,101,"#41 Sí, los de la COGAM son unos tipos que quieren que se respeten sus derechos. ¡Qué cosas!"
lgtbi,https://www.meneame.net/story/vox-amenaza-orgullo-gay-habra-ver-seguimos-permitiendo-organicen,3140371,27181026,52,,--607148--,2019-06-11T16:43:43+00:00,3,13,Disfruten lo votado imbeciles
lgtbi,https://www.meneame.net/story/vox-amenaza-orgullo-gay-habra-ver-seguimos-permitiendo-organicen,3140371,27181005,51,48.0,Ze7eN,2019-06-11T16:40:00+00:00,36,260,"#48 Lo único que tenéis en VOX son neonazis, franquistas, racistas, machistas, homófobos, retrógrados y gilipollas por encima de vuestras posibilidades. Eso si, todos bien escondiditos tras vuestro falso patriotismo y la bandera de España. Hasta luego."
lgtbi,https://www.meneame.net/story/vox-amenaza-orgullo-gay-habra-ver-seguimos-permitiendo-organicen,3140371,27180988,50,,Nokith,2019-06-11T16:38:26+00:00,0,6,"Pues yo lo tengo claro, todo lo contrario, si fuera del movimiento LGTBI anulaba todas las  fiestas del orgullo en las poblaciones donde estén los fascistas...y que les vayan los empresaurios a llorar,y que se sumen a la del pueblo más cercano que no huela a mierda."
lgtbi,https://www.meneame.net/story/vox-amenaza-orgullo-gay-habra-ver-seguimos-permitiendo-organicen,3140371,27180987,49,,Nokith,2019-06-11T16:38:26+00:00,7,60,"Pues yo lo tengo claro, todo lo contrario, si fuera del movimiento LGTBI anulaba todas las  fiestas del orgullo en las poblaciones donde estén los fascistas...y que les vayan los empresaurios a llorar,y que se sumen a la del pueblo más cercano que no huela a mierda."
lgtbi,https://www.meneame.net/story/vox-amenaza-orgullo-gay-habra-ver-seguimos-permitiendo-organicen,3140371,27180951,48,46.0,Facochero,2019-06-11T16:31:42+00:00,29,27,"#46 me gustaria ver esas declaraciones que te hacen ver Las similitudes de Vox Vs colectivo LGTB y El KKK Vs Otras razas (o comp tu dices ""personas a color"") 

Aprovecho para ponerte este post de VOX 

 En VOX solo tenemos una bandera en la que caben todos los españoles, sin importar cual sea su orientación sexual, su edad, su profesión o la ciudad donde vivan  {0x1f609}  {0x1f1ea-1f1f8} 

#Orgullo2018 #Pride https://t.co/Ow9YZYRdYa"
lgtbi,https://www.meneame.net/story/vox-amenaza-orgullo-gay-habra-ver-seguimos-permitiendo-organicen,3140371,27180918,47,,--603345--,2019-06-11T16:26:36+00:00,10,79,"No van a prohibir el dia del orgullo, van a decir que no hay subvenciones y que no autorizan que se haga en Chueca, si quieren montarlo que lo hagan en un recinto privado costeandoselo los organizadores.
De igual forma estoy de acuerdo en que no se subvencione los toros. Creo que los impuestos tienen que ir para servicios esenciales comunes y no para actos de unos cuantos."
lgtbi,https://www.meneame.net/story/vox-amenaza-orgullo-gay-habra-ver-seguimos-permitiendo-organicen,3140371,27180869,46,44.0,Ze7eN,2019-06-11T16:17:48+00:00,70,516,"#44 COGAM es quién organiza el evento, y no han chantajeado a nadie. Simplemente tienen dos dedos de frente.
Es como si en una manifestación por los derechos de las personas a color o contra el racismo dejar participar al Ku Klux Klan.

¿De verdad la cabeza no te da para entender la incoherencia de que un partido que se posiciona en contra del movimiento LGBT o quién pacte con ellos participe en una fiesta para reivindicar los derechos del mismo? A lo mejor tú también tienes algún tipo de problema."
lgtbi,https://www.meneame.net/story/vox-amenaza-orgullo-gay-habra-ver-seguimos-permitiendo-organicen,3140371,27180862,45,39.0,pkreuzt,2019-06-11T16:16:22+00:00,35,218,#39
lgtbi,https://www.meneame.net/story/vox-amenaza-orgullo-gay-habra-ver-seguimos-permitiendo-organicen,3140371,27180848,44,43.0,Facochero,2019-06-11T16:14:19+00:00,22,86,#43 ¿y quien es la COGAM para chantajear a un partido politico? Con todas Las de la ley no han firmado el documento
lgtbi,https://www.meneame.net/story/vox-amenaza-orgullo-gay-habra-ver-seguimos-permitiendo-organicen,3140371,27180830,43,38.0,Ze7eN,2019-06-11T16:12:20+00:00,71,471,"#38 Hay una cosa que es muy pero que muy fea, y es mentir.
Y es más feo todavía  y aprovechar esa mentira para soltar tu discursito demagógico y sectario.

La organización del Orgullo no ha prohibido asistir a nadie, y mucho menos a su partido, sencillamente quién quiera desfilar debe firmar un documento que PP y Ciudadanos se han negado a firmar, un compromiso que incluye, entre otras cosas, no pactar con Vox. Algo bastante lógico, teniendo en cuenta que VOX representa todo lo contrario a lo que representa esta fiesta."
lgtbi,https://www.meneame.net/story/vox-amenaza-orgullo-gay-habra-ver-seguimos-permitiendo-organicen,3140371,27180818,42,,Donpenerecto,2019-06-11T16:11:18+00:00,2,20,Vaya entonces también van a prohibir los toros?
lgtbi,https://www.meneame.net/story/vox-amenaza-orgullo-gay-habra-ver-seguimos-permitiendo-organicen,3140371,27180812,41,15.0,Facochero,2019-06-11T16:10:26+00:00,13,-19,#15 la COGAM verdad?
lgtbi,https://www.meneame.net/story/vox-amenaza-orgullo-gay-habra-ver-seguimos-permitiendo-organicen,3140371,27180809,40,14.0,Facochero,2019-06-11T16:10:03+00:00,18,-23,"#14 te confundes, ahora solo se puede celebrar El orgullo gay de izquierdas, por censura de la COGAM. Y VOX son tan perversos de lanzar El ultimatum de comp no puedan it todos, organizas la fiesta em tu casa."
lgtbi,https://www.meneame.net/story/vox-amenaza-orgullo-gay-habra-ver-seguimos-permitiendo-organicen,3140371,27180799,39,6.0,Facochero,2019-06-11T16:08:02+00:00,22,61,"#6 fascismo 2.0... La cogam no deja ir a dos carrozas por motivos politicos, los politicos censuran su actitud, y tú, lejos de pensar quien es el agraviado fantaseas con la idea de no permitir que se presenten a Las elecciones"
lgtbi,https://www.meneame.net/story/vox-amenaza-orgullo-gay-habra-ver-seguimos-permitiendo-organicen,3140371,27180782,38,2.0,Facochero,2019-06-11T16:05:05+00:00,49,-52,"#2 ellos no te prohiben ir, cosa que a PP y ciudadanos si, les han prohibido llevar su carroza. Los intolerantes han sido los de la COGAM, intentando por todos los medios que la homosexualidad sea cosa de izquierdas, cosa que en El siglo 21 afortunadamente ya se pone en duda y se puede ser gay y con pensamiento contrario a la izquierda."
lgtbi,https://www.meneame.net/story/vox-amenaza-orgullo-gay-habra-ver-seguimos-permitiendo-organicen,3140371,27180763,37,36.0,--607536--,2019-06-11T16:02:26+00:00,12,119,"#36 Si en una mesa hay 10 personas y un gilipollas, entonces hay 11 gilipollas. 

Me abruma la profundidad filosófica de la propaganda {troll}"
lgtbi,https://www.meneame.net/story/vox-amenaza-orgullo-gay-habra-ver-seguimos-permitiendo-organicen,3140371,27180755,36,,Ratoncolorao,2019-06-11T16:00:47+00:00,15,83,Mensaje para PP y Cs:
lgtbi,https://www.meneame.net/story/vox-amenaza-orgullo-gay-habra-ver-seguimos-permitiendo-organicen,3140371,27180741,35,,--607536--,2019-06-11T15:57:56+00:00,6,35,"Que lo llamen el ""día del orgullo socialista"" y arreglado, todos contentos. Así los gays de derechas no protestarán y los socialistas dejarán de tomarle el pelo a los gays de izquierdas."
lgtbi,https://www.meneame.net/story/vox-amenaza-orgullo-gay-habra-ver-seguimos-permitiendo-organicen,3140371,27180732,34,1.0,Wir0s,2019-06-11T15:56:51+00:00,30,227,#1 A este no le han explicado lo del efecto Streisand... Si se les ocurre hacer algo mas que ladrar me da que se van a comer el mayor orgullo en años
lgtbi,https://www.meneame.net/story/vox-amenaza-orgullo-gay-habra-ver-seguimos-permitiendo-organicen,3140371,27180727,33,29.0,--590806--,2019-06-11T15:56:27+00:00,1,18,"#29 "" A ver si mi constante preocupación por las prácticas homosexuales encubre cierto deseo"" igual contestan. Chan chan giro de guión."
lgtbi,https://www.meneame.net/story/vox-amenaza-orgullo-gay-habra-ver-seguimos-permitiendo-organicen,3140371,27180719,32,,efra,2019-06-11T15:55:00+00:00,0,10,Creo que Teruel si estaría contenta
lgtbi,https://www.meneame.net/story/vox-amenaza-orgullo-gay-habra-ver-seguimos-permitiendo-organicen,3140371,27180717,31,30.0,--607536--,2019-06-11T15:54:30+00:00,2,2,#30 Pues claro. Fíjate cómo no se menciona nunca el porcentaje de abstenciones en las elecciones ni se hace hincapié en ello en los medios.
lgtbi,https://www.meneame.net/story/vox-amenaza-orgullo-gay-habra-ver-seguimos-permitiendo-organicen,3140371,27180713,30,28.0,Imag0,2019-06-11T15:53:33+00:00,9,62,#28 No sé la edad que tendrás tu pero algunos llevan 40 años ya con esa canción... en serio os lo creéis?
lgtbi,https://www.meneame.net/story/vox-amenaza-orgullo-gay-habra-ver-seguimos-permitiendo-organicen,3140371,27180706,29,21.0,--37472--,2019-06-11T15:53:10+00:00,0,10,"#21 ""A ver si os enculamos..."" va a ser la respuesta {troll}"
lgtbi,https://www.meneame.net/story/vox-amenaza-orgullo-gay-habra-ver-seguimos-permitiendo-organicen,3140371,27180700,28,23.0,--607536--,2019-06-11T15:52:09+00:00,9,-4,"#23 Amigo, el no votar es la única solución para deslegitimizar el sistema de gobierno. El día que sólo vayan a votar 4 gatos a ver cómo lo explican los políticos, aparte de la gran disminución de fondos del estado que recibirían los partidos."
lgtbi,https://www.meneame.net/story/vox-amenaza-orgullo-gay-habra-ver-seguimos-permitiendo-organicen,3140371,27180695,27,23.0,--270770--,2019-06-11T15:51:31+00:00,0,7,"#23 Calla, calla, que a ver si en las próximas van a sacar mayoría absoluta por tu culpa... {troll}"
lgtbi,https://www.meneame.net/story/vox-amenaza-orgullo-gay-habra-ver-seguimos-permitiendo-organicen,3140371,27180685,26,1.0,manuelpepito,2019-06-11T15:50:19+00:00,2,33,"#1 Aunque no comportan lo van a celebrar, el orgullo mueve mucho dinero. Si lo hacen se los comen."
lgtbi,https://www.meneame.net/story/vox-amenaza-orgullo-gay-habra-ver-seguimos-permitiendo-organicen,3140371,27180682,25,1.0,--270770--,2019-06-11T15:49:43+00:00,47,337,#1 Propongo desde aquí hacerlo en la puerta de la sede de VOX. Ya vereis las risas... {lol}
lgtbi,https://www.meneame.net/story/vox-amenaza-orgullo-gay-habra-ver-seguimos-permitiendo-organicen,3140371,27180667,24,1.0,--546793--,2019-06-11T15:48:03+00:00,35,238,"#1 Si hay que salir a darnos palos como en Turquía, se sale."
lgtbi,https://www.meneame.net/story/vox-amenaza-orgullo-gay-habra-ver-seguimos-permitiendo-organicen,3140371,27180651,23,,Imag0,2019-06-11T15:45:45+00:00,4,25,"Pues sabes qué? Casi que hasta me alegro, así muchos espabilarán y las próximas elecciones no se quedarán en el sofá rascándose el coño y las pelotas (quizás ambas a la vez).

Esto pasa por no ir a votar."
lgtbi,https://www.meneame.net/story/vox-amenaza-orgullo-gay-habra-ver-seguimos-permitiendo-organicen,3140371,27180645,22,,empanadilla.cosmica,2019-06-11T15:45:21+00:00,4,41,Las procesiones de la Semana Santa solo están hechas para algunos.
lgtbi,https://www.meneame.net/story/vox-amenaza-orgullo-gay-habra-ver-seguimos-permitiendo-organicen,3140371,27180635,21,3.0,--590806--,2019-06-11T15:44:05+00:00,7,71,"#3 Y eso que se habrá controlado, la traducción podría ser: ""A ver si todavía os pegamos un tiro, marifloros."""
lgtbi,https://www.meneame.net/story/vox-amenaza-orgullo-gay-habra-ver-seguimos-permitiendo-organicen,3140371,27180627,20,,--590806--,2019-06-11T15:42:55+00:00,6,86,Esta legislatura va a ser como un maratón de walker texas ranger pero con tricornio .
lgtbi,https://www.meneame.net/story/vox-amenaza-orgullo-gay-habra-ver-seguimos-permitiendo-organicen,3140371,27180624,19,17.0,ElPerroDeLosCinco,2019-06-11T15:42:44+00:00,33,254,#17 Y los partidos del Real Madrid.
lgtbi,https://www.meneame.net/story/vox-amenaza-orgullo-gay-habra-ver-seguimos-permitiendo-organicen,3140371,27180620,18,,--166606--,2019-06-11T15:42:27+00:00,1,13,Después todo son lloros cuando aparecen en la gasolinera de la Plaza de Loreto en Milán.
lgtbi,https://www.meneame.net/story/vox-amenaza-orgullo-gay-habra-ver-seguimos-permitiendo-organicen,3140371,27180615,17,,BobbyTables,2019-06-11T15:41:34+00:00,38,305,"""Habrá que ver si seguimos permitiendo que organice en Madrid cosas que solo están hechas para algunos"". 

Pues que queréis que os diga, yo estoy estoy totalmente de acuerdo con esta afirmación y con suerte este año sacan la Semana Santa y los cortes de tráfico que conlleva a la Casa de Campo."
lgtbi,https://www.meneame.net/story/vox-amenaza-orgullo-gay-habra-ver-seguimos-permitiendo-organicen,3140371,27180612,16,,x.y.z,2019-06-11T15:41:25+00:00,8,80,Hace mucho que no me paso (demasiada aglomeración de gente) pero este año no falto.
lgtbi,https://www.meneame.net/story/vox-amenaza-orgullo-gay-habra-ver-seguimos-permitiendo-organicen,3140371,27180599,15,,Dene,2019-06-11T15:40:17+00:00,3,29,Esta bien que se vayan quitando la careta y demostrando lo que son...
lgtbi,https://www.meneame.net/story/vox-amenaza-orgullo-gay-habra-ver-seguimos-permitiendo-organicen,3140371,27180596,14,,--596443--,2019-06-11T15:39:54+00:00,2,30,sólo se podrá celebrar el orgullo facha español
lgtbi,https://www.meneame.net/story/vox-amenaza-orgullo-gay-habra-ver-seguimos-permitiendo-organicen,3140371,27180592,13,,ElTioPaco,2019-06-11T15:39:04+00:00,11,102,"Lo de ""VOX amenaza con.... "" Se está volviendo demasiado común.

Esta gente no entiende la 3° ley de Newton... Y eso es malo para todos."
lgtbi,https://www.meneame.net/story/vox-amenaza-orgullo-gay-habra-ver-seguimos-permitiendo-organicen,3140371,27180564,12,2.0,--599848--,2019-06-11T15:36:11+00:00,0,9,"#2 Eso quisiera verlo.
Mas para el futbol."
lgtbi,https://www.meneame.net/story/vox-amenaza-orgullo-gay-habra-ver-seguimos-permitiendo-organicen,3140371,27180559,11,2.0,tdgwho,2019-06-11T15:35:55+00:00,1,12,"#2 supongo que si, ellos no están en contra, por lo que lo ""permitirán"" {lol}"
lgtbi,https://www.meneame.net/story/vox-amenaza-orgullo-gay-habra-ver-seguimos-permitiendo-organicen,3140371,27180555,10,,io1976,2019-06-11T15:35:34+00:00,4,19,"Jajaja la madre que los parió ellos y quienes han votado a esta gentuza, que país de mierda."
lgtbi,https://www.meneame.net/story/vox-amenaza-orgullo-gay-habra-ver-seguimos-permitiendo-organicen,3140371,27180552,9,,Maitekor,2019-06-11T15:35:26+00:00,5,41,"El desfile del orgullo es ETA. Vox son víctimas. Prohibición y carcel a los organizadores. 
Epaña e asín."
lgtbi,https://www.meneame.net/story/vox-amenaza-orgullo-gay-habra-ver-seguimos-permitiendo-organicen,3140371,27180541,8,3.0,ElPerroDeLosCinco,2019-06-11T15:34:11+00:00,2,46,"#3 Claro, y después lo escupió por el colmillo."
lgtbi,https://www.meneame.net/story/vox-amenaza-orgullo-gay-habra-ver-seguimos-permitiendo-organicen,3140371,27180538,7,,--587910--,2019-06-11T15:33:53+00:00,32,206,A ver si algún partido dice lo mismo sobre la puta mierda de las procesiones...
lgtbi,https://www.meneame.net/story/vox-amenaza-orgullo-gay-habra-ver-seguimos-permitiendo-organicen,3140371,27180531,6,,pkreuzt,2019-06-11T15:33:24+00:00,14,97,Pues habrá que ver si seguimos permitiendo que los de Vox se presenten a las elecciones.
lgtbi,https://www.meneame.net/story/vox-amenaza-orgullo-gay-habra-ver-seguimos-permitiendo-organicen,3140371,27180528,5,,tusitala,2019-06-11T15:33:04+00:00,6,60,Ahora va a ser VOX el defensor de los homosexuales excluidos.
lgtbi,https://www.meneame.net/story/vox-amenaza-orgullo-gay-habra-ver-seguimos-permitiendo-organicen,3140371,27180527,4,,Ze7eN,2019-06-11T15:32:53+00:00,3,47,"Relacionada: https://www.meneame.net/story/inaki-oyarzabal-pp-manda-cogam-les-den/ [[Iñaki Oyarzábal (PP) manda al COGAM a ""que les den""]]"
lgtbi,https://www.meneame.net/story/vox-amenaza-orgullo-gay-habra-ver-seguimos-permitiendo-organicen,3140371,27180517,3,,--11417--,2019-06-11T15:31:43+00:00,11,119,¿mascaba tabaco al decirlo?
lgtbi,https://www.meneame.net/story/vox-amenaza-orgullo-gay-habra-ver-seguimos-permitiendo-organicen,3140371,27180515,2,,makinavaja,2019-06-11T15:31:27+00:00,62,474,"A ver si aplican la misma regla para los toros, las procesiones, el futbol, etc...  {troll}"
lgtbi,https://www.meneame.net/story/vox-amenaza-orgullo-gay-habra-ver-seguimos-permitiendo-organicen,3140371,27180514,1,,--63527--,2019-06-11T15:31:25+00:00,126,881,"El dia del Orgullo Gay se va a celebrar, digan lo que digan estos bocachanclas"
