tema,url_meneame,id_noticia_meneame,id_comentario,numero_comentario,responde_a_numero,usuario,fecha_comentario_utc,votos,karma,texto
lgtbi,https://www.meneame.net/story/tanga-party-fiesta-gay-mas-famosa-madrid-boicotea-sala-barcelo,3091694,26523541,280,279.0,Mark_,2019-03-07T00:04:38+00:00,0,10,"#279 que si, que muy bien, pero que yo no estoy hablando de eso. Cuando haya un envío al respecto, me avisas."
lgtbi,https://www.meneame.net/story/tanga-party-fiesta-gay-mas-famosa-madrid-boicotea-sala-barcelo,3091694,26523534,279,278.0,--72046--,2019-03-07T00:02:56+00:00,0,6,#278 hay cosas diferentes ya como las leyes de ideologia de genero q no son aplicables a parejas del mismo sexo.
lgtbi,https://www.meneame.net/story/tanga-party-fiesta-gay-mas-famosa-madrid-boicotea-sala-barcelo,3091694,26522554,278,277.0,Mark_,2019-03-06T21:14:11+00:00,0,10,"#277 y dicen que los maricones no tenemos derecho al matrimonio, y que debe haber cosas diferentes para heteros y no heteros, y eso se llama HOMOFOBIA. Punto.

Si quieres seguir contándole tu rollo homófobo cuéntaselo a otro."
lgtbi,https://www.meneame.net/story/tanga-party-fiesta-gay-mas-famosa-madrid-boicotea-sala-barcelo,3091694,26521646,277,276.0,--72046--,2019-03-06T18:59:58+00:00,0,6,#276 una cosa es lo que tu crees que puede pasar y otra  lo que dicen desde vox. Lo que dicen es lo que dicen.
lgtbi,https://www.meneame.net/story/tanga-party-fiesta-gay-mas-famosa-madrid-boicotea-sala-barcelo,3091694,26520972,276,275.0,Mark_,2019-03-06T17:31:11+00:00,0,10,"#275 si sólo fuera un cambio de nombre ni siquiera lo propondrían. 

Dale las vueltas que quieras y repite lo mismo una y otra vez si quieres, pero ésto es una medida homófoba para anular derechos conseguidos durante años. No se les va a permitir, así de fácil."
lgtbi,https://www.meneame.net/story/tanga-party-fiesta-gay-mas-famosa-madrid-boicotea-sala-barcelo,3091694,26520324,275,274.0,--72046--,2019-03-06T16:14:13+00:00,0,6,#274 mismos derechos es lo q importa.
lgtbi,https://www.meneame.net/story/tanga-party-fiesta-gay-mas-famosa-madrid-boicotea-sala-barcelo,3091694,26520020,274,273.0,Mark_,2019-03-06T15:39:53+00:00,0,10,"#273 grave es que haya partido como VOX pidiendo matrimonios de primera y de segunda. Si no lo ves, es cosa tuya."
lgtbi,https://www.meneame.net/story/tanga-party-fiesta-gay-mas-famosa-madrid-boicotea-sala-barcelo,3091694,26517108,273,271.0,--72046--,2019-03-06T10:26:33+00:00,0,6,#271 la ley hace distincion entre diferentes uniones. Ya lo hace. Vox pide cambiar el nombre. que es mas grave?
lgtbi,https://www.meneame.net/story/tanga-party-fiesta-gay-mas-famosa-madrid-boicotea-sala-barcelo,3091694,26516432,272,268.0,soth_sp,2019-03-06T09:16:13+00:00,0,6,"#268 es que yo no tengo que explicarte nada. Si quieres esa información búscala.
Lo que sí me sorprende es que pidas respeto y tolerancia pero llamando al boicot y tirando de insultos.
Vox o el partido fulano tiene todo el derecho a defender sus ideas democráticamente, te gusten estas ideas o no.
Por cierto ya habrás visto que la sala Barceló ha pedido disculpas, no sé muy bien por qué, ya que ellos son un negocio. Al final la pela es lo que cuenta."
lgtbi,https://www.meneame.net/story/tanga-party-fiesta-gay-mas-famosa-madrid-boicotea-sala-barcelo,3091694,26514696,271,269.0,Mark_,2019-03-05T23:02:51+00:00,0,10,"#269 estamos hablando de matrimonios, no de agresiones. Cuando hablemos de agresiones me avisas."
lgtbi,https://www.meneame.net/story/tanga-party-fiesta-gay-mas-famosa-madrid-boicotea-sala-barcelo,3091694,26514319,270,252.0,Lazslo,2019-03-05T21:52:17+00:00,0,9,"#252 tiene diferencias en la consecucion de la pensión compensatoria, la de viudedad, la herencia (la pareja de hecho tiene que estar forzosamente nombrada en el testamento) y en el régimen fiscal aplicable."
lgtbi,https://www.meneame.net/story/tanga-party-fiesta-gay-mas-famosa-madrid-boicotea-sala-barcelo,3091694,26513481,269,267.0,--72046--,2019-03-05T19:47:04+00:00,0,6,#267 de la misma manera que agresiones iguales tienen tratamientos legales diferentes. No es lo mismo agresion en  parejas de distinto sexo que en mismo sexo...
lgtbi,https://www.meneame.net/story/tanga-party-fiesta-gay-mas-famosa-madrid-boicotea-sala-barcelo,3091694,26510735,268,263.0,--600194--,2019-03-05T14:29:00+00:00,0,6,"#263 lo que quiero que me expliques es quienes son esos ""muchísima gente"" o colectivos, poniendo en perspectiva un país de 46 millones de habitantes.  Más que nada por saber entre cuántos cafres vivo."
lgtbi,https://www.meneame.net/story/tanga-party-fiesta-gay-mas-famosa-madrid-boicotea-sala-barcelo,3091694,26510651,267,260.0,Mark_,2019-03-05T14:22:24+00:00,0,10,"#260 que es homofobia encubierta, entérate. 

Ese discurso había salido del circuito político desde hace años. El matrimonio no pertenece en exclusiva al catolicismo, asi que cualquier cambio de denominación o crear dos matrimonios diferentes solo tiene un objeto.

Solo hay un matrimonio, la unión de personas. La Constitución nos iguala ante la la ley, ¿por qué aplicar uniones diferentes a personas iguales?"
lgtbi,https://www.meneame.net/story/tanga-party-fiesta-gay-mas-famosa-madrid-boicotea-sala-barcelo,3091694,26508365,266,252.0,Saikamur,2019-03-05T10:05:35+00:00,0,6,"#252 En nuestro caso concretamente, las dos diferencias principales fueron por dos motivos:

- Derechos laborales, puesto que depende del convenio. En el mio estaban equiparados, pero en el de mi pareja no. Lo que por ejemplo, imposibilita disfrutar de permisos por enfermedad en caso de que tu pareja esté ingresada.

- Requisitos para acceso a pensiones de viudedad/orfandad. Los requisitos también eran diferentes. Creo recordar que se requería una convivencia mínima de 5 años siendo pareja de hecho, mientras que siendo matrimonio no.

También hay otras diferencias menores en el régimen fiscal y alguna otra cosa que ahora no recuerdo.

En nuestro caso, nos encontrábamos en una situación delicada con riesgo de muerte por enfermedad, que afortunadamente finalmente fue superada. Te puedo asegurar que aunque sobre el papel no parezca mucho, en la práctica la diferencia (y con una niña pequeña por medio) era abismal.

El otro punto, no me voy a meter en si quieren prohibir que dos homosexuales se casen o no. Lo que es innegable es que quieren que ese tipo de unión sea diferente. Eso ya por si mismo no es bueno y atenta contra la igualdad de derechos. Y si no quieren que sean iguales... por algo será.

Pero estoy contigo en que es un problema sencillo de resolver. Se deja en matrimonio y listo. Por uso, costumbre y tradición. Y si alguien se siente ofendido... los siento, pero que se joda. Libertad religiosa no es imponer tus dogmas y tu ""terminología"" a los demás."
lgtbi,https://www.meneame.net/story/tanga-party-fiesta-gay-mas-famosa-madrid-boicotea-sala-barcelo,3091694,26507606,265,182.0,--602415--,2019-03-05T08:25:14+00:00,0,6,#182 A lo hecho pecho. El otro se dio por aludido por lo que misión cumplida.
lgtbi,https://www.meneame.net/story/tanga-party-fiesta-gay-mas-famosa-madrid-boicotea-sala-barcelo,3091694,26507415,264,143.0,--419859--,2019-03-05T07:47:22+00:00,0,11,"#143 Muchas veces es una realidad. Donde hay más represión, es donde puedes encontrar más."
lgtbi,https://www.meneame.net/story/tanga-party-fiesta-gay-mas-famosa-madrid-boicotea-sala-barcelo,3091694,26507340,263,229.0,soth_sp,2019-03-05T07:37:22+00:00,0,6,"#229 No sé qué quieres que te explique... ¿que la gente tiene ideas propias que puede recoger 1, 2 o ningún partido?¿que la gente no se alinea 100% con ningún partido?¿que se puede ser gay y de vox?¿de podemos y cazador?"
lgtbi,https://www.meneame.net/story/tanga-party-fiesta-gay-mas-famosa-madrid-boicotea-sala-barcelo,3091694,26507315,262,171.0,soth_sp,2019-03-05T07:33:39+00:00,0,6,"#171 Los de Vox quieren que no se le reconozca un derecho que nunca han tenido. A mi no me llames nada, que no lo digo yo.
P.D. No sabía que Vox quisiera prohibir a los gays."
lgtbi,https://www.meneame.net/story/tanga-party-fiesta-gay-mas-famosa-madrid-boicotea-sala-barcelo,3091694,26507300,261,237.0,stroke,2019-03-05T07:30:22+00:00,0,9,"#237 Precisamente en casa del director de la vaquilla hice una instalacion, un tipo muy amable que nos invito a merendar. Hablando de cine, y esto fue por 2004, decia que se estaban cargando el cine que ahora que tenian libertad para rodar lo que quisieran, rodaban lo que nadie queria.

Pero claro, eso me convierte en un fachilla segun tu."
lgtbi,https://www.meneame.net/story/tanga-party-fiesta-gay-mas-famosa-madrid-boicotea-sala-barcelo,3091694,26506980,260,256.0,--72046--,2019-03-05T05:44:56+00:00,0,6,"#256 porque quieren incluir mas uniones dentro de eso, y no por eso les vas a llamar igual.
ADEMAS, repito, la ley distingue entre las peleas conyugales entre hombre y mujer que entre homosexuales, asi que no es decir nada nuevo. HAY una diferencia en el momento que la propia ley la contempla.
PERO EL CASO es lo mismo, si solo es un cambio de nombre, repito, cual es el problema?"
lgtbi,https://www.meneame.net/story/tanga-party-fiesta-gay-mas-famosa-madrid-boicotea-sala-barcelo,3091694,26506134,259,255.0,billybones,2019-03-04T22:17:34+00:00,0,6,"#255 Que yo sepa, los comentarios son precisamente para tratar del tema de la noticia."
lgtbi,https://www.meneame.net/story/tanga-party-fiesta-gay-mas-famosa-madrid-boicotea-sala-barcelo,3091694,26506091,258,202.0,--363705--,2019-03-04T22:12:37+00:00,1,18,#202 me has ganado en bizarro {lol}
lgtbi,https://www.meneame.net/story/tanga-party-fiesta-gay-mas-famosa-madrid-boicotea-sala-barcelo,3091694,26505250,257,253.0,Macagt,2019-03-04T20:26:11+00:00,0,6,"#253 y dale. Que el matrimonio es mucho más que un sacramento cristiano, por mucho que no te quieras enterar."
lgtbi,https://www.meneame.net/story/tanga-party-fiesta-gay-mas-famosa-madrid-boicotea-sala-barcelo,3091694,26505232,256,250.0,Mark_,2019-03-04T20:23:17+00:00,0,10,"#250 cogiendo ese argumento; si tienen los mismos derechos, ¿para que cambiarle el nombre?"
lgtbi,https://www.meneame.net/story/tanga-party-fiesta-gay-mas-famosa-madrid-boicotea-sala-barcelo,3091694,26504290,255,247.0,BastianBaltasarBux,2019-03-04T18:15:10+00:00,0,6,"#247 Yo haré lo que me de la gana, ve a dar consejos morales a otro."
lgtbi,https://www.meneame.net/story/tanga-party-fiesta-gay-mas-famosa-madrid-boicotea-sala-barcelo,3091694,26504180,254,73.0,Mox,2019-03-04T17:58:00+00:00,0,6,"#73 Es muy fácil, porque hay personas a las que no les parece semanticamente correcto, seguramente por motivos religiosos etc etc  ."
lgtbi,https://www.meneame.net/story/tanga-party-fiesta-gay-mas-famosa-madrid-boicotea-sala-barcelo,3091694,26504140,253,72.0,kelosepas,2019-03-04T17:51:19+00:00,1,3,"#72 Yo no sé porqué me tienes que llamar homófobo para rebatirme. El Matrimonio es un sacramento cristiano, se le puede llamar de cualquier manera y si estaría totalmente de acuerdo y además pienso que es lo deseable, en borrar esa palabra de la legislación para evitar cualquier tipo de polémica."
lgtbi,https://www.meneame.net/story/tanga-party-fiesta-gay-mas-famosa-madrid-boicotea-sala-barcelo,3091694,26504132,252,76.0,kelosepas,2019-03-04T17:49:38+00:00,1,3,"#76 ¿En que se diferencian actualmente? lo digo sin retórica, siempre he pensado que se igualaron los derechos tras varias revisiones. Y respecto al matrimonio, sí, es un sacramento cristiano, si hay que cambiar el nombre se cambia y se pone unión civil para todos y listo, es un problema sencillo de resolver, pero al final, la polémica de que quiere prohibir que dos homosexuales se casen no es cierta."
lgtbi,https://www.meneame.net/story/tanga-party-fiesta-gay-mas-famosa-madrid-boicotea-sala-barcelo,3091694,26504114,251,82.0,kelosepas,2019-03-04T17:46:53+00:00,0,9,"#82 De acuerdo totalmente en sacar el concepto de la ley, así evitamos que cualquier religión meta su jerga en la ley."
lgtbi,https://www.meneame.net/story/tanga-party-fiesta-gay-mas-famosa-madrid-boicotea-sala-barcelo,3091694,26503974,250,57.0,--72046--,2019-03-04T17:30:28+00:00,0,6,"#57 ""Por tanto si, VOX quiere crear dos tipos tipos de enlaces precisamente para denostar las uniones entre personas del mismo sexo y que solo sean ""los suyos"" los que puedan decir que son un matrimonio. No tiene más vuelta de hoja.""

comprandote el argumento...mientras tengan los mismos derechos cual es el problema? La propia ley distingue peleas de manera diferente entre parejas de distinto sexo e iguales....o no?"
lgtbi,https://www.meneame.net/story/tanga-party-fiesta-gay-mas-famosa-madrid-boicotea-sala-barcelo,3091694,26503959,249,91.0,aestribor,2019-03-04T17:28:40+00:00,0,9,"#91 No lo sé a ciencia cierta, pero la Riviera quizá no tenga interés en ese tipo de eventos. Son una discoteca y sala de conciertos, y probablemente les interese antes los eventos lúdico-festivos tipo ""Tanga Party"" qué un acto de Vox."
lgtbi,https://www.meneame.net/story/tanga-party-fiesta-gay-mas-famosa-madrid-boicotea-sala-barcelo,3091694,26503955,248,227.0,--72046--,2019-03-04T17:28:14+00:00,0,6,"#227 repito. Una es cosa es lo que dicen y otra lo que harán. Sino te crees lo que dicen perfecto. Pero no digas cosas que no dicen.
No van a quitar ningún derecho. Leete el programa y sus declaraciones."
lgtbi,https://www.meneame.net/story/tanga-party-fiesta-gay-mas-famosa-madrid-boicotea-sala-barcelo,3091694,26503842,247,209.0,billybones,2019-03-04T17:14:09+00:00,0,6,"#209 No  estoy discutiendo que puedas, estoy diciendo que es un error. Dañino a largo plazo. Insisto, no metas a las empresas al papel de árbitros morales, da tus batallas políticas en el ámbito político, en los medios de comunicación etc."
lgtbi,https://www.meneame.net/story/tanga-party-fiesta-gay-mas-famosa-madrid-boicotea-sala-barcelo,3091694,26503661,246,3.0,woody_alien,2019-03-04T16:53:17+00:00,0,10,"#3  
- Hola, soy el cliente que te alquila la sala, que ya no me gusta tu sala y me voy a otra.
- ¡¡Hijos de puta!! ¡Izquierdistas de mierda!. ¡Atentáis contra el libre mercado!!"
lgtbi,https://www.meneame.net/story/tanga-party-fiesta-gay-mas-famosa-madrid-boicotea-sala-barcelo,3091694,26503313,245,66.0,aestribor,2019-03-04T16:17:20+00:00,2,28,#66 ¿Y Podemos es súper radical de izquierdas?
lgtbi,https://www.meneame.net/story/tanga-party-fiesta-gay-mas-famosa-madrid-boicotea-sala-barcelo,3091694,26503189,244,240.0,--2002--,2019-03-04T16:03:23+00:00,0,11,"#240 Hay muy buenas películas actuales (me viene a la cabeza La isla mínima, por ejemplo). Decir que si no te gustan eres fachilla, pues no, pero estaremos de acuerdo en que no ver películas españolas y a la vez decir que no hay películas buenas es un poco incongruente, como poco. Es como decir que todo lo que se hace en EEUU son mierdas palomiteras tipo Fast&Furious."
lgtbi,https://www.meneame.net/story/tanga-party-fiesta-gay-mas-famosa-madrid-boicotea-sala-barcelo,3091694,26502822,243,53.0,yolibruja,2019-03-04T15:27:12+00:00,1,17,#53 #54 #61 Bien explicado. Sólo un cortito de entendederas de la ultra o de forovoxes dejaría de darse cuenta.
lgtbi,https://www.meneame.net/story/tanga-party-fiesta-gay-mas-famosa-madrid-boicotea-sala-barcelo,3091694,26502805,242,239.0,--600194--,2019-03-04T15:24:07+00:00,0,7,"#239 tu análisis me parece correcto, y la lógica dicta que las consecuencias deberían ser las contrarias a sus intereses, pero me temo que entre el electorado reaccionario de extrema derecha esas contradicciones no son percibidas ni causan efecto. Ojalá la sobre exposición a los medios de las próximas semanas abra los ojos a mucha gente acrítica."
lgtbi,https://www.meneame.net/story/tanga-party-fiesta-gay-mas-famosa-madrid-boicotea-sala-barcelo,3091694,26502798,241,81.0,--432179--,2019-03-04T15:23:42+00:00,0,6,"#81 ¿Y lo de llamar ""Padre"" a un cura sin hijos?"
lgtbi,https://www.meneame.net/story/tanga-party-fiesta-gay-mas-famosa-madrid-boicotea-sala-barcelo,3091694,26502757,240,237.0,Goomer,2019-03-04T15:19:13+00:00,0,6,"#237 Que relación de ideas... No te gusta el cine español de hoy en día (no me lo juntes con Los Santos Inocentes) -> Son fachillas.

Un hervor os falta."
lgtbi,https://www.meneame.net/story/tanga-party-fiesta-gay-mas-famosa-madrid-boicotea-sala-barcelo,3091694,26502745,239,238.0,wondering,2019-03-04T15:17:47+00:00,0,10,"#238 Pues yo creo que eso no solo no consigue votantes, sino que puede hacer perderlos.

Lo mismo me equivoco, pero desde un punto de vista puramente electoralista, esas declaraciones me parecen una cagada. Si estuviera equivocado, ellos mismos estarían interesados en sacarlo constantemente. Pero no se ha escuchado nunca más."
lgtbi,https://www.meneame.net/story/tanga-party-fiesta-gay-mas-famosa-madrid-boicotea-sala-barcelo,3091694,26502708,238,236.0,--600194--,2019-03-04T15:13:59+00:00,0,7,#236 lo lamentable es el efecto arrastre de esas declaraciones y como condiciona el voto a su favor a sabiendas que es algo que no puede cumplir. Es indecente.
lgtbi,https://www.meneame.net/story/tanga-party-fiesta-gay-mas-famosa-madrid-boicotea-sala-barcelo,3091694,26502685,237,195.0,--600194--,2019-03-04T15:10:30+00:00,1,18,"#195 estos fachillas #52 #69 no tienen la culpa, se suele decir que la sensibilidad y la empatía es una cuestión biologica, química pura, cuestiones sinapticas y hormonales.  No hagamos sangre de su deficiencia. Tan solo podemos animarles a que lo sigan intentando.
Si no se conmueven con El Bosque Animado o Los Santos Inocentes, o no se descojonan con La Vaquilla o La Escopeta Nacional, les compadezco."
lgtbi,https://www.meneame.net/story/tanga-party-fiesta-gay-mas-famosa-madrid-boicotea-sala-barcelo,3091694,26502641,236,228.0,wondering,2019-03-04T15:02:43+00:00,0,10,"#228 Primero, hay que ver el contexto de esas declaraciones. Esas declaraciones las hace en el contexto de una charla que no forma parte de niguna campaña. En esa charla, alguien le pregunta por su opinión, y él la da. Sí creo que piensa así. Pero dudo mucho que lo quiera llevar a cabo: primero, porque no está en su programa. Segundo: porque sabe perfectamente que eso no lo apoyaría absolutamente nadie.

Creo que es sincero cuando dice que piensa así, pero creo que es consciente de que es imposible aplicarlo. Si nos pusiéramos en el peor caso (que gana las elecciones y lo aplica vía decreto, por ejemplo), sabe perfectamente que el TC se lo tiraría."
lgtbi,https://www.meneame.net/story/tanga-party-fiesta-gay-mas-famosa-madrid-boicotea-sala-barcelo,3091694,26502575,235,234.0,--549231--,2019-03-04T14:55:23+00:00,0,8,"#234 ""Si te casas por la iglesia patólica, el registro civil no va a aceptar que sea Leo Bassi el que entregue los papeles.""

Más de lo mismo. Lo único que cambia con la iglesia católica es que el trámite es más ágil. A parte de eso, a mi me puede casar Leo Bassi, que mientras luego inscriba el matrimonio en el registro eso vale. Porque para el estado lo que vale es que el matrimonio sea civil. 

¿que es un privilegio de la iglesia? pues vale, no estaba opinando de eso."
lgtbi,https://www.meneame.net/story/tanga-party-fiesta-gay-mas-famosa-madrid-boicotea-sala-barcelo,3091694,26502534,234,226.0,avalancha971,2019-03-04T14:50:22+00:00,0,7,"#226 No he manipulado, porque como dices, lo que he puesto no contradice en ningún momento lo que has escrito, simplemente he ampliado la información que has ofrecido. 

Si te casas por la iglesia católica, el Estado Español te reconoce dicho matrimonio siendo el cura el que lleve los papeles al registro y no una persona del ayuntamiento. 

Si te casas por la iglesia patólica, el registro civil no va a aceptar que sea Leo Bassi el que entregue los papeles.

La iglesia católica tiene por tanto aquí un privilegio, y es que como tú dices, se le permite que los ""matrimonios católicos"" puedan ser reconocidos e inscritos directamente por la propia iglesia como ""matrimonios civiles""."
lgtbi,https://www.meneame.net/story/tanga-party-fiesta-gay-mas-famosa-madrid-boicotea-sala-barcelo,3091694,26502512,233,101.0,BM75,2019-03-04T14:47:55+00:00,1,14,"#101 Si estuviese a tiempo, cambiaría mi frase por ""Me sorprende que creáis que somos tan inocentes como para no veros el plumero"". 
Creo que se ajusta mucho más a la realidad."
lgtbi,https://www.meneame.net/story/tanga-party-fiesta-gay-mas-famosa-madrid-boicotea-sala-barcelo,3091694,26502508,232,46.0,--600194--,2019-03-04T14:47:48+00:00,0,7,"#46 mmmm Cuéntame más, que en la intimidad de la alcoba no hago distinciones..."
lgtbi,https://www.meneame.net/story/tanga-party-fiesta-gay-mas-famosa-madrid-boicotea-sala-barcelo,3091694,26502500,231,128.0,BM75,2019-03-04T14:46:58+00:00,0,7,"#128 ""Todas estas cosas las he leído por ahí"". Pues revisa tus fuentes."
lgtbi,https://www.meneame.net/story/tanga-party-fiesta-gay-mas-famosa-madrid-boicotea-sala-barcelo,3091694,26502483,230,,mariopg,2019-03-04T14:44:58+00:00,0,6,Pues espero que lo cumplan
lgtbi,https://www.meneame.net/story/tanga-party-fiesta-gay-mas-famosa-madrid-boicotea-sala-barcelo,3091694,26502475,229,163.0,--600194--,2019-03-04T14:43:54+00:00,0,7,#163 como? Puedes explicarlo? Es para ir pidiéndole el divorcio a mi marido.
lgtbi,https://www.meneame.net/story/tanga-party-fiesta-gay-mas-famosa-madrid-boicotea-sala-barcelo,3091694,26502461,228,71.0,--600194--,2019-03-04T14:41:56+00:00,0,7,"#71 entonces para calentar a su potencial electorado berraco y palurdo, por qué  lo insinúan en declaraciones intencionadamente confusas? Asumen que su potencial y palurdo electorado así lo entiende, aunque después ellos no lo hagan?"
lgtbi,https://www.meneame.net/story/tanga-party-fiesta-gay-mas-famosa-madrid-boicotea-sala-barcelo,3091694,26502397,227,106.0,--600194--,2019-03-04T14:34:19+00:00,0,7,"#106 has caído en la esquizofrenia de las contradicciones de VOX tratando de justificar lo injustificable. No se habla de dar más derechos a nadie, sino de quitárselo a IGUALES POR TENER LO MISMO, que es lo que hará VOX, y si encima quieres incluir aspectos sexuales, te retratas."
lgtbi,https://www.meneame.net/story/tanga-party-fiesta-gay-mas-famosa-madrid-boicotea-sala-barcelo,3091694,26502371,226,112.0,--549231--,2019-03-04T14:30:54+00:00,0,8,"#112 no manipules pues eso no contradice lo que he escrito.. Al matrimonio católico se le reconocen efectos civiles, lo que no significa que los matrimonios no católicos también lo sean. El término ""matrimonio civil"" es mucho más amplio que el de ""matrimonio católico"".

Dicho esto, si te casas por la iglesia pero luego no llevas de alguna forma los papeles al registro, ese matrimonio para el Estado no vale una puta mierda."
lgtbi,https://www.meneame.net/story/tanga-party-fiesta-gay-mas-famosa-madrid-boicotea-sala-barcelo,3091694,26502302,225,211.0,daniMate,2019-03-04T14:23:22+00:00,0,10,"#211 los griegos, los incas, los de la China imperial, los mongoles, los zulúes...."
lgtbi,https://www.meneame.net/story/tanga-party-fiesta-gay-mas-famosa-madrid-boicotea-sala-barcelo,3091694,26502202,224,,--596736--,2019-03-04T14:10:44+00:00,0,8,EDIT
lgtbi,https://www.meneame.net/story/tanga-party-fiesta-gay-mas-famosa-madrid-boicotea-sala-barcelo,3091694,26502047,223,140.0,--588829--,2019-03-04T13:53:31+00:00,0,9,"#140 De eso nada, cirticar el derecho de un consumidor a decidir lo que consume no es tener razón, es defender tu chiringuito."
lgtbi,https://www.meneame.net/story/tanga-party-fiesta-gay-mas-famosa-madrid-boicotea-sala-barcelo,3091694,26501812,222,98.0,stroke,2019-03-04T13:29:48+00:00,0,9,"#98 Ahi volvemos al tema semantico, en ningun sitio dice que lo vayan a abolir. Ademas eso es una entrevista, no el programa."
lgtbi,https://www.meneame.net/story/tanga-party-fiesta-gay-mas-famosa-madrid-boicotea-sala-barcelo,3091694,26501753,221,220.0,--2002--,2019-03-04T13:23:16+00:00,0,11,"#220 ... Vox, ... {wink}"
lgtbi,https://www.meneame.net/story/tanga-party-fiesta-gay-mas-famosa-madrid-boicotea-sala-barcelo,3091694,26501670,220,217.0,--547085--,2019-03-04T13:16:42+00:00,0,6,"#217 Desde 1921, el líder del partido fue Adolf Hitler, quien fue nombrado canciller por el presidente Paul von Hindenburg en 1933, tras haber obtenido el partido en 1932 dos victorias con mayoría simple en las elecciones democráticas parlamentarias. Rápidamente, Hitler estableció un régimen totalitario

Aún están a tiempo de hacer la misma, comparación odiosa. Pero que el hecho de concurrir a unas elecciones no les convierte en demócratas. También lo hace Maduro, Batasuna, ERC..."
lgtbi,https://www.meneame.net/story/tanga-party-fiesta-gay-mas-famosa-madrid-boicotea-sala-barcelo,3091694,26501614,219,,--555203--,2019-03-04T13:12:29+00:00,0,8,"pues nada, se organiza una contrafiesta en esa sala y a ver quien gana."
lgtbi,https://www.meneame.net/story/tanga-party-fiesta-gay-mas-famosa-madrid-boicotea-sala-barcelo,3091694,26501612,218,214.0,BastianBaltasarBux,2019-03-04T13:12:27+00:00,0,6,"#214 Pues me parece bien, si estás con los fascistas estás contra los homosexuales. No hay vuelta de hoja."
lgtbi,https://www.meneame.net/story/tanga-party-fiesta-gay-mas-famosa-madrid-boicotea-sala-barcelo,3091694,26501611,217,216.0,--2002--,2019-03-04T13:12:25+00:00,0,11,#216 A la búlgara (no se presento nadie contra él).
lgtbi,https://www.meneame.net/story/tanga-party-fiesta-gay-mas-famosa-madrid-boicotea-sala-barcelo,3091694,26501563,216,212.0,--547085--,2019-03-04T13:07:04+00:00,0,6,#212 No te niego nada. Pero ¿he dicho algo falso?¿No ganó Hitler unas elecciones?
lgtbi,https://www.meneame.net/story/tanga-party-fiesta-gay-mas-famosa-madrid-boicotea-sala-barcelo,3091694,26501560,215,207.0,Carlos_Pascual_Rebollo,2019-03-04T13:06:31+00:00,0,7,#207 no me has entendido ...
lgtbi,https://www.meneame.net/story/tanga-party-fiesta-gay-mas-famosa-madrid-boicotea-sala-barcelo,3091694,26501534,214,208.0,--109791--,2019-03-04T13:03:55+00:00,0,10,"#208 Es un negocio que alquila su local a gente, punto pelota, no mira la ideología de esa gente. Y lo que han hecho estos es un ""si estás con ellos (por no vetarles de tu negocio por sus ideas) estás contra nosotros (aunque nos hayas aceptado siempre y no nos hayas vetado nunca por nuestras decisiones)""
Lo cual es absurdo y es puro chantaje, o conmigo o contra mi."
lgtbi,https://www.meneame.net/story/tanga-party-fiesta-gay-mas-famosa-madrid-boicotea-sala-barcelo,3091694,26501478,213,201.0,--2002--,2019-03-04T12:58:07+00:00,0,11,#201 O consigas la nulidad (que no es nada fácil).
lgtbi,https://www.meneame.net/story/tanga-party-fiesta-gay-mas-famosa-madrid-boicotea-sala-barcelo,3091694,26501465,212,175.0,--2002--,2019-03-04T12:57:04+00:00,0,11,"#175 Las que ganó fue haciendo trampas. Las últimas homologables no las ganaron y tuvieron que ilegalizar a los comunistas, montar la noche de los cristales rojos y quemar el Reichstag para ganar las siguientes.

Compara, si quieres:
https://es.wikipedia.org/wiki/Elecciones_federales_de_Alemania_de_noviembre_de_1932
https://es.wikipedia.org/wiki/Elecciones_federales_de_Alemania_de_marzo_de_1933 (4 meses después)
https://es.wikipedia.org/wiki/Elecciones_al_Reichstag_de_noviembre_de_1933 (8 meses después)"
lgtbi,https://www.meneame.net/story/tanga-party-fiesta-gay-mas-famosa-madrid-boicotea-sala-barcelo,3091694,26501451,211,144.0,--405202--,2019-03-04T12:55:42+00:00,0,7,#144 igual tienes que leer un poquito más. Antes del judaísmo ya me dirás quién ostias se casaba como tal.
lgtbi,https://www.meneame.net/story/tanga-party-fiesta-gay-mas-famosa-madrid-boicotea-sala-barcelo,3091694,26501442,210,188.0,BastianBaltasarBux,2019-03-04T12:54:56+00:00,0,6,#188 Vox quiere que los homosexuales tengan menos derechos que los heterosexuales.
lgtbi,https://www.meneame.net/story/tanga-party-fiesta-gay-mas-famosa-madrid-boicotea-sala-barcelo,3091694,26501427,209,173.0,BastianBaltasarBux,2019-03-04T12:53:41+00:00,0,6,#173 Y yo como cliente puedo ir a un sitio o a otro.
lgtbi,https://www.meneame.net/story/tanga-party-fiesta-gay-mas-famosa-madrid-boicotea-sala-barcelo,3091694,26501413,208,151.0,BastianBaltasarBux,2019-03-04T12:52:10+00:00,0,6,#151 No celebran su fiesta en un negocio que facilita que gente lance mensajes de odio contra ellos.
lgtbi,https://www.meneame.net/story/tanga-party-fiesta-gay-mas-famosa-madrid-boicotea-sala-barcelo,3091694,26501391,207,114.0,BastianBaltasarBux,2019-03-04T12:49:14+00:00,0,6,"#114 Por mi, genial. Como si no salen de su casa en la vida."
lgtbi,https://www.meneame.net/story/tanga-party-fiesta-gay-mas-famosa-madrid-boicotea-sala-barcelo,3091694,26501384,206,,Battlestar,2019-03-04T12:48:26+00:00,0,8,"Pueden hacer lo que les de la gana con su fiesta, evidentemente, pero si ese es en efecto el motivo resulta un tanto extremista y absurdo. Es como no ir a comprar a la tienda de la esquina, que siempre te ha dado un excelente servicio, porque le vende también a tu vecino que te cae fatal. Evidentemente estás en tu derecho a irte a comprar a otra tienda, pero es un poco de genero gilipollas teniendo la otra al lado en la que te tratan bien."
lgtbi,https://www.meneame.net/story/tanga-party-fiesta-gay-mas-famosa-madrid-boicotea-sala-barcelo,3091694,26501338,205,204.0,BastianBaltasarBux,2019-03-04T12:42:01+00:00,0,6,#204 Que se quede con los fachas. El sabrá lo que hace. Mejor que se retrate.
lgtbi,https://www.meneame.net/story/tanga-party-fiesta-gay-mas-famosa-madrid-boicotea-sala-barcelo,3091694,26501323,204,203.0,--173957--,2019-03-04T12:40:00+00:00,0,8,"#203 hombre, lo mismo si a la siguiente vez, al dueño del sitio no le parece genial y lo que hace es vetar al ""colectivo gay"" y quedarse con los ""fachas"" ya no les parece tan genial. Es lo malo de jugar a estás cosas."
lgtbi,https://www.meneame.net/story/tanga-party-fiesta-gay-mas-famosa-madrid-boicotea-sala-barcelo,3091694,26501287,203,9.0,BastianBaltasarBux,2019-03-04T12:35:54+00:00,1,15,"#9 ¿Que los fascistas no acudan a ningún sitio que haya defendido el colectivo LGTBI? Excelente, por mi genial."
lgtbi,https://www.meneame.net/story/tanga-party-fiesta-gay-mas-famosa-madrid-boicotea-sala-barcelo,3091694,26501284,202,148.0,--2002--,2019-03-04T12:35:31+00:00,0,11,"#148 ¡Hombre, no! ¿Para qué ser redundante? Violación correctiva de todas las tortilleras y que las tengan que violar los maricones , así se curan los dos a la vez {ffu}"
lgtbi,https://www.meneame.net/story/tanga-party-fiesta-gay-mas-famosa-madrid-boicotea-sala-barcelo,3091694,26501270,201,197.0,avalancha971,2019-03-04T12:33:07+00:00,0,7,#197 La iglesia no contempla el divorcio. Si te divorcias es únicamente por la parte civil. Toda la vida seguirás casado por la iglesia con esa persona (hasta que la muerte los separe).
lgtbi,https://www.meneame.net/story/tanga-party-fiesta-gay-mas-famosa-madrid-boicotea-sala-barcelo,3091694,26501266,200,162.0,--2002--,2019-03-04T12:32:54+00:00,1,17,"#162 Si ya es con los idiomas y hay gente que te salta con que el único oficial es el castellano y el resto son ""solo"" cooficiales, como si cooficial no significara que también es oficial."
lgtbi,https://www.meneame.net/story/tanga-party-fiesta-gay-mas-famosa-madrid-boicotea-sala-barcelo,3091694,26501247,199,9.0,--593037--,2019-03-04T12:30:51+00:00,0,8,"#9 Por ejemplo, ¿cuando grupos simpatizantes de derecha organicen una campaña en foros de boicot a Lidl por no sacar su sede de Barcelona? ¿O en unos casos es el mercado amigo y en otros falta de tolerancia?

Es lo que pasa cuando en un país el debate político y la discusión ideológica se van a la mierda y en su lugar solo quedan el exabrupto, los insultos y las batallas verbales. Vamos bien, todos."
lgtbi,https://www.meneame.net/story/tanga-party-fiesta-gay-mas-famosa-madrid-boicotea-sala-barcelo,3091694,26501244,198,185.0,avalancha971,2019-03-04T12:30:36+00:00,0,7,"#185 Sí, está balanceado porque en España no tienes que casarte en el mismo registro civil o ayuntamiento, un concejal puede acudir a donde se realice la boda y luego lleva los datos al registro civil. Pero en cualquier caso, no es lo mismo alguien del ayuntamiento que alguien de la iglesia."
lgtbi,https://www.meneame.net/story/tanga-party-fiesta-gay-mas-famosa-madrid-boicotea-sala-barcelo,3091694,26501242,197,152.0,--2002--,2019-03-04T12:30:34+00:00,0,11,#152 Si fuera así no tendrías que ir al juzgado a divorciarte si te hubieras casado por la iglesia.
lgtbi,https://www.meneame.net/story/tanga-party-fiesta-gay-mas-famosa-madrid-boicotea-sala-barcelo,3091694,26501214,196,41.0,mcfgdbbn3,2019-03-04T12:27:24+00:00,0,11,"#41: Esa es la teoría, la práctica es que es fácil que acaben siendo discriminados.

Es como si el Lobo Feroz le dice a Caperucita que no, que no se la va a comer, que si la va a poner patatas fritas al lado es solo porque quedan bonitas. Pues no, es el Lobo Feroz y Caperucita que no es tonta, ya le dice que ni hablar."
lgtbi,https://www.meneame.net/story/tanga-party-fiesta-gay-mas-famosa-madrid-boicotea-sala-barcelo,3091694,26501165,195,69.0,--2002--,2019-03-04T12:22:38+00:00,1,14,#69 Poco cine español debes haber visto.
lgtbi,https://www.meneame.net/story/tanga-party-fiesta-gay-mas-famosa-madrid-boicotea-sala-barcelo,3091694,26501155,194,94.0,--593037--,2019-03-04T12:21:59+00:00,0,8,"#94 Pues más o menos la misma culpa que empresas como Lidl, que mantienen su sede comercial en Cataluña, lo que no ha impedido que desde conocidos foros se hayan organizado boicots."
lgtbi,https://www.meneame.net/story/tanga-party-fiesta-gay-mas-famosa-madrid-boicotea-sala-barcelo,3091694,26501101,193,140.0,El_Ogro_Ñes,2019-03-04T12:16:26+00:00,0,7,"#140 Será el primer negocio que pierde clientes por acoger a ciertos personajes. Diles a los voxeros si tienen algún problema con Cocacola, por ejemplo."
lgtbi,https://www.meneame.net/story/tanga-party-fiesta-gay-mas-famosa-madrid-boicotea-sala-barcelo,3091694,26501042,192,70.0,--133448--,2019-03-04T12:11:44+00:00,0,11,"#70 No es uno de los 10 mandamientos, pero si está en la Bíblia:

Lucas 6:37:
No juzguéis, y no seréis juzgados;"
lgtbi,https://www.meneame.net/story/tanga-party-fiesta-gay-mas-famosa-madrid-boicotea-sala-barcelo,3091694,26500962,191,34.0,Penetrator,2019-03-04T12:04:19+00:00,1,23,"#34 #41 Si se llama de forma diferente, se abre la puerta a que sean tratados de forma diferente y con derechos diferentes. Lo de la cuestión semántica es la típica excusa que ponen siempre todos los casposos de "" yo no soy homófobo, pero""."
lgtbi,https://www.meneame.net/story/tanga-party-fiesta-gay-mas-famosa-madrid-boicotea-sala-barcelo,3091694,26500884,190,28.0,--389808--,2019-03-04T11:54:19+00:00,0,7,"#28 Claro, claro....."
lgtbi,https://www.meneame.net/story/tanga-party-fiesta-gay-mas-famosa-madrid-boicotea-sala-barcelo,3091694,26500822,189,,madeagle,2019-03-04T11:47:11+00:00,0,7,"Pueden ir el dia antes de la fiesta a desinfectar con cubos de lejia, que es algo que se ha puesto de moda y no es para nada casposo e intolerante"
lgtbi,https://www.meneame.net/story/tanga-party-fiesta-gay-mas-famosa-madrid-boicotea-sala-barcelo,3091694,26500809,188,,--516070--,2019-03-04T11:45:24+00:00,0,7,"Están en su derecho, sí. 

Pero a mí me gustaría vivir en una España donde da igual quien haya estado antes en un bar.

Me parece muy triste que alguien no organice un evento para hacer un boicot a una idea política, sea cual sea.

Espero que esos homosexuales nunca vuelvan a verse tan perseguidos como ahora persiguen a otros."
lgtbi,https://www.meneame.net/story/tanga-party-fiesta-gay-mas-famosa-madrid-boicotea-sala-barcelo,3091694,26500767,187,84.0,--2002--,2019-03-04T11:41:44+00:00,1,21,#84 O lo hacen porque consideran que compartir el espacio de celebración con Apastar puede afectar a la afluencia de gente con lo que afectaría a su negocio {wink}
lgtbi,https://www.meneame.net/story/tanga-party-fiesta-gay-mas-famosa-madrid-boicotea-sala-barcelo,3091694,26500701,186,127.0,--2002--,2019-03-04T11:35:36+00:00,0,11,"#127 En este caso sería como si hubieran puesto que ""imputado"" es un político al que se le acusa de algo y ""acusado"" es un civil al que se le acusa de algo. Ahora piensa mal y plantéate cómo podrían usar esa diferenciación para barrer para casa. Te doy una pista: mismo delito, distinta pena. Pues con lo de ""matrimonio"" y ""no-matrimonio"" lo mismo."
lgtbi,https://www.meneame.net/story/tanga-party-fiesta-gay-mas-famosa-madrid-boicotea-sala-barcelo,3091694,26500688,185,112.0,--2002--,2019-03-04T11:32:39+00:00,0,11,"#112 No es tan así. Cuando te casas por la iglesia, el cura tiene que llevar los datos al registro civil, con lo que al final es que metes a un intermediario en la boda y punto."
lgtbi,https://www.meneame.net/story/tanga-party-fiesta-gay-mas-famosa-madrid-boicotea-sala-barcelo,3091694,26500586,184,63.0,PitchBend,2019-03-04T11:21:18+00:00,2,24,#63 le dijo al derechista al podemita cuando le explicaba que podemos iba a convertir España en Venezuela...
lgtbi,https://www.meneame.net/story/tanga-party-fiesta-gay-mas-famosa-madrid-boicotea-sala-barcelo,3091694,26500577,183,99.0,--586887--,2019-03-04T11:20:20+00:00,0,8,"#99 lamentablemente las banderitas han cambiado.

El primero quieren imponer su ideología a todos los demás como si fuese una verdad científica y religiosa a la vez, el segundo quiere pararles y defender el derecho a la diversidad ideológica, y el otro no sabe decir la diferencia pero por si acaso el primero le recuerda que el segundo es culpable de la muerte de millones de personas con sus propias manos."
lgtbi,https://www.meneame.net/story/tanga-party-fiesta-gay-mas-famosa-madrid-boicotea-sala-barcelo,3091694,26500486,182,70.0,...,2019-03-04T11:09:45+00:00,2,36,"#70 Y en lugar de editar para añadir que te has equivocado, ¿por qué no has sustituido simplemente el 53 por el 49?"
lgtbi,https://www.meneame.net/story/tanga-party-fiesta-gay-mas-famosa-madrid-boicotea-sala-barcelo,3091694,26500401,181,130.0,PasaPollo,2019-03-04T10:59:47+00:00,1,17,#130 ¿Qué? ¿Te das cuenta de la burrada que has dicho?
lgtbi,https://www.meneame.net/story/tanga-party-fiesta-gay-mas-famosa-madrid-boicotea-sala-barcelo,3091694,26500390,180,34.0,mmm_,2019-03-04T10:58:15+00:00,3,35,#34 No. Si se llama distinto se abre la puerta a que los derechos sean distintos.
lgtbi,https://www.meneame.net/story/tanga-party-fiesta-gay-mas-famosa-madrid-boicotea-sala-barcelo,3091694,26500336,179,128.0,perico_de_los_palotes,2019-03-04T10:49:44+00:00,2,28,"#128 Todas estas cosas las he leído por ahí. Sin fuentes concretas, esto es un falacia de hombre de paja. Tiene exactamente el mismo nulo valor que su inversa: Seguro que si gana Vox las mujeres dejan de poder votar, se quedan sin sanidad todos los inmigrantes y se empieza a perseguir la homosexualidad. Todas estas cosas las han dicho personas de ese partido. No creerse eso y no difundirlo si que es ser inocente o mentir intencionadamente."
lgtbi,https://www.meneame.net/story/tanga-party-fiesta-gay-mas-famosa-madrid-boicotea-sala-barcelo,3091694,26500182,178,111.0,fpove,2019-03-04T10:32:57+00:00,1,18,#111 En serio buscas sentido a algunas propuesta de vox ?
lgtbi,https://www.meneame.net/story/tanga-party-fiesta-gay-mas-famosa-madrid-boicotea-sala-barcelo,3091694,26500172,177,34.0,fpove,2019-03-04T10:31:28+00:00,1,18,"#34  #28 No son homofogos, racistas, clasistas es solo cuestion semantica. Vamos piensan lo mismo pero con otro nombre."
lgtbi,https://www.meneame.net/story/tanga-party-fiesta-gay-mas-famosa-madrid-boicotea-sala-barcelo,3091694,26500099,176,,--465922--,2019-03-04T10:23:30+00:00,0,6,Como le gusta a al colectivo de las mil siglas un boicot y una censura... ni me imagino que fuese al revés...
lgtbi,https://www.meneame.net/story/tanga-party-fiesta-gay-mas-famosa-madrid-boicotea-sala-barcelo,3091694,26500096,175,36.0,--547085--,2019-03-04T10:23:04+00:00,1,17,"#36 Manda cojones, que encima los vendáis como demócratas de toda la vida. Hitler ganó unas elecciones"
lgtbi,https://www.meneame.net/story/tanga-party-fiesta-gay-mas-famosa-madrid-boicotea-sala-barcelo,3091694,26500063,174,45.0,osids,2019-03-04T10:19:44+00:00,3,35,"#45 el matrimonio es mas antiguo que el cristianismo pero a la gente que cree en amigos imaginarios y habla con ellos, los llevamos al psicólogo salvo si dicen que ese amigo imaginario es dios y que es el salvador de la humanidad y tal."
lgtbi,https://www.meneame.net/story/tanga-party-fiesta-gay-mas-famosa-madrid-boicotea-sala-barcelo,3091694,26499994,173,,billybones,2019-03-04T10:09:26+00:00,0,6,"Mal, muy mal, con eso lo que haces es presionar al empresario a posicionarse políticamente como empresa. ¿Que va a haber ahora, salas de derechas y de izquierdas? Lo mas virtuoso que puede hacer el empresario en estas circunsatancias es ser totalmente mercenario, lo que equivale a neutral. No creo que vayamos por buen camino si ponemos a las empresas a ser arbitros ´morales de todas las actividades en que participan."
lgtbi,https://www.meneame.net/story/tanga-party-fiesta-gay-mas-famosa-madrid-boicotea-sala-barcelo,3091694,26499956,172,63.0,--214483--,2019-03-04T10:03:44+00:00,4,41,"#63 un cibervoluntario tiene muchas cualidades, inocente no es una de ellas"
lgtbi,https://www.meneame.net/story/tanga-party-fiesta-gay-mas-famosa-madrid-boicotea-sala-barcelo,3091694,26499941,171,161.0,--214483--,2019-03-04T10:01:52+00:00,2,28,#161 los gays planean prohibir a Vox o quitarles derechos? O es al reves? En ingles se os llama bullying con mandibula de cristal. Deberia haber alguna expresion similar en español
lgtbi,https://www.meneame.net/story/tanga-party-fiesta-gay-mas-famosa-madrid-boicotea-sala-barcelo,3091694,26499934,170,31.0,shumoreniko19,2019-03-04T10:00:17+00:00,3,-7,"#31 No soy yo quien se sabe el día en el que hay que ir, por lo visto. {grin}"
lgtbi,https://www.meneame.net/story/tanga-party-fiesta-gay-mas-famosa-madrid-boicotea-sala-barcelo,3091694,26499926,169,128.0,babuino,2019-03-04T09:59:17+00:00,2,26,"#128 espera, que me sé otra: ""si gana PODEMOS esto va a ser como Venezuela. Abolición de la propiedad privada, Comunismo quemaiglesias, ¡tu segundo apartamento en la playa, nacionalizado!""."
lgtbi,https://www.meneame.net/story/tanga-party-fiesta-gay-mas-famosa-madrid-boicotea-sala-barcelo,3091694,26499918,168,34.0,babuino,2019-03-04T09:57:53+00:00,1,18,"#34 porque, claro, ""matrimonio"" es entre un hombre 1 y una mujer 2 y ante Dios 3 . Si no, no es ""matrimonio"". 1 mejor un hombre muy hombre. 2 mejor una mujer, mujer. 3 nuestro amigo imaginario favorito."
lgtbi,https://www.meneame.net/story/tanga-party-fiesta-gay-mas-famosa-madrid-boicotea-sala-barcelo,3091694,26499909,167,165.0,--449180--,2019-03-04T09:56:35+00:00,0,9,"#165 Si esa es la película que quieres montarte, allá tu. De todas formas no te estaba hablando a tí, así que circulando."
lgtbi,https://www.meneame.net/story/tanga-party-fiesta-gay-mas-famosa-madrid-boicotea-sala-barcelo,3091694,26499868,166,158.0,--137040--,2019-03-04T09:52:04+00:00,1,23,"#158 No se, tu eres el organizador yo solo llevo los hielos y te guardo los tangas usados en bolsas hermeticas."
lgtbi,https://www.meneame.net/story/tanga-party-fiesta-gay-mas-famosa-madrid-boicotea-sala-barcelo,3091694,26499815,165,150.0,--23339--,2019-03-04T09:44:46+00:00,0,10,"#150 decirle a los gays desviados me parece un insulto por tu parte, de homofobia bien, no?"
lgtbi,https://www.meneame.net/story/tanga-party-fiesta-gay-mas-famosa-madrid-boicotea-sala-barcelo,3091694,26499801,164,53.0,--51377--,2019-03-04T09:43:11+00:00,0,6,"#53 se puede, quizá, es posible..."
lgtbi,https://www.meneame.net/story/tanga-party-fiesta-gay-mas-famosa-madrid-boicotea-sala-barcelo,3091694,26499757,163,22.0,soth_sp,2019-03-04T09:38:35+00:00,2,11,"#22 Hay muchísima más gente en contra del matrimonio gay que Vox, ojo ahí"
lgtbi,https://www.meneame.net/story/tanga-party-fiesta-gay-mas-famosa-madrid-boicotea-sala-barcelo,3091694,26499756,162,123.0,robergafe,2019-03-04T09:38:31+00:00,1,17,"#123 bueno pero no hay que ser muy listo para ver las intenciones de Vox, primero distinguir entre matrimonio digamos que ""normal"" y otro tipos de matrimonio. Ya solo con esto estas haciendo una distinción que no debería, porque por lo menos para mi todos los matrimonios son iguales independientemente del sexo de los intervinientes, además creo que en esto ya hay un consenso general de la población donde ya el debate estaba superado. Una vez que tienes esta distinción es mas fácil ir quitándote poco a poco sus derechos. Obviamente la estrategia de Vox es buena, como se ve que algunos defendéis o no criticáis diciendo que no lo quiera abolir, nada mas lejos de la realidad, si, lo quiere abolir, como? pues poco a poco sin dar el cante. Si ahora mismo dijera que quiere prohibir el matrimonio gay nadie le daría crédito, pero con un cambio de nombre ya la gente va entrando al trapo, lobo con patita de cordero... decir o pensar otra cosa de esta estrategia es quererse poner una venda en los ojos."
lgtbi,https://www.meneame.net/story/tanga-party-fiesta-gay-mas-famosa-madrid-boicotea-sala-barcelo,3091694,26499750,161,2.0,soth_sp,2019-03-04T09:37:57+00:00,3,32,#2 ¿A los de Vox no les importa celebrar un acto donde se celebra una fiesta gay pero al revés sí? Hablemos de tolerancia...
lgtbi,https://www.meneame.net/story/tanga-party-fiesta-gay-mas-famosa-madrid-boicotea-sala-barcelo,3091694,26499723,160,137.0,Banshee2x,2019-03-04T09:34:30+00:00,1,21,"#137 No, un matrimonio no tiene exactamente los mismos derechos que una pareja de hecho, una pareja de hecho por ejemplo no puede presentar la declaración de hacienda de forma conjunta y la legislación de las parejas de hecho es competencia de las comunidades, no a nivel estatal como el matrimonio."
lgtbi,https://www.meneame.net/story/tanga-party-fiesta-gay-mas-famosa-madrid-boicotea-sala-barcelo,3091694,26499705,159,129.0,--596736--,2019-03-04T09:33:04+00:00,0,8,"#129 Yo no digo que sea un problema, no tengo nada en contra de que se llame matrimonio entre personas del mismo sexo.

Por cierto Vox tampoco está a favor de la pederastia, de hecho en su programa pone que quiere aumentar la protección infantil y endurecer las penas para los abusadores."
lgtbi,https://www.meneame.net/story/tanga-party-fiesta-gay-mas-famosa-madrid-boicotea-sala-barcelo,3091694,26499697,158,,Xtrem3,2019-03-04T09:32:04+00:00,0,10,"@ElPerroSeLlamabaMisTetas, ¿dónde la hacéis al final?"
lgtbi,https://www.meneame.net/story/tanga-party-fiesta-gay-mas-famosa-madrid-boicotea-sala-barcelo,3091694,26499691,157,,--420468--,2019-03-04T09:31:45+00:00,0,8,"No pasa nada chavalotes. 
A partir de ahora los domingos, después de misa; La Facha Party!!!!"
lgtbi,https://www.meneame.net/story/tanga-party-fiesta-gay-mas-famosa-madrid-boicotea-sala-barcelo,3091694,26499670,156,34.0,Banshee2x,2019-03-04T09:28:20+00:00,2,33,#34 Un matrimonio no es lo mismo a efectos legales ni de derechos que una unión civil/pareja de hecho.
lgtbi,https://www.meneame.net/story/tanga-party-fiesta-gay-mas-famosa-madrid-boicotea-sala-barcelo,3091694,26499660,155,,pieróg,2019-03-04T09:27:24+00:00,0,7,"buena suerte convenciendo a la gente de que La Riviera es igual de buen sitio que la Barceló,
si está donde Cristo perdió el mechero."
lgtbi,https://www.meneame.net/story/tanga-party-fiesta-gay-mas-famosa-madrid-boicotea-sala-barcelo,3091694,26499656,154,126.0,al009675,2019-03-04T09:26:54+00:00,0,10,#126 cuestión*
lgtbi,https://www.meneame.net/story/tanga-party-fiesta-gay-mas-famosa-madrid-boicotea-sala-barcelo,3091694,26499650,153,125.0,pinzadelaropa,2019-03-04T09:25:41+00:00,2,21,"#125 pero sabes que existían antes del cristianismo, verdad?"
lgtbi,https://www.meneame.net/story/tanga-party-fiesta-gay-mas-famosa-madrid-boicotea-sala-barcelo,3091694,26499622,152,146.0,avalancha971,2019-03-04T09:22:11+00:00,0,7,"#146 La iglesia se encarga de inscribirte en el registro civil, pero un matrimonio se ha consumado de manera religiosa y no civil.

En otros países no se acepta un matrimonio que no se haya firmado civilmente, no se reconoce el matrimonio en la iglesia. Es el matrimonio el que se tiene que casar personalmente de manera civil para que luego la iglesia de ese país te permita realizar el matrimonio religioso."
lgtbi,https://www.meneame.net/story/tanga-party-fiesta-gay-mas-famosa-madrid-boicotea-sala-barcelo,3091694,26499594,151,,--109791--,2019-03-04T09:17:45+00:00,0,10,"Esta gente está haciendo presión a un negocio con el hecho de que si alquilan su negocio a gentr que a ellos no les gustan, se piran. Es decir, o sigues mi juego o te quedas sin dinero. Eso no va a acabar bien..."
lgtbi,https://www.meneame.net/story/tanga-party-fiesta-gay-mas-famosa-madrid-boicotea-sala-barcelo,3091694,26499588,150,11.0,--449180--,2019-03-04T09:17:00+00:00,1,20,"#11 #142 Creo que esta insinuando que los gays son mas intolerantes que los de Vox, que son gente superabierta a la que no le importa juntarse en lugares donde van ""desviados"" y tal."
lgtbi,https://www.meneame.net/story/tanga-party-fiesta-gay-mas-famosa-madrid-boicotea-sala-barcelo,3091694,26499580,149,44.0,--491272--,2019-03-04T09:15:31+00:00,1,24,"#44 ¿españolas estrechas?
Le recomiendo que visite a esas extranjeras que vienen aquí a despendolarse y follar en sus países y ambiente de origen. ¡¡Verá usted estrechismo magno!!

Edito. O vaya con amigas al extranjero {shocked} {shocked} {shocked}"
lgtbi,https://www.meneame.net/story/tanga-party-fiesta-gay-mas-famosa-madrid-boicotea-sala-barcelo,3091694,26499570,148,137.0,--363705--,2019-03-04T09:14:26+00:00,3,33,"#137 La única diferencia legal que propondría Vox sería la de dificultar la adopción de hijos Ahh, solo es eso. Entonces adelante, jajaja. Porque eso de adotar hijos en el caso de los gays es un capricho. Mira que soy desconfiado, pensé que el hecho de que sean un grupo que muestra abiertamente su homofobia implicaria que su programa proponía la ejecución publica de los hgays y la violacion correctiva de todas las lesbianas. Mea culpa."
lgtbi,https://www.meneame.net/story/tanga-party-fiesta-gay-mas-famosa-madrid-boicotea-sala-barcelo,3091694,26499563,147,45.0,--130475--,2019-03-04T09:13:39+00:00,1,16,"#45 la única respuesta posible a que la pareja de hecho y el matrimonio tienen los mismos derechos es:

""Una polla como una argolla"""
lgtbi,https://www.meneame.net/story/tanga-party-fiesta-gay-mas-famosa-madrid-boicotea-sala-barcelo,3091694,26499556,146,112.0,PinkFlamingos,2019-03-04T09:12:43+00:00,2,25,"#112 No sustituye nada. La iglesia lo hace por ti, pero hay que hacerlo."
lgtbi,https://www.meneame.net/story/tanga-party-fiesta-gay-mas-famosa-madrid-boicotea-sala-barcelo,3091694,26499552,145,34.0,--456958--,2019-03-04T09:12:18+00:00,4,43,"#34 Porque el ""matrimonio"" se lo inventaron los cristianos y por tanto ellos y sólo ellos pueden decir qué es y qué no es. Siglos atrás la gente no se casaba {roll}"
lgtbi,https://www.meneame.net/story/tanga-party-fiesta-gay-mas-famosa-madrid-boicotea-sala-barcelo,3091694,26499545,144,130.0,daniMate,2019-03-04T09:10:58+00:00,2,27,"#130 no? Los.japoneses no se casan, los indues no se casan, los aztecas no se casaban, los mayas no se casaban, no se casan los lapones, los zulúes no se casan,... Se nota que eres votante de vox. Cuánta ignorancia y egocentrismo."
lgtbi,https://www.meneame.net/story/tanga-party-fiesta-gay-mas-famosa-madrid-boicotea-sala-barcelo,3091694,26499538,143,64.0,--491272--,2019-03-04T09:10:24+00:00,0,13,"#64 es realmente interesante que para atacarles en favor de la comunidad homosexual insinuen y señalen identificando como homosexuales reprimidos a esos ""otros"". ¿No se dan cuenta de la paradoja?
Cc. (#15)(#16)"
lgtbi,https://www.meneame.net/story/tanga-party-fiesta-gay-mas-famosa-madrid-boicotea-sala-barcelo,3091694,26499527,142,11.0,--491272--,2019-03-04T09:08:33+00:00,1,20,#11 ¿por qué les iba a importar?
lgtbi,https://www.meneame.net/story/tanga-party-fiesta-gay-mas-famosa-madrid-boicotea-sala-barcelo,3091694,26499523,141,15.0,box3d,2019-03-04T09:08:07+00:00,0,8,"#15 Puticlú o Bar Gay.
El mejor sitio para pillar droga.
A día de hoy está mejor visto salir del segundo {lol}"
lgtbi,https://www.meneame.net/story/tanga-party-fiesta-gay-mas-famosa-madrid-boicotea-sala-barcelo,3091694,26499519,140,8.0,--491272--,2019-03-04T09:07:23+00:00,2,17,"#8 pues habrá perdido un cliente, pero más razón que un santo tiene"
lgtbi,https://www.meneame.net/story/tanga-party-fiesta-gay-mas-famosa-madrid-boicotea-sala-barcelo,3091694,26499517,139,34.0,MCN,2019-03-04T09:06:45+00:00,0,9,"#34 Semántica, claro. Algo así como: “Unión de desviados”, “unión contranatura”, etc. Seguro que tiene más recorrido. VOX, el partido por la patria y la semántica."
lgtbi,https://www.meneame.net/story/tanga-party-fiesta-gay-mas-famosa-madrid-boicotea-sala-barcelo,3091694,26499515,138,6.0,--491272--,2019-03-04T09:06:39+00:00,3,51,"#6 abascal está viendo que lo que le sirvio al diputado iglesias (su estrategia original frente a medios y comunicación) le sirve a él. Así que adelante.
Con suerte, yo creo que es inevitable, tarde o temprano se retratará como el anteriormente mencionado y la desafección entre sus simpatizantes se hará haciendo evidente"
lgtbi,https://www.meneame.net/story/tanga-party-fiesta-gay-mas-famosa-madrid-boicotea-sala-barcelo,3091694,26499514,137,126.0,ja______,2019-03-04T09:06:33+00:00,5,28,"#126 #34 Mintiendo sobre estas cosas, lo único que hace es darle más votos. Las propuestas de Vox (practicamente imposible de aprobar porque necesitaría mayoría en el congreso y bastaría con que se opusieran PP o Cs) consiste en que las parejas de homosexuales no fuesen matrimonio, sino una ""unión de hecho"" legal, y en nuestra legislación tienen exactamente los mismos derechos.  La única diferencia legal que propondría Vox sería la de dificultar la adopción de hijos para parejas de homosexuales, cosa que tampoco conseguirián salvo que tuvieran ellos solos mayoría absoluta.   Que conste que estoy en contra de ambas cosas, pero exagerando y mintiendo las propuestas de vox se acaba volviendo a su favor porque la gente acaba no creyendo a los que les atacan y les victimiza."
lgtbi,https://www.meneame.net/story/tanga-party-fiesta-gay-mas-famosa-madrid-boicotea-sala-barcelo,3091694,26499490,136,125.0,vomisa,2019-03-04T09:00:46+00:00,2,22,"#125 el matrimonio existía en el derecho romano (que es el derecho del que bebe nuestra tradición legal) antes del cristianismo. Es el cristianismo el que se apropia de él, como de tantas fiestas paganas que pasan a ser cristianas."
lgtbi,https://www.meneame.net/story/tanga-party-fiesta-gay-mas-famosa-madrid-boicotea-sala-barcelo,3091694,26499489,135,41.0,--363705--,2019-03-04T09:00:20+00:00,0,7,#41 se han demostrado reiteradamente cosas que podrían (o no) pasaren el futuro? Como es que no me enterado? Estoy subscrito a la revista science...
lgtbi,https://www.meneame.net/story/tanga-party-fiesta-gay-mas-famosa-madrid-boicotea-sala-barcelo,3091694,26499488,134,77.0,--491272--,2019-03-04T09:00:19+00:00,2,31,"#77 no me diga más, a quien no dejan entrar es a los plumillas de medios aede/ami"
lgtbi,https://www.meneame.net/story/tanga-party-fiesta-gay-mas-famosa-madrid-boicotea-sala-barcelo,3091694,26499481,133,122.0,--419859--,2019-03-04T08:59:27+00:00,2,28,#122 Creo que lo ha explicado muy bien #53. Como insistes sé que eres un troll interesado.
lgtbi,https://www.meneame.net/story/tanga-party-fiesta-gay-mas-famosa-madrid-boicotea-sala-barcelo,3091694,26499479,132,127.0,--37472--,2019-03-04T08:59:21+00:00,1,20,"#127 No compares algo al que se le sustiuyó el nombre para ELIMINAR el otro, por mucho concepto que exista.

Abascal pretende SEPARAR manteniendo AMBOS e ""imputado"" se SUSTITUYÓ para ELIMINAR el anterior"
lgtbi,https://www.meneame.net/story/tanga-party-fiesta-gay-mas-famosa-madrid-boicotea-sala-barcelo,3091694,26499472,131,,EnOniO,2019-03-04T08:58:19+00:00,1,17,"Y aquí estamos, discutiendo de nuevo algo que ya superamos hace diez años... {palm}"
lgtbi,https://www.meneame.net/story/tanga-party-fiesta-gay-mas-famosa-madrid-boicotea-sala-barcelo,3091694,26499469,130,55.0,--405202--,2019-03-04T08:57:58+00:00,4,23,"#55 que manía, el matrimonio es una tradición que fuera de las tres religiones mayoritarias no existe.

El problema es que todo el mundo es ateo hasta que quieren ir de blanco y sangrar a los amigos y familiares."
lgtbi,https://www.meneame.net/story/tanga-party-fiesta-gay-mas-famosa-madrid-boicotea-sala-barcelo,3091694,26499466,129,51.0,--166606--,2019-03-04T08:57:43+00:00,3,36,"#51 Y qué problema hay en que la unión civil entre dos personas se llame matrimonio cómo se ha hecho siempre cuando dos personas se han unido para tener derechos por ser pareja?

Ay, el meapilismo, follarse niños bien, casar a personas adultas del mismo sexo que se aman, mal."
lgtbi,https://www.meneame.net/story/tanga-party-fiesta-gay-mas-famosa-madrid-boicotea-sala-barcelo,3091694,26499460,128,101.0,ja______,2019-03-04T08:57:16+00:00,14,62,"#101 #63 Seguro que si gana Vox las mujeres dejan de poder votar, se quedan sin sanidad todos los inmigrantes y se empieza a perseguir la homosexualidad. Todas estas cosas las he leído por ahí. Creerse eso y difundirlo si que es ser inocente o mentir intencionadamente."
lgtbi,https://www.meneame.net/story/tanga-party-fiesta-gay-mas-famosa-madrid-boicotea-sala-barcelo,3091694,26499456,127,97.0,--491272--,2019-03-04T08:56:24+00:00,2,30,"#97 ¿quiere usted decir que ya no hay ""imputados"" como concepto?"
lgtbi,https://www.meneame.net/story/tanga-party-fiesta-gay-mas-famosa-madrid-boicotea-sala-barcelo,3091694,26499455,126,34.0,--363705--,2019-03-04T08:56:10+00:00,9,75,"#34 #36 mas bien de derechos básicos no de semantica. Como te llaman es una question de derechos basicos. Si por los de Vox fuera se llamaria ""Union antinatural entre bichos raros"""
lgtbi,https://www.meneame.net/story/tanga-party-fiesta-gay-mas-famosa-madrid-boicotea-sala-barcelo,3091694,26499434,125,86.0,--405202--,2019-03-04T08:52:55+00:00,3,25,"#86 la religión se apropia de un término claro. Es un sacramento del cristianismo pero es apropiado {lol} 

Vaya tela."
lgtbi,https://www.meneame.net/story/tanga-party-fiesta-gay-mas-famosa-madrid-boicotea-sala-barcelo,3091694,26499430,124,118.0,letrado_iletrado,2019-03-04T08:52:05+00:00,0,7,"#118 Sí sí, desde luego. Y por feo que les pueda sonar a algunos también creo que es mejor padre+madre que madre+madre y padre+padre. Lo que no quita que una pareja homosexual sea mejor que un padre/madre soltero, que a su vez es mil veces mejor que no tener ningún padre ni madre.

En esta cuestión hay que mirar lo más beneficioso para el menor y punto pelota. Hay algunos que se creen que tiene ""derecho"" a tener un hijo. Es el niño el que tiene derecho a tener unos padres. Así que confío en que la administración siga esa escala de prioridades al hacer las concesiones, y por otro lado tenga la capacidad de ver cuando simplemente debería abrir el grifo a fin de no dejar niños sin padre."
lgtbi,https://www.meneame.net/story/tanga-party-fiesta-gay-mas-famosa-madrid-boicotea-sala-barcelo,3091694,26499414,123,50.0,--51377--,2019-03-04T08:50:11+00:00,1,14,"#50 correcto, pero eso no significa que haya que aceptar que nos mientan"
lgtbi,https://www.meneame.net/story/tanga-party-fiesta-gay-mas-famosa-madrid-boicotea-sala-barcelo,3091694,26499407,122,87.0,--51377--,2019-03-04T08:49:35+00:00,3,37,"#87 aparte de que creo que no tienes muy claro lo que significa ser demagogo me gustaría que me explicaras cuales son esos derechos asociados que dices que se van a eliminar, no quisiera pensar que acabas de inventártelo.
¿Adopción? sigue igual
¿Pensión? sigue igual

Venga, expláyate"
lgtbi,https://www.meneame.net/story/tanga-party-fiesta-gay-mas-famosa-madrid-boicotea-sala-barcelo,3091694,26499402,121,90.0,Ohtar,2019-03-04T08:47:59+00:00,1,16,"#90 Precisamente en mi comentario daba ejemlos de otros afectados y causas. Quizás me equivoque, pero por tu tono me parece que este es un tema sensible ara ti"
lgtbi,https://www.meneame.net/story/tanga-party-fiesta-gay-mas-famosa-madrid-boicotea-sala-barcelo,3091694,26499399,120,,--516706--,2019-03-04T08:47:53+00:00,0,6,Teniendo en cuenta el nivel adquisitivo de los gayers y lo drogotas que son...
lgtbi,https://www.meneame.net/story/tanga-party-fiesta-gay-mas-famosa-madrid-boicotea-sala-barcelo,3091694,26499398,119,117.0,--72046--,2019-03-04T08:47:22+00:00,0,6,"#117 yo estoy de acuerdo, que padre y madre es mas idoneo que madre y madre y padre y padre, y no por eso se es homofobo, al igual que creo que padre y padre es mejor que soltero."
lgtbi,https://www.meneame.net/story/tanga-party-fiesta-gay-mas-famosa-madrid-boicotea-sala-barcelo,3091694,26499394,118,113.0,--72046--,2019-03-04T08:46:34+00:00,0,6,"#113 y tu crees que pudiendo elegir no es mejor padre y madre que solo padre? o solo madre? eso no quiere decir que se discrimine a los solteros, verdad???"
lgtbi,https://www.meneame.net/story/tanga-party-fiesta-gay-mas-famosa-madrid-boicotea-sala-barcelo,3091694,26499393,117,109.0,aljayam,2019-03-04T08:46:33+00:00,1,17,"#109 Con la ley actual los candidatos más idóneos son padre y madre, madre y madre, padre y padre... No consiste en eso la igualdad de derechos? {smiley}"
lgtbi,https://www.meneame.net/story/tanga-party-fiesta-gay-mas-famosa-madrid-boicotea-sala-barcelo,3091694,26499391,116,17.0,--542032--,2019-03-04T08:46:14+00:00,0,6,"#17 
Te acuerdas de la campaña ""compre, no compreu""?"
lgtbi,https://www.meneame.net/story/tanga-party-fiesta-gay-mas-famosa-madrid-boicotea-sala-barcelo,3091694,26499390,115,111.0,llorencs,2019-03-04T08:45:57+00:00,0,10,"#111 Porque la ley es así. A mi que me preguntas.

Por cierto, estoy harto de tenerte que ignorar, deja de cambiarte de nombre."
lgtbi,https://www.meneame.net/story/tanga-party-fiesta-gay-mas-famosa-madrid-boicotea-sala-barcelo,3091694,26499387,114,,Carlos_Pascual_Rebollo,2019-03-04T08:45:29+00:00,0,7,Ahora imaginemos que en vez de ser una organización gay quien rechaza usar el local es vox quien dice que no piensan usar un garito porque se ha hecho una fiesta homosexual ...
lgtbi,https://www.meneame.net/story/tanga-party-fiesta-gay-mas-famosa-madrid-boicotea-sala-barcelo,3091694,26499379,113,107.0,letrado_iletrado,2019-03-04T08:44:18+00:00,0,7,"#107 Gracias por el enlace.

Supongo que legalmente la posibilidad existe, pero por lo que dice en la práctica los requisitos deben ser un martirio."
lgtbi,https://www.meneame.net/story/tanga-party-fiesta-gay-mas-famosa-madrid-boicotea-sala-barcelo,3091694,26499367,112,86.0,avalancha971,2019-03-04T08:41:33+00:00,0,7,#86 El matrimonio religioso no tendrá ninguna validez legal en Francia o Alemania. Pero en España el casarse por la iglesia sustituye a pasar por el registro civil.
lgtbi,https://www.meneame.net/story/tanga-party-fiesta-gay-mas-famosa-madrid-boicotea-sala-barcelo,3091694,26499358,111,100.0,--72046--,2019-03-04T08:40:12+00:00,2,27,"#100 pues si pueden solteros, por que no van a poder parejas? es absurdo."
lgtbi,https://www.meneame.net/story/tanga-party-fiesta-gay-mas-famosa-madrid-boicotea-sala-barcelo,3091694,26499357,110,74.0,avalancha971,2019-03-04T08:39:56+00:00,1,20,"#74 Efectivamente, que deje de estar contemplada la figura del matrimonio ante la ley y todos contentos."
lgtbi,https://www.meneame.net/story/tanga-party-fiesta-gay-mas-famosa-madrid-boicotea-sala-barcelo,3091694,26499356,109,102.0,--72046--,2019-03-04T08:39:55+00:00,0,6,"#102 no existe el derecho a adoptar, ni siquiera de las parejas de distinto sexo.
Se busca el candidato mas ideneo, que en general es padre y madre."
lgtbi,https://www.meneame.net/story/tanga-party-fiesta-gay-mas-famosa-madrid-boicotea-sala-barcelo,3091694,26499352,108,75.0,haprendiz,2019-03-04T08:39:16+00:00,3,33,"#75 Liberales acusando de totalitarios a un colectivo por ejercer su libre derecho a elegir dónde celebrar sus saraos... Sólo en Menéame. 

PD: El titular es manipulador y sensacionalista, aquí nadie ""boicotea"" nada."
lgtbi,https://www.meneame.net/story/tanga-party-fiesta-gay-mas-famosa-madrid-boicotea-sala-barcelo,3091694,26499351,107,104.0,--72046--,2019-03-04T08:39:14+00:00,1,13,"#104 sí:
https://www.menudosbebes.com/adopcion-monoparental-espana/"
lgtbi,https://www.meneame.net/story/tanga-party-fiesta-gay-mas-famosa-madrid-boicotea-sala-barcelo,3091694,26499347,106,38.0,--72046--,2019-03-04T08:38:43+00:00,2,27,"#38 ME PARECE prefecto que tu digas que mienten, y que sus intenciones son otras, pero no puedes decir que dicen lo que no dicen.
""¿Para que derribar un edificio para volver a montar uno igual con otro nombre? ""
Es una tonteria, pero yo no soy de vox, y quizas para incluir mas aceptciones dentro de uniones civiles, como entre hemanos o familiares, como el mismo abascal ha dicho.
""Son homófobos, y están en contra del derecho de estas personas a formar parejas .""
APARTE te niego la mayor, yo no creo que un estado deba regular las relaciones sexuales, o darte mas derechos por casarte, o acostarte con alguien."
lgtbi,https://www.meneame.net/story/tanga-party-fiesta-gay-mas-famosa-madrid-boicotea-sala-barcelo,3091694,26499338,105,34.0,--350694--,2019-03-04T08:37:02+00:00,4,48,"#34 oh, claro, estan montando un follon por una cuestion semantica. Si no les quieren quitar derechos, si no es un discurso homofobo, ¿Que cojones importa que se llame matrimonio?"
lgtbi,https://www.meneame.net/story/tanga-party-fiesta-gay-mas-famosa-madrid-boicotea-sala-barcelo,3091694,26499332,104,67.0,letrado_iletrado,2019-03-04T08:36:29+00:00,0,7,#67 ¿Estas seguro de eso de que los solteros pueden adoptar?
lgtbi,https://www.meneame.net/story/tanga-party-fiesta-gay-mas-famosa-madrid-boicotea-sala-barcelo,3091694,26499330,103,53.0,--587876--,2019-03-04T08:36:29+00:00,4,35,#53 Si en Cataluña decidieran nombrar al castellano jerga o dialecto que le pareceria a Vox?  Es pura semantica....
lgtbi,https://www.meneame.net/story/tanga-party-fiesta-gay-mas-famosa-madrid-boicotea-sala-barcelo,3091694,26499316,102,67.0,aljayam,2019-03-04T08:32:33+00:00,1,17,"#67 sólo te estoy preguntando si la adopción por parte de parejas homosexuales seguiría siendo un derecho según Vox, ya que te has leído el programa."
lgtbi,https://www.meneame.net/story/tanga-party-fiesta-gay-mas-famosa-madrid-boicotea-sala-barcelo,3091694,26499313,101,63.0,--598854--,2019-03-04T08:32:09+00:00,11,89,#63 No lo son. Ese es el punto.
lgtbi,https://www.meneame.net/story/tanga-party-fiesta-gay-mas-famosa-madrid-boicotea-sala-barcelo,3091694,26499308,100,67.0,llorencs,2019-03-04T08:31:17+00:00,1,21,"#67 Que los gays pueden adoptar como pareja estando casados. Si, no solo uno puede hacer la adopción, es decir, como si fuera soltero."
lgtbi,https://www.meneame.net/story/tanga-party-fiesta-gay-mas-famosa-madrid-boicotea-sala-barcelo,3091694,26499295,99,56.0,xzakox,2019-03-04T08:29:02+00:00,3,30,#56 #47 eso me recuerda ...
lgtbi,https://www.meneame.net/story/tanga-party-fiesta-gay-mas-famosa-madrid-boicotea-sala-barcelo,3091694,26499286,98,65.0,daniMate,2019-03-04T08:27:53+00:00,1,21,"#65 https://www.20minutos.es/videos/nacional/lvxINPT5-abascal-no-reconoce-el-matrimonio-homosexual/

Si simpatizas con un partido al menos debería oír lo que piensan sus líderes de las cosas 

aunque siempre es más importante lo que hacen, está claro."
lgtbi,https://www.meneame.net/story/tanga-party-fiesta-gay-mas-famosa-madrid-boicotea-sala-barcelo,3091694,26499272,97,51.0,--37472--,2019-03-04T08:26:04+00:00,1,20,"#51 Pretende cambiarle el nombre, eso es eliminar el matrimonio homosexual  del código civil SI o NO? Ah, ya me parecía a mi que SI

Por otro lado no dice en ninguna parte que les vaya a mantener los mismo derechos y déjame adivinar, no lo va a hacer Abascal asegura que si llega al Gobierno cambiará “el nombre” al matrimonio homosexual https://www.elboletin.com/noticia/170626/nacional/abascal-asegura-que-si-llega-al-gobierno-cambiara-el-nombre-al-matrimonio-homosexual.html"
lgtbi,https://www.meneame.net/story/tanga-party-fiesta-gay-mas-famosa-madrid-boicotea-sala-barcelo,3091694,26499269,96,14.0,Acuantavese,2019-03-04T08:25:54+00:00,3,16,"#14 Negativos por preguntar, mucho maricona resentida veo por aqui {hug}"
lgtbi,https://www.meneame.net/story/tanga-party-fiesta-gay-mas-famosa-madrid-boicotea-sala-barcelo,3091694,26499263,95,4.0,sillycon,2019-03-04T08:25:29+00:00,1,6,#4 Claro. Y es que con esa actitud les dan argumentos a los fachas de Vox.
lgtbi,https://www.meneame.net/story/tanga-party-fiesta-gay-mas-famosa-madrid-boicotea-sala-barcelo,3091694,26499259,94,2.0,sillycon,2019-03-04T08:24:39+00:00,5,56,#2 Y qué culpa tiene un empresario que ha alquilado la sala como un acto comercial sin ninguna intención política.
lgtbi,https://www.meneame.net/story/tanga-party-fiesta-gay-mas-famosa-madrid-boicotea-sala-barcelo,3091694,26499254,93,86.0,Cantro,2019-03-04T08:23:52+00:00,3,35,"#86 yo no lo permito. Era más bien una crítica hacia ellos. Para mí sería un cambio tan absurdo como el de investigado por imputado y de eso va el argumento, una reducción al absurdo.

Nadie hace tanto ruido por una cuestión puramente semántica, como pretenden hacer ver"
lgtbi,https://www.meneame.net/story/tanga-party-fiesta-gay-mas-famosa-madrid-boicotea-sala-barcelo,3091694,26499253,92,34.0,sillycon,2019-03-04T08:23:27+00:00,1,15,#34 Pero qué importancia tendrá cómo se llama. Lo importante es que la gente se realice y sea feliz. Y es la unión de dos personas. Por qué os jode tanto que se llame matrimonio o patatas con chorizo.
lgtbi,https://www.meneame.net/story/tanga-party-fiesta-gay-mas-famosa-madrid-boicotea-sala-barcelo,3091694,26499245,91,10.0,JungSpinoza,2019-03-04T08:22:28+00:00,2,28,"#10  Mas bien cuando la proxima fiesta tanga se celebre en la Riviera y la derecha boicote esa sala. Es triste pero en este caso tienen razon. 

""i disapprove of what you say, but i will defend to the death your right to say it -- Evelyn Beatrice Hall"
lgtbi,https://www.meneame.net/story/tanga-party-fiesta-gay-mas-famosa-madrid-boicotea-sala-barcelo,3091694,26499243,90,56.0,--586887--,2019-03-04T08:22:12+00:00,2,20,"#56 Yo no creo que los fachas vayan contra los homosexuales, porque en las NNGG del PP hay homosexuales los que quieras y más.

Me parece que los conservadores tienen un tabú sexual muy grande, y están en contra de todo el que haga ostentación pública de la sexualidad.

Los chistofachas estarían tan en contra de una cabalgata heterosexual con hombres y mujeres semidesnudos bailando haciendo ostentación de su sexualidad de una manera altamente explícita como lo están del día del orgullo. Más aún si dicha supuesta cabalgata hetero fuese una plataforma de publicidad para alentar a las masas a practicar sexo.... ohhhhh... sexo libreeeee, pecaaado.

Pero bueno, los gays pueden creerse el centro del universo si quieren. Toda la puta represión sexual cristofacha es hacia ellos y sólo hacia porque les odian por ser lo que son. No hay más afectados ni más causas."
lgtbi,https://www.meneame.net/story/tanga-party-fiesta-gay-mas-famosa-madrid-boicotea-sala-barcelo,3091694,26499239,89,66.0,xzakox,2019-03-04T08:21:55+00:00,2,21,#66 #10 ha dicho izquierda radical.
lgtbi,https://www.meneame.net/story/tanga-party-fiesta-gay-mas-famosa-madrid-boicotea-sala-barcelo,3091694,26499233,88,34.0,--419859--,2019-03-04T08:21:08+00:00,2,26,"#34 Osea, que les quieren quitar derechos con el ""cambio de nombre""."
lgtbi,https://www.meneame.net/story/tanga-party-fiesta-gay-mas-famosa-madrid-boicotea-sala-barcelo,3091694,26499223,87,41.0,--419859--,2019-03-04T08:19:59+00:00,6,61,#41 No es solo un cambio de denominación. Los derechos asociados al matrimonio también cambian. No seas demagogo.
lgtbi,https://www.meneame.net/story/tanga-party-fiesta-gay-mas-famosa-madrid-boicotea-sala-barcelo,3091694,26499217,86,74.0,--549231--,2019-03-04T08:19:02+00:00,13,97,"#74 matrimonio civil es un término correcto que no tiene nada que ver con matrimonio religioso, aunque se parezcan. No deberíais permitir que una religión se apropie del término ""matrimonio"". El matrimonio religioso es otra cosa que no tiene ninguna validez legal, no se debe regular en base a eso"
lgtbi,https://www.meneame.net/story/tanga-party-fiesta-gay-mas-famosa-madrid-boicotea-sala-barcelo,3091694,26499213,85,9.0,joselix,2019-03-04T08:18:45+00:00,8,74,"#9 yo estaria encantado de que si el orgullo gay se celebra en castellana, los partidos fachas decidiesen no volver a manifestarse nunca por esa calle..."
lgtbi,https://www.meneame.net/story/tanga-party-fiesta-gay-mas-famosa-madrid-boicotea-sala-barcelo,3091694,26499209,84,13.0,sillycon,2019-03-04T08:18:11+00:00,3,38,"#13 Por mucho que nos joda dar la razón a este facha, no le falta. Este hombre ha alquilado la sala a Vox por un dinero, es un negocio, no tiene nada que ver con que comparta los ideales de esta banda. Ha sido una acción comercial completamente apolítica.
Sin embargo, la organización gay sí que ha tomado partido político. O bien lo hacen como represalia porque le acusan al Trapote de compartir los ideales (cosa que el ha desmentido), o bien lo hacen como presión para que otros se lo piensen antes de admitir a Vox en sus negocios."
lgtbi,https://www.meneame.net/story/tanga-party-fiesta-gay-mas-famosa-madrid-boicotea-sala-barcelo,3091694,26499205,83,2.0,llorencs,2019-03-04T08:17:27+00:00,2,33,#2 es cierto que ha dia de hoy. Esa frase no es correcta y debería ser: es cierto que a día de hoy.
lgtbi,https://www.meneame.net/story/tanga-party-fiesta-gay-mas-famosa-madrid-boicotea-sala-barcelo,3091694,26499202,82,45.0,Cantro,2019-03-04T08:17:18+00:00,3,37,"#45 Cristiano, y musulmán, y judío, y...

En ningún sitio pone nada de que alguien tenga la exclusividad del matrimonio. Además, si tú tienes razón y es un término puramente religioso habría que sacarlo de la ley para garantizar la aconfesionalidad del estado"
lgtbi,https://www.meneame.net/story/tanga-party-fiesta-gay-mas-famosa-madrid-boicotea-sala-barcelo,3091694,26499199,81,34.0,gregoriosamsa,2019-03-04T08:16:50+00:00,13,134,"#34 No es semántica, es una cuestión de clasismo retrógrado. Que en 2019 aún se intente diferenciar a ""las familias de bien"" de otras formas de familia me parece un absurdo absoluto. El coche era un carro tirado por caballos y nevera era un lugar donde se conservaba la nieva. El idioma como la sociedad, evoluciona. No como el pensamiento de algunos."
lgtbi,https://www.meneame.net/story/tanga-party-fiesta-gay-mas-famosa-madrid-boicotea-sala-barcelo,3091694,26499198,80,34.0,--136355--,2019-03-04T08:16:28+00:00,4,46,"#34 de hecho es algo que, por ejemplo el PP ya había aprpbado en la comunidad valenciana mucho antes de que Zapatero aprobara la ley de matrimonio homosexual"
lgtbi,https://www.meneame.net/story/tanga-party-fiesta-gay-mas-famosa-madrid-boicotea-sala-barcelo,3091694,26499180,79,,wata,2019-03-04T08:14:01+00:00,1,13,Ahora entiendo la masiva afluencia de los voxeros en las distintas RRSS diciendo y desmintiendo que se hubiera menospreciado a los homosexuales en su acto patriótico. Trataban de proteger al dueño del local de posibles boicots.
lgtbi,https://www.meneame.net/story/tanga-party-fiesta-gay-mas-famosa-madrid-boicotea-sala-barcelo,3091694,26499171,78,,--563986--,2019-03-04T08:11:44+00:00,0,8,"Nosotros partymos, nosotros decidimos"
lgtbi,https://www.meneame.net/story/tanga-party-fiesta-gay-mas-famosa-madrid-boicotea-sala-barcelo,3091694,26499168,77,13.0,--549231--,2019-03-04T08:11:17+00:00,8,82,"#13 los de Vox han decidido que no dejan entrar a ciertos medios de comunicación a sus actos , unos cracks de la democracia dando carnet de totalitarios a los demás {lol}"
lgtbi,https://www.meneame.net/story/tanga-party-fiesta-gay-mas-famosa-madrid-boicotea-sala-barcelo,3091694,26499165,76,45.0,Saikamur,2019-03-04T08:10:39+00:00,17,138,"#45 No. Lo primero, matrimonio y pareja de hecho nunca han tenido los mismos derechos (te lo digo yo que he pasado por los dos precisamente por eso). Por otro lado, dices que ""el matrimonio es un sacramento cristiano"" como si esa institución no existiese en ninguna otra religión o cultura. Y finalmente, el matrimonio ""cristiano"" tiene cero valor legal si no pasa por el registro civil.

Resumiendo, legalmente hay dos tipos de uniones, llamémoslas ""unión fuerte"" y ""unión débil"". La unión débil es la pareja de hecho y la unión fuerte es el matrimonio, llamado de esta forma por simple tradición. Pretender que la ""unión fuerte"" ha de tener nombre diferente según el género de los que la conforman para no ofender a determinado colectivo es un ataque directo a la línea de flotación de un principio fundamental como la igualdad de derechos."
lgtbi,https://www.meneame.net/story/tanga-party-fiesta-gay-mas-famosa-madrid-boicotea-sala-barcelo,3091694,26499162,75,,Morgon,2019-03-04T08:10:01+00:00,11,96,"Pero es que eso no es un boicot, haciendo uso del libremercado, deciden ir a otra sala por los motivos que ellos creen convenientes. ¡Es el mercado, amigo!"
lgtbi,https://www.meneame.net/story/tanga-party-fiesta-gay-mas-famosa-madrid-boicotea-sala-barcelo,3091694,26499161,74,51.0,Cantro,2019-03-04T08:09:46+00:00,18,123,#51 pues llamemos a todo uniones civiles y arreglado.
lgtbi,https://www.meneame.net/story/tanga-party-fiesta-gay-mas-famosa-madrid-boicotea-sala-barcelo,3091694,26499160,73,34.0,--568222--,2019-03-04T08:09:45+00:00,25,201,"#34 ¿Los matrimonios heterosexuales están a gusto con la denominación de ""Matrimonio"" a su propia unión? todo parece indicar que sí.
¿Los matrimonios homosexuales están a gusto con la denominación de ""Matrimonio"" a su propia unión? todo parece indicar que sí.
¿Qué necesidad hay entonces de dar tanta importancia a una mera cuestión semántica? Pareciera que quisieran rebajar/humillar semánticamente a los matrimonios gays ¿Por qué si no molestarse en cambiar algo que ya está aceptado?"
lgtbi,https://www.meneame.net/story/tanga-party-fiesta-gay-mas-famosa-madrid-boicotea-sala-barcelo,3091694,26499157,72,45.0,Macagt,2019-03-04T08:09:04+00:00,7,68,"#45 El matrimonio es un acto civil y además está presente en muchas más culturas que aquellas que son cristianas. La palabra ""matrimonio"" no les pertenece, ni a ellos ni a nadie. Además, el matrimonio por la iglesia no vale de gran cosa: luego igualmente tienes que registrarlo por lo civil porque es le que de verdad tiene validez. Los cuentos homófobos a otros."
lgtbi,https://www.meneame.net/story/tanga-party-fiesta-gay-mas-famosa-madrid-boicotea-sala-barcelo,3091694,26499155,71,,wondering,2019-03-04T08:08:46+00:00,0,10,"De hecho no van a hacer nada de eso. Ni lo que dice #22 ni lo que dice #28. Es más, no lo van a tocar.

No está en su programa y además saben que no es popular ni entre sus propios votantes."
lgtbi,https://www.meneame.net/story/tanga-party-fiesta-gay-mas-famosa-madrid-boicotea-sala-barcelo,3091694,26499154,70,53.0,--602415--,2019-03-04T08:08:40+00:00,3,36,"#53 Mira que me considero lo más hereje que hay y no me mola nada VOX pero... ""no juzgarás"" no es un mandamiento, amigo.

EDIT: Me he liado... esto no era para ti. {lol}  era para #49"
lgtbi,https://www.meneame.net/story/tanga-party-fiesta-gay-mas-famosa-madrid-boicotea-sala-barcelo,3091694,26499148,69,27.0,Goomer,2019-03-04T08:07:47+00:00,4,32,"#27 al cine español no hace falta boicotearlo, es una basura que vive de las subvenciones"
lgtbi,https://www.meneame.net/story/tanga-party-fiesta-gay-mas-famosa-madrid-boicotea-sala-barcelo,3091694,26499139,68,23.0,Marco_Pagot,2019-03-04T08:06:21+00:00,6,45,"#23 y también se boicotea a la economía extremeña, porque los tapones de corcho vienen de Extremadura. Así de subnormales suelen ser los boicots de nacionalismo rancio y extremista."
lgtbi,https://www.meneame.net/story/tanga-party-fiesta-gay-mas-famosa-madrid-boicotea-sala-barcelo,3091694,26499138,67,40.0,--72046--,2019-03-04T08:06:06+00:00,2,27,"#40  los solteros pueden adoptar, por que no van a adoptar los gays? no entiendo exactamente que pretendes decir."
lgtbi,https://www.meneame.net/story/tanga-party-fiesta-gay-mas-famosa-madrid-boicotea-sala-barcelo,3091694,26499136,66,10.0,Goomer,2019-03-04T08:05:45+00:00,4,41,#10 Te recuerdo que podemos ha realizado eventos en un muy caro hotel de Madrid más de una vez ...
lgtbi,https://www.meneame.net/story/tanga-party-fiesta-gay-mas-famosa-madrid-boicotea-sala-barcelo,3091694,26499133,65,59.0,stroke,2019-03-04T08:05:16+00:00,2,30,"#59 Ayer precisamente hablaba con un compañero de este tema, en que punto esta? Puedes enlazarlo?"
lgtbi,https://www.meneame.net/story/tanga-party-fiesta-gay-mas-famosa-madrid-boicotea-sala-barcelo,3091694,26499121,64,16.0,--23339--,2019-03-04T08:03:16+00:00,6,65,"#16 es interesante que para denigrar a esta gente lo tengas que usar con insultos gays. 
Siempre pasa lo mismo, interesante"
lgtbi,https://www.meneame.net/story/tanga-party-fiesta-gay-mas-famosa-madrid-boicotea-sala-barcelo,3091694,26499120,63,34.0,BM75,2019-03-04T08:03:09+00:00,32,204,#34 #36 Me sorprende que seáis tan inocentes...
lgtbi,https://www.meneame.net/story/tanga-party-fiesta-gay-mas-famosa-madrid-boicotea-sala-barcelo,3091694,26499119,62,34.0,nemesisreptante,2019-03-04T08:03:09+00:00,13,107,#34 Es una forma de insultarnos sin hacer nada en realidad. De todas formas me preocupan más las medidas que tienen contra los transexuales colectivo a por el que van sin tapujos.
lgtbi,https://www.meneame.net/story/tanga-party-fiesta-gay-mas-famosa-madrid-boicotea-sala-barcelo,3091694,26499118,61,34.0,baraja,2019-03-04T08:03:08+00:00,47,326,"#34 El Tribunal Constitucional ya dijo que el matrimonio no es exclusivo de las parejas heterosexuales.

Llamar de forma diferente a algo que es igual, la unión de dos personas, es discriminación. Es meter a la religión en el Estado."
lgtbi,https://www.meneame.net/story/tanga-party-fiesta-gay-mas-famosa-madrid-boicotea-sala-barcelo,3091694,26499116,60,45.0,Ahmose_,2019-03-04T08:03:06+00:00,14,111,"#45 La pareja de hecho no tiene los mismos derechos que el matrimonio ni nunca los ha tenido, es una mentira muy extendida. La pensión de viudedad es mucho más complicada de conseguir, por poner un ejemplo."
lgtbi,https://www.meneame.net/story/tanga-party-fiesta-gay-mas-famosa-madrid-boicotea-sala-barcelo,3091694,26499115,59,48.0,daniMate,2019-03-04T08:03:01+00:00,6,50,"#48 que quieren quitar el matrimonio homosexual viene en el programa de VOX.

La homofobia la destilan los cargos del partido y la manifiestan sus simpatizantes. Solo has de preguntarles"
lgtbi,https://www.meneame.net/story/tanga-party-fiesta-gay-mas-famosa-madrid-boicotea-sala-barcelo,3091694,26499113,58,32.0,--572565--,2019-03-04T08:02:17+00:00,0,7,#32 Por que es heteropatriarcal machista y opresor
lgtbi,https://www.meneame.net/story/tanga-party-fiesta-gay-mas-famosa-madrid-boicotea-sala-barcelo,3091694,26499112,57,45.0,Mark_,2019-03-04T08:01:54+00:00,25,171,"#45 el matrimonio es, de hecho, herencia romana y tiene más que ver con motivos fiscales y censales que religiosos; de hecho el matrimonio religioso por si mismo solo tiene validez espiritual, pero no ""real"" pues necesitas ir a un juzgado tarde o temprano.

Por tanto si, VOX quiere crear dos tipos tipos de enlaces precisamente para denostar las uniones entre personas del mismo sexo y que solo sean ""los suyos"" los que puedan decir que son un matrimonio. No tiene más vuelta de hoja."
lgtbi,https://www.meneame.net/story/tanga-party-fiesta-gay-mas-famosa-madrid-boicotea-sala-barcelo,3091694,26499109,56,47.0,Ohtar,2019-03-04T08:01:11+00:00,5,51,"#47 No se trata de lo que piensa o opina un homosexual, los fachas van contra ellos por lo que son, por algo que no pueden cambiar. Yo no lo veo igual. Lo mismo que ir contra una persona por ser de un color concreto, sexo, tener alguna invalidez etc."
lgtbi,https://www.meneame.net/story/tanga-party-fiesta-gay-mas-famosa-madrid-boicotea-sala-barcelo,3091694,26499102,55,45.0,daniMate,2019-03-04T08:00:29+00:00,26,176,"#45 ¿Que? El matrimonio es una acto civil!!!!

Dos personas declaran públicamente que son pareja y se compromete delate de una comunidad. Y esa comunidad (sociedad) les otorga unos derechos como unidad social.

Los contrayentes se comprometen entre sí, a ser una pareja.
La sociedad les permite funcionar como una unidad.

No es un acto religioso.
Otra cosa es que la Iglesia se lo quiera apropiar."
lgtbi,https://www.meneame.net/story/tanga-party-fiesta-gay-mas-famosa-madrid-boicotea-sala-barcelo,3091694,26499099,54,34.0,--214483--,2019-03-04T07:59:59+00:00,15,123,"#34 {lol} {lol} {lol} claro, nos ha jodido, lo hacen por el nombre y no porque eso conlleva que no se les reconozco igual manera en la constitucion (constitucion en la que no dejan de mearse para lo que quieren, todo sea dicho. Bueno, esto es muy ejpañol). 

A, tambien esta el hecho de que no les dejen adoptar a niños, herencias o pensiones en caso de fallecer el conyugue etc"
lgtbi,https://www.meneame.net/story/tanga-party-fiesta-gay-mas-famosa-madrid-boicotea-sala-barcelo,3091694,26499098,53,34.0,Azucena1980,2019-03-04T07:59:58+00:00,66,458,"#34 Qué cachondo!!!! Y qué pardillo si te lo has creído.

Teloxplico:

Si se cambia el nombre, aparece una legislación diferenciada, y por tanto, se pueden modificar derechos, como el de adopción, herencia...

Así que no cuela."
lgtbi,https://www.meneame.net/story/tanga-party-fiesta-gay-mas-famosa-madrid-boicotea-sala-barcelo,3091694,26499092,52,27.0,stroke,2019-03-04T07:59:07+00:00,4,35,"#27 El cine español ya se boicotea el solito, no hace falta buscar conspiraciones"
lgtbi,https://www.meneame.net/story/tanga-party-fiesta-gay-mas-famosa-madrid-boicotea-sala-barcelo,3091694,26499089,51,37.0,--596736--,2019-03-04T07:58:48+00:00,17,112,"#37 Abascal: ""El matrimonio es entre un hombre y una mujer, no entre dos hombres ni entre dos mujeres. Yo de lo que soy partidario es de que haya uniones civiles entre personas del mismo sexo.""

Una unión civil es lo mismo que un matrimonio, con los mismos derechos."
lgtbi,https://www.meneame.net/story/tanga-party-fiesta-gay-mas-famosa-madrid-boicotea-sala-barcelo,3091694,26499084,50,41.0,robergafe,2019-03-04T07:58:13+00:00,0,6,#41 sigue siendo un paso atras
lgtbi,https://www.meneame.net/story/tanga-party-fiesta-gay-mas-famosa-madrid-boicotea-sala-barcelo,3091694,26499083,49,34.0,--133448--,2019-03-04T07:58:04+00:00,1,22,"#34 Tienes razón...pero. Qué sentido más allá del populismo tiene esta medida?.

Pues eso, populismo y rancio además del que somos cristianos, pero nos saltamos el mandamiento del no juzgarás cada dos por tres."
lgtbi,https://www.meneame.net/story/tanga-party-fiesta-gay-mas-famosa-madrid-boicotea-sala-barcelo,3091694,26499082,48,38.0,stroke,2019-03-04T07:57:49+00:00,2,30,#38 Puedes mostrarme un ejemplo de eso que dices o forma parte del imaginario y de que viene el lobo?
lgtbi,https://www.meneame.net/story/tanga-party-fiesta-gay-mas-famosa-madrid-boicotea-sala-barcelo,3091694,26499078,47,33.0,--586887--,2019-03-04T07:57:29+00:00,0,8,"#33 Me da igual la ideología de quien organice la fiesta.

No entiendes que los relatos identitarios no son exclusivos de nadie. Lo que piensa un facha de la sociedad y de sí mismo constituye tanto lo que es y sus derechos como lo que piensa un homosexual de la sociedad y de sí mismo."
lgtbi,https://www.meneame.net/story/tanga-party-fiesta-gay-mas-famosa-madrid-boicotea-sala-barcelo,3091694,26499077,46,5.0,Minister,2019-03-04T07:57:25+00:00,1,22,#5 Pues podría lucir tanga y torso descubierto con cierta dignidad
lgtbi,https://www.meneame.net/story/tanga-party-fiesta-gay-mas-famosa-madrid-boicotea-sala-barcelo,3091694,26499071,45,38.0,kelosepas,2019-03-04T07:56:26+00:00,25,-58,"#38 Por respeto a los sentimientos religiosos, el matrimonio es un sacramento cristiano y la pareja de hecho ya existía antes del matrimonio homosexual y tenía los mismos derechos ¿que problema hay en dar derechos a dos bandas? ¿no, porque no porque no me da la gana y punto? ¿esas son las razones de oponerse?
El resto de lo que dices son prejuicios, solo hay que ver tu primera frase ""Y vas tu y te lo crees""."
lgtbi,https://www.meneame.net/story/tanga-party-fiesta-gay-mas-famosa-madrid-boicotea-sala-barcelo,3091694,26499069,44,32.0,--127036--,2019-03-04T07:55:49+00:00,3,-3,#32 Porque las españolas son unas estrechas.
lgtbi,https://www.meneame.net/story/tanga-party-fiesta-gay-mas-famosa-madrid-boicotea-sala-barcelo,3091694,26499064,43,35.0,--586887--,2019-03-04T07:54:47+00:00,4,37,"#35 Puedes seguir intentándolo.

Como tú mismo cuentas, no boicotearon un restaurante por servir croquetas a Eva Hache, sino porque era de Eva Hache."
lgtbi,https://www.meneame.net/story/tanga-party-fiesta-gay-mas-famosa-madrid-boicotea-sala-barcelo,3091694,26499057,42,32.0,viejayeguagris,2019-03-04T07:53:27+00:00,4,36,#32 Organiza uno.
lgtbi,https://www.meneame.net/story/tanga-party-fiesta-gay-mas-famosa-madrid-boicotea-sala-barcelo,3091694,26499053,41,13.0,--51377--,2019-03-04T07:53:14+00:00,7,42,"#13 Salvo que ya se ha demostrador reiteradamente que no van a eliminar ningún derecho sino que quieren cambiar la denominación de los matrimonios homosexuales para llamarlos uniones. Se podrá estar de acuerdo o no, pero mentir ayuda poco."
lgtbi,https://www.meneame.net/story/tanga-party-fiesta-gay-mas-famosa-madrid-boicotea-sala-barcelo,3091694,26499051,40,28.0,aljayam,2019-03-04T07:52:58+00:00,2,26,#28 incluida la adopción? Pregunto...
lgtbi,https://www.meneame.net/story/tanga-party-fiesta-gay-mas-famosa-madrid-boicotea-sala-barcelo,3091694,26499049,39,24.0,lainDev,2019-03-04T07:52:43+00:00,5,45,#24 Visto lo que ha pasado en esta las salas se pensarán dos veces si acoger en su recinto a Abascal.
lgtbi,https://www.meneame.net/story/tanga-party-fiesta-gay-mas-famosa-madrid-boicotea-sala-barcelo,3091694,26499043,38,28.0,daniMate,2019-03-04T07:51:36+00:00,33,209,"#28 {lol} {lol} {lol} {ñ
Es decir, que solo quieren cambiar el nombre. Y vas tú y te lo crees 

O sea, que montan todo el discurso contra el matrimonio homosexual, lo quieren quitar como tal, y luego inventar una figura equivalente que les de los mismos derechos , que sea exactamente igual , pero solo sea diferente en el nombre.

Bien, si fuera verdad... ¿Para que quitar lo que ya hay si luego tienes que volver a crear otra vez lo mismo? ¿Para que derribar un edificio para volver a montar uno igual con otro nombre? 
Sencillo, porque van a crear tal figura.
Son homófobos, y están en contra del derecho de estas personas a formar parejas .
Y son de derecha, muy proclives a anular la libertad individual y a meterse en la vida sexual de la gente diciendo con quien debes acostarte y en qué posturas ..."
lgtbi,https://www.meneame.net/story/tanga-party-fiesta-gay-mas-famosa-madrid-boicotea-sala-barcelo,3091694,26499042,37,34.0,--37472--,2019-03-04T07:51:34+00:00,41,242,"#34 mmn no, quiere eliminar tal figura del codigo civil, eso y prohibirlo es lo mismo, y otro tanto con el aborto"
lgtbi,https://www.meneame.net/story/tanga-party-fiesta-gay-mas-famosa-madrid-boicotea-sala-barcelo,3091694,26499040,36,34.0,ja______,2019-03-04T07:50:57+00:00,27,95,#34 #28 cállate que les estropeas su discurso apocalíptico
lgtbi,https://www.meneame.net/story/tanga-party-fiesta-gay-mas-famosa-madrid-boicotea-sala-barcelo,3091694,26499035,35,23.0,--523883--,2019-03-04T07:50:10+00:00,7,72,"#23 A Eva Hache por un tuit diciendo que no iba a la ""manifestación de las banderitas de falsos patriotas""; boicoteando un restaurante que creían que era de su propiedad y al final resultó que no, información tan falsa como las razones de la manifestación.

¿Seguimos?..."
lgtbi,https://www.meneame.net/story/tanga-party-fiesta-gay-mas-famosa-madrid-boicotea-sala-barcelo,3091694,26499033,34,13.0,--596736--,2019-03-04T07:49:57+00:00,66,251,"#13 #14 No quieren prohibir que se casen, sino que se le llame matrimonio. Seguirían teniendo los mismos derechos, es una cuestión semántica."
lgtbi,https://www.meneame.net/story/tanga-party-fiesta-gay-mas-famosa-madrid-boicotea-sala-barcelo,3091694,26499027,33,12.0,Ohtar,2019-03-04T07:48:28+00:00,4,46,"#12 Una fiesta gay no es una organización de extrema izquierda, así que la comparación no es del todo exacta. Yo veo bastante más grave que una organización vaya contra lo que soy y mis derechos, que que vaya contra lo que pienso."
lgtbi,https://www.meneame.net/story/tanga-party-fiesta-gay-mas-famosa-madrid-boicotea-sala-barcelo,3091694,26499023,32,,gulfstream,2019-03-04T07:47:30+00:00,1,21,Y por qué no hay Tanga Party hetero?
lgtbi,https://www.meneame.net/story/tanga-party-fiesta-gay-mas-famosa-madrid-boicotea-sala-barcelo,3091694,26499021,31,19.0,daniMate,2019-03-04T07:47:24+00:00,18,147,"#19 tú eres libre de seguir yendo al tanga Patty cada domingo, solo que en otro lugar.
Nadie prohíbe nada. Solo cambian el sitio.

Y además es coherente.
Si a esa sala le parecen correctos los.actos homófobos.. no parece el sitio apropiado para una fiesta gay."
lgtbi,https://www.meneame.net/story/tanga-party-fiesta-gay-mas-famosa-madrid-boicotea-sala-barcelo,3091694,26499020,30,12.0,Jack_Halcyon,2019-03-04T07:46:54+00:00,11,96,#12 ¿Quién está promoviendo un boicot? ¿Porque no veo que haya peticiones a que nadie contrate con esa/s sala/s o empresarios?
lgtbi,https://www.meneame.net/story/tanga-party-fiesta-gay-mas-famosa-madrid-boicotea-sala-barcelo,3091694,26499016,29,12.0,Alkvish,2019-03-04T07:46:33+00:00,19,161,"#12 Pues bastantes veces, si. 
No sé.  Te suena un Boicot a empresas catalanas por supuestamente ser independentistas. O yo que se, que Dani Mateo perdiese patrocinadores por un chiste sobre una bandera que no gusto a cierta parte de la población."
lgtbi,https://www.meneame.net/story/tanga-party-fiesta-gay-mas-famosa-madrid-boicotea-sala-barcelo,3091694,26499014,28,25.0,--72046--,2019-03-04T07:46:17+00:00,27,-45,"#25 #22 no lo quieren quitar, quieren hacer una ley de uniones civiles y tendrian los mismos derechos e incluiria mas formas de union. Leete el programa."
lgtbi,https://www.meneame.net/story/tanga-party-fiesta-gay-mas-famosa-madrid-boicotea-sala-barcelo,3091694,26499008,27,17.0,daniMate,2019-03-04T07:45:24+00:00,7,68,"#17 por no mencionar el boicot a los grupos musicales de ""izquierdas"" o al propio cine español por ser ""de la ceja"".
#12"
lgtbi,https://www.meneame.net/story/tanga-party-fiesta-gay-mas-famosa-madrid-boicotea-sala-barcelo,3091694,26499006,26,12.0,--105855--,2019-03-04T07:45:05+00:00,11,108,#12 Estás poniendo a los homosexuales como el extremo contrario a VOX? No hay boicot de un extremo a otro. Aquí hay un boicot de parte de la sociedad a un grupo totalitario que les quiere dejar sin algunos de sus derechos.
lgtbi,https://www.meneame.net/story/tanga-party-fiesta-gay-mas-famosa-madrid-boicotea-sala-barcelo,3091694,26498997,25,14.0,daniMate,2019-03-04T07:43:25+00:00,7,74,"#14 el matrimonio por ejemplo.
A parte de la homofobia manifiesta de sus votantes y miembros destacados del partido."
lgtbi,https://www.meneame.net/story/tanga-party-fiesta-gay-mas-famosa-madrid-boicotea-sala-barcelo,3091694,26498995,24,,empanadilla.cosmica,2019-03-04T07:43:12+00:00,3,4,Pues Abascal ha ganado. Cada vez va a hacer un acto en una sala distinta. Cuando las haya usado todas entonces no podrán hacer su fiesta.
lgtbi,https://www.meneame.net/story/tanga-party-fiesta-gay-mas-famosa-madrid-boicotea-sala-barcelo,3091694,26498991,23,17.0,--586887--,2019-03-04T07:42:43+00:00,10,76,"#17 es parecido pero diferente.

No se boicotea a freixenet porque freixenet vende cava a pujol

Se boicotea a la economía catalana, porque como los independentistas afirman que España roba a cataluña está bien recordarles que lo que se paga por impuestos de sociedades en Barcelona son beneficios generados en Cáceres, Sevilla y Toledo.

No defiendo el boicot, sencillamente señaló que la causa es diferente."
lgtbi,https://www.meneame.net/story/tanga-party-fiesta-gay-mas-famosa-madrid-boicotea-sala-barcelo,3091694,26498987,22,14.0,--389808--,2019-03-04T07:41:49+00:00,19,142,"#14 ¿Te suena lo del matrimonio homosexual?

https://shangay.com/2018/12/05/santiago-abascal-sin-mascaras-vox-dice-no-al-matrimonio-gay-el-programa-de-ana-rosa/"
lgtbi,https://www.meneame.net/story/tanga-party-fiesta-gay-mas-famosa-madrid-boicotea-sala-barcelo,3091694,26498983,21,12.0,lainDev,2019-03-04T07:41:22+00:00,40,310,"#12 no están promoviendo ningún boicot, sólo han dicho que ellos no celebrarán SU fiesta ahí. Los demás pueden hacer lo que quieran."
lgtbi,https://www.meneame.net/story/tanga-party-fiesta-gay-mas-famosa-madrid-boicotea-sala-barcelo,3091694,26498981,20,12.0,Inviegno,2019-03-04T07:40:45+00:00,9,84,"#12 Pregúntale a Abascal acerca de ir al ""Salvados"", donde entrevistaron a Otegui y a Iñaki Rekarte (siendo a este último una de las mejores entrevistas que ha dado Évole, en mi opinión)."
lgtbi,https://www.meneame.net/story/tanga-party-fiesta-gay-mas-famosa-madrid-boicotea-sala-barcelo,3091694,26498980,19,,shumoreniko19,2019-03-04T07:40:35+00:00,17,61,No hay nada más progre y democrático que impedir la libertad de todos los que no piensen como nosotros.
lgtbi,https://www.meneame.net/story/tanga-party-fiesta-gay-mas-famosa-madrid-boicotea-sala-barcelo,3091694,26498979,18,,Álvaro_Díaz,2019-03-04T07:40:29+00:00,8,-30,Votemos todos a Abascal ya y rompamos nosotros de una vez con el bipartidismo a pesar de la ley D'Hont que lo favorece
lgtbi,https://www.meneame.net/story/tanga-party-fiesta-gay-mas-famosa-madrid-boicotea-sala-barcelo,3091694,26498972,17,12.0,dirok,2019-03-04T07:38:57+00:00,28,204,"#12 Pues claro, con la gilipollez del boikot a los productos catalanes tienes ejemplos a patadas."
lgtbi,https://www.meneame.net/story/tanga-party-fiesta-gay-mas-famosa-madrid-boicotea-sala-barcelo,3091694,26498935,16,11.0,nemesisreptante,2019-03-04T07:31:51+00:00,2,7,"#11 Igual eso les ponía y alguno acabó chupando las paredes, vete a saber."
lgtbi,https://www.meneame.net/story/tanga-party-fiesta-gay-mas-famosa-madrid-boicotea-sala-barcelo,3091694,26498922,15,11.0,--419859--,2019-03-04T07:29:35+00:00,2,27,#11 Seguro que algún amigo les mencionó el lugar. {grin}
lgtbi,https://www.meneame.net/story/tanga-party-fiesta-gay-mas-famosa-madrid-boicotea-sala-barcelo,3091694,26498917,14,2.0,Acuantavese,2019-03-04T07:29:01+00:00,15,20,#2 Que derechos quieren quitar?
lgtbi,https://www.meneame.net/story/tanga-party-fiesta-gay-mas-famosa-madrid-boicotea-sala-barcelo,3091694,26498910,13,1.0,--419859--,2019-03-04T07:28:00+00:00,64,497,"#1 Me he reído más con ""su sorpresa ante la actitud ""totalitaria de este colectivo"""" , dicho por un partido que quiere eliminar derechos, como el de matrimonio, a dicho colectivo."
lgtbi,https://www.meneame.net/story/tanga-party-fiesta-gay-mas-famosa-madrid-boicotea-sala-barcelo,3091694,26498875,12,,--586887--,2019-03-04T07:23:12+00:00,23,121,"¿Imagináis que una organización de extrema derecha promoviese un boicot contra una empresa privada por el solo hecho de haber atendido a una organización de extrema izquierda bajo la excusa de que las ideas de esta última son contrarias a los derechos que defiende aquella otra?

¿Ha pasado alguna vez?"
lgtbi,https://www.meneame.net/story/tanga-party-fiesta-gay-mas-famosa-madrid-boicotea-sala-barcelo,3091694,26498816,11,,--23339--,2019-03-04T07:08:50+00:00,10,97,Ultraderechistas que no les importa ir a un lugar donde hacen fiestas gays.
lgtbi,https://www.meneame.net/story/tanga-party-fiesta-gay-mas-famosa-madrid-boicotea-sala-barcelo,3091694,26498776,10,9.0,aestribor,2019-03-04T06:54:36+00:00,9,86,#9 ¿Cuándo un grupo de izquierda radical celebre un acto en unas céntricas y caras instalaciones del centro de Madrid? {troll}
lgtbi,https://www.meneame.net/story/tanga-party-fiesta-gay-mas-famosa-madrid-boicotea-sala-barcelo,3091694,26498738,9,,--173957--,2019-03-04T06:40:02+00:00,14,124,Me parece de puta madre. Espero que nadie se queje cuando suceda al revés.
lgtbi,https://www.meneame.net/story/tanga-party-fiesta-gay-mas-famosa-madrid-boicotea-sala-barcelo,3091694,26498713,8,,El_Ogro_Ñes,2019-03-04T06:25:08+00:00,8,76,"""los que sólo saben funcionar como una mafia para coartar la libertad de empresa y las libertades políticas"".

Ahí, arreglándolo."
lgtbi,https://www.meneame.net/story/tanga-party-fiesta-gay-mas-famosa-madrid-boicotea-sala-barcelo,3091694,26498710,7,,Priorat,2019-03-04T06:24:02+00:00,4,50,Es el mercado... ¿o estamos en contra del mercado?
lgtbi,https://www.meneame.net/story/tanga-party-fiesta-gay-mas-famosa-madrid-boicotea-sala-barcelo,3091694,26498595,6,,--424445--,2019-03-04T05:30:08+00:00,6,84,"Esto es spam de Vox,  porque si no no lo entiendo, tanto hablar de Abascal para temas tan irrelevantes."
lgtbi,https://www.meneame.net/story/tanga-party-fiesta-gay-mas-famosa-madrid-boicotea-sala-barcelo,3091694,26498593,5,4.0,Socavador,2019-03-04T05:28:56+00:00,2,33,"#4 ¡¡¡Oh, venga, no seas cabrón, no nos hagas imaginarte en tanga!!!"
lgtbi,https://www.meneame.net/story/tanga-party-fiesta-gay-mas-famosa-madrid-boicotea-sala-barcelo,3091694,26498585,4,,Minister,2019-03-04T05:08:35+00:00,5,59,"O conmigo o contra mí, en tanga."
lgtbi,https://www.meneame.net/story/tanga-party-fiesta-gay-mas-famosa-madrid-boicotea-sala-barcelo,3091694,26498577,3,,box3d,2019-03-04T04:54:06+00:00,8,76,Son libres de irse
lgtbi,https://www.meneame.net/story/tanga-party-fiesta-gay-mas-famosa-madrid-boicotea-sala-barcelo,3091694,26498574,2,,--214483--,2019-03-04T04:47:04+00:00,65,482,"su fiesta sus normas. Me parece no obstante coherente. A ver, es cierto que ha dia de hoy no esta demostrado que la caspa sea contagiosa, pero yo no correria riesgos de ir a ese local. 

Ahora hablando en serio, me parece lo mas sensato y correcto, que un colectivo que vea que se quieren follar sus derechos se intente defender y se desmarque. Ya va siendo hora de que tomen partido, los derechos no se regalan, se consiguen y se defienden para mantenerlos, no me es asumible que una persona homosexual les baile al agua a Vox, PP o CS"
lgtbi,https://www.meneame.net/story/tanga-party-fiesta-gay-mas-famosa-madrid-boicotea-sala-barcelo,3091694,26498570,1,,--273305--,2019-03-04T04:40:08+00:00,31,242,"De "" yo soy amigo de Felipe González ""  pasamos a .... ""Mira, yo soy sobrino de Felipe González"" , explicaba Pablo Trapote a este periódico, ""no tiene sentido que me señalen como ultraderechista "" {lol}  {lol} {lol} 

Anda y que le den concurso   {cheesy}"
