tema,url_meneame,id_noticia_meneame,id_comentario,numero_comentario,responde_a_numero,usuario,fecha_comentario_utc,votos,karma,texto
lgtbi,https://www.meneame.net/story/vox-despliega-lona-madrid-contra-feminismo-movimiento-lgtbiq,3825434,38792787,413,152.0,--731452--,2023-07-08T15:28:43+00:00,0,8,"#152 La Agenda 2030 es lo mejor que le ha pasado a la humanidad en mucho tiempo.
Te recuerdo lo que es la agenda 2030 de la ONU:
https://www.un.org/sustainabledevelopment/es/development-agenda/
Que se acabe el hambre en el mundo, que haya vivienda, que todo el mundo tenga un trabajo y unos ingresos decentes, que haya educación y sanidad de calidad., que haya industria, que la gente gane lo suficiente y no una miseria, que se abra el grifo y salga agua que puedas beber (y pagar), que uno pueda disfrutar de la naturaleza, que el mar no sea un vertedero,...

Ojalá se instaure pronto en todo el mundo proque la necesitamos. Sobre todo los que somos pobres."
lgtbi,https://www.meneame.net/story/vox-despliega-lona-madrid-contra-feminismo-movimiento-lgtbiq,3825434,38707697,412,411.0,--731452--,2023-06-26T20:23:59+00:00,0,6,"#411 No, hombre, no. Digo lo contrario, que te ofendes tú solo pensando cosas que no son ciertas.
Ni yo soy comunista, ni la Agenca 2030 es para controlarte el dicnero que tienes en el bolsillo. La Agenda 2030 no dice nada de eso.
¿ No te has leído el enlace que te puse ?"
lgtbi,https://www.meneame.net/story/vox-despliega-lona-madrid-contra-feminismo-movimiento-lgtbiq,3825434,38700066,411,410.0,motoleon,2023-06-25T22:12:04+00:00,0,6,#410 Solo ofende quien puede y no kien kiere. Tipica respuesta cuando no hay argumentos. En fín.
lgtbi,https://www.meneame.net/story/vox-despliega-lona-madrid-contra-feminismo-movimiento-lgtbiq,3825434,38693570,410,409.0,--731452--,2023-06-24T20:12:12+00:00,0,7,"#409 No me gusta el tufo comunista Jajajjajajajajajaj
Jajjajajajajjajajajaj
jajajajajajajjajajaj
jajajajajajajajajaja
Ains, qué momentos.
Nadie te pide sacrificar nada, no seas ofendidito."
lgtbi,https://www.meneame.net/story/vox-despliega-lona-madrid-contra-feminismo-movimiento-lgtbiq,3825434,38693156,409,408.0,motoleon,2023-06-24T18:52:46+00:00,0,6,"#408 No me gusta el tufo comunista que suelta eso que dices. Me suena a mundo idilico (Fin del hambre, industria, innovación, paz y justicia sólidas, reducción de las desigualdades, crecimiento económico), sueños inalcanzables sin sacrificar LAS LIBERTADES de cada individuo...Mira, por ejemplo, lo que quieren hacer con el Euro digital (CBDC)...todo control. Agenda 2030."
lgtbi,https://www.meneame.net/story/vox-despliega-lona-madrid-contra-feminismo-movimiento-lgtbiq,3825434,38682290,408,407.0,--731452--,2023-06-23T09:56:24+00:00,0,7,"#407 Son invenciones tuyas nuevamente o cosas que has leído en los canales de desinformaión de los bulos de la extrema derecha. La ONU no te va a decir que tienes que comer. No sé como te han podiodo colar una subnormalidad así.
Esto es la agenda 2030, si quieres leer:
https://www.un.org/sustainabledevelopment/es/development-agenda/
Fin del hambre, industria, innovación, paz y justicia sólidas, reducción de las desigualdades, crecimiento económico,...
¿ Quién puede estar en contra ? Pues en contra de la sanidad, quien no quiera una sanidad universal para todo el mundo y prefiera que sea de pago para ser ricos ellos con el negocio que hagan. En contra de la educación de calidad, quien quiera una calidad de educación mala en general y que haya que pagar un pastón cuando se quiera algo más. En contra de las ciudades en las que se pueda vivir confortáblemente, los especuladores urbanos. En contra de que se pueda beber siempre agua del grifo y que el agua corriente sea barata, los que quieren hacer negocio con el agua, Etc.
No sé qué haces extendiendo bulos. Deberías dedicar diez minutos a ver en qué consiste,. no vaya a ser que extiendas un bulo, la gente vote algo en función de eso y al final te fastidien a ti, porque te quiten, por ejemplo, la sanidad universal o cualquiera de esos puntos que ahí aparecen."
lgtbi,https://www.meneame.net/story/vox-despliega-lona-madrid-contra-feminismo-movimiento-lgtbiq,3825434,38679953,407,365.0,motoleon,2023-06-22T22:58:16+00:00,0,6,"#365 No comas carne, no tengas coche, no viajes, no te muevas de tu casa, no aspires a nada, vive del estado, se un parasito del estado y hazte dependiente de él para que te controle en todo...eso es la agenda 2030...sigo?"
lgtbi,https://www.meneame.net/story/vox-despliega-lona-madrid-contra-feminismo-movimiento-lgtbiq,3825434,38679950,406,361.0,motoleon,2023-06-22T22:56:01+00:00,0,6,#361 Eso es precisamente lo que quita el comunismo: la libertad individual. Abre los ojos.
lgtbi,https://www.meneame.net/story/vox-despliega-lona-madrid-contra-feminismo-movimiento-lgtbiq,3825434,38673443,405,404.0,Sergio_ftv,2023-06-22T07:46:10+00:00,0,17,"#404 Vaya, ahora sacas el comodín del falso victimismo. Te puse varios argumentos que demuestran que el ministerio de igualdad no va en contra de los hombres ni en contra de nadie y tu no solo no dices nada al respecto sino que te haces la falsa víctima. Además no me dirigí a ti directamente, sino a todo aquel que piensa que se dictan leyes anticonstitucionales por ir en contra de los hombres sin que hayan sentencias que confirmen tal acusación, Si cuando gobernaba la derecha y la ley viogen estaba vigente y sin sufrir modificaciones estabas calladito y ahora ante eso mismo se te saltan las venas del cogote, está claro lo que sufres y más cuando te has sentido muy aludido y has sacado las cartas del falso victimismo y de la llantina por no saber que decir ante lo evidente. Mírate tus graves problemas antes de buscar en los demás."
lgtbi,https://www.meneame.net/story/vox-despliega-lona-madrid-contra-feminismo-movimiento-lgtbiq,3825434,38671934,404,401.0,Nekmo,2023-06-21T21:19:48+00:00,0,9,"#401 si alguien no piensa como tú, está adoctrinado. Con esa forma de pensamiento es difícil que la izquierda atraiga votos hacia su bando de entre los indecisos. Y mira que no soy precisamente un votante de derechas, pero ese razonamiento sólo me confirma el problema de la izquierda actual."
lgtbi,https://www.meneame.net/story/vox-despliega-lona-madrid-contra-feminismo-movimiento-lgtbiq,3825434,38669531,403,402.0,Sergio_ftv,2023-06-21T15:10:45+00:00,0,17,"#402 Que hayas leído este mensaje significa dos cosas, que con toda seguridad funcionas a base de clones y esto, unido a tus comentarios anteriores, que el complejo de inferioridad que sufres es extremadamente grave. Que te sea leve, con el complejo y con el adoctrinamiento que te lo provoca."
lgtbi,https://www.meneame.net/story/vox-despliega-lona-madrid-contra-feminismo-movimiento-lgtbiq,3825434,38668434,402,401.0,KoLoRo,2023-06-21T12:34:57+00:00,0,7,"#401 Creo que el que está adoctrinado vas a ser tú. 

Pero cada cual su punto de vista."
lgtbi,https://www.meneame.net/story/vox-despliega-lona-madrid-contra-feminismo-movimiento-lgtbiq,3825434,38667983,401,400.0,Sergio_ftv,2023-06-21T11:40:14+00:00,0,17,"#400 Hay que estar muy adoctrinado para pensar que cualquier ministerio o cualquier otra administración vaya en contra de un colectivo de manera generalizada, entre otras cosas porque eso sería anticonstitucional y hay un TC conservador y unos partidos deseosos de interponer recursos contra leyes anticonstitucionales. Lo dicho, lo tenéis muy difícil pero eso, que no adjetivo para evitar strike, se quita estudiando, leyendo, conviviendo y viajando. Te recuerdo que la actual ley anti viogen fue aprobada en, creo, 2006, la derecha no modificó ni una coma en todos los años que gobernó, pasó el filtro del constitucional y solo ha habido polémica cuando no gobierna la derecha porque durante ese tiempo, repito, la ley era la misma pero estábais calladitos."
lgtbi,https://www.meneame.net/story/vox-despliega-lona-madrid-contra-feminismo-movimiento-lgtbiq,3825434,38667609,400,70.0,Nekmo,2023-06-21T11:04:43+00:00,0,9,"#70 #63 sin querer entrar en controversia, tu argumento no demuestra que el ministerio no vaya en contra de los hombres.

Que una ley no vaya en contra de los hombres, no significa que no tenga otras leyes que les perjudique o les ponga en inferioridad. No es un argumento válido.

Además, la ley que indicas tiene como principal motivación evitar que los empresarios contraten hombres por encima de mujeres por tener derecho a menos días de baja. Es una ley que les beneficia pero de forma indirecta. Ni siquiera está motivada por lo que parece normal: un padre tiene tanto derecho a ver a su hijo como su madre."
lgtbi,https://www.meneame.net/story/vox-despliega-lona-madrid-contra-feminismo-movimiento-lgtbiq,3825434,38667138,399,,BlackDog,2023-06-21T10:06:30+00:00,0,6,"Manda cojones, vienes diciendo ""Esta gente si pudiera, haría campos de concentración para odiar y asesinar a quienes no les gustan. Ya lo hicieron en el pasado."" insultando y faltando al respeto a 5 millones de personas y ahora me vienes ofendido porque te respondo en tu misma linea? jajajajja cristalwarrior nivel 100"
lgtbi,https://www.meneame.net/story/vox-despliega-lona-madrid-contra-feminismo-movimiento-lgtbiq,3825434,38663632,398,344.0,Alexenvalencia,2023-06-20T20:22:17+00:00,0,6,#344 saca el paraguas
lgtbi,https://www.meneame.net/story/vox-despliega-lona-madrid-contra-feminismo-movimiento-lgtbiq,3825434,38662962,397,381.0,listillo,2023-06-20T18:42:58+00:00,0,7,"#381 Ahora si que te reporto por insultos y estás faltándome al respeto en lo más profundo de mi ser. El anonimato de internet te protege, cobarde. Dudo que te atrevas a decirle algo así a nadie en la cara y menos a alguien que no conoces y al que juzgas de una manera tan vil y alejada de la realidad, que me dan ganas de vomitar. Ojalá la vida te sonría de algún modo en el futuro, porque estás ciego y confundido."
lgtbi,https://www.meneame.net/story/vox-despliega-lona-madrid-contra-feminismo-movimiento-lgtbiq,3825434,38662244,396,395.0,Varlak,2023-06-20T16:46:39+00:00,0,11,"#395 ""mi concepto de la igualdad es que decir ""negro de mierda"" o ""blanco de mierda"" tiene que tener la misma pena. Si por cada ""blanco de mierda"", se dicen 1000 ""negros de mierda"", entonces hay 1000 multas destinadas a proteger a un colectivo, y 1 multa destinada a proteger a otro.""
Si eso lo entiendo, y si lo miras de forma superficial tiene sentido, pero me reconocerás que decir ""los negros son unos delincuentes"" no tiene las mismas consecuencias que decir ""los blancos son unos delincuentes"" ¿No? Por ponerte un ejemplo exagerado de lo que te estoy diciendo, desenchufar una máquina de palomitas en un cine está mal y desenchufar un respirador en un hostpital está mal, ambos actos consisten en colarse en un sitio y tirar de un cable, pero no son lo mismo ni deben tener la misma pena ¿No crees? 

""Artículo 14 de la Constitución española: “los españoles son iguales ante la ley, sin que pueda prevalecer discriminación alguna por razón de nacimiento, raza, sexo, religión, opinión o cualquier otra condición o circunstancia personal o social”.""
Si, claro, pero es que insisto en que hacer como que una discriminación existe no hace que deje de existir. Yo estoy 100% de acuerdo con ese derecho, pero ambos somos conscientes de que a veces dos derechos chocan entre ellos, el tribunal supremo y el constitucional (que no son precisamente feminazis) estuvieron de acuerdo en que efectivamente es muy importante el derecho de la igualdad ante la ley, pero es más importante aún el derecho a la vida y dado que la violencia machista si discrimina por género, para garantizar el derecho a la vida la ley debía olvidarse del derecho de la igualdad ante la ley. Todos estamos de acuerdo en que no es lo mismo que un niño golpee a su padre que que un padre golpee a su niño, ahí hay una clara discriminación por razon de edad en la que la ley no es igual para todos pero todo el mundo entiende que la protección real del debil es más importante que la igualdad teórica ante la ley, una vez aceptado que en ciertas relaciones personales en un contexto machista hay mujeres cuya vida está en peligro (y eso no lo voy a discutir, es la conclusión que dan los datos) es lógico que la ley, en ciertas circunstancias, le de especial protección. 
¿Que a veces hay hombres inocentes que van a dormir un par de noches en el cuartelillo? Pues si, y es una putada y hay que intentar minimizarlo, pero prefiero dormir en el cuartelillo un par de noches si eso va a evitar asesinatos machistas. 

""El enemigo publico numero 1 de VOX es el tema candente de actualidad del momento. Hace meses que no oigo nada de los menas, ahora estan dando la matraca con la Ideologia de Genero, al menos eso percibo en meneame. No tengo otras fuentes""
Antes cuando no tenían a los medios de su lado se metían con el debil, ahora que los medios han ido a saco contra irene montero se meten con montero. Lo que yo digo, solo se enfrentan al débil. 

""Respecto al PSOE. Tampoco me hace mucha gracia votarles. La VioGen me da una de cal y otra de arena. Por un lado, entiendo que ayuda a cierta gente, por otro, a mi me ha jodido vivo en lo personal. Mi madre denuncio a mi padre por maltrato a mediados de los 2000 con esta ley cuando se divorciaron, e intento que yo fuese a declarar agresiones que yo nunca vi que pasasen. De hecho, a mi la que me zurraba era mi madre, mi padre nunca me ha puesto la mano encima, y su mujer actual dice lo mismo. Asi que no les tengo cariño precisamente""
Siento muchísimo leer eso, la gente que abusa de la ley me parece lo peor, yo tuve la suerte de que en el divorcio de mis padres nos dejaron al margen, que teniendo 13 años lo contrario hubiese sido más duro aún que lo que és. Y entiendo perfectamente que el PSOE no te haga mucha gracia, pero joder, que los de Vox han puesto a un torero de Consejero de cultura, es que yo no entiendo nada, al menos la gente de la izquierda es gente seria y éstos 4 años han hecho muy bien su trabajo. Otra cosa es que su trabajo incluyese más medidas feministas de las que te gustaría, que es algo que entiendo y respeto, pero es que ese era el trabajo de podemos, para eso les votamos, al menos son un partido que no ha robado ni ha engañado nunca a nadie, siempre han ido de cara (y de hecho esa ha sido en gran parte su perdición), no se en serio, a mi Yolanda (a pesar de que no me fío al 100% de ella) me parece sinceramente la mejor candidata a la presidencia desde Anguita, solo que Anguita nunca tuvo ni un 10% de su carisma ni un 10% de sus opciones (aunque tuviese otras virtudes)"
lgtbi,https://www.meneame.net/story/vox-despliega-lona-madrid-contra-feminismo-movimiento-lgtbiq,3825434,38662129,395,379.0,--720785--,2023-06-20T16:32:19+00:00,0,7,"#379 mi concepto de la igualdad es que decir ""negro de mierda"" o ""blanco de mierda"" tiene que tener la misma pena. Si por cada ""blanco de mierda"", se dicen 1000 ""negros de mierda"", entonces hay 1000 multas destinadas a proteger a un colectivo, y 1 multa destinada a proteger a otro. Artículo 14 de la Constitución española: “los españoles son iguales ante la ley, sin que pueda prevalecer discriminación alguna por razón de nacimiento, raza, sexo, religión, opinión o cualquier otra condición o circunstancia personal o social”. Al menos es la igualdad que yo entiendo en este articulo. Si castigas un insulto pero no castigas el otro ""porque la discriminacion no es real"", ya estas discriminando tu mismo.

El enemigo publico numero 1 de VOX es el tema candente de actualidad del momento. Hace meses que no oigo nada de los menas, ahora estan dando la matraca con la Ideologia de Genero, al menos eso percibo en meneame. No tengo otras fuentes.

Respecto al PSOE. Tampoco me hace mucha gracia votarles. La VioGen me da una de cal y otra de arena. Por un lado, entiendo que ayuda a cierta gente, por otro, a mi me ha jodido vivo en lo personal. Mi madre denuncio a mi padre por maltrato a mediados de los 2000 con esta ley cuando se divorciaron, e intento que yo fuese a declarar agresiones que yo nunca vi que pasasen. De hecho, a mi la que me zurraba era mi madre, mi padre nunca me ha puesto la mano encima, y su mujer actual dice lo mismo. Asi que no les tengo cariño precisamente"
lgtbi,https://www.meneame.net/story/vox-despliega-lona-madrid-contra-feminismo-movimiento-lgtbiq,3825434,38661233,394,393.0,ochoceros,2023-06-20T14:55:37+00:00,0,15,"#393 Me parece que en su día esos militares no decían ""vamos al pueblo X, cogemos a pepe fernández, a josé lópez y a juan pérez y les damos un tiro en la sien derecha para luego enterrarles en una fosa de 2 metros de profundidad a 100 metros de la salida del pueblo"". Decían ""vamos al pueblo X y fusilamos a unos cuantos hijos de puta"".

Para el caso, dijesen como lo que dijesen no importa, lo que importa es el quién. Si el rey propone dar un golpe de estado como el 23-F siendo el jefe del estado y máxima autoridad de los ejércitos españoles, pues sí que sería más preocupante que si lo digo yo. Al igual que si se lo proponen a él sus subordinados y no hace nada punitivo al respecto tampoco habla muy bien de él como sostén de la democracia."
lgtbi,https://www.meneame.net/story/vox-despliega-lona-madrid-contra-feminismo-movimiento-lgtbiq,3825434,38661154,393,392.0,BlackDog,2023-06-20T14:45:52+00:00,0,6,"#392 Hay una gran diferencia entre ""le pondría una bomba debajo del váter"" en un chat de amigos a "" el viernes a las 6 Iñaki y Txapone  vais a la calle Matías que sale de cenar y le cogéis, os lo lleváis al campo de alado del Lidel y le metéis dos tiros en la cabeza""

Vamos estamos hablado de planear un delito con comentarios random"
lgtbi,https://www.meneame.net/story/vox-despliega-lona-madrid-contra-feminismo-movimiento-lgtbiq,3825434,38661074,392,391.0,ochoceros,2023-06-20T14:36:07+00:00,0,15,"#391 Sigues sin ver el elefante en la habitación. ¿Conoces el dicho de ""no ofende quien quiere si no quien puede""? Pues en este caso que un cuñado de barra de bar, ciego a sol y sombras se saque el palillo de la boca para hacer una amenaza de muerte. Pues a nadie le va ni le viene, pero que dichas amenazas salgan de alguien que ya lo ha hecho muchas veces es harina de otro costal.

Para que lo entiendas, imagina que en un chat de grupo de José Antonio López Ruiz, Domingo Troitiño Arranz, Inés del Río, Santiago Arrospide Sarasola, Iñaki de Juana Chaos, Txapote, etc... se hablase de poner unas bombas en los coches de algún político, así como pegar unos tiros en la cabeza a unos cuantos guardias civiles... ¿les tomarías en serio o te echarías unas risas por la gracia que te haría? Y eso que estos ya fueron perseguidos, juzgados y condenados, que imagina si encima lo dijesen sabiéndose impunes."
lgtbi,https://www.meneame.net/story/vox-despliega-lona-madrid-contra-feminismo-movimiento-lgtbiq,3825434,38660907,391,389.0,BlackDog,2023-06-20T14:17:28+00:00,0,6,"#389 Si tuvieses varias condenas por violación a profesoras de ingle (sic), me daría miedo verte poner eso. Vale, en los caso de que hablamos quien esta condenado? Pero si hubieses violado impunemente a ni se sabe cuántas profesoras de ingle (sic), te hubieses ido de rositas ante la justicia sin posibilidad de que te juzguen ni teniendo evidencias, y ahora pusieses eso, realmente estaría muy acojonado porque ese comportamiento es justo lo que define a un psicópata. Lo mismo digo, estas diciendo que pablo iglesias azoto hasta sangrar a mas de una mujer y salió de rositas por la justicia porque estaba aforado? es un psicópata?"
lgtbi,https://www.meneame.net/story/vox-despliega-lona-madrid-contra-feminismo-movimiento-lgtbiq,3825434,38660906,390,,Blanquit0,2023-06-20T14:17:08+00:00,0,8,"Mejor me ahorro los calificativos sobre tu fanatismo, total....

#364 Me cuelgo de mi comentario, que a alguno le ha picado la verdad. {troll} {troll} {troll} {troll} {troll} {troll}"
lgtbi,https://www.meneame.net/story/vox-despliega-lona-madrid-contra-feminismo-movimiento-lgtbiq,3825434,38660823,389,388.0,ochoceros,2023-06-20T14:08:10+00:00,0,15,"#388 Si tuvieses varias condenas por violación a profesoras de ingle (sic), me daría miedo verte poner eso.

Pero si hubieses violado impunemente a ni se sabe cuántas profesoras de ingle (sic), te hubieses ido de rositas ante la justicia sin posibilidad de que te juzguen ni teniendo evidencias, y ahora pusieses eso, realmente estaría muy acojonado porque ese comportamiento es justo lo que define a un psicópata."
lgtbi,https://www.meneame.net/story/vox-despliega-lona-madrid-contra-feminismo-movimiento-lgtbiq,3825434,38660743,388,387.0,BlackDog,2023-06-20T13:35:00+00:00,0,6,"#387 Pues no estoy de acuerdo, en ambos casos son comentarios en un chat privado con gente de confianza que no reafirman un a amenaza real de sus comentarios.

Vamos que si yo digo en un grupo de WhatsApp que cogería a mi profesora de ingle y la pondría a cuatro patas nadie puede meterme en la cárcel por intento de violación"
lgtbi,https://www.meneame.net/story/vox-despliega-lona-madrid-contra-feminismo-movimiento-lgtbiq,3825434,38660672,387,386.0,ochoceros,2023-06-20T13:23:47+00:00,0,15,#386 Ya te he respondido en #383 que sería lo justo. Sobre todo si el coletas tuviese antecedentes de violencia.
lgtbi,https://www.meneame.net/story/vox-despliega-lona-madrid-contra-feminismo-movimiento-lgtbiq,3825434,38660577,386,385.0,BlackDog,2023-06-20T13:13:57+00:00,0,6,"#385 Bueno, pues yo tampoco estoy tan seguro de que mañana Pablo Iglesias coja a una mujer y la azote hasta hacerla sangrar por criticarle... tendremos que mandar a los dos a la cárcel no?"
lgtbi,https://www.meneame.net/story/vox-despliega-lona-madrid-contra-feminismo-movimiento-lgtbiq,3825434,38660555,385,384.0,ochoceros,2023-06-20T13:11:19+00:00,0,15,"#384 ""...ni este militar quiere matar a 26 millones de españoles..."" Yo no estaría tan seguro, seguro que lo intentaría hasta la extenuación. Y si fuese pulsando un botón ni se lo pensaría. En su bagaje esos militares cuentan con servicio en activo durante la dictadura, alguno puede que hasta durante la guerra, y durante toda la dictadura se estuvo asesinando a gente por parte del régimen y sus FFCCSE. E impunemente; nunca fueron juzgados por ello ni tuvieron que pagar por ninguno de esos crímenes ni han mostrado arrepentimiento alguno jamás.

Como dice el refrán: El que la hace la repite."
lgtbi,https://www.meneame.net/story/vox-despliega-lona-madrid-contra-feminismo-movimiento-lgtbiq,3825434,38660505,384,383.0,BlackDog,2023-06-20T13:04:50+00:00,0,6,"#383 Si no recuerdo mal, lo de fusilar a 26 millones de hijos deputa fue sacado de un chat privado de militares retirados, al igual que el comentario de pablo iglesias, lo que quiero decir es que lo que se dice en un chat privado no puede ser tomado enserio generalmente, ni este militar quiere matar a 26 millones de españoles, ni pablo iglesias quería azotar a Marilo hasta hacerla sangrar... Si te tomas los comentarios de chats privados enserio nos faltarían cárceles"
lgtbi,https://www.meneame.net/story/vox-despliega-lona-madrid-contra-feminismo-movimiento-lgtbiq,3825434,38660434,383,382.0,ochoceros,2023-06-20T12:57:51+00:00,0,15,#382 Sería lo justo. Lo que no es de recibo es que la jefatura del estado y máxima autoridad de los ejércitos se pusiese de perfil ante lo de fusilar a 26 millones de hijos de puta. Luego montan un referéndum los catalanes y mira cómo se puso.
lgtbi,https://www.meneame.net/story/vox-despliega-lona-madrid-contra-feminismo-movimiento-lgtbiq,3825434,38660317,382,371.0,BlackDog,2023-06-20T12:48:32+00:00,0,6,"#371 Bueno, pues que manden a la cárcel a Pablo Iglesias por exigir meter una paliza hasta hacer sangrar a una periodista"
lgtbi,https://www.meneame.net/story/vox-despliega-lona-madrid-contra-feminismo-movimiento-lgtbiq,3825434,38660272,381,375.0,BlackDog,2023-06-20T12:44:24+00:00,0,6,"#375 Ya se que no quieres hablar conmigo, tú eres de los que me pegaría un tiro en la nuca no?  {lol} {lol}"
lgtbi,https://www.meneame.net/story/vox-despliega-lona-madrid-contra-feminismo-movimiento-lgtbiq,3825434,38659966,380,369.0,Blackmoon,2023-06-20T12:12:57+00:00,0,7,"#369 Eso es lo que quieres interpretar, no lo que yo he dicho."
lgtbi,https://www.meneame.net/story/vox-despliega-lona-madrid-contra-feminismo-movimiento-lgtbiq,3825434,38659179,379,378.0,Varlak,2023-06-20T10:55:28+00:00,0,11,"#378 ""para mi si un comentario no es apropiado para el colectivo homosexual por fomentar el odio, tampoco es apropiado para el colectivo hetero por lo mismo""
Yo antes pensaba igual pero con los años descubrí que no es así. Si yo digo ""todos los blancos son unos vagos y unos delincuentes"" por supuesto que es algo racista y que está feo, pero tiene 0 consecuencias negativas hacia nadie, en cambio si digo ""todos los gitanos son unos vagos y unos delincuentes"" parece que es la misma situación pero no es cierto, porque en ese caso estaría fomentando y profundizando unos estereotipos que generan opresiones reales a gente real. Con esto no intento atacar a nadie, pero la derecha tiene un concepto de igualdad basado en la igualdad teórica, sobre el papel, ignorando que no es lo mismo insultar a los hetero o al colectivo lgtbi por lo mismo que no es igual si tú insultas a tu jefe o si tu jefe te insulta a ti, por ejemplo. La sociedad es desigual, e ignorar dichas desigualdades y hacer como si no existiesen lo que hacen es perpetuarlas. Ojalá todo se solucionase diciendo ""por ley todo el mundo es igual"", pero es que no funciona así. 
Así que no, para mí (y para la sociología moderna) no es igual si te metes con los blancos, los cis o los ricos que si te metes con los gitanos, los trans o los pobres, porque las consecuencias no son las mismas. Y te lo digo yo, que soy blanco, cis y tengo un trabajo mejor que el del 90% de la gente, te lo digo porque es cierto, no porque me beneficie en nada. Y aquí volvemos al principio de la conversación, a mi me afecta relativamente poco que gane Vox o Sumar, yo tengo una serie de privilegios que hacen que no haya mucha diferencia, pero conozco gente trans, conozco gente sin papeles, conozco mucha gente que cobra el smi o que nunca ha tenido un contrato fijo (y gracias si tienen contrato) y simplemente no puedo dejar que gobierne un partido que literalmente elije atacar a los más débiles y cuánto más débiles mejor, Vox es un partido de matones de colegio, si no ¿Como te explicas que su enemigo público número 1 sean los menas? ¿En serio te parece normal que un partido político elija como adversario a menores sin padres, sin futuro, a menudo sin saber el idioma, etc? Vox elige como enemigo a los menas porque literalmente es el colectivo de éste país que tiene menos posibilidades de defenderse, por eso eligen también a los trans, los simpapeles, los okupas, etc... y por eso dejaron de estar abiertamente en contra de los homosexuales o los judios, que esos si se pueden pagar un abogado. Son una panda de tarados matones, y sinceramente no quiero que esa gente tenga acceso al ministerio de interior, por ejemplo, ya viví los 90 y principios de los 2000 con la plaga de nazis con apoyo policial y no quiero que se repita, aunque a mí no me van a hacer nada, a todos los débiles y oprimidos del país les va a cambiar literalmente la vida en éstas elecciones, y prefiero que sea para bien.

De todas formas, insisto, si lo que te da miedo es el feminismo de última ola, el PSOE tiene una buena colección de feministas tradicionales, Carmen Calvo se comió una multa votando en contra de la ley trans rompiendo la disciplina de partido, y ten claro que Calvo ahora que desapareció podemos es quien lleva la voz cantante en el feminismo en la izquierda. Entiendo que no quieras votar a sumar por miedo a que podemos no haya desaparecido del todo ¿Te has planteado votar al PSOE? Al final daría votos al bloque izquierdo pero el PSOE es quien frenó a Unidas podemos en sus locuras más locas."
lgtbi,https://www.meneame.net/story/vox-despliega-lona-madrid-contra-feminismo-movimiento-lgtbiq,3825434,38658942,378,374.0,--720785--,2023-06-20T10:34:04+00:00,1,18,"#374 para mi si un comentario no es apropiado para el colectivo homosexual por fomentar el odio, tampoco es apropiado para el colectivo hetero por lo mismo.

La izquierda tiene facciones. Hay facciones mas razonables que otras por supuesto, pero no estoy dispuesto a apostar para que gane la faccion ""buena"". Si hay suerte, ganan unos colectivos y yo no pierdo nada, y si hay mala suerte, ganan unos colectivos y pierdo yo.

No estoy justificando los ataques injustificados a Podemos. Si bajas al ring a dar, bajas al ring a recibir. Valles, Ana Rosa, Inda y Jorge Javier, estan en la arena dando batalla. Wyoming y sobretodo Pablo Motos, hacen entretenimiento. Que Motos no le hizo una entrevista comoda a Iglesias en su dia? Puede ser, pero le llevo a un programa de maxima audicencia. Ana Pastor tampoco hace entrevistas comodas al PP, y no veo que pase nada, como debe ser."
lgtbi,https://www.meneame.net/story/vox-despliega-lona-madrid-contra-feminismo-movimiento-lgtbiq,3825434,38658792,377,373.0,--731452--,2023-06-20T10:19:01+00:00,0,8,"#373 Lo de gusanos es un bulo que, como te dije, lo puedes solatr en los canales de bulos que todo el mundo quedará encantado, pero aquí no va a colar y te va a hacer quedar mal.
Esto son los principios de la agenda 2030. Lo que dice ahí. No hay nada más. No hay gusanos, busca lo que quieras. Lee si quieres no parecer que lo ignoras todo:
https://www.un.org/sustainabledevelopment/es/sustainable-development-goals/

En Estados Unidos hay técnicos de alto nivel, de esos que comran más de 100.000 dólares al año, que no pueden pagar sus gastos médicos. Y no es tan difícil, enseguida que su padre tenga un cáncer ya se queda bien arruinadio. El intento de las naciones Unidas es que todo el mundo pueda tener asistencia médica. Que los parados, por ejemplo, no se pueran en la calle sin atención médica.
¿ No te sientes un payaso metiendo la política siempre en medio cuando te dicen algo que no te gusta ? ¿ No tienes criterio propio y no crees que lo tengan los demás ?
En fin, te bloqueo, lo siento. Te quedas diciendo las estupideces de sandias tú solo, que a ti te parecerá interesante pero al resto nos parece una estupidez."
lgtbi,https://www.meneame.net/story/vox-despliega-lona-madrid-contra-feminismo-movimiento-lgtbiq,3825434,38658179,376,364.0,listillo,2023-06-20T09:26:02+00:00,1,-1,#364 vaya mierda tienes metida en la cabeza.
lgtbi,https://www.meneame.net/story/vox-despliega-lona-madrid-contra-feminismo-movimiento-lgtbiq,3825434,38658174,375,368.0,listillo,2023-06-20T09:25:25+00:00,0,7,"#368 No voy a hablar contigo, sigue en tu mundo de ego y fantasia. Que te aproveche la ignorancia."
lgtbi,https://www.meneame.net/story/vox-despliega-lona-madrid-contra-feminismo-movimiento-lgtbiq,3825434,38656194,374,372.0,Varlak,2023-06-20T02:26:20+00:00,0,11,"#372 Es que una reunión de tíos heterosexuales, en general y en mi experiencia, es un puto coñazo. Si te compro que si Abascal hiciese el comentario opuesto sería más grave, la verdad, pero es que también creo que hay que proteger y cuidar lo que s dice de colectivos que están oprimidos y para los que hay prejuicios para no fomentar dichos prejuicios, aunque entiendo que haya gente que no esté de acuerdo. Aunque vamos, lo que está claro es que si lo que te preocupa es el ""feminismo extremo"" ya no hay mucho de que preocuparse, Yolanda es feminista pero el feminismo no es ni ha sido nunca su mayor preocupación, quién va a llevar ahora la dirección del feminismo en la izquierda es, con poca duda, Carmen calvo, que es feminista clásica, incluso trans excluyente.... 

""Pero resulta que si considero que una mujer trans es una mujer para todo menos para acostarse conmigo, soy un transfobo... Esto me ha pasado de verdad""
A ver, gilipollas hay en todos los colectivos, pero ese pensamiento no es, ni de cerca, lo habitual en la comunidad LGTBI, de hecho es algo que se discute bastante, yo convivo con gente trans y poca gente conozco que opine lo que tú dices. Otra cosa es Twitter, pero Twitter es un pozo de perdición sin mucha correspondencia con la realidad.

Lo de las campañas con nombres y apellidos, la verdad, me parece increíble que a quien se ataque sea a la izquierda cuando el acoso brutal es hacia gente de podemos, pero en fin... De todas formas insisto en que todas tus quejas son para podemos y podemos ha sido eliminado desde el PSOE y el resto de la izquierda, y ya te digo yo que ni Sánchez ni Díaz van a meterse en los fregaos donde han caído iglesias y Montero, muy a mi pesar les gustan más los votos que los feminismos o la gente trans, en mi opinión."
lgtbi,https://www.meneame.net/story/vox-despliega-lona-madrid-contra-feminismo-movimiento-lgtbiq,3825434,38655130,373,366.0,Ganpalo,2023-06-19T20:50:27+00:00,1,-2,"#366  A ver, para el carro, prefiero carne a gusanos ¿tú no? ¿Y porqué cojones me tengo que negar a ir a un hodpital si lo estoy pagando?.... buena gana de seguir con un cabeza sandía, verde por fuera y rojo por dentro juas. que se inventa lo que le da la gana y me lo adjudica. Ale"
lgtbi,https://www.meneame.net/story/vox-despliega-lona-madrid-contra-feminismo-movimiento-lgtbiq,3825434,38654778,372,359.0,--720785--,2023-06-19T19:58:46+00:00,0,7,"#359 porque aunque no esten ni Pam, ni Montero, ni Echenique, no tengo claro que no aparezcan otras similares.

https://m.youtube.com/watch?v=cqxWBlzXX4I&pp=ygUdSm9yZ2UgamF2aWVyIGdydXBvIGRlIGhldGVyb3M%3D

Si esto lo dijese Abascal del colectivo homosexual, se lo tomarian con razon como un insulto homofobo. 

A mi no me importa por ejemplo ser inclusivo con los el colectivo trans, apoyar a los sin papeles que vienen a trabajar honradamente (que alguno he conocido mas de derechas que Mussolini), apoyar a los pobres, etc...

Pero resulta que si considero que una mujer trans es una mujer para todo menos para acostarse conmigo, soy un transfobo... Esto me ha pasado de verdad. E identifico mucho a la izquierda LGTBI con ese pensamiento.

Una cosa es apoyar, y otra lanzarme piedras a mi mismo. Hoy me va muy bien, pero si en un futuro me va mal y necesito ayuda, igual me dan por saco porque una iluminada de estas ha llegado con mi voto a donde no debia, y se dedica a legislar contra mi.

Esto sin entrar en las campañas mediaticas con caras y apellidos que no me hacen ninguna gracia. Puedo entender que si Ana Rosa o Valles mienten, se exponga con datos y argumentos. Pero a Pablo Motos por ejemplo, no le veo meterse en politica ni la mitad que a Jorge Javier o Wyoming, y van contra el a cuchillo por ser de derechas, incluso desde un Ministerio que se supone tambien le representa a el"
lgtbi,https://www.meneame.net/story/vox-despliega-lona-madrid-contra-feminismo-movimiento-lgtbiq,3825434,38653935,371,370.0,ochoceros,2023-06-19T17:54:23+00:00,0,15,"#370 Militares mandan una carta al rey para pedir el ""cambio de gobierno socialcomunista"" por la fuerza, y otros exmilitares (¡un general! de división retirado del Ejército del Aire) piden fusilar a 26 millones de hijos de puta. ""Olona, secretaria del grupo parlamentario de Vox, ha pedido la palabra para desmentir que su partido tenga nada que ver con ese “supuesto manifiesto” ni con el “supuesto chat”, a pesar de que en él figura un mensaje de su partido con un saludo de Abascal a sus integrantes. Pero Olona ha acabado reconociendo que lo asume como si fuera suyo. Ha negado que la carta al Rey se trate de un manifiesto, la palabra empleada por Elorza, para matizar de inmediato: “Es una manifestación en defensa de la unidad nacional de España y, como tal, por supuesto que es nuestra gente ”."" https://elpais.com/espana/2020-12-02/vox-sobre-la-carta-de-los-exmilitares-al-rey-por-supuesto-que-es-nuestra-gente.html

El caso es que ahí siguen todos, sin condena y con el silencio especialmente sanrgante del máximo jefe de los ejércitos: el rey. Y cuando el río suena, agua lleva. 

Jajaja, menuda puta risa blanquear a estos psicópatas de mierda, ¿eh? {shame}"
lgtbi,https://www.meneame.net/story/vox-despliega-lona-madrid-contra-feminismo-movimiento-lgtbiq,3825434,38653371,370,354.0,BlackDog,2023-06-19T16:34:45+00:00,0,6,#354 Militares que exigían fusilar a 26 millones de españoles jajajaja
lgtbi,https://www.meneame.net/story/vox-despliega-lona-madrid-contra-feminismo-movimiento-lgtbiq,3825434,38653320,369,355.0,BlackDog,2023-06-19T16:27:47+00:00,0,6,#355 Ves? lo acabas de hacer derecha = nazis
lgtbi,https://www.meneame.net/story/vox-despliega-lona-madrid-contra-feminismo-movimiento-lgtbiq,3825434,38653291,368,363.0,BlackDog,2023-06-19T16:23:52+00:00,0,6,#363 Dime un libro de historia donde salga VOX poniendo campos de concentración y asesinando a gente que yo me lo leo {lol}
lgtbi,https://www.meneame.net/story/vox-despliega-lona-madrid-contra-feminismo-movimiento-lgtbiq,3825434,38651305,367,,ElonFuck,2023-06-19T11:51:20+00:00,1,15,Qué miedo de lo que viene...
lgtbi,https://www.meneame.net/story/vox-despliega-lona-madrid-contra-feminismo-movimiento-lgtbiq,3825434,38650822,366,311.0,--731452--,2023-06-19T11:07:49+00:00,0,8,"#311 Vaay tontería tan fuera de lugar.
Si no te gusta la Agenda 2030, siempre puedes negarte. Cuando te pongas enfermo, pues te niegas a ir a un hospital. Cuando tengas sed, bebes de un charco. ¿ Estás en contra de alguno más de sus principios ? ¿ Ciudades acogedoras para los ciudadanos ? Vete a vivir al lado de un basurero.
Los avances de la humanidad son optativos. Siempre puedes, a título personal, quedarte al margen.
Enhorabuena por tus ideas políticas. Son originales. Otra cosa no, pero originales, un rato."
lgtbi,https://www.meneame.net/story/vox-despliega-lona-madrid-contra-feminismo-movimiento-lgtbiq,3825434,38650500,365,342.0,--731452--,2023-06-19T10:33:23+00:00,0,8,"#342 Aquí no vengas a soltar bulos, por favor.
La Agenda 2030 no dice nada de eso. Mira que es fácil, solo tienes que leer:
https://www.un.org/sustainabledevelopment/es/development-agenda/
Ya sé que os decís unos a otros esas cosas en los foros del odio y os parecéis entre vosotros muy interesantes y cool, pero cuando salís de los canales de los bulos, siento decirte, sonáis como indigentes mentales y unos pelmas.
Vuestos bulos os valen a vosotros, pero en la vida real no tienen valor.
La agenda 2030 no dice en ningún sitio que no tengas nada. Más bien al contrario.
Pero si estás en contra, no te alarmes. No tienes por qué aceptarla:
- Cuando se trate de educación, simplemente no aceptas que te formen.
- Cuando te pongas enfermo, no vas al hospital, te dejas morir en la calle.
- Cuando haya que beber, no bebas agua de gruifo, benbes de un charco.
- Si no te gusta que se mantenga bien el medio ambiente, te vas a vivir al lado de un vertedero.
- Cuando trabajes, devuelve parte de tu salario a tu jefe para que te quede un sueldo indigno.
- Puedes renunciar a los avances científicos y técnicos: tiras el móvil, el ordenador...
- Etc.
Los avances sociales y humanos no son obligatorios. Puedes prescindir de ellos. Te quedas al margen y ya está."
lgtbi,https://www.meneame.net/story/vox-despliega-lona-madrid-contra-feminismo-movimiento-lgtbiq,3825434,38650330,364,360.0,Blanquit0,2023-06-19T10:15:27+00:00,1,7,#360 Con camisetas del Che Guevara? O de la hoz y el martillo?
lgtbi,https://www.meneame.net/story/vox-despliega-lona-madrid-contra-feminismo-movimiento-lgtbiq,3825434,38649793,363,345.0,listillo,2023-06-19T09:18:48+00:00,0,7,#345 ve a la escuela o comprate un libro de historia...
lgtbi,https://www.meneame.net/story/vox-despliega-lona-madrid-contra-feminismo-movimiento-lgtbiq,3825434,38649791,362,341.0,listillo,2023-06-19T09:18:32+00:00,0,7,"#341 si, igual que el gobierno de Indonesia pasando a cuchillo a dos millones de supuestos comunistas... Es que estáis siempre en el ""y tu más"" de vuestros egos... Estáis ciegos."
lgtbi,https://www.meneame.net/story/vox-despliega-lona-madrid-contra-feminismo-movimiento-lgtbiq,3825434,38649765,361,345.0,listillo,2023-06-19T09:16:01+00:00,0,7,"#345  #341  #333 cuanto fachoego tenéis metido en el interior, ojalá os librerís de vuestra mierda algún día y podáis ser libres para que no os manipulen con sentimentalismos y mentiras nazionales patrióticas.."
lgtbi,https://www.meneame.net/story/vox-despliega-lona-madrid-contra-feminismo-movimiento-lgtbiq,3825434,38649745,360,333.0,listillo,2023-06-19T09:14:06+00:00,0,7,"#333 precisamente, estilo gulag, o campo de concentración nazi... O incluso como los campos de prisioneros franquistas...  Los fachas y extremistas de siempre con sus naciones y patrias basadas en el miedo y el odio, hoy van con banderitas en la pulsera, mañana irán con otras cosas..."
lgtbi,https://www.meneame.net/story/vox-despliega-lona-madrid-contra-feminismo-movimiento-lgtbiq,3825434,38649610,359,334.0,Varlak,2023-06-19T08:55:01+00:00,0,11,"#334 Ya, pero es que hay algo que no entiendo, si tienes claro que España va a ir mejor con PSOE+Sumar y ni Montero, ni Pam ni Echenique ni nadie de esa gente que consideras que te insulta se va a presentar ¿Porqué no votas a PSOE o Sumar? Es que no lo entiendo. 
Y puedo entender que a ti personalmente no te afecten muchas cosas, pero si gana Vox si va a afectar tangiblemente a la vida de mucha gente, de gente dependiente, trans, extranjeros, pobres, etc, la gente que más jodido lo tiene lo tendrá más jodido aún. Te compro que a ti no te afecte ¿Pero te la suda toda esa gente? Yo soy ingeniero y hombre trabajando para una empresa británica, mi situación es parecida a la tuya, pero joder, conozco gente trans, conozco gente sin papeles, conozco gente que solo ha tenido trabajos temporales cobrando el smi... Nosotros tenemos el privilegio de poder decidir si votamos o no, pero yo voto por toda esa gente a la que no le queda otra porque si gana Vox está jodida."
lgtbi,https://www.meneame.net/story/vox-despliega-lona-madrid-contra-feminismo-movimiento-lgtbiq,3825434,38649360,358,184.0,ostiayajoder,2023-06-19T08:17:34+00:00,0,6,"#184 Estoy respondiendo a un tio que dice EXACTAMENTE eso.

A llorar a la lloreria."
lgtbi,https://www.meneame.net/story/vox-despliega-lona-madrid-contra-feminismo-movimiento-lgtbiq,3825434,38649319,357,186.0,pingON,2023-06-19T08:12:38+00:00,0,11,#186 por esto https://old.meneame.net/story/myself-and-all-utopia-tiempos-venideros
lgtbi,https://www.meneame.net/story/vox-despliega-lona-madrid-contra-feminismo-movimiento-lgtbiq,3825434,38648348,356,56.0,Hivenfour,2023-06-19T05:32:43+00:00,0,6,#56 ¿odian tanto o más que el tribunal supremo que se contradice a sí mismo?
lgtbi,https://www.meneame.net/story/vox-despliega-lona-madrid-contra-feminismo-movimiento-lgtbiq,3825434,38648254,355,347.0,Blackmoon,2023-06-19T04:45:40+00:00,0,7,"#347 eso mentira y lo sabes, siempre ha habido derecha así que no digas chorradas."
lgtbi,https://www.meneame.net/story/vox-despliega-lona-madrid-contra-feminismo-movimiento-lgtbiq,3825434,38648115,354,353.0,ochoceros,2023-06-19T01:46:34+00:00,0,14,"#353 A los de Vox se les ha visto la patita desde estar pidiendo golpes de estado hasta asumiendo como ""de los suyos"" a los militares que exigían fusilar a 26 millones de hijos de puta en España.

A ver si ahora este brazo político de la iglesia resulta que está luchando por los derechos e igualdad de las mujeres. Dentro video: https://twitter.com/Noelia_posse/status/1463864946790383621

Y hay mucho más:
https://www.lavanguardia.com/vida/20150923/54436772633/vox-rechaza-cualquier-propuesta-de-legalizar-la-prostitucion.html

https://www.losreplicantes.com/articulos/asi-son-las-mujeres-que-controlan-vox/

https://www.huffingtonpost.es/entry/garcia-gallardo-vox-mujeres-iguales-o-tan-buenas_es_6278dd22e4b00fbab6309aeb.html

https://www.publico.es/mujer/asociacion-ligada-vox-justifica-asesinato-preventivo-mujeres.html

https://www.huffingtonpost.es/entry/acoso-apoderado-vox-mujeres-badajoz_es_5cc5a8b7e4b08e4e34834d48.html

https://www.publico.es/sociedad/igualdad-feministas-critican-pp-ciudadanos-hayan-hecho-propuestas-machistas-vox.html

https://www.20minutos.es/noticia/3531513/0/feministas-vox-guerra-mujeres/

https://www.publico.es/tremending/2021/07/19/el-concejal-de-vox-que-dice-que-las-mujeres-tienen-la-culpa-de-las-agresiones-sexuales-porque-se-dejan-enganar/

Cómo se cubren de gloria ellos solos, que no es un caso aislado o puntual."
lgtbi,https://www.meneame.net/story/vox-despliega-lona-madrid-contra-feminismo-movimiento-lgtbiq,3825434,38648038,353,59.0,BlackDog,2023-06-19T00:15:22+00:00,0,6,#59 Tu has visto a VOX pidiendo derechos para los hombres para pegar a su pareja? acosar a mujeres borrachas? o acosar a mujeres solo por llevar falda? De hecho los que han acosado y prohibido trabajar a mujeres por vestir de forma provocativa (azafatas de F1) ha sido la izquierda
lgtbi,https://www.meneame.net/story/vox-despliega-lona-madrid-contra-feminismo-movimiento-lgtbiq,3825434,38648028,352,67.0,BlackDog,2023-06-19T00:09:15+00:00,1,-5,"#67 Sumar es Podemos 2.0 de hecho el 90% de los integrantes en sumar son ratas que han saltado de un barco que se hunde a otro nuevo que esta lleno de queso. Y como ha demostrado Podemos, en unos años empezarán a rodar cabezas, porque la revolucion devora a sus hijos"
lgtbi,https://www.meneame.net/story/vox-despliega-lona-madrid-contra-feminismo-movimiento-lgtbiq,3825434,38648023,351,210.0,BlackDog,2023-06-19T00:07:39+00:00,0,6,"#210 Pues lo han dicho mil veces, que no te enteras, están a favor de lo bueno y en contra de lo malo!"
lgtbi,https://www.meneame.net/story/vox-despliega-lona-madrid-contra-feminismo-movimiento-lgtbiq,3825434,38648019,350,37.0,BlackDog,2023-06-19T00:05:46+00:00,0,6,"#37 Pero antes era la izquierda la que no quería que las mujeres votara, porque claro votaría lo que le dijera el cura, pero ahora que la mujer puede votar, si decide no votar a la izquierda es porque son fachas"
lgtbi,https://www.meneame.net/story/vox-despliega-lona-madrid-contra-feminismo-movimiento-lgtbiq,3825434,38648009,349,102.0,BlackDog,2023-06-19T00:01:10+00:00,0,6,#102 Cualquier articulo de la ley de violencia de genero son agravados o juzgados distintos solo por ser hombre. Eso no es igualdad
lgtbi,https://www.meneame.net/story/vox-despliega-lona-madrid-contra-feminismo-movimiento-lgtbiq,3825434,38648006,348,203.0,BlackDog,2023-06-19T00:00:26+00:00,0,6,"#203 ZP fue el que empezó todo esto, recuerda esa frase de ""hay que crear mas tensión"" a esto se refería, desde su mandato la gente esta mas enfrentada y radicalizada que nunca"
lgtbi,https://www.meneame.net/story/vox-despliega-lona-madrid-contra-feminismo-movimiento-lgtbiq,3825434,38647994,347,139.0,BlackDog,2023-06-18T23:55:59+00:00,0,6,"#139 Hombre, es que ahora se tilda de nazi a cualquiera que no vote a podemos"
lgtbi,https://www.meneame.net/story/vox-despliega-lona-madrid-contra-feminismo-movimiento-lgtbiq,3825434,38647985,346,186.0,BlackDog,2023-06-18T23:52:13+00:00,0,6,"#186 Seguramente como eres hombre no puedes entenderlo, así que no seas machista, las mujeres son libres de hacer lo que quieran"
lgtbi,https://www.meneame.net/story/vox-despliega-lona-madrid-contra-feminismo-movimiento-lgtbiq,3825434,38647979,345,114.0,BlackDog,2023-06-18T23:50:32+00:00,0,6,#114 Cuando lo hicieron? No me he enterado y seguro que si hubieran hecho eso habría salido en todas las televisiones y canal RED habría echo 5 programas
lgtbi,https://www.meneame.net/story/vox-despliega-lona-madrid-contra-feminismo-movimiento-lgtbiq,3825434,38647884,344,292.0,kratos287,2023-06-18T23:08:24+00:00,1,16,#292 Compartimos culpa.
lgtbi,https://www.meneame.net/story/vox-despliega-lona-madrid-contra-feminismo-movimiento-lgtbiq,3825434,38647728,343,289.0,unomasdelmonton,2023-06-18T22:11:48+00:00,1,12,#289 Opino igual que tú
lgtbi,https://www.meneame.net/story/vox-despliega-lona-madrid-contra-feminismo-movimiento-lgtbiq,3825434,38647709,342,20.0,motoleon,2023-06-18T22:07:09+00:00,0,6,"#20 Si, es maravillosa: no tendras nada y seras feliz"
lgtbi,https://www.meneame.net/story/vox-despliega-lona-madrid-contra-feminismo-movimiento-lgtbiq,3825434,38647702,341,114.0,motoleon,2023-06-18T22:05:58+00:00,0,6,"#114 Vaya, igual que el comunismo en china..."
lgtbi,https://www.meneame.net/story/vox-despliega-lona-madrid-contra-feminismo-movimiento-lgtbiq,3825434,38647599,340,337.0,osids,2023-06-18T21:50:33+00:00,0,8,"#337 lo que cambia es la condena, en eso sí podemos estar descuerdo las penas son superiores, pero el delito es el mismo al final los ""feminazis"" se hacen la picha un lío porque es igual llamarlo violencia intrafamiliar o como quieras mientras se mantengan las diferencias e incluso sería más justo que el abuso de poder se pueda aplicar a los dos géneros pues también hay hombre económicamente dependientes aunque esto se de en un % muy inferior, al final la extrema derecha se aprovecha del odio como siempre"
lgtbi,https://www.meneame.net/story/vox-despliega-lona-madrid-contra-feminismo-movimiento-lgtbiq,3825434,38647587,339,40.0,Mark_,2023-06-18T21:49:15+00:00,0,11,"#40 no tendrá nada que ver, segurísimo, la campaña de difamación más grande de la Historia de España contra un partido político legal, al cual han implicado en decenas de casos de corrupción, financiación ilegal, trapicheos varios...vamos, justo lo que otros partidos si tienen a sus espaldas, y ninguno ha salido adelante. 

Además de las infinitas tertulias atacando de forma descarada un partido y a sus componentes por cosas inexistentes y que otros políticos si habían hecho en algún momento pero claro...bien calladitos. Me refiero a Ana Rosas y demás ralea. Por dios, que se utilizó hasta la policía desde el Ministerio de Interior para investigar a un partido, al nivel de dictaduras comunistas vamos."
lgtbi,https://www.meneame.net/story/vox-despliega-lona-madrid-contra-feminismo-movimiento-lgtbiq,3825434,38647558,338,320.0,ipto,2023-06-18T21:44:42+00:00,0,7,"#320 ¿Alguna prueba de como Ayuso vende el Odio al pobre?, es por curiosidad, aunque ya dejo claro en mis comentarios que la extrema derecha más o menos igual que la extrema izquierda, pero si tengo curiosidad como se vende ese odio al pobre.."
lgtbi,https://www.meneame.net/story/vox-despliega-lona-madrid-contra-feminismo-movimiento-lgtbiq,3825434,38647553,337,102.0,david_keen,2023-06-18T21:44:17+00:00,0,8,"#102 No es a mi, pero esta claro que se refiere a Violencia de genero, en caso contrario es violencia domestica. Aunque sería más correcto decir leyes que solo aplican a un genero, porque no tengo claro si la tipificación del delito también cambia al igual que la condena."
lgtbi,https://www.meneame.net/story/vox-despliega-lona-madrid-contra-feminismo-movimiento-lgtbiq,3825434,38647516,336,107.0,osids,2023-06-18T21:39:14+00:00,0,8,"#107 independientemente del nombre del delito una mujer sigue siendo culpable de pegar a otra persona en el entorno familiar ya sea física o psicológicamente, por esa regla de tres también los que están cachas tienen delitos que los enclenques no pueden cometer o los negros no pueden ser acusados de racismo o... Anda que menuda bobada te has montado"
lgtbi,https://www.meneame.net/story/vox-despliega-lona-madrid-contra-feminismo-movimiento-lgtbiq,3825434,38647500,335,291.0,osids,2023-06-18T21:37:00+00:00,0,8,#291 lo sé pero le pregunto que si eso puede ser un motivo pa votar a vox
lgtbi,https://www.meneame.net/story/vox-despliega-lona-madrid-contra-feminismo-movimiento-lgtbiq,3825434,38647417,334,331.0,--720785--,2023-06-18T21:18:24+00:00,1,10,"#331 te lo intento resumir. Sigo la politica como sigo al Madrid en Champions. Pero no me vas a ver haciendo de hooligan en ningun lado porque mi vida no depende ni de quien gobierne en España, ni de cuantas Champions tenga el Madrid.

Ciertamente a dia de hoy, me parece que para España es mejor un gobierno de PSOE/ Sumar/Podemos que de PP/Vox. Sanchez miente mas que habla, pero en terminos netos, su gobierno me parece tener un balance mas positivo que el de Zapatero y Rajoy. Y no creo que Feijo lo hiciese mejor.

Estoy muy de acuerdo con la subida del salario minino, la ley de Eutanasia, el tope al gas, el aborto y el apoyo al movimiento LGTB (hasta un cierto limite). Pero realmente, ninguna de estas politicas influyen ni influiran en mi vida.

Pero no solo es que las politicas del gobierno me dejen bastante de lado, que hasta cierto punto lo puedo entender porque la vida me va mucho mejor que al español medio. Sino que cuando hablan del unico colectivo en el que me siento realmente identificado, ""hombres"", lo hacen Pam, Montero o alguna del ramo, para decir que somos violadores o privilegiados. Y yo ni violo, ni vengo de rico ni lo he tenido mas facil que mis amigas, hermana o prima. Ellas han trabajado de dependientas fresquitas en verano y calentitas en invierno mientras yo trabajaba en obras, repartos, mudanzas, etc... Con el culo pelao de frio o sudando como un cerdo, arriesgandome a tener accidentes. ""Privilegios"" lo llaman 

Asi que ahora con mis 35euros/hora de programador en Munich puedo permitirme el lujo de ver los toros desde la barrera, basicamente."
lgtbi,https://www.meneame.net/story/vox-despliega-lona-madrid-contra-feminismo-movimiento-lgtbiq,3825434,38647361,333,114.0,Blanquit0,2023-06-18T21:09:42+00:00,0,8,#114 Te refieres a los Gulags?
lgtbi,https://www.meneame.net/story/vox-despliega-lona-madrid-contra-feminismo-movimiento-lgtbiq,3825434,38647308,332,313.0,hasta_los_cojones,2023-06-18T21:01:10+00:00,0,10,"#313 ojalá jugarán con hechos....

Pero las estadísticas dicen claramente que la violencia machista es lo que menos debería asustar a una mujer."
lgtbi,https://www.meneame.net/story/vox-despliega-lona-madrid-contra-feminismo-movimiento-lgtbiq,3825434,38646941,331,330.0,Varlak,2023-06-18T19:49:53+00:00,0,11,"#330 Pues mira, gracias por el mensaje, la oportunidad y el tono... Aprovecho para preguntarte el porqué elegir el abstencionismo. Entiendo a la gente que no tiene tiempo/energía de estar al dia y se la suda la política, pero si estás aquí en el comentario #330 es porque te gusta estar informado y porque te interesa la política ¿Te importaría explicarme el porqué elegir la abstención? Es que no le veo absolutamente ninguna ventaja para ningún colectivo excepto para los que no tienen interés por la democracia."
lgtbi,https://www.meneame.net/story/vox-despliega-lona-madrid-contra-feminismo-movimiento-lgtbiq,3825434,38646917,330,261.0,--720785--,2023-06-18T19:46:55+00:00,1,18,"#261 llevo aqui meses leyendo por aqui que la culpa de que VOX gane es porque los abstencionistas lo permitimos. Tomate mi critica a la agresividad como una cuestion necesaria para qur mi abstencionismo no sea tal.

Si no te gusta, muy bien. Me quedo en la abstencion como es mi derecho. Pero luego no me vengais llorando."
lgtbi,https://www.meneame.net/story/vox-despliega-lona-madrid-contra-feminismo-movimiento-lgtbiq,3825434,38646873,329,19.0,Arkhan,2023-06-18T19:41:49+00:00,0,11,"#19 No, si ya a día de hoy ha quedado claro que no los votan por tontos, si no por ser malas personas y estar de acuerdo con sus campañas de odio al diferente."
lgtbi,https://www.meneame.net/story/vox-despliega-lona-madrid-contra-feminismo-movimiento-lgtbiq,3825434,38646753,328,33.0,Jack-Bauer,2023-06-18T19:23:45+00:00,3,10,"#33 , Agenda 2030, no tendrás nada y serás feliz"
lgtbi,https://www.meneame.net/story/vox-despliega-lona-madrid-contra-feminismo-movimiento-lgtbiq,3825434,38646522,327,36.0,davids,2023-06-18T18:47:52+00:00,1,24,#36 el clásico trickle down economics
lgtbi,https://www.meneame.net/story/vox-despliega-lona-madrid-contra-feminismo-movimiento-lgtbiq,3825434,38646435,326,323.0,ochoceros,2023-06-18T18:33:52+00:00,0,14,"#323 Hay gente que se ofende con estas medidas igual que les ofenden los radares que multan por exceso de velocidad. Las normas son para otros, no para ellos.

Quieren un mundo donde no existan limitaciones de velocidad pensando que todos somos maravillosos y respetuosos, pero con lo cazurros que somos como sociedad resulta que hay accidentes a diario, e igual hacían falta todavía más radares."
lgtbi,https://www.meneame.net/story/vox-despliega-lona-madrid-contra-feminismo-movimiento-lgtbiq,3825434,38646407,325,289.0,laguerrillasilenciosa,2023-06-18T18:29:06+00:00,1,13,"#289 Para no defender a los trabajadores, este gobierno (y ya sabemos quién del gobierno) ha hecho más por los trabajadores que casi ningún otro en este siglo y parte del pasado.
Lo que pasa es que es más fácil meterse con las injustas leyes feministas que con el hecho de que, por ejemplo, se esté vigilando mínimamente el cumplimiento de la ley en las empresas."
lgtbi,https://www.meneame.net/story/vox-despliega-lona-madrid-contra-feminismo-movimiento-lgtbiq,3825434,38646386,324,,--754170--,2023-06-18T18:26:12+00:00,0,6,Box es mierda criminal. No prohibirlo es prevaricación.
lgtbi,https://www.meneame.net/story/vox-despliega-lona-madrid-contra-feminismo-movimiento-lgtbiq,3825434,38646356,323,209.0,laguerrillasilenciosa,2023-06-18T18:17:51+00:00,2,33,"#209 Ninguna ley tiene en cuenta todas las casuísticas, y por eso tenemos jueces y/o jurados.
Los cuales no se caracterizan por ser radicales izquierdistas precisamente. 
Al igual que #68, mi novio, feminista, vive muy tranquilo sabiendo que ninguna ley viogen vulnera sus derechos ni le perjudica en absolutamente ninguna forma."
lgtbi,https://www.meneame.net/story/vox-despliega-lona-madrid-contra-feminismo-movimiento-lgtbiq,3825434,38646323,322,56.0,laguerrillasilenciosa,2023-06-18T18:11:59+00:00,1,22,"#56 Si Montero te parece radical no sé qué pensarás de las feministas del siglo pasado.
Nadie que haya votado a UP lo ha hecho ignorando que un pilar básico de la formación es el feminismo."
lgtbi,https://www.meneame.net/story/vox-despliega-lona-madrid-contra-feminismo-movimiento-lgtbiq,3825434,38646287,321,36.0,rafael90,2023-06-18T18:05:46+00:00,2,15,"#36 El problema es que el libre mercado fomenta la formación de monopolios y oligopolios, y al dominar el mercado se cargan a la competencia y esa libertad del mercado.

Luego, lo que siempre viene con los monopolios: Subida de precios, volviéndose inaccesible para rentas bajas."
lgtbi,https://www.meneame.net/story/vox-despliega-lona-madrid-contra-feminismo-movimiento-lgtbiq,3825434,38646278,320,78.0,Marco_Pagot,2023-06-18T18:04:11+00:00,2,38,"#78 Curioso que no vea rasgaros las vestiduras con los más de 7000 ancianos muertos que AYuso ha dejado a sus espaldas . Montero no vende el odio al hombre, como tratas de vender, pero da la casualidad de que Ayuso sí que vende el odio al pobre . Si pones en una balanza lo de Montero y lo de Ayuso, Irene Montero saldría volando como el Team Rocket de la abismal diferencia que hay entre una cosa y otra.

Por cierto, el feminismo radical de montero es el mismo que ha existido siempre. Feminismo.

Para todo lo demás, lo dicho en #266

/cc #75"
lgtbi,https://www.meneame.net/story/vox-despliega-lona-madrid-contra-feminismo-movimiento-lgtbiq,3825434,38646256,319,95.0,laguerrillasilenciosa,2023-06-18T17:59:30+00:00,1,20,"#95 Tu contraargumento no es válido porque no ha mencionado cuántos hombres militan o están en el partido. Habla de hechos. 
Y los hechos son que los hombres se benefician del feminismo también. Los mismos hombres que se quejan de que deben ser los fuertes, los proveedores, etc., son los mismos que luego se quejan (¿os quejáis?) de que el feminismo quiera acabar con la asignación de roles por sexos. En el fondo lo que está de moda es estar en contra, así, en líneas generales."
lgtbi,https://www.meneame.net/story/vox-despliega-lona-madrid-contra-feminismo-movimiento-lgtbiq,3825434,38646234,318,74.0,laguerrillasilenciosa,2023-06-18T17:56:04+00:00,1,20,#74 Buena jugada. Poner muchas caras lols te hace parecer muy inteligente y a tus{0x1f600}  argumentos imbatibles.
lgtbi,https://www.meneame.net/story/vox-despliega-lona-madrid-contra-feminismo-movimiento-lgtbiq,3825434,38646223,317,,viajeroWeb,2023-06-18T17:54:39+00:00,0,9,Por si alguien tenía alguna duda de hacia dónde nos lleva esta gentuza fascista (si los dejamos)...
lgtbi,https://www.meneame.net/story/vox-despliega-lona-madrid-contra-feminismo-movimiento-lgtbiq,3825434,38646105,316,314.0,Sigo_intentandolo,2023-06-18T17:31:51+00:00,0,8,"#314 su estrategia es conseguir escaños... Y consiguen más que podemos.


Lo mismo no insultar a los demás ayudaría a que no siguiesen subiendo"
lgtbi,https://www.meneame.net/story/vox-despliega-lona-madrid-contra-feminismo-movimiento-lgtbiq,3825434,38646032,315,304.0,ochoceros,2023-06-18T17:17:48+00:00,0,14,#304 Pues si no te vale prueba con la palabra de un agente de la FFCCSE contra la tuya. Otra pasada por el arco del triunfo de la presunción de inocencia donde puedes dar con tus huesos en el trullo si el agente quiere.
lgtbi,https://www.meneame.net/story/vox-despliega-lona-madrid-contra-feminismo-movimiento-lgtbiq,3825434,38646005,314,19.0,Keldon82,2023-06-18T17:13:16+00:00,0,6,#19 Si su estrategia es atraer gilipollas y  subnormales llevas razón.
lgtbi,https://www.meneame.net/story/vox-despliega-lona-madrid-contra-feminismo-movimiento-lgtbiq,3825434,38646000,313,262.0,SlayerNina,2023-06-18T17:12:46+00:00,0,9,"#262 Repito: las mujeres juegan con hechos, no con probabilidades ni sugerencias"
lgtbi,https://www.meneame.net/story/vox-despliega-lona-madrid-contra-feminismo-movimiento-lgtbiq,3825434,38645993,312,302.0,walk_kindly_shout,2023-06-18T17:11:10+00:00,1,1,"#302 que irónico, un prohibidor de partidos, repartiendo carnets de facha. Cree el ladrón..."
lgtbi,https://www.meneame.net/story/vox-despliega-lona-madrid-contra-feminismo-movimiento-lgtbiq,3825434,38645950,311,20.0,Ganpalo,2023-06-18T17:00:58+00:00,1,9,"#20  Nos va a dejar como el gallo de Morón, cacareando y sin plumas pero felices y contentos {lol}"
lgtbi,https://www.meneame.net/story/vox-despliega-lona-madrid-contra-feminismo-movimiento-lgtbiq,3825434,38645942,310,200.0,Ganpalo,2023-06-18T16:59:09+00:00,0,6,"#200  Ya les vale, robar a los niños su arco iris."
lgtbi,https://www.meneame.net/story/vox-despliega-lona-madrid-contra-feminismo-movimiento-lgtbiq,3825434,38645922,309,281.0,troymclure,2023-06-18T16:55:30+00:00,0,6,"#281 Una simple busqueda

https://www.abc.es/espana/abci-despliegan-pancarta-gigante-contra-pedro-sanchez-edificio-madrid-202005162221_video.html"
lgtbi,https://www.meneame.net/story/vox-despliega-lona-madrid-contra-feminismo-movimiento-lgtbiq,3825434,38645910,308,19.0,encurtido,2023-06-18T16:53:57+00:00,0,6,"#19 No en muchos casos, como el mío.

Me podría considerar como centro-liberal, podría votarles porque son los únicos que proponen reducir gasto e impuestos, en este sentido el resto de partidos de España son socialdemócratas de izquierdas (incluido el PP en economía, en otras cosas no).

Pues todo esto de darle tanto bombo (en contra) a la agenda 2030, colectivos lgtb, etc. es el equivalente del discurso vacío contra fachas/machirulos de su tan criticada Montero. Más su ración de misa, toros, caza, magufismo (vacunas, conspiraciónes para que no llueva), etc. hacen que muchos posibles votantes no se planteen a día de hoy tocar una papeleta de VOX ni con un palo."
lgtbi,https://www.meneame.net/story/vox-despliega-lona-madrid-contra-feminismo-movimiento-lgtbiq,3825434,38645900,307,205.0,Yonny,2023-06-18T16:51:49+00:00,0,10,"#205 

Es que la reforma laboral no tiene nada malo que derogar."
lgtbi,https://www.meneame.net/story/vox-despliega-lona-madrid-contra-feminismo-movimiento-lgtbiq,3825434,38645887,306,13.0,Yonny,2023-06-18T16:50:03+00:00,0,10,"#13 

Opino exactamente lo mismo."
lgtbi,https://www.meneame.net/story/vox-despliega-lona-madrid-contra-feminismo-movimiento-lgtbiq,3825434,38645883,305,236.0,Yonny,2023-06-18T16:48:55+00:00,2,36,"#236 

Fake. Eso NO es así."
lgtbi,https://www.meneame.net/story/vox-despliega-lona-madrid-contra-feminismo-movimiento-lgtbiq,3825434,38645806,304,75.0,rafael90,2023-06-18T16:35:26+00:00,0,11,"#75 Menuda comparación tan mala...

->La multa es una mera infracción administrativa, de menores consecuencias.  Aunque el conductor fuese otro el dueño del coche es el responsable y si no hay otro culpable asume la responsabilidad de esas sanciones (como cuando unos padres son multados por infracciones de sus hijos).

->El maltrato es un delito penal MUY PERSONAL con unas consecuencias judiciales y sociales mucho, mucho más graves y que perduran."
lgtbi,https://www.meneame.net/story/vox-despliega-lona-madrid-contra-feminismo-movimiento-lgtbiq,3825434,38645795,303,299.0,Mercurio89,2023-06-18T16:34:19+00:00,0,6,"#299 Buena proyección.

PD: Voy a tener que copiar tus comentarios y respuestas, dan para un libro de ejemplos de falacias totalmente completo."
lgtbi,https://www.meneame.net/story/vox-despliega-lona-madrid-contra-feminismo-movimiento-lgtbiq,3825434,38645794,302,279.0,--754170--,2023-06-18T16:34:17+00:00,0,6,"#279 Vuestro NSDAP es una actividad criminal, escoria delincuente."
lgtbi,https://www.meneame.net/story/vox-despliega-lona-madrid-contra-feminismo-movimiento-lgtbiq,3825434,38645790,301,236.0,fingulod,2023-06-18T16:33:48+00:00,2,33,"#236  #265 Es más, han sacado normas a favor de la custodia compartida."
lgtbi,https://www.meneame.net/story/vox-despliega-lona-madrid-contra-feminismo-movimiento-lgtbiq,3825434,38645767,300,,rafael90,2023-06-18T16:31:11+00:00,0,11,"El derecho de un padre inocente a que sus hijos no sean secuestrados por madres ""protectoras"" como María Sevilla"
lgtbi,https://www.meneame.net/story/vox-despliega-lona-madrid-contra-feminismo-movimiento-lgtbiq,3825434,38645721,299,294.0,Atusateelpelo,2023-06-18T16:24:49+00:00,0,16,"#294 Dejame adivinar. Eres de los que defiende la liberdad de expresion de todo el mundo que opina como tu pero gustas de silenciar a los que no.

Acuerdate de volver respirar cuando se te pase el enfadito {kiss}"
lgtbi,https://www.meneame.net/story/vox-despliega-lona-madrid-contra-feminismo-movimiento-lgtbiq,3825434,38645700,298,,cenutrios_unidos,2023-06-18T16:20:35+00:00,0,18,"Si, estoy mazo bueno."
lgtbi,https://www.meneame.net/story/vox-despliega-lona-madrid-contra-feminismo-movimiento-lgtbiq,3825434,38645697,297,36.0,Globo_chino,2023-06-18T16:20:09+00:00,0,9,"#36 Dile a cualquiera si prefiere un contrato con nómina o en negro, veremos de dónde queda el ""libre mercado"""
lgtbi,https://www.meneame.net/story/vox-despliega-lona-madrid-contra-feminismo-movimiento-lgtbiq,3825434,38645692,296,289.0,KoLoRo,2023-06-18T16:19:40+00:00,0,7,"#289 Exacto... es que llamar a Podemos Izquierda.... podemos (excepto Yolanda Diaz) solo se ha preocupada de la población con vagina. No ha hecho otra cosa en todos sus años.

Y se sorprenden..."
lgtbi,https://www.meneame.net/story/vox-despliega-lona-madrid-contra-feminismo-movimiento-lgtbiq,3825434,38645681,295,53.0,Mercurio89,2023-06-18T16:17:55+00:00,0,6,#53 No lo recuerdo yo así. Ni los autobús de Hazte oír los veía haciendo campaña precisamente por Podemos.
lgtbi,https://www.meneame.net/story/vox-despliega-lona-madrid-contra-feminismo-movimiento-lgtbiq,3825434,38645662,294,47.0,Mercurio89,2023-06-18T16:14:44+00:00,0,6,"#47 Uy, perdon por el negativo, me había tropezado con una falacia muy grande."
lgtbi,https://www.meneame.net/story/vox-despliega-lona-madrid-contra-feminismo-movimiento-lgtbiq,3825434,38645644,293,66.0,Mercurio89,2023-06-18T16:12:03+00:00,0,6,#66 ¿Que dices de la reforma laboral?
lgtbi,https://www.meneame.net/story/vox-despliega-lona-madrid-contra-feminismo-movimiento-lgtbiq,3825434,38645643,292,286.0,Alexenvalencia,2023-06-18T16:11:49+00:00,1,16,#286 sin embargo hay gente que no lo está entendiendo. Luego la culpa será mía por abstenerme
lgtbi,https://www.meneame.net/story/vox-despliega-lona-madrid-contra-feminismo-movimiento-lgtbiq,3825434,38645628,291,104.0,Alexenvalencia,2023-06-18T16:10:22+00:00,0,6,#104 No está defendiendo Vox
lgtbi,https://www.meneame.net/story/vox-despliega-lona-madrid-contra-feminismo-movimiento-lgtbiq,3825434,38645596,290,13.0,imagosg,2023-06-18T16:05:07+00:00,2,37,"#13 El "" Son todos iguales"" de vuestro catecismo que intenta blanquear a unos fascistas intolerantes, homofobos   y negacionistas, que solo proponen el odio al rival, es vergonzoso, es infame."
lgtbi,https://www.meneame.net/story/vox-despliega-lona-madrid-contra-feminismo-movimiento-lgtbiq,3825434,38645575,289,208.0,tsiarardak,2023-06-18T16:02:13+00:00,2,18,"#208 De hecho el comentario de #65 señala bastante el grave problema actual de la izquierda, que ha pasado de representar al obrero en la lucha de clases a cosas relacionadas con las guerras culturales. Ese es el motivo de que tanta gente, a priori de clase obrera acaba votando a la derecha"
lgtbi,https://www.meneame.net/story/vox-despliega-lona-madrid-contra-feminismo-movimiento-lgtbiq,3825434,38645566,288,,Sigo_intentandolo,2023-06-18T16:01:31+00:00,0,8,"la vida es injusta y la política mucho más... aquí no gana el mejor, gana el que mejor conoce lo que quiere oír la sociedad.

El que no sepa las reglas que no juegue....

 Y podemos ha demostrado que no las sabía, y ha trabajado con un discurso que era el adecuado para sus bases más duras pero que era carnaza diaria para la derecha...
El resultado es por todos conocido: foco total en la parte menos importante y ocultación total de las mejoras conseguidas...
Vamos, un comportamiento político totalmente infantiloide."
lgtbi,https://www.meneame.net/story/vox-despliega-lona-madrid-contra-feminismo-movimiento-lgtbiq,3825434,38645539,287,,Sigo_intentandolo,2023-06-18T15:57:23+00:00,0,8,pues anda que tú llamarme votante de vox.
lgtbi,https://www.meneame.net/story/vox-despliega-lona-madrid-contra-feminismo-movimiento-lgtbiq,3825434,38645523,286,19.0,kratos287,2023-06-18T15:55:09+00:00,0,10,#19 no se puede explicar mejor.
lgtbi,https://www.meneame.net/story/vox-despliega-lona-madrid-contra-feminismo-movimiento-lgtbiq,3825434,38645520,285,194.0,cdya,2023-06-18T15:54:53+00:00,0,12,"#194 Dais miedo ya ninguna capacidad de razonamiento, lavado de cerebro total."
lgtbi,https://www.meneame.net/story/vox-despliega-lona-madrid-contra-feminismo-movimiento-lgtbiq,3825434,38645504,284,212.0,Niltsiar,2023-06-18T15:51:48+00:00,0,7,#212 {roll}
lgtbi,https://www.meneame.net/story/vox-despliega-lona-madrid-contra-feminismo-movimiento-lgtbiq,3825434,38645496,283,,atrompicones,2023-06-18T15:49:54+00:00,0,10,"# 186 “Nosotros no odiamos a las mujeres, en nuestro partido hay muchas mujeres de gran valía casi tanto como la de los hombres” “excusa no pedida, acusación manifiesta” https://diario16.com/la-misoginia-de-vox-en-nuestro-partido-hay-muchas-mujeres-de-gran-valia-casi-tanto-como-la-de-los-hombres/"
lgtbi,https://www.meneame.net/story/vox-despliega-lona-madrid-contra-feminismo-movimiento-lgtbiq,3825434,38645487,282,158.0,manzitor,2023-06-18T15:49:10+00:00,1,20,"#158 Yo he dicho ignorantes (que lo son, pues quien cree falsedades y bulos dándolos por ciertos, no creo que pueda definirse de otra forma), y 'tontosdelculo', que es un calificativo de dicifil descripción, muy subjetiva por tanto, y que yo pongo a los nostálgicos del franquismo y forofos (que no aficionados) de toros y caza."
lgtbi,https://www.meneame.net/story/vox-despliega-lona-madrid-contra-feminismo-movimiento-lgtbiq,3825434,38645476,281,149.0,igorymi,2023-06-18T15:47:21+00:00,0,11,#149 no la recuerdo
lgtbi,https://www.meneame.net/story/vox-despliega-lona-madrid-contra-feminismo-movimiento-lgtbiq,3825434,38645464,280,278.0,--469178--,2023-06-18T15:45:35+00:00,0,20,"#278 Por no derogar la reforma laboral que salió por el voto ""equivocado"" del dele PP. 
Yo no. A menos que su programa sea más ambicioso que el retoque de la reforma laboral."
lgtbi,https://www.meneame.net/story/vox-despliega-lona-madrid-contra-feminismo-movimiento-lgtbiq,3825434,38645437,279,92.0,walk_kindly_shout,2023-06-18T15:40:22+00:00,0,7,"#92 anda, la izquierda hablando de prohibir partidos. Yo pensaba que eso eran cosas de la derecha... Al final, mismo perro con distinto collar."
lgtbi,https://www.meneame.net/story/vox-despliega-lona-madrid-contra-feminismo-movimiento-lgtbiq,3825434,38645434,278,276.0,Atusateelpelo,2023-06-18T15:39:51+00:00,0,16,"#276 Mas bien los que defienden a ""sus"" politicos independientemente de que lo que digan o hagan sea lo contrario de lo que han dicho antes.

Yo de momento doy mi voto a Sumar por las politicas desarrolladas por Yolanda Diaz a la espera que presente su programa electoral que confirme que sigue en la misma direccion. ¿Y tu?"
lgtbi,https://www.meneame.net/story/vox-despliega-lona-madrid-contra-feminismo-movimiento-lgtbiq,3825434,38645415,277,272.0,War_lothar,2023-06-18T15:36:48+00:00,0,10,"#272 La gente que se traga las mentiras de extrema derecha y que no tiene posibilidad de entrar en razón no merece que le dedique tiempo. 

Con mi autoestima que siempre está bajo mínimos llamarme ególatra creo que es la tontería más grande que me han llamado en la vida {lol} . Se nota que eres un gran lector de personalidades {tongue} ."
lgtbi,https://www.meneame.net/story/vox-despliega-lona-madrid-contra-feminismo-movimiento-lgtbiq,3825434,38645407,276,264.0,--469178--,2023-06-18T15:35:28+00:00,0,20,#264 Muy bien usados los condicionales en tu primera frase. ¿Adláteres son los que dan su voto sin conocer el programa?
lgtbi,https://www.meneame.net/story/vox-despliega-lona-madrid-contra-feminismo-movimiento-lgtbiq,3825434,38645401,275,269.0,Marco_Pagot,2023-06-18T15:33:55+00:00,0,13,"#269 muchacho serás tú. Yo te he mostrado que los “argumentos” que usáis contra el feminismo vienen de siglos atrás sin cambiar una coma. Incluido que el feminismo es algo radical. 

Ni con imágenes os dais por aludidos."
lgtbi,https://www.meneame.net/story/vox-despliega-lona-madrid-contra-feminismo-movimiento-lgtbiq,3825434,38645396,274,271.0,ochoceros,2023-06-18T15:33:35+00:00,0,14,#271 Claro. La lucha continúa.
lgtbi,https://www.meneame.net/story/vox-despliega-lona-madrid-contra-feminismo-movimiento-lgtbiq,3825434,38645390,273,106.0,aragones,2023-06-18T15:32:20+00:00,0,6,#106 ¿entonces cual será la tercera?
lgtbi,https://www.meneame.net/story/vox-despliega-lona-madrid-contra-feminismo-movimiento-lgtbiq,3825434,38645385,272,256.0,Sigo_intentandolo,2023-06-18T15:31:45+00:00,0,8,"#256 joder... Acusarme de votar a vox... 

Me podrás acusar de votar a más Madrid en vez de UP... Pero votar a vox.

Tu mensaje demuestra que no entiendes en el país en el que vives... (Igual que UP en estos últimos años) y piensas que todo el mundo está contigo o contra ti... Y la realidad es que a la gente le importas un bledo..."
lgtbi,https://www.meneame.net/story/vox-despliega-lona-madrid-contra-feminismo-movimiento-lgtbiq,3825434,38645370,271,249.0,--584621--,2023-06-18T15:29:29+00:00,0,10,"#249 Perfecto, pero para el resto de casos está la justicia. O debería."
lgtbi,https://www.meneame.net/story/vox-despliega-lona-madrid-contra-feminismo-movimiento-lgtbiq,3825434,38645366,270,162.0,entidá_desconocida,2023-06-18T15:29:03+00:00,0,6,"#162 Ya te digo, parece que está bien pagado. Aunque no es precisamente #23 el que lleva desde las 7 de la mañana hasta ahora, en pleno domingo, aquí dando el callo sin parar {troll}"
lgtbi,https://www.meneame.net/story/vox-despliega-lona-madrid-contra-feminismo-movimiento-lgtbiq,3825434,38645356,269,266.0,Sigo_intentandolo,2023-06-18T15:28:12+00:00,0,8,"#266 pues nada muchach@... 

Sigue sin intentar entender porque la realidad no se parece a lo que tú esperas... Y céntrate en cuerpo y alma en señalar al que no dice lo que dirías...  De esta forma te sentirás superior, pero no habrás convencido a nadie.

Da igual lo que te diga, siempre seré un xyz que solo merece ser insultado."
lgtbi,https://www.meneame.net/story/vox-despliega-lona-madrid-contra-feminismo-movimiento-lgtbiq,3825434,38645355,268,186.0,atrompicones,2023-06-18T15:28:11+00:00,1,19,"#186 ""Cuando Feijóo habla de hacer desaparecer el Ministerio de Igualdad, no se está refiriendo a una mera reestructuración del Ejecutivo con el fin de racionalizar los recursos públicos, como ha pretendido hacer ver. Lo que está planteando es una verdadera ofensiva conservadora en contra de los derechos alcanzados por las mujeres, de tal manera que, bajo la pérdida de prioridad política de la promoción de la igualdad de género a nivel institucional, subyace una agenda antifeminista de reversión encubierta de las conquistas alcanzadas en materia de igualdad."" ""La misoginia institucional del Partido Popular"" https://www.eldiario.es/contrapoder/misoginia-institucional-partido-popular_132_10281942.html"
lgtbi,https://www.meneame.net/story/vox-despliega-lona-madrid-contra-feminismo-movimiento-lgtbiq,3825434,38645354,267,19.0,War_lothar,2023-06-18T15:28:06+00:00,5,63,"#19 #200  Como digo en #256 . El movimiento lgtb tb lo han ensuciado con 40 casos sobre un homosexual que mintió en no se que cosa, o un homosexual que es un pedófilo, una noticia falsa de que le dan 1000000000 millones de euros a los gays por ser gays,  un montón de rumores absurdos sobre lo que ha hecho el transexual fulanito que nunca ha pasado, o de lo que van a hacer en un futuro tipo: en el mundo hay 4 tipos que se quieren cortar el brazo o la pierna porque sienten que han nacido tullidos así que van a dar subvenciones para que la gente se corte el brazo (esto último es verídico, es la gilipollez es suprema). Es que el movimiento LGTB ya no es lo que era, o el feminismo, o lo que sea. 

Es el método de la extrema derecha, expandir propaganda absurda para engañar a los pánfilos que no son la mayoría de la población, pero propagan su mensaje que es como un virus. A las mentiras de la extrema derecha hay que decir lo que son, basura. A los pánfilos que se las creen si no tienen posibilidad de entrar en razón también hay que llamarles por lo que son, y no andarse con medias tintas con gente que no merece la pena."
lgtbi,https://www.meneame.net/story/vox-despliega-lona-madrid-contra-feminismo-movimiento-lgtbiq,3825434,38645317,266,19.0,Marco_Pagot,2023-06-18T15:23:24+00:00,1,27,"#19 tu comentario muestra más de ti que de las personas por las que pretendes hablar.

¿cuándo no ha sido radical (para aquellOs a los que les incomoda) el feminismo? Desde siempre ha sido considerado un movimiento radical.

Eslóganes publicitarios como “es tan poco hombre que la mujer le ponía a hacer las tareas de la casa y a cuidar a los niños” han existido y se han difundido porque hasta que un hombre pusiera la lavadora era considerado algo radical.

El feminismo, al cuestionar constantemente el sistema, ha sido siempre radical. Por eso las mujeres comenzaron a ser tratadas como personas y se les permitió el derecho a voto.

Pero vamos, que no me extraña leer comentarios como el tuyo porque lo que buscáis es justificar una postura adulterando la realidad."
lgtbi,https://www.meneame.net/story/vox-despliega-lona-madrid-contra-feminismo-movimiento-lgtbiq,3825434,38645312,265,236.0,Varlak,2023-06-18T15:22:29+00:00,2,37,#236 Sabes que no hay ninguna ley que diga eso ni nada parecido ¿Verdad?
lgtbi,https://www.meneame.net/story/vox-despliega-lona-madrid-contra-feminismo-movimiento-lgtbiq,3825434,38645311,264,260.0,Atusateelpelo,2023-06-18T15:22:18+00:00,0,16,#260 La coherencia es algo que cualquier persona con media neurona aplicaria y no se deberia considerar una virtud...salvo con los politicos y sus adlateres que deberia alcanzar el rango de milagro.
lgtbi,https://www.meneame.net/story/vox-despliega-lona-madrid-contra-feminismo-movimiento-lgtbiq,3825434,38645301,263,151.0,Varlak,2023-06-18T15:20:14+00:00,0,11,#151 Uno de los bandos busca la igualdad y el respeto y el otro el bullying y la ley del más fuerte.
lgtbi,https://www.meneame.net/story/vox-despliega-lona-madrid-contra-feminismo-movimiento-lgtbiq,3825434,38645298,262,174.0,hasta_los_cojones,2023-06-18T15:19:51+00:00,0,10,#174 ¿Y cuál es la probabilidad de que las instituciones públicas sugieran que por ser hombre tus hijos son violadores en potencia?
lgtbi,https://www.meneame.net/story/vox-despliega-lona-madrid-contra-feminismo-movimiento-lgtbiq,3825434,38645297,261,99.0,Varlak,2023-06-18T15:19:46+00:00,1,21,"#99 De verdad, que cansinos sois con la culpabilizacion de la peña... Si Vox gana las elecciones es porque mucha gente se considera lo suficientemente facha como para votarlos, no porque digamos que son unos abusones reprimidos pollaheridas con problemas de autoestima."
lgtbi,https://www.meneame.net/story/vox-despliega-lona-madrid-contra-feminismo-movimiento-lgtbiq,3825434,38645290,260,257.0,--469178--,2023-06-18T15:18:59+00:00,0,20,#257 Pues ahora entiendo mejor #44
lgtbi,https://www.meneame.net/story/vox-despliega-lona-madrid-contra-feminismo-movimiento-lgtbiq,3825434,38645286,259,186.0,Varlak,2023-06-18T15:18:10+00:00,2,31,"#186 El PP se considera feminista, y Vox tiene, con mucha diferencia, la proporción más baja de voto femenino entre todos los partidos. Vuelve a intentarlo."
lgtbi,https://www.meneame.net/story/vox-despliega-lona-madrid-contra-feminismo-movimiento-lgtbiq,3825434,38645283,258,253.0,meta,2023-06-18T15:17:25+00:00,0,12,#253 ¿Por qué separas los signos de interrogación? Parece que seas un bot francés
lgtbi,https://www.meneame.net/story/vox-despliega-lona-madrid-contra-feminismo-movimiento-lgtbiq,3825434,38645273,257,235.0,Atusateelpelo,2023-06-18T15:15:12+00:00,0,16,#235 No considero la coherencia una virtud.
lgtbi,https://www.meneame.net/story/vox-despliega-lona-madrid-contra-feminismo-movimiento-lgtbiq,3825434,38645261,256,19.0,War_lothar,2023-06-18T15:14:03+00:00,1,20,"#19 Este mensaje demuestra que si sois tan tontos como la izquierda desde su atalaya piensa que sois. No que crea que la izquierda está detrás de ninguna atalaya, pero si te comes todas las mierdas de mentiras que hay desde la extrema derecha demuestra que sois tontos, porque os engañan como a tal ensuciando el discurso y metiendo raras excepciones como la norma, eso cuando no son directamente mentiras que os tragáis como si fueran delicatessen. Lo han hecho con el feminismo, y con la ocupación después metiendo la ocupación en el mismo saco que los inquilinos morosos, o que otras muchas cosas. Tragaréis con todo como pánfilos."
lgtbi,https://www.meneame.net/story/vox-despliega-lona-madrid-contra-feminismo-movimiento-lgtbiq,3825434,38645255,255,64.0,--731452--,2023-06-18T15:13:14+00:00,2,23,#64 En España se cumple poco y mal. En el resto de países están haciendo un esfuerzo importante. La Comisión Europea lo está impulsando.
lgtbi,https://www.meneame.net/story/vox-despliega-lona-madrid-contra-feminismo-movimiento-lgtbiq,3825434,38645251,254,91.0,--731452--,2023-06-18T15:12:37+00:00,1,17,"#91 La agenda 2030 no va de gusanos. Va de que todas las personas tengan suficiencia económica. Va de acceso a la salud, educación, derechos sociales y políticos, a vivir en comunidad. Va de que abras el grifo y salga agua que puedas beber y que puedas pagar. Va de que puedas pasear por la naturaleza. Va de que tu ciudad sea un lugar de vida y no un sitio inhóspito. Va de cultura e investigación para el progreso de la humanidad. Va de que tengas energía barata. Y muchas cosas más.
https://www.un.org/sustainabledevelopment/es/development-agenda/"
lgtbi,https://www.meneame.net/story/vox-despliega-lona-madrid-contra-feminismo-movimiento-lgtbiq,3825434,38645218,253,197.0,--731452--,2023-06-18T15:08:34+00:00,0,8,"#197 Hay que joderse, llegas nuevo a menéame y te dedicas a insultar al personal.
¡ Qué ganas de que pasen las elecciones, de verdad !"
lgtbi,https://www.meneame.net/story/vox-despliega-lona-madrid-contra-feminismo-movimiento-lgtbiq,3825434,38645217,252,207.0,Kichito,2023-06-18T15:08:19+00:00,0,10,#207 Jijiji. Gran verdad.
lgtbi,https://www.meneame.net/story/vox-despliega-lona-madrid-contra-feminismo-movimiento-lgtbiq,3825434,38645210,251,98.0,Itrio,2023-06-18T15:06:52+00:00,2,27,#98 Pues lamentablemente parece que el caladero donde echan la red está a rebosar de merluzos .
lgtbi,https://www.meneame.net/story/vox-despliega-lona-madrid-contra-feminismo-movimiento-lgtbiq,3825434,38645170,250,,chemari,2023-06-18T15:00:03+00:00,0,10,"Vamos, que no tienen programa"
lgtbi,https://www.meneame.net/story/vox-despliega-lona-madrid-contra-feminismo-movimiento-lgtbiq,3825434,38645155,249,244.0,ochoceros,2023-06-18T14:57:24+00:00,0,14,"#244 Las relaciones son como la calle; te puedes encontrar de todo dependiendo dónde te metas. 

A mi desde pequeño me enseñaron a distinguir en qué barrios podía tener problemas y cuáles eran más seguros, de no haberlo hecho igual estaba llorando por las esquinas porque me atracan todos los días. Que en un mundo ideal no me tendría que atracar nadie, pero como hijoputas hay en todas partes, igual me clavan en un barrio chungo que en la oficina del banco pidiendo la hipoteca, si no voy con cuidado. Y los del banco lo hacen con la ley en la mano. 

TL;DR Hace falta más educación para desenvolverse en esta vida ante las posibles injusticias con las que uno se pueda tropezar."
lgtbi,https://www.meneame.net/story/vox-despliega-lona-madrid-contra-feminismo-movimiento-lgtbiq,3825434,38645146,248,108.0,tusko,2023-06-18T14:55:50+00:00,0,11,#108 Más chupitos para todos!!
lgtbi,https://www.meneame.net/story/vox-despliega-lona-madrid-contra-feminismo-movimiento-lgtbiq,3825434,38645140,247,85.0,museal11,2023-06-18T14:55:10+00:00,1,15,#85 Este es su gran programa político
lgtbi,https://www.meneame.net/story/vox-despliega-lona-madrid-contra-feminismo-movimiento-lgtbiq,3825434,38645130,246,91.0,xiobit,2023-06-18T14:53:32+00:00,0,10,"#91 Te ha faltado añadir que manipulan el clima con chemtrails y que nos ocultan tecnologia alienigena que acabaria con el hambre.

Anda y ves a ponerte el gorrito de plata."
lgtbi,https://www.meneame.net/story/vox-despliega-lona-madrid-contra-feminismo-movimiento-lgtbiq,3825434,38645111,245,150.0,neo1999,2023-06-18T14:49:41+00:00,0,11,"#150 Es lo de siempre. La mayoría de partidos políticos parecen productos comerciales y buscan su propia rentabilidad.
Sólo escogen una idea que tenga mucho tirón y la defienden para obtener rentabilidad en forma de poder.
Puede ser un nacionalismo del color que escojas, la constitución o una magufada de turno. La temática es lo de menos. Ni siquiera muchos de ellos creen en lo que dicen defender ya que sólo defienden su sillón y su rédito personal."
lgtbi,https://www.meneame.net/story/vox-despliega-lona-madrid-contra-feminismo-movimiento-lgtbiq,3825434,38645102,244,68.0,--584621--,2023-06-18T14:47:41+00:00,2,26,"#68 Te parece aceptable vivir con la espada de damocles de que a tu mujer se le vaya la pinza, te denuncie y no tengas derechos para defenderte??? Olé tus OO."
lgtbi,https://www.meneame.net/story/vox-despliega-lona-madrid-contra-feminismo-movimiento-lgtbiq,3825434,38645100,243,229.0,ostiayajoder,2023-06-18T14:47:22+00:00,0,7,"#229 siempre ha sido igual, pero nada, siempre ha habido gente dic9endo lo q tu."
lgtbi,https://www.meneame.net/story/vox-despliega-lona-madrid-contra-feminismo-movimiento-lgtbiq,3825434,38645091,242,230.0,ochoceros,2023-06-18T14:44:15+00:00,0,14,"#230 ""Fue a la policía y le dijeron que la ignorara y esperase a que se le pasase."" Esa es la misma respuesta que siempre ha recibido una chica que pretende denunciar en una comisaría a un señor que le sigue por la calle diciéndole barbaridades, aunque ella sea una menor. En caso de violación sin heridas (o hasta con ellas), lo mismo. Y que no se vista tan provocativa.

El problema de fondo es que tu amigo SÍ eligió mantener esa relación de entrada, y él puede recabar pruebas de llamadas y mensajes para una denuncia por acoso. Hijoputas siempre va a haber en esta vida, en todos lados cuecen habas, la cosa es tener mecanismos para defenderse y ahora los tienen ambos."
lgtbi,https://www.meneame.net/story/vox-despliega-lona-madrid-contra-feminismo-movimiento-lgtbiq,3825434,38645090,241,69.0,--584621--,2023-06-18T14:44:11+00:00,0,10,#69 Imagina un mundo donde los ciudadanos pudiéramos votar propuestas concretas y no packs ideológicos. Un lugar tan loco como Suiza...
lgtbi,https://www.meneame.net/story/vox-despliega-lona-madrid-contra-feminismo-movimiento-lgtbiq,3825434,38645087,240,231.0,JackNorte,2023-06-18T14:44:00+00:00,1,22,"#231  Lo que no se entiende , se pregunta, cuando algo se entiende y se quiere seguir mintiendo y odiando se ignora, y se sigue mintiendo.
Y funciona , luego cada cual recogera su cosecha. Solo es cuestion de tiempo, no se esta haciendo nada nuevo que no se haya hecho antes."
lgtbi,https://www.meneame.net/story/vox-despliega-lona-madrid-contra-feminismo-movimiento-lgtbiq,3825434,38645085,239,48.0,--584621--,2023-06-18T14:42:57+00:00,0,10,#48 Pastafari! {lol}
lgtbi,https://www.meneame.net/story/vox-despliega-lona-madrid-contra-feminismo-movimiento-lgtbiq,3825434,38645074,238,225.0,SpanishPrime,2023-06-18T14:41:58+00:00,1,19,"#225 Ultraderecha había y hay en todos los países de Europa. España era una anomalía porque hasta la aparición de V0X iban camuflados dentro el PP. 

Yo prefiero que vayan por separado y mostrando sus ideas a las claras, para que la gente sepa a quien está votando. Otra cosa es que, como bien dices, no sea consciente de las consecuencias que le puede acarrear. 

De hecho, yo preferiría que no fueran tan hipócritas y utilizaran escudos franquistas o esvásticas en su imagen corporativa, pero bueno, ya están ahí sus seguidores en las redes para sacarnos de dudas. {lol}"
lgtbi,https://www.meneame.net/story/vox-despliega-lona-madrid-contra-feminismo-movimiento-lgtbiq,3825434,38645073,237,13.0,--584621--,2023-06-18T14:41:39+00:00,0,10,"#13 Exacto. Acción, reacción."
lgtbi,https://www.meneame.net/story/vox-despliega-lona-madrid-contra-feminismo-movimiento-lgtbiq,3825434,38645068,236,55.0,--584621--,2023-06-18T14:40:35+00:00,10,-9,"#55 Buena ley. Ahora que deroguen todas las que hacen que un hombre divorciado pierda el usufructo del domicilio familiar, que sea el único que tenga que pagar una pensión alimenticia a los hijos, etc."
lgtbi,https://www.meneame.net/story/vox-despliega-lona-madrid-contra-feminismo-movimiento-lgtbiq,3825434,38645065,235,223.0,--469178--,2023-06-18T14:39:57+00:00,0,20,"#223 Discrepo completamente, es algo absolutamente subjetivo. 
A pocos conozco que se definan como incoherentes, a esos les creería sin dudarlo.
Y no digo que no lo seas, no te conozco en absoluto, digo que para mí no tiene ningún valor que alguien se defina como coherente. Creo que las ""virtudes"" propias las han de definir otros.
Un saludo."
lgtbi,https://www.meneame.net/story/vox-despliega-lona-madrid-contra-feminismo-movimiento-lgtbiq,3825434,38645059,234,126.0,--584621--,2023-06-18T14:38:58+00:00,0,10,"#126 Lo de siempre. https://es.m.wikipedia.org/wiki/Pendiente_resbaladiza
Acaso no hay mecanismos y contrapoderes más que suficientes como para cortar de raíz a un partido que haga cosas abiertamente anticonstitucionales o que incumplen con la legalidad internacional?"
lgtbi,https://www.meneame.net/story/vox-despliega-lona-madrid-contra-feminismo-movimiento-lgtbiq,3825434,38645057,233,165.0,borre,2023-06-18T14:38:40+00:00,1,26,"#165 Si te parecen van a poner dos años, así partiendo de la nada."
lgtbi,https://www.meneame.net/story/vox-despliega-lona-madrid-contra-feminismo-movimiento-lgtbiq,3825434,38645051,232,70.0,ogrexxx,2023-06-18T14:37:48+00:00,0,6,#70 la equiparación de los permisos de maternidad y paternidad también fue para que los empresarios no tuviesen como motivo para no contratar mujeres el hecho de que su permiso era de más duración.
lgtbi,https://www.meneame.net/story/vox-despliega-lona-madrid-contra-feminismo-movimiento-lgtbiq,3825434,38645047,231,24.0,--584621--,2023-06-18T14:35:59+00:00,3,-16,#24 Hablas del odio a los hombres instigado por el ministerio de igualdad?
lgtbi,https://www.meneame.net/story/vox-despliega-lona-madrid-contra-feminismo-movimiento-lgtbiq,3825434,38645044,230,222.0,Khirs,2023-06-18T14:34:41+00:00,1,13,"#222 Si te sale una loca de pareja da igual como la trates Si es suerte.
Yo tengo un amigo que tuvo esa mala suerte. La dejo y ella empezó a acosarle. A seguirle por la calle. Ir a los mismos locales. Ir a la salida de su trabajo y perseguirle en coche.
Llamarle a todas horas.
Molestarle en cuanto podía.
Fue a la policía y le dijeron que la ignorara y esperase a que se le pasase.
Y que ni se le ocurriera decirla nada.
Y mejor que no la denunciará porque si lo hacía y ella decía cualquier cosa de el aunque fuera mentira quien acabaría en el calabozo y luego en juicio  sería el. Y teniendo que probar su inocencia.
Ese el es el problema del que hablamos. Imagínate que le dijera eso la policía a una mujer en el mismo caso."
lgtbi,https://www.meneame.net/story/vox-despliega-lona-madrid-contra-feminismo-movimiento-lgtbiq,3825434,38645043,229,140.0,--584621--,2023-06-18T14:34:38+00:00,0,10,"#140 Falacia de modernidad. Que 2+2 son 5  es falso porque quién lo dice es una puta loca contemporánea y son 4 unicamente porque siempre se ha pensado que son 4.
Pues no. Se puede llegar a buenas conclusiones y pedir cosas muy sensatas en el presente y se han pedido cosas muy descerebradas en el pasado. 
La flecha del tiempo no tiene nada que ver en esto."
lgtbi,https://www.meneame.net/story/vox-despliega-lona-madrid-contra-feminismo-movimiento-lgtbiq,3825434,38645041,228,,Mltfrtk,2023-06-18T14:34:18+00:00,0,13,"Consideran que el feminismo es una basura: prometen una moderna desigualdad entre hombres y mujeres.
Consideran una basura a: lesbianas, gays, bisexuales, transgénero, queer, intersexuales, asexuales y a otros tipos de sexualidades.
Consideran que el comunismo es una basura, al igual que el movimiento independentista catalan y el movimiento okupa.
Consideran que la agenda 2030 es una basura y no saben ni lo que es.

En resumen: Son una manada de nazis peligrosos, que lo único que pretenden es eliminar derechos de las personas."
lgtbi,https://www.meneame.net/story/vox-despliega-lona-madrid-contra-feminismo-movimiento-lgtbiq,3825434,38645040,227,200.0,Sigo_intentandolo,2023-06-18T14:34:09+00:00,2,27,"#200 claro, el mensaje ""los radicales de la izquierda se han apoderado del símbolo, pues lo atacamos"". Ellos no van a decir nunca abiertamente que no quieren homosexuales.

Es exactamente igual cuando aquí (meneame) se ataca a la bandera españolabporque la usan ""los fachas"""
lgtbi,https://www.meneame.net/story/vox-despliega-lona-madrid-contra-feminismo-movimiento-lgtbiq,3825434,38645027,226,12.0,--584621--,2023-06-18T14:31:31+00:00,0,10,"#12 Tal cual. Se han descalabrado electoralmente pero siguen en las mismas. Se puede ser feminista de la igualad de derechos y obligaciones y no ser feminista odiosa vengativa y difamadora de todo lo masculino.
Ya lo dice el refrán, cuando el tonto coge una linde, la linde se acaba y el tonto sigue."
lgtbi,https://www.meneame.net/story/vox-despliega-lona-madrid-contra-feminismo-movimiento-lgtbiq,3825434,38645019,225,218.0,JackNorte,2023-06-18T14:30:14+00:00,1,19,"#218 Si, antes las mentiras el odio eran reprobables ahora en muchas circunstancias son premiadas. Y algunos se aprovechan de ello como es normal , espero que cuando toque pagarlo nadie se ponga de perfil diciendo que no sabian a donde encaminaba."
lgtbi,https://www.meneame.net/story/vox-despliega-lona-madrid-contra-feminismo-movimiento-lgtbiq,3825434,38645007,224,186.0,--584621--,2023-06-18T14:27:15+00:00,0,10,#186 Porque ser mujer no es igual a ser comunista.
lgtbi,https://www.meneame.net/story/vox-despliega-lona-madrid-contra-feminismo-movimiento-lgtbiq,3825434,38645004,223,220.0,Atusateelpelo,2023-06-18T14:26:48+00:00,0,16,"#220 La coherencia no es algo subjetivo precisamente, o se es o no se es. Y la hemeroteca esta ahi para ver si lo soy o no con el paso del tiempo.

Que sea yo o sea otra persona quien lo diga es irrelevante."
lgtbi,https://www.meneame.net/story/vox-despliega-lona-madrid-contra-feminismo-movimiento-lgtbiq,3825434,38644989,222,209.0,ochoceros,2023-06-18T14:24:50+00:00,0,14,"#209 En mi caso no es suerte, es tratar normalmente a mi pareja.

Y no entendido en el sentido de ""normalmente"" porque tradicionalmente siempre se ha hecho así, si no sabiendo distinguir como ser humano y adulto lo que está bien y lo que está mal, así como las atribuciones y responsabilidades de cada persona dentro de la relación y la vida en común."
lgtbi,https://www.meneame.net/story/vox-despliega-lona-madrid-contra-feminismo-movimiento-lgtbiq,3825434,38644987,221,,Mltfrtk,2023-06-18T14:24:47+00:00,0,13,"Consideran que el feminismo es una basura: prometen una moderna desigualdad entre hombres y mujeres.
Consideran una basura a: lesbianas, gays, bisexuales, transgénero, queer, intersexuales, asexuales y a otros tipos de sexualidades.
Consideran que el comunismo es una basura, Sl gul que el movimiento"
lgtbi,https://www.meneame.net/story/vox-despliega-lona-madrid-contra-feminismo-movimiento-lgtbiq,3825434,38644986,220,217.0,--469178--,2023-06-18T14:24:28+00:00,1,33,#217 Lo de definirse uno mismo coherente no sé si tiene demasiado valor.
lgtbi,https://www.meneame.net/story/vox-despliega-lona-madrid-contra-feminismo-movimiento-lgtbiq,3825434,38644980,219,70.0,Necrid,2023-06-18T14:22:47+00:00,0,9,"#70 Franco construyo pantanos, por ende, nunca fue en contra de los intereses de los ciudadanos.

Fuck logic!! {troll}"
lgtbi,https://www.meneame.net/story/vox-despliega-lona-madrid-contra-feminismo-movimiento-lgtbiq,3825434,38644973,218,3.0,SpanishPrime,2023-06-18T14:21:21+00:00,0,7,#3 Precisamente porque no se esconden tienen el tirón que tienen. {roll}
lgtbi,https://www.meneame.net/story/vox-despliega-lona-madrid-contra-feminismo-movimiento-lgtbiq,3825434,38644962,217,210.0,Atusateelpelo,2023-06-18T14:19:42+00:00,0,16,"#210 El voto lo tienen...de momento. Cuando saquen el programa puede ser que lo sigan teniendo...o lo pierdan. Y no es la 1ª vez que lo digo (y ya hace meses, por cierto)

https://www.meneame.net/story/juan-carlos-monedero-designar-yolanda-diaz-sucesora-pablo-fue/c035#c-35
https://www.meneame.net/story/podemos-propone-limitar-expansion-mercadona-lidl-carrefour-capaz/c0173#c-173

Edito: Tengo la mala costumbre de ser coherente y no un veleta que opina una cosa u otra segun quien o como se diga."
lgtbi,https://www.meneame.net/story/vox-despliega-lona-madrid-contra-feminismo-movimiento-lgtbiq,3825434,38644954,216,186.0,Necrid,2023-06-18T14:18:40+00:00,0,9,"#186 porque estar en contra del ideario feminista actual no es misógino, por mucho que se repita."
lgtbi,https://www.meneame.net/story/vox-despliega-lona-madrid-contra-feminismo-movimiento-lgtbiq,3825434,38644951,215,32.0,SpanishPrime,2023-06-18T14:18:02+00:00,1,17,#32 Free Agravange! {hug}
lgtbi,https://www.meneame.net/story/vox-despliega-lona-madrid-contra-feminismo-movimiento-lgtbiq,3825434,38644941,214,91.0,--754197--,2023-06-18T14:16:36+00:00,1,11,#91 ¿Qué tal sienta la polla de pagascal y narcojoonsiio metida hasta el duodeno? ¿Y mamansio riéndose en tu cara mientras defiendes que se bajen los impuestos a los ricos? {lol}
lgtbi,https://www.meneame.net/story/vox-despliega-lona-madrid-contra-feminismo-movimiento-lgtbiq,3825434,38644920,213,,CondeMor,2023-06-18T14:13:05+00:00,0,7,Por fin algo de sensatez.
lgtbi,https://www.meneame.net/story/vox-despliega-lona-madrid-contra-feminismo-movimiento-lgtbiq,3825434,38644918,212,99.0,Anomalocaris,2023-06-18T14:12:58+00:00,0,7,#99 Eso de restregarselo por la cara en un comentario que habla de pollas no suena muy bien.
lgtbi,https://www.meneame.net/story/vox-despliega-lona-madrid-contra-feminismo-movimiento-lgtbiq,3825434,38644908,211,6.0,domadordeboquerones,2023-06-18T14:11:01+00:00,4,-20,#6 De las cuales cuantas son femilocas
lgtbi,https://www.meneame.net/story/vox-despliega-lona-madrid-contra-feminismo-movimiento-lgtbiq,3825434,38644901,210,66.0,--469178--,2023-06-18T14:09:28+00:00,1,26,"#66 Por cierto, te agradecería que me enviases el programa de sumar, Yo aún no lo he podido ver, por eso no tengo decidido mi voto."
lgtbi,https://www.meneame.net/story/vox-despliega-lona-madrid-contra-feminismo-movimiento-lgtbiq,3825434,38644882,209,68.0,Khirs,2023-06-18T14:05:52+00:00,2,16,#68 Tu tienes esa suerte. Los hay que no la tienen y con las leyes actuales andan jodidos. Pensars que t u caso es exactamente igual que del resto no es realista. Las leyes tienen que tener en cuenta todas las causisticas y defender a todos por igual no solo a una parte.
lgtbi,https://www.meneame.net/story/vox-despliega-lona-madrid-contra-feminismo-movimiento-lgtbiq,3825434,38644869,208,65.0,Khirs,2023-06-18T14:03:50+00:00,4,52,"#65 Yo no estoy de acuerdo en el termino izquierda radical. Eso no es ni izquierda ni radical. EL termino izquierda seria para gente que defiende a los trabajadores y radical seria por ejemplo que secuestraen a empresarios, quemasen fabricas o algo asi.
No existe la izquierda radical en España. De hecho no existe ni la izquierda ahora mismo."
lgtbi,https://www.meneame.net/story/vox-despliega-lona-madrid-contra-feminismo-movimiento-lgtbiq,3825434,38644856,207,190.0,kkmonokk,2023-06-18T14:01:58+00:00,0,9,"#190 Te recomiendo esta canción:

https://youtu.be/UrC7MpIEmyM?t=77

Escucha la letra, te gustará! {grin}"
lgtbi,https://www.meneame.net/story/vox-despliega-lona-madrid-contra-feminismo-movimiento-lgtbiq,3825434,38644854,206,151.0,--720785--,2023-06-18T14:01:50+00:00,1,10,"#151 No estoy de acuerdo en eso. De hecho, es de lo poco en lo que coincido con Irene Montero

https://m.youtube.com/watch?v=ING99dJMIps&pp=ygUYSXJlbmUgbW9udGVybyBpbmRhIHZvdG9z

De hecho, los mayores culpables de que yo votase Podemos en 2014 fueron Inda y Rojo contra Iglesias en LaSexta"
lgtbi,https://www.meneame.net/story/vox-despliega-lona-madrid-contra-feminismo-movimiento-lgtbiq,3825434,38644848,205,66.0,--469178--,2023-06-18T14:00:59+00:00,0,20,"#66 ¿Casi todo? No derogaron siquiera la reforma laboral. Apenas he mencionado algunas medidas propuesta y solo el salario minimo es un gran logro de Trabajo.
Pero bueno , harto ya de las mismas conversaciones. Todos de acuerdo con las propuestas e ideas hasta que se nombra quien es el que lo propone.
Un saludo."
lgtbi,https://www.meneame.net/story/vox-despliega-lona-madrid-contra-feminismo-movimiento-lgtbiq,3825434,38644845,204,88.0,EISev,2023-06-18T14:00:50+00:00,0,12,#88 me reía más con @rapero
lgtbi,https://www.meneame.net/story/vox-despliega-lona-madrid-contra-feminismo-movimiento-lgtbiq,3825434,38644821,203,31.0,EISev,2023-06-18T13:56:01+00:00,1,18,"#31 Un mal no hace que añores otro mal, te lo aseguro Uf no se, visto lo que hay hasta se echa de menos a ZP. Al menos no era un prepotente buscazascas"
lgtbi,https://www.meneame.net/story/vox-despliega-lona-madrid-contra-feminismo-movimiento-lgtbiq,3825434,38644815,202,6.0,--660667--,2023-06-18T13:55:19+00:00,0,6,"#6 Las encuestas dicen que votarán a podemos, digo a sumar, o lo que sea.

O igual no, porque debido al machismo, no han aprendido a votar bien."
lgtbi,https://www.meneame.net/story/vox-despliega-lona-madrid-contra-feminismo-movimiento-lgtbiq,3825434,38644814,201,180.0,Khirs,2023-06-18T13:55:15+00:00,1,13,#180 Anda vuelve a leerte mi comentario y dale otra vuelta. Y si de verdad piensas que los votanes de Vox son todos homofobos y votan por odio si tienes un gran problema. Y es a lo que me referia con que hace falta autocritica.
lgtbi,https://www.meneame.net/story/vox-despliega-lona-madrid-contra-feminismo-movimiento-lgtbiq,3825434,38644804,200,19.0,maria1988,2023-06-18T13:53:46+00:00,3,37,#19 ¿Y la bandera LGTBI? ¿Tampoco eso es atacar al colectivo homosexual?
lgtbi,https://www.meneame.net/story/vox-despliega-lona-madrid-contra-feminismo-movimiento-lgtbiq,3825434,38644785,199,138.0,EISev,2023-06-18T13:50:17+00:00,0,12,"#138 yo hablo por mí en esto

Soy más de izquierdas que Anguita. No trago con el discurso que me llama privilegiado mientras las hijas de Botín al ser mujeres ayudan a su empresa a destacar en el Plan de Igualdad. No voy a votar a Podemos y sí, lo hice en el pasado. Pero tampoco voy a votar al PP ni a Vox en la vida.

Pero el que antes votaba a UCD, CDS, UPyD y hasta a Ciudadanos le espanta un PSOE que pacta y saca la ley del solo sí es sí y los problemas del currito medio se la soplan. Pues ese voto sí se mueve a Vox"
lgtbi,https://www.meneame.net/story/vox-despliega-lona-madrid-contra-feminismo-movimiento-lgtbiq,3825434,38644783,198,33.0,--754170--,2023-06-18T13:49:56+00:00,2,28,"#33 Son neonazis medievales, no entienden nada."
lgtbi,https://www.meneame.net/story/vox-despliega-lona-madrid-contra-feminismo-movimiento-lgtbiq,3825434,38644768,197,148.0,meta,2023-06-18T13:48:49+00:00,0,12,#148 Hijo del grunge
lgtbi,https://www.meneame.net/story/vox-despliega-lona-madrid-contra-feminismo-movimiento-lgtbiq,3825434,38644754,196,186.0,Caspolino,2023-06-18T13:47:09+00:00,0,5,"#186 La mujer aprenda aen silencio, con toda sujeción. 12 Porque no permito a la mujer enseñar, ni ejercer dominio sobre el hombre, sino estar en silencio. 13 Porque Adán fue aformado primero, después Eva; 14 y Adán no fue engañado, sino la mujer, siendo aengañada, incurrió en transgresión."
lgtbi,https://www.meneame.net/story/vox-despliega-lona-madrid-contra-feminismo-movimiento-lgtbiq,3825434,38644751,195,2.0,fpove,2023-06-18T13:46:52+00:00,2,25,"#2 De tontos nada, saben lo que hacen y les funciona."
lgtbi,https://www.meneame.net/story/vox-despliega-lona-madrid-contra-feminismo-movimiento-lgtbiq,3825434,38644743,194,150.0,Caspolino,2023-06-18T13:45:46+00:00,0,5,"#150 Pues a la agenda 2030 le pueden dar poculo  y bien ... por lo que a mi respecta que  circulen todos los coches independientemente de su edad ...y si hay problemas de energia se use lo que haya disponible , si es necesario el carbón , que bien que lo hace polonia ... Dais pena todos esos pringaos que os tragais la mierda del cambio climático y os tragais todos los bulos ..."
lgtbi,https://www.meneame.net/story/vox-despliega-lona-madrid-contra-feminismo-movimiento-lgtbiq,3825434,38644736,193,,stroke,2023-06-18T13:44:29+00:00,0,9,En fin....
lgtbi,https://www.meneame.net/story/vox-despliega-lona-madrid-contra-feminismo-movimiento-lgtbiq,3825434,38644721,192,138.0,--660667--,2023-06-18T13:41:07+00:00,0,6,"#138 creo que puedes hacerlo mejor.

""La gente vota el mal porque no es maligna. Makes sense."""
lgtbi,https://www.meneame.net/story/vox-despliega-lona-madrid-contra-feminismo-movimiento-lgtbiq,3825434,38644717,191,,jsmnx7,2023-06-18T13:40:27+00:00,0,6,"Putos fachas. Hay que matarlos a todos. Yo no lo veo mal. Hay que legalizar la pedofilia, zoofilia, todos los géneros fluidos, la necrofilia etc estamos en un mundo libre."
lgtbi,https://www.meneame.net/story/vox-despliega-lona-madrid-contra-feminismo-movimiento-lgtbiq,3825434,38644712,190,85.0,Kichito,2023-06-18T13:39:56+00:00,6,41,"#85 VOX me da asco, pero ONU es también una panda de indeseables."
lgtbi,https://www.meneame.net/story/vox-despliega-lona-madrid-contra-feminismo-movimiento-lgtbiq,3825434,38644696,189,151.0,--660667--,2023-06-18T13:37:28+00:00,0,6,"#151 la vida es muy injusta. 

Demasiado poco lloramos."
lgtbi,https://www.meneame.net/story/vox-despliega-lona-madrid-contra-feminismo-movimiento-lgtbiq,3825434,38644684,188,102.0,Eibi6,2023-06-18T13:35:04+00:00,0,9,#102 ninguno salvo el de poder mear de pié
lgtbi,https://www.meneame.net/story/vox-despliega-lona-madrid-contra-feminismo-movimiento-lgtbiq,3825434,38644683,187,,tommyx,2023-06-18T13:34:59+00:00,0,6,Españolitos de pulsera.
lgtbi,https://www.meneame.net/story/vox-despliega-lona-madrid-contra-feminismo-movimiento-lgtbiq,3825434,38644681,186,1.0,atrompicones,2023-06-18T13:34:56+00:00,1,17,"#1 Repito la pregunta:

¿Cómo puede ser que a dos partidos misóginos los hayan votado tantas mujeres?"
lgtbi,https://www.meneame.net/story/vox-despliega-lona-madrid-contra-feminismo-movimiento-lgtbiq,3825434,38644664,185,85.0,Eibi6,2023-06-18T13:30:45+00:00,6,66,#85 Vox a favor de que la gente pase hambre en el mundo y no tenga derecho al agua potable
lgtbi,https://www.meneame.net/story/vox-despliega-lona-madrid-contra-feminismo-movimiento-lgtbiq,3825434,38644645,184,138.0,discoaguapanela,2023-06-18T13:27:18+00:00,0,7,"#138 
Claro, porque si no eres feminista, eres machista. O eres de izquierdas o facha.  O eres de derechas o comunista."
lgtbi,https://www.meneame.net/story/vox-despliega-lona-madrid-contra-feminismo-movimiento-lgtbiq,3825434,38644639,183,,--754170--,2023-06-18T13:26:16+00:00,1,19,NO VOTES AL PARTIDO NAZI.
lgtbi,https://www.meneame.net/story/vox-despliega-lona-madrid-contra-feminismo-movimiento-lgtbiq,3825434,38644632,182,2.0,cdya,2023-06-18T13:24:51+00:00,1,19,"#2 No menosprecies a la España profunda, están tomando el poder a base de bulos y mentiras."
lgtbi,https://www.meneame.net/story/vox-despliega-lona-madrid-contra-feminismo-movimiento-lgtbiq,3825434,38644629,181,176.0,--754170--,2023-06-18T13:24:30+00:00,0,6,#176 Solo deseo que está vez Núremberg juzgue hasta La Línea.
lgtbi,https://www.meneame.net/story/vox-despliega-lona-madrid-contra-feminismo-movimiento-lgtbiq,3825434,38644625,180,108.0,JoseLuis80,2023-06-18T13:23:47+00:00,5,59,"#108 Más autocrítica y pensar que algo se está haciendo mal para que exista gente en contra de las leyes LGTB, feminismo Es decir, que si hay homófobos es porque los gays algo habremos hecho mal. Si hay machismo, es porque las mujeres algo habrán hecho mal. ¿No?

¿Me puedes explicar que hicieron mal las mujeres y los gays del siglo XIX para que la sociedad estuviera en su contra?
¿Y los del siglo XI? ¿Y los del siglo III?

Lo que faltaba ya, que convirtáis a las víctimas en verduros.
Siempre ha existido odio hacia los gays y hacia las mujeres, y este odio del siglo XXI no es distinto al odio histórico. Es odiar al diferente, a la minoría, al que tiene menos derechos que yo, y frenar su avance para que siga teniendo menos derechos que yo.
Y si me equivoco, dime 1 sola cosa que haya hecho la comunidad LGTB que damnifique a los heterosexuales, 1 sola cosa que traiga consecuencias negativas para las personas hetero. No serás capaz, puesto que no lo hay.

Es el odio por el odio. Es la pancarta de VOX, desde el siglo primero y hasta hoy. Y si buscas culpables fuera de los mentecortas que han colgado y que vociferan detrás de esas pancartas, estás equivocado.

Yo ya estoy hecho a la idea, sé que me moriré en unos años sin ver una libertad real para los gays, que nos seguirán señalando y rechazando en hoteles, restaurantes, etc. que seguiremos siendo ilegales en cantidad de países, y que en algunos donde sí hayamos conseguido derechos, los perderemos, como está pasando en Polonia o EEUU.
Y esto seguirá pasando SIEMPRE en la historia de la humanidad, porque en cuanto hay un paso para delante, hay otro paso para atrás. En cuanto ya no permiten humillar a los gays sin consecuencias legales, se empieza con el discurso de que vivimos demasiado bien y que ahora son los hetero los pobres acorralados.

Pero ya lo que me faltaba por ver es que encima sea culpa nuestra. Es el discurso de ""ellos se lo han buscado"". Es el nuevo ""las violan porque las visten como putas"".
En fin."
lgtbi,https://www.meneame.net/story/vox-despliega-lona-madrid-contra-feminismo-movimiento-lgtbiq,3825434,38644624,179,167.0,ochoceros,2023-06-18T13:23:28+00:00,0,14,"#167 ¿Ayudas a minorías NECESITADAS? ¿O me hablas del PP y Vox haciendo que todos los españoles paguen las bonificaciones autonómicas de los impuestos de Sucesiones, Donaciones y Patrimonio a las personas que más dinero tienen?

Porque la gran mayoría de la población ya está exenta de su pago por no llegar a mínimos. Por ejemplo, en Madrid los <20.000 multimillonarios que se libran de pagar ~1.000 millones de euros al año representan el 0.26% de la población, pero al ser un impuesto estatal bonificado por la autonomía, esos ~1.000 millones de euros los tienen que pagar ADICIONALMENTE con sus impuestos entre todos los madrileños. Y el impuesto de Sucesiones y Donaciones representa casi 3 veces esa cifra.

Esa extraña ""solidaridad"" es la que propugna la derecha y ultraderecha, donde son los pobres quienes ayudan a los multimillonarios. Porque patatas. Porque la economía es su única meta y los derechos pasan a segundo plano o a ser inexistentes."
lgtbi,https://www.meneame.net/story/vox-despliega-lona-madrid-contra-feminismo-movimiento-lgtbiq,3825434,38644622,178,19.0,sauron34_1,2023-06-18T13:22:41+00:00,2,29,"#19 Y las personas LGBT que votan a esta gente, qué? Están en contra de sus propios derechos? Hay mucha gente simplemente imbécil, no les des tanto crédito."
lgtbi,https://www.meneame.net/story/vox-despliega-lona-madrid-contra-feminismo-movimiento-lgtbiq,3825434,38644611,177,,IMU,2023-06-18T13:19:45+00:00,0,6,"El propietario deo edificio tendrá seguro anti incendios??
Será la lona de material ingnifugo??"
lgtbi,https://www.meneame.net/story/vox-despliega-lona-madrid-contra-feminismo-movimiento-lgtbiq,3825434,38644569,176,92.0,P911B75,2023-06-18T13:13:52+00:00,3,22,#92 Como vamos a disfrutar estos 4 años. No apareceis por ninguna comunidad ni ayuntimiento y en breve del estado.
lgtbi,https://www.meneame.net/story/vox-despliega-lona-madrid-contra-feminismo-movimiento-lgtbiq,3825434,38644562,175,,Ranma12,2023-06-18T13:12:50+00:00,0,7,"Es una campaña muy lógica desde el punto de vista de vox. A muchos de sus votantes no les importa (o incluso están en contra) el feminismo, el LGTBIQPM y similares. A muchos que no son votantes, tampoco.
Podemos pasó de la lucha de clases a centrarse en feminismo, LGetc y similares. Resultado: del potencial sorpasso a la próxima desaparición."
lgtbi,https://www.meneame.net/story/vox-despliega-lona-madrid-contra-feminismo-movimiento-lgtbiq,3825434,38644561,174,43.0,SlayerNina,2023-06-18T13:12:40+00:00,2,30,"#43 y algunas mujeres son mujeres y no necesitan pensar en terceros porque su propio pellejo va antes, y con razón. Por pura estadística es más probable que te violen a que te acusen de violación"
lgtbi,https://www.meneame.net/story/vox-despliega-lona-madrid-contra-feminismo-movimiento-lgtbiq,3825434,38644558,173,73.0,P911B75,2023-06-18T13:12:25+00:00,0,7,#73 Ojalá. Una de privilegios para Extremadura deberá de haber y de algún sitio tendrá que salir.
lgtbi,https://www.meneame.net/story/vox-despliega-lona-madrid-contra-feminismo-movimiento-lgtbiq,3825434,38644553,172,161.0,ochoceros,2023-06-18T13:12:12+00:00,1,23,"#161 Este es su futuro soñado: El día de mañana los mejores trabajos estarán en manos de los niños adinerados que por dinero pudieron permitirse una ""buena"" educación en escuelas y universidades privadas-concertadas, mientras que para entrar en la poca educación pública que quedó en pie hay que hacer cola y con su presupuesto tampoco es para tirar cohetes. Luego el nepotismo dentro de la empresa pública y privada también evitará que los niños ""de la pública"" tengan acceso a los buenos puestos y tendrán que quedarse con lo que no quiera nadie. Es un futuro donde los españoles ""pobres"" se pegarán con los sudamericanos y marroquís para poder trabajar 6 días a la semana durante 12 horas diarias en negro cobrando por debajo del mínimo."
lgtbi,https://www.meneame.net/story/vox-despliega-lona-madrid-contra-feminismo-movimiento-lgtbiq,3825434,38644551,171,19.0,jozegarcia,2023-06-18T13:11:52+00:00,0,10,"#19 ""Solo la izquierda interpreta ese mensaje como un ataque a todas las mujeres""

No creo en esa superioridad per sé de la izquierda. Seguro que mucha más gente incluso de derechas sabe interpretar el mensaje correctamente."
lgtbi,https://www.meneame.net/story/vox-despliega-lona-madrid-contra-feminismo-movimiento-lgtbiq,3825434,38644547,170,72.0,P911B75,2023-06-18T13:11:16+00:00,0,7,"#72 Actualmente? Tras todos estos años de gobierno de perro sanche y los podemitas?
Pero como es posible??"
lgtbi,https://www.meneame.net/story/vox-despliega-lona-madrid-contra-feminismo-movimiento-lgtbiq,3825434,38644544,169,,--670242--,2023-06-18T13:11:02+00:00,0,10,"que hace el logo de Opel ahí?.
estan en contra del Opel corsa?.
normal que aquí no los soporten"
lgtbi,https://www.meneame.net/story/vox-despliega-lona-madrid-contra-feminismo-movimiento-lgtbiq,3825434,38644537,168,,papandreu22,2023-06-18T13:10:11+00:00,1,18,"Lo fascinante es que luego te encuentras por Internet a sus putos propagandistas tratando de hacerte creer cuando están en periodo de captación que en realidad no tienen nada en contra del colectivo Lgtb, que tienen amigos homosexuales, cuando basan siempre su asquerosa ideología en perseguirlos, insultarnos, atacarlo, señalarlo e intentar acabar con sus derechos cada vez con más y más descaro. 

Por supuesto, quien ha caído en esa miserable secta ya es irrecuperable, por lo que es inútil razonar con ellos. En el partido son conscientes de ello por lo que cada vez se cortan menos."
lgtbi,https://www.meneame.net/story/vox-despliega-lona-madrid-contra-feminismo-movimiento-lgtbiq,3825434,38644532,167,46.0,P911B75,2023-06-18T13:09:35+00:00,1,16,"#46 A quien vas a votar si los otros solo consiguen derechos para unos pocos? 
O follamos todos o la puta al río. De manual."
lgtbi,https://www.meneame.net/story/vox-despliega-lona-madrid-contra-feminismo-movimiento-lgtbiq,3825434,38644517,166,,Jatetu,2023-06-18T13:07:14+00:00,1,-2,bien.
lgtbi,https://www.meneame.net/story/vox-despliega-lona-madrid-contra-feminismo-movimiento-lgtbiq,3825434,38644514,165,55.0,P911B75,2023-06-18T13:06:44+00:00,1,14,"#55 Después de las 16 semanas el niño, niñe o niña ya va a la universidad en moto? 

Quédate tus migajas y limosna."
lgtbi,https://www.meneame.net/story/vox-despliega-lona-madrid-contra-feminismo-movimiento-lgtbiq,3825434,38644510,164,49.0,Daniesc,2023-06-18T13:06:12+00:00,1,9,"#49 No se trata de moderar el discurso, sino de adaptarlo al receptor. Las medidas que proponía UP en su conjunto son beneficiosas para los grupos a los que afecta e inocuas para la mayor parte de la población. Se podría dar una vuelta a todas y mejorarlas desde el punto de vista de la presunción de inocencia en la Ley del solo si es si, o para evitar fraudes en la ley Trans, como con todas las leyes.

El problema es cuando basas tu discurso solo en eso. Cuando Podemos nació huía del eje izquierda/derecha, y tenía un discurso transversal donde enfrentaba a la casta y la oligarquía con la democracia popular. Ahora sus discursos lo posicionan en la izquierda a la izquierda del PSOE, y muchas veces no son tan transversales, sino que se hacen desde atalayas de superioridad moral. El gran fallo para mi es que en sus inicios sabían como interpelar a la gente, lo que realmente necesitaban y ahora han intentado ""imponer"" una agenda que la mayor parte de sus votantes no ha comprado. Probablemente con un discurso más neutro y las mismas medidas sus resultados serían mejores."
lgtbi,https://www.meneame.net/story/vox-despliega-lona-madrid-contra-feminismo-movimiento-lgtbiq,3825434,38644505,163,126.0,P911B75,2023-06-18T13:05:45+00:00,0,7,"#126 Has descubierto el mecanismo! Así funciona.
Entenderás porque cuando sale cualquiera a decir que no se coma carne se interprete que se va a prohibir. No?
Venga. Poco a poco comprendiendo el mundo. 
No se en qué barrio vivirás. Imagino que en la típica urba de funcionarios. Yo ya estoy hasta los cojones de las procesiones, de las fiestas patronales y ahora también del regeaton. A buen entendedor {wink}"
lgtbi,https://www.meneame.net/story/vox-despliega-lona-madrid-contra-feminismo-movimiento-lgtbiq,3825434,38644489,162,23.0,P911B75,2023-06-18T13:02:36+00:00,7,-9,#23 Coño! Otro que vive de la política en mnm! Novedad!
lgtbi,https://www.meneame.net/story/vox-despliega-lona-madrid-contra-feminismo-movimiento-lgtbiq,3825434,38644488,161,59.0,gauntlet_,2023-06-18T13:02:23+00:00,5,49,"#59 Los machistas de Vox son tan miedosos y se ven a sí mismos tan inútiles que solo se sienten tranquilos en un mundo donde a la mitad de la población se le quiten derechos que puedan recaer en ellos (por ejemplo, para buscar un trabajo es mejor que haya menos competencia, para que no te dejen es mejor que no sea legal dejarte, etc.)."
lgtbi,https://www.meneame.net/story/vox-despliega-lona-madrid-contra-feminismo-movimiento-lgtbiq,3825434,38644486,160,128.0,P911B75,2023-06-18T13:02:01+00:00,0,7,"#128 Y a todas, llegado un determinado momento se les puso freno.
Como ahora. 
Nada nuevo, como dices."
lgtbi,https://www.meneame.net/story/vox-despliega-lona-madrid-contra-feminismo-movimiento-lgtbiq,3825434,38644474,159,,--745727--,2023-06-18T13:00:59+00:00,1,16,{lol} {lol} {lol} que cracks
lgtbi,https://www.meneame.net/story/vox-despliega-lona-madrid-contra-feminismo-movimiento-lgtbiq,3825434,38644472,158,130.0,Eunis,2023-06-18T13:00:31+00:00,1,20,"#130 yo creo que la estrategia de valorar a sus votantes como infrahumanos es poco afortunada. Por un lado no damos ejemplo de tolerancia, respeto a la libertad de expresión de otras ideas, no hay que olvidar que por mucho que fastidie aún no han dicho nada inconstitucional a nivel oficial como para que se les ilegalice como partido... Y por otro si critimos a las personas de forma tan dura difícilmente van escuchar los argumentos que tengamos para mostrarles otras opciones políticas o porque esas ideas no son las mejores. ¿Que puede hacer alguien a quien estas llamándo escoria humana, ignorante, nazi, fascista? Ante tal ataque sólo te queda defenderte y apoltronarte en tu trinchera.

Se habla de la división de las dos Españas y ahí tenemos tanta culpa como otros. A reflexionar."
lgtbi,https://www.meneame.net/story/vox-despliega-lona-madrid-contra-feminismo-movimiento-lgtbiq,3825434,38644461,157,144.0,ostiayajoder,2023-06-18T12:59:21+00:00,0,7,"#144 a mi menos, tengo pasta y recursos para pirarme de aqui.

Y no me la cuentes, la deriva de unos es poner la 'e' al final de las palabra, la deriva de los otros lleno cunetas 40 años.

Y es lo q votais /absteneis para q salga y es lo q vais a tener."
lgtbi,https://www.meneame.net/story/vox-despliega-lona-madrid-contra-feminismo-movimiento-lgtbiq,3825434,38644452,156,7.0,konde1313,2023-06-18T12:57:56+00:00,3,40,"#7 Eso es lo que tú quieres creer, que su crítica es contra algunos aspectos del feminismo actual pero la verdad, y lo dicen sin tapujos, es que están en contra de los derechos de las mujeres, empezando por su libertad sexual y el derecho al aborto. Sí es contra el feminismo, contra todos los feminismos."
lgtbi,https://www.meneame.net/story/vox-despliega-lona-madrid-contra-feminismo-movimiento-lgtbiq,3825434,38644451,155,,--665880--,2023-06-18T12:57:46+00:00,0,6,Y antena3 sirviendo de altavoz a estos mierdas como llevan haciendo años.
lgtbi,https://www.meneame.net/story/vox-despliega-lona-madrid-contra-feminismo-movimiento-lgtbiq,3825434,38644438,154,128.0,--460025--,2023-06-18T12:55:52+00:00,1,-2,#128 Bloqueo a esta gente
lgtbi,https://www.meneame.net/story/vox-despliega-lona-madrid-contra-feminismo-movimiento-lgtbiq,3825434,38644437,153,,P911B75,2023-06-18T12:55:42+00:00,0,7,"Directo a la diana.
Es que lo tienen muy fácil, la verdad."
lgtbi,https://www.meneame.net/story/vox-despliega-lona-madrid-contra-feminismo-movimiento-lgtbiq,3825434,38644435,152,,Tejodelaverdad,2023-06-18T12:55:24+00:00,0,6,"Les ha faltado el símbolo de la medialuna y estrella del Islam. Pero supongo que podría considerarse implícito en el de la Agenda 2030 junto al resto de objetivos destinados a reventar las sociedades occidentales con los que cooperan todos menos Vox.


Por desgracia creo que va a salir en estas elecciones el PP, que está de acuerdo con los postulados de la élite globalista, como Sumar o Podemos. Solo espero que Vox tenga un buen resultado y esté en el Gobierno para vetar en la medida de lo posible las chaladuras agendistas."
lgtbi,https://www.meneame.net/story/vox-despliega-lona-madrid-contra-feminismo-movimiento-lgtbiq,3825434,38644428,151,99.0,Supercinexin,2023-06-18T12:54:05+00:00,16,154,"#99 es curioso que los insultos de la izquierda a la derecha redunden siempre en más votos a.la derecha y los insultos de la derecha a la izquierda redunden también en más fama, simpatía y votos a la derecha."
lgtbi,https://www.meneame.net/story/vox-despliega-lona-madrid-contra-feminismo-movimiento-lgtbiq,3825434,38644427,150,85.0,cdya,2023-06-18T12:54:01+00:00,2,20,#85 Llevan muchos años en contra de la agenda 20 - 30. Yo al principio pensaba estos descerebrados a donde quieren ir? Ahora lo se a gobernarnos ni mas ni menos.
lgtbi,https://www.meneame.net/story/vox-despliega-lona-madrid-contra-feminismo-movimiento-lgtbiq,3825434,38644422,149,57.0,troymclure,2023-06-18T12:53:29+00:00,4,40,"#57  #53  #61 Que yo recuerde la primera lona contra alguien, fue una contra Pedro Sanchez en la pandemia que decia algo asi como OBEDECE y su cara a modo de gran hermano

Y esa lona no la puso Podemos...."
lgtbi,https://www.meneame.net/story/vox-despliega-lona-madrid-contra-feminismo-movimiento-lgtbiq,3825434,38644421,148,32.0,--731452--,2023-06-18T12:53:20+00:00,0,8,#32 ¿ Agravange ? ¿ De qué país eres ?
lgtbi,https://www.meneame.net/story/vox-despliega-lona-madrid-contra-feminismo-movimiento-lgtbiq,3825434,38644418,147,119.0,ochoceros,2023-06-18T12:52:57+00:00,1,24,"#119 ¿Y me lo dices a mi? {lol} {lol} {lol}

Creo que tu ""whataboutism"" va mejor dirigido a #78, que es quien ha empezado: https://www.meneame.net/between?type=comments&u1=ochoceros&u2=ipto&id=eJwztjAzMTYzM9cxBjFMLU2gDENLCMPExAjKMDSAMIwtjKEMIxMAjTAMiw%3D%3D Y no me digas que ahí no lo has visto porque el positivo es tuyo. En todas sus respuestas del hilo.

Y ya que has puesto 5 tildes en tu comentario, aprovecho para decirte que en las 3 primeras palabras te has comido 2 {hug}"
lgtbi,https://www.meneame.net/story/vox-despliega-lona-madrid-contra-feminismo-movimiento-lgtbiq,3825434,38644417,146,86.0,Daniesc,2023-06-18T12:52:49+00:00,3,25,"#86 Lo dices como si el discurso Trumpista sólo hubiera calado en España, cuando la realidad es que el discurso fácil de Vox está instaurado por desgracia en la mayor parte del mundo occidental.
Ojo, que España no se libra de su cuota de estupidez e ignorancia política pero tampoco veo necesario flagelarnos y tipificarnos como país de segunda por el mismo error que está cometiendo gran parte de Europa de los llamados países de ""primera""."
lgtbi,https://www.meneame.net/story/vox-despliega-lona-madrid-contra-feminismo-movimiento-lgtbiq,3825434,38644408,145,139.0,KoLoRo,2023-06-18T12:51:51+00:00,0,7,"#139 Yo creo que no hay tantos, pero si se les da mucho autobombo. Bajo mi punto de vista."
lgtbi,https://www.meneame.net/story/vox-despliega-lona-madrid-contra-feminismo-movimiento-lgtbiq,3825434,38644399,144,138.0,KoLoRo,2023-06-18T12:51:18+00:00,0,7,"#138 A mi? Yo no soy ni de unos ni de otros, pero cuando ves la deriva que toman unos... dices... menuda ostia se van a dar y veras la ostia de vuelta.

Siempre pasa lo mismo, indistintamente del color del partido, ojo."
lgtbi,https://www.meneame.net/story/vox-despliega-lona-madrid-contra-feminismo-movimiento-lgtbiq,3825434,38644394,143,2.0,Supercinexin,2023-06-18T12:50:45+00:00,8,79,#2 ¿Tirarse piedras sobre su propio tejado? Pero si les funciona de puta madre. ¿No has visto los resultados de las elecciones? Pues espera que ahora vienen otras por si no te has enterado.
lgtbi,https://www.meneame.net/story/vox-despliega-lona-madrid-contra-feminismo-movimiento-lgtbiq,3825434,38644392,142,135.0,alfre2,2023-06-18T12:50:05+00:00,0,10,#135 siempre hay un ilustre que se viene arriba y confunde libertades con salvajismo
lgtbi,https://www.meneame.net/story/vox-despliega-lona-madrid-contra-feminismo-movimiento-lgtbiq,3825434,38644385,141,,alfre2,2023-06-18T12:49:24+00:00,0,10,Movimiento gañán!!
lgtbi,https://www.meneame.net/story/vox-despliega-lona-madrid-contra-feminismo-movimiento-lgtbiq,3825434,38644384,140,12.0,ostiayajoder,2023-06-18T12:49:21+00:00,9,78,"#12 eso TODA LA PUTA VIDA ha sido asi; las feministas de antes SIEMPRE han sido las buenas y las de ahora son unas putas locas.

Eso, historicamenre, es una constante."
lgtbi,https://www.meneame.net/story/vox-despliega-lona-madrid-contra-feminismo-movimiento-lgtbiq,3825434,38644378,139,83.0,Blackmoon,2023-06-18T12:48:30+00:00,7,67,"#83 derecha siempre ha habido, personalmente lo que me sorprende es la cantidad de nazis que hay."
lgtbi,https://www.meneame.net/story/vox-despliega-lona-madrid-contra-feminismo-movimiento-lgtbiq,3825434,38644375,138,30.0,ostiayajoder,2023-06-18T12:47:54+00:00,5,41,"#30 la gente vota machismo pq no es machista. Makes sense.

La ostia os la va a dar a vosotros la realidad"
lgtbi,https://www.meneame.net/story/vox-despliega-lona-madrid-contra-feminismo-movimiento-lgtbiq,3825434,38644371,137,6.0,inventandonos,2023-06-18T12:47:34+00:00,2,29,"#6 El voto femenino conseguido por el gobierno progresista en 1932 los desalojó y puso a los conservadores en 1934.

Ni todas las mujeres son necesariamente feministas, ni todo el mundo vota en clave de un solo factor."
lgtbi,https://www.meneame.net/story/vox-despliega-lona-madrid-contra-feminismo-movimiento-lgtbiq,3825434,38644370,136,128.0,--460025--,2023-06-18T12:47:33+00:00,0,8,#128 La ETA
lgtbi,https://www.meneame.net/story/vox-despliega-lona-madrid-contra-feminismo-movimiento-lgtbiq,3825434,38644359,135,92.0,--437067--,2023-06-18T12:46:32+00:00,6,19,"#92 como en Corea del Norte. Democracia pero solo se puede votar al partido del régimen. 

Que graciosos sois los comunistas ????"
lgtbi,https://www.meneame.net/story/vox-despliega-lona-madrid-contra-feminismo-movimiento-lgtbiq,3825434,38644355,134,124.0,ostiayajoder,2023-06-18T12:46:05+00:00,0,7,#124 por que crees q eso les va a quitar votos?
lgtbi,https://www.meneame.net/story/vox-despliega-lona-madrid-contra-feminismo-movimiento-lgtbiq,3825434,38644354,133,124.0,--460025--,2023-06-18T12:46:00+00:00,0,8,"#124 ""Tintes de autoritarismo y pérdida de derechos"".

Puedes dar algún ejemplo?"
lgtbi,https://www.meneame.net/story/vox-despliega-lona-madrid-contra-feminismo-movimiento-lgtbiq,3825434,38644339,132,128.0,KoLoRo,2023-06-18T12:44:15+00:00,0,7,"#128 Que tal si nos quedamos con la definición correcta : En esta línea, se define feminismo como el conjunto heterogéneo de ideologías y de movimientos políticos, culturales y económicos que tienen como objetivo la igualdad de derechos entre varones y mujeres. Sois tan radicales que tenéis que tirar de tiempos atrás solo por no aceptar que el feminismo actual ni es feminismo ni es ostias. Lo cual es bueno, da a entender que ahora somos mas igualitarios que nunca y no por las medidas del ministerio de igualdad, los tiempos cambian y esas cosas... algunas veces pienso que os gustaría vivir en aquella época solo para poder quejaros de algo que realmente existe."
lgtbi,https://www.meneame.net/story/vox-despliega-lona-madrid-contra-feminismo-movimiento-lgtbiq,3825434,38644336,131,,--460025--,2023-06-18T12:44:01+00:00,0,8,"Quiénes son ""ellos""?"
lgtbi,https://www.meneame.net/story/vox-despliega-lona-madrid-contra-feminismo-movimiento-lgtbiq,3825434,38644333,130,98.0,manzitor,2023-06-18T12:43:29+00:00,1,19,#98 captan en general a todo ignorante tontodelculo que no tiene otra visión.
lgtbi,https://www.meneame.net/story/vox-despliega-lona-madrid-contra-feminismo-movimiento-lgtbiq,3825434,38644330,129,114.0,ostiayajoder,2023-06-18T12:43:18+00:00,1,14,"#114 de hecho la campaña es contra gente, no a favor de nada."
lgtbi,https://www.meneame.net/story/vox-despliega-lona-madrid-contra-feminismo-movimiento-lgtbiq,3825434,38644318,128,12.0,nilien,2023-06-18T12:41:28+00:00,6,61,"#12 Igual es que preferíais los atentados de las sufragistas, o cuando una rajó un cuadro de Velázquez como reivindicación. 

O cuando en los setenta las feministas ocupaban los edificios de publicaciones femeninas y se negaban a marcharse hasta que se atendían sus reivindicaciones, o paralizaban universidades para cambiar lo que se enseñaba, o tiraban bombas de harina en concursos de belleza.

Y así sucesivamente..."
lgtbi,https://www.meneame.net/story/vox-despliega-lona-madrid-contra-feminismo-movimiento-lgtbiq,3825434,38644316,127,72.0,troymclure,2023-06-18T12:41:02+00:00,9,83,"#72 Le puedes contestar que el capitalismo ha funcionado de puta madre en Haiti, Mozambique o Sierra Leona , y que puedes seguir con los 50 paises mas pobres, todos ellos capitalistas


Pero no le dejes en ridículo o te bloqueara"
lgtbi,https://www.meneame.net/story/vox-despliega-lona-madrid-contra-feminismo-movimiento-lgtbiq,3825434,38644305,126,7.0,armadilloamarillo,2023-06-18T12:38:34+00:00,6,65,"#7 Nunca es realmente así. Es lo mismo con la inmigración, al principio dicen ""solo contra la inmigración ilegal"", rascas un poco y resulta que también es ""contra los inmigrantes de ciertas culturas incompatibles"", rascas un poco más y resulta que también es ""contra la inmigración legal de culturas y etnias peligrosas"" y va avanzando, incluyendo también religiones y al final queda que solo se quiere inmigración de raza blanca y religión cristiana y no de cualquiera. Pero claro, decirlo desde el principio genera rechazo entre los ""normies"" a los que hay que convencer, por lo que hay que hacerlo paulatinamente.

Funciona ampliando lo que se llama ""ventana de overton"". Primero es ""el feminismo radical"", luego es ""el feminismo que cree que todavía quedan cosas que conseguir, pues ya se consiguió todo"" y luego es ""el feminismo que pretende que las mujeres sean iguales que los hombres cuando es obvio que no lo son"". Poco a poco yendo en la dirección que en un principio se niega y cuando se llega al destino final, ya es demasiado tarde."
lgtbi,https://www.meneame.net/story/vox-despliega-lona-madrid-contra-feminismo-movimiento-lgtbiq,3825434,38644300,125,36.0,Wololot,2023-06-18T12:37:59+00:00,5,46,"#36 Todas las mejoras en Europa han venido de un mejor reparto de los recursos básicos, basicamente vivienda, comida y asistencia sanitaria. En el siglo XIX, con el capitalismo rampante en las principales ciudades aumentó la mortalidad una barbaridad, y así continuó hasta que surgieron medidas para controlar el capitalismo rampante: vivienda económica, mejores servicios sanitarios públicos y asequibles etc.
Basta mirar la historia."
lgtbi,https://www.meneame.net/story/vox-despliega-lona-madrid-contra-feminismo-movimiento-lgtbiq,3825434,38644279,124,2.0,Grahml,2023-06-18T12:34:07+00:00,3,42,"#2 Me recuerda a la campaña de Podemos en Madrid en las municipales.

Intentando reducir sus niveles de popularidad a la mínima expresión, destacando mierdas que ni a cristo bendito le interesa, con tintes de autoritarismo y pérdida de derechos.

No, si al final el objetivo es lo de siempre, dejarlo todo en manos del bipartidismo.

Aunque la verdad, viendo las opciones que han salido estos últimos 10 años, hacen hasta buenos tal bipartidismo. 

Ni queriendo. {palm}"
lgtbi,https://www.meneame.net/story/vox-despliega-lona-madrid-contra-feminismo-movimiento-lgtbiq,3825434,38644275,123,,cenutrios_unidos,2023-06-18T12:33:50+00:00,0,18,Es verdad discriminación positiva...te tienes que reír. Si os gusta que os pisoteen vuestros derechos es vuestro problema. El resto nos negamos a tragar.
lgtbi,https://www.meneame.net/story/vox-despliega-lona-madrid-contra-feminismo-movimiento-lgtbiq,3825434,38644272,122,104.0,--699742--,2023-06-18T12:33:33+00:00,0,13,#104 quizás el problema es que es el único partido que está en contra del feminismo radical
lgtbi,https://www.meneame.net/story/vox-despliega-lona-madrid-contra-feminismo-movimiento-lgtbiq,3825434,38644267,121,15.0,--460025--,2023-06-18T12:33:04+00:00,0,8,"#15 Joer, tío, tu foto de perfil... Etes tú??

Jajaja"
lgtbi,https://www.meneame.net/story/vox-despliega-lona-madrid-contra-feminismo-movimiento-lgtbiq,3825434,38644260,120,15.0,--460025--,2023-06-18T12:32:17+00:00,8,70,"#15 Hembrismo...

Ay, esas boinas tan mal enroscadas..."
lgtbi,https://www.meneame.net/story/vox-despliega-lona-madrid-contra-feminismo-movimiento-lgtbiq,3825434,38644245,119,84.0,--747795--,2023-06-18T12:29:46+00:00,7,48,#84 Y tu mas : la técnica o práctica de responder a una acusación o pregunta difícil haciendo una contraacusación o planteando un tema diferente.
lgtbi,https://www.meneame.net/story/vox-despliega-lona-madrid-contra-feminismo-movimiento-lgtbiq,3825434,38644244,118,72.0,Caspolino,2023-06-18T12:29:40+00:00,10,-38,#72 {lol} {lol} {lol} {lol} {lol} {lol} {lol} {lol} {lol} {lol} {lol} {lol} {lol} {lol} {lol} {lol} {lol} {lol} {lol} {lol} {lol} {lol} {lol} {lol} {lol} {lol} {lol} {lol}   Hasta que se acaba el dinero de los ricos... menudo retraso mental que teneis los izquierdistos...
lgtbi,https://www.meneame.net/story/vox-despliega-lona-madrid-contra-feminismo-movimiento-lgtbiq,3825434,38644239,117,,ChanzaEtChascarrillo,2023-06-18T12:29:22+00:00,0,8,"{popcorn} {popcorn} ya decia yo en las anteriores elecciones que lo de las lonas iban a traer muchas risas, a ver la creatividad {popcorn}"
lgtbi,https://www.meneame.net/story/vox-despliega-lona-madrid-contra-feminismo-movimiento-lgtbiq,3825434,38644238,116,,Wololot,2023-06-18T12:29:15+00:00,0,7,"Lo gracioso, es que dicen ""decide lo que importa"" pero no dicen que es, solo lo que para ellos no importa. Son un cascarón vacío sin contenido y lo dicen a los cuatro vientos..."
lgtbi,https://www.meneame.net/story/vox-despliega-lona-madrid-contra-feminismo-movimiento-lgtbiq,3825434,38644226,115,104.0,Sigo_intentandolo,2023-06-18T12:28:14+00:00,1,17,"#104 se ha conseguido que la gente se guíe por los sentimientos no por la razón.. (no solo vox, pasa lo mismo con nacionalistas...).

Ejemplos de cosas que tiran de sentimientos:
Feminismo radical.
Menas.
Inmigranciin+delincuencia.
Nacionalistas
...

Los juntas todos y consigues un combo muy fácil de vender a alguien que no quiera analizar en profundidad las cosas..."
lgtbi,https://www.meneame.net/story/vox-despliega-lona-madrid-contra-feminismo-movimiento-lgtbiq,3825434,38644217,114,100.0,listillo,2023-06-18T12:26:52+00:00,16,116,"#100  #98  #85  #1 Esta gente si pudiera, haría campos de concentración para odiar y asesinar a quienes no les gustan. Ya lo hicieron en el pasado."
lgtbi,https://www.meneame.net/story/vox-despliega-lona-madrid-contra-feminismo-movimiento-lgtbiq,3825434,38644204,113,7.0,Tumbadito,2023-06-18T12:25:03+00:00,1,19,"#7 Lo que es aún peor... Porque si por una minoría radical le quitás derechos y protección a un sector desfavorecido y en peligro estás haciendo un mal más grande que el pretendés evitar. 

Y lo que es peor, las consecuencias se pagan en vidas de mujeres inocentes"
lgtbi,https://www.meneame.net/story/vox-despliega-lona-madrid-contra-feminismo-movimiento-lgtbiq,3825434,38644201,112,,karaskos,2023-06-18T12:24:16+00:00,0,7,"Lo mejor: 
La mano que tira la 'basura' con la pulserita de Ezpañistán."
lgtbi,https://www.meneame.net/story/vox-despliega-lona-madrid-contra-feminismo-movimiento-lgtbiq,3825434,38644199,111,103.0,Findeton,2023-06-18T12:23:55+00:00,0,9,#103 what? Supongo que estás de cachondeo.
lgtbi,https://www.meneame.net/story/vox-despliega-lona-madrid-contra-feminismo-movimiento-lgtbiq,3825434,38644196,110,6.0,Battlestar,2023-06-18T12:23:36+00:00,2,27,"#6 Pues estadísticamente hablando, una parte considerable de esos 24 millones han votado a VOX"
lgtbi,https://www.meneame.net/story/vox-despliega-lona-madrid-contra-feminismo-movimiento-lgtbiq,3825434,38644186,109,8.0,nemesisreptante,2023-06-18T12:22:24+00:00,8,91,"#8 a día de hoy , sin estudiar derecho,  sabes tú más que el Tribunal Constitucional y el tribunal supremo"
lgtbi,https://www.meneame.net/story/vox-despliega-lona-madrid-contra-feminismo-movimiento-lgtbiq,3825434,38644179,108,5.0,Khirs,2023-06-18T12:21:27+00:00,9,5,"#5 Pues si hacen este tipo de campaña es porque saben que les sirve para ganar votos.
No tienen ni programa electoral y han sido llave en muchos ayuntamientos.
Más autocrítica y pensar que algo se está haciendo mal para que exista gente en contra de las leyes LGTB, feminismo y agenda 2030.
A lo mejor es que hay cosas que se han hecho mal y se niegan a hacerlas bien como por ejemplo la ley de viogen.
La cambiás para que sea para todos igual y ya te quitas un punto de crítica 
Y la ley seguiría protegiendo igual a las mujeres. Sólo que a lo mejor protege también el caso raro de un hombre maltratado por su pareja hombre o su pareja mujer.
Y la agenda 2030 hay que dar ejemplo primero con la gente con dinero que se vea que los afecta y que es algo necesario no sólo paripé donde solo se putea a los que menos tiene.
Por ejemplo menos Falcon y más AVE.
Nada de jets privados en España."
lgtbi,https://www.meneame.net/story/vox-despliega-lona-madrid-contra-feminismo-movimiento-lgtbiq,3825434,38644178,107,102.0,Findeton,2023-06-18T12:21:22+00:00,1,22,"#102 Legalmente una mujer no puede cometer un delito de violencia de género. El mismo acto, dependiendo del ""género"", corresponde a delitos tipificados diferentes. Independientemente de las circunstancias, porque la ley asume las circunstancias por ti."
lgtbi,https://www.meneame.net/story/vox-despliega-lona-madrid-contra-feminismo-movimiento-lgtbiq,3825434,38644177,106,2.0,Battlestar,2023-06-18T12:21:12+00:00,10,98,"#2 Estás ciego si piensas que esto es tirarse piedras sobre su propio tejado, esto es precisamente por lo que son ahora mismo la tercera fuerza política, esperemos que cuarta tras las generales."
lgtbi,https://www.meneame.net/story/vox-despliega-lona-madrid-contra-feminismo-movimiento-lgtbiq,3825434,38644160,105,,Wololot,2023-06-18T12:19:58+00:00,0,7,"Carteles contra una parte de la población ¿no? Bueno, así empezaron hace 90-100 años ciertos movimientos en Europa."
lgtbi,https://www.meneame.net/story/vox-despliega-lona-madrid-contra-feminismo-movimiento-lgtbiq,3825434,38644154,104,19.0,osids,2023-06-18T12:19:22+00:00,3,31,"#19 pero solo porque estén en contra del feminismo radical, puedes tragar todo lo demás de ese partido?"
lgtbi,https://www.meneame.net/story/vox-despliega-lona-madrid-contra-feminismo-movimiento-lgtbiq,3825434,38644150,103,36.0,--733933--,2023-06-18T12:18:51+00:00,0,7,"#36 menuda simpleza has soltado, todo el mundo sabe que la riqueza la da el dinero y éste sale de los cajeros automáticos, precisamente de los que cada vez hay menos. Aprende un poco de economía anda..."
lgtbi,https://www.meneame.net/story/vox-despliega-lona-madrid-contra-feminismo-movimiento-lgtbiq,3825434,38644144,102,8.0,osids,2023-06-18T12:17:55+00:00,9,89,#8 ¿Que delitos aplican solo a los hombres?
lgtbi,https://www.meneame.net/story/vox-despliega-lona-madrid-contra-feminismo-movimiento-lgtbiq,3825434,38644142,101,,pollo,2023-06-18T12:17:35+00:00,4,29,"Nunca la izquierda se lo había dejado tan fácil a la ultraderecha.

Es más, si esto fue un plan para acabar con la izquierda, el resultado ha sido fulminante.

Y todo posibilitado porque la izquierda ha dejado de hacer de izquierda para hacer el gilipollas en su lugar.

No hay más.

Y viendo a los iluminados que nos tienen que defender de esto... miedo me da. Muchos aquí parece que trabajan para Vox de tapadillo. Y me refiero a los que dicen representar a la izquierda y el progreso, por si no había quedado claro.

No sé quién será el estratega, pero vamos, un puto genio."
lgtbi,https://www.meneame.net/story/vox-despliega-lona-madrid-contra-feminismo-movimiento-lgtbiq,3825434,38644139,100,98.0,osids,2023-06-18T12:17:09+00:00,3,46,#98 por las vacunas se puso Federico en contra de vox
lgtbi,https://www.meneame.net/story/vox-despliega-lona-madrid-contra-feminismo-movimiento-lgtbiq,3825434,38644134,99,2.0,--720785--,2023-06-18T12:16:31+00:00,14,96,"#2 en defensa de los pollaheridas Si acaban entrando en el gobierno, que sepas que es culpa de gentuza gente como tu y vendre a restregartelo en la cara, porque probablemente te joda mas a ti que a mi"
lgtbi,https://www.meneame.net/story/vox-despliega-lona-madrid-contra-feminismo-movimiento-lgtbiq,3825434,38644130,98,85.0,Duke00,2023-06-18T12:16:03+00:00,37,319,"#85 Busca el voto de negacionistas, antivacunas, terraplanistas y demás magufos del estilo..."
lgtbi,https://www.meneame.net/story/vox-despliega-lona-madrid-contra-feminismo-movimiento-lgtbiq,3825434,38644124,97,96.0,PasaPollo,2023-06-18T12:15:28+00:00,5,43,"#96 Ah, vale. Tiene sentido dada tu ideología. Gracias por responder."
lgtbi,https://www.meneame.net/story/vox-despliega-lona-madrid-contra-feminismo-movimiento-lgtbiq,3825434,38644115,96,94.0,Findeton,2023-06-18T12:13:53+00:00,1,18,#94 Claro que no pero querer acabar con el estado no lo considero un agravante. Como mucho un atenuante.
lgtbi,https://www.meneame.net/story/vox-despliega-lona-madrid-contra-feminismo-movimiento-lgtbiq,3825434,38644088,95,70.0,Jack_Sparrow,2023-06-18T12:10:06+00:00,9,56,"#70 No, he demostrado que el ministerio de igualdad no va en contra de los hombres. Este argumento es una puta mierda y lo sabes. Porque el contraargumento evidente es que Vox no puede ir nunca contra las mujeres, gays e inmigrantes porque tiene en sus filas mujeres, gays e inmigrantes y por tanto ya está demostrado que no hacen políticas en su contra. ¿A que si?

Por favor, los argumentos de reputísima mierda te los puedes guardar."
lgtbi,https://www.meneame.net/story/vox-despliega-lona-madrid-contra-feminismo-movimiento-lgtbiq,3825434,38644074,94,34.0,PasaPollo,2023-06-18T12:09:11+00:00,6,51,#34 ¿Es para ti la responsabilidad penal completamente objetiva? ¿Sólo importa pues el resultado y nada más?
lgtbi,https://www.meneame.net/story/vox-despliega-lona-madrid-contra-feminismo-movimiento-lgtbiq,3825434,38643989,93,90.0,Alakrán_,2023-06-18T12:00:05+00:00,5,51,"#90 Bueno, si te parece bien usar insultos sexistas, allá tú."
lgtbi,https://www.meneame.net/story/vox-despliega-lona-madrid-contra-feminismo-movimiento-lgtbiq,3825434,38643951,92,,--754170--,2023-06-18T11:54:22+00:00,5,48,"El primer criminal es el funcionario delincuente que inscribió este partido neonazi en el registro, el segundo criminal es la autoridad que lo permitió, el tercer grupo de criminales son los fiscales y jueces que no lo han prohibido. Mierda neonazi."
lgtbi,https://www.meneame.net/story/vox-despliega-lona-madrid-contra-feminismo-movimiento-lgtbiq,3825434,38643939,91,20.0,jrgvr,2023-06-18T11:52:36+00:00,9,-35,#20 ¿Están ricos esos gusanos y la leche de cucaracha?
lgtbi,https://www.meneame.net/story/vox-despliega-lona-madrid-contra-feminismo-movimiento-lgtbiq,3825434,38643905,90,87.0,floxiana,2023-06-18T11:46:43+00:00,16,129,"#87 Pues chico, creo que aquí hay unos cuantos . Me dan igual los negativos"
lgtbi,https://www.meneame.net/story/vox-despliega-lona-madrid-contra-feminismo-movimiento-lgtbiq,3825434,38643871,89,86.0,ochoceros,2023-06-18T11:41:49+00:00,4,45,"#86 El gran problema de base es el sistema educativo que lastra y anestesia el sentido crítico de la población. Mientras no se cambie eso estamos jodidos, y ahí está metida la iglesia protegida y amparada por un Concordato heredado del franquista.

Hace falta salir del medievo."
lgtbi,https://www.meneame.net/story/vox-despliega-lona-madrid-contra-feminismo-movimiento-lgtbiq,3825434,38643814,88,,TOTEMICO,2023-06-18T11:34:40+00:00,8,68,"La carcundia nos ataca, 
la caspa se envalentona,
el fascismo se empadrona
y nos lleva a la cloaca.
 
Sus ideas son de traca,
nos hacen peor persona 
pues su miseria encabrona
y su rabia es demoniaca.
 
Son odio traído a espuertas,
son clasistas y tramposos,
con políticas inciertas,
 
talibanes tenebrosos
que disparan las alertas 
con sus métodos viscosos."
lgtbi,https://www.meneame.net/story/vox-despliega-lona-madrid-contra-feminismo-movimiento-lgtbiq,3825434,38643794,87,2.0,Alakrán_,2023-06-18T11:31:21+00:00,6,45,#2 Que te refieras a ese grupo de personas de esta manera tan sexista y despectiva esta precioso. en defensa de los pollaheridas.
lgtbi,https://www.meneame.net/story/vox-despliega-lona-madrid-contra-feminismo-movimiento-lgtbiq,3825434,38643781,86,46.0,kkmonokk,2023-06-18T11:30:05+00:00,7,51,"#46 Vox es el partido de los que odian más a los demás de lo que se quieren a si mismos. No lo podía haber descrito mejor.

Sin embargo, #19 tiene razón. Estas ideas triunfan. Por eso España nunca pasará de ser un país de segunda {cry} 

Si quieres un país mejor, ya sabes donde no lo vas a encontrar {blank}"
lgtbi,https://www.meneame.net/story/vox-despliega-lona-madrid-contra-feminismo-movimiento-lgtbiq,3825434,38643713,85,1.0,kkmonokk,2023-06-18T11:22:20+00:00,29,217,"#1 Y lo de la agenda 2030: ¿Vox contra la ONU? {palm} 

Ni saben sobre lo que rebuznan, ni les importa {palm}"
lgtbi,https://www.meneame.net/story/vox-despliega-lona-madrid-contra-feminismo-movimiento-lgtbiq,3825434,38643667,84,78.0,ochoceros,2023-06-18T11:16:14+00:00,7,72,"#78 A ver si hay suerte y algo como el tribunal de cuentas le exime de pagar la multa. La Botella se libró así de pagar 27 millones.

O la deja sin pagar como los Espinetes de la Montera a los obreros de su casa.

O defenestran >60.000 millones del Fondo de Garantía de la Seguridad Social.

O para regalar dinero a la banca piden un rescate de 100.000 millones a Europa a intereses de usura diciendo que no costará ni un euro a los españoles.

O hacen una reforma laboral que elimina décadas de luchas y derechos conseguidos por los trabajadores.

O hacen una ley mordaza para impedir que la gente proteste y poder detenerla con más facilidad.

¿Cuál de estas cosas hace más daño a un país? Seguro que decir ""nosotres"", son iguales todos."
lgtbi,https://www.meneame.net/story/vox-despliega-lona-madrid-contra-feminismo-movimiento-lgtbiq,3825434,38643651,83,81.0,KoLoRo,2023-06-18T11:14:14+00:00,16,105,"#81 Si si, inferioridad {lol} En fin... sois tan radicales que no veis lo que pasa. Y así estáis, sorprendidísimos por el aumento de la derecha y la desaparición de podemos... {lol} 

Para hacer muchisimas cosas, no veo que quieran mucho a la Montero {shit}"
lgtbi,https://www.meneame.net/story/vox-despliega-lona-madrid-contra-feminismo-movimiento-lgtbiq,3825434,38643630,82,,--750641--,2023-06-18T11:11:15+00:00,0,7,"Es lo que tiene que hacer VOX poner de manifiesto sus ideas y contra lo que quieren ir porque eso es lo que tiene que diferenciarlos del PP, que la gente que vea esas ideas como propias les vote. Saben que la campaña de Feijoo sera el voto util que si votas a VOX el no tendrá mayoria y Pedro Sánchez gobernara con el apoyo de independentista y etarras. El problema que a mi se me plantea es si VOX es una excepción donde hay unas ideas que comparten una parte pequeña o si cada vez esta calando mas profundo y al final sera mayoría y prefiero pensar aunque sea para autoengañarme que el electorado de izquierda ha fallado no yendo a votar,  Es alucinante que con los progresos que se ha hecho en la ultima legislatura lo unico que quede es la ley del Si es SI o la ley de Trans, que ha sido una pequeña parte de todo el proyecto y que ha fallado en parte."
lgtbi,https://www.meneame.net/story/vox-despliega-lona-madrid-contra-feminismo-movimiento-lgtbiq,3825434,38643628,81,74.0,Sergio_ftv,2023-06-18T11:11:00+00:00,17,162,"#74 Risa nerviosa causada por un grave complejo de inferioridad. Lo tienes muy complicado, pero eso te lo puedes curar a base de estudiar, leer, convivir y viajar."
lgtbi,https://www.meneame.net/story/vox-despliega-lona-madrid-contra-feminismo-movimiento-lgtbiq,3825434,38643626,80,,--1247--,2023-06-18T11:10:33+00:00,4,38,"Ajam... todo correcto, señores y señoras de la fiscalía general del estado ¿ Que será lo próximo, permitir un partido de pederastas ? Puestos a permitir partidos fuera del sistema el abanico es amplio."
lgtbi,https://www.meneame.net/story/vox-despliega-lona-madrid-contra-feminismo-movimiento-lgtbiq,3825434,38643623,79,71.0,ochoceros,2023-06-18T11:10:06+00:00,5,46,#71 ¿Entonces puedes concretar a qué delitos te refieres en #65?
lgtbi,https://www.meneame.net/story/vox-despliega-lona-madrid-contra-feminismo-movimiento-lgtbiq,3825434,38643594,78,75.0,ipto,2023-06-18T11:05:49+00:00,16,98,"#75 Tú mismo lo dices en tu comentario si te defiendes indicando al conductor eres inocente. ¿No sé qué buscas con tus comentarios?

Tengo que recordarte, por ejemplo, la multa que tiene que pagar Irene Montero al exmarido a la expresidenta de Infancia Libre por vulnerar el derecho al honor y a la presunción de inocencia. Sin comentar el odio que promovía a este señor ???? Esta es la izquierda radical ¿igual o parecida a la derecha radical?"
lgtbi,https://www.meneame.net/story/vox-despliega-lona-madrid-contra-feminismo-movimiento-lgtbiq,3825434,38643545,77,72.0,Findeton,2023-06-18T10:59:18+00:00,8,-11,"#72 Eso funciona ""genial"" en Cuba, Venezuela... ""genial""."
lgtbi,https://www.meneame.net/story/vox-despliega-lona-madrid-contra-feminismo-movimiento-lgtbiq,3825434,38643538,76,6.0,porto,2023-06-18T10:58:51+00:00,1,18,#6 Mujeres como Ayuso.
lgtbi,https://www.meneame.net/story/vox-despliega-lona-madrid-contra-feminismo-movimiento-lgtbiq,3825434,38643519,75,62.0,ochoceros,2023-06-18T10:55:33+00:00,11,88,"#62 La misma presunción de inocencia que cuando te cae una multa por exceso de velocidad. Como no identifiques al conductor, tú eres el culpable.

Que parece que estuviesen inventando la pólvora cuando son conceptos más viejos que el cagar sentado."
lgtbi,https://www.meneame.net/story/vox-despliega-lona-madrid-contra-feminismo-movimiento-lgtbiq,3825434,38643518,74,70.0,KoLoRo,2023-06-18T10:55:19+00:00,33,113,"#70 No, he demostrado que el ministerio de igualdad no va en contra de los hombres. {lol} {lol} {lol} {lol} {lol} {lol} {lol} {lol} {lol} {lol} {lol} {lol} {lol} {lol} {lol} {lol} {lol} {lol} {lol} {lol} {lol} {lol} {lol} {lol} {lol} {lol} {lol} {lol} {lol} {lol} {lol} {lol} {lol} {lol} {lol} {lol} {lol} {lol} {lol} {lol} {lol} {lol} {lol} {lol} {lol} {lol} {lol} {lol} {lol} {lol} {lol} {lol} {lol} {lol} {lol} {lol} {lol} {lol} {lol} {lol} {lol} {lol} {lol} {lol} {lol} {lol} {lol} {lol} {lol} {lol} {lol} {lol} {lol} {lol} {lol} {lol} {lol} {lol} {lol} {lol} {lol} {lol} {lol} {lol} {lol} {lol} {lol} {lol} {lol} {lol} {lol} {lol} {lol} {lol} {lol} {lol} {lol} {lol} {lol} {lol} {lol} {lol} {lol} {lol} {lol} {lol} {lol} {lol} {lol} {lol} {lol} {lol} {lol} {lol} {lol} {lol} {lol} {lol} {lol} {lol} {lol} {lol} {lol} {lol} {lol} {lol} {lol} {lol} {lol} {lol} {lol} {lol} {lol} {lol} {lol} {lol} {lol} {lol} {lol} {lol} {lol} {lol} {lol} {lol} {lol} {lol} {lol} {lol} {lol} {lol} {lol} {lol} {lol} {lol} {lol} {lol} {lol} {lol} {lol} {lol} {lol} {lol} {lol} {lol} {lol} {lol} {lol} {lol} {lol} {lol} {lol} {lol} {lol} {lol} {lol} {lol} {lol} {lol} {lol} {lol} {lol} {lol} {lol} {lol} {lol} {lol} {lol} {lol} {lol} {lol} {lol} {lol} {lol} {lol} {lol} {lol} {lol} {lol} {lol} {lol} {lol} {lol} {lol} {lol} {lol} {lol} {lol} {lol} {lol} {lol} {lol} {lol} {lol} {lol} {lol} {lol} {lol} {lol} {lol} {lol} {lol} {lol} {lol} {lol} {lol} {lol} {lol} {lol} {lol} {lol} {lol} {lol} {lol} {lol} {lol} {lol} {lol} {lol} {lol} {lol} {lol} {lol} {lol} {lol} {lol} {lol} {lol} {lol} {lol} {lol} {lol} {lol} {lol} {lol} {lol} {lol} {lol} {lol} {lol} {lol} {lol} {lol} {lol} {lol} {lol} {lol} {lol} {lol} {lol} {lol} {lol} {lol} {lol} {lol} {lol} {lol} {lol} {lol} {lol} {lol} {lol} {lol} {lol} {lol} {lol} {lol} {lol} {lol} {lol} {lol} {lol} {lol} {lol} {lol} {lol} {lol} {lol} {lol} {lol} {lol} {lol} {lol} {lol} {lol} {lol} {lol} {lol} {lol} {lol} {lol} {lol} {lol} {lol} {lol} {lol} {lol} {lol} {lol} {lol} {lol} {lol} {lol} {lol} {lol} {lol} {lol} {lol} {lol} {lol} {lol} {lol} {lol} {lol} {lol} {lol} {lol} {lol} {lol} {lol} {lol} {lol} {lol} {lol} {lol} {lol} {lol} {lol} {lol} {lol} {lol} {lol} {lol} {lol} {lol} {lol} {lol} {lol} {lol} {lol} {lol} {lol} {lol} {lol} {lol} {lol} {lol} {lol} {lol} {lol} {lol} {lol} {lol} {lol} {lol} {lol} {lol} {lol} {lol} {lol} {lol} {lol} {lol} {lol} {lol} {lol} {lol} {lol} {lol} {lol} {lol} {lol} {lol} {lol} {lol} {lol} {lol} {lol} {lol} {lol} {lol} {lol} {lol} {lol} {lol} {lol} {lol} {lol} {lol} {lol} {lol} {lol} {lol} {lol} {lol} {lol} {lol} {lol} {lol} {lol} {lol} 

Vale..... espera...

{lol} {lol} {lol} {lol} {lol} {lol} {lol} {lol} {lol} {lol} {lol} {lol} {lol} {lol} {lol} {lol} {lol} {lol} {lol} {lol} {lol} {lol} {lol} {lol} {lol} {lol} {lol} {lol} {lol} {lol} {lol} {lol} {lol} {lol} {lol} {lol} {lol} {lol} {lol} {lol} {lol} {lol} {lol} {lol} {lol} {lol} {lol} {lol} {lol} {lol} {lol} {lol} {lol} {lol} {lol} {lol} {lol} {lol} {lol} {lol} {lol} {lol} {lol} {lol} {lol} {lol} {lol} {lol} {lol} {lol} {lol} {lol} {lol} {lol} {lol} {lol} {lol} {lol} {lol} {lol} {lol} {lol} {lol} {lol} {lol} {lol} {lol} {lol} {lol} {lol} {lol} {lol} {lol} {lol} {lol} {lol} {lol} {lol} {lol} {lol} {lol} {lol} {lol} {lol} {lol} {lol} {lol} {lol} {lol} {lol} {lol} {lol} {lol} {lol} {lol} {lol} {lol} {lol} {lol} {lol} {lol} {lol} {lol} {lol} {lol} {lol} {lol} {lol} {lol} {lol} {lol} {lol} {lol} {lol} {lol} {lol} {lol} {lol} {lol} {lol} {lol} {lol} {lol} {lol} {lol} {lol} {lol} {lol} {lol} {lol} {lol} {lol} {lol} {lol} {lol} {lol} {lol} {lol} {lol} {lol} {lol} {lol} {lol} {lol} {lol} {lol} {lol} {lol} {lol} {lol} {lol} {lol} {lol} {lol} {lol} {lol} {lol} {lol} {lol} {lol} {lol} {lol} {lol} {lol} {lol} {lol} {lol} {lol} {lol} {lol} {lol} {lol} {lol} {lol} {lol} {lol} {lol} {lol} {lol} {lol} {lol} {lol} {lol} {lol} {lol} {lol} {lol} {lol} {lol} {lol} {lol} {lol} {lol} {lol} {lol}"
lgtbi,https://www.meneame.net/story/vox-despliega-lona-madrid-contra-feminismo-movimiento-lgtbiq,3825434,38643516,73,,gale,2023-06-18T10:54:58+00:00,2,19,Seguramente Cataluña volverá a ser tema top en los próximos meses.
lgtbi,https://www.meneame.net/story/vox-despliega-lona-madrid-contra-feminismo-movimiento-lgtbiq,3825434,38643514,72,36.0,AbiRN,2023-06-18T10:54:49+00:00,21,144,"#36 No, la pobreza se erradica redistribuyendo la riqueza, no creándola y concentrándola en una pocas manos, que es lo que ocurre actualmente."
lgtbi,https://www.meneame.net/story/vox-despliega-lona-madrid-contra-feminismo-movimiento-lgtbiq,3825434,38643512,71,68.0,KoLoRo,2023-06-18T10:54:40+00:00,1,19,"#68 Quien ha hablado de ""denuncias falsas"" ? Que historias me cuentas {lol}"
lgtbi,https://www.meneame.net/story/vox-despliega-lona-madrid-contra-feminismo-movimiento-lgtbiq,3825434,38643510,70,63.0,Sergio_ftv,2023-06-18T10:54:22+00:00,24,182,"#63 No, he demostrado que el ministerio de igualdad no va en contra de los hombres. Si tuvieses mejor comprensión lectora, mejor visión de la realidad y saber leer entre líneas, entonces cualquier extremista radicalizado no te engañaría."
lgtbi,https://www.meneame.net/story/vox-despliega-lona-madrid-contra-feminismo-movimiento-lgtbiq,3825434,38643507,69,49.0,leporcine,2023-06-18T10:53:34+00:00,1,17,"#49 Imagina un mundo en el que se dejaran de discursos y que solo trabajaran, publicando y haciendo saber a los ciudadanos tanto los errores como los aciertos de su gestión."
lgtbi,https://www.meneame.net/story/vox-despliega-lona-madrid-contra-feminismo-movimiento-lgtbiq,3825434,38643505,68,65.0,ochoceros,2023-06-18T10:53:16+00:00,13,110,"#65 Sigo sin entender el miedo a esas ""denuncias falsas"" y a que tu mujer te meta en la cárcel. Yo vivo casado y la mar de tranquilo.

Si pegase a mi mujer, la tuviese de esclava en casa, yo fuese un abusador físico o psicológico, etc... entonces sí que estaría preocupado."
lgtbi,https://www.meneame.net/story/vox-despliega-lona-madrid-contra-feminismo-movimiento-lgtbiq,3825434,38643497,67,54.0,Atusateelpelo,2023-06-18T10:51:46+00:00,0,16,"#54 Pues perteneceras tu a ese grupo. En contra de lo que quereis vendernos entre Podemos y Vox hay otras opciones. Sumar es una de ellas, por ejemplo."
lgtbi,https://www.meneame.net/story/vox-despliega-lona-madrid-contra-feminismo-movimiento-lgtbiq,3825434,38643492,66,60.0,Atusateelpelo,2023-06-18T10:50:51+00:00,1,26,#60 Y por eso votare a Sumar. Porque casi todo eso que has dicho esta relacionado con el Ministerio de Trabajo.
lgtbi,https://www.meneame.net/story/vox-despliega-lona-madrid-contra-feminismo-movimiento-lgtbiq,3825434,38643480,65,59.0,KoLoRo,2023-06-18T10:48:44+00:00,4,28,"#59 No hables de derechos... habla de delitos, que delitos le quieres meter a los hombres por cualquier cosa? Claro, si sesgas tu argumento desde el principio...

Justamente la Izquierda Radical de Irene montero da el mismo asco que la Derecha Radical de VOX, ambos son radicales a su manera.

Ahora, vamos a machete a por quien esta en el gobierno con poder para hacer cambios, que es la montero y su ley del si es si es un ejemplo de ser Radical, tanto que no vio lo que podía pasar he ignoro los avisos y ellas bien orgullosas de esa ley.

Mañana con la derecha en el poder, veremos que hacen y como la pifian (que apuesto mi sueldo de un año a que la pifian)."
lgtbi,https://www.meneame.net/story/vox-despliega-lona-madrid-contra-feminismo-movimiento-lgtbiq,3825434,38643459,64,20.0,silvano.jorge,2023-06-18T10:46:00+00:00,0,10,#20 como se está cumpliendo igual o peor pues estamos jodidos
lgtbi,https://www.meneame.net/story/vox-despliega-lona-madrid-contra-feminismo-movimiento-lgtbiq,3825434,38643450,63,55.0,KoLoRo,2023-06-18T10:45:10+00:00,10,59,"#55 Bien, has defendido tu argumento con lo único que ha hecho por el hombre el ministerio de igualdad en toda su legislatura.

Premio!"
lgtbi,https://www.meneame.net/story/vox-despliega-lona-madrid-contra-feminismo-movimiento-lgtbiq,3825434,38643442,62,59.0,ipto,2023-06-18T10:44:21+00:00,26,108,"#59 Por ejemplo y entre otros, El derecho a la presunción de inocencia. Lo que tú comentas en tu comentario no son derechos."
lgtbi,https://www.meneame.net/story/vox-despliega-lona-madrid-contra-feminismo-movimiento-lgtbiq,3825434,38643433,61,53.0,leporcine,2023-06-18T10:42:34+00:00,0,7,"#53 Se retroalimentan, a veces me pregunto que harían si no estuviera el contrario."
lgtbi,https://www.meneame.net/story/vox-despliega-lona-madrid-contra-feminismo-movimiento-lgtbiq,3825434,38643416,60,49.0,--469178--,2023-06-18T10:39:48+00:00,8,76,"#49 Subir más el salario mínimo o poner topes a la energía, hipotecas, ganancias empresariales,margenes o derogar la reforma laboral, la ley mordaza o un mejor mínimo ingreso vital o no subir el presupuesto armamentístico. 
Venga hombre, cualquier excusa hubiese servido para acabar con Podemos. Ya vendrán los siguientes."
lgtbi,https://www.meneame.net/story/vox-despliega-lona-madrid-contra-feminismo-movimiento-lgtbiq,3825434,38643410,59,56.0,ochoceros,2023-06-18T10:38:32+00:00,23,221,"#56 ¿Qué derechos quiere quitar la Montero? ¿El derecho a pegar a tu pareja? ¿El derecho a acosar a una mujer borracha, que vista provocativamente o simplemente esté buena?"
lgtbi,https://www.meneame.net/story/vox-despliega-lona-madrid-contra-feminismo-movimiento-lgtbiq,3825434,38643408,58,2.0,scor,2023-06-18T10:38:14+00:00,5,58,#2 Regreso a los años de la España franquista ; http://menea.me/29zn3
lgtbi,https://www.meneame.net/story/vox-despliega-lona-madrid-contra-feminismo-movimiento-lgtbiq,3825434,38643384,57,53.0,igorymi,2023-06-18T10:35:36+00:00,1,23,#53 totalmente de acuerdo. Primero abren la vía y luego se quejan
lgtbi,https://www.meneame.net/story/vox-despliega-lona-madrid-contra-feminismo-movimiento-lgtbiq,3825434,38643383,56,46.0,ipto,2023-06-18T10:35:31+00:00,11,22,#46 ¿Odian tanto o más que la izquierda radical de Irene Montero?
lgtbi,https://www.meneame.net/story/vox-despliega-lona-madrid-contra-feminismo-movimiento-lgtbiq,3825434,38643377,55,42.0,Sergio_ftv,2023-06-18T10:33:48+00:00,31,269,"#42 Veo que la misoginia te puede, eso o es que estás en contra de que los permisos por paternidad aumenten para igualarse al de maternidad: https://www.ccoo-servicios.es/html/46811.html [[A partir del 1 de enero de 2021 quedarán igualados los permisos de maternidad y paternidad. Serán de 16 semanas]] y todo gracias el ministerio de igualdad."
lgtbi,https://www.meneame.net/story/vox-despliega-lona-madrid-contra-feminismo-movimiento-lgtbiq,3825434,38643376,54,44.0,--652052--,2023-06-18T10:33:40+00:00,3,41,#44 En este país demócrata que es España lo radical es pertenecer al grupo Jomeini Feijóo que nos quiere hacer retroceder un siglo en derechos.
lgtbi,https://www.meneame.net/story/vox-despliega-lona-madrid-contra-feminismo-movimiento-lgtbiq,3825434,38643366,53,,Alakrán_,2023-06-18T10:32:23+00:00,6,44,"Tenía claro que las estúpidas lonas pancarta de Podemos, diciéndole tonterías a los vecinos, iban a tener su reflejo más pronto que tarde.
Pues como no podía ser de otra manera, aquí tienes a los tontos de VOX."
lgtbi,https://www.meneame.net/story/vox-despliega-lona-madrid-contra-feminismo-movimiento-lgtbiq,3825434,38643363,52,,manbobi,2023-06-18T10:32:15+00:00,1,19,La internacional palurda
lgtbi,https://www.meneame.net/story/vox-despliega-lona-madrid-contra-feminismo-movimiento-lgtbiq,3825434,38643348,51,50.0,Atusateelpelo,2023-06-18T10:29:58+00:00,2,31,"#50 Se te ha olvidado el negativito {kiss}

Mi fantasia, como tu la llamas, esta integrada en Sumar para no desaparecer. {troll}"
lgtbi,https://www.meneame.net/story/vox-despliega-lona-madrid-contra-feminismo-movimiento-lgtbiq,3825434,38643342,50,47.0,parrita710,2023-06-18T10:28:44+00:00,8,82,#47 Tu argumento fantasía pasa por ignorar la realidad. Pero tu no cambies que le haces un favor a las mujeres yendo de cara {lol}
lgtbi,https://www.meneame.net/story/vox-despliega-lona-madrid-contra-feminismo-movimiento-lgtbiq,3825434,38643340,49,48.0,Atusateelpelo,2023-06-18T10:28:38+00:00,1,25,#48 Pues quizas moderar un discurso y elevar el otro daria mejores resultados ¿no?
lgtbi,https://www.meneame.net/story/vox-despliega-lona-madrid-contra-feminismo-movimiento-lgtbiq,3825434,38643332,48,44.0,--469178--,2023-06-18T10:27:34+00:00,8,76,#44 Y más a subido la temperatura global del planeta. Y más se a alejado la luna de la tierra. Y más gana Ana Roso con sus pisos turísticos. Y la erupción del volcán de La Palma.
lgtbi,https://www.meneame.net/story/vox-despliega-lona-madrid-contra-feminismo-movimiento-lgtbiq,3825434,38643328,47,45.0,Atusateelpelo,2023-06-18T10:27:26+00:00,9,29,"#45 ¿Tu argumento pasa por el insulto? Supongo que esa es la manera con la que pretendes convencer a la gente para que vote a Podemos Sumar...

Que sorpresa. {roll}"
lgtbi,https://www.meneame.net/story/vox-despliega-lona-madrid-contra-feminismo-movimiento-lgtbiq,3825434,38643324,46,19.0,ochoceros,2023-06-18T10:27:03+00:00,45,363,"#19 Vox es el partido de los que odian más a los demás de lo que se quieren a si mismos.

Si les votas es para quitar derechos a los demás, no para mejorar los tuyos.

Es el partido de los obreros esquiroles que no van a una huelga para luchar por sus derechos, y en cambio prefieren trabajar puteados y por una miseria esperando que el empresaurio les suba el sueldo en un ataque de generosidad que nunca llega."
lgtbi,https://www.meneame.net/story/vox-despliega-lona-madrid-contra-feminismo-movimiento-lgtbiq,3825434,38643309,45,40.0,parrita710,2023-06-18T10:24:16+00:00,9,45,#40 ¿Y eso que tendrá que ver cuñao?
lgtbi,https://www.meneame.net/story/vox-despliega-lona-madrid-contra-feminismo-movimiento-lgtbiq,3825434,38643305,44,37.0,Atusateelpelo,2023-06-18T10:23:42+00:00,6,51,"#37 Las mujeres y hombres tambien tienen hijos e hijas. Cuanto mas ha radicalizado su discurso Podemos para afianzar su ""feminismo"" mas votos ha perdido. De 5M a 3M y de 71 diputados a 35. Todo un exito."
lgtbi,https://www.meneame.net/story/vox-despliega-lona-madrid-contra-feminismo-movimiento-lgtbiq,3825434,38643304,43,6.0,hasta_los_cojones,2023-06-18T10:23:38+00:00,8,75,"#6 algunas de esas mujeres tienen hijos, padres, hermanos, y empatía."
lgtbi,https://www.meneame.net/story/vox-despliega-lona-madrid-contra-feminismo-movimiento-lgtbiq,3825434,38643301,42,5.0,hasta_los_cojones,2023-06-18T10:23:10+00:00,18,39,#5 ¿la misandria también tiene el mismo denominador común?
lgtbi,https://www.meneame.net/story/vox-despliega-lona-madrid-contra-feminismo-movimiento-lgtbiq,3825434,38643292,41,32.0,hasta_los_cojones,2023-06-18T10:22:26+00:00,10,87,"#32 el terrorismo es un delito contra el estado.

No es lo mismo matar a pepito por un motivo privado entre pepito y tú, que matar a pepito para atacar al estado.

Por eso, la dialéctica feminista pretende sin mucho éxito hacer colar la idea de que cuando un hombre mata a una mujer lo hace como parte de un terrorismo heteropatriarcal para oprimir a todas las mujeres."
lgtbi,https://www.meneame.net/story/vox-despliega-lona-madrid-contra-feminismo-movimiento-lgtbiq,3825434,38643290,40,38.0,Atusateelpelo,2023-06-18T10:22:02+00:00,9,12,"#38 Puedes preguntar a Podemos. De 5,1M de votos y 71 diputados a 3,1M y 35 diputados."
lgtbi,https://www.meneame.net/story/vox-despliega-lona-madrid-contra-feminismo-movimiento-lgtbiq,3825434,38643271,39,32.0,Barney_77,2023-06-18T10:19:45+00:00,8,61,"#32 El problema no es que existan agravantes, el problema es que en este caso, cuando una mujer es víctima, todo es por el machismo. No se entran en otras posibilidades, alcoholismo, problemas mentales, desesperación económica... Cuando absolutamente todo es machismo es cuando llegan los problemas."
lgtbi,https://www.meneame.net/story/vox-despliega-lona-madrid-contra-feminismo-movimiento-lgtbiq,3825434,38643262,38,25.0,parrita710,2023-06-18T10:19:09+00:00,7,67,#25 Pues estás equivocado.
lgtbi,https://www.meneame.net/story/vox-despliega-lona-madrid-contra-feminismo-movimiento-lgtbiq,3825434,38643246,37,25.0,--652052--,2023-06-18T10:16:28+00:00,6,64,"#25 Superan en el censo electoral por un millón o más al censo masculino , en su voto están muchas decisiones para su futuro, espero y deseo que en estas elecciones la presencia de voto femenino se revele contra Jomeini Feijóo, que borden y planchen en la escuela los hijos del facherío."
lgtbi,https://www.meneame.net/story/vox-despliega-lona-madrid-contra-feminismo-movimiento-lgtbiq,3825434,38643227,36,33.0,Findeton,2023-06-18T10:14:28+00:00,20,-70,"#33 La pobreza se erradica creando riqueza, lo cual viene del capitalismo/libre mercado."
lgtbi,https://www.meneame.net/story/vox-despliega-lona-madrid-contra-feminismo-movimiento-lgtbiq,3825434,38643222,35,27.0,tyrrelco,2023-06-18T10:13:52+00:00,7,57,"#27 No ,que va..."
lgtbi,https://www.meneame.net/story/vox-despliega-lona-madrid-contra-feminismo-movimiento-lgtbiq,3825434,38643207,34,32.0,Findeton,2023-06-18T10:12:33+00:00,1,12,#32 De hecho estoy de acuerdo con esa frase.
lgtbi,https://www.meneame.net/story/vox-despliega-lona-madrid-contra-feminismo-movimiento-lgtbiq,3825434,38643193,33,,jeioncs,2023-06-18T10:09:21+00:00,23,178,"Repasemos los ODS para ver sobre que se posicionan en contra:

1. Fin de la pobreza: Erradicar la pobreza en todas sus formas y dimensiones.

2. Hambre cero: Acabar con el hambre, lograr la seguridad alimentaria y la mejora de la nutrición y promover la agricultura sostenible.

3. Salud y bienestar: Garantizar una vida sana y promover el bienestar para todos en todas las edades.

4. Educación de calidad: Garantizar una educación inclusiva, equitativa y de calidad y promover oportunidades de aprendizaje durante toda la vida para todos.

5. Igualdad de género: Lograr la igualdad entre los géneros y empoderar a todas las mujeres y niñas.

6. Agua limpia y saneamiento: Garantizar la disponibilidad y la gestión sostenible del agua y el saneamiento para todos.

7. Energía asequible y no contaminante: Garantizar el acceso a una energía asequible, segura, sostenible y moderna para todos.

8. Trabajo decente y crecimiento económico: Promover el crecimiento económico sostenido, inclusivo y sostenible, el empleo pleno y productivo y el trabajo decente para todos.

9. Industria, innovación e infraestructura: Construir infraestructuras resilientes, promover la industrialización inclusiva y sostenible y fomentar la innovación.

10. Reducción de las desigualdades: Reducir la desigualdad en y entre los países.

11. Ciudades y comunidades sostenibles: Hacer que las ciudades y los asentamientos humanos sean inclusivos, seguros, resilientes y sostenibles.

12. Producción y consumo responsables: Garantizar modalidades de consumo y producción sostenibles.

13. Acción por el clima: Adoptar medidas urgentes para combatir el cambio climático y sus efectos.

14. Vida submarina: Conservar y utilizar de forma sostenible los océanos, los mares y los recursos marinos para el desarrollo sostenible.

15. Vida de ecosistemas terrestres: Proteger, restaurar y promover el uso sostenible de los ecosistemas terrestres, gestionar de forma sostenible los bosques, combatir la desertificación, detener e invertir la degradación de la tierra y frenar la pérdida de diversidad biológica.

16. Paz, justicia e instituciones sólidas: Promover sociedades pacíficas e inclusivas para el desarrollo sostenible, facilitar el acceso a la justicia para todos y crear instituciones eficaces, responsables e inclusivas a todos los niveles.

17. Alianzas para lograr los objetivos: Fortalecer los medios de implementación y revitalizar la Alianza Mundial para el Desarrollo Sostenible."
lgtbi,https://www.meneame.net/story/vox-despliega-lona-madrid-contra-feminismo-movimiento-lgtbiq,3825434,38643187,32,7.0,meta,2023-06-18T10:08:15+00:00,12,112,"#7 ""Estoy en contra del agravange por terrorismo. Matar a alguien es indiferente de porqué lo hagas."""
lgtbi,https://www.meneame.net/story/vox-despliega-lona-madrid-contra-feminismo-movimiento-lgtbiq,3825434,38643186,31,18.0,--642930--,2023-06-18T10:08:14+00:00,9,56,"#18 Un mal no hace que añores otro mal, te lo aseguro. Para mi no hay nada que haga buena a Irene Montero.
Tengo la misma opinión de VOX que #13, aunque para mi no es que solo VOX sean cenutrios, es que todo el congreso está lleno de gente mediocre que no sabe hacer nada y se han metido a políticos para no tener que hacer nada.

Personalmente, no hay nada que mejore a estas alturas mi opinión de Irene, es que ni tiene el minimo amor propio para decir, me retiro y dejo de ir llorando por las esquinas y haciendome la victima. Es lamentable.

Respecto a VOX, pues ni los aguanto, ni los quiero, pero cuando pones a una persona como Irene en un gobierno, la reacción opuesta es más que predecible. El odio solo siembra odio y solo recoge odio y en eso Irene es una experta."
lgtbi,https://www.meneame.net/story/vox-despliega-lona-madrid-contra-feminismo-movimiento-lgtbiq,3825434,38643183,30,15.0,KoLoRo,2023-06-18T10:07:34+00:00,9,71,"#15 No, han conseguido todo lo contrario. Que la gente vote en lo opuesto totalmente, que es VOX y la derecha.

Y culpan a la ciudadanía cuando son ELLOS los putos culpables.

Ya lo dije en su día hace mucho.
https://www.meneame.net/story/muere-mujer-34-anos-santa-cruz-tenerife-tras-ser-apunalada-plena/c027#c-27
30/07/2022

La ostia se veía venir de muy lejos... pero claro, todos machistas {lol}"
lgtbi,https://www.meneame.net/story/vox-despliega-lona-madrid-contra-feminismo-movimiento-lgtbiq,3825434,38643178,29,16.0,--652052--,2023-06-18T10:06:56+00:00,5,58,#16 Si te refieres a las seguidoras del Jomeini Feijóo tendrán que decidir ellas libremente ...
lgtbi,https://www.meneame.net/story/vox-despliega-lona-madrid-contra-feminismo-movimiento-lgtbiq,3825434,38643174,28,,Lamantua,2023-06-18T10:06:32+00:00,1,15,El comando voxemita piojoso de MnM está pegando lonas…? {lol} {lol} {lol} {lol}
lgtbi,https://www.meneame.net/story/vox-despliega-lona-madrid-contra-feminismo-movimiento-lgtbiq,3825434,38643149,27,23.0,Findeton,2023-06-18T10:04:02+00:00,36,-123,#23 Por supuesto. Lo que no se puede es llamar ultras a Vox... desde Podemos.
lgtbi,https://www.meneame.net/story/vox-despliega-lona-madrid-contra-feminismo-movimiento-lgtbiq,3825434,38643137,26,,Marisadoro,2023-06-18T10:02:57+00:00,2,37,Publirreportaje
lgtbi,https://www.meneame.net/story/vox-despliega-lona-madrid-contra-feminismo-movimiento-lgtbiq,3825434,38643130,25,6.0,Atusateelpelo,2023-06-18T10:01:41+00:00,0,16,"#6 Sin el voto de las mujeres no se puede ganar...
...sin el de los hombres tampoco."
lgtbi,https://www.meneame.net/story/vox-despliega-lona-madrid-contra-feminismo-movimiento-lgtbiq,3825434,38643128,24,7.0,JackNorte,2023-06-18T10:01:14+00:00,6,54,"#7 Estaria muy bien , pero el problema son las compañias y realmente que aplicarian si pudieran , como en otros paises.
Creer que son moderados cuando son ultras, es un salto de fe demasiado grande para mi. Que ojala , pero quien odia, no odia moderadamente, quien difunde el opdio por interes, no lo hace moderadamente, las compañias los origenes son los que son , y la moderacion no es lo que los define.
Pero mientras alguien crea que el odio la persecucion a los mas debiles es algo que hay que apoyar defender justificar  no se.
Veremos que produce , aunque me temo que ya se probo antes y en otros sitios actualmente. Mismos metodos mismos resultados.
No fingen lo que no son son claros y lo dicen clarisimo , pero eso es obvio mas para los contrarios, los afines creo que lo entenderan mas adelante, en otros paises tardaron bastante , no creo que seamos diferentes, asi que tocara lo mismo o algo peor."
lgtbi,https://www.meneame.net/story/vox-despliega-lona-madrid-contra-feminismo-movimiento-lgtbiq,3825434,38643124,23,21.0,tyrrelco,2023-06-18T10:00:26+00:00,29,222,"#21 Coño, otro equidistante"
lgtbi,https://www.meneame.net/story/vox-despliega-lona-madrid-contra-feminismo-movimiento-lgtbiq,3825434,38643116,22,,carademalo,2023-06-18T09:58:41+00:00,11,110,"El símbolo de la okupación para referenciar a los ocupas. Ése es el nivel. De Vox y, generalmente, de sus votantes. {palm}"
lgtbi,https://www.meneame.net/story/vox-despliega-lona-madrid-contra-feminismo-movimiento-lgtbiq,3825434,38643111,21,17.0,Findeton,2023-06-18T09:57:34+00:00,26,-65,"#17 Como el resto de políticos, también sea dicho."
lgtbi,https://www.meneame.net/story/vox-despliega-lona-madrid-contra-feminismo-movimiento-lgtbiq,3825434,38643097,20,,--731452--,2023-06-18T09:56:02+00:00,10,99,"Pues la Agenda 2030 es de lo mejor que nos ha pasado a la humanidad, solo comparable a la declaración universal de los derechos humanos o la generalización de las vacunas."
lgtbi,https://www.meneame.net/story/vox-despliega-lona-madrid-contra-feminismo-movimiento-lgtbiq,3825434,38643096,19,,Sigo_intentandolo,2023-06-18T09:55:56+00:00,93,674,"Estáis totalmente equivocados... Su enfoque es correcto para su estrategia.

Hay muchísima gente (mujeres incluidas) que ven el feminismo actual como algo radical con lo que no están de acuerdo... Por lo que el mensaje de  VOX no es estar atacando a las mujeres, es atacar a ciertas ideas. Solo la izquierda interpreta ese mensaje como un ataque a todas las mujeres.

La desconexión de las alas más radicales de ciertos grupos de izquierdas con la gran realidad de este país hace que no se entienda porque la gente vota lo que vota.


Nota: esto no es defender a vox, es explicaros que no son tan tontos como la izquierda desde nuestra atalaya pensamos que son."
lgtbi,https://www.meneame.net/story/vox-despliega-lona-madrid-contra-feminismo-movimiento-lgtbiq,3825434,38643091,18,13.0,cenutrios_unidos,2023-06-18T09:55:28+00:00,3,35,#13 Pues me temo que al final vamos a añorar a Irene...y eso que no la puedo ni ver.
lgtbi,https://www.meneame.net/story/vox-despliega-lona-madrid-contra-feminismo-movimiento-lgtbiq,3825434,38643086,17,7.0,tyrrelco,2023-06-18T09:55:05+00:00,14,128,#7 Seguro que el número 1 por Valencia de Vic está mega preocupado por la igualdad... Claro que si
lgtbi,https://www.meneame.net/story/vox-despliega-lona-madrid-contra-feminismo-movimiento-lgtbiq,3825434,38643084,16,6.0,GARZA,2023-06-18T09:54:48+00:00,3,31,"#6 No se puede olvidar que hay muchísimas mujeres alimentando y educando, en clave machista."
lgtbi,https://www.meneame.net/story/vox-despliega-lona-madrid-contra-feminismo-movimiento-lgtbiq,3825434,38643082,15,12.0,cenutrios_unidos,2023-06-18T09:54:42+00:00,21,94,"#12 Es que no es feminismo, es hembrismo. Y la gente ha acabado hasta las narices y les ha dejado de votar."
lgtbi,https://www.meneame.net/story/vox-despliega-lona-madrid-contra-feminismo-movimiento-lgtbiq,3825434,38643074,14,7.0,GARZA,2023-06-18T09:53:56+00:00,1,16,#7  #5 Más miedo que ignorancia
lgtbi,https://www.meneame.net/story/vox-despliega-lona-madrid-contra-feminismo-movimiento-lgtbiq,3825434,38643071,13,11.0,Findeton,2023-06-18T09:53:45+00:00,12,19,"#11 Pocos dudan que los de Vox son unos cenutrios, lo que pasa es que son la respuesta natural y extrema al... otro extremo."
lgtbi,https://www.meneame.net/story/vox-despliega-lona-madrid-contra-feminismo-movimiento-lgtbiq,3825434,38643067,12,7.0,KoLoRo,2023-06-18T09:53:10+00:00,12,93,"#7 Nunca van a entender esto... ni lo intentes.

Feminismo <----> Feminismo del 2023"
lgtbi,https://www.meneame.net/story/vox-despliega-lona-madrid-contra-feminismo-movimiento-lgtbiq,3825434,38643065,11,8.0,cenutrios_unidos,2023-06-18T09:52:52+00:00,9,71,#8 En eso estoy de acuerdo. Pero estos despojos de VOX niegan el cambio climático pero gobiernan en Madrid con el Madrid 360...ergo van a por la poltrona y punto. Vamos como el PP.
lgtbi,https://www.meneame.net/story/vox-despliega-lona-madrid-contra-feminismo-movimiento-lgtbiq,3825434,38643060,10,7.0,tdgwho,2023-06-18T09:51:58+00:00,3,16,#7 Es que eso igual da
lgtbi,https://www.meneame.net/story/vox-despliega-lona-madrid-contra-feminismo-movimiento-lgtbiq,3825434,38643055,9,6.0,tdgwho,2023-06-18T09:51:24+00:00,6,56,"#6 No... no pueden votar las 24 millones {lol}

Que muchas de ellas son menores de edad {lol}

La población ""votante"" ronda los 38 millones, así que la mitad serían unos 19 millones."
lgtbi,https://www.meneame.net/story/vox-despliega-lona-madrid-contra-feminismo-movimiento-lgtbiq,3825434,38643054,8,6.0,Findeton,2023-06-18T09:50:56+00:00,34,137,"#6 Afortunadamente 24 millones de personas en España son hombres y podemos votar. Lo digo porque hoy en día no hay igualdad ante la ley, existen delitos que sólo aplican a hombres etc."
lgtbi,https://www.meneame.net/story/vox-despliega-lona-madrid-contra-feminismo-movimiento-lgtbiq,3825434,38643046,7,3.0,Findeton,2023-06-18T09:49:35+00:00,45,95,"#3 Me da que no es contra el feminismo sino contra el ""feminismo"" radical instaurado en la izquierda, ese de la discriminación ""positiva"" y el de crear delitos diferentes según si eres hombre o mujer. ¿Dónde quedó la igualdad ante la ley?"
lgtbi,https://www.meneame.net/story/vox-despliega-lona-madrid-contra-feminismo-movimiento-lgtbiq,3825434,38643035,6,,--652052--,2023-06-18T09:48:03+00:00,8,85,Afortunadamente 24 Millones de personas en España son mujeres y pueden votar.
lgtbi,https://www.meneame.net/story/vox-despliega-lona-madrid-contra-feminismo-movimiento-lgtbiq,3825434,38643027,5,,Sergio_ftv,2023-06-18T09:46:43+00:00,74,636,"Misoginia, homofobia y sociopatía. Todo ello tiene como denominador común la ignorancia y el miedo y ya se sabe, ""la ignorancia es muy atrevida"" y ""el miedo te hace perder el raciocinio"" ."
lgtbi,https://www.meneame.net/story/vox-despliega-lona-madrid-contra-feminismo-movimiento-lgtbiq,3825434,38643025,4,,cenutrios_unidos,2023-06-18T09:46:20+00:00,9,95,Y con la pulsera...no falla.
lgtbi,https://www.meneame.net/story/vox-despliega-lona-madrid-contra-feminismo-movimiento-lgtbiq,3825434,38643012,3,,JackNorte,2023-06-18T09:45:11+00:00,16,148,"No se esconden , y aun asi....."
lgtbi,https://www.meneame.net/story/vox-despliega-lona-madrid-contra-feminismo-movimiento-lgtbiq,3825434,38643002,2,,--605060--,2023-06-18T09:44:24+00:00,57,512,"Pues que buena manera de tirarse piedras sobre su propio tejado. Son tontos hasta para el marketing. Seguro que es una campaña de 2 etapas, esta es la primera y la próxima semana desplegarán la lona con lo suyo: Los toros, El Valle, Anti-Clima y en defensa de los pollaheridas."
lgtbi,https://www.meneame.net/story/vox-despliega-lona-madrid-contra-feminismo-movimiento-lgtbiq,3825434,38642997,1,,pingON,2023-06-18T09:44:01+00:00,14,119,cognicion -100
