tema,url_meneame,id_noticia_meneame,id_comentario,numero_comentario,responde_a_numero,usuario,fecha_comentario_utc,votos,karma,texto
inmigracion,https://www.meneame.net/story/alemania-plantea-deportar-refugiados-sirios-regresan-visita-pais,3171565,27648456,211,209.0,INEEDMONEY,2019-08-21T12:14:04+00:00,0,6,"#209 si solicitas refugio en otro país porque en tu país supuestamente  te quieren matar y luego resulta que vuelves lo que estas haciendo es reírte en la cara del país que te acoge, si puedes volver es que mucha protección en otro país no necesitaras; el problema es hacerte pasar por refugiado cuando en realidad eres un inmigrante economico"
inmigracion,https://www.meneame.net/story/alemania-plantea-deportar-refugiados-sirios-regresan-visita-pais,3171565,27647230,210,208.0,--609285--,2019-08-21T09:51:54+00:00,0,7,"#208 Pues es muy sencillo: Si uno hace su vida en un pais no tiene por que temer perder el estatus de refugiado, que tiene todo el sentido del mundo para entrar en el pais pero no tiene ningun sentido el conservarlo si se pretende permanencer en el pais.

Si por perder el status de refugiado se pierde el derecho a permanecer en el pais, no es es al estatus de refugiado al que hay que responsabilizar. 

Piensas que los refugiados de la guerra civil conservaron ese estatus de perseguidos durante 40 años?"
inmigracion,https://www.meneame.net/story/alemania-plantea-deportar-refugiados-sirios-regresan-visita-pais,3171565,27646956,209,198.0,acidulante,2019-08-21T09:24:41+00:00,0,6,"#198 no todo el mundo es tan machote como tu para olvidarse de su familia y vivir alegremente sabiendo que no la va a volver a ver, que suerte tienes de ser tan inhumano.

Si el pasado no ha cambiado, la mayoría de los países europeos han estado metidos en conflictos bélicos (de forma directa o indirecta (digamos financiando las facciones locales de los conflictos que a ellos les interesa que ganen)) desde hace siglos otra cosa es que tu no te hayas enterado o no quieras darte cuenta. Debe ser maravilloso vivir en un mundo tan simple como en el que vives tu."
inmigracion,https://www.meneame.net/story/alemania-plantea-deportar-refugiados-sirios-regresan-visita-pais,3171565,27646846,208,207.0,fr1k1,2019-08-21T09:11:32+00:00,0,10,"#207 No pregunto lo que ha dicho el tio este, te pregunto a tí, como experto en refugiados porque tu familia lo ha sido"
inmigracion,https://www.meneame.net/story/alemania-plantea-deportar-refugiados-sirios-regresan-visita-pais,3171565,27646093,207,206.0,--609285--,2019-08-21T07:23:48+00:00,0,7,"#206 Me parece que te estas liando: Pueden volver cuando quieran, solo se arriesgan a perder el estatus de refugiados (y no su derecho/permiso para vivir en el pais que sea si lo tienen)."
inmigracion,https://www.meneame.net/story/alemania-plantea-deportar-refugiados-sirios-regresan-visita-pais,3171565,27645951,206,205.0,fr1k1,2019-08-21T06:57:57+00:00,0,10,"#205 Es lo que considerarías válido, así si podrían volver?"
inmigracion,https://www.meneame.net/story/alemania-plantea-deportar-refugiados-sirios-regresan-visita-pais,3171565,27645781,205,192.0,--609285--,2019-08-21T06:26:52+00:00,0,7,"#192 Claro que si hombre, vuelven a su pais nadando y con el AK a cuestas por si acaso. Menudas peliculas os montais. {palm}

Y por cierto, mi familia fue refugiada en Francia {wink}"
inmigracion,https://www.meneame.net/story/alemania-plantea-deportar-refugiados-sirios-regresan-visita-pais,3171565,27645752,204,,--609285--,2019-08-21T06:21:24+00:00,0,7,"#_202 #_203 tableton : Patético no, lo siguiente {kiss} {lol}  {lol}

Lo dicho: Meneame, el refugio de superdotados {lol}"
inmigracion,https://www.meneame.net/story/alemania-plantea-deportar-refugiados-sirios-regresan-visita-pais,3171565,27643130,203,202.0,tableton,2019-08-20T17:22:18+00:00,1,1,"#202 y se escribir hasta, mira, hasta nunca"
inmigracion,https://www.meneame.net/story/alemania-plantea-deportar-refugiados-sirios-regresan-visita-pais,3171565,27643095,202,187.0,tableton,2019-08-20T17:16:17+00:00,2,12,"#187 A ver espabilao, si te he ignorado esta mañana  es porque tus comentarios, estos si, tan estupidos e irrelevantes  buscando provocarme y tocarme los cojones. me iban a hacer perder una tranquila mañana de trabajo como la que he tenido,Pues ten muy claro que me paso todos tus comentarios por el orto bien sudado como lo tengo ahora despues de unos km de bici, asi que puedes echar babas y bilis que me la trae bien floja, y vuelve al puto ignore que un minuto de mi tiempo rascandome los huevos vale mas que replicandote como he estado asta ahora"
inmigracion,https://www.meneame.net/story/alemania-plantea-deportar-refugiados-sirios-regresan-visita-pais,3171565,27641470,201,190.0,avalancha971,2019-08-20T13:36:50+00:00,0,7,"#190 No, Alemania no ha decidido que si puedes ir de turismo al país del que escapaste ya note consideran refugiado.

La noticia dice que se lo plantea, porque el Ministro de Interior lo ha considerado así. Pero no lo ha decidido ni mucho menos."
inmigracion,https://www.meneame.net/story/alemania-plantea-deportar-refugiados-sirios-regresan-visita-pais,3171565,27641425,200,190.0,--272179--,2019-08-20T13:30:45+00:00,0,12,"#190 que en Alemania han decidido qué? {lol}

Ni la noticia te has leido.

Venga hijo cuñadea por otro lado, que aqui ya has aburrido bastante."
inmigracion,https://www.meneame.net/story/alemania-plantea-deportar-refugiados-sirios-regresan-visita-pais,3171565,27641414,199,191.0,--272179--,2019-08-20T13:29:16+00:00,0,12,"#191 el aeropuerto de Berlin no lo abriran hasta que no colonicemos marte.

Si hay vuelos desde Berlin a Beirut que luego incluyen viaje a Damasco. En serio mira bi3n porque las ofertas de vuelos estan ahí. Que tengo u  practicante en mi taller que esta ahi ahora de vacaciones viendo a su madre."
inmigracion,https://www.meneame.net/story/alemania-plantea-deportar-refugiados-sirios-regresan-visita-pais,3171565,27641410,198,196.0,INEEDMONEY,2019-08-20T13:28:55+00:00,0,6,"#196 ""conozco a una persona (y no es que me lo haya inventado o lo haya leído por ahí ojo) la cual se encuentra refugiada en españa por su condición de persona homosexual, dejo su país y a toda su familia allí básicamente porque tenia miedo de que le matasen (cosa que al parecer es bastante normal). Ha vuelto a su país una sola vez en 2 años para ver a su familia y acompañado por una ONG. Tan raro te parece este caso??""
si en tu pais te quieren matar no vuelves, si ademas en tu pais rige la sharia y eres homosexual lo que eres es un gilipollas por volver a un pais donde te pueden matar por tu condicion sexual, y es completamente normal que un pais que te ha dado asilo porque en tu pais te quieren matar se moleste si ve que vuelves al pais donde te quieren matar ¿es facil de entender verdad? te puede acompañar todo el personal de la ong que como les de a una turba de sus compatriotas por lincharle (nada raro cuando se descubre la homosexualidad de alguien en un pais donde rige la sharia) nada van a poder hacer

""ah claro que los países europeos no tienen ninguna culpa de que esos países estén en la puta ruina.""
¿cual es exactamente la culpa de los paises europeos y en concreto de españa? porque el colonialismo hace muchos años que se acabo y el principal problema de muchos de esos paises es una cultura de mierda incompatible con los valores de la cultura occidental, normal que esten en  la mierda"
inmigracion,https://www.meneame.net/story/alemania-plantea-deportar-refugiados-sirios-regresan-visita-pais,3171565,27641379,197,194.0,--272179--,2019-08-20T13:24:07+00:00,0,12,"#194 si eso es lo que hacen la misma compañia te lleva a Beirut y de ahi a Damasco por carretera por ruta segura.

Denegacion de derecho de asilo no implica necesariamente deportacion, puede haber reubicacion o internamiento. Turquia recibe dinero para reubicar alli a sirios con algun tipo de problema de los expuestos como supuestos que prevé  el articulo cuarto apartado primero de la ley de subsidiär schutz."
inmigracion,https://www.meneame.net/story/alemania-plantea-deportar-refugiados-sirios-regresan-visita-pais,3171565,27641311,196,135.0,acidulante,2019-08-20T13:14:02+00:00,0,6,"#135 conozco a una persona (y no es que me lo haya inventado o lo haya leído por ahí ojo) la cual se encuentra refugiada en españa por su condición de persona homosexual, dejo su país y a toda su familia allí básicamente porque tenia miedo de que le matasen (cosa que al parecer es bastante normal). Ha vuelto a su país una sola vez en 2 años para ver a su familia y acompañado por una ONG. Tan raro te parece este caso??

 #161 ah claro que los países europeos no tienen ninguna culpa de que esos países estén en la puta ruina."
inmigracion,https://www.meneame.net/story/alemania-plantea-deportar-refugiados-sirios-regresan-visita-pais,3171565,27641105,195,192.0,tableton,2019-08-20T12:46:47+00:00,1,18,#192 Mas bien es oir refugiado y sea el contexto que sea trataran de echar mierda. Ese es el único razonamiento
inmigracion,https://www.meneame.net/story/alemania-plantea-deportar-refugiados-sirios-regresan-visita-pais,3171565,27640972,194,179.0,avalancha971,2019-08-20T12:32:31+00:00,0,7,"#179 Alemania no hace deportaciones a Siria por no considerarlo un país seguro, sin embargo sí que las realiza a Irak porque al igual que Afganistán, lo considera seguro.

 #182  #191 Que yo sepa no hay vuelos directos de Alemania a Damasco. Los Sirios lo que hacen es volar a Líbano y de ahí ir por tierra a Damasco, que está bastante cerca.

Me ha sorprendido los enlaces que habéis puesto en los que se encuentran vuelos a Damasco, por lo que he decidido buscar el número de vuelo, y resulta que se trata de un vuelo a Líbano:
https://de.flightaware.com/live/flight/WLB5512

No descartaría que el avión hiciera parada en Líbano y luego siguiera a Damasco, pero creo que seguramente sea como cuando Ryanair vende vuelos a Barcelona que realmente son a Girona o a Viena que realmente son a Bratislava."
inmigracion,https://www.meneame.net/story/alemania-plantea-deportar-refugiados-sirios-regresan-visita-pais,3171565,27640677,193,44.0,fr1k1,2019-08-20T11:55:49+00:00,0,10,"#44 Para ser refugiado te tienen que conceder el estatus los expertos en menéame, al parecer"
inmigracion,https://www.meneame.net/story/alemania-plantea-deportar-refugiados-sirios-regresan-visita-pais,3171565,27640529,192,137.0,fr1k1,2019-08-20T11:34:26+00:00,0,10,"#137 Creo que vas a tener que explicarte mejor o hacerles un dibujito, que parece que no lo pillan.
Es oír vacaciones y ya se imaginan playa y chiringuito, lo que tú comentas es demasiado complicado"
inmigracion,https://www.meneame.net/story/alemania-plantea-deportar-refugiados-sirios-regresan-visita-pais,3171565,27639802,191,182.0,melenas,2019-08-20T09:52:13+00:00,0,9,"#182 Sigo sin ver los vuelos a o desde Berlin..., pero vamos dado que tardaran menos tiempo en reconstruir Siria que en abrir el nuevo aeropuerto de Berlin, no espero vuelos a Damasco en bastantes años {smiley}"
inmigracion,https://www.meneame.net/story/alemania-plantea-deportar-refugiados-sirios-regresan-visita-pais,3171565,27639033,190,154.0,Triskel,2019-08-20T08:15:43+00:00,1,14,"#154 tú puedes montar la película que te apetezca, incluso pensar que un tipo tiene derecho al status de refugiado porque en su país tiene un vecino que le mira mal.
Pero quién decide si tiene o no derecho a ese status es cada país, y en Alemania han decidido, con buen criterio, que si puedes ir de turismo al país del que escapaste será que las circunstancias ya no justifican ahora que te consideren refugiado.

El resto paja. 

De nada"
inmigracion,https://www.meneame.net/story/alemania-plantea-deportar-refugiados-sirios-regresan-visita-pais,3171565,27638977,189,,--609285--,2019-08-20T08:08:29+00:00,0,7,"#_188 Me llama troll el troll que se ha puesto a hablarme a mi sin motivo y no tiene otra cosa mejor que decir que rebuznar insultos para luego meter en ignore {lol}

Meneame, el refugio de superdotados {lol}"
inmigracion,https://www.meneame.net/story/alemania-plantea-deportar-refugiados-sirios-regresan-visita-pais,3171565,27638969,188,187.0,tableton,2019-08-20T08:07:32+00:00,1,1,"#187 Vaya ya tengo al trolin del dia, pues machaquetela con una piedra que conmigo no vas a tener forraje. Que te den"
inmigracion,https://www.meneame.net/story/alemania-plantea-deportar-refugiados-sirios-regresan-visita-pais,3171565,27638959,187,186.0,--609285--,2019-08-20T08:04:42+00:00,1,-1,"#186 Me alegra que entiendas que tu opinion es estupida e irrelevante, por lo que sobra (hablando de tener pocas luces...) 

No te he dado las gracias, campeon. {wink}"
inmigracion,https://www.meneame.net/story/alemania-plantea-deportar-refugiados-sirios-regresan-visita-pais,3171565,27638913,186,183.0,tableton,2019-08-20T07:59:10+00:00,1,1,"#183 No decido, opino.  De nada."
inmigracion,https://www.meneame.net/story/alemania-plantea-deportar-refugiados-sirios-regresan-visita-pais,3171565,27638783,185,180.0,celyo,2019-08-20T07:42:17+00:00,0,10,"#180 Efectivamente, el refugiado perderá su condición cuando las condiciones en su país sean benévolas para volver, y ahí ya que decida si puede tramitar quedarse en el país como inmigrante legal o volver al suyo.

Pero que me venga un ministro, a soltar su soflama capta-votos sobre una medida, que ni estaba planteada de inicio ni se le ha comunicado a nadie, sobre la condición de refugiado en Alemania, me parece que sobra.
Si quieres reevaluar las condiciones de los refugiados, y poner nuevos condiciones, hazlo, no lo anuncies para hacer un globo sonda.

Y si al menos fueran declaraciones de gente que trabaja con los refugiados o con temas de seguridad, quizás tuviera un pase, pero no es papel del ministro soltar soflamas.

Mis sospechas son que dado que Merkel no va a seguir en las siguientes elecciones, vamos a empezar a ver el desfile de personajes para hacerse llamar la atención."
inmigracion,https://www.meneame.net/story/alemania-plantea-deportar-refugiados-sirios-regresan-visita-pais,3171565,27638305,184,94.0,--609285--,2019-08-20T06:33:12+00:00,0,7,"#94 Evidentenente el irte a otro país a ver a tu familia es irse de vacaciones , pero no vamos a pedirle peras al olmo."
inmigracion,https://www.meneame.net/story/alemania-plantea-deportar-refugiados-sirios-regresan-visita-pais,3171565,27638298,183,150.0,--609285--,2019-08-20T06:31:50+00:00,0,7,#150 Es enternecedor el que tú creas tener capacidad para decidir si yo tengo muchas luces o no {kiss}
inmigracion,https://www.meneame.net/story/alemania-plantea-deportar-refugiados-sirios-regresan-visita-pais,3171565,27637820,182,179.0,--272179--,2019-08-19T23:38:55+00:00,0,12,"#179 salen al menos cinco que yo vea, pero aquí tienes más vuelos a Damasco desde Düsseldorf o Frankfurt am Main

https://flug.idealo.de/flugroute/nach/Damaskus-DAM/"
inmigracion,https://www.meneame.net/story/alemania-plantea-deportar-refugiados-sirios-regresan-visita-pais,3171565,27637732,181,165.0,--31580--,2019-08-19T22:58:11+00:00,0,10,"#165 Todavia te sorprenden las cuchipandis de fanaticos? Es triste pero es que las nuevas generaciones son asi, un monton de consentidos que si no les gusta algo berrean con los negativos en lugar de tratar de entrar a la batalla dialectica (mayormente porque no tienen el bagaje cultural necesario).

Meneame lleva ya 15 años, con lo que una nueva generacion de meneantes ha entrado. Yo de los primeros años, siendo muchisimos mas, no recuerdo que hubiera cuchipandis como empezaron a verse hace unos 4 años o asi. Normalmente suelen hacer follow de los comentarios a un puñado de usuarios que tengo mas o menos fichados, y te caen en masa si discrepas de ellos, aun de forma educada.

Son como camisas negras virtuales, solo musculo para pulsar el negativo pero no les pidas razonarte un argumento y mucho menos entrar en debate... no dan mas de si (solo tienes que entrar en sus perfiles y mirar la cantidad de negativos que atesoran)."
inmigracion,https://www.meneame.net/story/alemania-plantea-deportar-refugiados-sirios-regresan-visita-pais,3171565,27637645,180,108.0,Priorat,2019-08-19T22:31:50+00:00,0,10,"#108 Desde el momento en que vuelve a su país certifica que ya no es un desplazado forzoso, sino voluntario, a partir de ese momento.

En ningún lugar dice que la condición se adquiere de por vida. Aquí obviamente hay que aplicar, en este caso, otros criterios adicionales. Como que por ejemplo, uno ya lleve años como desplazado forzoso (aunque ya no lo sea) y haya hecho su vida en el país receptor. Ahí perfectamente entiendo que, se le llame como se llame, se le otorgue una residencia. Aunque no sea de refugiado.

Cuando un país como Alemania hace el esfuerzo de acoger a cientos de miles de refugiados en un conflicto, como es el caso, me parece muy razonable que aspire a que los que fueron refugiados hagan el esfuerzo de volver a su país cuando se den una serie de condiciones. Como por ejemplo, que el refugiado se sienta ya seguro como para ir a su país. Porque la condición de ""forzoso"" desaparece en esa circunstancia."
inmigracion,https://www.meneame.net/story/alemania-plantea-deportar-refugiados-sirios-regresan-visita-pais,3171565,27637634,179,145.0,melenas,2019-08-19T22:29:28+00:00,0,9,"#145 Efectivamente, hay zonas ""seguras"" en Bagdag (no tan seguro con Damasco), por eso mismo me parece curioso y contradictorio a la vez que se acepten ""refugiados de guerra"" de aquellas zonas mientras hay vuelos comerciales normales y corrientes a la capital que se anuncian como ""viajes de placer"" o ""para visitar primos o bodas de familiares"".

Y como ya he dicho antes no todos los refugiados lo son por cuestion de guerra aunque sea ahora mismo la forma mas facil. Otros lo son por persecucion politica y/o religiosa y que curiosamente si se declara a Siria zona segura los que mas posibilidades tengan de quedarse en Alemania.

Por cierto, el enlace de vuelos Berlin-Damasco ofrece 0 vuelos, y he probado distintas fechas, tal vez se te ha hecho la picha un lio con el aleman. Hay varios plugins que te permiten traducir la pagina, lo digo para que puedas encontrar el boton de Buscar la proxima vez ;-P"
inmigracion,https://www.meneame.net/story/alemania-plantea-deportar-refugiados-sirios-regresan-visita-pais,3171565,27637572,178,110.0,melenas,2019-08-19T22:09:40+00:00,0,9,"#110 Efectivamente, con refugiados de guerra no hace falta tanto postureo. Se declara a Siria zona segura sin guerra y se empieza a deportar a sirios aunque pasen sus vacaciones en Mallorca como empezaron a hacer con los bosnios a mitad de los 90

https://www.latimes.com/archives/la-xpm-1995-12-23-mn-17048-story.html

O como hacen con los afganos ahora mismo:

https://www.thelocal.de/20170223/germany-deports-third-group-of-afghan-migrants-to-kabul

Y si, Afganistan es considerada ahora mismo por Alemania como zona segura sin conflicto armado....

Otra cosa es que los sirios se declaren refugiados por persecucion politica. En este caso aun cuando se declare a Siria zona segura sin guerra casi con toda seguridad podrian quedarse...."
inmigracion,https://www.meneame.net/story/alemania-plantea-deportar-refugiados-sirios-regresan-visita-pais,3171565,27637525,177,162.0,celyo,2019-08-19T21:58:35+00:00,0,10,"#162 depende...
depende de si actuo sin avisar y me voy, levantando sospechas y peligrando mi estancia.
depende de si quien afirma las cosas es un político buscando crédito electoral y no agentes sociales o de seguridad que están a pie de calle.

vamos, que aquí tenemos a nuestros bocachanclas patrios que te afirman alegremente cualquier tonteria en base a ciertos casos. Los alemanes no son menos."
inmigracion,https://www.meneame.net/story/alemania-plantea-deportar-refugiados-sirios-regresan-visita-pais,3171565,27637501,176,157.0,celyo,2019-08-19T21:53:39+00:00,0,10,#157 te mando a lo que dije en #108
inmigracion,https://www.meneame.net/story/alemania-plantea-deportar-refugiados-sirios-regresan-visita-pais,3171565,27637271,175,148.0,--174446--,2019-08-19T21:06:32+00:00,1,11,#148 a como estan los trapecios?
inmigracion,https://www.meneame.net/story/alemania-plantea-deportar-refugiados-sirios-regresan-visita-pais,3171565,27636688,174,,--573419--,2019-08-19T19:31:29+00:00,0,7,Menuda limpieza de falsos refugiados se realizaría en Europa si todos los países hicieran lo que señala el ministro Alemán.
inmigracion,https://www.meneame.net/story/alemania-plantea-deportar-refugiados-sirios-regresan-visita-pais,3171565,27636656,173,78.0,Acuantavese,2019-08-19T19:26:09+00:00,0,10,#78 De verdad que no entiendo qué quieres decir
inmigracion,https://www.meneame.net/story/alemania-plantea-deportar-refugiados-sirios-regresan-visita-pais,3171565,27636534,172,76.0,momentoflector,2019-08-19T19:00:31+00:00,0,7,#76 el sentido común es el menos común de los sentidos.
inmigracion,https://www.meneame.net/story/alemania-plantea-deportar-refugiados-sirios-regresan-visita-pais,3171565,27636519,171,,Tollelege,2019-08-19T18:56:40+00:00,0,6,. Tercer reich return.
inmigracion,https://www.meneame.net/story/alemania-plantea-deportar-refugiados-sirios-regresan-visita-pais,3171565,27636510,170,2.0,Tollelege,2019-08-19T18:55:07+00:00,0,6,#2 tendran familiares en su tierra. el ser humano es detestable
inmigracion,https://www.meneame.net/story/alemania-plantea-deportar-refugiados-sirios-regresan-visita-pais,3171565,27636339,169,76.0,--584975--,2019-08-19T18:22:12+00:00,0,6,"#76 entonces si un país está en guerra y los de ese país se van a refugiarse a otro,? quién defiende al país?"
inmigracion,https://www.meneame.net/story/alemania-plantea-deportar-refugiados-sirios-regresan-visita-pais,3171565,27636158,168,76.0,neotobarra2,2019-08-19T17:43:55+00:00,4,39,"#76 Volver a tu país por primera vez desde que comenzó la guerra que te hizo abandonarlo, no me parece motivo suficiente para asegurar que esa persona ya no esté perseguida en ese país. Ese viaje puede ser una primera toma de contacto para ver en persona (ya que por otros medios puedes no estar recibiendo información fiable, o no estar recibiendo suficiente, o no estar recibiendo directamente ninguna) si el país ya es seguro para regresar o no.

Una cosa es ir regularmente a Siria, y otra muy diferente que, en cuanto hagas un viaje hacia allá, te quiten el carácter de refugiado. A lo mejor vas y te encuentras con que el país ya es seguro y vuelves a Alemania sólo para recoger tus cosas y marcharte definitivamente. O a lo mejor te encuentras con que las cosas están incluso peor que cuando te fuiste. Me da a mí que los opositores a Al-Assad (y no, no todos son unos yihadistas fanáticos come-niños, no me vengáis con simplezas) van a seguir siendo perseguidos durante muchos años...

cc #2 #20 #31#33"
inmigracion,https://www.meneame.net/story/alemania-plantea-deportar-refugiados-sirios-regresan-visita-pais,3171565,27636133,167,,Rasban,2019-08-19T17:40:35+00:00,0,9,Que gran muestra estadística.
inmigracion,https://www.meneame.net/story/alemania-plantea-deportar-refugiados-sirios-regresan-visita-pais,3171565,27636099,166,158.0,--272179--,2019-08-19T17:35:35+00:00,0,12,"#158 se han denegado no prolongaciones, sino estatus de asilado en base a este paragrafo que paso a traducir: Motivos de exclusión del derecho de protección

Las tres formas de protección -el derecho al asilo, la protección de los refugiados o la protección subsidiaria- no pueden acogerse a la protección si existen motivos de exclusión. Eso incluye: Si una persona ha cometido un crimen de guerra o un grave delito común fuera del territorio de la República Federal de Alemania, si ha actuado en contra de los objetivos y principios de las Naciones Unidas, si debe considerarse un peligro para la seguridad de la República Federal de Alemania o constituye un peligro para el público en general porque ha sido condenada a una pena de prisión definitiva por un delito o un delito particularmente grave. La embajada siria, como cualquier otra embajada, trabaja conjuntamente con agencias de inteligencia ministerio del interior y BAMF cuando estos departamentos lo han requerido ante cualquier sospecha. Paralelamente hay una maquinaria enorme fiscalizando a todo el que pasa por una ayuda del estado.

Esto es lo que implica  en lo esencial una concesión de asilo: Fundamentos jurídicos y consecuencias:

Permiso de residencia de un año. En caso de prórroga: dos años más cada vez.
Permiso de establecimiento (Inclida la prolongación de estatus de asilo) posible después de cinco año si se cumplen otros requisitos, como garantizar la autosubsistencia y un conocimiento suficiente del alemán.
Acceso ilimitado al mercado de trabajo - se permite el empleo remunerado.
Sin derecho a la reagrupación familiar privilegiada

§4 Abs. 1 AsylG Paralelamente existe un delito de Missbrauch o abuso de las arcas públicas mediante percepción de ayudas inmerecidas. Tambien existe dentro de Asylgesetz el delito conocido como Abuso del derecho de reagrupación familiar http://www.bamf.de/SharedDocs/Anlagen/DE/Publikationen/EMN/Studien/wp43-emn-missbrauch-familiennachzug.html?nn=1663566 p El punto de partida para la reunificación familiar en Alemania es el núcleo familiar, compuesto por dos padres y sus hijos menores de edad en una definición socio-jurídica. La definición social de la familia es a la vez una oportunidad y una dificultad para evitar el abuso de la reagrupación familiar. La reagrupación familiar se controla en dos etapas: si la relación se establece en Alemania, las oficinas de registro son la primera autoridad de control, mientras que las misiones alemanas en el extranjero llevan a cabo un control inicial a la entrada con fines de reagrupación familiar. A continuación, las autoridades de inmigración llevan a cabo un segundo control más intensivo al solicitar un permiso de residencia."
inmigracion,https://www.meneame.net/story/alemania-plantea-deportar-refugiados-sirios-regresan-visita-pais,3171565,27636015,165,113.0,avalancha971,2019-08-19T17:21:07+00:00,1,17,"#113 Gracias. #114 Y todavía me quedo con la duda de si se habrá entendido bien, teniendo en cuenta además que he cometido una pequeña errata: "" ...y lo no quién fuera el usuario en sí. ""

Pierdo el tiempo, pero me ha molestado mucho los comentarios que me han caído por cuestionar la calidad de un comentario que SIN APORTAR NADA se limitaba a criticar el conocimiento de alguien que había escrito un comentario comentando cómo funcionaba el sistema en Alemania, mencionando los elementos del sistema. 

Simplemente he defendido un comentario frente a otro que considero que no aportaba nada, siguiendo las normas de no votar negativo al no contener insultos... Y me caen decenas de negativos."
inmigracion,https://www.meneame.net/story/alemania-plantea-deportar-refugiados-sirios-regresan-visita-pais,3171565,27635980,164,159.0,--42429--,2019-08-19T17:15:59+00:00,0,11,#159 ...curar la mandíbula de cristal.
inmigracion,https://www.meneame.net/story/alemania-plantea-deportar-refugiados-sirios-regresan-visita-pais,3171565,27635970,163,111.0,--340571--,2019-08-19T17:13:44+00:00,0,10,"#111 Yo no veo pleno empleo en los datos macro, veo que los PIGS están asolados por el paro (una salvajada), es cierto que los datos del norte y centro europa son bastante mejores en algunos países concretos, pero sigue habiendo paro. Y a todo esto habría que analizar el salario medio y precariedad, no nos engañemos con los datos.

https://datosmacro.expansion.com/paro

En cualquier caso la UE debería priorizar la mano de obra de la propia UE antes que a la externa, para algo somos socios ¿no? Quizá el problema sea que para mantener los salarios a raya usan mano de obra externa y de paso aumentan beneficios."
inmigracion,https://www.meneame.net/story/alemania-plantea-deportar-refugiados-sirios-regresan-visita-pais,3171565,27635947,162,93.0,INEEDMONEY,2019-08-19T17:06:33+00:00,0,6,"#93 yo intentaría informarme de la situación por terceras personas antes de jugarmela yo, y desde luego si voy al país del que he huido es normal que quien me acoge se piense que le estoy tomando el pelo"
inmigracion,https://www.meneame.net/story/alemania-plantea-deportar-refugiados-sirios-regresan-visita-pais,3171565,27635932,161,99.0,INEEDMONEY,2019-08-19T17:04:05+00:00,2,16,#99 si vuelve a su país voluntariamente es que mucho estatus de refugiado no necesitara ¿podria ser que haya gente que se haya aprovechado de la buena voluntad de los europeos para adquirir el estatus de refugiado cuando en realidad eran inmigrantes económicos?
inmigracion,https://www.meneame.net/story/alemania-plantea-deportar-refugiados-sirios-regresan-visita-pais,3171565,27635927,160,83.0,INEEDMONEY,2019-08-19T17:02:17+00:00,0,6,#83 si eres refugiado y vuelves de vacaciones al país del que has huido te estas mofando del país que te acoge porque estas demostrando con tus actos que realmente no eres un refugiado
inmigracion,https://www.meneame.net/story/alemania-plantea-deportar-refugiados-sirios-regresan-visita-pais,3171565,27635921,159,144.0,--340571--,2019-08-19T17:00:07+00:00,0,10,#144 Mas vale prevenir que curar {roll}
inmigracion,https://www.meneame.net/story/alemania-plantea-deportar-refugiados-sirios-regresan-visita-pais,3171565,27635898,158,156.0,--42429--,2019-08-19T16:56:00+00:00,0,11,"#156 ¿Cuando hablas de denegar, hablas de nuevas peticiones de refugio o de denegar su prolongación?"
inmigracion,https://www.meneame.net/story/alemania-plantea-deportar-refugiados-sirios-regresan-visita-pais,3171565,27635894,157,85.0,Priorat,2019-08-19T16:54:42+00:00,2,27,"#85 Ya, pero si tu casa no está en pie no eres refugiado. Un refugiado es una persona que tiene riesgo para su integridad en caso que vuelva a su país.

Debido a que estoy en contra de denegar el estatus de refugiado a quien lo merce, justamente estoy en contra de que se tome a choteo. Un refugiado es alguien perseguido injustamente, no alguien que no tiene si casa en pie. Que tu país no esté muy habitable no te hace refugiado.

Y si estás perseguido, no vas a ver si tu casa está en pie. Eso sería un inmigrante corriente y moliente y debe seguir los trámites estándar, no un refugiado."
inmigracion,https://www.meneame.net/story/alemania-plantea-deportar-refugiados-sirios-regresan-visita-pais,3171565,27635830,156,155.0,--272179--,2019-08-19T16:43:47+00:00,1,23,"#155 pues toca verificar esa necesidad. La cuestion es que ya se hace y él como ministro del interior lo sabe bien. 

Y si no lo sabe, es un inútil. Es que hay un informe anual con el numero de denegaciones y los motivos por los que se hacen... No se lee los informes que emiten los ministerios que forman el gabinete de gobierno al que pertenece? {shit}

No dejemos de lado la cuestion de la salida de la política de Mérkel y la consiguiente lucha de intereses políticos."
inmigracion,https://www.meneame.net/story/alemania-plantea-deportar-refugiados-sirios-regresan-visita-pais,3171565,27635824,155,152.0,--42429--,2019-08-19T16:41:26+00:00,0,11,"#152 A mi no me parece irresponsable recordar que el estatus de refugiado es un estatus cuyo objetivo esperado es que caduque por falta de necesidad.

Y si se va regularmente de vacaciones así sitio de dónde huye, pues toca verificar esa necesidad."
inmigracion,https://www.meneame.net/story/alemania-plantea-deportar-refugiados-sirios-regresan-visita-pais,3171565,27635799,154,151.0,--272179--,2019-08-19T16:36:59+00:00,0,12,"#151 Veamos, un valenciano regresa a España la cual ha quedado reducida a un 20% de su territorio ya que el resto es zona en conflicto o un solar. La zona a la que regresa es Galicia, que es la única zona que controla el estado amen de algunas zonas en Zamora, el Oeste Asturiano y León, bien allí hay unos 15 millones de desplazados ya que se suman a la población autóctona, cinco millones están en el extranjero, el valenciano que regresa a ver a su madre trae de Alemania salchichas y algunos alimentos más para darle vidilla al menú del día que es el que ofrece el estado español en sus cartillas de racionamiento. 

Bien ahora cambia valenciano por un ciudadano de Idlib, Galicia por Damasco, y  España Siria por.

A ver si así lo entiendes. No es tan difícil, de verdad.

PD: cuando termines de procesarlo, echa un vistazo a este enlace https://en.wikipedia.org/wiki/Refugees_of_the_Syrian_Civil_War 

y este https://www.dw.com/es/m%C3%A1s-de-400000-desplazados-en-%C3%BAltimos-tres-meses-en-siria/a-49754691

No hay de qué."
inmigracion,https://www.meneame.net/story/alemania-plantea-deportar-refugiados-sirios-regresan-visita-pais,3171565,27635786,153,131.0,parladoiro,2019-08-19T16:33:50+00:00,0,7,"#131 que una persona sea refugiada no significa que el 90% del resto de la población de ese país tenga más razones lógicas para ser refugiada, es el que puede escapar. Refugiado es quien puede, no quién quiere o debe.

Por eso mismo ese refugiado que está mandando divisas si puede tener un salvoconducto para estar una temporada en su país puede investigar el retorno. Distinto es pasar las vacaciones, ya no tanto por la desconfianza en su estatus de refugiado por cuestiones seguridad.

El comentario no implica que en estos casos no esté justificado la pérdida de estatus, implica que un refugiado puede tener interés razonable en volver temporalmente a su país con garantías de no tener que perder el estatus y que eso es mejor para su retorno normal para todas las partes."
inmigracion,https://www.meneame.net/story/alemania-plantea-deportar-refugiados-sirios-regresan-visita-pais,3171565,27635766,152,147.0,--272179--,2019-08-19T16:29:35+00:00,0,12,"#147 Seehofer es bastante irresponsable declarando cuniadeces, aqui le damos bolilla porque la mayor parte de menéame no conoce realmente al personaje.

Ya se han retirado derechos de asilo por abusos y enganos, ya se hace, no se lo está planteando Alemania, se le ha escapado a un tipo que le quedan dos telediarios en política y al que se le va la lengua de varas. Lo que pasa es que ir a ver a tu madre a Aleppo unos días no es uno de ellos, eso Seehofer debería saberlo, se trata del articulo 4 de la Asylgesetz. 

Los refugiados Sirios son mayormente personas con una formación media/alta, que vivían con cierto acomodo antes de la guerra, muchos con familiares directos caídos por el conflicto, algunos de los que he conocido con mutilaciones o heridas feas, mayormente jóvenes o familias jóvenes, están trabajando desde que sacan su B1, para lo que se toman no más de seis meses y en otros cuatro tienen el B2 que les da acceso a formación dual en puesto de trabajo, si no consiguen convalidar directamente sus certificados de Siria. Si siguen en otros cuatro meses tienen un C1 que les da acceso a formación superior. Y trabajan y si están aquí es porque su familia destrozada y su país destrozado no pueden protegerles ni darles un subsidio, la mayoría que conozco quieren que llegue la paz para poder volver y emplear lo aprendido."
inmigracion,https://www.meneame.net/story/alemania-plantea-deportar-refugiados-sirios-regresan-visita-pais,3171565,27635765,151,60.0,Triskel,2019-08-19T16:29:35+00:00,0,7,#60 incluidos cuales son los peligros en caso de regresar a su país. Parece claro que si regresan de turismo dichos peligros no parecen existir
inmigracion,https://www.meneame.net/story/alemania-plantea-deportar-refugiados-sirios-regresan-visita-pais,3171565,27635753,150,58.0,tableton,2019-08-19T16:26:36+00:00,1,1,"#58 Si la situacion q describe #48 para ti es irse de vacaciones, con todo el respeto, muchas luces no tienes"
inmigracion,https://www.meneame.net/story/alemania-plantea-deportar-refugiados-sirios-regresan-visita-pais,3171565,27635730,149,51.0,tableton,2019-08-19T16:21:24+00:00,0,8,"#51 una cosa es hacer una visita, q seguro q tomas tus precauciones, y otra establecerte, y q cualquier día puedan  impunemente saldar cuentas y acabar contigo"
inmigracion,https://www.meneame.net/story/alemania-plantea-deportar-refugiados-sirios-regresan-visita-pais,3171565,27635675,148,119.0,BM75,2019-08-19T16:11:12+00:00,0,6,"#119 O igual no.
¿Conoces la situación de los países de origen?"
inmigracion,https://www.meneame.net/story/alemania-plantea-deportar-refugiados-sirios-regresan-visita-pais,3171565,27635674,147,64.0,--42429--,2019-08-19T16:11:10+00:00,0,11,"#64 La clave está en la regularidad que comenta el ministro.

Quizás se arriesguen con uno o dos viajes a hacer algo importante, cómo arreglar un papeleo o visitar alguna tumba, o quizás queden en una zona controlada para reencontrarse con familia y/o amigos. 
Pero si existe tanta regularidad pues tienen que preguntarse si es justo seguir bajo ese estatus."
inmigracion,https://www.meneame.net/story/alemania-plantea-deportar-refugiados-sirios-regresan-visita-pais,3171565,27635666,146,42.0,--572536--,2019-08-19T16:09:03+00:00,1,21,"#42 claro que sí.

Osea que el gobierno alemán se gasta una pasta haciendo un plan plurianual en el que primero se hace un programa masivo de clases de alemán y de formación incluyendo universidad (la gente nativa debajaba sus curros de camarero para hacerse profesor de alemán, se traían profesores de alemán que vivían a 1-2 horas de distancia y se les compensaba el desplazamiento)  y luego se vuelve a gastar la pasta en una segunda fase en la que se les pone a trabajar en minijobs masivamente. Todo con el nivel dolorosamente detallado de planificación típico de los alemanes.

Y vas y tiras toda esa inversion por el vater porque sí (bueno por un puñado de votos,  desde que Merkel anunció públicamente que iba a saltar a Seehofer en la sucesión y poner a AKK que este no la puede ver). 

Para eso deberían haber hecho como Italia y no invertir ni un duro en los refugiados y tenerlos por las plazas tomando el sol, ¿no? En serio, ¿que sentido tiene tirar toda una estrategia de largo plazo en el último momento? La estrategia de integración se define y se mantiene mínimo 5 años no se cambia cada verano. En serio, algunos si llegan a políticos cambiarán de estrategia según lo que salga en la portada de Menéame está semana.

Para los despistados decir que la edad media en Alemania es de 47 años, vamos que a la persona media le faltan 20 años para jubilarse."
inmigracion,https://www.meneame.net/story/alemania-plantea-deportar-refugiados-sirios-regresan-visita-pais,3171565,27635657,145,128.0,--272179--,2019-08-19T16:06:33+00:00,0,12,"#128 Iraq y Siria tienen Embajada en Berlin, hay zonas seguras totalmente controladas por el gobierno y zonas que no, es perfectamente posible viajar a Damasco o Baghdad hoy día.

https://www.fluege.de/Katalog/Berlin-Damaskus/Flug-von-nach-593

Y abundando en el tema de tu confusion entre refugiados políticos y refugiados de guerra, la ley que has de buscar es el articulo 4 no el 3 de la ley de refugio y asilo.

Si no controlas mucho, aquí todo el mundo usa el traductor de textos de PONS, te ahorrará malosentendidos.

Te vuelvo a postear la ley para que no te quede duda.

http://www.bamf.de/DE/Fluechtlingsschutz/AblaufAsylv/Schutzformen/SubsidiaererS/subsidiaerer-schutz-node.html

Vollzitat des Gesetzes: http://www.gesetze-im-internet.de/asylvfg_1992/BJNR111260992.html (ir a § 4 Subsidiärer Schutz)"
inmigracion,https://www.meneame.net/story/alemania-plantea-deportar-refugiados-sirios-regresan-visita-pais,3171565,27635635,144,42.0,--42429--,2019-08-19T16:02:42+00:00,3,26,"#42 ¿Poniendo la venda antes de la herida?

Si es que os ofendeis de antemano.
{lol}"
inmigracion,https://www.meneame.net/story/alemania-plantea-deportar-refugiados-sirios-regresan-visita-pais,3171565,27635623,143,58.0,proyectosax,2019-08-19T16:00:50+00:00,1,13,"#58 Efectivamente. Tonto el que no lo crea 
+1"
inmigracion,https://www.meneame.net/story/alemania-plantea-deportar-refugiados-sirios-regresan-visita-pais,3171565,27635614,142,,proyectosax,2019-08-19T15:59:52+00:00,0,6,...y se dan cuenta ahora que la mayor parte era un cuentuzo?????
inmigracion,https://www.meneame.net/story/alemania-plantea-deportar-refugiados-sirios-regresan-visita-pais,3171565,27635602,141,121.0,Bragi,2019-08-19T15:58:11+00:00,0,8,#121 Eso no está recogido en el estatus de refugiado.
inmigracion,https://www.meneame.net/story/alemania-plantea-deportar-refugiados-sirios-regresan-visita-pais,3171565,27635587,140,,--572536--,2019-08-19T15:55:50+00:00,0,11,"Seehofer es bastante retrógrado y le falta visión a largo plazo, suerte que Merkel ha escogido a Annegret Kramp-Karrenbauer de succesor."
inmigracion,https://www.meneame.net/story/alemania-plantea-deportar-refugiados-sirios-regresan-visita-pais,3171565,27635580,139,2.0,--214483--,2019-08-19T15:54:46+00:00,1,19,"#2 pues a mi me recuerda a cada vez que sale el Gobierno Vasco diciendo que con la RGI no se engaña. Es un preludio a los megapufos que salen la semana proxima. Algo me da que muchos sirios se estan llendo de vacatas a cargo del herario aleman. Un brindis al sol, vamos"
inmigracion,https://www.meneame.net/story/alemania-plantea-deportar-refugiados-sirios-regresan-visita-pais,3171565,27635575,138,134.0,--31580--,2019-08-19T15:53:52+00:00,1,17,#134 lo de los acentos se complica con teclado anglo
inmigracion,https://www.meneame.net/story/alemania-plantea-deportar-refugiados-sirios-regresan-visita-pais,3171565,27635505,137,89.0,tableton,2019-08-19T15:43:12+00:00,2,21,"#89 quizas puedas hacer una visita a familiares amigos etc pero otra cosa es establecerte alli y poder ser victima de represalias. Quizas el ejercito no te mate como en plena guerra pero hay un bando vencedor y otro vencido. Tuvieron que pasar decadas para q muchos refugiados españoles de la guerra civil pudieran volver a vivir en España, a lo mejor no los fusilaban pero les era imposible trabajar, montar un negocio etc por la persecucion o acoso de los enemigos locales. Lo entiendes ahora?"
inmigracion,https://www.meneame.net/story/alemania-plantea-deportar-refugiados-sirios-regresan-visita-pais,3171565,27635475,136,121.0,--607838--,2019-08-19T15:38:38+00:00,0,7,#121 Eso se llama emigrante económico y no refugiado de guerra. Son dos conceptos que no tienen mucho que ver en la legislación internacional.  Sin entrar a valorar
inmigracion,https://www.meneame.net/story/alemania-plantea-deportar-refugiados-sirios-regresan-visita-pais,3171565,27635436,135,99.0,PauMarí,2019-08-19T15:33:09+00:00,1,17,"#99 ¿como explicas entonces tu estatus de refugiado si puedes ir ""a tu antojo"" a tu país? En todo caso serías un emigrante ""como cualquier otro"" y deberías tener las mismas obligaciones que estos tienen (suponiendo que los refugiados tengan unas ""condiciones de residencia más laxas"" que el resto de emigrantes, cosa que no sé pero parece ser que sí)"
inmigracion,https://www.meneame.net/story/alemania-plantea-deportar-refugiados-sirios-regresan-visita-pais,3171565,27635399,134,126.0,danidata,2019-08-19T15:27:57+00:00,0,6,"#126 Yo en la E.S.O. aprendí a expresar con claridad mis ideas. Si lees comentarios sobre noticias de Barcelona verás que para muchos no hay hipérbole en tu comparación. 

Por cierto, en la E.S.O. enseñan a seguir las normas de ortografía y poner acentos. Igual en tu plan de estudios cambiaron ese tema por aprender a ser soberbio."
inmigracion,https://www.meneame.net/story/alemania-plantea-deportar-refugiados-sirios-regresan-visita-pais,3171565,27635397,133,99.0,PauMarí,2019-08-19T15:27:44+00:00,1,17,"#99 ¿has leído las declaraciones? El tío matiza precisamente estos detalles que comentas, el tema de ""vacaciones"", el de ""viajes regulares"", etz.
Ojo que quizá seas tu el que no ha razonado su comentario (en referencia a las declaraciones originales)"
inmigracion,https://www.meneame.net/story/alemania-plantea-deportar-refugiados-sirios-regresan-visita-pais,3171565,27635392,132,76.0,pozoliu,2019-08-19T15:27:02+00:00,0,11,#76 Venia a comentar esto mismo.
inmigracion,https://www.meneame.net/story/alemania-plantea-deportar-refugiados-sirios-regresan-visita-pais,3171565,27635383,131,77.0,--607838--,2019-08-19T15:24:40+00:00,4,33,"#77 Si huyes de un sitio porque sientes peligro de muerte, lo normal es que no vuelvas de vez en cuando a ver qué tal va.
Hasta que la cosa no está totalmente pacificada no se te ocurre ni acercarte a la frontera.
Si vas repetidamente, significa que ya no hay peligro de muerte, con lo que se pierde el estatus de refugiado de guerra.
Sin entrar a valorar, estaríamos hablando ya de un tema económico."
inmigracion,https://www.meneame.net/story/alemania-plantea-deportar-refugiados-sirios-regresan-visita-pais,3171565,27635370,130,100.0,--19782--,2019-08-19T15:22:17+00:00,0,10,#100 no. Se expulsa después del verano avisando después del verano
inmigracion,https://www.meneame.net/story/alemania-plantea-deportar-refugiados-sirios-regresan-visita-pais,3171565,27635361,129,123.0,celyo,2019-08-19T15:21:05+00:00,0,10,"#123 y tú por desgracia pierdes ciertos derechos como condición como el volver a tu país que es peligroso para ti... Y lo que dice el ministro es Así, el político conservador ha manifestado que las autoridades examinarían la revocación de la condición de refugiado , en el caso de que la Oficina Federal de Migración y Refugiados (BAMF por sus siglas en alemán) tuviera conocimiento de los viajes de estas personas a su país de origen. Por tanto, no tienen una ley ni nada parecido, si no que es un criterio que a lo mejor tienen en cuenta a futuro, al igual que podrían poner cualquier otro condicionante."
inmigracion,https://www.meneame.net/story/alemania-plantea-deportar-refugiados-sirios-regresan-visita-pais,3171565,27635356,128,118.0,melenas,2019-08-19T15:19:53+00:00,0,9,"#118 Iraq es otro país en conflicto:

https://iraq.liveuamap.com/"
inmigracion,https://www.meneame.net/story/alemania-plantea-deportar-refugiados-sirios-regresan-visita-pais,3171565,27635345,127,92.0,Conde_Lito,2019-08-19T15:17:25+00:00,1,17,"#92 mmmm..., no."
inmigracion,https://www.meneame.net/story/alemania-plantea-deportar-refugiados-sirios-regresan-visita-pais,3171565,27635331,126,124.0,--31580--,2019-08-19T15:15:12+00:00,1,17,"#124 Es una figura dialectica que se llama hiperbole... con ella tengo dos objetivos, por uno remarcar que si, que hay una situacion de paz (postguerra pero no guerra) y de paso un sarcasmo sobre lo bien que esta Barcelona a nivel de seguridad ciudadana, concretamene a la palmaria falta de efectivos policiales en comparacion con el control del ejercito sirio en un entorno a todas luces mas complicado.

Pero bueno, las sutilezas parece que hay que poner notas al pie para la comprension de todos (bendita ESO). EDIT: En la segunda linea cuando indico ""lo bien que esta"" es una ironia, La ironía (del griego εἰρωνεία 'eirōneía': disimulo o ignorancia fingida) es una figura literaria mediante la que se da a entender algo muy distinto, o incluso lo contrario de lo que se dice o escribe."
inmigracion,https://www.meneame.net/story/alemania-plantea-deportar-refugiados-sirios-regresan-visita-pais,3171565,27635312,125,122.0,celyo,2019-08-19T15:11:11+00:00,0,10,"#122 siempre está el que se queda a ver si le cae una bomba, se le derrumba, se muere de hambre, o lo matan, ... pero tendrá su teléfono a mano para responderte y mandar un algo a Instagram."
inmigracion,https://www.meneame.net/story/alemania-plantea-deportar-refugiados-sirios-regresan-visita-pais,3171565,27635281,124,103.0,danidata,2019-08-19T15:06:10+00:00,0,6,#103 ¿De verdad crees que Damasco hoy es más seguro que Barcelona?
inmigracion,https://www.meneame.net/story/alemania-plantea-deportar-refugiados-sirios-regresan-visita-pais,3171565,27635272,123,108.0,--388484--,2019-08-19T15:03:59+00:00,0,8,"#108 Del mismo enlace que me referencias sobre el estatus de ""Persona desplazada"" como exponente de refugiado.

Cito: ""...Cuando el desplazado cruza una frontera internacional sin el permiso del país de acogida , se convierte en inmigrante ilegal...""

Eres una persona que tiene permiso con estatus de refugiado y te acojo como país y te doy recursos. Y te vas del país clandestinamente, sin permiso del país de acogida y pasas a ser un inmigrante ilegal. Pocos países aplican eso a tenor literal (creo que EEUU si), pero es de sentido común. Cómo refugiado pasas a ser mi custodio y tú por desgracia pierdes ciertos derechos como condición como el volver a tu país que es peligroso para ti... Y la razón de porque estás en mi país."
inmigracion,https://www.meneame.net/story/alemania-plantea-deportar-refugiados-sirios-regresan-visita-pais,3171565,27635258,122,85.0,meritonciokin,2019-08-19T15:02:15+00:00,0,10,#85 vivimos en el 2019 donde los que vienen por ejemplo en el openarm vienen con un teléfono móvil... si no puedes hablar con alguien de su país conocido que le venga decir cómo está aquello. No me lo creo.
inmigracion,https://www.meneame.net/story/alemania-plantea-deportar-refugiados-sirios-regresan-visita-pais,3171565,27635252,121,20.0,--272073--,2019-08-19T15:00:31+00:00,0,9,"#20 Si eres pobre, no cubres tus necesidades y no tienes oportunidades de salir de la situación también corre peligro tu vida."
inmigracion,https://www.meneame.net/story/alemania-plantea-deportar-refugiados-sirios-regresan-visita-pais,3171565,27635250,120,66.0,Coronavirus,2019-08-19T15:00:20+00:00,1,16,#66 Exacto. En Europa se rechazan sistemáticamente de las solicitudes de asilo de ucranianos de Donbass precisamente porque el conflicto está limitado a Donbass.
inmigracion,https://www.meneame.net/story/alemania-plantea-deportar-refugiados-sirios-regresan-visita-pais,3171565,27635242,119,83.0,danidata,2019-08-19T14:59:00+00:00,4,37,"#83 Si ese es tu concepto de refugiado, igual sólo encajan un centenar de todos los que ha acogido Europa."
inmigracion,https://www.meneame.net/story/alemania-plantea-deportar-refugiados-sirios-regresan-visita-pais,3171565,27635235,118,106.0,bubiba,2019-08-19T14:57:00+00:00,1,20,#106 y si no es mucho preguntar ¿que tiene que ver Bagdad con Siria?
inmigracion,https://www.meneame.net/story/alemania-plantea-deportar-refugiados-sirios-regresan-visita-pais,3171565,27635226,117,67.0,SRAD,2019-08-19T14:55:53+00:00,0,9,"#67 ¿Y cómo es esa cara? Digo, por reconocerla."
inmigracion,https://www.meneame.net/story/alemania-plantea-deportar-refugiados-sirios-regresan-visita-pais,3171565,27635225,116,40.0,--31580--,2019-08-19T14:55:49+00:00,0,10,#40 Al menos la zona bajo control de Assad lo es ya en la practica. Las grandes ciudades de la costa estan todas abiertas a los visitantes. Solo a zonas rurales del Este no te dejan ir.
inmigracion,https://www.meneame.net/story/alemania-plantea-deportar-refugiados-sirios-regresan-visita-pais,3171565,27635211,115,75.0,frankiegth,2019-08-19T14:53:52+00:00,0,10,"#75. No es buenrrollismo, es desinformación interesada por parte de los estados europeos hacia sus ciudadanos. Arrastramos una crisis a nivel europeo desde 2007, y miente quien diga que hemos o estamos saliendo de ella, por lo que todo este tema de la inmigración ilegal descontrolada y 'buenrrollista' por parte de nuestros dirigentes apunta a una gran improvisación o a una conspiración en la dirección de reducir todavía más los derechos laborales."
inmigracion,https://www.meneame.net/story/alemania-plantea-deportar-refugiados-sirios-regresan-visita-pais,3171565,27635205,114,59.0,--31580--,2019-08-19T14:53:13+00:00,0,10,"#59 Y esto es de record Guinness... intentando explicarle que es un ad hominem {grin} {grin} {grin}

No te esfuerces, ademas, puedes hacerle que su tierno cerebro implosione si intenta comprender algo fuera de sus sesgos ideologicos."
inmigracion,https://www.meneame.net/story/alemania-plantea-deportar-refugiados-sirios-regresan-visita-pais,3171565,27635185,113,49.0,--31580--,2019-08-19T14:49:11+00:00,0,10,"#49 Tienes mas moral que el alcoyano... intentando enseñar buenas maneras a la cuchipandi de chekistas del pensamiento correcto. 

Pierdes el tiempo, sin acritud. Por cierto buenos comentarios, te he soltado unos cuantos positivos,"
inmigracion,https://www.meneame.net/story/alemania-plantea-deportar-refugiados-sirios-regresan-visita-pais,3171565,27635184,112,48.0,--388484--,2019-08-19T14:49:08+00:00,1,15,"#48 Pasarlas canutas no es una razón para ser refugiado, hay muchos sitios que viven peor que muchas partes de Siria donde ya no hay conflictos, y no son refugiados.

Ser refugiado es o huyes por patas de tu PAIS o te matan. Sí tú cómo refugiado puedes volver de forma clandestina a tu país y lo haces aunque sea arriesgando tu vida se debe retirarte el estatus, porque demuestras que no hay razón por parte del país anfitrión para confiar en ti y mantenerte a salvo.

Si es por ver a tu familia que corre peligro allí, debes tramitarlo a través del estado español e intentar traerlos, aunque sea pagando su salida de forma clandestina a tu país de origen."
inmigracion,https://www.meneame.net/story/alemania-plantea-deportar-refugiados-sirios-regresan-visita-pais,3171565,27635174,111,90.0,SRAD,2019-08-19T14:47:53+00:00,1,17,"#90 ""en una Europa asolada por el paro y crisis"" --> No confundas España con Europa. En buena parte hay casi pleno empleo (y sin el caso, caso de Austria u Holanda) y es necesario importar mano de obra para mantener a raya la subida de los salarios."
inmigracion,https://www.meneame.net/story/alemania-plantea-deportar-refugiados-sirios-regresan-visita-pais,3171565,27635162,110,106.0,--272179--,2019-08-19T14:46:25+00:00,0,12,"#106 no hace falta que lo digas, pues esa ley no aplica a refugiados por conflicto armado. La ley es basicamente la que he posteado yo. Leete tu texto. Sabes qué significa Vefolgung?

Pero sigamos negando aquello que no nos gusta oir. A ver si los positivos nos dan la razon."
inmigracion,https://www.meneame.net/story/alemania-plantea-deportar-refugiados-sirios-regresan-visita-pais,3171565,27635161,109,64.0,frankiegth,2019-08-19T14:46:16+00:00,2,27,"#64. Un cuento de terror. Cuesta creer que todo se reduza a esos 'A' y 'B'. 

Si se pierde el miedo para visitar el país del que se huye como refugiado ¿qué queda como argumento para pedir en otro país asilo como refugiado? (CC #20)"
inmigracion,https://www.meneame.net/story/alemania-plantea-deportar-refugiados-sirios-regresan-visita-pais,3171565,27635155,108,101.0,celyo,2019-08-19T14:45:33+00:00,0,10,"#101 https://es.wikipedia.org/wiki/Persona_desplazada Desde el momento en que la persona desplazada cruza una frontera internacional y se acoge a los instrumentos jurídicos pertinentes, adquiere la condición de refugiado en virtud de la Convención sobre el Estatuto de los Refugiados es una definición de la ONU, si quieres le replicas a ella tu definición de refugiado.

La alternativa a lo que dice este ministro, es que se esperen a que la ONU certifique que se pueden volver."
inmigracion,https://www.meneame.net/story/alemania-plantea-deportar-refugiados-sirios-regresan-visita-pais,3171565,27635146,107,63.0,--31580--,2019-08-19T14:44:11+00:00,1,15,"#63 Pues que si entras al pais por cualquier frontera tienes que tener una autorizacion de seguidad que otorga el ministerio del interior de Assad. Si te dejan pasar es que no tienen nada contra ti, por lo cual la peticion de asilo politico queda anulada."
inmigracion,https://www.meneame.net/story/alemania-plantea-deportar-refugiados-sirios-regresan-visita-pais,3171565,27635128,106,79.0,melenas,2019-08-19T14:40:45+00:00,4,44,"#79 No soy un ejperto en ley alemanas, pero la ley alemana de refugiados dice lo siguiente Dem Ausländer wird die Flüchtlingseigenschaft nicht zuerkannt, wenn er

1. in einem Teil seines Herkunftslandes keine begründete Furcht vor Verfolgung oder Zugang zu Schutz vor Verfolgung nach § 3d hat und
2. sicher und legal in diesen Landesteil reisen kann, dort aufgenommen wird und vernünftigerweise erwartet werden kann, dass er sich dort niederlässt. El apartado 2 dice mas o menos que no se le reconocerá como refugiado si puede viajar legalmente al pais, siendo recibido y con la posibilidad de establecerse.

Por cierto y como hecho anecdótico, comentar que el otro día estando en el aeropuerto de Berlin-Tegel me sorprendí viendo como en llegadas noté que había un vuelo directo desde Bagdag... que cada cual saque sus conclusiones....

https://www.flights.com/flights/berlin-txl-to-baghdad-bgw/"
inmigracion,https://www.meneame.net/story/alemania-plantea-deportar-refugiados-sirios-regresan-visita-pais,3171565,27635122,105,98.0,bubiba,2019-08-19T14:40:10+00:00,1,19,"#98 si has seguido la guerra ves que sobretodo en la zona norte la seguridad fluctúa. Una ciudad puede estar meses segura y aprovechar para ir  a ver a quién se ha quedado o ver como ha quedado tu casa o incluso ayudar. Los rebeldes no se teletransportan pero esa zona en dos o tres meses puede pasar a ser insegura otra vez. Y mucha gente pide asilo esperando que acabe la guerra. Y mientras dura puede ir a zonas seguras por muchos asuntos familiares o legales.

Una guerra civil es muy compleja. Sólo hay que seguir por ejemplo la española. Madrid oaside zona de guerra a segura muchos meses y suele ser un patrón en las guerras civiles largas que los focos seguros cambien tras meses de tranquilidad . Porque los focos calientes se van moviendo.

Y Siria no era un país pobre antes de la guerra en términos de emergencia hunanitaria. No era Afganistán. Al cambio el pib puede parecer muy bajo pero es semejante a iran en cuestiones de situación financieras del país. En el país se vivía relativamente bien  con las necesidades cubiertas. Había trabajo y sistema de pensiones o seguridad social. No habían muchos migrantes económicos sirios por el mundo."
inmigracion,https://www.meneame.net/story/alemania-plantea-deportar-refugiados-sirios-regresan-visita-pais,3171565,27635116,104,76.0,--272179--,2019-08-19T14:38:51+00:00,6,38,"#76 nah. Un refugiado de guerra es aquel que tiene que huir de su país porque su país, en guerra no se puede hacer cargo de el bi3n por colapso total o porque no puede asistir a 11 millones de desplazados en apenas un es0acio que es un 20% del territorio. A medida que su pais, en guerra va controlando zonas bajo dominio gubernamental y se va reconstruyendo el pais, se acerca el momento de volver definitivamente, entre tanto  su país en guerra, el cual acoge el grueso de refugiados de dicha guerra puede recibir visitas en aquellos nodos urbanos bajo control gubernamental.

Trabajo con un chaval que tiene tres operaciones en el estomago porque le descargaron una rafaga de AK-47 con 13 años. La misma rafaga que mato a su padre. Su estomago parece una bajorrelieve cubista... Le ocurrio en una de las zonas de Aleppo controladas por la insurgencia islamista ""moderada"". Su hermana llego antes a Alemania  y su madre permanece con otroa miembros de su familia en la zona ya liberada por el gobierno de Aleppo. Lleva una semana alli y volvera la semana que viene. Para ir ha hecho una solicitud que ha sido aprobada. La musica de Seehofer sonara bien para quien le guste, pero me temo que se basa en falacias."
inmigracion,https://www.meneame.net/story/alemania-plantea-deportar-refugiados-sirios-regresan-visita-pais,3171565,27635114,103,48.0,--31580--,2019-08-19T14:38:17+00:00,7,56,"#48 La guerra en Siria esta practicamente finiquitada. 

De hecho estan apareciendo muchas agencias que te llevan para alla con todo incluido en el pack. 

Lo unico que aun es anormal es que el sistema bancario esta aislado por las sanciones internacionales (pero funcionan las casas de transferencias y paypal) y los aeropuertos tienen una actividad muy baja, solo hay vuelos a Dubai, Emiratos, Iran, pero ninguno a Europa (todavia). 

De todas maneras pillas un vuelo a Beirut o Amman y de alli te vas en taxi compartido por 20-30 leuros llegas a Damasco. Hay cientos operando tanto en el aeropuerto como en las estaciones de tren y autobus.

Los controles del ejercito Sirio estan por todos lados, tanto fuera como dentro de las ciudades  asi que creo que hoy Damasco es menos peligrosa que Barcelona.

Existen riesgos, claro, pero das a entender que tu amigo piensa irse alli nadando a braza desde Chipre.... no creo que sea el caso de todos los que estan yendo, mas bien van porque ya es seguro ir. Yo soy emigrante tambien y vuelvo a España a ver a mi familia en vacaciones.

Lo que si esta absolutamente claro es que perseguidos politicamente no estan, porque para entrar al pais te piden un Security Clearance que obviamente otorga la policia del regimen de Assad. Asi que si puedes entrar, significa que el regimen de Assad no tiene nada contra ti y por tanto tu peticion de asilo es completamente invalida, como bien razona el ministro alemán."
inmigracion,https://www.meneame.net/story/alemania-plantea-deportar-refugiados-sirios-regresan-visita-pais,3171565,27635098,102,74.0,Pedro_Bear,2019-08-19T14:35:21+00:00,0,10,"#74 #64 como hicieron con los bosnios, y albano kosovares. Se les permitió seguir residiendo en los países que los acogieron como refugiados, veo que estamos en todo de acuerdo."
inmigracion,https://www.meneame.net/story/alemania-plantea-deportar-refugiados-sirios-regresan-visita-pais,3171565,27635097,101,93.0,--388484--,2019-08-19T14:35:20+00:00,1,18,"#93 Si fueras refugiado de verdad no volvería en la vida, pues tu vida corre serio peligro y no hace falta hacerse cábalas si la cosa es mejor o no ahora. La excepcion es que haya cambiado las cosas brutalmente y pierdes automáticamente la condición de refugiado y eres otra cosa, como tras un guerra.

Porque los caso comunes de ser refugiado:

Es como si yo soy un albino africano y salgo por patas porque me quieren descuartizar, no voy de vuelta.

O si eres gay y te matan por serlo en un país arabe, no vas porque en 50 años no cambia la cosa.

O te persigue un gobierno, no te la juegas a volver.

O como si tu país está en guerra y no es seguro. Sí ahora puedes porque no hay guerra ya no eres un refugiado por guerra.

De hecho, si yo como país te he dado el estatus de refugiado y tú vuelves a tu país y te pillo en el pasaporte un sello de tu país. Me estás insultando y quebrantando las normas."
inmigracion,https://www.meneame.net/story/alemania-plantea-deportar-refugiados-sirios-regresan-visita-pais,3171565,27635095,100,3.0,frankiegth,2019-08-19T14:35:07+00:00,0,10,"#3. Claro, que legislen en secreto ... no sea que los ciudadanos nos enteremos de estar cometiendo un fraude o un delito antes de entrar en prisión, antes de pagar la multa o antes de ser deportados. Total, el desconocimiento de la ley no exime de su cumplimiento... {lol} (CC #5)"
inmigracion,https://www.meneame.net/story/alemania-plantea-deportar-refugiados-sirios-regresan-visita-pais,3171565,27635079,99,2.0,acidulante,2019-08-19T14:32:03+00:00,0,6,"#2 claro ke si hombre, no hay ninguna posibilidad de ke vuelva a su país por otra cosa ke no sean vacaciones verdad?? menudo razonamiento de mierda"
inmigracion,https://www.meneame.net/story/alemania-plantea-deportar-refugiados-sirios-regresan-visita-pais,3171565,27635068,98,88.0,Remenad0r,2019-08-19T14:30:58+00:00,0,7,"#88 que parte de ""estar en guerra"" no acabas de entender macho, no me jodas. ""Arreglar papeleo"" y ""recoger cosas de casa"" no justifica volver a una zona de guerra.

Joder, entiendo que puedas querer recoger algo de casa pero si partimos de que son zonas pobres y de que has huido de un país en guerra... Y pides asilo en otro, con la intención de probablemente no volver a tu país de origen... yo diría que hay que esperar a que acabe la guerra.

Que lo mismo ya no está ni el barrio arrasado por laa bombas.

Por supuesto, hablo sin estar en la situación de esa gente que es muy fácil pero..."
inmigracion,https://www.meneame.net/story/alemania-plantea-deportar-refugiados-sirios-regresan-visita-pais,3171565,27635046,97,,newtoncore,2019-08-19T14:27:57+00:00,0,6,Totalmente de acuerdo.
inmigracion,https://www.meneame.net/story/alemania-plantea-deportar-refugiados-sirios-regresan-visita-pais,3171565,27635034,96,95.0,celyo,2019-08-19T14:26:10+00:00,0,10,"#95 Dependerá de la información que te den.

Las zonas rurales o pequeñas, en estos casos, son las últimas en ser restauradas, lo principal es recuperar ciudades.
Y en las ciudades, pues dependerá mucho de como vaya el tema."
inmigracion,https://www.meneame.net/story/alemania-plantea-deportar-refugiados-sirios-regresan-visita-pais,3171565,27634986,95,85.0,Shinu,2019-08-19T14:16:56+00:00,2,26,"#85 Si no sabes de antemano si la zona en la que vivir es segura, no tiene ningún sentido ir a comprobar si lo es."
inmigracion,https://www.meneame.net/story/alemania-plantea-deportar-refugiados-sirios-regresan-visita-pais,3171565,27634976,94,58.0,tusko,2019-08-19T14:14:10+00:00,1,15,"#58 Evidentemente, no es irse de vacaciones. Hay que pensar un poco más en el significado de las palabras, pero no vamos a pedirle peras al olmo."
inmigracion,https://www.meneame.net/story/alemania-plantea-deportar-refugiados-sirios-regresan-visita-pais,3171565,27634973,93,20.0,celyo,2019-08-19T14:13:43+00:00,1,18,"#20 Yo si tuviera la intención de volver a mi país, primeramente trataría de ir a ver si la zona es segura, no es plan de irse a ciegas.
Aunque no haya guerra, puede haber pillaje y violencia, y tampoco se descarta que pasara como con Irak, donde tras pasar los yankies por ciertas zonas, dejaron a la población en manos de los caciques locales.

Habría que ver los casos.

https://ayudaenaccion.org/ong/blog/migraciones/en-que-consiste-ser-un-refugiado/"
inmigracion,https://www.meneame.net/story/alemania-plantea-deportar-refugiados-sirios-regresan-visita-pais,3171565,27634968,92,83.0,--31580--,2019-08-19T14:13:24+00:00,5,34,"#83 Coño, estas describiendo en tus dos ultimos parrafos el Pais Vasco de los años 80. {grin}"
inmigracion,https://www.meneame.net/story/alemania-plantea-deportar-refugiados-sirios-regresan-visita-pais,3171565,27634963,91,22.0,--607148--,2019-08-19T14:11:52+00:00,0,7,#22 de la gran cristinaZifuentes
inmigracion,https://www.meneame.net/story/alemania-plantea-deportar-refugiados-sirios-regresan-visita-pais,3171565,27634955,90,46.0,--340571--,2019-08-19T14:09:50+00:00,3,19,"#46 Tienes parte de razón, lo que ocurre es que VOX es homófoba, ultra cristiana, etc.... y claro aunque digan algo sensato como el 90% de lo que dicen son barrabasadas pues se lía dada la desconfianza. Además, me da a mi que VOX son de esos que si llegan al poder no cambiarían nada, la excusa sería que Europa no les deja. Populistas en toda regla, pero bueno son especulaciones mías.

Además el combatir a los refugiados económicos e inmigración en una Europa asolada por el paro y crisis no debería ser algo de partidos de derechas o izquierdas, debería ser una prioridad común en todos los estados de la UE. No nos olvidemos que existe libre circulación de trabajadores en la UE, pero no con África y Eurasia, pero la realidad es que aprovechándose de lagunas intencionadas parece que la UE engloba más países de los que se encuentran adscritos, vamos que si quieren adherir a Marruecos, Argelia, Siria  que lo digan claramente para que podamos manifestarnos al respecto. Alemania tiene fábricas en Turquía de algunas de sus multinacionales, y que casualidad el interés que tenía de adherir a Turquía a la UE."
inmigracion,https://www.meneame.net/story/alemania-plantea-deportar-refugiados-sirios-regresan-visita-pais,3171565,27634938,89,83.0,--555981--,2019-08-19T14:07:53+00:00,6,50,#83 No puede llevar una vida normal en su pais pero si irse alli de vacaciones? {shit} Como se come eso?
inmigracion,https://www.meneame.net/story/alemania-plantea-deportar-refugiados-sirios-regresan-visita-pais,3171565,27634936,88,87.0,bubiba,2019-08-19T14:07:25+00:00,1,19,#87 recoger pertenenciasen zonas que momentáneamente están seguras. Ir a a una zona recién recuperada por el ejército para intentar reconstruir las cosas pero o ser zona segura aún sobretodo para los niños e ir yendo regularmente con visos a  volver cuando esté todo ya seguro de manera definitiva.. Resolver temas legales o asuntos pendientes. Siria ahora no es un lugar de turisteo para volver a pasar el rato.
inmigracion,https://www.meneame.net/story/alemania-plantea-deportar-refugiados-sirios-regresan-visita-pais,3171565,27634917,87,84.0,Remenad0r,2019-08-19T14:04:21+00:00,0,7,"#84 ""hay mil razones para que alguien vaya de visita a Siria siendo refugiado pero no se pueda quedar.""

Aparte de visitar a familiares, cosa que entiendo, puedes citar media docena de las 1000?"
inmigracion,https://www.meneame.net/story/alemania-plantea-deportar-refugiados-sirios-regresan-visita-pais,3171565,27634904,86,,Remenad0r,2019-08-19T14:02:14+00:00,1,15,Strike al ministro ese!
inmigracion,https://www.meneame.net/story/alemania-plantea-deportar-refugiados-sirios-regresan-visita-pais,3171565,27634899,85,15.0,celyo,2019-08-19T14:01:35+00:00,2,24,"#15 yo pensaría que más que ir de ""visita"" a lo mejor vas a ver si tu casa está en pie, como está la zona para volver, si es segura, ....

al final de una guerra el país no suele estar muy habitable por norma general."
inmigracion,https://www.meneame.net/story/alemania-plantea-deportar-refugiados-sirios-regresan-visita-pais,3171565,27634892,84,,bubiba,2019-08-19T14:00:20+00:00,1,19,"No es tan simple en el caso de Siria. Gran parte del país no es seguro y otro si pero tampoco de manera Definitiva . Si eres del norte puedes visitar a tus familiares de la zona segura pero sigues sin poder volver a casa. Luego la zona del gobierno es un caos. No hay alimentos ni condiciones sanitarias y el propio gobierno no quiere que se quede gente de zonas calientes por si son rebeldes y más te vale ir de visita rápida . Luego no hay seguridad de que esa zona no esté en guerra en unos meses. 

El país está en guerra.. Sigue en guerra. Puedes ir unos días a una ciudad que ahora está tranquila y en unos meses estar en guerra. Las condiciones para una vuelta masiva a Siria NO se dan. Es como si en la guerra civil española te hubieran dado estatus de refugiado y luego tras una visita te hubieran dcho ""no eres refugiado porque has visitado Barcelona a principios de 1938, quédate ya que no va a pasar nada si has podido ir ahora""

Siria no es un país seguro. Esta en guerra. Pero como todos los países en guerra civil hay zonas que puedes visitar pero no se dan condiciones de una vuelta masiva. Y el razonamiento de este hombre está sinplicandolo todo al cubo..hay mil razones para que alguien vaya de visita a Siria siendo refugiado pero no se pueda quedar."
inmigracion,https://www.meneame.net/story/alemania-plantea-deportar-refugiados-sirios-regresan-visita-pais,3171565,27634887,83,2.0,Mariete,2019-08-19T13:59:59+00:00,5,40,"#2 Pues la verdad es que no, es maniqueo y tramposo, y no es más que otra generalización en las que se apoyan los discursos racistas que le echan la culpa de todo a los más desfavorecidos, que no son quien toman las decisiones que tienen impacto global y ni siquiera tienen mucho margen para tomar sus propias decisiones más allá de la pura supervivencia.

Un refugiado no es sólo alguien a quien paran en la frontera y lo desaparecen, es alguien que no puede llevar una vida normal en su país porque es perseguido o acosado. Es alguien que no se atreve a dejar a sus hijos de 9:00 a 15:00 en la escuela por si alguien va a buscarlos a la salida. Es alguien que no puede abrir una tienda porque se la llenan de cócteles molotov. Es alguien a quien no contrata nadie por miedo a que le boicoteen. Es alguien que no puede ir a un espacio público como una universidad porque no sabe quien le está siguiendo. 

No es alguien que visita una zona del país donde no le conocen (todavía), sale lo justo de casa y sólo su familia más cercana sabe que está allí."
inmigracion,https://www.meneame.net/story/alemania-plantea-deportar-refugiados-sirios-regresan-visita-pais,3171565,27634884,82,65.0,Kuishi,2019-08-19T13:59:20+00:00,3,32,#65 En España somos más bien gente de llamar plato al plato y vaso al vaso
inmigracion,https://www.meneame.net/story/alemania-plantea-deportar-refugiados-sirios-regresan-visita-pais,3171565,27634880,81,37.0,fofito,2019-08-19T13:58:20+00:00,0,12,#37 Pues  el resto...
inmigracion,https://www.meneame.net/story/alemania-plantea-deportar-refugiados-sirios-regresan-visita-pais,3171565,27634874,80,48.0,--80628--,2019-08-19T13:57:08+00:00,3,31,"#48 Pues yo intentaría sacar a la familia de allí. Más que jugarme la vida yendo a un sitio.
Si va que se atenga a lo que hay."
inmigracion,https://www.meneame.net/story/alemania-plantea-deportar-refugiados-sirios-regresan-visita-pais,3171565,27634861,79,31.0,--272179--,2019-08-19T13:55:06+00:00,2,35,"#31 Nada, que no nos enteramos que Siria es un país que ha vivido la ultima decada en guerra con diversos frentes y facciones, un pais en ruinas, y aun no ha acabado.

Te lo explica el mismo BAMF. Subsidiär schutzberechtigt sind Menschen, die stichhaltige Gründe dafür vorbringen, dass ihnen in ihrem Herkunftsland ein ernsthafter Schaden droht und sie den Schutz ihres Herkunftslands nicht in Anspruch nehmen können oder wegen der Bedrohung nicht in Anspruch nehmen wollen. Ein ernsthafter Schaden
kann sowohl von staatlichen als auch von nichtstaatlichen Akteurenausgehen.

Als ernsthafter Schaden gilt:

die Verhängung oder Vollstreckung der Todesstrafe,Folter oder unmenschliche oder erniedrigende Behandlung oder Bestrafung odereine ernsthafte individuelle Bedrohung des Lebens oder der Unversehrtheit einer Zivilperson infolge willkürlicher Gewalt im Rahmen eines internationalen oder innerstaatlichen bewaffneten Konflikts. http://www.bamf.de/DE/Fluechtlingsschutz/AblaufAsylv/Schutzformen/SubsidiaererS/subsidiaerer-schutz-node.html

Y esto, por supuesto, lo sabe Seehofer. Los ejpertos de meneame ni papa, claro."
inmigracion,https://www.meneame.net/story/alemania-plantea-deportar-refugiados-sirios-regresan-visita-pais,3171565,27634845,78,46.0,--80628--,2019-08-19T13:51:29+00:00,3,27,#46 No creo que saliera de ella. Alguien se lo tendría que escribir.
inmigracion,https://www.meneame.net/story/alemania-plantea-deportar-refugiados-sirios-regresan-visita-pais,3171565,27634831,77,2.0,parladoiro,2019-08-19T13:48:17+00:00,3,28,"#2 la posibilidad de visitar el país facilita el retorno.
Si evitas eso evitas que el refugiado tenga interés en comprobar la posibilidad de vuelta. Tanto la la organización del trabajo como la del refugiado hacen hincapié en eso.
Tampoco es lo mismo hacer lo que te da la gana en vacaciones, que incluso puede usarse con propósitos criminales, que comunicarlo. No es  vía libre a moverte entre el país del que huyes y el de acogida."
inmigracion,https://www.meneame.net/story/alemania-plantea-deportar-refugiados-sirios-regresan-visita-pais,3171565,27634800,76,1.0,Supercinexin,2019-08-19T13:43:07+00:00,55,355,"#1 Un refugiado de guerra es lo que es: una persona que tienes que acoger en tu país por simple humanidad y quizá por leyes internacionales, porque si se queda en su país lo exterminan.

Si eso no sucede, y si encima de hecho la persona se va de vacaciones a su país, entonces no es un refugiado de guerra y no se le puede otorgar dicho estatus.

Es bastante sencillo, lógico y razonable."
inmigracion,https://www.meneame.net/story/alemania-plantea-deportar-refugiados-sirios-regresan-visita-pais,3171565,27634797,75,,ManTK,2019-08-19T13:42:36+00:00,3,33,"Es que con eso del buenrrollismo, a los europeos nos toman por tontos."
inmigracion,https://www.meneame.net/story/alemania-plantea-deportar-refugiados-sirios-regresan-visita-pais,3171565,27634794,74,64.0,--330392--,2019-08-19T13:42:17+00:00,7,66,"#64 En ese caso ya no son refugiados porque pueden volver a su pais. En todo caso deberian de pasar a ser inmigrantes ""normales"". Un refugiado huye porque su vida corre peligro y deja de ser refugiado en el momento en que ya no lo hace."
inmigracion,https://www.meneame.net/story/alemania-plantea-deportar-refugiados-sirios-regresan-visita-pais,3171565,27634791,73,71.0,avalancha971,2019-08-19T13:40:58+00:00,1,17,"#71 Aquí tienes una entrevista en la que se habla de la ironía de que para Alemania, Afganistán sea considerado un país seguro para deportar y en cambio Siria no:

https://www.tagesschau.de/ausland/syrien-lagebild-101.html"
inmigracion,https://www.meneame.net/story/alemania-plantea-deportar-refugiados-sirios-regresan-visita-pais,3171565,27634789,72,2.0,--608421--,2019-08-19T13:40:29+00:00,3,31,"#2 Como hagan con los falsos refugiados lo que hacemos aquí con los falsos titulados, echarán a uno que pillen robando en el súper {grin}"
inmigracion,https://www.meneame.net/story/alemania-plantea-deportar-refugiados-sirios-regresan-visita-pais,3171565,27634731,71,53.0,--294839--,2019-08-19T13:29:25+00:00,2,23,"#53 "" no se puede repatriar a países que no están considerados seguros, como es el caso de Siria .""

Citation needed."
inmigracion,https://www.meneame.net/story/alemania-plantea-deportar-refugiados-sirios-regresan-visita-pais,3171565,27634721,70,,--49228--,2019-08-19T13:27:42+00:00,0,14,Refugiado: migrante que se va de vacaciones en verano a su pais de origen. Es esa? {troll}
inmigracion,https://www.meneame.net/story/alemania-plantea-deportar-refugiados-sirios-regresan-visita-pais,3171565,27634717,69,16.0,jucargarma,2019-08-19T13:27:09+00:00,0,7,"#16 es que como oigas a un alemán decir ""rasista"" así con una R luego una A, una S y tal creo que te deberías preocupar... {troll}"
inmigracion,https://www.meneame.net/story/alemania-plantea-deportar-refugiados-sirios-regresan-visita-pais,3171565,27634676,68,3.0,--598745--,2019-08-19T13:20:33+00:00,3,30,"#3 Avisar, tiene que avisar. Lo contrario sería bastante criticable y criticado."
inmigracion,https://www.meneame.net/story/alemania-plantea-deportar-refugiados-sirios-regresan-visita-pais,3171565,27634655,67,62.0,--214355--,2019-08-19T13:16:52+00:00,1,13,"#62 Eso, que se vayan a su país a pedir, si le tengo que torcer la cara a alguién cuando me pide por necesidad que por lo menos sea una cara de ESPAÑOL."
inmigracion,https://www.meneame.net/story/alemania-plantea-deportar-refugiados-sirios-regresan-visita-pais,3171565,27634613,66,64.0,Bragi,2019-08-19T13:10:00+00:00,10,79,"#64 El estatus de refugiado es cuando eres perseguido en tu país y debes ir a otro para proteger tu vida. Es indiferente la zona, si dices que hay zonas seguras dentro del país ya no puedes ser refugiado.

Si además después de huir y obtener el estatus de refugiado te vas de vacaciones a ver a la familia al país que supuestamente te persigue es lógico que pierdas el estatus."
inmigracion,https://www.meneame.net/story/alemania-plantea-deportar-refugiados-sirios-regresan-visita-pais,3171565,27634596,65,2.0,--31580--,2019-08-19T13:07:58+00:00,4,38,#2 y que si la CDU no se pone firme se los va comer con patatas la AfD. Los alemanes son gente de llamar al pan pan y al vino vino y no se suelen perder en buenismos.
inmigracion,https://www.meneame.net/story/alemania-plantea-deportar-refugiados-sirios-regresan-visita-pais,3171565,27634590,64,20.0,Pedro_Bear,2019-08-19T13:05:40+00:00,13,105,"#20 Cómo he trabajado con refugiados de Colombia y Nicaragua, te puedo dar mi versión de lo que vi. Muchos tuvieron que escapar con lo que tenían puesto y abandonar sus pueblos (panfletos de amenazas). Luego se fueron a un nuevo país (Europa) dónde se les abre las puertas y corazón, pero no dejaban de sentir el sentimiento de la soledad, a pesar de estar rodeados o no poder encajar. 
Ante esto algunos de ellos vuelven para ver familiares en la capital, por ejemplo, dónde tiene cierta seguridad relativa mayor, pero lo que no sale en estás estadísticas es que A) muchos superan el miedo, vuelven a visitar también su pueblo (novia, madre, amigos infancia) y son asesinados, y b) los que no vuelven a su pueblo, pero a visitar familiares pero son delatados de que han vuelto al país, y los ""desaparecen"". #19 #31"
inmigracion,https://www.meneame.net/story/alemania-plantea-deportar-refugiados-sirios-regresan-visita-pais,3171565,27634538,63,49.0,--609285--,2019-08-19T12:55:29+00:00,4,42,"#49 El estatus de refugiado no es de por vida, hasta ahí estamos de acuerdo, no?

Que situación dices tu que tiene que producirse para que a los refugiados sirios se les revise ese estatus?"
inmigracion,https://www.meneame.net/story/alemania-plantea-deportar-refugiados-sirios-regresan-visita-pais,3171565,27634537,62,,Tangrelas,2019-08-19T12:55:19+00:00,2,19,"Me recuerda a las organizaciones estas de pedigüeños rumanos, cada uno ocupando la puerta un supermercado desde las 8 de la mañana para que no se ponga otro español ... ahora en verano desaparecen porque se van en furgonetas para Rumania, al acabar el verano otra vez a las 8 la mañana a ocupar las puertas de todos los supermercados de la ciudad"
inmigracion,https://www.meneame.net/story/alemania-plantea-deportar-refugiados-sirios-regresan-visita-pais,3171565,27634522,61,56.0,avalancha971,2019-08-19T12:53:18+00:00,2,25,"#56 Suiza y multitud de países. 

Pero aquí el titular habla de deportar."
inmigracion,https://www.meneame.net/story/alemania-plantea-deportar-refugiados-sirios-regresan-visita-pais,3171565,27634519,60,33.0,--272179--,2019-08-19T12:52:58+00:00,15,123,"#33 te vas a quedar de piedra cuando te enteres que la inmensa mayoria de los desplazados por la guerra en Siria... siguen en Siria, Libano y Turquia. Esas bolsas de refugio petaron hace tiempo y por eso se ha vertido una (ínfima en comparacion con el total de desplazados) parte de esos refugiados a Europa. Esas bolsas petan porque las condiciones de vida no llegan, tras masificarse, la bolsa de refugio a los minimos que naciones unidas ha estandarizado como condiciones para la vida. Esos estandares estan tambien en nuestras instituciones europeas que tienen la labor de conceder asilo o denegarlo.

#24 ílustranos entonces... qué  es ser refugiado?

Yo te invitaria a leer lo que para el BAMF es ""ser un refugiado"" que es al final la definicion y consiguientes requisitos que cuentan aqui..."
inmigracion,https://www.meneame.net/story/alemania-plantea-deportar-refugiados-sirios-regresan-visita-pais,3171565,27634514,59,55.0,avalancha971,2019-08-19T12:52:23+00:00,7,72,"#55 Un ad honimen se basa en cuestionar al usuario y no al contenido. 

Yo he hecho un comentario cuestionando exclusivamente el contenido del usuario (en realidad la ausencia de él), y lo quién fuera el usuario en sí. 

Sin embargo, he caído en la trampa de contestarle de manera personal al igual que lo hacía él.

Tú lo consideras un insulto, pero yo no, y por eso no le he votado negativo."
inmigracion,https://www.meneame.net/story/alemania-plantea-deportar-refugiados-sirios-regresan-visita-pais,3171565,27634504,58,48.0,--609285--,2019-08-19T12:51:15+00:00,10,75,#48 Eso es irse de vacaciones. Puedes repetir lo que piensas que soy?
inmigracion,https://www.meneame.net/story/alemania-plantea-deportar-refugiados-sirios-regresan-visita-pais,3171565,27634469,57,21.0,Oniros,2019-08-19T12:46:25+00:00,0,9,#21 el Efecto Barbara Streisand {troll}
inmigracion,https://www.meneame.net/story/alemania-plantea-deportar-refugiados-sirios-regresan-visita-pais,3171565,27634463,56,53.0,z3t4,2019-08-19T12:45:21+00:00,3,29,"#53 En el momento que salen hacia Siria, o se les sabe en Siria, se retira el status de refugiado y el permiso de residencia, no hay ni que deportar, simplemente no vuelven a entrar; Suiza hace años que hace esto."
inmigracion,https://www.meneame.net/story/alemania-plantea-deportar-refugiados-sirios-regresan-visita-pais,3171565,27634456,55,49.0,BodyOfCrime,2019-08-19T12:44:33+00:00,4,46,#49 has tirado de ad hominem con el usuario por lo que yo lo considero un insulto así que negativo.
inmigracion,https://www.meneame.net/story/alemania-plantea-deportar-refugiados-sirios-regresan-visita-pais,3171565,27634440,54,,joseac,2019-08-19T12:42:26+00:00,0,10,Pillada de marrón  {0x1f601}  {0x1f601}
inmigracion,https://www.meneame.net/story/alemania-plantea-deportar-refugiados-sirios-regresan-visita-pais,3171565,27634375,53,50.0,avalancha971,2019-08-19T12:34:49+00:00,4,28,"#50 En Alemania no se puede repatriar a países que no están considerados seguros, como es el caso de Siria.

El ministro lo que dice es que como hay quien puede visitar Damasco, entonces Siria es un país seguro."
inmigracion,https://www.meneame.net/story/alemania-plantea-deportar-refugiados-sirios-regresan-visita-pais,3171565,27634362,52,27.0,--580643--,2019-08-19T12:32:46+00:00,2,29,#27 La lisdexia del autoporrero es lo que tiene.
inmigracion,https://www.meneame.net/story/alemania-plantea-deportar-refugiados-sirios-regresan-visita-pais,3171565,27634335,51,48.0,--616273--,2019-08-19T12:29:26+00:00,10,84,"#48 Pues que él mismo juzgue que es más valioso, pero no me parece lógico pretender mantener el estatus de refugiado si estás yendo y viniendo del país en el que dices que te persiguen."
inmigracion,https://www.meneame.net/story/alemania-plantea-deportar-refugiados-sirios-regresan-visita-pais,3171565,27634328,50,44.0,--294839--,2019-08-19T12:28:48+00:00,11,112,"#44 un refugiado es aquel que es perseguido, a nivel internacional(definido por la ONU). El dato de que en Alemania sea distinto sigo sin verlo, el ministro parece entender que hay formas de repatriar si no existe persecución."
inmigracion,https://www.meneame.net/story/alemania-plantea-deportar-refugiados-sirios-regresan-visita-pais,3171565,27634327,49,41.0,avalancha971,2019-08-19T12:28:47+00:00,7,60,"#41 No, no hace falta escribir una tesis. Pero tampoco es tan sencillo como escribir comentarios en Meneame.

Te cuento lo que hace falta en Alemania:
Primero una entrevista con la policía y un juez de primera instancia. Si la pasas, te llevan a un centro provincial a la espera de la resolución de tu caso, que puede tardar meses. Allí tienes un estudio más detallado de tu caso donde deciden qué estatus te dan. 

En Meneame está permitido escribir sin tener ni idea, pero existen unas normas.

También te explico el botón que acabas de pulsar con la flecha para abajo:
Los votos negativos se deben utilizar sólo para racismo, insultos, spam... Y no para comentarios que no te gustan, como habéis hecho unos cuantos como tú."
inmigracion,https://www.meneame.net/story/alemania-plantea-deportar-refugiados-sirios-regresan-visita-pais,3171565,27634311,48,36.0,--301035--,2019-08-19T12:27:31+00:00,8,26,"#36 Los cojones 33. Uno de mis mejores amigos, sirio, huyó del país por la guerra. Desplazado, se jugó la vida pagando un pastón para llegar a Grecia por mar. Su familia sigue en Siria, pasándolas canutas, porque no tenían ni salud ni dinero para jugarse la vida en el mar.

Está ahorrando para volver a su país a verles. Se jugará la vida dos veces más (al ir, y al volver), pero ver a tú familia no tiene precio.

Que algún hijo de puta diga que eso es irse de vacaciones..."
inmigracion,https://www.meneame.net/story/alemania-plantea-deportar-refugiados-sirios-regresan-visita-pais,3171565,27634304,47,,kkjj,2019-08-19T12:26:34+00:00,0,6,"Totalmente logico.

Hay que parar ya que se rian en nuestra cara."
inmigracion,https://www.meneame.net/story/alemania-plantea-deportar-refugiados-sirios-regresan-visita-pais,3171565,27634260,46,2.0,Acuantavese,2019-08-19T12:22:55+00:00,8,64,#2 El comentario lo hubiera dicho la Monasterio y ya verás si tiene la misma aceptación {lol} {lol} {lol}
inmigracion,https://www.meneame.net/story/alemania-plantea-deportar-refugiados-sirios-regresan-visita-pais,3171565,27634256,45,32.0,--340571--,2019-08-19T12:22:31+00:00,4,36,"#32 Pssss que los ciudadanos se van a dar cuenta, a ver quien me trabaja en el campo después a 1 euro la hora."
inmigracion,https://www.meneame.net/story/alemania-plantea-deportar-refugiados-sirios-regresan-visita-pais,3171565,27634254,44,39.0,avalancha971,2019-08-19T12:22:12+00:00,8,21,"#39 Los datos del segundo párrafo.

Y sí, una persona del norte de Siria sí obtiene en Alemania su estatus de refugiado.

Que para tí y muchos otros no se corresponda es algo que entiendo perfectamente, pero estamos hablando de Alemania."
inmigracion,https://www.meneame.net/story/alemania-plantea-deportar-refugiados-sirios-regresan-visita-pais,3171565,27634248,43,8.0,--592548--,2019-08-19T12:21:29+00:00,0,7,"#8 Los sirios tienen una guerra en marcha, seguramente mucho otros por mucho que quieran tener ese estatus de refugiado, no cuela si en su país de origen no ocurre algo que lo justifique."
inmigracion,https://www.meneame.net/story/alemania-plantea-deportar-refugiados-sirios-regresan-visita-pais,3171565,27634244,42,1.0,--340571--,2019-08-19T12:20:52+00:00,47,237,"#1 Fascistas, nazis, xenófobos, intolerantes, hijos de fruta !!!

Con el dinero que cuesta mantenerlos, (prestaciones económicas, sanidad, formación laboral y lingüística) y demuestran que cuando vuelven a su país es que no existe esa situación de peligro de la que hablaban. Refugiados económicos en toda regla.

Pero bueno, sigamos aumentando los índices de paro y delincuencia en Europa con este cinismo político donde mandan los mercados y la mano de obra low cost empresarial financiado con el dinerito de todos."
inmigracion,https://www.meneame.net/story/alemania-plantea-deportar-refugiados-sirios-regresan-visita-pais,3171565,27634226,41,35.0,BodyOfCrime,2019-08-19T12:19:41+00:00,9,81,#35 Es que para decir que no es un refugiado no hace falta escribir una tesis.
inmigracion,https://www.meneame.net/story/alemania-plantea-deportar-refugiados-sirios-regresan-visita-pais,3171565,27634223,40,,avalancha971,2019-08-19T12:19:17+00:00,1,17,"El populista BILD va más allá, y titula que Seehofer dice que quiere que Siria sea considerado por Alemania un lugar seguro.

Que en el fondo con la legislación actual creo que sería necesario para deportar a las personas de las que habla. Pero afectaría a todos los refugiados sirios."
inmigracion,https://www.meneame.net/story/alemania-plantea-deportar-refugiados-sirios-regresan-visita-pais,3171565,27634211,39,35.0,--294839--,2019-08-19T12:18:06+00:00,18,148,#35 ¿qué datos? Ha puesto un ejemplo hipotético que no se corresponde con el status de refugiado.
inmigracion,https://www.meneame.net/story/alemania-plantea-deportar-refugiados-sirios-regresan-visita-pais,3171565,27634203,38,,--617960--,2019-08-19T12:17:18+00:00,1,12,"Hay que deportar al que está incumpliendo su condición de refugiado si se demuestra que ha mentido.

Cualquier país de derecho aplicaría está normal. En España igual, expulsión cuando se ha mentido en la solicitud de refugio."
inmigracion,https://www.meneame.net/story/alemania-plantea-deportar-refugiados-sirios-regresan-visita-pais,3171565,27634201,37,18.0,metalico_zgz,2019-08-19T12:17:10+00:00,0,6,"#18 Por mucho que esta vez haya argumentado bien, y como tal hay que reconocérselo, no hay que otorgarle al señor Seehofer mucho nivel. No lo tiene."
inmigracion,https://www.meneame.net/story/alemania-plantea-deportar-refugiados-sirios-regresan-visita-pais,3171565,27634197,36,,--616273--,2019-08-19T12:16:30+00:00,8,69,"Tiene sentido; el refugiado es aquel que sigue persecución en su lugar de origen y teme por su vida. Si puede volver a su país de origen, es que no tiene mucho miedo a que le persigan."
inmigracion,https://www.meneame.net/story/alemania-plantea-deportar-refugiados-sirios-regresan-visita-pais,3171565,27634166,35,24.0,avalancha971,2019-08-19T12:14:10+00:00,39,-86,"#24 Habiendo aportado bastante datos, creo que lo tiene más claro que una persona que ha escrito 10 palabras sin signos de puntuación."
inmigracion,https://www.meneame.net/story/alemania-plantea-deportar-refugiados-sirios-regresan-visita-pais,3171565,27634159,34,,Jose_Ignacio_Paradela,2019-08-19T12:13:25+00:00,0,7,Yo ni me lo planteaba ya no les dejaba entrar de vuelta
inmigracion,https://www.meneame.net/story/alemania-plantea-deportar-refugiados-sirios-regresan-visita-pais,3171565,27634156,33,19.0,cayojuliocesar,2019-08-19T12:12:52+00:00,29,237,"#19 entonces pueden irse a vivir a damasco, no son refugiados son inmigrantes"
inmigracion,https://www.meneame.net/story/alemania-plantea-deportar-refugiados-sirios-regresan-visita-pais,3171565,27634148,32,,DangiAll,2019-08-19T12:12:31+00:00,14,116,"Si huyes de un pais porque eres perseguido y te refugias en este caso en Alemania, esta muy claro que si vuelves a Siria o eres tonto, o no te están persiguiendo, si no te persiguen ya no necesitas estar en Alemania en calidad de refugiado, podras seguir en calidad de inmigrante y supongo que tendras que hacer el papeleo, pero ya no eres un refugiado."
inmigracion,https://www.meneame.net/story/alemania-plantea-deportar-refugiados-sirios-regresan-visita-pais,3171565,27634144,31,19.0,colorincolorado,2019-08-19T12:11:53+00:00,33,247,"#19 Si puede ir a ver a familiares en su país es que no está siendo perseguido en su país, por lo tanto o mintió para ser tratado como refugiado o ya no necesita serlo.

Otra cuestión sería que esos refugiados que llevan tiempo en Europa demuestren arraigo, hayan conseguido trabajo, estén integrados con nuevas amistades o lazos familiares... entonces deberían replantear su situación como inmigrantes."
inmigracion,https://www.meneame.net/story/alemania-plantea-deportar-refugiados-sirios-regresan-visita-pais,3171565,27634138,30,,Chimuelo,2019-08-19T12:11:32+00:00,2,24,Podrían hacer lo mismo aquí con los diputados que cobran una pensión por discapacidad del 100%
inmigracion,https://www.meneame.net/story/alemania-plantea-deportar-refugiados-sirios-regresan-visita-pais,3171565,27634121,29,,--348464--,2019-08-19T12:09:54+00:00,26,182,Y si un refugiado sirio de idlib tiene su casa reducida a escombros su ciudad destruida y vuelve a damasco donde reside parte de su familia que encontró refugio en damasco para verles una semana? Eso no es un refugiado.
inmigracion,https://www.meneame.net/story/alemania-plantea-deportar-refugiados-sirios-regresan-visita-pais,3171565,27634118,28,,--607019--,2019-08-19T12:09:20+00:00,5,48,"muy bien, ya empiezan a atreverse a decir las cosas claras"
inmigracion,https://www.meneame.net/story/alemania-plantea-deportar-refugiados-sirios-regresan-visita-pais,3171565,27634115,27,23.0,maloconocido,2019-08-19T12:09:14+00:00,2,30,#23 un auténtico ojo de puma
inmigracion,https://www.meneame.net/story/alemania-plantea-deportar-refugiados-sirios-regresan-visita-pais,3171565,27634101,26,13.0,manson2000,2019-08-19T12:08:13+00:00,0,7,#13 En todo caso la guardia siria ... {troll} {troll} {troll}
inmigracion,https://www.meneame.net/story/alemania-plantea-deportar-refugiados-sirios-regresan-visita-pais,3171565,27634063,25,5.0,p3riko,2019-08-19T12:04:04+00:00,6,47,#5 de esas acusaciones no se van a librar ni de coña.
inmigracion,https://www.meneame.net/story/alemania-plantea-deportar-refugiados-sirios-regresan-visita-pais,3171565,27633966,24,19.0,Triskel,2019-08-19T11:50:58+00:00,68,500,#19 creo que no tienes claro lo que es ser refugiado
inmigracion,https://www.meneame.net/story/alemania-plantea-deportar-refugiados-sirios-regresan-visita-pais,3171565,27633948,23,22.0,--580643--,2019-08-19T11:48:58+00:00,1,22,"#22 Sí, es un ojo de fruta."
inmigracion,https://www.meneame.net/story/alemania-plantea-deportar-refugiados-sirios-regresan-visita-pais,3171565,27633916,22,14.0,ytuqdizes,2019-08-19T11:46:17+00:00,1,20,#14 Es un hijo de pura
inmigracion,https://www.meneame.net/story/alemania-plantea-deportar-refugiados-sirios-regresan-visita-pais,3171565,27633815,21,,--556934--,2019-08-19T11:33:45+00:00,0,8,El efecto llamada.
inmigracion,https://www.meneame.net/story/alemania-plantea-deportar-refugiados-sirios-regresan-visita-pais,3171565,27633811,20,,Bragi,2019-08-19T11:32:44+00:00,92,625,"Un refugiado no es aquel que se quedo pobre en su tierra, es el que su vida corre peligro en su tierra. Y si puede ir de vacaciones es que su vida no corre peligro. Así que el señor Seehofer da un argumento irrefutable."
inmigracion,https://www.meneame.net/story/alemania-plantea-deportar-refugiados-sirios-regresan-visita-pais,3171565,27633771,19,,--272179--,2019-08-19T11:28:55+00:00,31,110,"Y si un refugiado sirio de idlib tiene su casa reducida a escombros su ciudad destruida y vuelve a damasco donde reside parte de su familia que encontró refugio en damasco  para verles una semana?

Muy generalista y simplista el argumento de Seehofer. Y un pelin populista, ya que él mejor que nadie sabe que los Sachbearbeiter en el BAMF o en el Arbeitsamt de las familias refugiadas conocen cada caso y han de cumplimentar una solicitud  para irse de vacaciones una semana a ver a unos familiares en damasco o Alepo donde hay zonas que bajo control gubernamental no han sufrido los rigores de la guerra en las que se ha  asilado poblacion desplazada del interior a la costa."
inmigracion,https://www.meneame.net/story/alemania-plantea-deportar-refugiados-sirios-regresan-visita-pais,3171565,27633684,18,,fofito,2019-08-19T11:19:39+00:00,6,49,"Eso es un argumento.
Impecable e irrebatible. 

No como lo de Mallorca e Ibiza, o lo de que los dejen en el puerto más cercano(que no seguro, y por supuesto, no europeo), o lo de los cristianos y los tontos.

Donde hay nivel se nota."
inmigracion,https://www.meneame.net/story/alemania-plantea-deportar-refugiados-sirios-regresan-visita-pais,3171565,27633648,17,16.0,itfish,2019-08-19T11:15:58+00:00,0,9,"#16 Para los que están perseguidos en su país, si no es así no tienen ese derecho."
inmigracion,https://www.meneame.net/story/alemania-plantea-deportar-refugiados-sirios-regresan-visita-pais,3171565,27633599,16,6.0,itfish,2019-08-19T11:09:50+00:00,5,52,"#6 Pues hasta ahora no he visto ninguno.
A mí me parece algo bastante razonable. El estatus de refugiado es para alc"
inmigracion,https://www.meneame.net/story/alemania-plantea-deportar-refugiados-sirios-regresan-visita-pais,3171565,27633579,15,,Priorat,2019-08-19T11:06:56+00:00,23,176,"Cuando obtuvieron el estatus de refugiados seguramente lo eran. Hoy en día dado el cambio de situación en Siria, seguramente habrá que revisar el estatus migratorio de muchos. Y es evidente que quien va ahora de vista a Siria, no puede ser refugiado."
inmigracion,https://www.meneame.net/story/alemania-plantea-deportar-refugiados-sirios-regresan-visita-pais,3171565,27633569,14,10.0,--580643--,2019-08-19T11:06:01+00:00,2,26,#10 Mierda de autocorrector {ffu} .
inmigracion,https://www.meneame.net/story/alemania-plantea-deportar-refugiados-sirios-regresan-visita-pais,3171565,27633568,13,11.0,Noeschachi,2019-08-19T11:05:55+00:00,1,21,#11 Lo dices por lo de importar la guardia mora?
inmigracion,https://www.meneame.net/story/alemania-plantea-deportar-refugiados-sirios-regresan-visita-pais,3171565,27633562,12,,Noeschachi,2019-08-19T11:05:26+00:00,10,94,"Los que se hicieron pasar por refugiados sirios pero vienen de Irak, Jordania, etc. no tendrán ese problema {troll}"
inmigracion,https://www.meneame.net/story/alemania-plantea-deportar-refugiados-sirios-regresan-visita-pais,3171565,27633489,11,,salchipapa77,2019-08-19T10:58:46+00:00,13,105,No sabía que en Alemania había franquistas {troll}
inmigracion,https://www.meneame.net/story/alemania-plantea-deportar-refugiados-sirios-regresan-visita-pais,3171565,27633487,10,6.0,Gadfly,2019-08-19T10:58:33+00:00,2,28,#6  #6 y las hordas tb
inmigracion,https://www.meneame.net/story/alemania-plantea-deportar-refugiados-sirios-regresan-visita-pais,3171565,27633404,9,,nontal,2019-08-19T10:49:07+00:00,3,-3,¡Feixistas!.
inmigracion,https://www.meneame.net/story/alemania-plantea-deportar-refugiados-sirios-regresan-visita-pais,3171565,27633390,8,,Ranchochero,2019-08-19T10:47:39+00:00,24,161,¿ Solo a los Sirios ?  Eso si me parece mal. Debería ser a todos los refugiados o a ninguno.
inmigracion,https://www.meneame.net/story/alemania-plantea-deportar-refugiados-sirios-regresan-visita-pais,3171565,27633380,7,6.0,--588753--,2019-08-19T10:46:32+00:00,1,17,#6 ya te veo
inmigracion,https://www.meneame.net/story/alemania-plantea-deportar-refugiados-sirios-regresan-visita-pais,3171565,27633370,6,,--580643--,2019-08-19T10:45:05+00:00,28,134,Las horas progres se le echarán encima al grito de RASISTA!!!
inmigracion,https://www.meneame.net/story/alemania-plantea-deportar-refugiados-sirios-regresan-visita-pais,3171565,27633369,5,3.0,PauMarí,2019-08-19T10:45:01+00:00,12,94,"#3 oye, que a lo mejor avisarlo es parte del plan, tiene contentos a los anti inmigrantes y se cubre las espaldas contra acusaciones de racista si al final deporta a alguien."
inmigracion,https://www.meneame.net/story/alemania-plantea-deportar-refugiados-sirios-regresan-visita-pais,3171565,27633367,4,2.0,sotillo,2019-08-19T10:44:41+00:00,1,19,#2 Magistral
inmigracion,https://www.meneame.net/story/alemania-plantea-deportar-refugiados-sirios-regresan-visita-pais,3171565,27633353,3,2.0,--19782--,2019-08-19T10:42:59+00:00,19,134,"#2 pues sí, lo que pasa es que igual no debería haberlo avisado, al avisar los falsos refugiados no se les podrá pillar engañando"
inmigracion,https://www.meneame.net/story/alemania-plantea-deportar-refugiados-sirios-regresan-visita-pais,3171565,27633340,2,,PauMarí,2019-08-19T10:41:11+00:00,168,1117,Pues la verdad es que el razonamiento del ministro es impecable....
inmigracion,https://www.meneame.net/story/alemania-plantea-deportar-refugiados-sirios-regresan-visita-pais,3171565,27633320,1,,tiopio,2019-08-19T10:39:03+00:00,25,169,¡Rasismo!
