tema,url_meneame,id_noticia_meneame,id_comentario,numero_comentario,responde_a_numero,usuario,fecha_comentario_utc,votos,karma,texto
inmigracion,https://www.meneame.net/story/policia-descarta-ataque-munich-este-relacionado-estado-islamico,2649270,20056487,452,442.0,Kael_de_Albur,2016-08-01T08:29:27+00:00,0,7,"#442 Moro tiene varias acepciones, la principal esta: 1. adj. Natural del África septentrional frontera a España. U. t. c. s.
2. adj. Perteneciente o relativo al África septentrional frontera a España o a los moros.

Pero tambien esta: 
6. adj. Dicho de una persona: Musulmán de Mindanao y de otras islas de Malasia. U. m. c. s.

Y amigo Mindanao esta en Filipinas...."
inmigracion,https://www.meneame.net/story/policia-descarta-ataque-munich-este-relacionado-estado-islamico,2649270,20037568,451,450.0,Res_cogitans,2016-07-28T19:19:30+00:00,0,9,"#450 ¿A qué te refieres cuando dices ""meterles el multiculturalismo por la garganta""? ¿Qué cosa especial se había hecho hasta ahora por otras culturas? Si para ti el mero respecto a la diversidad supone algo especial, malo o grave, creo que el problema lo tienes tú, quizás en forma de un racismo inconsciente o no declarado."
inmigracion,https://www.meneame.net/story/policia-descarta-ataque-munich-este-relacionado-estado-islamico,2649270,20036196,450,446.0,--516758--,2016-07-28T15:30:57+00:00,0,7,#446 Es que al querer meterles el multiculturalismo por la garganta lo que se causa mas bien es el efecto contrario. Aqui nos da todo igual porque no tenemos identidad alguna ya.
inmigracion,https://www.meneame.net/story/policia-descarta-ataque-munich-este-relacionado-estado-islamico,2649270,20023942,449,448.0,--262396--,2016-07-27T07:54:51+00:00,0,7,"#448 Yo lo que te digo es que usar indiscriminadamente ""moro"" para referirse sistemáticamente a los habitantes de cualquier país con mayoría musulmana es una generalidad muy inexacta, y hay palabras que definirían mejor y sin equívocos (ya que, en el caso que nos atañe en esta noticia, ni siquiera era musulmán, por lo que ni en el contexto de este envío tiene sentido generalizar). Y es que tu mensaje inicial era ese: moro = musulmán, así que si, los iraníes son moros Por cierto, ¿cuál dices que es mi metedura de pata? ¿Puedes citar esa metedura que comentas?"
inmigracion,https://www.meneame.net/story/policia-descarta-ataque-munich-este-relacionado-estado-islamico,2649270,20023331,448,447.0,Triskel,2016-07-27T06:02:29+00:00,0,6,"#447 Anda, vuélvete a leer mi comentario a ver dónde digo yo que el tío sea o deje de ser. Yo hablo de los iraníes por ser un país en su inmensa mayoría musulmán. QUe os pillan en un renuncio y en vez de admitir la metedura de pata retorcéis todo con tal de no reconocerlo"
inmigracion,https://www.meneame.net/story/policia-descarta-ataque-munich-este-relacionado-estado-islamico,2649270,20020925,447,443.0,--262396--,2016-07-26T18:11:49+00:00,0,7,"#443 ¿De dónde sacas que él profesaba la religión islámica? O que por ser iraní debas hacerlo. Es como usar los apelativos católicos en lugar de ""español"": incorrecto."
inmigracion,https://www.meneame.net/story/policia-descarta-ataque-munich-este-relacionado-estado-islamico,2649270,20020787,446,445.0,Res_cogitans,2016-07-26T17:46:17+00:00,0,9,"#445 No digo que la culpa sea nuestra, sino que este caso no era yihadismo. De todas formas, parece que no has vivido en Alemania recientemente. El racismo está volviendo aceleradamente, incluido contra nosotros. En una conversación normal todo eso es tabú y nunca lo reconocerán, suelen ser extremadamente correctos, pero si intimas y bebes con ellos, puedes enterarte de lo que realmente empiezan a pensar."
inmigracion,https://www.meneame.net/story/policia-descarta-ataque-munich-este-relacionado-estado-islamico,2649270,20020670,445,438.0,--516758--,2016-07-26T17:23:01+00:00,0,7,"#438 es un caso aislado. El racismo es un problema muy minoritario en los institutos. Los chavales crecen en la cultura de la (valgame la redundancia) multiculturalidad. Especialmente en Alemania ese tema es tabú.

La mayoría no se siente discriminado por que lo rechacen. En el insituto que iba yo habia negros, latinos, moros etc. Y a pesar de que no se discriminaba a nadie, todo lo contrario, se acogia especialmente a los que venian de fuera, yo creo que esta es un rasgo de los españoles, aunque estemos acostumbrados a hablar solo de lo malo. Pues a pesar de eso y de que en españa al parecer somos los campeones de la integración, los latinos andaban mayormente con latinos, los negros con negros etc. La única pelea que vi en este instituto por cierto, fue de un moro contra dos negros. El chico moro este siempre andaba solo en los recreos y no creo que fuera porque le discriminaban.
Un dia me encontre al chico moro en la calle, todos sus amigos eran moros también. 

Creo que poco importa si alguien nació en un país si luego solo se junta con otros inmigrantes de segunda generación. También creo que chicos marginados,asociales y raros los hay de todos los colores y que ser dierente muchas veces causa resentimiento hacia la sociedad y que algunas veces esa gente solo necesita una excusa o ser ""inspirado"" por los yihadistas que le dan un sentido y una justificación para canalizar su resentimiento hacia la sociedad. Enfermos mentales también los hay de todos los colores.

Creo que en vez de preocuparnos por si integramos bien o mal a los de fuera y creer que todo es nuestra culpa, habria que ver si nuestra sociedad es buena, en general, con el que es diferente. Y sobretodo, aceptar que a veces no hay nada que hacer. Que la culpa no es nuestra por ser blancos. Esto es una ideotez, vale ya de este sentimiento de culpa que está costando tantas vidas y que empuja a europa a un suicidio cultural."
inmigracion,https://www.meneame.net/story/policia-descarta-ataque-munich-este-relacionado-estado-islamico,2649270,20020527,444,110.0,Triskel,2016-07-26T16:55:36+00:00,0,6,"#110 No, no es reciente (bueno, depende de a qué llames reciente). Y que no se de en todo el mundo es lo de menos, es una acepción aceptada por la RAE"
inmigracion,https://www.meneame.net/story/policia-descarta-ataque-munich-este-relacionado-estado-islamico,2649270,20020522,443,109.0,Triskel,2016-07-26T16:54:47+00:00,0,6,"#109 Lo mismo, #441"
inmigracion,https://www.meneame.net/story/policia-descarta-ataque-munich-este-relacionado-estado-islamico,2649270,20020513,442,155.0,Triskel,2016-07-26T16:54:17+00:00,0,6,"#155 go #441 a ver si no hablamos sin saber...
El frente moro filipino sin saber que son norteafricanos, fíjate tú"
inmigracion,https://www.meneame.net/story/policia-descarta-ataque-munich-este-relacionado-estado-islamico,2649270,20020501,441,97.0,Triskel,2016-07-26T16:53:12+00:00,0,6,"#97 http://dle.rae.es/?id=PqZDbAp

3. adj. Que profesa la religión islámica. U. t. c. s.

Eso, no contribuyamos a la ignorancia....."
inmigracion,https://www.meneame.net/story/policia-descarta-ataque-munich-este-relacionado-estado-islamico,2649270,20018275,440,255.0,--517057--,2016-07-26T12:15:29+00:00,0,6,"#255 Que un chalado grite Allahu Ahkbar no le convierte en portavoz del islamismo. Lo haga matando o meándo. Es un argumento falaz.

Edit: vamos, que no pierdas el tiempo discutiendo con quién no quiere entender estas cosas."
inmigracion,https://www.meneame.net/story/policia-descarta-ataque-munich-este-relacionado-estado-islamico,2649270,20018250,439,143.0,--517057--,2016-07-26T12:12:58+00:00,0,6,"#143 Vaya hombre, me pareció ver a cierto presidente de EEUU justificar la invasión de Afganistán con palabras estilo Dios en la boca, debe ser que se referia a Thor o a Khaine."
inmigracion,https://www.meneame.net/story/policia-descarta-ataque-munich-este-relacionado-estado-islamico,2649270,20016449,438,437.0,Res_cogitans,2016-07-26T09:38:32+00:00,0,9,"#437 Pues el caso vino a ser justo todo lo contrario. El chaval se sentía discriminado por ser de origen iraní y descargó su furia porque lo acosaban en el instituto por no considerarlo ""suficientemente alemán"", no porque comulgara con el yihadismo. Parece que algunos no se dan cuenta de que el racismo y la xenofobia se retroalimentan mutuamente entre los distintos racistas y xenófobos de las distintas etnias."
inmigracion,https://www.meneame.net/story/policia-descarta-ataque-munich-este-relacionado-estado-islamico,2649270,20013152,437,141.0,--516758--,2016-07-25T18:55:51+00:00,0,6,#141 Los de segunda generación son el grupo de mayor riesgo precisamente.
inmigracion,https://www.meneame.net/story/policia-descarta-ataque-munich-este-relacionado-estado-islamico,2649270,20011959,436,435.0,Kael_de_Albur,2016-07-25T15:13:01+00:00,0,7,#435 Anda no sabia que al JMJ iban los gays y lesbianas no tenia ni idea.
inmigracion,https://www.meneame.net/story/policia-descarta-ataque-munich-este-relacionado-estado-islamico,2649270,20011622,435,434.0,--521367--,2016-07-25T14:20:02+00:00,0,6,"#434  a si alli van los gays, las parejas de hecho etc no es que sean ya pecadores sino que si es gente que ni cumple el dogma cristiano ni lo son, son gente que va a echar el rato mas que nada"
inmigracion,https://www.meneame.net/story/policia-descarta-ataque-munich-este-relacionado-estado-islamico,2649270,20010769,434,433.0,Kael_de_Albur,2016-07-25T11:59:20+00:00,0,7,"#433 Pues para ser todos de podemos el PP gana las iglesias, y tu no has estado en el JMJ en Madrid, alli estaba lleno que daba gusto"
inmigracion,https://www.meneame.net/story/policia-descarta-ataque-munich-este-relacionado-estado-islamico,2649270,20010658,433,432.0,--521367--,2016-07-25T11:43:25+00:00,0,6,"#432  las misas de las iglesias estan vacias o ancianos apenas que no pueden luchar, y ni un dogma se sigue como juntarse en vez de casarse y los pocos que quedan ni estan por la labor de echar a los moros, casi todos son de Podemos o birrias similares"
inmigracion,https://www.meneame.net/story/policia-descarta-ataque-munich-este-relacionado-estado-islamico,2649270,20010610,432,431.0,Kael_de_Albur,2016-07-25T11:35:00+00:00,0,7,#431 Ya no hay cristianos? se extinguieron? no me entere... cuando paso?
inmigracion,https://www.meneame.net/story/policia-descarta-ataque-munich-este-relacionado-estado-islamico,2649270,20010222,431,430.0,--521367--,2016-07-25T10:38:41+00:00,0,6,"#430  pero hoy los cristianos nos han dejado solo frente a los moros, ya no los tenemos para echarlos, esto no tiene buena pinta ..."
inmigracion,https://www.meneame.net/story/policia-descarta-ataque-munich-este-relacionado-estado-islamico,2649270,20009351,430,425.0,Kael_de_Albur,2016-07-25T08:23:05+00:00,0,7,"#425 La religión es fanatismo y miseria intelectual, por igual, todas las confesiones, por igual, en todos los sitios un fanático es capaz de cualquier cosa."
inmigracion,https://www.meneame.net/story/policia-descarta-ataque-munich-este-relacionado-estado-islamico,2649270,20007827,429,,--521188--,2016-07-24T22:08:34+00:00,0,6,Todos los ataques que están ocurriendo ahora vienen a rebufo de los atentados. Hay poco margen de duda para ello.
inmigracion,https://www.meneame.net/story/policia-descarta-ataque-munich-este-relacionado-estado-islamico,2649270,20006057,428,358.0,--490272--,2016-07-24T16:15:01+00:00,1,16,"#358 es musulman, además el gobierno ha intentado ocultar el Alí de su nombre."
inmigracion,https://www.meneame.net/story/policia-descarta-ataque-munich-este-relacionado-estado-islamico,2649270,20005613,427,426.0,--301035--,2016-07-24T14:29:33+00:00,0,7,"#426 Pero vamos a ves, te lo estoy explicando. No tienes ni pajorera idea de como funcionan las clínicas de tratamiento de depresión ni como se diagnostica esta, ni las capacidades que tiene un psicólogo. Estas dejando tus opiniones de cuñado de manual.

Es imposible detectar hechos como este si el autor no quiere revelar sus intenciones. Los psicólogos NO PUEDEN LEER MENTES, por mucho que algunos creáis que sí."
inmigracion,https://www.meneame.net/story/policia-descarta-ataque-munich-este-relacionado-estado-islamico,2649270,20005140,426,412.0,--507439--,2016-07-24T12:24:47+00:00,0,6,"#412 Que sea el psicólogo el que decida si se debe ingresar o no. Y que sea responsable de su decisión. Si estaba bajo tratamiento, ¿Qué mierda de psicólogo lo trató que no fue capaz de verlo venir?"
inmigracion,https://www.meneame.net/story/policia-descarta-ataque-munich-este-relacionado-estado-islamico,2649270,20004699,425,421.0,--521367--,2016-07-24T11:02:31+00:00,0,6,"#421  los cristianos nos libraron de una buena, echaron a los moros quemandolos vivos si hace falta en 1492, hace 5 siglos pero esto ni empieza ... admiracion TOTAL y AMOR por los Cristianos, siempre colaboraremos con ellos en lo que haga falta o sinó ya sabes lo que hay ... mas vale que no ...

ningun pais mahometano ni uno TAN solo tiene desarrollo politico o social o democratico o tecnico o economico o ..."
inmigracion,https://www.meneame.net/story/policia-descarta-ataque-munich-este-relacionado-estado-islamico,2649270,20004612,424,422.0,--510943--,2016-07-24T10:50:28+00:00,1,14,"#422 ""Si alguien nace en Europa, es europeo."" Sí, pero no {grin}"
inmigracion,https://www.meneame.net/story/policia-descarta-ataque-munich-este-relacionado-estado-islamico,2649270,20004602,423,421.0,--521367--,2016-07-24T10:48:17+00:00,2,-24,"#421  a los cristianos, que no lo soy pero si aliado suyo, le debemos muchisimo, ellos echaron a los musulmanes quemandolos vivos si hace falta en 1942 ... y necesitamos su alianza eterna tambien hoy, mañana, pasado mañana y eternamente contra los musulmanes ... un abrazo y suerte"
inmigracion,https://www.meneame.net/story/policia-descarta-ataque-munich-este-relacionado-estado-islamico,2649270,20004596,422,310.0,leeber,2016-07-24T10:47:45+00:00,0,9,"#310 Aunque me ha hecho gracia tu contestación, no se puede comparar. Un perro y un caballo no son dos razas de la misma especie, son dos especies distintas; no puedes cambiar tu especie por mucho que hayas nacido en el mismo sitio. La procedencia de esos animales, en ambos casos, si lo que buscas es equipararlos, es irrelevante.
Un hombre caucásico y uno musulmán son de la misma especie y la procedencia de ambos se mide, efectivamente, por el lugar donde han nacido. Si alguien nace en Europa, es europeo."
inmigracion,https://www.meneame.net/story/policia-descarta-ataque-munich-este-relacionado-estado-islamico,2649270,20004486,421,417.0,Kael_de_Albur,2016-07-24T10:27:32+00:00,0,7,"#417 Levítico 20:13

Y cualquiera que tuviere ayuntamiento con varón como con mujer, abominación hicieron: entrambos han de ser muertos; sobre ellos será su sangre.
 
Deuteronomio

En pos de Jehová vuestro Dios andaréis, y á él temeréis, y guardaréis sus mandamientos, y escucharéis su voz, y á él serviréis, y á él os allegaréis.

5 Y el tal profeta ó soñador de sueños, ha de ser muerto; por cuanto trató de rebelión contra Jehová vuestro Dios, que te sacó de tierra de Egipto, y te rescató de casa de siervos, y de echarte del camino por el que Jehová tu Dios te mandó que anduvieses: y así quitarás el mal de en medio de ti.

6 Cuando te incitare tu hermano, hijo de tu madre, ó tu hijo, ó tu hija, ó la mujer de tu seno, ó tu amigo que sea como tu alma, diciendo en secreto: Vamos y sirvamos á dioses ajenos, que ni tú ni tus padres conocisteis,

15 Irremisiblemente herirás á filo de espada los moradores de aquella ciudad, destruyéndola con todo lo que en ella hubiere, y también sus bestias á filo de espada.

Números 31:1-18

Y JEHOVA habló á Moisés, diciendo:

2 Haz la venganza de los hijos de Israel sobre los Madianitas; después serás recogido á tus pueblos.

3 Entonces Moisés habló al pueblo, diciendo: Armaos algunos de vosotros para la guerra, é irán contra Madián, y harán la venganza de Jehová en Madián.

4 Mil de cada tribu de todas las tribus de los hijos de Israel, enviaréis á la guerra.

5 Así fueron dados de los millares de Israel, mil por cada tribu, doce mil á punto de guerra.

6 Y Moisés los envió á la guerra: mil por cada tribu envió: y Phinees, hijo de Eleazar sacerdote, fué á la guerra con los santos instrumentos, con las trompetas en su mano para tocar.

7 Y pelearon contra Madián, como Jehová lo mandó á Moisés, y mataron á todo varón.

8 Mataron también, entre los muertos de ellos, á los reyes de Madián: Evi, y Recem, y Zur, y Hur, y Reba, cinco reyes de Madián; á Balaam también, hijo de Beor, mataron á cuchillo.

9 Y llevaron cautivas los hijos de Israel las mujeres de los Madianitas, y sus chiquitos y todas sus bestias, y todos sus ganados; y arrebataron toda su hacienda.

10 Y abrasaron con fuego todas sus ciudades, aldeas y castillos.


17 Matad pues ahora todos los varones entre los niños: matad también toda mujer que haya conocido varón carnalmente.

18 Y todas las niñas entre las mujeres, que no hayan conocido ayuntamiento de varón, os reservaréis vivas.

 17 Matad pues ahora todos los varones entre los niños: matad también toda mujer que haya conocido varón carnalmente.

18 Y todas las niñas entre las mujeres, que no hayan conocido ayuntamiento de varón, os reservaréis vivas."
inmigracion,https://www.meneame.net/story/policia-descarta-ataque-munich-este-relacionado-estado-islamico,2649270,20004005,420,405.0,Daráptica,2016-07-24T08:34:05+00:00,0,8,"#405 Visto que el detonante fue que sufría acoso escolar en el colegio, habría que ver qué medidas habían tomado allí los profesores para frenar esa situación"
inmigracion,https://www.meneame.net/story/policia-descarta-ataque-munich-este-relacionado-estado-islamico,2649270,20003421,419,385.0,--272179--,2016-07-24T01:25:55+00:00,0,8,"#385 no son inmigrantes musulmanes sino Parsis, la familia no practica religión alguna de manera activa y si la tiene no le da importancia, según han contado sus vecinos. Ein stiller und angenehmer Mensch sei er gewesen, nebenbei soll er Zeitungen ausgetragen haben. ""Man hat sich gegrüßt, sonst ist er nicht aufgefallen"", sagte ein Anwohner. Die Familie war bei den Nachbarn beliebt, sie galt als bodenständig. Ein weiterer Anwohner erzählt, mit seinem Sohn habe er öfter S. jüngeren Bruder beim Fußballspielen im nahegelegenen Park getroffen. "" Religion schien keine größere Rolle zu spielen in der Familie "", sagt er. http://www.sueddeutsche.de/muenchen/mutmasslicher-taeter-von-muenchen-amok-im-kopf-1.3092044

Y creo que es bastante significativo porque cuando una familia vecina es musulmana y a más practicante, sabes que lo es porque no lo esconden, suelen tener una serie de símbolos en la puerta y cuando celebran ramadán se nota. Yo he convivido perfectamente con familias musulmanas en mi edificio, y me da que estos iraníes no lo son o son de una rama zoroastrista como tantos arios. Cosa que por otro lado ya se ha comentado en los medios.

A ver si un día dejo de leer cuñadeces sobre este asunto."
inmigracion,https://www.meneame.net/story/policia-descarta-ataque-munich-este-relacionado-estado-islamico,2649270,20003304,418,341.0,--272179--,2016-07-24T00:29:31+00:00,0,8,"#341 Mira encontré un calculador, el básico de manutención esta en 404 euros un pelín más alto que el que te aparecía en tu enlace, probablemente no actualizado. http://www.hartziv.org/hartz-iv-rechner.html

He calculado un hipotético caso de una persona que paga 250 por alquiler+gastos adicionales (comunidad) y 100 de costes de calefacción, salen 754 € mensuales. Esto es, sin invalidez o minusvalia, sin personas dependientes, hijos o pareja que vivan en la misma unidad, mayor de 25 años, sin prestaciones anteriores tipo ALGI y ningún otro tipo de ingreso, sea de minijob, freelance o autoempleo o como empresa unipersonal.."
inmigracion,https://www.meneame.net/story/policia-descarta-ataque-munich-este-relacionado-estado-islamico,2649270,20003263,417,415.0,--521367--,2016-07-24T00:02:36+00:00,0,6,"#415  la Biblia dice que mengano mato a fulano, pero no manda matar, y el Budismo ya de matar nada de nada ... aqui esta el COran, incluso si no lo interprestas al estilo chii o suni o carmesi ya deberias moris segun uno u otro ... cuidado con la interprestacion, si interpretas que esto es paz otro que lo leyo de otra manera, cientos de millones de chiis o suni o, vendra y ... https://versiculosviolentosdelcoran.files.wordpress.com/2011/09/versiculos-pdf.pdf"
inmigracion,https://www.meneame.net/story/policia-descarta-ataque-munich-este-relacionado-estado-islamico,2649270,20003252,416,,--521367--,2016-07-23T23:56:44+00:00,0,6,"Atentados con armas de destruccion masiva, no tardaran en darse en Paris, Madrid 

... pero mas vale que los moros se atengan a las consecuencias, la respuesta 

occidental va a ser brutal, devastadora"
inmigracion,https://www.meneame.net/story/policia-descarta-ataque-munich-este-relacionado-estado-islamico,2649270,20003249,415,353.0,Kael_de_Albur,2016-07-23T23:56:28+00:00,0,7,"#353 esque yo creo que es la interpretacion que le des al libro sagrado, mas que el libro sagrado en si mismo. Lo siento pero como ateo discutir de que religión es mejor o peor, buena o mala, me cuestamucho."
inmigracion,https://www.meneame.net/story/policia-descarta-ataque-munich-este-relacionado-estado-islamico,2649270,20003213,414,78.0,--521367--,2016-07-23T23:43:01+00:00,0,6,"#78 ya ... una esvastica en casa de un irani ... ya ... ejem ... ¿ como llego hasta alli ?, bueno tienen fama de suicida los chiis, les gusta morir y matar y eso al mismo tiempo ..."
inmigracion,https://www.meneame.net/story/policia-descarta-ataque-munich-este-relacionado-estado-islamico,2649270,20003212,413,,--521367--,2016-07-23T23:42:00+00:00,0,6,"Matar es facil, muy facil, y esto se vuelve en contra de los mahometanos ... asi

 que tengan mas cuidado los mahometanos ... que a la hora de matar ... a ver 

quien puede mas"
inmigracion,https://www.meneame.net/story/policia-descarta-ataque-munich-este-relacionado-estado-islamico,2649270,20003106,412,404.0,--301035--,2016-07-23T22:54:36+00:00,0,7,"#404 No, no creo. Los seres humanos no somos máquinas, y no es en absoluto fácil o incluso posible predecir cierto tipo de reacciones. Los psicólogos o psiquiatras no tienen bolas de cristal con las que leer la mente de sus pacientes.

Es, desafortunadamente, común que por ejemplo, personas en tratamiento psicológico por depresión cometan suicidio. Por mucho psicologo o médico que les esté haciendo seguimiento, es muy difícil de detectar.

Cúal es tu alternativa, encerrar a todos los depresivos entonces? Por si acaso hacen algo?"
inmigracion,https://www.meneame.net/story/policia-descarta-ataque-munich-este-relacionado-estado-islamico,2649270,20003092,411,377.0,Meneacer,2016-07-23T22:49:16+00:00,0,9,"#377 Pues no sé. ¿Por qué estaba loco el de German Wings? Parece un caso bastante parecido. Lo de que hay mucho de imitación en este asesino, pues sí, pero no puedes sacar con este caso ninguna conclusión respecto al terrorismo islamista. ¿Sabes que los medios no informan acerca de suicidios porque surgen imitadores? Pues lo mismo pasa con los suicidas homicidas. Está claro que hay que informar, pero a veces se les va la mano con el sensacionalismo."
inmigracion,https://www.meneame.net/story/policia-descarta-ataque-munich-este-relacionado-estado-islamico,2649270,20003007,410,260.0,--456958--,2016-07-23T22:17:03+00:00,2,23,"#260 otro tonto que confunde ser de izquierdas y libertario con ser un subnormal de lo políticamente correcto.

No es lo mismo ser de izquierdas que pijiprogre.


- El de izquierdas quiere libertad para la mujer; el pijiprogre defienden religiones misóginas como el Islam.
- El de izquierdas quiere una sociedad libre de dogmas; el pijiprogre defiende el Islam solo porque es cosa de inmigrantes.
- El de izquierdas pide respeto para la sexualidad de la gente; el pijiprogre lo hace pero defiende una religión en la que matan homosexuales.
- El de izquierdas quiere educación en valores y libre pensamiento; el pijiprogre quiere libre pensamiento siempre que coincida con su forma de pensar.

Está claro que tú eres un pijiprogre."
inmigracion,https://www.meneame.net/story/policia-descarta-ataque-munich-este-relacionado-estado-islamico,2649270,20002991,409,48.0,RespuestasVeganas.Org,2016-07-23T22:09:12+00:00,1,20,"#48
Pero si Irán es anti Daesh... Es Arabia Saudita de la misma corriente wahabita de los de Daesh, a los cuales financian y apoyan con terroristas. https://www.google.es/?ion=1&espv=2#q=arabia%20saudita%20wahabismo%20daesh%20isis"
inmigracion,https://www.meneame.net/story/policia-descarta-ataque-munich-este-relacionado-estado-islamico,2649270,20002972,408,287.0,--456958--,2016-07-23T22:03:19+00:00,0,7,#287 una religión es una religión. Estas son enemigas de la izquierda porque para los religiosos el librepensador es peligroso.
inmigracion,https://www.meneame.net/story/policia-descarta-ataque-munich-este-relacionado-estado-islamico,2649270,20002969,407,322.0,--456958--,2016-07-23T22:02:13+00:00,0,7,"#322 Oh, vaya... resulta que ahora te das cuenta de que la izquierda está en contra de las mamonadas religiosas? Me temo que tendrás que buscarte una ideología más próxima a tu forma de pensar. Algo así como existencialismo subnormal."
inmigracion,https://www.meneame.net/story/policia-descarta-ataque-munich-este-relacionado-estado-islamico,2649270,20002967,406,397.0,cptnniv,2016-07-23T22:00:55+00:00,0,9,#397 gracias! {hug}
inmigracion,https://www.meneame.net/story/policia-descarta-ataque-munich-este-relacionado-estado-islamico,2649270,20002916,405,296.0,--507439--,2016-07-23T21:44:34+00:00,0,6,#296 Los cojones. Hay que ser un padre de mierda para que tu hijo de 18 años consiga un arma en Europa y se cargue a 9 personas. Mirar para otro lado no es excusa.
inmigracion,https://www.meneame.net/story/policia-descarta-ataque-munich-este-relacionado-estado-islamico,2649270,20002913,404,300.0,--507439--,2016-07-23T21:42:32+00:00,0,6,"#300 Creo que este caso ha demostrado que los tratamientos a depresivos no funcionan, ¿No crees? ¿O consideras que sí funcionan y que hay que asumir que de vez en cuando algún desequilibrado haga algo como esto? Porque no es el primero, recuerda al piloto alemán que estrelló un avión y que también estaba en tratamiento..."
inmigracion,https://www.meneame.net/story/policia-descarta-ataque-munich-este-relacionado-estado-islamico,2649270,20002852,403,,Eri,2016-07-23T21:19:54+00:00,0,6,"El martes, habrá descartado que haya habido en Munich un atentado."
inmigracion,https://www.meneame.net/story/policia-descarta-ataque-munich-este-relacionado-estado-islamico,2649270,20002726,402,,otjiwarongo,2016-07-23T20:48:36+00:00,0,6,"Es odio, así de simple.

Y tan simple que al ser el odio generado por una infancia atormentada, hoy no vende como si lo haría si fuese un atentado del Isis."
inmigracion,https://www.meneame.net/story/policia-descarta-ataque-munich-este-relacionado-estado-islamico,2649270,20002682,401,,AlexCremento,2016-07-23T20:39:10+00:00,2,20,Los huevos. Intentan tirar balones fuera como cuando intentaron ocultar lo de Colonia.
inmigracion,https://www.meneame.net/story/policia-descarta-ataque-munich-este-relacionado-estado-islamico,2649270,20002632,400,8.0,--143520--,2016-07-23T20:29:00+00:00,0,7,"#8 A mi ese tipo de conceptualizaciones me parecen complicadas, porque quizás también pasa como con la violencia de género, alguien mata a su pareja y si es hombre resulta que entonces lo hizo porque partía de una ideología de supremacía masculina.

No olvidemos que los humanos no somos racionales, es más, muchas veces nuestra forma de ser ""racionales"" es hacer ""racionalizaciones"". Es decir, tomas una decisión irracional y luego intentas buscar un argumento racional que lo justifique.

Esto es más una reflexión sobre lo complicado que puede ser poner etiquetas, no entro en si son correctas o no, o en cuales son más apropiadas."
inmigracion,https://www.meneame.net/story/policia-descarta-ataque-munich-este-relacionado-estado-islamico,2649270,20002622,399,310.0,--143520--,2016-07-23T20:24:53+00:00,0,7,"#310 No estoy de acuerdo, por razones que no puedo explicar porque no paro de reírme. {lol}"
inmigracion,https://www.meneame.net/story/policia-descarta-ataque-munich-este-relacionado-estado-islamico,2649270,20002620,398,60.0,--143520--,2016-07-23T20:24:03+00:00,0,7,"#60 Maldito racismo, él es árabe si se siente árabe. {troll}"
inmigracion,https://www.meneame.net/story/policia-descarta-ataque-munich-este-relacionado-estado-islamico,2649270,20002572,397,396.0,yagoSeis,2016-07-23T20:13:25+00:00,0,10,"#396 ah pues nada, muy constructivo tu comentario ;)."
inmigracion,https://www.meneame.net/story/policia-descarta-ataque-munich-este-relacionado-estado-islamico,2649270,20002555,396,386.0,cptnniv,2016-07-23T20:09:30+00:00,0,9,"#386 pues la empresa que lleva el sistema operativo Android ha sacado una web en la que pones lo que quieres buscar y te saca webs que hablen del tema, no tengo la url a mano pero cuando llegue a casa te la paso. Ahí lo encontrarás todo."
inmigracion,https://www.meneame.net/story/policia-descarta-ataque-munich-este-relacionado-estado-islamico,2649270,20002518,395,203.0,TrollHunter,2016-07-23T19:59:36+00:00,3,22,#203 culpa del heteropatriarcado. Siempre encontrarán una escusa para defender lo indefendible.
inmigracion,https://www.meneame.net/story/policia-descarta-ataque-munich-este-relacionado-estado-islamico,2649270,20002512,394,60.0,cabronimanontroppo,2016-07-23T19:58:01+00:00,0,6,"#60 (completamente  al márgen del atentado/ataque y su significado) Que Irán (su población) no sea árabe no quiere decir que no sea islámica. Irán es una república islámica, mayoritariamente chiita. Y el IS o Daesh pertenece al wahabismo (vertiente más radical) del sunismo, la confesión musulmana mayoritaria de las 2 principales. Pero decir que los iranies ""están muy lejos ideológicamente del islamismo"" es totalmente erróneo."
inmigracion,https://www.meneame.net/story/policia-descarta-ataque-munich-este-relacionado-estado-islamico,2649270,20002466,393,314.0,yagoSeis,2016-07-23T19:43:20+00:00,1,20,"#314 como aqui los 'marroquies' nacidos en españa... Ninguno se siente español, se sienten marroquies aunque lleven aqui toda la vida, no les interesa ser españoles, pero se ve que a algunos les cuesta aceptarlo."
inmigracion,https://www.meneame.net/story/policia-descarta-ataque-munich-este-relacionado-estado-islamico,2649270,20002464,392,304.0,yagoSeis,2016-07-23T19:41:42+00:00,0,10,"#304 joder es que dices islamista y se me han atirado 5 o 6 a aclararme lo del daesh. Joder, resulta que soy yo quien tengo que aclarar que islamista no es solo daesh? Lol"
inmigracion,https://www.meneame.net/story/policia-descarta-ataque-munich-este-relacionado-estado-islamico,2649270,20002456,391,320.0,yagoSeis,2016-07-23T19:39:18+00:00,0,10,"#320 pues ya me dirás por qué lo de trol, porque para empezar para ser trol hay que tener intención de trolear, y carezco totalmente de ella. Me encantaría, sin embargo, conocer tus razones."
inmigracion,https://www.meneame.net/story/policia-descarta-ataque-munich-este-relacionado-estado-islamico,2649270,20002437,390,326.0,yagoSeis,2016-07-23T19:34:34+00:00,0,10,"#326 y va el 5º al que se lo tengo que explicar... Dime donde he hablado del isis??? En serio miraros la comprensión lectora. Segundo, no tengo tele desee hace mas de diez años. Eso de catalogar a los demás como inútiles solo porque no piensan como tu o directamente porque no sabes leer no está bien."
inmigracion,https://www.meneame.net/story/policia-descarta-ataque-munich-este-relacionado-estado-islamico,2649270,20002436,389,213.0,--313723--,2016-07-23T19:34:24+00:00,1,23,"#213 El libro gordo te enseña, el libro gordo entretiene, ahora que no está Petete, está Meneame."
inmigracion,https://www.meneame.net/story/policia-descarta-ataque-munich-este-relacionado-estado-islamico,2649270,20002433,388,329.0,yagoSeis,2016-07-23T19:33:37+00:00,0,10,"#329 pues si, eso parece."
inmigracion,https://www.meneame.net/story/policia-descarta-ataque-munich-este-relacionado-estado-islamico,2649270,20002422,387,161.0,Res_cogitans,2016-07-23T19:31:18+00:00,0,9,"#161 Me refería a tu frase: ""algunos no queréis ver el problema que hay"". Eso te lo habías inventado y no veías que realmente lo que pretendemos es separar el grano de la paja."
inmigracion,https://www.meneame.net/story/policia-descarta-ataque-munich-este-relacionado-estado-islamico,2649270,20002417,386,372.0,yagoSeis,2016-07-23T19:30:39+00:00,0,10,"#372 oye, pues si sabes tanto, donde esta tu post explicando la situación? Muy enserio te lo digo. Mi afan por aprender del tema es mayor que el de quedar por encima de nadie en un triste hilo de menéame."
inmigracion,https://www.meneame.net/story/policia-descarta-ataque-munich-este-relacionado-estado-islamico,2649270,20002416,385,342.0,--485115--,2016-07-23T19:30:35+00:00,0,6,"#342 y no se qué parte de que era hijo de inmigrantes musulmanes no entiendes tú. Los de segunda y tercera generación son el peor problema, apátridas desarraigados, no son europeos ni nunca lo serán, pero tampoco tienen ningún vínculo con sus países de origen. Luego ocurre lo de Francia, tienes miles de  terroristas en potencia circulando sin control porque tienen la nacionalidad francesa y hasta han nacido en Francia."
inmigracion,https://www.meneame.net/story/policia-descarta-ataque-munich-este-relacionado-estado-islamico,2649270,20002407,384,142.0,yagoSeis,2016-07-23T19:27:36+00:00,1,17,#142 aqui le dejo mis dies
inmigracion,https://www.meneame.net/story/policia-descarta-ataque-munich-este-relacionado-estado-islamico,2649270,20002403,383,54.0,yagoSeis,2016-07-23T19:26:32+00:00,1,17,"#54 #142 yo tambien soy ""podemita"", paradojicamente {lol}, perdón, ""progremita"". Vienes de forocoches? {lol}"
inmigracion,https://www.meneame.net/story/policia-descarta-ataque-munich-este-relacionado-estado-islamico,2649270,20002396,382,46.0,yagoSeis,2016-07-23T19:25:34+00:00,0,10,"#46 con el ei no se, con el islamismo un poco más. Ya va el 4 al que se lo digo, no he nombrado al isis en ningun momento."
inmigracion,https://www.meneame.net/story/policia-descarta-ataque-munich-este-relacionado-estado-islamico,2649270,20002392,381,310.0,Strax,2016-07-23T19:24:37+00:00,1,21,"#310 A ver, la acepción de la palabra ""alemán"" utilizable en este caso es la primera del DRAE, que es: 1. adj. Natural de Alemania, país de Europa. U. t. c. s.

Por si hay alguna duda, la palabra ""Natural"" en este caso va con la segunda acepción del DRAE, que es: 2. adj. Nativo de un lugar. U. t. c. s.

Así que para ser alemán lo único que tienes que hacer es nacer en Alemania. A diferencia de ello, para ser un caballo tienes que ser lo siguiente: 1. m. Mamífero solípedo del orden de los perisodáctilos, de tamaño grande y extremidades largas, cuello y cola poblados de cerdas largas y abundantes, que se domestica fácilmente y suele utilizarse como montura o animal de tiro.

A mi es que eso de la pureza de sangre y las generaciones necesarias para adquirir una nacionalidad me parecía que lo teníamos superado ya hace unos siglos..."
inmigracion,https://www.meneame.net/story/policia-descarta-ataque-munich-este-relacionado-estado-islamico,2649270,20002390,380,145.0,--461677--,2016-07-23T19:24:24+00:00,0,8,#145 Pero sin embargo se llama David. No es un nombre musulmán.
inmigracion,https://www.meneame.net/story/policia-descarta-ataque-munich-este-relacionado-estado-islamico,2649270,20002380,379,373.0,yagoSeis,2016-07-23T19:22:30+00:00,0,10,"#373 seguid viendo intenciones donde no las hay. Sois un pelin paranoicos, me la suda quien sea. Y por supuesto que cuando pasó el 11M pensé en eta, como el 100% de las personas racionales. Se llama logica, no ganas de culpar a nadie, lo que si veo son ganas de exculpar. Si luego resulta que no es una cosa sino otra, repito, que problema tengo yo? Ninguno coño. Mira, este resulta no islamista? Que era un pirado total por culpa del buling? Pues perfecto  {0x1f44d}Z"
inmigracion,https://www.meneame.net/story/policia-descarta-ataque-munich-este-relacionado-estado-islamico,2649270,20002311,378,358.0,Remenad0r,2016-07-23T19:02:50+00:00,1,6,"#358 Era Francés supongo. A ver, sería Alemán si ha nacido allí y hace bien decirlo. Pero es de origen iraní, y desde luego no es el alemán habitual. Eso no lo hace mejor ni peor, en Alemania hay muchos turcos también, etc.

Pero que haya sido otro zumbado ""integrado"" ya no sorprende."
inmigracion,https://www.meneame.net/story/policia-descarta-ataque-munich-este-relacionado-estado-islamico,2649270,20002285,377,327.0,Remenad0r,2016-07-23T18:56:25+00:00,0,7,#327 ¿porque estaba loco? Y cuando no haces más que ver salvajadas de parte de los integrados pues claro los cuatro locos sueltos se animan.
inmigracion,https://www.meneame.net/story/policia-descarta-ataque-munich-este-relacionado-estado-islamico,2649270,20002282,376,256.0,Remenad0r,2016-07-23T18:54:57+00:00,0,7,"#256 No inútil , lo que he dicho es que ""A SABER QUE TENDRÁ"" que implica que yo no lo se, pero sospecho que más cosas otra que Breivik dado que ha ido a pegar tiros por ahí. Y también he dicho que con los obsesionados que estáis vosotros seguramente en vuestro historial también habrá menciones a Breivik, Nazis, Ultraderecha, ISIS, etc. Ya está aclarado, con todas las palabras para que no las manipules más.

¿Que sugieres que este tío que por lo que leo en los comentario era de origen Iraní era del club del Breivik y que tomaban cervezas juntos? ¿Que representa a los occidentales y el odio hacia oriente?"
inmigracion,https://www.meneame.net/story/policia-descarta-ataque-munich-este-relacionado-estado-islamico,2649270,20002271,375,318.0,neotobarra2,2016-07-23T18:53:14+00:00,0,10,"#318 Si le tenemos que dar credibilidad a su afirmación de que estaba en tratamiento por problemas psiquiátricos, no sé hasta qué punto es coherente darle credibilidad a cualquier otra cosa que diga..."
inmigracion,https://www.meneame.net/story/policia-descarta-ataque-munich-este-relacionado-estado-islamico,2649270,20002260,374,366.0,--30685--,2016-07-23T18:50:54+00:00,3,13,"#366 Los nazis tenían un sentido estético bastante acertado {lol} {lol} {lol} {lol}

Qué grandísimo hijo de puta era. {cheesy}"
inmigracion,https://www.meneame.net/story/policia-descarta-ataque-munich-este-relacionado-estado-islamico,2649270,20002239,373,41.0,neotobarra2,2016-07-23T18:45:50+00:00,2,23,"#41 Preguntas ""qué más os da"" y luego expresas tu enorme necesidad de poder culpar a alguien aunque no tengas ni puta idea de por donde van los tiros... Demostrando que a ti no te da precisamente igual {palm} La neurona que te queda debe estar temblando.

Supongo que tú también serías de los que condenaron a ETA por el atentado del 11M."
inmigracion,https://www.meneame.net/story/policia-descarta-ataque-munich-este-relacionado-estado-islamico,2649270,20002165,372,302.0,cptnniv,2016-07-23T18:28:38+00:00,0,9,"#302 yo te critico que asocies Irán y los últimos ataques islamistas (que son de Daesh), cuando son enemigos.

Para opinar fuera de la barra de una cafetería habría que hacer un examen donde el opinador explique como se posicionan en el conflicto con Daesh los países de Iran, Irak, Siria, Rusia, Turquía y Afganistán."
inmigracion,https://www.meneame.net/story/policia-descarta-ataque-munich-este-relacionado-estado-islamico,2649270,20002096,371,367.0,--161499--,2016-07-23T18:10:13+00:00,2,29,"#367 Gracias porcla aclaración. 

Veo que el algoritmo castiga la discrepancia, lo que me parece completamente desafortunado.

Pero bueno, no es mi web y estoy aquí de gratis."
inmigracion,https://www.meneame.net/story/policia-descarta-ataque-munich-este-relacionado-estado-islamico,2649270,20002091,370,55.0,cosmonauta,2016-07-23T18:08:56+00:00,0,10,"#55 En este caso parece que se suicidó. De echo, la actuación de la policía deja bastante que desear. El tipo se pasea sólo durante horas y lo acaban encontrando muerto a 1 km.

O la historia está incompleta, o la policía lo hizo muy mal."
inmigracion,https://www.meneame.net/story/policia-descarta-ataque-munich-este-relacionado-estado-islamico,2649270,20002075,369,142.0,cosmonauta,2016-07-23T18:06:20+00:00,0,10,#142 Triste odiar a tanta gente a la vez. Yo me concentraría en comunidades más pequeñas.
inmigracion,https://www.meneame.net/story/policia-descarta-ataque-munich-este-relacionado-estado-islamico,2649270,20002060,368,142.0,Caramierder,2016-07-23T18:03:43+00:00,1,27,#142 aaaaaaaaaaaaaaaaaaaaaaaaaaamen
inmigracion,https://www.meneame.net/story/policia-descarta-ataque-munich-este-relacionado-estado-islamico,2649270,20002043,367,359.0,--427046--,2016-07-23T18:00:22+00:00,1,19,"#359 es una máquina, no puede hacer juicios de valor (de momento). Injusto es para el algoritmo un negativo a un comentario con muchos positivos.

Edit: pero ahora que releo tu comentario, si te quitaron karma instantáneamente (el «cowboy»), fue por la velocidad. El algoritmo lo hace para evitar «repasos» a historiales de la gente. Te lo habrían quitado igual si hubiesen sido positivos."
inmigracion,https://www.meneame.net/story/policia-descarta-ataque-munich-este-relacionado-estado-islamico,2649270,20002032,366,362.0,--311374--,2016-07-23T17:57:37+00:00,1,19,"#362 Los nazis tenían un sentido estético bastante acertado, sin embargo en otras cuestiones no tuvieron tanto acierto."
inmigracion,https://www.meneame.net/story/policia-descarta-ataque-munich-este-relacionado-estado-islamico,2649270,20002023,365,341.0,--272179--,2016-07-23T17:56:24+00:00,0,8,"#341 es que eso sera con toda seguridad el maximo para gastos de alimentación y vestimenta. Cada caso es distinto. No podria decirte seguro pero he conocido gente que llegaba a los 800 juntando todas las partidas. Alquiler Piso, gastos de alimentacion, mobiliario y vestimenta, seguro médico y complementos por minusvalias o subsidios y prestaciones anteriores en curso, como por ejemplo kindergeld.

Diría que lo común para una unica persona sin cargas, totalmenre desempleada o realizando cursos o formacion  estaria sobre los 600 euros.

Recibi Hartz IV unos meses pero hace ya mucho. Datos exactos tendria que miarlos otra vez en Arbeitsagentur.de."
inmigracion,https://www.meneame.net/story/policia-descarta-ataque-munich-este-relacionado-estado-islamico,2649270,20001982,364,124.0,--507972--,2016-07-23T17:45:11+00:00,3,12,#124 {lol} {lol} {lol} {lol} {lol} {lol} {lol} {lol} {lol} {lol} {lol} {lol} {lol} {lol} {lol} {lol} {lol}
inmigracion,https://www.meneame.net/story/policia-descarta-ataque-munich-este-relacionado-estado-islamico,2649270,20001973,363,270.0,JavierLaig,2016-07-23T17:43:29+00:00,1,17,"#270 El cristianismo podia preocuparte hace un tiempo, pero hoy en dia ni hay inquisición ni la queremos. Ya se que solo una infima parte de los musulmanes es un terrorista, de hecho no me preocupa mucho morir en un atentado, por estadistica es mas facil que te rajen en la calle o te atropellen. Lo que me preocupa es el buen porcentaje de ellos que apoyan la Sharia y las buenas libertades que se ven en los paises donde son mayoria."
inmigracion,https://www.meneame.net/story/policia-descarta-ataque-munich-este-relacionado-estado-islamico,2649270,20001968,362,1.0,--519606--,2016-07-23T17:42:23+00:00,3,-3,"#1 #48 #47 #12 #60 El pobre tenía tos y por eso creían que decía ""Allahu Akhbar"":
http://www.dailymail.co.uk/news/article-3703705/Major-police-investigation-way-shots-fired-shopping-centre-Munich.html

Después de todo, tanto neonazis como islamistas odian judíos, cometen ataques terroristas y creen en imponer a fuerza su ideología.

¿Qué es mejor? Ambas ideas son mortales y genocidas, pero el islamismo ha matado más.

#28 #59 #97 De seguro los nazis los considerarían como tales."
inmigracion,https://www.meneame.net/story/policia-descarta-ataque-munich-este-relacionado-estado-islamico,2649270,20001961,361,219.0,--507972--,2016-07-23T17:41:19+00:00,1,15,#219 {lol} {lol} {lol} {lol} {lol} {lol} {lol} {lol} {lol} {lol} {lol} {lol} {lol} {lol} {lol} {lol} {lol} {lol} {lol} {lol} {lol} {lol}
inmigracion,https://www.meneame.net/story/policia-descarta-ataque-munich-este-relacionado-estado-islamico,2649270,20001954,360,356.0,Cicerone50,2016-07-23T17:39:24+00:00,0,10,"#356 No lo afirmaste pero sin tener información fidedigna sembraste la sospecha. No te preocupes, tarde o temprano encontrarán a un primo de su tía que una vez puso en FB que Alá es el profeta"
inmigracion,https://www.meneame.net/story/policia-descarta-ataque-munich-este-relacionado-estado-islamico,2649270,20001950,359,279.0,--161499--,2016-07-23T17:38:46+00:00,0,8,"#279 Negativos injustos... Supongo que alguien valorara la injusticia del negativo, así que no lo tengo yo tan claro"
inmigracion,https://www.meneame.net/story/policia-descarta-ataque-munich-este-relacionado-estado-islamico,2649270,20001941,358,197.0,marioquartz,2016-07-23T17:37:06+00:00,0,6,#197 no es musulmán. Ni árabe
inmigracion,https://www.meneame.net/story/policia-descarta-ataque-munich-este-relacionado-estado-islamico,2649270,20001937,357,,espec.tro.1232,2016-07-23T17:36:09+00:00,0,6,En la vieja RDA no hubiera pasado.
inmigracion,https://www.meneame.net/story/policia-descarta-ataque-munich-este-relacionado-estado-islamico,2649270,20001915,356,347.0,Gnomo,2016-07-23T17:32:25+00:00,0,10,#347 A mí personalmente no me ha costado reconocerlo. De hecho en ningún momento afirme que fuese islamista
inmigracion,https://www.meneame.net/story/policia-descarta-ataque-munich-este-relacionado-estado-islamico,2649270,20001887,355,149.0,--352927--,2016-07-23T17:27:09+00:00,1,17,#149 Si los mafiosos musulmanes que los meten en esas barcazas inseguras con chalecos falsos que se los venden a precio de oro.
inmigracion,https://www.meneame.net/story/policia-descarta-ataque-munich-este-relacionado-estado-islamico,2649270,20001882,354,344.0,bisti,2016-07-23T17:26:01+00:00,0,6,"#344 #348
Según leo en Le Monde, parece que su familia era chií pero él se convirtió al cristianismo:

http://www.lemonde.fr/europe/article/2016/07/22/coups-de-feu-dans-un-centre-commercial-a-munich-en-allemagne_4973622_3214.html

""Si sa famille est chiite, il semble qu’il se soit converti à la religion chrétienne, d’où son prénom David,"" -> Si bien su familia es chiíta, parece que él se habría convertido a la religión cristiana. De ahí su nombre David"".

Alomejor nos mienten, pero lo cierto es que no se parece mucho a otros atentados islamistas. De todas formas, no sería raro que una persona marginada, desplazada que no encaja en ningún sitio utilice las ideas islamistas para hacer lo mismo. O las ideas neonazis... Creo que en Europa nos estamos individualizando cada vez más. Imitamos el modelo americano de sociedad y creo que esto nos llevará a tener los mismos problemas que ellos: marginalidad y de vez en cuando algún loco pegando tiros. Suerte que no tenemos tantas armas. El radicalismo islámico es un problema para Europa, pero muchos de los terroristas son nacidos en Europa y conversos exprés. Creo que nuestra sociedad debe hacer un poco de autocrítica y pensar dónde estamos fallando. Sin que esto quiera decir que esté negando un problema con oriente próximo."
inmigracion,https://www.meneame.net/story/policia-descarta-ataque-munich-este-relacionado-estado-islamico,2649270,20001860,353,253.0,--352927--,2016-07-23T17:22:26+00:00,0,7,"#253 A eso me refiero tengo que buscarlos porque de memoria no me acuerdo de ninguno, en cambio atentados islamistas ya ha habido unos cuantos en menos de un mes o de una semana. Ya sabemos que los cristianos de USA están muy locos como esa familia de tarados que se alegran cuando mueren soldados de su país o cuando matan a gays. Normalmente se tratan de ""cultos"" cristianos como el KKK que se pueden definir como sectas, que también pueden ser peligrosas para sus miembros pero no son grupos terroristas, no hay grupos terroristas católicos, protestantes, anglicanos u ortodoxos, es más, todas estas lineas del cristianismo rechazan a esos otros cultos y sectas.

Estos grupos no pretenden imponer su fe a nivel mundial mediante atentados como el Califato Islamico del ISIS y actúan más localmente y en raras ocasiones.

ETA y el IRA estaba formado por cristianos pero nunca atentaron diciendo que Cristo es grande o en nombre de ninguna religión.."
inmigracion,https://www.meneame.net/story/policia-descarta-ataque-munich-este-relacionado-estado-islamico,2649270,20001858,352,344.0,Gresteh,2016-07-23T17:21:50+00:00,0,10,"#344 Los iraníes no son de la misma rama del islam que los movimientos terroristas islámicos, al contrario son victimas de dichos movmientos, este es un caso de un chalado que restulta ser de origen iraní y no de un caso de terrorismo islámico.

Por dios, su pc estaba lleno de información sobre tiroteos y en su whatwap tenía como foto de perfil la foto de Anders Breivik y ha hecho el ataque en el quinto aniversario de la matanza.

No hay motivación religiosa, es un puto loco, lo mismo que los de las matanzas en los colegios... un desequilibrado mental que en este caso da la casualidad de que sus padres son Iraníes(el ha vivido desde siempre en Munich)."
inmigracion,https://www.meneame.net/story/policia-descarta-ataque-munich-este-relacionado-estado-islamico,2649270,20001836,351,210.0,--95285--,2016-07-23T17:16:58+00:00,6,4,"#210 jajaja, como perdeis los papeles los progres cuando os ponen ante una de vuestras incoherencias.

#214 ¿Quien habla de odiar a los musulmanes, alma simple? Aunque no lo sepas se puede estar contra el islam sin odiar a nadie, ni siquiera a los musulmanes, al fin y al cabo ellos son sus principales victimas por lo que lo unico que siento hacia ellos es lastima."
inmigracion,https://www.meneame.net/story/policia-descarta-ataque-munich-este-relacionado-estado-islamico,2649270,20001815,350,12.0,efore,2016-07-23T17:13:02+00:00,0,6,"#12 No, era un alemán con nacionalidad iraní."
inmigracion,https://www.meneame.net/story/policia-descarta-ataque-munich-este-relacionado-estado-islamico,2649270,20001806,349,260.0,Hacendado,2016-07-23T17:12:12+00:00,0,7,"#260 En atéame no se ha despreciado gratuitamente nunca jamás de los jamases a la religión. Jamás. Ni es una página con sesgo izquierdista. También supongo que el baremo de lo que es justo y lo que no, lo marca la izquierda, y todo lo demás es xenófobo y racista. Pero bueno, que en la izquierda no hay dogmas. No creo que tú seas una persona con ideología de izquierda de verdad También me gustaría saber qué es lo que considera izquierda la propia gente de izquierdas, porque parece que en base a la paja mental de cada uno, la izquierda es lo que a él le gusta, y lo que se salga de eso no es izquierda. La izquierda no es como es, es como yo digo que es.

#339 ¿El islam es una raza?

Un hacendado saludo."
inmigracion,https://www.meneame.net/story/policia-descarta-ataque-munich-este-relacionado-estado-islamico,2649270,20001797,348,203.0,efore,2016-07-23T17:09:42+00:00,3,30,"#203 Era tan alemán como tú eres español. La nacionalidad Iraní la tiene de sus padres, no porque él haya vivido o nacido allí. Su nombre Es Ali David... ahora no suena tan musulman eh?
Y estaba loco. Punto. No era un islamista radical, no era un yihadista. Era un loco. Unos dicen que gritó ""Alluh Akbar"", otros dicen que gritó ""Ich bin Deutcher, scheiss Auslände"", lo cual carece de mucho sentido bajo tu lógica.
Son casos aislados, sí. Aunque hubiese sido otro atentado del ISIS, seguirían siendo casos aislados. Porque entre los miles de millones de musulmanes, pertenecientes al ISIS hay menos de un millon, eso es un 0,001%. Si eso no es aislado, qué lo es para ti?"
inmigracion,https://www.meneame.net/story/policia-descarta-ataque-munich-este-relacionado-estado-islamico,2649270,20001781,347,346.0,Cicerone50,2016-07-23T17:07:05+00:00,0,10,"#346 Que el autor era una majara influido por el neofascismo y no un un religioso islamista. Es muy posible, sin embargo, que fuera religioso aunque de otra religión."
inmigracion,https://www.meneame.net/story/policia-descarta-ataque-munich-este-relacionado-estado-islamico,2649270,20001762,346,312.0,Gnomo,2016-07-23T17:02:39+00:00,0,10,#312 El qué?
inmigracion,https://www.meneame.net/story/policia-descarta-ataque-munich-este-relacionado-estado-islamico,2649270,20001754,345,255.0,--352927--,2016-07-23T17:00:59+00:00,0,7,"#255 ¿Te tienes que remontar a las cruzadas? te estoy hablando de hoy, si vas a poner ejemplos pon ejemplos como los de #176 no me vengas con historias de la edad media o de la conquista de America por los españoles."
inmigracion,https://www.meneame.net/story/policia-descarta-ataque-munich-este-relacionado-estado-islamico,2649270,20001747,344,,--411965--,2016-07-23T16:59:39+00:00,0,6,"Nada que ver con ISIS ni los refugiados, solo era un musulmán hijo de refugiados iraníes... la culpa de los videojuegos {lol} ridículo"
inmigracion,https://www.meneame.net/story/policia-descarta-ataque-munich-este-relacionado-estado-islamico,2649270,20001741,343,203.0,--30685--,2016-07-23T16:58:39+00:00,3,14,"#203 Desde el primer momento están midiendo la información.

Es la misma historia de siempre, pero los alemanes están tratando de alterarla ligeramente para evitar el efecto llamada de colgarse la misma etiqueta que tiene Francia de ""objetivo del terrorismo islámico""."
inmigracion,https://www.meneame.net/story/policia-descarta-ataque-munich-este-relacionado-estado-islamico,2649270,20001727,342,90.0,nilien,2016-07-23T16:56:40+00:00,2,25,"#90 No sé qué parte de ""tenía la nacionalidad alemana y había nacido en Alemania"" no entendéis..."
inmigracion,https://www.meneame.net/story/policia-descarta-ataque-munich-este-relacionado-estado-islamico,2649270,20001715,341,334.0,--262396--,2016-07-23T16:51:37+00:00,0,7,#334 En la wikipedia la última cifra sobre el Hartz IV era de 391€. ¿Cuánto es actualmente?
inmigracion,https://www.meneame.net/story/policia-descarta-ataque-munich-este-relacionado-estado-islamico,2649270,20001712,340,142.0,oliver7,2016-07-23T16:51:13+00:00,1,18,#142 Te aplaudo hasta con las orejas.
inmigracion,https://www.meneame.net/story/policia-descarta-ataque-munich-este-relacionado-estado-islamico,2649270,20001704,339,54.0,LeDYoM,2016-07-23T16:49:10+00:00,1,22,#54 #142 Hay gente que lo que desprecia es el racismo.
inmigracion,https://www.meneame.net/story/policia-descarta-ataque-munich-este-relacionado-estado-islamico,2649270,20001697,338,53.0,thingoldedoriath,2016-07-23T16:48:10+00:00,3,16,"#53 Esta gente no destaca por su inteligencia. - creo que no hablas de iraníes ni de persas. 
- todos los iraníes (o persas) que conozco, son gente que destaca por su inteligencia. 
- la mayor parte de los iraníes que vinieron a trabajar en España son médicos. 
- el resto son empresarios. 
- yo no conozco iraníes pobres, ni desadaptados sociales. 

- como curiosidad... en España viven aún muchos descendientes del último ""sah"" de Iran: Mohammad Reza Pahlaví. 

Lo que ha hecho este hombre no es algo que sea común en los iraníes que vinieron a trabajar a Europa y mucho menos a los que llevan unas cuantas generaciones en Europa o EEUU."
inmigracion,https://www.meneame.net/story/policia-descarta-ataque-munich-este-relacionado-estado-islamico,2649270,20001691,337,195.0,proyectosax,2016-07-23T16:46:09+00:00,0,9,"#195 ...ya, lo que teme Alemania es a su pasado. Lo que menos le hace falta a Alemania es que el islamismo, aun siendo una amenaza real para occidente, lo tiene dentro."
inmigracion,https://www.meneame.net/story/policia-descarta-ataque-munich-este-relacionado-estado-islamico,2649270,20001666,336,331.0,be_water,2016-07-23T16:41:22+00:00,1,14,"#331 El problema es exactamente ese: que muchos confundis 'costumbres' con 'leyes'. 
No es lo mismo que un musulmán haga ramadán a que ponga una bomba. Musulmanes que incumplan las leyes hay muy pocos, y a los que hay se les envía a su país con mucha facilidad. Y en eso estamos todos de acuerdo. Pero otra cosa es hablar de sus costumbres, de su identidad, y ahí el tema es mas complejo. 
Aquí la gente aprovecha lo uno para hablar de lo otro, como si un musulmán que hace ramadán fuese un cómplice de los asesinos. Viva la brocha gorda."
inmigracion,https://www.meneame.net/story/policia-descarta-ataque-munich-este-relacionado-estado-islamico,2649270,20001660,335,,bisti,2016-07-23T16:40:02+00:00,0,6,"La verdad es que se asemeja mucho a los ya habituales atentados de estudiantes perturbados de los EEUU y poco a un ataque terrorista islamista. Y sea como sea, creo que estamos jodidos. Sólo nos faltaba también tener tiroteos a la americana en Europa..."
inmigracion,https://www.meneame.net/story/policia-descarta-ataque-munich-este-relacionado-estado-islamico,2649270,20001657,334,333.0,--272179--,2016-07-23T16:39:58+00:00,0,8,"#333 Bueno, nacido en Alemania y con 18 anos, probablemente estuviese aún recibiendo el Kindergeld que puedes complementarlo al Hartz IV hasta cumplir 21 según tengo entendido. El Hartz IV es más de 400 € de todas formas, 400 euros pueden ser perfectamente sólo el Wohnungsgeld (dinero para alquiler) de un unico beneficiario de la ayuda."
inmigracion,https://www.meneame.net/story/policia-descarta-ataque-munich-este-relacionado-estado-islamico,2649270,20001637,333,318.0,--262396--,2016-07-23T16:35:38+00:00,0,7,"#318 ""Recibir ayuda"" y ""estar integrado"" y ""bajo unas buenas condiciones materiales"" no tienen por qué ser lo mismo. El Hartz 4 le daría derecho a unos 400€; él mismo decía sentirse acosado durante años. Mucho más no se puede sacar de momento.

Lo que le comenté a #13 se sigue aplicando aún ahora: datos insuficientes para afirmaciones categóricas sobre el personaje en cuestión."
inmigracion,https://www.meneame.net/story/policia-descarta-ataque-munich-este-relacionado-estado-islamico,2649270,20001634,332,12.0,thingoldedoriath,2016-07-23T16:35:04+00:00,3,30,"#12 Lo mismo se miraba al espejo y se veía rasgos arios. Es que lo normal es que la mayor parte de los iraníes tengan rasgos arios!! porque son muy arios!! ----> #330 

Otra cosa es que tu te refieras a la ""perversión"" que de lo ario ""y del origen genético ario""; perpetraron los ""nazis"", como excusa para eliminar a otros grupos étnicos y/o religiosos. 

Se trata de dos conceptos diferentes: lo normal es que un iraní sea de origen indoeuropeo y ario (lo raro es que sea árabe); y otra cosa es que se sienta ""ario"" en el sentido que los nazis otorgaron a la palabra."
inmigracion,https://www.meneame.net/story/policia-descarta-ataque-munich-este-relacionado-estado-islamico,2649270,20001610,331,321.0,--510943--,2016-07-23T16:26:35+00:00,0,7,"#321 No. Yo no estoy diciendo eso y lo sabes perfectamente. Cuando una empresa extranjera va a otro país lo que hace es adaptarse perfectamente a la legislación de ese país. Básicamente porque es requisito indispensable para poder operar en ese país. ¿Hacen lo mismo los inmigrantes de oriente medio que vienen a Europa? Lo dudo, ¿eh? Siguen con sus costumbres (e intentan que nos las traguemos: pañuelos, burkas, Ramadán, etc), se meten en guetos, apenas hablan nuestros idiomas, se escandalizan por algunas de nuestras leyes (igualdad de la mujer o derechos de homosexuales, etc). Menuda mierda de ejemplo has ido a coger, ¿eh?"
inmigracion,https://www.meneame.net/story/policia-descarta-ataque-munich-este-relacionado-estado-islamico,2649270,20001606,330,60.0,thingoldedoriath,2016-07-23T16:26:01+00:00,0,10,"#60 Los iraníes no son árabes, ni moros, ni magrebíes. No!! no son árabes!! y los pocos que yo conozco se molestan bastante cuando por su fisonomía les confunden con moros magrebíes (que es es el grupo de inmigrantes más numeroso de por aquí). 

La mayor parte de los iraníes son persas (farsíes), aunque también hay muchos afganos (que hablan persa). Y también hay mucho persas (iraníes) que viven en los EEUU y en Europa. Y una buena parte de esos ""inmigrantes"" o hijos de inmigrantes se refieren a si mismos como persas, porque lo que que quieren indicar es que, como mucho son ""musulmanes culturales"" o ni eso y que no están de acuerdo con que Irán sea de facto, una teocracia.

Aparte de lo que ha enlazado #109; se puede decir que: La identidad persa, al menos en términos de idioma, se remonta a los antiguos indo-europeos arios que llegaron entre 2000-1500 a. C. A partir de alrededor de 550 a. C. Las primeras tribus iranias fueron los antepasados de otras muchas tribus y pueblos, incluyendo los persas, los kurdos, los pashtunes y otros muchos grupos menores. Los pueblos iranios del sur sobrevivieron a las conquistas de Alejandro Magno, a los intentos de dominio cultural de los árabes musulmanes, y a los asaltos devastadores de los mongoles, mientras que los pueblos iranios del norte fueron asimilados por los eslavos y otros pueblos europeos ."
inmigracion,https://www.meneame.net/story/policia-descarta-ataque-munich-este-relacionado-estado-islamico,2649270,20001599,329,298.0,--272179--,2016-07-23T16:23:56+00:00,1,18,"#298 Este tipo no era islamista era un adolescente con problemas, maniacodepresivo y con sindrome Amok, su interés por los asesinatos en masa, poco tenía que ver con las acciones del terrorismo islámico, la policía cuenta ya con toda la documentación posible, tenía hasta fotos de Breivik en su perfil de Whatsapp. ... zum Täter:

Es handelt sich um einen 18-Jährigen, der in München geboren wurde und aufgewachsen ist. Der Täter ist noch Schüler. ""Es gibt keinerlei Anhaltspunkte zu einem Bezug zum IS"" , heißt es. Der Täter habe sich aber mit dem Thema Amok beschäftigt. In seinem Zimmer wurden Zeitungsartikel gefunden, die sich mit Amoklagen befasst haben. Darunter auch ein Buch. ""Amok im Kopf. Warum Schüler töten"". Des Weiteren wurde EDV-Material beschlagnahmt, welches ausgewertet wird. ... zur Breivik-Verbindung: Die Ermittler gehen von einem Zusammenhang mit dem Attentat des Norwegers Anders Behring Breivik aus. ""Diese Verbindung liegt auf der Hand"", sagte Polizeipräsident Hubertus Andrä . Am Freitag war der fünfte Jahrestag von Breiviks Amoklauf.

Laut ""Bild""-Informationen habe der Täter als Whatsapp-Profilbild auch ein Foto von Breivik genutzt. http://www.welt.de/politik/deutschland/article157240657/Der-Ermittlungsstand-zum-Amoklauf-mit-neun-Toten.html

Alemán, probablemente su familia proviniente cualquiera de las minorías etnicas iraníes (arias) perseguidas durante los 80, muchos de cuyos miembros se vinieron a la RFA, posiblemente, según se puede leer ya, de origen Parsi, cuya religíon es un refrito con base del Zoroastrismo."
inmigracion,https://www.meneame.net/story/policia-descarta-ataque-munich-este-relacionado-estado-islamico,2649270,20001589,328,,casicasi,2016-07-23T16:20:24+00:00,1,3,"Para un islamófobo, este caso es una paja sin corrida."
inmigracion,https://www.meneame.net/story/policia-descarta-ataque-munich-este-relacionado-estado-islamico,2649270,20001584,327,44.0,Meneacer,2016-07-23T16:19:22+00:00,2,25,"#44 Ayer fue el aniversario de la matanza de Breivik. ¿Casualidad? No, está claro que el asesino lo eligió por algo. Esto se parece más a las matanzas de jovenes enloquecidos de EEUU y Europa del Norte que a cualquier tipo de terrorismo islamista."
inmigracion,https://www.meneame.net/story/policia-descarta-ataque-munich-este-relacionado-estado-islamico,2649270,20001574,326,48.0,be_water,2016-07-23T16:16:12+00:00,1,19,"#48 Pues si, un poco gilipollas si que sois si, o al menos con una visión de la realidad un poco corta, o dictada por la televisión. 
Pensar que un iraní sea del daesh es como pensar que un judío sea nazi. 
Es lo que tienen las orejeras."
inmigracion,https://www.meneame.net/story/policia-descarta-ataque-munich-este-relacionado-estado-islamico,2649270,20001556,325,,mikibastar,2016-07-23T16:12:43+00:00,1,15,"Las versiones oficiales casi siempre son para calmar, embolatar y dar pistas falsas sobre la investigación. 
Para mi todas estas versiones oficiales son mentira, primero no creo que fue un solo terrorista que después se suicido, según primeros reportes eran mínimo 3, persiguieron dos hasta el metro donde escaparon, y claro como los dejaron escapar dicen que solo era uno.
Dicen que no tiene nada que ver con Daesh, pero gritaban allahu akbar, minimó eran musulmanes, y claro la motivación no fue politica; fue religiosa.
Sigan dandose el pajazo mental de que es un caso aislado cuando los ""casos aislados"" no sean tan ""aislados"".  Sigan recibiendo inmigrantes a ton y son sin control para que estos casos aislados sean cada vez mas comunes.
No inculquen valores occidentales a los musulmanes para que vean perplejos como se islamiza su país perdiendo derechos y libertades que nos costo siglos adquirir.
Sigan con su buen rollismo inmigrantes free hasta que sea demasiado tarde y se den cuenta que los musulmanes no viene en buen rollo, tiene otras metas y objetivos contrarios a los del mundo occidental"
inmigracion,https://www.meneame.net/story/policia-descarta-ataque-munich-este-relacionado-estado-islamico,2649270,20001541,324,,--30685--,2016-07-23T16:11:03+00:00,27,-138,"Y todos los gilipollas de menéame aliviados de que no es ""terrorismo islámico"". Esta sí la meneamos... {lol} {lol}

El problema sigue siendo el mismo: que hay una comunidad de moros viviendo en Europa que no entiede la cultura europea.

Bin Laden dijo que para ser de Al-Qaeda, lo único que había que hacer era matar a alguien y decir que era de Al-Qaeda. 

El nexo que une a todos ellos es que eran una gentuza en lo moral. Si no eran delincuentes, eran drogadictos. Lo único que ha hecho esta piltrafa (para alivio de los gilipollas de menéame), es no usar el comodín del ISIS (Al-Qaeda ya ha pasado de moda).

Digan lo que digan, siempre son los mismos. Musulmanes, de segunda generación, malviviendo de las ayudas del Estado y piltrafas morales. Cuidadito con los hijos de los ""refugiados"" sirios dentro de 20 años. Alemania tiene 1 millón de sirios criando terroristas."
inmigracion,https://www.meneame.net/story/policia-descarta-ataque-munich-este-relacionado-estado-islamico,2649270,20001533,323,144.0,be_water,2016-07-23T16:10:05+00:00,3,21,"#144 Aquí la peña hace análisis lapidarios sobre el islam porque cuatro tíos organizan un atentado, y ahora dicen que hay q mirar la realidad en un contexto mas amplio..."
inmigracion,https://www.meneame.net/story/policia-descarta-ataque-munich-este-relacionado-estado-islamico,2649270,20001526,322,142.0,be_water,2016-07-23T16:07:12+00:00,0,6,#142 Tú que vas a ser de izquierdas. Tu en Francia votarias a Le Pen.
inmigracion,https://www.meneame.net/story/policia-descarta-ataque-munich-este-relacionado-estado-islamico,2649270,20001512,321,64.0,be_water,2016-07-23T16:04:59+00:00,2,-1,"#64 Ok, ¿echamos también a todas las empresas extranjeras a su casa? ¿Y que vuelvan a casa nuestras empresas en el extranjero? Seria lo coherente con lo q estás diciendo."
inmigracion,https://www.meneame.net/story/policia-descarta-ataque-munich-este-relacionado-estado-islamico,2649270,20001502,320,317.0,Cicerone50,2016-07-23T16:02:28+00:00,0,10,"#317 Por supuesto que no, Es porque realmente pienso que es lo que eres. Por lo menos en este foro. Lo ignoro en tu vida real y, además, me importa un nabo."
inmigracion,https://www.meneame.net/story/policia-descarta-ataque-munich-este-relacionado-estado-islamico,2649270,20001492,319,,Cicerone50,2016-07-23T16:00:52+00:00,0,10,"Debo reconocer que no los he leído todos, pero sí muchos, y me da la impresión de que  en los comentarios de las noticias, en los últimos meses, se detecta un aumento de opinantes neofascistas. Alerta."
inmigracion,https://www.meneame.net/story/policia-descarta-ataque-munich-este-relacionado-estado-islamico,2649270,20001478,318,67.0,--157988--,2016-07-23T15:57:37+00:00,4,45,"#67 vivía, según él mismo dijo en el vídeo que le grabaron, en Hartz 4,una zona de subsidios de desempleo. Y también dijo que estaba en tratamiento. 

Así que sí, recibió ayuda social y asistencial."
inmigracion,https://www.meneame.net/story/policia-descarta-ataque-munich-este-relacionado-estado-islamico,2649270,20001472,317,315.0,yagoSeis,2016-07-23T15:56:33+00:00,0,10,#315 trol y chungo de que? Espero que no sea porque no pienso como tu.
inmigracion,https://www.meneame.net/story/policia-descarta-ataque-munich-este-relacionado-estado-islamico,2649270,20001453,316,,Melirka,2016-07-23T15:54:01+00:00,0,10,No nos merecemos gobiernos que nos mientan. ¿A quién pretenden engañar?
inmigracion,https://www.meneame.net/story/policia-descarta-ataque-munich-este-relacionado-estado-islamico,2649270,20001430,315,48.0,Cicerone50,2016-07-23T15:48:27+00:00,0,10,"#48 Creo que el que realmente está limitado eres tú porque eres un ""troll"" bastante chungo."
inmigracion,https://www.meneame.net/story/policia-descarta-ataque-munich-este-relacionado-estado-islamico,2649270,20001427,314,289.0,--485115--,2016-07-23T15:47:43+00:00,4,23,"#289 si, alemán de pura cepa vamos. Como franceses eran los que entraron en la sala Bataclán en París o el que conducía el camión en Niza"
inmigracion,https://www.meneame.net/story/policia-descarta-ataque-munich-este-relacionado-estado-islamico,2649270,20001425,313,8.0,--157988--,2016-07-23T15:47:30+00:00,0,10,"#8 no hay vídeos donde se le oye gritar contra los inmigrantes. Hay un vídeo mal traducido en el que un tipo le insulta con un término equivalente a nuestro ""moro"" que los alemanes usan contra los turcos, y es cuando el responde indignado que es alemán. 

Que un iraní no quiera ser confundido con un turco no le convierte en xenófobo."
inmigracion,https://www.meneame.net/story/policia-descarta-ataque-munich-este-relacionado-estado-islamico,2649270,20001417,312,47.0,Cicerone50,2016-07-23T15:46:09+00:00,1,17,#47 Os ha costado reconocerlo
inmigracion,https://www.meneame.net/story/policia-descarta-ataque-munich-este-relacionado-estado-islamico,2649270,20001399,311,121.0,--157988--,2016-07-23T15:42:01+00:00,0,10,#121 ¿Cómo sabes que no era musulmán?
inmigracion,https://www.meneame.net/story/policia-descarta-ataque-munich-este-relacionado-estado-islamico,2649270,20001393,310,141.0,--510943--,2016-07-23T15:40:33+00:00,17,6,#141 #69 #289 #60 ¿Alemán? Los huevos.
inmigracion,https://www.meneame.net/story/policia-descarta-ataque-munich-este-relacionado-estado-islamico,2649270,20001391,309,13.0,Cicerone50,2016-07-23T15:40:07+00:00,0,10,"#13 Si quieres saber realmente la verdad, te recomiendo un buen sillón."
inmigracion,https://www.meneame.net/story/policia-descarta-ataque-munich-este-relacionado-estado-islamico,2649270,20001387,308,,--442656--,2016-07-23T15:39:30+00:00,0,9,"Ahora es cuando los kkmedios y kkavoceros se meten la lengua en el culo despues de pedir disculpas por todo lo difamado. Vaya nivel de titulados, ni valen ni para verduleras, con perdón para ellas."
inmigracion,https://www.meneame.net/story/policia-descarta-ataque-munich-este-relacionado-estado-islamico,2649270,20001358,307,217.0,Daráptica,2016-07-23T15:34:04+00:00,0,8,#217 Los que más sufren el terrorismo islámico son los propios musulmanes. Hoy mismo ha habido un atentado en Kabul y nadie habla de eso...
inmigracion,https://www.meneame.net/story/policia-descarta-ataque-munich-este-relacionado-estado-islamico,2649270,20001336,306,250.0,--485115--,2016-07-23T15:30:15+00:00,0,6,"#250 en aeropuertos sin medidas de seguridad, además, ¿Para que iba a coger un musulmán un avión con destino a Europa si tienen vedado el acceso?"
inmigracion,https://www.meneame.net/story/policia-descarta-ataque-munich-este-relacionado-estado-islamico,2649270,20001325,305,295.0,Caramierder,2016-07-23T15:28:48+00:00,1,29,"#295 Era teutón, el islam nada tiene que ver"
inmigracion,https://www.meneame.net/story/policia-descarta-ataque-munich-este-relacionado-estado-islamico,2649270,20001318,304,289.0,Caramierder,2016-07-23T15:27:31+00:00,2,39,#289 Es musulmán
inmigracion,https://www.meneame.net/story/policia-descarta-ataque-munich-este-relacionado-estado-islamico,2649270,20001311,303,204.0,Daráptica,2016-07-23T15:24:56+00:00,0,8,"#204 Muy buen comentario.

Sólo un apunte: cada vez que os referís a la religión con expresiones como ""creer en seres mágicos"" (lo he leído ya un montón de veces en el Menéame) bajáis a nivel de un ni-ni sin estudios hablando del fenómeno religioso, que tiene mucha profundidad (por algo se habrá dado en todas las culturas) y, se sea ateo o no, merece un respeto.

La pregunta por el origen de todo se la hacen la Filosofía, la ciencia y la religión. Cada una da sus respuestas... y la explicación científica no llega a la respuesta última (el Huevo Cósmico no explica su propio origen). Es normal que el ser humano quiera ir más allá. Ése es el ámbito de la fe (porque la ciencia, hoy por hoy, no llega a explicar el principio de todo)"
inmigracion,https://www.meneame.net/story/policia-descarta-ataque-munich-este-relacionado-estado-islamico,2649270,20001304,302,177.0,yagoSeis,2016-07-23T15:23:50+00:00,0,10,"#177 estais obsesionados con rebatirme que sea del daesh, cuendo no los nombro para nada. Curioso."
inmigracion,https://www.meneame.net/story/policia-descarta-ataque-munich-este-relacionado-estado-islamico,2649270,20001297,301,141.0,yagoSeis,2016-07-23T15:22:23+00:00,0,10,"#141 a lo mejor, ni idea de a lo que te refieres"
inmigracion,https://www.meneame.net/story/policia-descarta-ataque-munich-este-relacionado-estado-islamico,2649270,20001287,300,237.0,--301035--,2016-07-23T15:20:44+00:00,0,7,"#237 Lo siento, pero no tienes absolutamente ni idea de cómo funcionan los tratamientos a personas con depresión."
inmigracion,https://www.meneame.net/story/policia-descarta-ataque-munich-este-relacionado-estado-islamico,2649270,20001275,299,84.0,--510943--,2016-07-23T15:17:59+00:00,0,7,"#84 Bah, ese fue de los primeros; han perfeccionado su técnica desde entonces. Espero que no se empeñen en superar al 'maestro' Bin Laden, porque el listón está verdaderamente alto..."
inmigracion,https://www.meneame.net/story/policia-descarta-ataque-munich-este-relacionado-estado-islamico,2649270,20001273,298,289.0,yagoSeis,2016-07-23T15:17:22+00:00,0,10,"#289 si, islamista, eso digo."
inmigracion,https://www.meneame.net/story/policia-descarta-ataque-munich-este-relacionado-estado-islamico,2649270,20001271,297,202.0,--301035--,2016-07-23T15:16:43+00:00,0,7,#202 ¿De dónde sacas que era musulman? Fuente? Porque precisamente la mayoría de emigrados en la historia reciente de Irán son precisamente pertenecientes a las minorías religiosas no musulmanas.
inmigracion,https://www.meneame.net/story/policia-descarta-ataque-munich-este-relacionado-estado-islamico,2649270,20001260,296,237.0,Daráptica,2016-07-23T15:14:26+00:00,2,11,"#237 ¿Pero tú te crees que sus padres se podían imaginar esto? El culpable es él, sus intenciones las conocía él, no sus padres."
inmigracion,https://www.meneame.net/story/policia-descarta-ataque-munich-este-relacionado-estado-islamico,2649270,20001247,295,51.0,--301035--,2016-07-23T15:11:49+00:00,0,7,"#51 Y seguramente no fuera ni musulman, ya que la mayoría de iraníes emigrados en los últimos 30 años pertenecen a minorías no musulmanas."
inmigracion,https://www.meneame.net/story/policia-descarta-ataque-munich-este-relacionado-estado-islamico,2649270,20001235,294,,--166178--,2016-07-23T15:09:38+00:00,2,6,Otro caso aislado de un ciudadano culturalmente arrimado al Islam. La religión del amor.
inmigracion,https://www.meneame.net/story/policia-descarta-ataque-munich-este-relacionado-estado-islamico,2649270,20001231,293,274.0,Tuduri,2016-07-23T15:08:56+00:00,0,7,#274 Mis disculpas. Te respondí en caliente y sin pensar.
inmigracion,https://www.meneame.net/story/policia-descarta-ataque-munich-este-relacionado-estado-islamico,2649270,20001229,292,12.0,goldorak,2016-07-23T15:08:18+00:00,2,24,"#12 Es curioso por que precisamente Irán significa tierra de arios (puedes comprobarlo tu mismo en la wikipedia) El término fue manipulado por los racistas del régimen nazi para intentar dotar a los germanos de identidad y distinción sobre el resto, pero arios son los iraníes (en realidad algunos reinos colindantes mas pero por simplificar).
De nada."
inmigracion,https://www.meneame.net/story/policia-descarta-ataque-munich-este-relacionado-estado-islamico,2649270,20001219,291,171.0,--301035--,2016-07-23T15:06:37+00:00,0,7,#171 Y?
inmigracion,https://www.meneame.net/story/policia-descarta-ataque-munich-este-relacionado-estado-islamico,2649270,20001194,290,136.0,--22033--,2016-07-23T15:02:26+00:00,0,9,"#136 Ya lo sé, perdón por no ser tan pedante."
inmigracion,https://www.meneame.net/story/policia-descarta-ataque-munich-este-relacionado-estado-islamico,2649270,20001190,289,48.0,--75126--,2016-07-23T15:01:50+00:00,7,53,"#48 No es iraní, es alemán, sus padres son iranís. Irán es enemigo del Daesh como todos los chiíes y todos los que no sean suníes wahabíes."
inmigracion,https://www.meneame.net/story/policia-descarta-ataque-munich-este-relacionado-estado-islamico,2649270,20001178,288,12.0,--324579--,2016-07-23T14:58:02+00:00,0,17,"#12 los asimilados son los más radicales, siempre ocurre."
inmigracion,https://www.meneame.net/story/policia-descarta-ataque-munich-este-relacionado-estado-islamico,2649270,20001169,287,142.0,Hivenfour_1,2016-07-23T14:56:42+00:00,0,8,"#142 una cosa es estar en contra de las religiones en general y otra intentar equipararlas todas y no ver los diferentes usos que se les da. Los movimientos radicales y no radicales dentro de una misma religión, etc.."
inmigracion,https://www.meneame.net/story/policia-descarta-ataque-munich-este-relacionado-estado-islamico,2649270,20001160,286,47.0,--324579--,2016-07-23T14:55:38+00:00,0,17,"#47 maravilla, nos has abierto la mente. Tenemos otro problema de terrorismo. Otro ¿ se entiende ?
Hemos pasado uno ya.
Y la vez anterior lo teníamos claro: los terroristas pueden ser gilipollas, el resto no deberíamos serlo.
Aquí es que se cae un niño en el parque y se va a acusar de terrorismo a todos los musulmanes, a los hijos de los musulmanes hasta cuarta generación y se les llama estúpidos a quien no lo hace.
¿ Lo ves como yo, o son imaginaciones mías ?"
inmigracion,https://www.meneame.net/story/policia-descarta-ataque-munich-este-relacionado-estado-islamico,2649270,20001145,285,4.0,--75126--,2016-07-23T14:52:19+00:00,1,13,#4 La policía dice que la relación con la matanza de Breivik es innegable
inmigracion,https://www.meneame.net/story/policia-descarta-ataque-munich-este-relacionado-estado-islamico,2649270,20001135,284,97.0,BodyOfCrime,2016-07-23T14:48:45+00:00,0,8,#97 Yo conozco un irani que es mas negro que los cojones de un grillo {lol}
inmigracion,https://www.meneame.net/story/policia-descarta-ataque-munich-este-relacionado-estado-islamico,2649270,20001132,283,14.0,--518873--,2016-07-23T14:48:29+00:00,1,12,"#14 No, no lo es. Lo que suele pasar en la gente de segunda generación es que toma partido de manera radical por uno de los ""dos mundos"", los más extremos de los que se hacen ultraislamistas terminan cometiendo masacres, los del otro extremo normalmente no, pero en este caso este tipo cayó en un odio visceral a los inmigrantes entendiendo que eso era lo propio de un ""ultraalemán"". También hay casos en los que pasan de golpe de un extremo a otro como en un fenómeno de conversión, ejemplo de ello es el del camión de Niza. 

CC: #12"
inmigracion,https://www.meneame.net/story/policia-descarta-ataque-munich-este-relacionado-estado-islamico,2649270,20001115,282,47.0,--371029--,2016-07-23T14:45:23+00:00,0,10,#47 si fue el daesh aunque no como organización. es propaganda del daesh la que motiva estas cosas.
inmigracion,https://www.meneame.net/story/policia-descarta-ataque-munich-este-relacionado-estado-islamico,2649270,20001103,281,48.0,--324579--,2016-07-23T14:43:49+00:00,0,17,"#48 yo creo que está claro y que no admite discusión: ambas cosas. Los que han empezado a acusar a quien no debía de ser terroristas árabes son troles y limitados.
Pero bueno, se llega a lo que se llega.
Incluso habrá a quien esto le parezca normal. No muchos, pero alguno habrá. Hay gente pá tó.
Los que haya con cabeza los iremos viendo en los siguientes mensajes, que reconocerán su error en la misma voz alta que se equivocaron para corregirlo de manera equivalente a lo que se equivocaron. ¿ Tú crees que veremos muchos ?
#195 a mi también me gustaría quitar hierro al asunto, pero eso no les hace ningún favor. La mayoría de ellos o parecen gilipollas o directamente lo son, se equivoquen o no. No se puede ir de esa manera por la vida. De lo que están hablando es de personas y asuntos complejos y trascendentes y les parece que están en un sálvame a ver quien dice la burrada más grande. Es que te los pillas en una conversación de bar hablando cuñadeando de un tema de estos y los mandas a la calle. No soy yo precisamente quien se lo tiene que decir, pero más les vale que se lo diga alguien, que así no se puede seguir. No es normal."
inmigracion,https://www.meneame.net/story/policia-descarta-ataque-munich-este-relacionado-estado-islamico,2649270,20001100,280,259.0,--493969--,2016-07-23T14:42:49+00:00,0,7,"#259  ""En la antigua India, el término 'Aryavarta' significando ""morada de los arios"", fue usado para referirse a la parte norte del subcontinente indio.""

Es que hasta los indios se consideraban arios...

Pero eso serían los antiguos arios, que luego se dispersaron por distintas partes del mundo sobre todo Asia. Hoy en día está la etnia llamada persa, y creo que no son la misma cosa: https://upload.wikimedia.org/wikipedia/commons/5/50/Percentage_of_ethnic_groups_in_the_general_population_of_Iran_%282012-2014%29.png"
inmigracion,https://www.meneame.net/story/policia-descarta-ataque-munich-este-relacionado-estado-islamico,2649270,20001095,279,271.0,--427046--,2016-07-23T14:41:43+00:00,1,22,#271 el algoritmo es igual para todos: https://www.meneame.net/notame/2357632
inmigracion,https://www.meneame.net/story/policia-descarta-ataque-munich-este-relacionado-estado-islamico,2649270,20001094,278,212.0,--371029--,2016-07-23T14:41:42+00:00,0,10,#212 quien justifica la guerra de diría con el daesh?
inmigracion,https://www.meneame.net/story/policia-descarta-ataque-munich-este-relacionado-estado-islamico,2649270,20001083,277,203.0,--371029--,2016-07-23T14:38:42+00:00,0,10,#203 en Alemania les encanta ocultar la realidad.
inmigracion,https://www.meneame.net/story/policia-descarta-ataque-munich-este-relacionado-estado-islamico,2649270,20001076,276,187.0,Nova6K0,2016-07-23T14:37:06+00:00,0,10,"#187 Defensa propia, dícese cuando primero atacamos nosotros ¿no?. Dícese cuando occidente vende armas a oriente ¿no?.

#246 Y tanto que tiene que ver. Todo grupo terrorista busca que cantemos a los cuatro vientos lo malos que son para que podamos con ello acojonar más a las personas que tenemos a nuestro alrededor.

Y lo de ETA, sí avisaban como un reto (decir os plantamos cara) y si es posible para que se acercase más gente antes de detonar la bomba. Unos samaritanos vamos.

Ninguna acción justifica el terrorismo, de ningún tipo y de ningún lado.

Salu2"
inmigracion,https://www.meneame.net/story/policia-descarta-ataque-munich-este-relacionado-estado-islamico,2649270,20001066,275,267.0,--521367--,2016-07-23T14:34:32+00:00,0,6,#267   https://versiculosviolentosdelcoran.files.wordpress.com/2011/09/versiculos-pdf.pdf
inmigracion,https://www.meneame.net/story/policia-descarta-ataque-munich-este-relacionado-estado-islamico,2649270,20001063,274,252.0,--140519--,2016-07-23T14:33:33+00:00,6,25,"#252 grandes afirmaciones requieren grandes pruebas. ¿Puedes demostrar que yo he dicho eso que afirmas?

Espero sentada."
inmigracion,https://www.meneame.net/story/policia-descarta-ataque-munich-este-relacionado-estado-islamico,2649270,20001057,273,48.0,Arvey,2016-07-23T14:31:03+00:00,2,33,#48 si es que como se nos ocurre pensar algo así {lol}
inmigracion,https://www.meneame.net/story/policia-descarta-ataque-munich-este-relacionado-estado-islamico,2649270,20001036,272,247.0,Canet,2016-07-23T14:25:17+00:00,0,7,"#247 A mi me horroriza y condeno el fanatismo que asesina,  pero no por eso me molesta ni odio que una mujer lleve velo o un hombre turbante. Saludo con una sonrisa a cualquier ser humano que me salude con cordialidad, que me trate con respeto,  porque se merece mi respeto. No voy por la vida juzgando a nadie por su procedencia ni por sus creencias.

No, amigos de terroristas, jamás. En cambio, me entran muchas dudas cuando hablo con algunas personas sudamericanas, que defienden el neoliberalismo. Que defienden ciertas políticas que empobrecen a las poblaciones. Que denigran a los nativos de esos mismos países. Que, en definitiva, envidian vivir como los poderosos, aunque sea a costa de que exista miseria en sus propias ciudades, sin importarles. Considerando que se lo merecen, que nacieron para ser unos tirados tal vez...

Luego, acuden a esas misas cantadas, donde dios lo es todo, para después cagarse en sus propias creencias, porque no empatizan con el que sufre, porque están dispuestos a mentir, porque se creen superiores a sus congéneres. Todo eso mientras bendicen sus alimentos cada día y dan gracias a un ser supremo, al que parecen respetar más que a los propios seres humanos."
inmigracion,https://www.meneame.net/story/policia-descarta-ataque-munich-este-relacionado-estado-islamico,2649270,20001033,271,184.0,--161499--,2016-07-23T14:24:11+00:00,2,4,"#184 Me pregunto para qué estan las normas, a mi me quitaron dos puntos de karma por votsr cinco comentarios negativo en una misma noticia, este no es la primera vez que vota sistemáticamente negativo decenas de comentarios @admin"
inmigracion,https://www.meneame.net/story/policia-descarta-ataque-munich-este-relacionado-estado-islamico,2649270,20001010,270,248.0,Canet,2016-07-23T14:19:45+00:00,2,14,"#248 El cristianismo también come tarros. Son más fuertes las convicciones en ese sentido. Añade que están encantados con ganar más que en sus miserables países, gobernados por déspotas neoliberales. Están agradecidos. Nadie jamás se ha metido con su cultura.

Los negros africanos cristianos, se frenan por sus creencias,  pero dudo mucho que no deseen vengarse de la supremacía blanquita. En cuanto a los chinos, salvo cuando fueron llevados en masa como esclavos (con la connivencia de algunos de sus propias compatriotas), a América,  para construir toda la red de los ferrocarriles, no han tenido ataque directo de los blanquitos.

Si a todos les debe importar más la riqueza material que la espiritual. Quizás eso sea lo que marque la diferencia,  pero en cualquier caso,  vuelvo a repetir y ya es cansino, es un porcentaje mínimo si lo comparamos con los millones de musulmaes que hay en el mundo, así que siento darte la noticia: la religión musulmana no es el origen de tus males ni va por ahí matando. Hay unos fanáticos que sí lo hacen,  pero todo es producto de la INJUSTICIA, cometida en sus países por el hombre blanco. Ni más, ni menos."
inmigracion,https://www.meneame.net/story/policia-descarta-ataque-munich-este-relacionado-estado-islamico,2649270,20000992,269,265.0,--152779--,2016-07-23T14:13:49+00:00,0,13,"#265 Ya, pero no es lo mismo para la policía, medios de inteligencia, ejercito, gobiernos, etc. tener que enfrentarse a una panda de ""colgaos"" que actúan por libre y con posibles motivaciones diferentes sin infraestructura de inteligencia, religiosa, económica, militar, etc.  Que a un grupo a islamista radical realmente organizado con todo ello.  Y de cuyos actos después se aprovechan otros que si son realmente los islamistas radicales.

Por que ten en cuenta que si esto son capaces de hacerlo una panda de ""colgaos"" sin apenas medios y preparacion, el dia que metan a un terrorista de verdad vamos a flipar. 

Asi como no debería ser lo mismo para cualquiera que intente comprender la situación. Ya se que en esto certeza 100 % poca, pero, si estas viendo que el sistema no encaja mucho igual es por algo."
inmigracion,https://www.meneame.net/story/policia-descarta-ataque-munich-este-relacionado-estado-islamico,2649270,20000991,268,182.0,--461677--,2016-07-23T14:13:21+00:00,1,7,#182 Entonces ¿por qué me enlazas al comentario?
inmigracion,https://www.meneame.net/story/policia-descarta-ataque-munich-este-relacionado-estado-islamico,2649270,20000987,267,242.0,Canet,2016-07-23T14:12:49+00:00,0,7,"#242 No, antes que caer toda una cultura, caeríamos el resto, porque las conviciones puede que sean las que den fuerza a las personas.

¿Crees que las nuevas generaciones, que cada vez viven más de la precariedad, y al mismo tiempo, del usar y tirar, incluídas las relaciones humanas, sin principios, sin valores y sin convicciones, con una constante adoración al materialismo, pueden avanzar muy lejos en el mundo? NO,yo no lo creo.


Sigues criminalizando a toda una cultura que ni es violenta ni es terrorista. Pero eso sí, no te veo que criminalices al capitalismo ni al neoliberalismo, que hace y deshace el bienestar del resto de seres humanos, incluídos tú y yo."
inmigracion,https://www.meneame.net/story/policia-descarta-ataque-munich-este-relacionado-estado-islamico,2649270,20000984,266,262.0,--354568--,2016-07-23T14:10:57+00:00,1,18,"#262 están de más, si tuviéramos que disculparnos cada vez que cometemos una falta ortográfica, los hilos serían eternos."
inmigracion,https://www.meneame.net/story/policia-descarta-ataque-munich-este-relacionado-estado-islamico,2649270,20000974,265,257.0,yagoSeis,2016-07-23T14:09:03+00:00,0,10,"#257 no, pero es que nada esta claro en esta vida, eso ya lo sabemos."
inmigracion,https://www.meneame.net/story/policia-descarta-ataque-munich-este-relacionado-estado-islamico,2649270,20000968,264,149.0,--66745--,2016-07-23T14:07:40+00:00,1,18,#149 ¡Jodido Neptuno!
inmigracion,https://www.meneame.net/story/policia-descarta-ataque-munich-este-relacionado-estado-islamico,2649270,20000956,263,145.0,perrico,2016-07-23T14:04:34+00:00,1,15,"#145 Después de ver los obreros del PP, me creo cualquier cosa. Te sorprendería ver la cantidad de inmigrantes racistas que existen.
Muchos inmigrantes de una generación anterior no suelen querer que vengan más inmigrantes. Por algún motivo, tienen miedo a que los que lleguen ahora sean demasiados y al rechazarlos a ellos les rechacen a los que ya estaban integrados. Y casos de éstos los conozco de primera mano."
inmigracion,https://www.meneame.net/story/policia-descarta-ataque-munich-este-relacionado-estado-islamico,2649270,20000951,262,261.0,--272179--,2016-07-23T14:03:50+00:00,2,21,"#261 bueno es lioso, yo estaba leyéndolo en Der Spiegel. Te pido disculpas en todo caso, tengo poca habilidad escribiendo con el móvil y unos dedos bastante gordos."
inmigracion,https://www.meneame.net/story/policia-descarta-ataque-munich-este-relacionado-estado-islamico,2649270,20000941,261,258.0,--354568--,2016-07-23T14:02:22+00:00,2,21,"#258 hay mucha diferencia entre un persa y un parsi, diferencia semántica, un parsi es un persa pero no todos los persas son parsis, yo como dueño de un mazda soy experto en el tema. En cuanto a la falta no la he corregido porque he dado por sentado que se trataba de una errata."
inmigracion,https://www.meneame.net/story/policia-descarta-ataque-munich-este-relacionado-estado-islamico,2649270,20000931,260,142.0,Canet,2016-07-23T14:01:08+00:00,2,22,"#142 Estás cometiendo un error de libro, cuando arremetes contra todo el ISLAM,  una vez más,  no veis más allá de vuestras narices, porque en el fondo, sois xenófobos y racistas. No creo que tú seas una persona con ideología de izquierda de verdad,  porque la gente que tiene convicciones justas,  no va por ahí despreciando a nadie por su procedencia ni por sus creencias o su origen."
inmigracion,https://www.meneame.net/story/policia-descarta-ataque-munich-este-relacionado-estado-islamico,2649270,20000915,259,120.0,--273137--,2016-07-23T13:58:26+00:00,0,7,"#120 Lee y aprende: https://es.wikipedia.org/wiki/Arios

Otra cosa es que luego los nazis pervirtieran el térmico, igual que hicieron con la esvástica y muchos otros símbolos. Pero los pueblo arios originales son los de Irán y ciertas zonas de la India."
inmigracion,https://www.meneame.net/story/policia-descarta-ataque-munich-este-relacionado-estado-islamico,2649270,20000914,258,233.0,--272179--,2016-07-23T13:58:19+00:00,2,1,"#233 qué pasa que nunca has pulsado una v en lugar de una b? también he escrito chiles en vez de chiies, por qué sera? {shit}

Su familia es, según leo, persa étnica (Parsi o en alemán Parse) exiliada en Alemania. El islam para los Parsis como ocurre con la minoría kurda yazidi es solo una influencia más junto con el zoroastrismo y otras doctrinas para su religión que no ha llegado a ser absorbida del todo por el Islam. Muchos de ellos fueron perseguidos tras el derrocamiento del Sha y tuvieron que emigrar, en Alemania hay una pequeña comunidad de Parsis que data de aquellas y posteriores migraciones."
inmigracion,https://www.meneame.net/story/policia-descarta-ataque-munich-este-relacionado-estado-islamico,2649270,20000910,257,249.0,--152779--,2016-07-23T13:57:38+00:00,0,13,"#249 Bueno, si consideras musulmanes islamistas personas que normalmente no acudirían a la iglesia/mezquita en su vida. Tal vez si. No esta claro tampoco."
inmigracion,https://www.meneame.net/story/policia-descarta-ataque-munich-este-relacionado-estado-islamico,2649270,20000909,256,52.0,Ratoncolorao,2016-07-23T13:57:32+00:00,3,30,"#52 Joder, tienes más información que la propia policía alemana? 
GUUUAUUUU"
inmigracion,https://www.meneame.net/story/policia-descarta-ataque-munich-este-relacionado-estado-islamico,2649270,20000908,255,143.0,Canet,2016-07-23T13:57:31+00:00,1,13,"#143 ¿y solo porque no lo haga en nombre de dios, deja de ser igualmente reprobable? Un musulmán extremista. Habla con propiedad, porfavorrrrr! Pero mira que se ha asesinado a gente en nombre de dios, en todo caso. Especialmente, se pasó a cuchillo a muchísimos musulmanes,  mira por dónde."
inmigracion,https://www.meneame.net/story/policia-descarta-ataque-munich-este-relacionado-estado-islamico,2649270,20000899,254,224.0,Kael_de_Albur,2016-07-23T13:55:53+00:00,0,7,#224 toda la razón del mundo
inmigracion,https://www.meneame.net/story/policia-descarta-ataque-munich-este-relacionado-estado-islamico,2649270,20000894,253,211.0,Kael_de_Albur,2016-07-23T13:55:28+00:00,0,7,"#211 Hay mas, buscalos si tienes tiempo, pero no es correcto decir una regla, los terroristas cristianos no atentan en nombre de dios, cuando te puedo dar un caso facilmente del año pasado."
inmigracion,https://www.meneame.net/story/policia-descarta-ataque-munich-este-relacionado-estado-islamico,2649270,20000890,252,204.0,Tuduri,2016-07-23T13:54:36+00:00,5,1,"#204 8. No se debe culpar a toda una comunidad por lo que hagan uno, diez o mil de sus miembros. Es tremendamente injusto. Si no te importa, ¿podrías aplicarte el cuento y dejar de culpar a todos los hombres por que unos pocos de sus miembros sean violadores, maltratadores o asesinos?"
inmigracion,https://www.meneame.net/story/policia-descarta-ataque-munich-este-relacionado-estado-islamico,2649270,20000880,251,215.0,--485115--,2016-07-23T13:53:29+00:00,3,18,"#215 no les ha temblando el pulso en declarar a todos los hombres culpables hasta que se demuestre lo contrario en leyes aberrantes de género. Soy de los que piensa que la inmigración es negativa, degrada barrios, extiende la pobreza y la miseria, y consume los cada vez más escasos recursos públicos. Si volvieran a su país de origen no los echaría de menos"
inmigracion,https://www.meneame.net/story/policia-descarta-ataque-munich-este-relacionado-estado-islamico,2649270,20000878,250,187.0,Canet,2016-07-23T13:52:47+00:00,1,10,"#187 Eso es imposible y te equivocas de plano. Criminalizar a millones de personas que profesan una religión, no te va a librar de la amenaza terrorista. ¿Recuerdas de dónde salieron los aviones que provocaron el atentado de las torres gemelas? ¿Acaso crees que los terroristas vivían en EEUU? No se pueden poner puertas al campo.

Lo que hay que cambiar son las políticas exteriores. Dejar de crear grupos terroristas financiados por EEUU, para meter el cazo en países que tienen riquezas que esquilmar. Lo que no se puede es pasarse siglos conquistando, masacrando, despreciando a gentes de otros países, robándoles su riqueza,   y después esperar que no pase nada.

Ese es el auténtico problema. LA INJUSTICIA. Arréglalo y entonces no habrá excusas para matar a nadie."
inmigracion,https://www.meneame.net/story/policia-descarta-ataque-munich-este-relacionado-estado-islamico,2649270,20000877,249,244.0,yagoSeis,2016-07-23T13:52:33+00:00,0,10,"#244 son islamistas, del isis o no eso da igual"
inmigracion,https://www.meneame.net/story/policia-descarta-ataque-munich-este-relacionado-estado-islamico,2649270,20000871,248,219.0,JavierLaig,2016-07-23T13:50:54+00:00,2,22,"#219 Qué si que la culpa es de occidente y bla, bla, bla por eso vienen también suramericanos, Hindus, chinos, africanos cristianos,... A cometer atentados.... A no, esos no, que cosas.

Esta gente siempre va a tener una excusa para matar, ya sea la Otan, Israel, tener pasado colonialista o dibujar."
inmigracion,https://www.meneame.net/story/policia-descarta-ataque-munich-este-relacionado-estado-islamico,2649270,20000865,247,223.0,sandra67,2016-07-23T13:49:09+00:00,0,7,"#223 de veras? No sé vos, pero a mí me molesta que como ""argumento"" me digan que me meta la lengua en el culo. Ergo, respondo con el mismo nivel.
Y sí, por como escriben muchos acá, son amiguitos de terroristas, o por lo menos admiradores.Supongo que no ven la hora de usar turbante y las mujeres velo. 
Sigan enterrando muertos por los islamistas, no hay problema, se ve que no les importa demasiado. Mientras tanto, los culpables somos los occidentales."
inmigracion,https://www.meneame.net/story/policia-descarta-ataque-munich-este-relacionado-estado-islamico,2649270,20000861,246,101.0,Canet,2016-07-23T13:48:19+00:00,0,7,"#101 Y ahora, ¿para qué metes a la ETA? No viene a cuento. Te voy a decir algo, con todo lo terrible que fue,  ni de lejos es igual un grupo terrorista de ese calibre, que solía avisar si iba a atentar en sitios públicos, con tener la amenaza terrorista de estos fanáticos. 

Eta nunca se adjudicó nada que no fuera de su autoría, así que dejemos de decir sandeces."
inmigracion,https://www.meneame.net/story/policia-descarta-ataque-munich-este-relacionado-estado-islamico,2649270,20000845,245,238.0,--262396--,2016-07-23T13:45:27+00:00,1,10,"#238 ""Alemán"" es una nacionalidad, no una etnia, por lo que se puede ser perfectamente ""moro"" y ""alemán"", de la misma forma que se puede ser ""español"" y ""cazurro"". Aunque él en particular no era moro, aunque supongo que a ti te lo parecería y con eso te sobra.

Y se escribe ""sino""."
inmigracion,https://www.meneame.net/story/policia-descarta-ataque-munich-este-relacionado-estado-islamico,2649270,20000840,244,240.0,--152779--,2016-07-23T13:45:02+00:00,0,13,"#240 El tema es que de los últimos 5 (Desde el del pub de Orlando) , 3 no hay indicios de contactos con dahesh*, aun cuando los reinvindicaran. Gritaran lo de ""Ala es grande"" etc. Que pueden ser o no... pero no es 100 % fiable.

*Al menos por lo que he visto en prensa"
inmigracion,https://www.meneame.net/story/policia-descarta-ataque-munich-este-relacionado-estado-islamico,2649270,20000831,243,152.0,cascas83,2016-07-23T13:43:26+00:00,0,7,"#152 Gracias, llevas razón"
inmigracion,https://www.meneame.net/story/policia-descarta-ataque-munich-este-relacionado-estado-islamico,2649270,20000826,242,239.0,--521367--,2016-07-23T13:42:27+00:00,0,6,"#239  han caido infinidad de ""civilizaciones"" que si romanos, etruscos, suevos ... es el turno de la caida del islam, y sera una vulgaridad verlos caer a ellos y a sus adlateres por cierto ..."
inmigracion,https://www.meneame.net/story/policia-descarta-ataque-munich-este-relacionado-estado-islamico,2649270,20000820,241,148.0,--354568--,2016-07-23T13:41:34+00:00,0,10,"#148 yo he visto en este foro quitar culpas al que mata y echárselas a los muertos, así, tal cual."
inmigracion,https://www.meneame.net/story/policia-descarta-ataque-munich-este-relacionado-estado-islamico,2649270,20000816,240,195.0,yagoSeis,2016-07-23T13:40:40+00:00,0,10,"#195 Tio, que no somos la poli emitiendo comunicados definitivos y fiables, hablamos basados en la probabilidad, como con todo lo demas. El problema seria no rectificar si acaba no siendo asi, o si 3 de cada 10 atentados fueran de los islamistas y solo esperasemos que el siguiente lo sea también y solo los criticamos a ellos. Pero es que no es el caso, de los ultimos 10 10 han sido islamistas, coño, es lo puto logico, no hay ningun rollo nazi, xenofobo o facha detrás."
inmigracion,https://www.meneame.net/story/policia-descarta-ataque-munich-este-relacionado-estado-islamico,2649270,20000809,239,232.0,Canet,2016-07-23T13:38:29+00:00,0,7,"#232 Sigues equivocándote. No es el Islam el que toma alas. Les dais alas a los terroristas,  en vez de aislarlos, de quitarles razones. Y no me hables sobre el mundo civilizado y nazis, porque el mundo civilizado, bien que colaboró con Hítler, y bien que se enriquecieron empresas varias gracias a él, mientras mataba gente.

Por cierto, que no fueron mayoría judíos. Asesinó a muchísima gente de diferentes nacionalidades y orígenes y creencias. Ya, lo de irse hasta los romanos es de traca."
inmigracion,https://www.meneame.net/story/policia-descarta-ataque-munich-este-relacionado-estado-islamico,2649270,20000803,238,83.0,--507439--,2016-07-23T13:36:21+00:00,7,-4,"#83 El problema es que no era alemán, si no moro."
inmigracion,https://www.meneame.net/story/policia-descarta-ataque-munich-este-relacionado-estado-islamico,2649270,20000802,237,27.0,--507439--,2016-07-23T13:35:41+00:00,1,5,#27 Espero que quien llevara el tratamiento psiquiátrico se coma un buen puro. Es inadmisible que una persona desequilibrada ande suelta por ahí. Tanto los médicos como su familia son responsables de estas muertes. Si no podían controlarlo deberían haberlo ingrsado.
inmigracion,https://www.meneame.net/story/policia-descarta-ataque-munich-este-relacionado-estado-islamico,2649270,20000796,236,,xaviqaz,2016-07-23T13:34:36+00:00,0,7,"Esto de que la gente en internet, incluso algunos medios y políticos, se peleen por el origen y religión de los atacantes es preocupante y patético. Ya cansa."
inmigracion,https://www.meneame.net/story/policia-descarta-ataque-munich-este-relacionado-estado-islamico,2649270,20000795,235,230.0,EGraf,2016-07-23T13:34:29+00:00,3,35,"#230 en realidad viene del latín Maurus y este del griego Μαῦρος , que significa ""negro"": https://translate.google.com/#auto/es/%CE%9C%CE%B1%E1%BF%A6%CF%81%CE%BF%CF%82"
inmigracion,https://www.meneame.net/story/policia-descarta-ataque-munich-este-relacionado-estado-islamico,2649270,20000792,234,,xaviqaz,2016-07-23T13:34:07+00:00,1,10,"Que un tarado coja un arma y se cargue a los que pasan por delante y se suicide, ocurre en EEUU cada año. Basta con reconocer que también puede pasar en Europa, que nuestras sociedades no son perfectas por tener menos armas o sanidad universal. Y dejarse de telenovelas de nazis y jihadistas.

Hace dos años un tal Elliot Rodger grabó un video acusando a los mujeres de no hacerle caso, luego cogió un arma, se cargó a 6 y se pegó un tiro. Por qué no puede pasar en Europa?
https://www.youtube.com/watch?v=G-gQ3aAdhIo"
inmigracion,https://www.meneame.net/story/policia-descarta-ataque-munich-este-relacionado-estado-islamico,2649270,20000786,233,210.0,--354568--,2016-07-23T13:32:41+00:00,2,23,"#210 eso que dices no tiene ningún sentido, un iraní es por definición persa y casi con toda seguridad chiíta pues el chiísmo es la rama oficial en aquel país. En cuanto al llevava..., pues eso."
inmigracion,https://www.meneame.net/story/policia-descarta-ataque-munich-este-relacionado-estado-islamico,2649270,20000781,232,229.0,--521367--,2016-07-23T13:31:51+00:00,0,6,"#229   que tome el islam las alas que quiera y que se justifique lo que quiera ... que tiene al mundo civilizado enfrente, les paso esto mismo a los nazis, los sovieticos, los romanos ... no es nuevo en la Historia ni son los mas grandes a abatir que ha habido ni mucho menos ..."
inmigracion,https://www.meneame.net/story/policia-descarta-ataque-munich-este-relacionado-estado-islamico,2649270,20000778,231,225.0,--424445--,2016-07-23T13:31:14+00:00,0,15,"#225 Jaja.

Además trolazo,señor ilimitado. 

{kiss}"
inmigracion,https://www.meneame.net/story/policia-descarta-ataque-munich-este-relacionado-estado-islamico,2649270,20000767,230,224.0,--272179--,2016-07-23T13:28:32+00:00,0,8,"#224 moro viene de mauri, pueblo del antiguo reino de Mauritania."
inmigracion,https://www.meneame.net/story/policia-descarta-ataque-munich-este-relacionado-estado-islamico,2649270,20000765,229,148.0,Canet,2016-07-23T13:28:18+00:00,1,15,"#148 No son ganas. Casi es un alivio, fíjate. Pero sigues mezclando churras con merinas. Dejad en paz al Islam, que no tiene culpa de que existan descerebrados fanáticos.

Solo les haceis el caldo y no os dais cuenta. Cuanto más denosteis toda una cultura, más alas les dais para que se autojustifiquen."
inmigracion,https://www.meneame.net/story/policia-descarta-ataque-munich-este-relacionado-estado-islamico,2649270,20000762,228,1.0,Chumberable,2016-07-23T13:27:03+00:00,1,19,#1 Así es. Recurso de la conspiración... Si te pasas por el panfleto de Federico... Los comentarios son espeluznantes
inmigracion,https://www.meneame.net/story/policia-descarta-ataque-munich-este-relacionado-estado-islamico,2649270,20000757,227,204.0,--297022--,2016-07-23T13:26:23+00:00,1,21,#204 Amén...
inmigracion,https://www.meneame.net/story/policia-descarta-ataque-munich-este-relacionado-estado-islamico,2649270,20000755,226,1.0,--323100--,2016-07-23T13:25:12+00:00,0,12,#1 peor me lo pones.  Ha sido un musulmán cualquiera. Cualquier musulmán puede hacer eso por integrado que este. .. no se que será peor
inmigracion,https://www.meneame.net/story/policia-descarta-ataque-munich-este-relacionado-estado-islamico,2649270,20000753,225,220.0,yagoSeis,2016-07-23T13:24:58+00:00,0,10,"#220 antes de llamarme gilipollas relee y dime donde he nombrado al DAESH, ahora mirate al espejo y reconocete ""el gilipollas soy yo"" {wink}"
inmigracion,https://www.meneame.net/story/policia-descarta-ataque-munich-este-relacionado-estado-islamico,2649270,20000750,224,155.0,EGraf,2016-07-23T13:24:39+00:00,3,25,#155 ni siquiera. Los egipcios son del norte de África y no son moros.
inmigracion,https://www.meneame.net/story/policia-descarta-ataque-munich-este-relacionado-estado-islamico,2649270,20000745,223,179.0,Canet,2016-07-23T13:24:17+00:00,0,7,"#179 No digas chorradas, guapa. Primero, que traer a colación pareja o relaciones sexuales o decir que están infradotados,  es como poco desbarrar cuesta abajo de culo y sin las bragas.

¿Conocías a sus amiguitos terroristas? Es como si yo dijera que tú eres amiguita de los escuadrones de la muerte en algún país sudamericano."
inmigracion,https://www.meneame.net/story/policia-descarta-ataque-munich-este-relacionado-estado-islamico,2649270,20000744,222,1.0,K_os,2016-07-23T13:24:08+00:00,0,6,"#1 Por supuesto te refieres a los que culpaban a Bush, Aznar y a la guerra de Irak {troll}"
inmigracion,https://www.meneame.net/story/policia-descarta-ataque-munich-este-relacionado-estado-islamico,2649270,20000742,221,23.0,landaburu,2016-07-23T13:23:44+00:00,5,19,"#23 #138  vale, otro caso aislado de la religión de paz...

 Seguid negando el problema, era solo un loco!, lo mejor es traer otro par de millones. No se sabe si ha matado en nombre de la ""Sumisión"", pero seguro que como en todos los incontables casos anteriores la ""Sumisión"" le ha proporcionado la coartada moral para hacerlo."
inmigracion,https://www.meneame.net/story/policia-descarta-ataque-munich-este-relacionado-estado-islamico,2649270,20000735,220,48.0,--424445--,2016-07-23T13:21:30+00:00,8,57,"#48 
El DAESH es algo que simplemente se limita a crear terror y a adjudicarse cualquier tipo de matanza al turuntuntún porque su objetivo es salir en los medios sea como sea. 
Ya se han pronunciado en relación a esto, todo aquello que haga sufrir a los infieles es bueno para ellos.

Si tú te das por aludido por algo será que sí, que eres gilipollas sin duda."
inmigracion,https://www.meneame.net/story/policia-descarta-ataque-munich-este-relacionado-estado-islamico,2649270,20000734,219,47.0,Canet,2016-07-23T13:21:26+00:00,0,7,"#47 Te vas a llevar un disgusto seguramente, si te enteras de que, comparado con la ingente cantidad de personas que han sido asesinadas, solo por fuerzas de la Otan, ejércitos varios, etc, superan con creces las víctimas en el mundo civilizado ese que tanto parece que os duele.

Así que el gran problema, me da que lo tienen otros países, ante la indiferencia de gente como tú y otros, que no ven EL GRAN PROBLEMA."
inmigracion,https://www.meneame.net/story/policia-descarta-ataque-munich-este-relacionado-estado-islamico,2649270,20000730,218,12.0,K_os,2016-07-23T13:20:29+00:00,0,6,#12 Lo que en Alemania se llama un 'charneguen nazionalisten'
inmigracion,https://www.meneame.net/story/policia-descarta-ataque-munich-este-relacionado-estado-islamico,2649270,20000726,217,1.0,Canet,2016-07-23T13:19:22+00:00,2,25,"#1 Eso mismo pensé ayer, o quizás hasta lo dejé plasmado por aquí. Especialmente, cuando aprovechan que el Tajo pasa por Toledo,  para incriminar a todo el colectivo musumán. 

Es terrible, en cualquier caso."
inmigracion,https://www.meneame.net/story/policia-descarta-ataque-munich-este-relacionado-estado-islamico,2649270,20000722,216,,--521367--,2016-07-23T13:18:32+00:00,0,6,"lo que yo le digo a los mahometanos, ""si creeis que ala es dios y mahoma su 

profeta, no vais a llegar lejos, no os vais a comer nada""... y todos tenemos que 

hacerselo ver asi, si se enfadan es mala señal, es la señal precisamente ..."
inmigracion,https://www.meneame.net/story/policia-descarta-ataque-munich-este-relacionado-estado-islamico,2649270,20000717,215,187.0,Fernando_x,2016-07-23T13:17:22+00:00,5,41,"#187 por miedo hay que expulsar a todos los inmigrantes? Y cuando una mujer tenga miedo a ser violada habrá que castrar a todos los hombres? Por que no, en vez e actuar en contra de muchos inocentes se localiza y actúa policialmente contra los culpables? 

Son  mensajes del miedo y el odio extremista como el tuyo el que lleva a otros como yo a una posición responsable de defender a los inmigrantes."
inmigracion,https://www.meneame.net/story/policia-descarta-ataque-munich-este-relacionado-estado-islamico,2649270,20000716,214,201.0,UsuarioDuro,2016-07-23T13:16:31+00:00,2,11,"#201 Igual un xenófobo que sólo se representa a sí mismo, movido por el odio a los que son diferentes, o vaya a saber porqué (aún se está investigando).

Vamos, digo yo.

Quizá es posible estar en contra del terrorísmo integrista islámico sin odiar a todos los musulmanes, y al mismo tiempo en contra de discruso del odio contra los inmigrantes."
inmigracion,https://www.meneame.net/story/policia-descarta-ataque-munich-este-relacionado-estado-islamico,2649270,20000715,213,59.0,Trigonometrico,2016-07-23T13:16:29+00:00,1,19,#59 #28 #32 Yo también suponía que los arios eran mayoritariamente rubios.
inmigracion,https://www.meneame.net/story/policia-descarta-ataque-munich-este-relacionado-estado-islamico,2649270,20000710,212,43.0,landaburu,2016-07-23T13:15:01+00:00,2,24,"#43 #57 el Estado Islámico es el espantajo que nos venden para justificar la guerra en Siria. El islamismo está compuesto por cientos de grupos. A algunos de ellos los llamamos ""rebeldes moderaos"", como a los cortacabezas de Siria."
inmigracion,https://www.meneame.net/story/policia-descarta-ataque-munich-este-relacionado-estado-islamico,2649270,20000708,211,176.0,--352927--,2016-07-23T13:14:19+00:00,0,7,"#176 Uno, dime más."
inmigracion,https://www.meneame.net/story/policia-descarta-ataque-munich-este-relacionado-estado-islamico,2649270,20000703,210,201.0,--272179--,2016-07-23T13:13:16+00:00,5,37,"#201 déjame antes, querido amigo, que te indique cómo puedes meterte tu hombre de paja por el ano con un sencillo giro de tornillo, que a buen seguro hará que lo goces.

El tipo de München es un chaval con síndrome Amok que ha sido, parece ser, víctima de abusos durante buena parte de su vida en el colegio. Por lo visto llevava tiempo obsesionado con el tema de asesinatos en masa. Es alemán y su origen familiar iraní no tiene que ver con iraníes chiles sino con persas según leo en la prensa local. Aunque fuera musulmán, aunque los colgaos del estado islámico reivindicasen la acción terrorista (un día reivindicaran la muerte de manolete también) mi vecino musulmán, de origen kurdo, o los libaneses que tienen el Imbiss de la esquina no son culpables."
inmigracion,https://www.meneame.net/story/policia-descarta-ataque-munich-este-relacionado-estado-islamico,2649270,20000702,209,184.0,--152779--,2016-07-23T13:13:04+00:00,0,13,"#184 Son sus costumbres y hay que respetarlas, {troll} 

Después de eso salvara a las mujeres de los misogenos, a los europeos de las falsas informaciones sobre isis y se comera un plato de alubias a 40 grados a la sombra(Y repetira)"
inmigracion,https://www.meneame.net/story/policia-descarta-ataque-munich-este-relacionado-estado-islamico,2649270,20000701,208,205.0,--140519--,2016-07-23T13:12:35+00:00,6,31,"#205 que va, ni de lejos.   Cualquier hilo largo con un comentario destacado tiene incluso más que este."
inmigracion,https://www.meneame.net/story/policia-descarta-ataque-munich-este-relacionado-estado-islamico,2649270,20000698,207,197.0,--163305--,2016-07-23T13:12:09+00:00,3,32,"#197 Ellos mismos se hacen pajas asumiendo la posibilidad de que fuera una persona católica y blanca. Lo desean. Aunque sean 1.000 personas, da igual, lo importante es cerrar la boca a los que no aceptan la integración a base de machetes (hace una semana, musulmán). Les puedes decir que era iraní y que se llamaba Ali y gritó Allahu Akbar en la matanza, que seguirán en sus 13 de hacerse pajas pensando que el crimen es de un occidental."
inmigracion,https://www.meneame.net/story/policia-descarta-ataque-munich-este-relacionado-estado-islamico,2649270,20000697,206,198.0,Machakazaurio,2016-07-23T13:12:08+00:00,0,6,"#198 Solo recordabas los muertos de esos hijos de puta del Daesh en una noticia que no tiene que ver con él.
El problema aquí no es el Daesh, y no solo ayer, el mundo está lleno de hijos de puta, de toda raza y credo, pero tu enfocas donde te da la gana, hasta en una noticia que DESCARTA que fueran ellos.
Me da que el que no sabe leer no soy yo, o solo tratas de desviar la atención?
Madre mía...."
inmigracion,https://www.meneame.net/story/policia-descarta-ataque-munich-este-relacionado-estado-islamico,2649270,20000694,205,1.0,Trigonometrico,2016-07-23T13:11:35+00:00,0,13,"#1 Me gustaría saber cual es el comentario con récord de respuestas en la historia de Menéame, porque este debe estar muy cerca."
inmigracion,https://www.meneame.net/story/policia-descarta-ataque-munich-este-relacionado-estado-islamico,2649270,20000688,204,202.0,--140519--,2016-07-23T13:09:51+00:00,14,69,"#202 mira, igual te sirve de algo a ti y al resto. 

1. Los musulmanes no son terroristas. Son gente que cree en una religión. Los hay buenos y malos.
2. La mayoría son normales tirando a buenos (como los de cualquier otra religión).
3. El islam es malo, como el resto de las religiones. Le pide a la gente que no piense, sino que acepte dogmas.
4. Cualquier religión es una excusa perfecta para cometer atrocidades. Esa es una de las razones de su creación: el control.
5. El avance de la ciencia hace imposible que una persona informada pueda creer en seres mágicos.
6. Por tanto, para mantener su estructura de poder, la religión debe desplegar otros recursos distintos.
7. Uno de ellos es el terror. Otro (España, e. gr.) la presión política.
8. No se debe culpar a toda una comunidad por lo que hagan uno, diez o mil de sus miembros. Es tremendamente injusto.
9. Eso no convierte en buena ni inocua la creencia en un dogma que no se sostiene.
10. Apoyando a las religiones no ayudamos a nadie.

https://twitter.com/eliasmgf/status/756817130100822016

https://www.meneame.net/notame/2524646"
inmigracion,https://www.meneame.net/story/policia-descarta-ataque-munich-este-relacionado-estado-islamico,2649270,20000687,203,138.0,--163305--,2016-07-23T13:09:22+00:00,28,62,"#138 Era iraní y se llama Ali. Un neonazi de pura cepa, vamos. Él mismo gritó Allahu Akbar durante el tiroteo, consúltalo en la CNN, borrego.

http://edition.cnn.com/2016/07/23/europe/germany-munich-shooting/index.html ""I hear like an alarm and boom, boom, boom ... and he's still killing the children. The children were sitting to eat. They can't run.""

Lauretta said she heard the gunman say, ""Allahu Akbar,"" or ""God is great"" in Arabic.

""I know this because I'm Muslim. I hear this and I only cry,"" she said. Pero no, negad la mayor. Son casos aislados. Sí. Varios casos aislados, la verdad. Pero supongo que os da igual. Ah, y que la culpa es del hombre blanco de Occidente."
inmigracion,https://www.meneame.net/story/policia-descarta-ataque-munich-este-relacionado-estado-islamico,2649270,20000682,202,1.0,--362659--,2016-07-23T13:08:00+00:00,7,14,"#1 Es que era catolico,budista o ateo?

Pues no. Resulta que el autor es musulman y de origen irani

Asi que la religion del amor si tiene que ver. Por mucho que intenteis mirar a otro lado"
inmigracion,https://www.meneame.net/story/policia-descarta-ataque-munich-este-relacionado-estado-islamico,2649270,20000681,201,200.0,--95285--,2016-07-23T13:07:02+00:00,2,26,"#200  #196 
Bueno, pero al final ¿ lo de Munich es obra de un chiflado que representa a toda la extrema derecha o de un islamista que en absoluto representa al islam?"
inmigracion,https://www.meneame.net/story/policia-descarta-ataque-munich-este-relacionado-estado-islamico,2649270,20000673,200,189.0,--272179--,2016-07-23T13:04:49+00:00,0,8,"#189 terrorismo es una estrategia que es principio y fin en si misma, con ella se busca la división de la sociedad, la radicalización y la polarizacion. En este se busca caso poner una parte de la sociedad en contra de la otra a fin de hacer lo mas difícil la vida de los musulmanes de a pie en Europa, la extrema derecha es el aliado perfecto de los islamoterroristas en esta empresa. 

No, los europeos musulmanes no tienen la culpa de lo que hace un pirado."
inmigracion,https://www.meneame.net/story/policia-descarta-ataque-munich-este-relacionado-estado-islamico,2649270,20000664,199,,epiblasclas,2016-07-23T13:02:25+00:00,1,16,"Algo no me cuadra, solo se ha encontrado a uno de los tiradores (en teoría eran tres) y era iraní...sería muy irónico que se tratase de un nazi alemán defensor de los rubios con ojos azules...además tenemos precedentes de la policía alemana ocultando información sobre casos de violanciones cometidos por refugiados precisamente para intentar evitar un efecto catalizador del gen latente alemán. Raro raro."
inmigracion,https://www.meneame.net/story/policia-descarta-ataque-munich-este-relacionado-estado-islamico,2649270,20000660,198,181.0,Gnomo,2016-07-23T13:01:22+00:00,1,19,"#181 Que cojones dices? No estoy a favor de que maten a nadie. 
En serio, que pollas dices? Sabes leer? Interpretar un texto? 
Madre mía..."
inmigracion,https://www.meneame.net/story/policia-descarta-ataque-munich-este-relacionado-estado-islamico,2649270,20000655,197,85.0,--490272--,2016-07-23T13:00:10+00:00,7,34,#85 zaca qué? Se llama Kassam y es musulman.
inmigracion,https://www.meneame.net/story/policia-descarta-ataque-munich-este-relacionado-estado-islamico,2649270,20000650,196,189.0,UsuarioDuro,2016-07-23T12:58:48+00:00,1,16,"#189 De lo que es preferible es que los xenófobos no usen los áctos cometidos por los terrorístas para generalizar, culpar y criminalzar a toda una comunidad (musulmana), difundiendo el discurso del odio."
inmigracion,https://www.meneame.net/story/policia-descarta-ataque-munich-este-relacionado-estado-islamico,2649270,20000646,195,48.0,darkdefender,2016-07-23T12:57:54+00:00,8,42,#48 Gilipollas no sé si sois pero desde luego os precipitasteis en vuestros juicios. No está de más aceptarlo y tomar nota para la siguiente situación similar.
inmigracion,https://www.meneame.net/story/policia-descarta-ataque-munich-este-relacionado-estado-islamico,2649270,20000644,194,,mariopg,2016-07-23T12:57:03+00:00,0,6,detrás habrá ideología islamista o de extrema derecha. no hay otra. nadie más puede ser capaz de cosas así.
inmigracion,https://www.meneame.net/story/policia-descarta-ataque-munich-este-relacionado-estado-islamico,2649270,20000635,193,192.0,--140519--,2016-07-23T12:54:58+00:00,3,23,#192 A FAVORITOS {lol} {lol} {lol} {lol} {lol}
inmigracion,https://www.meneame.net/story/policia-descarta-ataque-munich-este-relacionado-estado-islamico,2649270,20000633,192,1.0,Marco_Pagot,2016-07-23T12:54:28+00:00,1,21,"#1 qué mejor que dedicarles a todos ellos...

https://youtu.be/X_tKzZiSJY4"
inmigracion,https://www.meneame.net/story/policia-descarta-ataque-munich-este-relacionado-estado-islamico,2649270,20000632,191,187.0,Cabre13,2016-07-23T12:54:26+00:00,1,10,#187 ¿Tú sabes algo de historia universal de los últimos 200 años? Te lo digo porque hoy (2016) se puede hacer muy poco para luchar contra la inmigración forzada que se lleva produciendo desde hace más de un siglo.
inmigracion,https://www.meneame.net/story/policia-descarta-ataque-munich-este-relacionado-estado-islamico,2649270,20000629,190,142.0,--297022--,2016-07-23T12:53:53+00:00,1,20,"#142 no se dice subnormal, se dice capacidades diversas, está en tu manual."
inmigracion,https://www.meneame.net/story/policia-descarta-ataque-munich-este-relacionado-estado-islamico,2649270,20000625,189,178.0,--95285--,2016-07-23T12:53:25+00:00,5,-10,#178 Culpar al terrorismo es como culpar de una muerte a la bala e ignorar por qué alguien la ha disparado. El terrorismo tiene una motivacion ideologica/religiosa pero en el caso del terrorismo islamico muchos  preferiríais  que de esta no se hablase.
inmigracion,https://www.meneame.net/story/policia-descarta-ataque-munich-este-relacionado-estado-islamico,2649270,20000623,188,60.0,--297022--,2016-07-23T12:52:49+00:00,5,45,"#60 Es cierto, son persas y ellos mismos se distinguen de los árabes. La paranoia es la misma pero árabes no son."
inmigracion,https://www.meneame.net/story/policia-descarta-ataque-munich-este-relacionado-estado-islamico,2649270,20000621,187,101.0,--485115--,2016-07-23T12:52:41+00:00,1,13,"#101 ¿miedo?, miedo es lo que hay ahora. Lo que yo pido es justo lo contrario, que los poderes europeos realicen una acción contundente y sin miramientos contra la invasión islámica de Europa. Eso no es miedo, es defensa propia, la realidad es que si en Europa hubiera cero inmigrantes musulmanes, no habrían atentados de este tipo. Y cuando digo inmigrantes estoy incluyendo también a segundas y terceras generaciones de apátridas desarraigados, que son el auténtico problema."
inmigracion,https://www.meneame.net/story/policia-descarta-ataque-munich-este-relacionado-estado-islamico,2649270,20000618,186,184.0,--140519--,2016-07-23T12:51:30+00:00,9,-21,#184 en tu caso es por no poner tildes. Y quizá un poco por llorica.
inmigracion,https://www.meneame.net/story/policia-descarta-ataque-munich-este-relacionado-estado-islamico,2649270,20000617,185,37.0,--297022--,2016-07-23T12:51:30+00:00,1,2,"#37 No es politicamente corecto hablar mal o dudar de los árabes, que son nuestros amigos y nos quieren.{confused} {confused}"
inmigracion,https://www.meneame.net/story/policia-descarta-ataque-munich-este-relacionado-estado-islamico,2649270,20000609,184,1.0,--394073--,2016-07-23T12:49:37+00:00,13,92,"#1 ¿Has cascado un negativo a cada uno de los que te han contestado llevandote la contraria? 
Me parto."
inmigracion,https://www.meneame.net/story/policia-descarta-ataque-munich-este-relacionado-estado-islamico,2649270,20000608,183,62.0,--152779--,2016-07-23T12:49:37+00:00,0,13,#62 Por los datos que el mismo ha dado parece un caso de acoso escolar. Del que hay estudios hace tiempo que puede provocar reacciones violentas(Incluso atentados). El tema de las armas... si alguien quiere hacerse con una y dispone de medios la consigue por mucha prohibición que exista.
inmigracion,https://www.meneame.net/story/policia-descarta-ataque-munich-este-relacionado-estado-islamico,2649270,20000607,182,18.0,Poll,2016-07-23T12:49:21+00:00,1,21,"#18 No, me refiero a los que menciona Blackheart en el primer comentario de esta noticia."
inmigracion,https://www.meneame.net/story/policia-descarta-ataque-munich-este-relacionado-estado-islamico,2649270,20000602,181,47.0,Machakazaurio,2016-07-23T12:48:26+00:00,3,5,#47 Entonces en EEUU estarías a favor de los que se cargan policias no? Por que esos llevan muchisimas más muertes a sus espaldas....
inmigracion,https://www.meneame.net/story/policia-descarta-ataque-munich-este-relacionado-estado-islamico,2649270,20000597,180,7.0,--297022--,2016-07-23T12:46:17+00:00,0,10,"#7 lo de la falsa bandera va  a ser más plasta que lo del ""cuñado"" al tiempo.

 Ya no se dice en MNm eso del ...aproval?"
inmigracion,https://www.meneame.net/story/policia-descarta-ataque-munich-este-relacionado-estado-islamico,2649270,20000595,179,48.0,sandra67,2016-07-23T12:45:34+00:00,8,-11,"#48 no, son infradotados con problemas sexuales, no consiguen pareja que les meta la lengua en el traste. Y vuelcan su frustración acá.
Ah, y amiguitos de terroristas islámicos también."
inmigracion,https://www.meneame.net/story/policia-descarta-ataque-munich-este-relacionado-estado-islamico,2649270,20000579,178,148.0,UsuarioDuro,2016-07-23T12:41:07+00:00,3,14,"#148 Se critica a quienes en lugar de culpar al terrorismo, culpan a todos los musulmanes."
inmigracion,https://www.meneame.net/story/policia-descarta-ataque-munich-este-relacionado-estado-islamico,2649270,20000574,177,48.0,cptnniv,2016-07-23T12:38:21+00:00,5,42,"#48 ¡que osada es la ignorancia!, toma lee antes de llamar limitados a los demás:

https://en.m.wikipedia.org/wiki/Iran_and_ISIL"
inmigracion,https://www.meneame.net/story/policia-descarta-ataque-munich-este-relacionado-estado-islamico,2649270,20000572,176,143.0,Kael_de_Albur,2016-07-23T12:37:25+00:00,2,16,"#143 In November 2015, Robert Lewis Dear killed three and injured nine at the Planned Parenthood clinic in Colorado Springs, Colorado. Dear voiced on several occasions his support for radical Christian views and interpretations of the Bible, and praised people who attacked abortion providers, saying they were doing ""God's work."" He also described members of the Army of God, a loosely organized group of anti-abortion Christian extremists that has claimed responsibility for a number of killings and bombings, as heroes.  Bueno Este hombre si lo hizo en nombre de Dios, lo nombro bastante al parecer."
inmigracion,https://www.meneame.net/story/policia-descarta-ataque-munich-este-relacionado-estado-islamico,2649270,20000571,175,12.0,--293474--,2016-07-23T12:37:19+00:00,6,48,"#12 De hecho los iranies son arios, no son arabes."
inmigracion,https://www.meneame.net/story/policia-descarta-ataque-munich-este-relacionado-estado-islamico,2649270,20000565,174,124.0,ManTK,2016-07-23T12:36:24+00:00,2,28,#124 eliminar las religiones basadas en seres imaginarios.
inmigracion,https://www.meneame.net/story/policia-descarta-ataque-munich-este-relacionado-estado-islamico,2649270,20000564,173,141.0,--490272--,2016-07-23T12:36:23+00:00,5,5,"#141 ya. Pero nunca es alemán o frances de los que se llamar Michael o Bastian. 
Siempre es de los que se llama Mohammed."
inmigracion,https://www.meneame.net/story/policia-descarta-ataque-munich-este-relacionado-estado-islamico,2649270,20000563,172,169.0,--140519--,2016-07-23T12:36:20+00:00,5,-19,#169 lo dices por experiencia propia?
inmigracion,https://www.meneame.net/story/policia-descarta-ataque-munich-este-relacionado-estado-islamico,2649270,20000559,171,47.0,--490272--,2016-07-23T12:35:19+00:00,6,55,#47 hasta cuando no es el Daesh es un iraní.
inmigracion,https://www.meneame.net/story/policia-descarta-ataque-munich-este-relacionado-estado-islamico,2649270,20000557,170,1.0,--354568--,2016-07-23T12:34:59+00:00,0,10,#1 el Todopoderoso Monesvol ha escuchado tus plegarias y los muertos de ayer no son obra de un islamista cortacabezas sino de un inmigrante de segunda generación.
inmigracion,https://www.meneame.net/story/policia-descarta-ataque-munich-este-relacionado-estado-islamico,2649270,20000550,169,1.0,shoushou,2016-07-23T12:33:52+00:00,7,31,#1 Quizá tu prepotencia y pseudo sabiduría también te obliguen a que te metas la lengua en el culo algún día.
inmigracion,https://www.meneame.net/story/policia-descarta-ataque-munich-este-relacionado-estado-islamico,2649270,20000548,168,8.0,chatOGT,2016-07-23T12:33:37+00:00,0,9,#8 sin tintes con todo el color (o falta de él)
inmigracion,https://www.meneame.net/story/policia-descarta-ataque-munich-este-relacionado-estado-islamico,2649270,20000544,167,1.0,landaburu,2016-07-23T12:32:56+00:00,22,1,"#1 estas de broma?

Y el atacante tunecino de Niza tampoco, y el Afgano que la semana pasa se lió a hachazos en el tren alemán, y el que hace un par de meses degollò a una pareja de policías delante de su hijo en Francia...pero oye, que casualidad que todos eran MUSULMANES... esta Europa de lo políticamente correcto da ...."
inmigracion,https://www.meneame.net/story/policia-descarta-ataque-munich-este-relacionado-estado-islamico,2649270,20000543,166,58.0,Kael_de_Albur,2016-07-23T12:32:43+00:00,0,7,"#58 Trump te respondera que de haber tenido la gente un arma, solo habria un muerto, este tipo, porque un buen ciudadano le habria descerrajado en la cara 4 tiros"
inmigracion,https://www.meneame.net/story/policia-descarta-ataque-munich-este-relacionado-estado-islamico,2649270,20000541,165,50.0,Kael_de_Albur,2016-07-23T12:32:04+00:00,0,7,"#50 No eniendo que culpa tiene la derecha de lo que hagan los neonazis, o esque consideras que los neonazis son ""la derecha"", para mi son la ultraderecha."
inmigracion,https://www.meneame.net/story/policia-descarta-ataque-munich-este-relacionado-estado-islamico,2649270,20000536,164,145.0,Kael_de_Albur,2016-07-23T12:30:49+00:00,1,10,"#145 Espera a ver que pasa, que todos dicen que estaba en una depresión y con problemas mentales, ni siquiera sabes si es miembro de ese 8% o no, estas sacandote las cosas de la chistera, esperamos un poco a ver si era del Daesh, si era Nazi, si era un transtornado o a ver que."
inmigracion,https://www.meneame.net/story/policia-descarta-ataque-munich-este-relacionado-estado-islamico,2649270,20000530,163,36.0,Kael_de_Albur,2016-07-23T12:29:15+00:00,2,17,"#36 crees que pide tolerancia para su cultura? de done sacas eso? la mayoria de los islamistas no piden tolerancia para el islam, lo que piden es rabia, odio y confrontación, rechazan participar en los sistemas democraticos de occidente, no quieren tolerancia, quieren destrucción."
inmigracion,https://www.meneame.net/story/policia-descarta-ataque-munich-este-relacionado-estado-islamico,2649270,20000523,162,52.0,Kael_de_Albur,2016-07-23T12:27:40+00:00,1,10,"#52 Si, pero echar la culpa a los nazis, no hace daño a nadie, echar la culpa a los refugiados y obligarles a irse a Turquia con el maravilloso Erdogan si destruye la vida de personas."
inmigracion,https://www.meneame.net/story/policia-descarta-ataque-munich-este-relacionado-estado-islamico,2649270,20000520,161,144.0,Gnomo,2016-07-23T12:27:15+00:00,2,29,"#144 Que coño me he inventado yo? Y qué cosas no veo? Que la extrema derecha es un problema lo sé.
Lo único que digo es que parece que si lo primero que se me pasa por la cabeza ayer al escuchar la noticia es pensar que ha sido otro atentado del DAESH soy un racista que sólo quiere meter mierda en contra del islam. Y te aseguro que no es así, pero veo lógico que ese sea el primer pensamiento de la gente"
inmigracion,https://www.meneame.net/story/policia-descarta-ataque-munich-este-relacionado-estado-islamico,2649270,20000514,160,76.0,Kael_de_Albur,2016-07-23T12:26:33+00:00,1,10,"#76 Me encanta que cuando hablen de los finlandeses aburridos nunca se mencione si la religion que profesan tiene algo que ver, es el cristianismo una religión de odio? porque no me llaman cristianofobo cuando me manifiesto contra la cristiandad? Ahora en serio, cualquier religión, ideal político, o sistema de creencia peude dar pie al asesinato en masa si hay alguien que lo manipula y lo pone en las mentes de la gente. No es el problema el Islam, son las monarquias del Golfo y Arabia Saudi que exportan el Wahabismo, el islam radical por el mundo."
inmigracion,https://www.meneame.net/story/policia-descarta-ataque-munich-este-relacionado-estado-islamico,2649270,20000505,159,149.0,Lekuar,2016-07-23T12:23:40+00:00,1,17,"#149 Un día vi un gráfico, (un poco sensacionalista todo hay que decirlo, pero eso no le quita razón) que comparaba el número de muertes en EEUU por enfermedades cardiorrespiratorias y el número de muertos por atentado terrorista entre 2001 y 2005 creo recordar, y la proporción de muertos era espectacularmente mayor la de enfermedades cardiorrespiratorias.

Después lo comparaban con otro gráfico, el de gasto en defensa y en investigación médica, y aquí la diferencia de gasto a favor de defensa ya era aberrantemente gigantesca, a pesar de que el número de muertos por enfermedad cardíaca era espectacularmente mayor."
inmigracion,https://www.meneame.net/story/policia-descarta-ataque-munich-este-relacionado-estado-islamico,2649270,20000496,158,124.0,Kael_de_Albur,2016-07-23T12:20:35+00:00,2,24,#124 estoy de acuerdo
inmigracion,https://www.meneame.net/story/policia-descarta-ataque-munich-este-relacionado-estado-islamico,2649270,20000494,157,142.0,--410536--,2016-07-23T12:20:16+00:00,0,8,#142 amén.
inmigracion,https://www.meneame.net/story/policia-descarta-ataque-munich-este-relacionado-estado-islamico,2649270,20000490,156,132.0,--152779--,2016-07-23T12:19:24+00:00,0,13,#132 O sea lo mas probable el típico caso de acoso&bulling en el que a la víctima se le va la pinza y arremete contra lo que pilla. Que no hay pocos precisamente...
inmigracion,https://www.meneame.net/story/policia-descarta-ataque-munich-este-relacionado-estado-islamico,2649270,20000485,155,91.0,Kael_de_Albur,2016-07-23T12:18:53+00:00,7,53,"#91 Los moros son los habitantes del norte de África, pero tu a lo tuyo."
inmigracion,https://www.meneame.net/story/policia-descarta-ataque-munich-este-relacionado-estado-islamico,2649270,20000482,154,1.0,Lekuar,2016-07-23T12:17:46+00:00,5,45,"#1 Yo no me pronuncie ni en un sentido ni en otro, pero por los que si lo hicieron, sinceramente, era bastante lógico esperar que hubiese sido terrorismo islámico.
Yo para mis adentros lo pensé así, hasta ahora, y confieso que me ha sorprendido que no tenga nada que ver, porque de verdad y siendo sinceros, era lo que cabía esperar."
inmigracion,https://www.meneame.net/story/policia-descarta-ataque-munich-este-relacionado-estado-islamico,2649270,20000478,153,100.0,--479141--,2016-07-23T12:16:36+00:00,6,15,#100 Finalmente era un loco de la extremaderecha {cry}
inmigracion,https://www.meneame.net/story/policia-descarta-ataque-munich-este-relacionado-estado-islamico,2649270,20000475,152,74.0,Tannhauser,2016-07-23T12:15:11+00:00,0,7,"#74 Yo también te voy a ilustrar. El imperativo se escribe ""ilustradme""."
inmigracion,https://www.meneame.net/story/policia-descarta-ataque-munich-este-relacionado-estado-islamico,2649270,20000469,151,140.0,--521337--,2016-07-23T12:14:06+00:00,0,6,#140 Implica que tiene dos nacionalidades. Algo que no se da a la ligera a todo el que entra en ningún país del mundo.
inmigracion,https://www.meneame.net/story/policia-descarta-ataque-munich-este-relacionado-estado-islamico,2649270,20000460,150,74.0,--521337--,2016-07-23T12:11:30+00:00,1,16,"#74 Mal vas si tu fuente de información son los foros de internet.

Enciclopedias y libros de Historia, en vez de blogs y redes sociales.

Después no me extraña que crezca la xenofobia, el racismo, las generalizaciones... si os informáis con lo que dice la gente en páginas web."
inmigracion,https://www.meneame.net/story/policia-descarta-ataque-munich-este-relacionado-estado-islamico,2649270,20000459,149,47.0,armando.s.segura,2016-07-23T12:11:25+00:00,14,70,"#47 Hay otros hijos de puta que se cargan a mucha más gente, pero no son noticia ni despiertan tanto odio."
inmigracion,https://www.meneame.net/story/policia-descarta-ataque-munich-este-relacionado-estado-islamico,2649270,20000447,148,19.0,--95285--,2016-07-23T12:09:10+00:00,10,7,#19 Y las criticas feroces a los que primero han pensado logicamente en un ataque islamista demuestran las ganas que tienen algunos de exculpar al islam de la violencia que sacude a Europa.
inmigracion,https://www.meneame.net/story/policia-descarta-ataque-munich-este-relacionado-estado-islamico,2649270,20000441,147,85.0,--175328--,2016-07-23T12:08:09+00:00,4,29,#85 Te he votado negativo porque estoy hasta las pelotas de los Zascas y el cuñaoooo a todas horas. Una vez al año no hace daño pero en todas partes {ffu} {ffu} {ffu} {ffu} {ffu}
inmigracion,https://www.meneame.net/story/policia-descarta-ataque-munich-este-relacionado-estado-islamico,2649270,20000439,146,,--521367--,2016-07-23T12:06:38+00:00,0,6,"una cosa no quita la otra, puede ser perfectamente un subnormal profundo un esquizofrenico grave que pertenece al estado islamico"
inmigracion,https://www.meneame.net/story/policia-descarta-ataque-munich-este-relacionado-estado-islamico,2649270,20000433,145,43.0,--175328--,2016-07-23T12:05:22+00:00,9,64,"#43 Pega mucho más el Iraní inmigrante de Ultraderecha  europea racista cristiana antiinmigración heteropatriarcal. {shit}

Ojo que estoy de acuerdo con lo que dices. Los persas son chiitas en su mayoría. Pero hay un 8% de sunitas en Irán y pega mucho que siendo la minoría oprimida apoyen al  EI. https://es.wikipedia.org/wiki/Demograf%C3%ADa_de_Ir%C3%A1n#Religiones

CC/ #57"
inmigracion,https://www.meneame.net/story/policia-descarta-ataque-munich-este-relacionado-estado-islamico,2649270,20000419,144,47.0,Res_cogitans,2016-07-23T12:00:49+00:00,7,79,"#47 Que seamos precisos y hablemos de lo que toca en cada noticia no significa que no queramos ver o no veamos el problema que hay. Pareces ser tú el que no ve cosas y se las inventa. Ahora toca hablar de este caso, que podría estar relacionado con la ultraderecha a tenor de pruebas empíricas que habrán de corroborarse. Este es otro problema, ¿no quieres hablar de él?"
inmigracion,https://www.meneame.net/story/policia-descarta-ataque-munich-este-relacionado-estado-islamico,2649270,20000412,143,116.0,--352927--,2016-07-23T11:58:29+00:00,4,20,"#116 Cuando un musulmán mata, lo hace en nombre de Dios ""Ala Akbbar"" y representa a su religión matando a infieles o a malos musulmanes.
Cuando lo hace un cristiano no lo hace en nombre de Jesús ni de su religión y ni siquiera nombra a Dios."
inmigracion,https://www.meneame.net/story/policia-descarta-ataque-munich-este-relacionado-estado-islamico,2649270,20000409,142,54.0,--456958--,2016-07-23T11:58:18+00:00,25,155,"#54 EH, que yo soy podemita y odio profundamente al Islám.

Que no te engañen, los de izquierdas no somos todos unos completos gilipollas políticamente correctos. 

Aquel que justifica y defiende al puto islam no es de izquierdas, porque la izquierda es contraria a los dogmas religiosos. El que los defiende y dice de izquierdas miente y es un subnormal."
inmigracion,https://www.meneame.net/story/policia-descarta-ataque-munich-este-relacionado-estado-islamico,2649270,20000407,141,48.0,Res_cogitans,2016-07-23T11:57:38+00:00,15,100,"#48 Alemán de toda la vida de origen iraní. Y tú, ¿eres cristiano viejo?"
inmigracion,https://www.meneame.net/story/policia-descarta-ataque-munich-este-relacionado-estado-islamico,2649270,20000406,140,60.0,--341687--,2016-07-23T11:57:33+00:00,0,7,#60 doble nacionalidad no implica que no sea de otro país.
inmigracion,https://www.meneame.net/story/policia-descarta-ataque-munich-este-relacionado-estado-islamico,2649270,20000400,139,119.0,--262396--,2016-07-23T11:56:03+00:00,1,10,"#119 En teoría, lo que caracteriza al terrorismo es que tiene una motivación política detrás. Por su alegato, parece un caso de alguien demente que lo hace por despojo al acoso recibido. Asesino loco usando un método que podría ser similar al de cualquier otro atentando islamista, sin embargo no parece serlo en este caso, salvo que fuese fomentado en algún momento por alguna célula (queda por ejemplo saber cómo consiguió el arma)."
inmigracion,https://www.meneame.net/story/policia-descarta-ataque-munich-este-relacionado-estado-islamico,2649270,20000399,138,1.0,--77302--,2016-07-23T11:55:57+00:00,17,106,"#1 como por ejemplo...

@cklckl
https://www.meneame.net/c/19996173

1, 2, 3 responda otra vez... Tic tac, tic tac...

@Mala_sombra
https://www.meneame.net/c/19996186
Tic tac, tic tac...

@cHiMuTrE
https://www.meneame.net/c/19996306
Tic tac, tic tac...

""El famoso"" @Blanqui 
https://www.meneame.net/c/19996389

@TREBON
https://www.meneame.net/c/19996421

Y un largo etcétera de troles varios y usuarios duplicados, dedicados a mantener el orgullo patrio y la raza y si no estás de acuerdo eres Venezueleta."
inmigracion,https://www.meneame.net/story/policia-descarta-ataque-munich-este-relacionado-estado-islamico,2649270,20000397,137,,espec.tro.1232,2016-07-23T11:55:34+00:00,0,6,"Ni isis ni nazis ni pollas; lo que hay es mucho puto colgao suicida; la mayoría, son las cifras que nadie cuenta, se van sin hacer ruido, otros no."
inmigracion,https://www.meneame.net/story/policia-descarta-ataque-munich-este-relacionado-estado-islamico,2649270,20000395,136,37.0,nilien,2016-07-23T11:54:58+00:00,7,66,"#37 De entrada, es alemán-iraní. De salida, los iraníes no son árabes, son persas..."
inmigracion,https://www.meneame.net/story/policia-descarta-ataque-munich-este-relacionado-estado-islamico,2649270,20000393,135,86.0,--481613--,2016-07-23T11:54:43+00:00,3,34,"#86 Pues si, no se por que no se le ha dado mas atencion a esa testigo. Esto va a traer cola todavia. Mi apuesta es que estan mandando ese mensaje para que la poblacion no se alarme e impedir que crezca el sentimiento anti-inmigracion. Y luego mas adelante ya se iran conociendo los detalles. Veremos lo que pasa cuando se sepa donde consiguio las armas y todo eso. Con todo lo que se ha venido viendo en los ultimos meses, como el intento de ocultar las agresiones de Colonia, como para fiarse de los portavoces de la policia alemana. 
https://www.theguardian.com/world/2016/jan/06/tensions-rise-in-germany-over-handling-of-mass-sexual-assaults-in-cologne"
inmigracion,https://www.meneame.net/story/policia-descarta-ataque-munich-este-relacionado-estado-islamico,2649270,20000390,134,,--521367--,2016-07-23T11:54:00+00:00,0,6,"pues entonces habra que quitarle la culpa a Bush-Blair-Aznar, vamos digo yo, no era esta gente entonces ..."
inmigracion,https://www.meneame.net/story/policia-descarta-ataque-munich-este-relacionado-estado-islamico,2649270,20000379,133,132.0,--352927--,2016-07-23T11:52:23+00:00,0,7,#132 Eso parece.
inmigracion,https://www.meneame.net/story/policia-descarta-ataque-munich-este-relacionado-estado-islamico,2649270,20000369,132,115.0,--262396--,2016-07-23T11:51:04+00:00,13,95,"#115 Lo que dice el asesino en el vídeo (basándome en la conversaciones que están teniendo otros usuarios en ese hilo de Reddit sobre lo que dice o a lo que se pueda referir) es:

- Es alemán de una zona pobre, que ha sufrido acoso durante los últimos 7 años (desde 5º curso) por ser considerado un ""turco de mierda"", y ha acabado suspendiendo sus estudios. Está bajo algún tipo de tratamiento psicológico, y ha decidido conseguir una pistola y matar.

https://www.reddit.com/r/Munich22July/comments/4u4f0g/video_of_people_offending_the_shooter_screaming/d5msi3p"
inmigracion,https://www.meneame.net/story/policia-descarta-ataque-munich-este-relacionado-estado-islamico,2649270,20000365,131,1.0,janatxan,2016-07-23T11:50:36+00:00,9,17,"#1 pues que quieres que te diga, se han ganado a pulso que a las primeras de cambio pensemos en ellos, algunos de tan buenrollistas se vuelven gilipollas {undecided}"
inmigracion,https://www.meneame.net/story/policia-descarta-ataque-munich-este-relacionado-estado-islamico,2649270,20000361,130,119.0,Rembrandt,2016-07-23T11:50:05+00:00,3,28,#119 Eso es como decir que tu comentario es gilipollez católica ....
inmigracion,https://www.meneame.net/story/policia-descarta-ataque-munich-este-relacionado-estado-islamico,2649270,20000360,129,,TocTocToc,2016-07-23T11:50:00+00:00,2,32,"""Finalmente el joven se quitó la vida con un disparo en la cabeza a un kilómetro de distancia."" Menuda puntería"" {wow}"
inmigracion,https://www.meneame.net/story/policia-descarta-ataque-munich-este-relacionado-estado-islamico,2649270,20000351,128,41.0,--456958--,2016-07-23T11:48:17+00:00,21,-56,#41 porque estos mediocres necesitan dárselas de políticamente correctos para aparentar ser abiertos y modernos. Lo necesidan para cubrír carencias emocionales.
inmigracion,https://www.meneame.net/story/policia-descarta-ataque-munich-este-relacionado-estado-islamico,2649270,20000350,127,,TocTocToc,2016-07-23T11:48:15+00:00,0,12,"""una pistola de calibre 9 milímetros con el número de serie borrado, por lo que se duda de su legalidad"" {palm}"
inmigracion,https://www.meneame.net/story/policia-descarta-ataque-munich-este-relacionado-estado-islamico,2649270,20000341,126,,menemangaral,2016-07-23T11:47:12+00:00,0,7,"Y dale, que si galgos o que si podencos
... Tened cuidado liebrecillas !"
inmigracion,https://www.meneame.net/story/policia-descarta-ataque-munich-este-relacionado-estado-islamico,2649270,20000339,125,105.0,--388975--,2016-07-23T11:46:56+00:00,1,19,"#105 En más de una conversación de meneame entre 2 usuarios pienso en escribir eso de: Don Rodrigo, relator, que la calma no se pierda..."
inmigracion,https://www.meneame.net/story/policia-descarta-ataque-munich-este-relacionado-estado-islamico,2649270,20000338,124,1.0,RespuestasVeganas.Org,2016-07-23T11:46:35+00:00,12,73,#1 La manera de acabar con el islamismo fanático (salafismo y wahabismo) es apoyar a los musulmanes moderados y no practicantes.
inmigracion,https://www.meneame.net/story/policia-descarta-ataque-munich-este-relacionado-estado-islamico,2649270,20000336,123,9.0,tnt80,2016-07-23T11:46:04+00:00,2,26,#9 Quien odia tanto sólo se odia a sí mismo
inmigracion,https://www.meneame.net/story/policia-descarta-ataque-munich-este-relacionado-estado-islamico,2649270,20000332,122,1.0,--456958--,2016-07-23T11:45:03+00:00,7,47,#1 y cómo habremos llegado a ciertas conclusiones esos usuarios? Porque que yo sepa no hay atentados terroristas por parte de fanáticos del islam desde... ¿Desde cuándo? Refréscame la memoria.
inmigracion,https://www.meneame.net/story/policia-descarta-ataque-munich-este-relacionado-estado-islamico,2649270,20000324,121,1.0,--391586--,2016-07-23T11:44:18+00:00,1,21,"#1 La culpa es del terrorista, por no ser musulmán."
inmigracion,https://www.meneame.net/story/policia-descarta-ataque-munich-este-relacionado-estado-islamico,2649270,20000323,120,97.0,--493969--,2016-07-23T11:44:16+00:00,2,-2,#97 ¿De dónde sacas lo de arios?
inmigracion,https://www.meneame.net/story/policia-descarta-ataque-munich-este-relacionado-estado-islamico,2649270,20000320,119,,--511467--,2016-07-23T11:43:30+00:00,2,24,"Vete a saber a quién ese hombre consideraba sus enemigos, pero para mí eso sigue siendo terrorismo islámico, pues aquello que lo caracteriza sigue ahí.

Lo que caracteriza al terrorismo islámico es que los musulmanes se creen con derecho a matar a los demás."
inmigracion,https://www.meneame.net/story/policia-descarta-ataque-munich-este-relacionado-estado-islamico,2649270,20000316,118,,vet,2016-07-23T11:42:56+00:00,0,12,"""Lauretta"" {grin}"
inmigracion,https://www.meneame.net/story/policia-descarta-ataque-munich-este-relacionado-estado-islamico,2649270,20000311,117,111.0,Jakeukalane,2016-07-23T11:42:13+00:00,0,13,"#111 ""muy estrechos""."
inmigracion,https://www.meneame.net/story/policia-descarta-ataque-munich-este-relacionado-estado-islamico,2649270,20000297,116,1.0,--517057--,2016-07-23T11:39:57+00:00,10,69,"#1 ¿Desde cuándo la estupidez se retracta de lo que dice? Van a torear el argumento lo que haga falta.

Musulmán mata gente = Musulmanes malos.
Cristiano mata gente = Cristianos malos. Caso aislado."
inmigracion,https://www.meneame.net/story/policia-descarta-ataque-munich-este-relacionado-estado-islamico,2649270,20000283,115,98.0,--352927--,2016-07-23T11:38:23+00:00,16,120,"#98 Balcony Man: ""You fucking Asshole you..."" Shooter: ""Because of you I was bullied for 7 years..."" Balcony Man: ""You wanker you. you're a wanker"" Shooter: ""...and now I have to buy a gun to shoot you"" Balcony Man: ""a gun! fuck off! your head should be cut off/open you asshole""
Shooter and Balcony man shouting at each other

Balcony Man apparently to people filming: ""He's got a gun here the guy has one""
Unseen voice: ""Shit/Fucking Turks!""

Balcony Man: ""Shit/Fucking Kanacken"" (derogatory term for people of Middle Eastern descent)

Balcony man to someone else : ""EY! HE'S GOT A GUN! He has loaded his gun! Get the cops here! He's walking around here the wanker!"" Shooter: ""I am German."" Balcony Man: ""You're a wanker is what you are"" Shooter: ""Stop filming!"" Balcony Man: ""A wanker is what you are, what the fuck are you doing?"" Shooter: ""Yeah what, I was born here!"" Balcony Man: ""Yeah and what the fuck you think you're doing???"" Shooter: ""I grew up here in the Hartz 4 (unemployment benefits in Germany) area, in the [unintelligible] region here in Hasenbergl. Balcony Man and Shooter talk at same time, can't make it out.

Shooter says something about ""Stationäre Behandlung"" which is ""stationary treatment"" like in a psychiatry ward

Balcony Man says something like ""Yeah treatment, you belong into a psychiatry ward"" Shooter: ""How is it my fault, I haven't done anything in 5th grade"" (This 5th grade might refer to German ""Gymnasium"" which is High School)

Shooter: ""Shut your snout/mouth, sir"" (He is using the German ""Sie"" which is a politer form, Schnauze is ""snout"" and a slang) Balcony Man: ""You cunt you""

Balcony Man: ""HEY! HE'S ON THE UPPER FLOOR HERE [unintelligible]""
Filming man goes into cover, shooter starts firing.

Balcony man calls him a cunt again.

Balcony man: ""They must have been shitting into your head"" (A German slang for ""Your mind is fucked up) Shooter: ""They have not! They have NOT, that's the thing! They have NOT!"" Video ends."
inmigracion,https://www.meneame.net/story/policia-descarta-ataque-munich-este-relacionado-estado-islamico,2649270,20000265,114,,L.A,2016-07-23T11:36:39+00:00,1,15,"Siempre gritan ""allahu akbar"" pero nunca es terrorismo islamista.

Con razón algunos andan entre perdidos y conspiranoicos, no les culpo."
inmigracion,https://www.meneame.net/story/policia-descarta-ataque-munich-este-relacionado-estado-islamico,2649270,20000252,113,93.0,--521337--,2016-07-23T11:34:57+00:00,6,56,"#93 O si en los mismos 80 un tío irlandés ponía otra bomba en Birmingham, todos hubieran dicho que seguro que es un católico.

Por eso los estereotipos son absurdos y sólo los ignorantes o los racistas los siguen."
inmigracion,https://www.meneame.net/story/policia-descarta-ataque-munich-este-relacionado-estado-islamico,2649270,20000251,112,103.0,Rembrandt,2016-07-23T11:34:53+00:00,1,13,#103 Contra nadie en particular.... Al menos tres personas de nacionalidad turca y otras tres kosovares han perdido la vida en el ataque
inmigracion,https://www.meneame.net/story/policia-descarta-ataque-munich-este-relacionado-estado-islamico,2649270,20000244,111,12.0,Brogan,2016-07-23T11:34:10+00:00,7,58,"#12 Es que los iranís son arios, no se consideran árabes y tienen lazos muy estrechos con Alemania {tongue}"
inmigracion,https://www.meneame.net/story/policia-descarta-ataque-munich-este-relacionado-estado-islamico,2649270,20000236,110,91.0,--521337--,2016-07-23T11:32:44+00:00,17,125,"#91 Moro = musulmán es una aceptación muy reciente y además se da sólo en unas pocas comunidades sociales, no en todo el mundo.

Moro siempre se ha referido exclusivamente a las gentes del norte de África  y el Magreb.

Si los iraníes son moros entonces un americano católico es un hispano sí o sí, usando esa misma regla de tres. Y no, un americano católico puede ser de ascendencia italiana o irlandesa o incluso centroeuropea, no tiene por qué ser hispano, que además ser hispano tiene allí las mismas connotaciones negativas que aquí ser moro."
inmigracion,https://www.meneame.net/story/policia-descarta-ataque-munich-este-relacionado-estado-islamico,2649270,20000234,109,74.0,--262396--,2016-07-23T11:32:38+00:00,2,31,"#74 #91 https://es.wikipedia.org/wiki/Pueblos_iranios

Del apartado ""Genética"":

Las pruebas genéticas realizadas a los pueblos iranios han revelado que existen muchos genes comunes para los miembros de estos pueblos, pero con numerosas excepciones y variaciones regionales. Los estudios genéticos realizados por Cavalli-Sforza han mostrado que los iranios se agrupan de manera muy próxima a los grupos europeos, y de forma más lejana a los grupos orientales próximos. Los tests genéticos preliminares sugieren orígenes comunes para la mayoría de los pueblos iranios: Las poblaciones localizadas al oeste de la cuenca del Indo, incluyendo aquellas de Irán, Anatolia y el Cáucaso, exhiben una composición de linaje común de ADNmt, compuesto principalmente de linajes eurásicos occidentales, con una muy limitada contribución del sur de Asia y del este de Eurasia (fig.1). De hecho, los diferentes pueblos iranios muestran un grado muy llamativo de homogeneidad. Esto no lo revelan únicamente los valores inexistentes de FST y el diagrama de ordenador (fig.6), pero también los resultados del SAMOVA, en donde una barrera genética significativa separa las poblaciones al oeste de Pakistán de aquellas del este y norte del valle del Indo (resultados no mostrados). Estas observaciones sugieren, o bien un origen común para las poblaciones iranias actuales, y/o niveles extensivos de intercambio de genes entre ellas. En inglés: https://en.wikipedia.org/wiki/Iranian_peoples"
inmigracion,https://www.meneame.net/story/policia-descarta-ataque-munich-este-relacionado-estado-islamico,2649270,20000231,108,66.0,perrico,2016-07-23T11:32:21+00:00,0,12,"#66 La verdad es que en cuando nos ponemos en plan cuñao de barra de bar, muchos hemos dicho al ver una noticia sobre suicidios algo así, yo de suicidarme, por lo menos me llevaba 4 cabrones por medio.
Claro, una cosa es decirlo y otra hacerlo, pero si tomas una decisión tan drástica como suididarte, lo de llevarte a gente por delante es un detalle más que tampoco te afectaría tanto."
inmigracion,https://www.meneame.net/story/policia-descarta-ataque-munich-este-relacionado-estado-islamico,2649270,20000229,107,102.0,--461677--,2016-07-23T11:31:59+00:00,0,8,#102 Jajajaja {troll}
inmigracion,https://www.meneame.net/story/policia-descarta-ataque-munich-este-relacionado-estado-islamico,2649270,20000216,106,,kalimochero,2016-07-23T11:29:00+00:00,0,11,Que guai. Tienen terroristas propios. {smiley}
inmigracion,https://www.meneame.net/story/policia-descarta-ataque-munich-este-relacionado-estado-islamico,2649270,20000206,105,1.0,--201863--,2016-07-23T11:28:05+00:00,1,19,#1 Te diré que no es cierto que todos los negros son maltratados aquí. Algunos negros son maltratados en otros países…
inmigracion,https://www.meneame.net/story/policia-descarta-ataque-munich-este-relacionado-estado-islamico,2649270,20000189,104,1.0,--425756--,2016-07-23T11:25:27+00:00,12,53,#1 En mismo número que los que cada vez que hay un atentado musulmán salen con lo de la religión de la paz y similares.
inmigracion,https://www.meneame.net/story/policia-descarta-ataque-munich-este-relacionado-estado-islamico,2649270,20000187,103,31.0,Remenad0r,2016-07-23T11:25:00+00:00,0,7,"#31 eso podría ser, la gente es muy cruel y a según que edades... No deber ser fácil comprar un arma en Alemania y tampoco parece que el ataque sea contra nadie en particular si no quien hubiera allí."
inmigracion,https://www.meneame.net/story/policia-descarta-ataque-munich-este-relacionado-estado-islamico,2649270,20000186,102,99.0,yagoSeis,2016-07-23T11:25:00+00:00,3,0,#99 jajajaj {palm}
inmigracion,https://www.meneame.net/story/policia-descarta-ataque-munich-este-relacionado-estado-islamico,2649270,20000178,101,,Nova6K0,2016-07-23T11:23:43+00:00,2,19,"¿Pero que decís? ¿no véis que aquí muchos siempre saben la verdad, incluso antes de que se empiece a investigar?

#90 No se que narices tiene que ver, en España también hay mucho desequilibrado mental, algunos con altos cargos ¿y?.

Por cierto algunos, parece que nacísteis ayer y lo digo en serio. El ISIS busca siempre la mayor publicidad, como hacía ETA en España, ¿por qué? porque es su forma de meter miedo y expandirlo. Por eso reivindican hasta que son los culpables de que no se acabase la Sagrada Familia.

Salu2"
inmigracion,https://www.meneame.net/story/policia-descarta-ataque-munich-este-relacionado-estado-islamico,2649270,20000169,100,,--159263--,2016-07-23T11:22:33+00:00,10,1,"Ah, no fue por el heteropatriarcado?"
inmigracion,https://www.meneame.net/story/policia-descarta-ataque-munich-este-relacionado-estado-islamico,2649270,20000163,99,96.0,--461677--,2016-07-23T11:21:22+00:00,6,41,"#96 Muy mal, deberías ser prudente y preguntar primero si ha sido una errata/ móvil o simplemente soy un ignorante. Ahora a rezar y a flagelarte . {cheesy}"
inmigracion,https://www.meneame.net/story/policia-descarta-ataque-munich-este-relacionado-estado-islamico,2649270,20000159,98,,--352927--,2016-07-23T11:21:02+00:00,5,-12,"A mi lo que diga la policía alemana me la pela, me interesa más lo que dice el propio tirador:
https://www.youtube.com/watch?v=Tbdb1eWFaho
Traducción en Reddit: https://m.reddit.com/r/Munich22July/comments/4u4f0g/video_of_people_offending_the_shooter_screaming/d5mqlhh?utm_source=mweb_redirect&compact=true"
inmigracion,https://www.meneame.net/story/policia-descarta-ataque-munich-este-relacionado-estado-islamico,2649270,20000150,97,91.0,--122279--,2016-07-23T11:20:05+00:00,24,175,"#91 los iraníes son persas, étnicamente ""arios"".

No contribuyamos a la ignorancia, por favor"
inmigracion,https://www.meneame.net/story/policia-descarta-ataque-munich-este-relacionado-estado-islamico,2649270,20000148,96,77.0,yagoSeis,2016-07-23T11:19:46+00:00,5,6,"#77 muy mal, deberias ser prudente y preguntar primero si ha sido una errata/movil o simplemente soy un ignorante. Ahora a rezar y a flagelarte por hablar sin saber."
inmigracion,https://www.meneame.net/story/policia-descarta-ataque-munich-este-relacionado-estado-islamico,2649270,20000145,95,19.0,IvanDrago,2016-07-23T11:19:27+00:00,1,21,"#19 claro, igual que para algunos era normal pensar que el 11M había sido eta... de hecho, para algunos lo sigue siendo.."
inmigracion,https://www.meneame.net/story/policia-descarta-ataque-munich-este-relacionado-estado-islamico,2649270,20000141,94,,--520826--,2016-07-23T11:19:04+00:00,2,-14,¿Y esta fe sin fisuras en las versiones oficiales os viene de siempre o ha sido a raiz de algún golpe en la cabeza?
inmigracion,https://www.meneame.net/story/policia-descarta-ataque-munich-este-relacionado-estado-islamico,2649270,20000138,93,60.0,--22033--,2016-07-23T11:18:43+00:00,4,5,"#60 Vale vale, pero es un pavo de raíz moruna ( llámalo persa) con una pistola en un centro comercial. Es como si en España en los 80 un tío de Hermani ponía una bomba. Qué es lo primero que se habría pensado? Pues eso."
inmigracion,https://www.meneame.net/story/policia-descarta-ataque-munich-este-relacionado-estado-islamico,2649270,20000137,92,87.0,--122279--,2016-07-23T11:18:34+00:00,0,10,"#87 seguro!  {lol} 

Y bebía leche semi desnatada y se pajeaba todos los días. Tendrá eso algo que ver con la matanza?"
inmigracion,https://www.meneame.net/story/policia-descarta-ataque-munich-este-relacionado-estado-islamico,2649270,20000136,91,60.0,Triskel,2016-07-23T11:18:29+00:00,27,-60,"#60 moro = musulmán, así que si, los iraníes son moros"
inmigracion,https://www.meneame.net/story/policia-descarta-ataque-munich-este-relacionado-estado-islamico,2649270,20000135,90,,--485115--,2016-07-23T11:18:20+00:00,20,25,"A ver, a ver, que me situo, el asesino era musulmán e inmigrante, pero el atentado no tiene nada que ver con EI ni con la inmigración «hoyga». Sólo era un desequilibrado que actuaba por su cuenta, como si para perpetrar un atentado suicida fuera necesario tener la cabeza bien amueblada... En fin......Tenemos lo que nos merecemos... 

Nos vemos en unas semanas, con el  próximo atentado de inmigrante musulmán, que por supuesto tampoco tendrá nada que ver con el Islam ni con la inmigración... Nos pintaremos las manitas, diremos «Je suis la ciudad que toque», y esperar como europeos correctos y civilizados la siguiente masacre aislada, no nos vayan a llamar racistas"
inmigracion,https://www.meneame.net/story/policia-descarta-ataque-munich-este-relacionado-estado-islamico,2649270,20000128,89,83.0,--461677--,2016-07-23T11:17:15+00:00,1,14,#83 No creo que viviera en un campamento en mitad del monte o debajo de un puente pero es verdad que no puedo afirmarlo al 100%
inmigracion,https://www.meneame.net/story/policia-descarta-ataque-munich-este-relacionado-estado-islamico,2649270,20000127,88,63.0,cascas83,2016-07-23T11:17:00+00:00,4,29,#63 {0x1f691} {0x1f691} {0x1f691} {0x1f691}
inmigracion,https://www.meneame.net/story/policia-descarta-ataque-munich-este-relacionado-estado-islamico,2649270,20000124,87,82.0,Belzor,2016-07-23T11:16:40+00:00,1,13,"#82 Igual era jugador de rol...  ""edito para poner el ironic mode on"""
inmigracion,https://www.meneame.net/story/policia-descarta-ataque-munich-este-relacionado-estado-islamico,2649270,20000122,86,,--48110--,2016-07-23T11:16:16+00:00,9,70,"A witness who will only be identified as Lauretta told CNN her son was in a bathroom with a shooter at the McDonald's. ""That's where he loaded his weapon,"" she said. ""I hear like an alarm and boom, boom, boom... And he's still killing the children. The children were sitting to eat. They can't run."" Lauretta said she heard the gunman say, ""Allahu Akbar,"" or God is great. ""I know this because I'm Muslim. I hear this and I only cry.""

http://edition.cnn.com/2016/07/22/europe/germany-munich-shooting/index.html

pero claro, sin motivaciones políticas. Lobo solitario que justo se le escapó algún ""allahu akbar"" mientras disparaba niños en un Mcdonalds. Lo típico que hacen en Europa los lobos solitarios. Nada que ver con los típicos tiroteos a masas de gente de islamistas radicalizados. Vamos menéame, vamos occidente !!"
inmigracion,https://www.meneame.net/story/policia-descarta-ataque-munich-este-relacionado-estado-islamico,2649270,20000121,85,,--516445--,2016-07-23T11:16:04+00:00,5,19,ZASCA enormeus a todos los bocachanclas.
inmigracion,https://www.meneame.net/story/policia-descarta-ataque-munich-este-relacionado-estado-islamico,2649270,20000119,84,39.0,cascas83,2016-07-23T11:15:50+00:00,0,7,#39 Je suis Charlie
inmigracion,https://www.meneame.net/story/policia-descarta-ataque-munich-este-relacionado-estado-islamico,2649270,20000116,83,70.0,--262396--,2016-07-23T11:15:26+00:00,1,17,"#70 ¿No existe la pobreza, exclusión social, y otros problemas en Alemania? Para afirmar categóricamente que no ha habido influencias educativas, sociales y/o económicas uno debe citar, como mínimo, a alguno conocido suyo hablando de cómo fue su vida; con suerte hasta en unas semanas se sabrá toda su vida laboral y entonces se pueden empezar a sacar algunas conclusiones (las que los datos avalen, obviamente).

Hasta entonces, suposiciones. Y las suposiciones no se afirman."
inmigracion,https://www.meneame.net/story/policia-descarta-ataque-munich-este-relacionado-estado-islamico,2649270,20000115,82,,--122279--,2016-07-23T11:15:24+00:00,0,10,"No, con los videojuegos ""violentos"". Ya he oído a dos subnormales en la televisión comentarlo. Creí que esas chorradas ya estaban superadas pero veo que no...."
inmigracion,https://www.meneame.net/story/policia-descarta-ataque-munich-este-relacionado-estado-islamico,2649270,20000113,81,13.0,--509884--,2016-07-23T11:14:53+00:00,2,1,"#13 La sociedad española no es la única en la que los padres actuales han vivido, viven y vivirán mejor que sus hijos... 

Podemos obviar e ignorar la frustración y trastornos mentales que eso genera, pero las consecuencias llegan tarde o temprano."
inmigracion,https://www.meneame.net/story/policia-descarta-ataque-munich-este-relacionado-estado-islamico,2649270,20000108,80,,Belzor,2016-07-23T11:14:24+00:00,11,79,"Uauh, un tipo empieza a descargar tiros contra transeuntes: somos malisimos por pensar que puede ser un atentado islamista, con la que esta cayendo.

El tipo es de ascendencia irani y el ISIS se atribuye el atentado: somos malisimos por pensar que pueda ser un atentado islamista.

Si es que estamos repletos de prejuicios imperdonables."
inmigracion,https://www.meneame.net/story/policia-descarta-ataque-munich-este-relacionado-estado-islamico,2649270,20000107,79,47.0,--219330--,2016-07-23T11:14:09+00:00,4,19,#47 Autolimitados por querer parecer estar por arriba del vulgo.
inmigracion,https://www.meneame.net/story/policia-descarta-ataque-munich-este-relacionado-estado-islamico,2649270,20000106,78,,vicus.,2016-07-23T11:13:56+00:00,0,17,"Como se le encuentre en su casita alguna esvástica que otra, ya me hablareis de que aquello de la civilización occidental, es que los inmigrantes no se quieren integrar.. {troll}"
inmigracion,https://www.meneame.net/story/policia-descarta-ataque-munich-este-relacionado-estado-islamico,2649270,20000102,77,71.0,--461677--,2016-07-23T11:13:35+00:00,4,21,#71 Vuélvete tiene tilde {kiss}
inmigracion,https://www.meneame.net/story/policia-descarta-ataque-munich-este-relacionado-estado-islamico,2649270,20000099,76,17.0,--521337--,2016-07-23T11:13:20+00:00,9,91,"#17 Este también se aburría en Finlandia, en 2007: http://www.elmundo.es/elmundo/2007/11/07/internacional/1194435733.html

Otro finlandés aburrido: http://internacional.elpais.com/internacional/2009/12/31/actualidad/1262214004_850215.html

Y aquí tenemos a otro finlandés que también estaba ocioso: http://www.excelsior.com.mx/2012/05/26/global/836902

Como ves, que un tipo se ponga a disparar en medio de la calle en Europa no es algo tan extraño, ni tiene por qué ser islamista, ni musulmán, ni de Oriente Medio."
inmigracion,https://www.meneame.net/story/policia-descarta-ataque-munich-este-relacionado-estado-islamico,2649270,20000095,75,1.0,Brugal-con-cola,2016-07-23T11:12:51+00:00,3,34,#1 te pregunto ¿te fias siempre 100% de lo que la policía te informe? aplicalo a todos los casos pues.
inmigracion,https://www.meneame.net/story/policia-descarta-ataque-munich-este-relacionado-estado-islamico,2649270,20000091,74,60.0,cascas83,2016-07-23T11:12:26+00:00,2,26,"#60 Yo entro aqui para informarme, no para ver ""zascas"" entre usuarios… ilustrarme un poco anda"
inmigracion,https://www.meneame.net/story/policia-descarta-ataque-munich-este-relacionado-estado-islamico,2649270,20000090,73,,--520826--,2016-07-23T11:12:20+00:00,14,-126,"Pero no me dejéis con esta inquietud ¿lo hemos empujado entre todos a hacer esto o ha sido solo cosa de él?. Y una cosa para los Torquemadas casposos de barra de bar los mensajes en blanco son los primeros que se leen ya que la curiosidad es muy fuerte en el ser humano y todos entran a ver "" qué habrá dicho "" {lol} {lol} {lol} así que gracias por darme visibilidad ¡¡pringaos !! {lol} {lol} {lol}"
inmigracion,https://www.meneame.net/story/policia-descarta-ataque-munich-este-relacionado-estado-islamico,2649270,20000089,72,1.0,cptnniv,2016-07-23T11:12:18+00:00,6,63,#1 Hola! He venido aquí a ver como @omglol reconoce que se ha equivocado... ¿Le habéis visto por aquí?
inmigracion,https://www.meneame.net/story/policia-descarta-ataque-munich-este-relacionado-estado-islamico,2649270,20000088,71,45.0,yagoSeis,2016-07-23T11:12:11+00:00,5,2,#45 vuelvete al convento.
inmigracion,https://www.meneame.net/story/policia-descarta-ataque-munich-este-relacionado-estado-islamico,2649270,20000082,70,67.0,--461677--,2016-07-23T11:11:40+00:00,1,14,#67 ¿No tiene Alemania políticas sociales y un sistema educativo unificado?
inmigracion,https://www.meneame.net/story/policia-descarta-ataque-munich-este-relacionado-estado-islamico,2649270,20000080,69,49.0,Strax,2016-07-23T11:11:36+00:00,3,38,"#49 ¿El salto al vacío de ""existe un vínculo claro, al menos"" con el ataque de Breivik a ""no ha tenido nada que ver la marginalidad, ni que fuese pobre, ni los ataques a sus países?"" por qué se produce? Si me lo explicas, estaría bien.

Por otra parte desconozco si el chaval era de un colectivo sumido en la marginalidad o no, si era pobre o no. Hasta que no lo diga una fuente fiable yo me quedo con que era un estudiante alemán que parecía obsesionado con el tema de los tiroteos masivos, que estaba siendo tratado por depresión y que al parecer tenía alguna relación con el tema Breivik. El resto es inventarse cosas. Y ya acudir a ""ataques a sus países"" cuando el tipo nació en Munich y era alemán me parece muy peregrino. Lo de insistir en su origen étnico iranio me parece algo muy de nuestra época, y no precisamente bueno."
inmigracion,https://www.meneame.net/story/policia-descarta-ataque-munich-este-relacionado-estado-islamico,2649270,20000076,68,55.0,--509884--,2016-07-23T11:10:57+00:00,1,12,#55 Les acojona el hecho de que puedan llevar bombas. Y un suicida con un disparo en la pierna puede seguir disparando.
inmigracion,https://www.meneame.net/story/policia-descarta-ataque-munich-este-relacionado-estado-islamico,2649270,20000075,67,13.0,--262396--,2016-07-23T11:10:53+00:00,2,23,#13 Pese a estar integrado en un sistema educativo Occidental y crecer bajo unas buenas condiciones materiales Citation needed.
inmigracion,https://www.meneame.net/story/policia-descarta-ataque-munich-este-relacionado-estado-islamico,2649270,20000072,66,43.0,vktr,2016-07-23T11:10:40+00:00,0,10,"#43 Si, cada vez hay más suicidas que en vez de hacerlo en silencio deciden hacerse un columbine o un germanwings. Ven que otros lo hacen y llaman la atención y ellos imitan.  Y si encima tu suicidio te lo puede patrocinar el ISIS como es el caso del de Orlando o el de Niza pues mejor que mejor pero da la impresión de que era ya gente trastornada y suicidar se iban a suicidar igual."
inmigracion,https://www.meneame.net/story/policia-descarta-ataque-munich-este-relacionado-estado-islamico,2649270,20000071,65,,crysys,2016-07-23T11:10:36+00:00,4,38,""" Finalmente el joven se quitó la vida con un disparo en la cabeza a un kilómetro de distancia ""

El largo brazo de DAESH. Wtf?"
inmigracion,https://www.meneame.net/story/policia-descarta-ataque-munich-este-relacionado-estado-islamico,2649270,20000066,64,1.0,--510943--,2016-07-23T11:10:14+00:00,13,119,"#1 ¿Por qué? A mi me da igual que sea del ISIS o no. A mi lo que me molesta es que aceptemos en Europa a inmigrantes y que, una vez aquí, sean incapaces de educar a sus hijos. Para mi no hay ninguna diferencia con los atentados de Francia o Bélgica. Otro ejemplo más de que esta gente no sabe vivir en sociedad en occidente y que deberíamos controlarlos mejor y guardarnos el derecho de mandarlos a su país si no saben comportarse."
inmigracion,https://www.meneame.net/story/policia-descarta-ataque-munich-este-relacionado-estado-islamico,2649270,20000063,63,,DonaldTrump,2016-07-23T11:09:29+00:00,3,28,"A portada en seguida. Mientras tanto esta noticia, de varias horas antes, fundida a negativos https://www.meneame.net/m/actualidad/tiroteo-munich-germano-irani-18-anos-actuo-solo-eng

Por qué? No hace falta que nos lo preguntemos en Menéame..."
inmigracion,https://www.meneame.net/story/policia-descarta-ataque-munich-este-relacionado-estado-islamico,2649270,20000062,62,,--209417--,2016-07-23T11:09:24+00:00,5,38,"Y una vez más utilizáis cualquier excusa sólo para soltar vuestra propaganda en Internet. Todos. Las víctimas una vez más os dan igual.

A alguien cabal lo que le preocuparía es por que un chaval de 18 años decide coger un arma y lanzarse a matar gente. Y sobre todo, de donde ha sacado ese arma y si alguien le ha instigado a ello."
inmigracion,https://www.meneame.net/story/policia-descarta-ataque-munich-este-relacionado-estado-islamico,2649270,20000058,61,36.0,--461677--,2016-07-23T11:08:45+00:00,0,8,"#36 Pero ese es otro debate, las contradicciones entre las libertades de Occidente y la que posiblemente es la teocracia más poderosa del momento."
inmigracion,https://www.meneame.net/story/policia-descarta-ataque-munich-este-relacionado-estado-islamico,2649270,20000047,60,37.0,--521337--,2016-07-23T11:07:38+00:00,58,392,"#37 Es que no era árabe, era iraní. Los iraníes no son árabes, ni moros, ni magrebíes.

Y además era también alemán. Tenía la doble nacionalidad.

Deberíais leer un poco de Historia y así entenderíais por qué hay iraníes que tienen la doble nacionalidad Irán-Alemania, además os enteraríais de que históricamente esas gentes han estado muy lejos ideológicamente del islamismo.

No sucedió hace tanto tiempo. La Guerra Civil Española es muchísimo más vieja que lo que te estoy contando."
inmigracion,https://www.meneame.net/story/policia-descarta-ataque-munich-este-relacionado-estado-islamico,2649270,20000046,59,12.0,Rembrandt,2016-07-23T11:07:34+00:00,37,266,"#12 #56 #28 Iran significa ""tierra de los Arios"" {smiley}"
inmigracion,https://www.meneame.net/story/policia-descarta-ataque-munich-este-relacionado-estado-islamico,2649270,20000045,58,,--311374--,2016-07-23T11:07:31+00:00,6,43,"Si no fuese tan fácil conseguir un arma en Alemania como en USA no pasarían estas cosas. Ah no, espera."
inmigracion,https://www.meneame.net/story/policia-descarta-ataque-munich-este-relacionado-estado-islamico,2649270,20000042,57,43.0,--461677--,2016-07-23T11:06:48+00:00,1,14,"#43 En efecto, el DAESH no pinta aquí nada."
inmigracion,https://www.meneame.net/story/policia-descarta-ataque-munich-este-relacionado-estado-islamico,2649270,20000039,56,12.0,--507288--,2016-07-23T11:06:28+00:00,9,89,"#12 Pues si se veía rasgos arios, igual no estaba muy equivocado: https://es.wikipedia.org/wiki/Arios"
inmigracion,https://www.meneame.net/story/policia-descarta-ataque-munich-este-relacionado-estado-islamico,2649270,20000030,55,1.0,ecosilent,2016-07-23T11:05:38+00:00,0,11,"#1 un apunte, la conspiración es la actuación acordada y coordinada de un grupo de personas con intereses comunes actuando con secretismo y esto es lo más habitual del mundo. 

De hecho, para un conspiranoico la ausencia de pruebas tangibles es precisamente la mejor evidencia del esfuerzo por ocultarlas

En esta linea un dato para reflexionar es que en ninguno de los casos de terrorismo, los agresores salen con vida, ya sea porque se suicidan o les dispara la policia, creo que en algunos casos ""los profesionales de la seguridad"" podrian realizar disparos a las piernas o partes menos vulnerables, de esta forma podiamos tener datos fehacientes de las motivaciones del agresor para llevar a cabo el escarnio. y un monton de pruebas e indicios para desarticular a otros individuos o grupos terroristas."
inmigracion,https://www.meneame.net/story/policia-descarta-ataque-munich-este-relacionado-estado-islamico,2649270,20000027,54,1.0,Hacendado,2016-07-23T11:04:59+00:00,27,88,"#1 Iraní viviendo del Hartz IV en Alemania. Supongo que es suficiente para el progremita medio que se agarra a un clavo ardiendo por mantener su superioridad moral. Pero bueno, luego no os extrañéis cuando haya otro atentado de los seres de luz y alguien os mande meteros la lengua en el culo y rebañar .

Un hacendado saludo."
inmigracion,https://www.meneame.net/story/policia-descarta-ataque-munich-este-relacionado-estado-islamico,2649270,20000021,53,12.0,--510943--,2016-07-23T11:04:37+00:00,5,18,"#12 Esta gente no destaca por su inteligencia. Vienen a Europa aunque nos odian porque nos culpan de que sean incapaces de vivir en sociedad en sus países. A la mayoría el ISIS tiene que convencerlos para que se conviertan en terroristas y nos maten. A este ni eso, él solito se montó sus pajas mentales {palm}"
inmigracion,https://www.meneame.net/story/policia-descarta-ataque-munich-este-relacionado-estado-islamico,2649270,20000020,52,44.0,Remenad0r,2016-07-23T11:04:32+00:00,6,16,"#44 Si ya, y a saber que más habría. En todos vuestros ordenadores sale Breivik si buscan, sois cansinos de cojones."
inmigracion,https://www.meneame.net/story/policia-descarta-ataque-munich-este-relacionado-estado-islamico,2649270,20000011,51,37.0,prqt,2016-07-23T11:03:12+00:00,18,126,#37 no era árabe. Musulmán! = árabe
inmigracion,https://www.meneame.net/story/policia-descarta-ataque-munich-este-relacionado-estado-islamico,2649270,20000009,50,,bisajras23,2016-07-23T11:03:01+00:00,5,42,"Que fácil sería culpar a toda la derecha del atentado si lo hubiese cometido un neonazi, como el atentado lo ha cometido un Iraní hay que cargarselo como sea a la derecha, y ya se estan inventando que el chico IRANÍ era neonazi y se inspiró en Breivik para cometer el atentado, seguro que a las víctimas les pidió el carné de socialdemócrata en la puerta del McDonals antes de acribillarlos a tiros"
inmigracion,https://www.meneame.net/story/policia-descarta-ataque-munich-este-relacionado-estado-islamico,2649270,20000008,49,10.0,Remenad0r,2016-07-23T11:02:46+00:00,4,42,"#10 jaja ok. Vale, pues nada la culpa es de Occidente. ¿Esta vez entonces no ha tenido nada que ver la marginalidad, ni que fuese pobre, ni los ataques a sus países? ¿o sí?

¿Entonces representa a todos los Europeos blancos que se dedican a matar o es un caso puntual aislado? 

¿Es del grupo de Breivik que se dedicaba a atendar por toda Europa que estaba a la fuga no?

A ver si os aclaráis, o los Nazis o Breivik o los Musulmanes."
inmigracion,https://www.meneame.net/story/policia-descarta-ataque-munich-este-relacionado-estado-islamico,2649270,20000004,48,2.0,yagoSeis,2016-07-23T11:02:33+00:00,91,478,"#2 que si, que un irani hace un atentado en alemania en medio de una ola de ataques islamistas y somos gilipollas por pensar que éste es otro más. No se si sois troles o directamente limitados."
inmigracion,https://www.meneame.net/story/policia-descarta-ataque-munich-este-relacionado-estado-islamico,2649270,20000003,47,2.0,Gnomo,2016-07-23T11:02:30+00:00,50,316,"#2 me parece absurdo que algunos no queráis ver el gran problema que hay. 
Efectivamente ayer no fue el DAESH, pero sólo ayer.
Esos hijos de puta llevan muchas muertes ya"
inmigracion,https://www.meneame.net/story/policia-descarta-ataque-munich-este-relacionado-estado-islamico,2649270,20000001,46,1.0,Cidwel,2016-07-23T11:02:28+00:00,6,60,#1 la policía también descartó en francia la primera semana que el asesino del camión tuviera ninguna relación con el EI
inmigracion,https://www.meneame.net/story/policia-descarta-ataque-munich-este-relacionado-estado-islamico,2649270,19999998,45,19.0,--461677--,2016-07-23T11:02:07+00:00,2,23,"#19 En todas las noticias de atentados, ataques y violencia en general se debería por sistema ser prudente, al menos las primeras 24 horas, una vez las fuerzas de seguridad controlan la situación y han realizado una investigación preliminar."
inmigracion,https://www.meneame.net/story/policia-descarta-ataque-munich-este-relacionado-estado-islamico,2649270,19999996,44,38.0,Ratoncolorao,2016-07-23T11:01:56+00:00,9,96,"#38 Breivik sale del ordenador del asesino, eh? No se lo ha inventado nadie."
inmigracion,https://www.meneame.net/story/policia-descarta-ataque-munich-este-relacionado-estado-islamico,2649270,19999987,43,,perrico,2016-07-23T11:00:34+00:00,18,142,"La verdad, lo de iraní y el estado islámico no me pegaría por ningún lado. Los iraníes son chiítas y los del ISIS sunitas. No me pegaría ni con cola. Se odian más entre ellos que entre cualquiera de ellos y cualquier país de occidente.

Lo que me parece a mí, es que a base de verlo los atentados en la tele, mucha gente pirada de cualquier tipo, se plantea la idea de morir matando o de liarla a tiros. Un especie de ""efecto llamada""."
inmigracion,https://www.meneame.net/story/policia-descarta-ataque-munich-este-relacionado-estado-islamico,2649270,19999986,42,,--313723--,2016-07-23T11:00:27+00:00,10,77,Cuando en USA a alguien se le va la olla no nos sorprende. Aquí queremos que tenga sentido y quizás no lo tiene.
inmigracion,https://www.meneame.net/story/policia-descarta-ataque-munich-este-relacionado-estado-islamico,2649270,19999983,41,1.0,yagoSeis,2016-07-23T11:00:08+00:00,44,248,"#1 es igual que con el de niza, luego ya van atando cabos y si, es islamista. La verdad es que algunos cada vez que hay un atentado parece que estais rezando por que no sea un musulman, que mas os da? Ahora mismo lo logico es que lo sea, si luego se demuestra lo contrario pues mira, pero esto de no poder hablar hasta que daesh reconoce el atentado o sale un video del asesino pues sinceramente, me prece una chorrada."
inmigracion,https://www.meneame.net/story/policia-descarta-ataque-munich-este-relacionado-estado-islamico,2649270,19999982,40,30.0,--461677--,2016-07-23T11:00:07+00:00,0,8,#30 El caso es que todo apunta a que ni islamismo ni extrema derecha sino otra cosa.
inmigracion,https://www.meneame.net/story/policia-descarta-ataque-munich-este-relacionado-estado-islamico,2649270,19999979,39,25.0,--510943--,2016-07-23T10:59:52+00:00,1,13,#25 El ISIS no se molesta en organizar un atentado para matar a 9 míseras víctimas. Tienen el listón más alto.
inmigracion,https://www.meneame.net/story/policia-descarta-ataque-munich-este-relacionado-estado-islamico,2649270,19999978,38,23.0,Remenad0r,2016-07-23T10:59:51+00:00,9,26,"#23 Ya, y otros echando la culpa a los occidentales de lo mismo. Sacando a los nazis y Breivik, etc."
inmigracion,https://www.meneame.net/story/policia-descarta-ataque-munich-este-relacionado-estado-islamico,2649270,19999973,37,1.0,--22033--,2016-07-23T10:59:03+00:00,58,260,"#1 Un árabe en un centro comercial con una pistola disparando indiscriminadamente no da pie a pensar eso, no."
inmigracion,https://www.meneame.net/story/policia-descarta-ataque-munich-este-relacionado-estado-islamico,2649270,19999972,36,25.0,Remenad0r,2016-07-23T10:58:57+00:00,2,22,"#25 Que un musulmán se inmole o se ponga a matar en Francia... o un grupo de musulmanes, por lo que sea, da lo mismo que sea del ISIS o no, no es el debate. Sigue siendo otro ""integrado"" que pide tolerancia para su cultura mientras tiene una pistola con la que está dispuesto a matar a los que no piensan como él."
inmigracion,https://www.meneame.net/story/policia-descarta-ataque-munich-este-relacionado-estado-islamico,2649270,19999971,35,17.0,Ratoncolorao,2016-07-23T10:58:45+00:00,3,30,"#17 Como reconocer a un ignorante pertinaz y contumaz? En que pese a las evidencias, no ceja en su ignorancia y alardea de ella."
inmigracion,https://www.meneame.net/story/policia-descarta-ataque-munich-este-relacionado-estado-islamico,2649270,19999970,34,27.0,--461677--,2016-07-23T10:58:37+00:00,2,22,"#27 Pues sí. No tiene que ser sencillo conseguir un arma en Alemania. Sobre los problemas mentales me pregunto si por sistema la mayoría de los terroristas, yihadistas, de extrema derecha o del tipo que sea no lo tienen."
inmigracion,https://www.meneame.net/story/policia-descarta-ataque-munich-este-relacionado-estado-islamico,2649270,19999969,33,22.0,Xtrem3,2016-07-23T10:58:24+00:00,7,75,#22 #10 También ayer se cumplieron 5 años del ataque de Breivik.
inmigracion,https://www.meneame.net/story/policia-descarta-ataque-munich-este-relacionado-estado-islamico,2649270,19999967,32,12.0,--313723--,2016-07-23T10:57:57+00:00,8,72,#12 No sabes quien son los arios.
inmigracion,https://www.meneame.net/story/policia-descarta-ataque-munich-este-relacionado-estado-islamico,2649270,19999966,31,17.0,--427046--,2016-07-23T10:57:26+00:00,7,68,"#17 «por ahí»* especulaban acoso escolar en base a lo que grita en el famoso vídeo del balcón. Que se hizo un Columbine, vaya. * Reddit."
inmigracion,https://www.meneame.net/story/policia-descarta-ataque-munich-este-relacionado-estado-islamico,2649270,19999956,30,,Remenad0r,2016-07-23T10:56:23+00:00,3,19,"Exacto, para meneame o han sido los musulmanes o han sido los nazis/Breivik. No hay más.

Pero la gente sospechaba que habían sido musulmanes, con razón. Ahora bien, ver #17. Si era iraní, decir que no tiene motivación política... política no, pero que los locos siempre sean los mismos..."
inmigracion,https://www.meneame.net/story/policia-descarta-ataque-munich-este-relacionado-estado-islamico,2649270,19999955,29,26.0,--519463--,2016-07-23T10:56:21+00:00,0,6,"#26 Mierda, ya es tarde. {palm}"
inmigracion,https://www.meneame.net/story/policia-descarta-ataque-munich-este-relacionado-estado-islamico,2649270,19999954,28,12.0,--311374--,2016-07-23T10:56:14+00:00,46,315,#12 Los iraníes son arios.
inmigracion,https://www.meneame.net/story/policia-descarta-ataque-munich-este-relacionado-estado-islamico,2649270,19999953,27,13.0,--122195--,2016-07-23T10:56:14+00:00,13,101,"#13 el chaval estaba en tratamiento psiquiátrico. Al menos por depresión severa pero puede que haya más. La educación no cura enfermedades mentales. El problema aquí es de dónde consiguió el arma, sin ella no hay matanza. El de Würzburg en un tren cerrado no pudo matar a tanta gente."
inmigracion,https://www.meneame.net/story/policia-descarta-ataque-munich-este-relacionado-estado-islamico,2649270,19999950,26,3.0,rogerius,2016-07-23T10:55:37+00:00,2,8,#3 Un sobretodo no es un asimismo.
inmigracion,https://www.meneame.net/story/policia-descarta-ataque-munich-este-relacionado-estado-islamico,2649270,19999949,25,,Insurrecto,2016-07-23T10:55:17+00:00,0,6,"Tiene toda la pinta de que del ISIS no son. Si hubieran sido del ISIS hubiese sido en un sitio repleto de gente(bataclan,Niza) mas que nada porque ellos siempre actúan de cara a los suyos,propaganda...así que buscan que sus actos sean espectaculares."
inmigracion,https://www.meneame.net/story/policia-descarta-ataque-munich-este-relacionado-estado-islamico,2649270,19999945,24,,--427046--,2016-07-23T10:54:23+00:00,7,59,La Rabia es poderosa en #9 {blank}
inmigracion,https://www.meneame.net/story/policia-descarta-ataque-munich-este-relacionado-estado-islamico,2649270,19999941,23,,Ratoncolorao,2016-07-23T10:54:00+00:00,12,100,"Anoche entrabas a las redes y la gente pedía (de nuevo) el cierre de fronteras, la expulsión de los refugiados...
Hoy que queda descartado el nexo yihadista, de pronto casi ha desaparecido este tiroteo de las redes y los medios.
Da la impresión de que están deseando que los que maten sean moros para justificar su propia intolerancia."
inmigracion,https://www.meneame.net/story/policia-descarta-ataque-munich-este-relacionado-estado-islamico,2649270,19999932,22,10.0,--122195--,2016-07-23T10:52:32+00:00,8,103,#10 el vínculo parece ser el historial de du ordenador. Se interesó mucho por el tema y buscó activamente información.
inmigracion,https://www.meneame.net/story/policia-descarta-ataque-munich-este-relacionado-estado-islamico,2649270,19999926,21,12.0,strider,2016-07-23T10:51:35+00:00,4,46,"#12 para mí eso es una motivación política. Repugnante, pero política."
inmigracion,https://www.meneame.net/story/policia-descarta-ataque-munich-este-relacionado-estado-islamico,2649270,19999921,20,17.0,--461677--,2016-07-23T10:51:00+00:00,4,37,#17 Siempre hay un motivo pero no siempre tiene por qué estar relacionado con la religión del implicado. Lo mejor es esperar al final de la investigación.
inmigracion,https://www.meneame.net/story/policia-descarta-ataque-munich-este-relacionado-estado-islamico,2649270,19999914,19,1.0,Gnomo,2016-07-23T10:50:01+00:00,10,76,"#1 Está claro que ayer se habló demasiado rápido sin saber realmente quien había sido.
Pero vamos que yo veo lo más normal del mundo pensar que había sido otro acto terrorista por parte del islamismo radical con lo que está pasando en estos últimos meses."
inmigracion,https://www.meneame.net/story/policia-descarta-ataque-munich-este-relacionado-estado-islamico,2649270,19999913,18,15.0,--461677--,2016-07-23T10:49:59+00:00,0,8,#15 aún van a tener ¿Por qué te refieres a mí como tercera persona del plural?¿Me estás acusando de algo?
inmigracion,https://www.meneame.net/story/policia-descarta-ataque-munich-este-relacionado-estado-islamico,2649270,19999909,17,,jamaicano,2016-07-23T10:49:36+00:00,4,39,"Sin motivación política? Osea por aburrimiento?

Tipo aburrido de origen iraní le da por matar gente por aburrimiento"
inmigracion,https://www.meneame.net/story/policia-descarta-ataque-munich-este-relacionado-estado-islamico,2649270,19999903,16,9.0,--140519--,2016-07-23T10:49:02+00:00,11,86,"#9 tranquilo, hoy ya doy yo el aviso, no te molestes.

https://www.meneame.net/notame/2524536"
inmigracion,https://www.meneame.net/story/policia-descarta-ataque-munich-este-relacionado-estado-islamico,2649270,19999900,15,1.0,Poll,2016-07-23T10:48:39+00:00,4,35,#1 visto lo que dice #13 aún van a tener más y nuevos argumentos.
inmigracion,https://www.meneame.net/story/policia-descarta-ataque-munich-este-relacionado-estado-islamico,2649270,19999899,14,12.0,igorymi,2016-07-23T10:48:32+00:00,0,11,"#12 es para flipar, si"
inmigracion,https://www.meneame.net/story/policia-descarta-ataque-munich-este-relacionado-estado-islamico,2649270,19999888,13,8.0,--461677--,2016-07-23T10:47:16+00:00,7,64,"#8 Las fuerzas de seguridad han registrado este sábado la vivienda del sospechoso, un estudiante que ""nació y creció en Múnich"" a pesar de su origen iraní. Se trata de un chaval nacido en 1998 y de segunda generación lo que hace del asunto algo más inquietante. Pese a estar integrado en un sistema educativo Occidental y crecer bajo unas buenas condiciones materiales ha caído en la violencia. La educación y la riqueza material no lo son todo. Habrá que esperar a que la investigación revele el motivo de la matanza."
inmigracion,https://www.meneame.net/story/policia-descarta-ataque-munich-este-relacionado-estado-islamico,2649270,19999887,12,4.0,misterPCR,2016-07-23T10:47:04+00:00,45,322,"#4 Al parecer era un iraní con nacionalidad alemana que odiaba a los inmigrantes...

Yo lo flipo. 

Lo mismo se miraba al espejo y se veía rasgos arios"
inmigracion,https://www.meneame.net/story/policia-descarta-ataque-munich-este-relacionado-estado-islamico,2649270,19999879,11,,enrii.bc,2016-07-23T10:46:24+00:00,16,8,Que van a decir.. asi de buenistas son en alemania
inmigracion,https://www.meneame.net/story/policia-descarta-ataque-munich-este-relacionado-estado-islamico,2649270,19999870,10,,Strax,2016-07-23T10:44:52+00:00,10,107,"De hecho según la policía alemana, al menos eso dice Sky News, el ataque tendría más que ver con el de Breivik que con el IS. Dicen que existe un vínculo claro, al menos."
inmigracion,https://www.meneame.net/story/policia-descarta-ataque-munich-este-relacionado-estado-islamico,2649270,19999861,9,,--520826--,2016-07-23T10:43:43+00:00,33,-273,{cool} He acertado: caso aislado https://www.meneame.net/c/19998587 {cool}  ahora órdago: lo hemos empujado a actuar así por nuestra discriminación ¡¡vamos occidentalitos de pro que vosotros podéis!!
inmigracion,https://www.meneame.net/story/policia-descarta-ataque-munich-este-relacionado-estado-islamico,2649270,19999857,8,,vicus.,2016-07-23T10:43:03+00:00,43,295,"Sin motivación politica, cuando hay vídeos donde se le oye gritar en contra de los inmigrantes?. La mayoría de las victimas eran menores de edad albano-cosovares.

Ya no se empieza a hablar de atentado, sino de ataque. Ya no es terrorismo, es violencia con tintes xenófobos."
inmigracion,https://www.meneame.net/story/policia-descarta-ataque-munich-este-relacionado-estado-islamico,2649270,19999856,7,1.0,dulaman,2016-07-23T10:42:51+00:00,6,73,"#1 Ya están empezando a ondear la ""falsa bandera"", el recurso que nunca falla. {grin}"
inmigracion,https://www.meneame.net/story/policia-descarta-ataque-munich-este-relacionado-estado-islamico,2649270,19999836,6,1.0,Hendry,2016-07-23T10:40:07+00:00,11,45,#1 Además lo tendrán dilatado tras meterse estos dos puños esta noche
inmigracion,https://www.meneame.net/story/policia-descarta-ataque-munich-este-relacionado-estado-islamico,2649270,19999832,5,,--354522--,2016-07-23T10:39:37+00:00,4,43,Pues si no era moro seguro que era gitano.
inmigracion,https://www.meneame.net/story/policia-descarta-ataque-munich-este-relacionado-estado-islamico,2649270,19999819,4,,igorymi,2016-07-23T10:38:23+00:00,3,36,"Sin motivación política. Jaja, aquí la pelea era si eran nazis o musulmanes. 
Cero patatero para todos."
inmigracion,https://www.meneame.net/story/policia-descarta-ataque-munich-este-relacionado-estado-islamico,2649270,19999809,3,1.0,--519463--,2016-07-23T10:37:30+00:00,18,128,"#1 Vaya, el grupo de usuarios que va a tener que meterse la lengua en el culo y rebañar va a ser impresionante. No te lo crees ni, sobretodo, tú. {lol}"
inmigracion,https://www.meneame.net/story/policia-descarta-ataque-munich-este-relacionado-estado-islamico,2649270,19999752,2,1.0,--424445--,2016-07-23T10:29:42+00:00,14,106,"#1 Da igual, el DAESH ya se lo adjudicó hace tiempo."
inmigracion,https://www.meneame.net/story/policia-descarta-ataque-munich-este-relacionado-estado-islamico,2649270,19999740,1,,--140519--,2016-07-23T10:28:25+00:00,119,703,"Vaya,  el grupo de usuarios que va a tener que meterse la lengua en el culo y rebañar va a ser impresionante. 

Y no van a a ser casos aislados ni seres de luz ni religiosos del amor.

Aunque me imagino que siempre tendrán a mano el recurso de la conspiración."
