tema,url_meneame,id_noticia_meneame,id_comentario,numero_comentario,responde_a_numero,usuario,fecha_comentario_utc,votos,karma,texto
inmigracion,https://www.meneame.net/story/muerto-dos-heridos-tras-ataque-hombre-armado-machete-alemania,2649646,20047828,266,265.0,--75126--,2016-07-30T13:12:17+00:00,0,9,"#265 El que ha puesto lo de la operación gladio eres tú, no me cuentes milongas. Ya puestos, la represión franquista también se debe al catolicismo, ¿no?."
inmigracion,https://www.meneame.net/story/muerto-dos-heridos-tras-ataque-hombre-armado-machete-alemania,2649646,20047497,265,264.0,--493969--,2016-07-30T11:55:19+00:00,0,8,"#264 Vamos a ver, yo te pongo un suceso que tuvo lugar en Estambul en 1955, persecución de minoría griega, y tú me sales con algo de 1977 y me dices que es lo mismo. A parte que cualquier barbaridad que ocurra en el país lo achacan a fuerzas extranjeras, son un poco como los venezolanos en ese sentido.

¿La persecución de los kurdos también lo hizo la CIA? ¿y qué me dices del genocidio armenio? ¿y el griego? https://es.wikipedia.org/wiki/Genocidio_griego"
inmigracion,https://www.meneame.net/story/muerto-dos-heridos-tras-ataque-hombre-armado-machete-alemania,2649646,20047349,264,263.0,--75126--,2016-07-30T11:20:11+00:00,0,9,#263 El que ha mezclado temas eres tú mezclando islamismo con operaciones de la OTAN
inmigracion,https://www.meneame.net/story/muerto-dos-heridos-tras-ataque-hombre-armado-machete-alemania,2649646,20047107,263,262.0,--493969--,2016-07-30T10:23:57+00:00,0,8,"#262 Bueno, pero no mezclemos temas. Yo estaba demostrando que no había falsedad en el fragmento que puse. Y no, no lo hay: http://genocidioarmenio.org/imagenes/"
inmigracion,https://www.meneame.net/story/muerto-dos-heridos-tras-ataque-hombre-armado-machete-alemania,2649646,20046640,262,261.0,--75126--,2016-07-30T08:29:41+00:00,0,9,"#261 Ejem, continuación de tu enlace https://es.wikipedia.org/wiki/Operaci%C3%B3n_Gladio"
inmigracion,https://www.meneame.net/story/muerto-dos-heridos-tras-ataque-hombre-armado-machete-alemania,2649646,20045296,261,215.0,--493969--,2016-07-29T20:47:29+00:00,0,8,#215 https://es.wikipedia.org/wiki/Pogromo_de_Estambul
inmigracion,https://www.meneame.net/story/muerto-dos-heridos-tras-ataque-hombre-armado-machete-alemania,2649646,20014089,260,259.0,--518448--,2016-07-25T22:35:55+00:00,0,8,"#259 ¿Será la LOGSE? En mi caso, seguro que no, en el tuyo, no sé. {grin}

Explícate, por favor. Aunque yo no lo haría."
inmigracion,https://www.meneame.net/story/muerto-dos-heridos-tras-ataque-hombre-armado-machete-alemania,2649646,20014057,259,255.0,--511467--,2016-07-25T22:28:44+00:00,0,8,#255 Estoy viendo entre los meneantes un nivel de comprensión lectora bajísimo. ¿Será la LOGSE?
inmigracion,https://www.meneame.net/story/muerto-dos-heridos-tras-ataque-hombre-armado-machete-alemania,2649646,20013818,258,13.0,zenislev_v,2016-07-25T21:39:25+00:00,4,31,#13 los administradores me recomiendan dejar constancia de que el comentario pretendía ser irónico... Sobre todo para aquellos que han denunciado...
inmigracion,https://www.meneame.net/story/muerto-dos-heridos-tras-ataque-hombre-armado-machete-alemania,2649646,20013410,257,256.0,--510943--,2016-07-25T19:56:52+00:00,0,6,"#256 Fallo mío. Quería decir inmigrantes musulmanes y sus descendientes. Sí, los terroristas de Francia y Bélgica eran 'europeos', pero descendientes de los inmigrantes que entraron en los 70 y los 80 en esos países. Dentro de unos años tendremos que lidiar con los descendientes de los cientos de miles de inmigrantes que estamos dejando entrar tan alegremente a Europa, que se sentirán poco integrados y nos culparán a nosotros de ello {palm} 

No es nuestro problema que sus países sean estados fallidos. Qué puta manía de querer adoptar a todos los inmigrantes solo porque nuestros países son mejores que lo suyos. La mayoría de los países donde 'triunfó' la Primavera Árabe eligieron gobiernos religiosos o de ultraconservadores en las elecciones. Pues normal que pasara lo que pasara.

Y no estoy hablando de cerrar las fronteras, solo de ser selectivos a la hora de dejar entrar inmigrantes y, obviamente, guardarse el derecho de echarlos de Europa a la primera sospecha de que la van liar."
inmigracion,https://www.meneame.net/story/muerto-dos-heridos-tras-ataque-hombre-armado-machete-alemania,2649646,20013207,256,253.0,powernergia,2016-07-25T19:07:24+00:00,2,25,"#253 Ni se si te has dado cuenta, pero la mayor parte de los terroristas (con diferencia), son ciudadanos europeos, así que esto que pones: ""En los últimos años los únicos terroristas son inmigrantes musulmanes"" Estamos hablando de ""inmigrantes"" que huyen del mismo terrorismo que tu, y que lo sufren en sus países en mucha mayor medida que tu.

Y estamos hablando de un terrorismo multiplicado gracias s las intervenciones occidentales.

Como ves son varios combos a tener en cuenta, de un asunto mucho mas complicado, de lo que algunos simples quieren hacer ver.

Y por supuesto no minimizó nada, simplemente no corro en círculos con las manos en la cabeza coreando consignas simplonas del tipo:

 ""cerremos las fronteras"" o el ""prohibamos las mezquitas""."
inmigracion,https://www.meneame.net/story/muerto-dos-heridos-tras-ataque-hombre-armado-machete-alemania,2649646,20013154,255,254.0,--518448--,2016-07-25T18:56:12+00:00,0,8,"#254 Si se reacciona a tiempo Ya es tarde. es posible que los policorrectos se cansen de decir tonterías No sé quienes son esos, pero tú dices a porrillo. primer millón de muertos {palm}

El fuego no se combate con fuego.

Y no me preguntes qué haría, porque lo que haría, no sólo en este tema, no te iba a gustar."
inmigracion,https://www.meneame.net/story/muerto-dos-heridos-tras-ataque-hombre-armado-machete-alemania,2649646,20013137,254,248.0,--511467--,2016-07-25T18:51:56+00:00,0,8,"#248 Para no saber cuantos, sabes que los tendrán Así es.

Si se reacciona a tiempo, no hará falta ninguna guerra. En principio no pinta demasiado mal, pues los musulmanes en Europa son una minoría. Es posible que los policorrectos se cansen de decir tonterías antes del primer millón de muertos. Ya veremos."
inmigracion,https://www.meneame.net/story/muerto-dos-heridos-tras-ataque-hombre-armado-machete-alemania,2649646,20013129,253,229.0,--510943--,2016-07-25T18:49:56+00:00,1,-5,"#229 ¿Y qué me quieres decir con eso? ¿Que como antes había más muertse por terroristas tenemos que darles vía libre a los inmigrantes musulmanes para que sigan entrando y cometiendo atentados? No digas gilipolleces. Antes existía ETA, el IRA, las mafias italiana, etcétera. En los últimos años los únicos terroristas son inmigrantes musulmanes y el fenómeno va empeorando. Obviamente, que estemos aceptando a cientos de miles de inmigrantes de oriente próximo no está ayudando. Ya lo hemos visto este mes: dos refugiados sirios y otro afgano cometiendo atentados por su cuenta."
inmigracion,https://www.meneame.net/story/muerto-dos-heridos-tras-ataque-hombre-armado-machete-alemania,2649646,20012143,252,251.0,powernergia,2016-07-25T15:40:15+00:00,0,11,"#251 No he dicho nada de renunciar a tomar el control.

Mas fácil que la frontera con África no lo vamos a tener, y por ahí entran miles de personas.

El problema son las guerras y la miseria, ahí es donde hay que incidir."
inmigracion,https://www.meneame.net/story/muerto-dos-heridos-tras-ataque-hombre-armado-machete-alemania,2649646,20012070,251,250.0,--493969--,2016-07-25T15:29:16+00:00,0,6,"#250 ""Refugiados políticos, de guerra, económicos, climáticos, van a venir si o si "" Lo siento pero eso es resignarse y renunciar a tomar el control de nuestras fronteras y decidir quién entra y quién no. Espero que occidente reaccione a tiempo y pare esta locura. Es instinto de supervivencia."
inmigracion,https://www.meneame.net/story/muerto-dos-heridos-tras-ataque-hombre-armado-machete-alemania,2649646,20011129,250,249.0,powernergia,2016-07-25T13:00:20+00:00,0,11,"#249 Sin duda pero tres cosas:

Los terroristas que actúan en Europa son mayoritariamente ciudadanos europeos.

Los refugiados que huyen de las zonas de conflicto, de los que una pequeña parte llegan a Europa, se alejan del mismo terrorismo que tenemos aquí.

Refugiados políticos, de guerra, económicos, climáticos, van a venir si o si, en nuestra mano esta organizar eso. Controlarlo y actuar dentro de la ley, lo demás son solo medidas populistas de cara a la galería."
inmigracion,https://www.meneame.net/story/muerto-dos-heridos-tras-ataque-hombre-armado-machete-alemania,2649646,20010217,249,246.0,--493969--,2016-07-25T10:37:30+00:00,0,6,"#246 No todavía no estaba en España; pues yo lo que diría es que si ya es difícil mantener la paz, no hay excusa para traerte problemas también de fuera. En los países árabes es tan difícil mantener la paz que necesitan tiranos que controlen con mano de hierro (es un decir, no estoy a favor de los tiranos).

Pues imagina lo que pasa cuando traes aquí a esa gente."
inmigracion,https://www.meneame.net/story/muerto-dos-heridos-tras-ataque-hombre-armado-machete-alemania,2649646,20009776,248,204.0,--518448--,2016-07-25T09:25:46+00:00,0,8,"#204 Si no sabes y preguntas pero viendo lo que llevamos y con tus 100% de acierto, mierda de pregunta, perdona. Necesitan más asesinatos múltiples. No sé yo cuantos necesitan, pero el número da igual, tendrán todos los que necesiten. Volvemos al no sé. Para no saber cuantos, sabes que los tendrán. {tinfoil}

Entonces no hablaremos, será otro verbo algo más belicoso."
inmigracion,https://www.meneame.net/story/muerto-dos-heridos-tras-ataque-hombre-armado-machete-alemania,2649646,20009592,247,240.0,--212323--,2016-07-25T08:55:47+00:00,1,3,#240 eso se lo cuentas a los que han palmado
inmigracion,https://www.meneame.net/story/muerto-dos-heridos-tras-ataque-hombre-armado-machete-alemania,2649646,20009501,246,245.0,powernergia,2016-07-25T08:40:44+00:00,0,11,"#245 Pues imagineté aquí en los 80 (no se si estabas), cuando teníamos atentados todas las semanas."
inmigracion,https://www.meneame.net/story/muerto-dos-heridos-tras-ataque-hombre-armado-machete-alemania,2649646,20009400,245,244.0,--493969--,2016-07-25T08:30:17+00:00,0,6,#244 Si los veo en la tele todos los días {troll}
inmigracion,https://www.meneame.net/story/muerto-dos-heridos-tras-ataque-hombre-armado-machete-alemania,2649646,20009394,244,243.0,powernergia,2016-07-25T08:29:03+00:00,0,11,#243 Pues ya sabes: Busca los datos que faltan.
inmigracion,https://www.meneame.net/story/muerto-dos-heridos-tras-ataque-hombre-armado-machete-alemania,2649646,20009361,243,201.0,--493969--,2016-07-25T08:23:54+00:00,0,6,#201 Estamos en 2016 no 2014
inmigracion,https://www.meneame.net/story/muerto-dos-heridos-tras-ataque-hombre-armado-machete-alemania,2649646,20009181,242,105.0,genba,2016-07-25T07:56:14+00:00,0,7,"#105 En un documental de un canal de la TV alemana que no es precisamente lo que se dice ""de derechas"" ya lo venían diciendo hace tiempo: https://youtu.be/KVWAIKoatWM (alemán con subtítulos en inglés)

El problema no es sólo que no fueron integrados correctamente (Alemania tiene una larga historia de no saber integrar inmigrantes), sino también que muchos de ellos tampoco quieren integrarse.

Para ellos su cultura y su religión son muy importantes, son parte de su identidad y, sin esa identidad, dejarían de pertenecer a su familia y su comunidad, por lo que no están dispuestos a abandonar su cultura y sus valores. Además de que, cuando la religión entra en juego, estamos hablando de que, si no cumples la religión, vas al infierno, por lo que entonces tienen aun más motivos (y de mayor peso) para no abandonar ciertos valores.

Lo peor de todo es que luego hay personas en Europa que se niegan a ver la realidad: los valores que heredan los inmigrantes provenientes de estas culturas son incompatibles con los valores occidentales. Pero, cuando uno intenta llamar la atención sobre los hechos, lo tachan de ""racista"" y ""xenófobo"". Y precisamente la primera consecuencia de esto es una ""falsa tolerancia"" que está dispuesta a tolerar todo y que es lo que conduce a que no se pongan en marcha los mecanismos de integración adecuados.

Mientras sigamos engañándonos a nosotros mismos con la ""tolerancia total"" y sigamos negando los hechos y los problemas reales, nunca vamos a poder identificar y poner en marcha mecanismos de integración efectivos."
inmigracion,https://www.meneame.net/story/muerto-dos-heridos-tras-ataque-hombre-armado-machete-alemania,2649646,20008739,241,,--427046--,2016-07-25T06:22:11+00:00,0,11,Edit: pa qué.
inmigracion,https://www.meneame.net/story/muerto-dos-heridos-tras-ataque-hombre-armado-machete-alemania,2649646,20008457,240,40.0,--482452--,2016-07-25T02:07:33+00:00,0,7,"#40 Y sin embargo tú no tienes ni un solo negativo, que bien se os da el victimismo."
inmigracion,https://www.meneame.net/story/muerto-dos-heridos-tras-ataque-hombre-armado-machete-alemania,2649646,20008456,239,45.0,--482452--,2016-07-25T02:06:14+00:00,1,0,"#45 """"""Aporta que los medios ocultan información, que es relevante.""""""

Aporta que los medios ocultan información sólo si sirve para alimentar el racismo y el nacionalismo más rancio.
Que los medios ocultan información todos los días pero parece que algunos solo saltan cuando les conviene."
inmigracion,https://www.meneame.net/story/muerto-dos-heridos-tras-ataque-hombre-armado-machete-alemania,2649646,20008317,238,222.0,--519606--,2016-07-25T00:46:19+00:00,1,5,"#222 En efecto, pero muchos de esos refugiados no se quedan en los refugios más cercanos, sino que se convierten en inmigrantes.

No buscan escapar de la guerra solamente, sino que deliberadamente se mueven al país que les da más cosas gratis y exigen más sin dar una mierda a cambio.

Mira los ""refugiados"" en Occidente. Son muchachos que han abandonado a sus mujeres e hijos en en sus países de guerra y refugios turcos donde pueden ser violadas. Los que menos refugios necesitan, los jóvenes varones saludables, son los que menos refugio necesitan y menos vulnerables estan. Eso no es justo."
inmigracion,https://www.meneame.net/story/muerto-dos-heridos-tras-ataque-hombre-armado-machete-alemania,2649646,20008023,237,228.0,--125581--,2016-07-24T22:54:40+00:00,0,10,"#228 Igual el que estuviesen SEGREGADOS con educación de peor calidad y linchados por el KKK hace que tus descendientes vivan PUTEADOS si buscan que a su familia NO LA LINCHEN, lo segundo un trabajo para que COMAN y luego SI ACASO, poder ESTUDIAR. No sé, por hablar con coherencia, puto racista de los cojones."
inmigracion,https://www.meneame.net/story/muerto-dos-heridos-tras-ataque-hombre-armado-machete-alemania,2649646,20008015,236,,--125581--,2016-07-24T22:53:25+00:00,0,10,"El ataque no ha sido terrorista, si no una disputa interna.
https://www.reddit.com/r/worldnews/comments/4udpx9/machete_attacker_kills_one_wounds_two_in_germany/?sort=top"
inmigracion,https://www.meneame.net/story/muerto-dos-heridos-tras-ataque-hombre-armado-machete-alemania,2649646,20008006,235,184.0,par,2016-07-24T22:51:09+00:00,0,6,"#184 Has actuado alguna vez porque un español, o un catolico, haya cometido un crimen en otro pais? Actuan los españoles emigrantes cuando otro español actua violentamente en el pais donde estan? Somos complices por no hacerlo?

Y por cierto, los musulmanes si que se manifiestan cuando hay atentados. Un ejemplo:

http://www.europapress.es/internacional/noticia-miles-musulmanes-manifiestan-contra-atentados-terroristas-20151115094930.html

Y hay mas, si es que realmente te interesa. Creo que generalizando como haceis (incluso cuando pasa una desgracia como el crimen de esta noticia) haceis un favor a los radicales, en los dos lados."
inmigracion,https://www.meneame.net/story/muerto-dos-heridos-tras-ataque-hombre-armado-machete-alemania,2649646,20007993,234,232.0,Socavador,2016-07-24T22:48:24+00:00,0,11,"#232 Jajaja, disculpa que me ría. ¿Me quedó sin argumentos?

Una familia que nace pobre, en un país pobre, sin acceso a educación, se va a pudrir pobre e ignorante y de ahí puede surgir la violencia fácilmente. Pero, si se proporcionan educación y herramientas a estas personas, generación tras generación irán avanzado hasta encontrar prosperidad. Es bastante lógico  llegar a este razonamiento si no eres un racista."
inmigracion,https://www.meneame.net/story/muerto-dos-heridos-tras-ataque-hombre-armado-machete-alemania,2649646,20007962,233,231.0,turmix77,2016-07-24T22:40:53+00:00,0,10,"#231 A eso me refiero, habrá gente a la que le parezca que esas muertes tienen más causas que el machismo, pero sin embargo se les da un tratamiento diferenciado porque parece que hay un nexo de unión.
Lo mismo pasa si eres musulmán viviendo en Europa y te lías a tiros en un supermercado o a machetazos en un tren, que la gente entenderá que hay un nexo común entre esas acciones y otras similares y las juzgará como tal.

Ya ves que cada cual pone el saco aglutinador donde le parece, ya sea el heteropatriarcado o sea el Islam en conflicto con occidente."
inmigracion,https://www.meneame.net/story/muerto-dos-heridos-tras-ataque-hombre-armado-machete-alemania,2649646,20007945,232,230.0,--493969--,2016-07-24T22:37:33+00:00,0,7,"#230 Pues nada, el poder adquisitivo según tú no tiene que ver nada con la inteligencia. Ha sido un placer la charla pero te quedas sin argumentos y ya aburres. Bueno un saludo."
inmigracion,https://www.meneame.net/story/muerto-dos-heridos-tras-ataque-hombre-armado-machete-alemania,2649646,20007933,231,224.0,nilien,2016-07-24T22:35:34+00:00,0,12,"#224 Es que la causa de esas muertes es el machismo, y por eso se le da relevancia; y aunque el autor sea un hombre, no todos los hombres que asesinan lo hacen por machismo, ni todos los hombres son asesinos.

Lo mismo con los refugiados. Que un refugiado musulmán asesine no implica automáticamente que lo haga debido al islamismo; puede ser por una deuda, una discusión, venganza familiar, locura o incluso por machismo. Y que un refugiado asesine tampoco implica que todos los refugiados sean unos criminales. Entre ellos habrá criminales, pero serán una minoría.

No me parece tan difícil de entender, la verdad..."
inmigracion,https://www.meneame.net/story/muerto-dos-heridos-tras-ataque-hombre-armado-machete-alemania,2649646,20007931,230,228.0,Socavador,2016-07-24T22:35:25+00:00,0,11,"#228 No, no, no me pases cosas de racistas, gracias.

No es necesario hacer una búsqueda muy exhaustiva (te animo a ello) para ver qué el poder adquisitivo de los asiáticos ya es mayor que el de los blancos. Quién disponga de mayor nivel adquisitivo en países con ese tipo de sistema capitalista va a recibir mejor educación. Y sí, lo que dices es muy xenófobo, aunque te fastidie es lo que es."
inmigracion,https://www.meneame.net/story/muerto-dos-heridos-tras-ataque-hombre-armado-machete-alemania,2649646,20007912,229,202.0,powernergia,2016-07-24T22:30:32+00:00,0,11,"#202 Espero tus cifras.

Solo en la España de 1980 tuvimos casi 100 muertos, y aquí también hace 11 años 190 muerto en el 11M."
inmigracion,https://www.meneame.net/story/muerto-dos-heridos-tras-ataque-hombre-armado-machete-alemania,2649646,20007897,228,227.0,--493969--,2016-07-24T22:26:55+00:00,0,7,"#227 ¿Tienes datos que confirmen que las condiciones de los asiáticos en EEUU son mejores que la de los blancos? ¿Los blancos disponen de peor educación que los asiáticos en ese país?
¿Sabías que las diferencias se mantienen incluso pasadas varias generaciones? http://delong.typepad.com/pdf-1.pdf

¿Sabías que los negros tienen en mayor proporción lo que se llama ""el gen guerrero""? (ya te pasaré el estudio otro día) http://www.agenciasinc.es/Noticias/El-gen-del-guerrero-hace-a-sus-portadores-mas-propensos-al-crimen-violento"
inmigracion,https://www.meneame.net/story/muerto-dos-heridos-tras-ataque-hombre-armado-machete-alemania,2649646,20007875,227,225.0,Socavador,2016-07-24T22:20:25+00:00,0,11,"#225 Totalmente racista.

Evidentemente cuanto menos recursos peor educación y mayor descalabro social. Si los negros de EEUU tuviesen igualdad de oportunidades esos datos serían muy distintos. De ahí que el problema radique en la educación y no en una cuestión genética. Achacarlo a la cuestión racial es directamente xenofobia de la buena."
inmigracion,https://www.meneame.net/story/muerto-dos-heridos-tras-ataque-hombre-armado-machete-alemania,2649646,20007854,226,215.0,--493969--,2016-07-24T22:16:27+00:00,0,7,"#215 Irán http://www.unitedexplanations.org/2016/06/16/purga-social-y-cultural-en-iran-la-cuestion-bahai/ Irak http://www.liberalismo.org/articulo/139/56/kurdos/gas/ Egipto https://www.amnesty.org/es/press-releases/2014/06/condenas-muerte-egipto-nueva-purga-contra-oposicion/ Marruecos http://www.religionenlibertad.com/marruecos-continua-su-purga-de-cristianos-extranjeros-9639.htm Indonesia http://www.abc.es/internacional/abci-matanzas-anos-60-indonesia-reabren-heridas-201607230330_noticia.html

Tengo sueño ya buscaré más cosas otro día, jejeje."
inmigracion,https://www.meneame.net/story/muerto-dos-heridos-tras-ataque-hombre-armado-machete-alemania,2649646,20007850,225,223.0,--493969--,2016-07-24T22:15:29+00:00,0,7,"#223 Verás, no se mide las políticas de ningún gobierno, sólo al habitante medio. Y no es ninguna casualidad que países tercermundistas tengan una educación tercermundista.
Pero es curioso porque en EEUU los asiáticos del Este (chinos, coreanos) tienen la tasa más baja de delincuencia. Luego están los blancos, luego los hispanos, y los que más los negros. Y todo ello se corresponde con su ranking en (CI). Curioso, ¿verdad?."
inmigracion,https://www.meneame.net/story/muerto-dos-heridos-tras-ataque-hombre-armado-machete-alemania,2649646,20007847,224,70.0,turmix77,2016-07-24T22:14:21+00:00,1,13,"#70 ""Pues no, la realidad es que se le da bombo a los crímenes que conviene"" En España hay unos 400 asesinatos al año, y ya ves, todos hablando de los 40 o 50 muertes causadas por hombres a sus parejas o exparejas."
inmigracion,https://www.meneame.net/story/muerto-dos-heridos-tras-ataque-hombre-armado-machete-alemania,2649646,20007814,223,221.0,Socavador,2016-07-24T22:06:46+00:00,0,11,"#221 Ya ves... Corea del Norte entre los países más altos (según La Vanguardia). EEUU y Rusia, los dos países más beligerantes del mundo ahí arriba.... pero vaya, lo tuyo no es racismo. Lo realmente curioso es que coincida que los países con CI  más bajo tienen unos sistemas educativos ponzoñosos y casi inexistentes. Eso sí es un dato a tener en cuenta."
inmigracion,https://www.meneame.net/story/muerto-dos-heridos-tras-ataque-hombre-armado-machete-alemania,2649646,20007811,222,105.0,UlisesRey,2016-07-24T22:05:49+00:00,0,9,"#105 No estamos metiendo indiscriminadamente a personas que no comparten esos valores que tu llamas Occidentales. Estamos permitiendo la entrada de algunos refugiados, gente que huye de una guerra, cuyos responsables son al menos en parte estados occidentales.

De quien es responsabilidad que no se integraran correctamente?"
inmigracion,https://www.meneame.net/story/muerto-dos-heridos-tras-ataque-hombre-armado-machete-alemania,2649646,20007775,221,218.0,--493969--,2016-07-24T21:58:53+00:00,0,7,"#218 No es racismo, lo digo en serio. Ya quisiera yo que todo en mundo fuera igual al nacer pero eso no se cumple y no es científico: 

http://www.lavanguardia.com/vangdata/20160520/401924557016/paises-inteligencia-ci.html

https://es.wikipedia.org/wiki/IQ_and_the_Wealth_of_Nations"
inmigracion,https://www.meneame.net/story/muerto-dos-heridos-tras-ataque-hombre-armado-machete-alemania,2649646,20007774,220,121.0,--503217--,2016-07-24T21:58:45+00:00,0,9,#121 https://www.youtube.com/watch?v=moaVChR_E5M {grin} {grin} {grin}
inmigracion,https://www.meneame.net/story/muerto-dos-heridos-tras-ataque-hombre-armado-machete-alemania,2649646,20007754,219,73.0,--503217--,2016-07-24T21:54:16+00:00,0,9,#73 Keep calm... Son redactores de diarios filorracistas. Por aquí hay muchos.
inmigracion,https://www.meneame.net/story/muerto-dos-heridos-tras-ataque-hombre-armado-machete-alemania,2649646,20007744,218,171.0,Socavador,2016-07-24T21:52:57+00:00,0,11,#171 Premio al comentario racista del día.
inmigracion,https://www.meneame.net/story/muerto-dos-heridos-tras-ataque-hombre-armado-machete-alemania,2649646,20007734,217,165.0,--143623--,2016-07-24T21:50:27+00:00,2,28,"#165 Es muy complicado lo que dices, y no estoy seguro de que #141 lo vaya a entender. Ya he dicho en otro comentario que deportar a tal sujeto, como otros sugieren, es un error, porque no tiene nada que ver el tener una conducta violenta con huir de la guerra. Puedes ser un misógino, una persona que se enciende facilmente, y aún así tener pavor a las bombas que caen en la puerta de tu casa o a que un radical se inmole en el supermercado mientras estás haciendo la compra. Eso no quita que no se pueda criticar la política de refugiados porque, una vez más, y como se está demostrando según avanza la noticia, se trata de un caso de violencia machista alimentado por el concepto que tiene el Islam sobre la mujer.

En otras palabras, que no es ni el odio xenófobo que se puede prejuzgar con menear la noticia ni la crítica barata a un asesino por su religión. La cuestión es: cómo tratar con personas que están tan alejadas de nuestros ""valores occidentales"" y que al mismo tiempo son completamente estimables como refugiados políticos."
inmigracion,https://www.meneame.net/story/muerto-dos-heridos-tras-ataque-hombre-armado-machete-alemania,2649646,20007729,216,141.0,--481613--,2016-07-24T21:49:01+00:00,0,8,"#141 Pobrecito asesino. Parece que te da mas pena que la mujer embarazada que ha sido asesinada hoy.
Aqui lo que esta quedando claro es que no es posible la convivencia entre dos culturas que chocan tan radicalmente. Los fulanos estos vienen de paises donde pueden hacer lo que quieran con las mujeres, que son consideradas casi menos que animales. Donde si se les atraganta el vecino, pueden acusarle de haber quemado cierto libro y la turba ira a lincharlo hasta la muerte, etc, etc. Simplemente es un coctel de violencia explosivo meter a esos elementos en un pais civilizado: tipos que vienen a empezar de cero en Europa y se ponen a trabajar en un kebab o de limpiadores en una oficina. Que es lo que van a pensar cuando vean a mujeres en puestos de direccion mientras ellos tienen que andar fregando los suelos? Que va a pasar cuando les guste una colega, como ha sido el caso hoy, y les de calabazas? Pues que acabaran haciendo lo que ven natural, que es ""desquitarse"". No podemos seguir importando gente que viene de esas culturas diametralmente opuestas a nuestros valores, es un suicidio y una receta segura para violencia generalizada en el futuro. Es absurdo pensar que tipos que vienen de sitios donde se ve normal apedrear a gente hasta la muerte o cortarles la mano por robar van a cambiar mágicamente su forma de pensar al cruzar las fronteras europeas."
inmigracion,https://www.meneame.net/story/muerto-dos-heridos-tras-ataque-hombre-armado-machete-alemania,2649646,20007721,215,213.0,--75126--,2016-07-24T21:46:13+00:00,0,10,"#213 Qué lleva con ese porcentaje de musulmanes desde siempre. Otra vez, poniendo énfasis en lo anecdótico."
inmigracion,https://www.meneame.net/story/muerto-dos-heridos-tras-ataque-hombre-armado-machete-alemania,2649646,20007714,214,158.0,--140519--,2016-07-24T21:44:16+00:00,2,14,#158 |buambusub
inmigracion,https://www.meneame.net/story/muerto-dos-heridos-tras-ataque-hombre-armado-machete-alemania,2649646,20007697,213,212.0,--493969--,2016-07-24T21:41:51+00:00,0,7,#212 Mira no tengo tiempo de mirar todos los países pero es gracioso porque en esa lista está incluida Turquía: http://www.elcomercio.es/internacional/201607/23/erdogan-amplia-periodo-arresto-20160723122408-rc.html
inmigracion,https://www.meneame.net/story/muerto-dos-heridos-tras-ataque-hombre-armado-machete-alemania,2649646,20007676,212,209.0,--75126--,2016-07-24T21:37:30+00:00,0,10,"#209 Dime tú en qué países se cumple esta parte: Por encima de 80% aparecen purgas y ejecuciones dirigidas desde el estado.
Bangladesh - musulmanes 83%
Egipto - musulmanes 90%
Gaza - musulmana 98,7%
Indonesia - musulmana 86,1%
Irán - musulmanes 98%
Irak - musulmanes 97%
Jordan - musulmanes 92%
Marruecos - musulmana 98,7%
Siria - musulmanes 90%
Tayikistán - musulmanes 90%
Turquía - musulmana 99,8%
Emiratos Árabes Unidos - 96% musulmanes"
inmigracion,https://www.meneame.net/story/muerto-dos-heridos-tras-ataque-hombre-armado-machete-alemania,2649646,20007673,211,202.0,avalancha971,2016-07-24T21:37:10+00:00,0,6,"#202 Alemania intenso? El avión se estrelló en suelo francés, y es muy discutible considerarlo atentado."
inmigracion,https://www.meneame.net/story/muerto-dos-heridos-tras-ataque-hombre-armado-machete-alemania,2649646,20007668,210,76.0,dyc,2016-07-24T21:36:22+00:00,0,10,#76 EMBARAZADA. ESTABA EMBARAZADA
inmigracion,https://www.meneame.net/story/muerto-dos-heridos-tras-ataque-hombre-armado-machete-alemania,2649646,20007646,209,208.0,--493969--,2016-07-24T21:31:29+00:00,0,7,"#208 No dices en qué países no se cumple, pero en todo caso te recomiendo leer el libro entero. No esperarás obtener toda la información de un simple fragmento {ffu}"
inmigracion,https://www.meneame.net/story/muerto-dos-heridos-tras-ataque-hombre-armado-machete-alemania,2649646,20007638,208,206.0,--75126--,2016-07-24T21:29:31+00:00,0,10,"#206 Si estableces una norma no puedes decir que funciona basándote en excepciones, habrá países en los que se cumple pero en la mayoría de los que se nombran no se cumple con lo que la teoría se va a la mierda."
inmigracion,https://www.meneame.net/story/muerto-dos-heridos-tras-ataque-hombre-armado-machete-alemania,2649646,20007627,207,181.0,dyc,2016-07-24T21:28:37+00:00,0,10,#181 hay que reconocer que los que vienen la lian parda con bastante frecuencia y lo ponen facil...
inmigracion,https://www.meneame.net/story/muerto-dos-heridos-tras-ataque-hombre-armado-machete-alemania,2649646,20007615,206,197.0,--493969--,2016-07-24T21:26:54+00:00,0,7,"#197 No sé a qué países te refieres pero estas cosas pasan:

http://www.europapress.es/andalucia/noticia-comision-islamica-pide-garantice-alimentacion-halal-colegios-alumnos-musulmanes-20141219133121.html

http://www.telegraph.co.uk/news/worldnews/europe/france/11352268/What-is-going-wrong-in-Frances-prisons.html

http://okdiario.com/internacional/2015/12/05/boko-haram-provoca-una-nueva-matanza-en-un-mercado-del-lago-chad-33912"
inmigracion,https://www.meneame.net/story/muerto-dos-heridos-tras-ataque-hombre-armado-machete-alemania,2649646,20007587,205,181.0,--511467--,2016-07-24T21:21:29+00:00,0,7,"#181 Menéame no es representativo. Si España fuera menéame, el PP no habría sacado ni un solo diputado. El cambio todavía no ha llegado."
inmigracion,https://www.meneame.net/story/muerto-dos-heridos-tras-ataque-hombre-armado-machete-alemania,2649646,20007568,204,6.0,--511467--,2016-07-24T21:19:23+00:00,0,7,"#6 Claro que no sé si es musulman hasta que lo digan. Por eso que yo solo lo pregunto. Pero llevamos ya un tiempo en que día sí día también aparece un musulmán matando gente. Eso lo hacen por causas de lo más variadas, que si por religión, que si por estar loco, que si por amor no correspondido... está claro que las causas son lo de menos. La constante aquí es un musulmán matando a otros.

Cada vez que aparece un asesinato múltiple yo aventuro que el autor es musulmán. Hasta ahora con un 100% de aciertos.

Está claro que para los políticamente correctos aquí no hay ningún problema de fondo que solucionar. Que si son casos aislados, que si hay que colaborar con los paises musulmanes, que si tal y cual. Vale. Me vale. No están convencidos, pero ya lo estarán. Necesitan más asesinatos múltiples. No sé yo cuantos necesitan, pero el número da igual, tendrán todos los que necesiten.

Entonces, volveremos a hablar."
inmigracion,https://www.meneame.net/story/muerto-dos-heridos-tras-ataque-hombre-armado-machete-alemania,2649646,20007538,203,9.0,barros1988,2016-07-24T21:13:59+00:00,0,6,"#9 hay una noticia en portada de tve que no emitio una agresion a una reportera, pero decir que el agresor es un refugiado sobra...."
inmigracion,https://www.meneame.net/story/muerto-dos-heridos-tras-ataque-hombre-armado-machete-alemania,2649646,20007533,202,201.0,--510943--,2016-07-24T21:12:57+00:00,0,7,"#201 Eso llega hasta 2014. Para hablar de perspectiva te dejas los dos años más intensos: París, Bélgica, Alemania, Niza..."
inmigracion,https://www.meneame.net/story/muerto-dos-heridos-tras-ataque-hombre-armado-machete-alemania,2649646,20007519,201,200.0,powernergia,2016-07-24T21:10:40+00:00,5,22,#200 Un poco de perspectiva:
inmigracion,https://www.meneame.net/story/muerto-dos-heridos-tras-ataque-hombre-armado-machete-alemania,2649646,20007511,200,17.0,--510943--,2016-07-24T21:08:54+00:00,1,15,"#17 Claro, que en la última semana haya habido más de 90 asesinados por musulmanes, inmigrantes o hijos de ellos, es culpa de la campaña del miedo {palm}"
inmigracion,https://www.meneame.net/story/muerto-dos-heridos-tras-ataque-hombre-armado-machete-alemania,2649646,20007470,199,197.0,GeoX,2016-07-24T21:01:43+00:00,0,11,"#197 Ya, es que es para asustar."
inmigracion,https://www.meneame.net/story/muerto-dos-heridos-tras-ataque-hombre-armado-machete-alemania,2649646,20007450,198,,--517338--,2016-07-24T20:59:39+00:00,2,-17,"La patulea podemita y progre soltando sandeces cómo de costumbre 

Este tipo de actos son noticia y despiertan suspicacias porque estamos en el contexto que estamos,  de sensación de alarma y miedo permanentes,  motivados  por la cadena de atentados en países europeos cometidos por gente de etnia árabe en los últimos tiempos, y en el que una de sus formas es la de ""el lobo solitario"",que además ataca a veces con un arma blanca.
Por eso,  hace 8 o 10 años,  este acto apenas hubiera tenido trascendencia y tampoco se hubiera prestado atención a la etnia de su autor y hoy si ocurren ambas cosas."
inmigracion,https://www.meneame.net/story/muerto-dos-heridos-tras-ataque-hombre-armado-machete-alemania,2649646,20007394,197,182.0,--75126--,2016-07-24T20:49:46+00:00,1,13,#182 Pues en la mayoría de los países que se nombran no pasa nada de eso.
inmigracion,https://www.meneame.net/story/muerto-dos-heridos-tras-ataque-hombre-armado-machete-alemania,2649646,20007332,196,55.0,--423154--,2016-07-24T20:37:39+00:00,0,7,"#55 No es que sea Yihadista o no. Es ser un refugiado llegado por el efecto llamada de Merkel. Donde se colaron asesinos, ladrones y violadores perseguidos por el país de origen. Si eres sirio y te perseguían las autoridades sirias era lo único necesario para tener el estatus de refugiados dando por hecho que los antecedentes de los que les acusaban eran falsos."
inmigracion,https://www.meneame.net/story/muerto-dos-heridos-tras-ataque-hombre-armado-machete-alemania,2649646,20007307,195,110.0,sisko69,2016-07-24T20:31:51+00:00,0,7,#110 Hay un problema con las religiones en general. Por estadistica es mas facil que viole a mis hijas un cura...
inmigracion,https://www.meneame.net/story/muerto-dos-heridos-tras-ataque-hombre-armado-machete-alemania,2649646,20007278,194,101.0,--152779--,2016-07-24T20:25:47+00:00,0,13,"#101 No hace falta ser moro, yo no lo soy. Pero tengo algo muy claro, si lo ha hecho un yihadista veo perfecto que se le atribuya, si lo ha hecho uno del isis también, pero... si lo ha hecho un chaval por motivaciones psicológicas, o un ""criminal habitual"" en venganza por un negocio que salio mal o rencilla ya no. (Por que no son lo mismo y las decisiones a tomar para solucionarlo tampoco)

Mas cuando estas cosas no solo llevan a tomar medidas xenofobas, etc, tambien llevan a meterse en guerras a que mueran miles de personas y a posteriores futuras represalias aun mayores. Que no pagan ni los terroristas ni los gobiernos que nos meten en ellas sino normalmente los mas debiles. Y yo no estoy dispuesto a que metan por ejemplo a España en una guerra por una puta mentira (Como ya paso) . ¿Lo pillas?"
inmigracion,https://www.meneame.net/story/muerto-dos-heridos-tras-ataque-hombre-armado-machete-alemania,2649646,20007261,193,22.0,--143623--,2016-07-24T20:23:05+00:00,1,26,"#22 Leyendo fuentes alemanas, parece ser que se trata de una riña por haberle rechazado la mujer, así que tendríamos un dos por uno: machismo inherente al Islam y violencia de género, pero nada de yihadismo. También parece ser que tenía antecedentes por conducta violenta, lo que tampoco es un motivo para haberlo deportado como sugieren por ahí (a ver si va a resultar que la gente violenta quiere una guerra en la puerta de su casa)."
inmigracion,https://www.meneame.net/story/muerto-dos-heridos-tras-ataque-hombre-armado-machete-alemania,2649646,20007226,192,7.0,--152779--,2016-07-24T20:17:15+00:00,0,13,"#7 ¿Tan mala era la comida? Joder yo suelo cambiar de restaurante, no cargarme al dueño o clientes..."
inmigracion,https://www.meneame.net/story/muerto-dos-heridos-tras-ataque-hombre-armado-machete-alemania,2649646,20007203,191,123.0,--152779--,2016-07-24T20:14:10+00:00,1,22,"#123 Si los medios te plantaran en la cara los ataques diarios con armas de fuego, etc, de EUU no te daba tiempo a leerlos. ¿Cuantos son terroristas de verdad? ¿Y cuantos broncas, asaltos, etc?

Aun no se sabe que ha pasado ni quien es... aparte de que estas mezclando casos que no tienen nada que ver. ¿Que tal si esperamos unas horas o mejor 1 o 2 dias hasta que la prensa, etc, se aclare?"
inmigracion,https://www.meneame.net/story/muerto-dos-heridos-tras-ataque-hombre-armado-machete-alemania,2649646,20007157,190,68.0,hutter,2016-07-24T20:05:47+00:00,3,29,"#68 Tienes un criterio muy gracioso.

Esta te parecía tan irrelevante como para votarla negativo: https://www.meneame.net/story/imam-afirmo-orlando-gays-deben-morir-eng
Y esta te parecía tan relevante como para menearla: https://www.meneame.net/story/iglesia-bautista-westboro-celebra-masacre-orlando

Esta te parecía tan irrelevante como para votarla negativo: https://www.meneame.net/story/estado-islamico-reivindica-atentado-orlando
Y esta te parecía tan relevante como para menearla: https://www.meneame.net/story/asesino-orlando-era-habitual-club-gay-ataco-usaba-multiples-gays"
inmigracion,https://www.meneame.net/story/muerto-dos-heridos-tras-ataque-hombre-armado-machete-alemania,2649646,20007152,189,,--209417--,2016-07-24T20:05:13+00:00,0,7,"Tomad, otro atentado terrorista, a donde vamos a llegar: http://www.elmundo.es/madrid/2016/07/21/5790da9f268e3e1a238b466a.html"
inmigracion,https://www.meneame.net/story/muerto-dos-heridos-tras-ataque-hombre-armado-machete-alemania,2649646,20007137,188,,adrivict,2016-07-24T20:02:10+00:00,0,9,"En RTVE habrán dicho unas 90 veces que era un ""refugiado sirio""."
inmigracion,https://www.meneame.net/story/muerto-dos-heridos-tras-ataque-hombre-armado-machete-alemania,2649646,20007133,187,25.0,--209417--,2016-07-24T20:00:42+00:00,0,7,#25 Conocía a la víctima y trabajaba con ella. Eso también es un hecho y que indica otra cosa a las que se están sugiriendo aquí.
inmigracion,https://www.meneame.net/story/muerto-dos-heridos-tras-ataque-hombre-armado-machete-alemania,2649646,20007091,186,68.0,landaburu,2016-07-24T19:49:27+00:00,3,30,"#68 Nuevo nivel de demagogia. Felicidades, te vas superando"
inmigracion,https://www.meneame.net/story/muerto-dos-heridos-tras-ataque-hombre-armado-machete-alemania,2649646,20007043,185,154.0,borteixo,2016-07-24T19:36:22+00:00,0,11,#154 MACHETEEE
inmigracion,https://www.meneame.net/story/muerto-dos-heridos-tras-ataque-hombre-armado-machete-alemania,2649646,20007015,184,176.0,--517726--,2016-07-24T19:29:03+00:00,0,15,"#176 No he visto el atentado de españoles a hachazos con los súbditos ingleses ni bombas ni nada.

 Los musulmanes tienen un problema fortísimo, y ellos deben actuar.

De lo contrario, para muchos, son cómplices."
inmigracion,https://www.meneame.net/story/muerto-dos-heridos-tras-ataque-hombre-armado-machete-alemania,2649646,20006999,183,4.0,enrii.bc,2016-07-24T19:25:25+00:00,1,19,#4 si lo dice.Puedes probar a leer la noticia
inmigracion,https://www.meneame.net/story/muerto-dos-heridos-tras-ataque-hombre-armado-machete-alemania,2649646,20006996,182,1.0,--493969--,2016-07-24T19:25:00+00:00,19,21,"#1 Fases y los efectos de la islamización:
El siguiente artículo proviene del libro del dr. Peter Hammond: La esclavitud, el terrorismo y el Islam: las raíces históricas y amenaza contemporánea:
El Islam es ni una religión ni una secta - es un régimen  pleno y completo.
El Islam tiene componentes religiosos, políticos, económicos y militares.El componente religioso es la base de todos los demás componentes. La Islamización se produce cuando en un país hay suficientes musulmanes que hayan comenzado a exigir sus llamados ""derechos religiosos."" Cuando la sociedad políticamente correcta y multicultural accede a una demanda musulmanes ""razonable"" de sus ""derechos religiosos"", de manera silenciosa pasa a los otros componentes. Así es como funciona (en porcentajes de la CIA - The World Fact Book (2007)).
Mientras la población musulmana se mantiene en torno al 1%, son percibidos como una minoría amante de la paz. En artículos de periódicos, películas pusieron de relieve su diferencia de color:
EE.UU. - musulmanes 1,0%
Australia - musulmanes 1,5%
Canadá - musulmanes 1,9%
China - el musulmán 1% -2%
Italia - musulmanes 1,5%
Noruega - musulmanes 1,8%
En el intervalo de 2% a 3% de los musulmanes comienzan a diferenciarse de otras minorías. Comienzan a ser visible como miembros de bandas callejeras y cárceles. No son los primeros signos de abuso de la asistencia social.
Dinamarca - musulmana 2%
Alemania - musulmanes 3,7%
REINO UNIDO. Bretaña - musulmanes 2,7%
España - musulmana 4%
Tailandia - musulmanes 4,6%
Por encima de 5% comienza a ser (desproporcionada a su número) fuerte impacto notable en la sociedad. Ellos están presionando para la introducción de halal (limpios. Normas islámicas), por lo que se fuerza la aparición de un gran número de puestos de trabajo para los musulmanes. Hay una serie de peticiones a las cadenas de distribución para introducir el alimento en el mercado, a menudo reforzada por amenazas.
Francia - musulmana 8%
Filipinas - musulmana 5%
Suecia - musulmana 5%
Suiza - musulmanes 4,3%
Países Bajos - musulmanes 5,5%
Trinidad y Tobago - musulmanes 5,8%
Más del 10% del gobierno estatal se ve obligado a reconocer su derecho a los tribunales o por Sharii. Ley islámica. En última instancia, el Islam busca asegurar que todo el mundo obedece la ley sharia. El fuerte aumento de la ilegalidad, hay guetos musulmanes, donde las patrullas de policía armados, incluso no se atreven a entrar. El gobierno comienza a perder el control de la situación. Cualquier excusa podría dar lugar a disturbios, fumando coches y los ataques a los no musulmanes.
Guyana - musulmanes 10%
India - musulmana 13,4%
Israel - los musulmanes 16%
Kenia - musulmanes 10%
Rusia - musulmanes 10-15%
Más del 20% empiezan las demostraciones de poder, incendios de escuelas, hospitales, automóviles, sinagogas e iglesias. La mayoría de los presos son musulmanes. Hasta el momento, el grupo ocasional de yihadistas para-militares están empezando a trabajar a la luz del día, a menudo se destaca en las áreas de residencia musulmanes, las fuerzas de seguridad locales.
Etiopía - musulmana 32,8%
Por encima de 40%, se puede esperar matanzas regulares y ataques terroristas. organizaciones paramilitares se rigen por ciertos sitios. capricho. El trabajo es también el secuestro de la mujer infiel, la violación y la esclavitud todavía latente.
Bosnia - musulmanes 40%
Chad - musulmana 53,1%
Líbano - musulmana 59,7%
Más del 60% ilimitada persecución de infieles, el asesinato en masa de vez en cuando, introdujeron Sharii justo al otro lado del país. Los creyentes están obligados a pagar un impuesto ""de protección"" llamada. Jizja, generalmente solicitado su fortuna. El éxodo masivo de los no musulmanes del país.
Albania - musulmanes 70%
Malasia - musulmana 60,4%
Qatar - musulmana 77,5%
Sudán - musulmanes 70%
Por encima de 80% aparecen purgas y ejecuciones dirigidas desde el estado.
Bangladesh - musulmanes 83%
Egipto - musulmanes 90%
Gaza - musulmana 98,7%
Indonesia - musulmana 86,1%
Irán - musulmanes 98%
Irak - musulmanes 97%
Jordan - musulmanes 92%
Marruecos - musulmana 98,7%
Siria - musulmanes 90%
Tayikistán - musulmanes 90%
Turquía - musulmana 99,8%
Emiratos Árabes Unidos - 96% musulmanes
Cerca de 100% se produce de modo. Habitación musulmana (de ahí el Islam es conocida como la ""religión de la paz"") o ""Dar-es-Salaam,"" que significa ""Casa de la Paz islámica."" Por. doctrina militar del Islam debe ser entonces la paz, porque ellos son todos los musulmanes y no tienen ninguna razón para luchar.
Afganistán - musulmán 100%
Arabia Saudí - musulmán 100%
Somalia - musulmán 100%
Yemen - musulmana 99,9%
Por supuesto, eso no ocurre. Para cumplir con su sed de sangre, los musulmanes comienzan a matarse unos a otros en mutuamente diferentes razones.
""Antes de que yo tenía 9 años, he aprendido el canon básico de la vida árabe Yo contra mi hermano;. Yo y mi hermano contra nuestro padre; mi familia en contra de nuestros primos y el clan; el clan contra la tribu; en contra de la tribu mundo, y todos nosotros contra el infiel ""el libro escritor estadounidense de origen paquistaní - Leon Uris"". el Haj ""
Es bueno recordar que en muchos, muchos países, como Francia, la población musulmana se concentra en guetos, definido por su origen étnico. Los musulmanes no se integran en la sociedad en general. Por lo tanto, la ganancia coloca una influencia mucho mayor que su interés nacional podría sugerir.
Dr.Peter Hammond, Frontpage Revista"
inmigracion,https://www.meneame.net/story/muerto-dos-heridos-tras-ataque-hombre-armado-machete-alemania,2649646,20006991,181,5.0,--83870--,2016-07-24T19:23:46+00:00,3,32,"#5 En el momento de escribir esta respuesta, tu comentario tiene 42 votos y un valor de karma de sólo -5.

Visto de manera objetiva, esto demuestra que este tipo de opiniones cada vez son más aceptadas (o, más probablemente, menos rechazadas). Hace unos meses hubiera recibido tantos negativos que hubiera sido ocultado. Personalmente, no me agrada, pero hay que reconocer que el cambio está sucediendo y Menéame no es ajeno a ello,"
inmigracion,https://www.meneame.net/story/muerto-dos-heridos-tras-ataque-hombre-armado-machete-alemania,2649646,20006990,180,105.0,Ryouga_Ibiki,2016-07-24T19:23:24+00:00,1,16,"#105 Tienes toda la razon pero no es una opinion muy aceptada aqui.

Si determinada gente de una determinada religión o cultura tiene tantos problemas para integrarse en sociedades democráticas con valores completamente diferentes a la de sus países de origen quizá deberíamos de pensar en ayudarlos todo lo posible a mejorar sus condiciones de vida en sus propio pais u otros de su entorno o cultura donde puedan vivir de forma segura y en una cultura que les sea mas cercana.

Esta claro que hay muchos problemas de integracion, no es cuestion de echarle la culpa a nadie sino de arreglar las cosas de la mejor forma para todas las partes."
inmigracion,https://www.meneame.net/story/muerto-dos-heridos-tras-ataque-hombre-armado-machete-alemania,2649646,20006985,179,149.0,--517726--,2016-07-24T19:22:08+00:00,0,15,"#149 Ante todo lo importante es rl respeto, yo por ejemplo respeto tus opiniones ene ste foro aunque no esté de acuerdo.

 Lo malo viene cuando un inmigrante que ha llegado de un país devastado por la guerra en lugar de respetar se lía a machetazos, hachazos, camionetazos, bombazos, balaceras."
inmigracion,https://www.meneame.net/story/muerto-dos-heridos-tras-ataque-hombre-armado-machete-alemania,2649646,20006974,178,68.0,--481613--,2016-07-24T19:20:50+00:00,2,20,"#68 Claro que si. Estoy segura de que estarías encantado si te colocan en el trabajo a unos cuantos refugiados barbudos de estos con pinta de pocos amigos. Asi, cada vez que abras la boca delante de ellos tendras que preguntarte si el tipo no se va a cabrear o te la va a jurar y cualquier dia se le va la olla y viene a la oficina con el machete a darte tu merecido. La vida es mucho mas interesante asi, donde va a parar. 
Me parece sorprendente que considereis que una gente que ha crecido en sitios donde se ven normales los linchamientos hasta muerte va a cruzar las fronteras de Europa y magicamente se va a imbuir de vuestros valores de respeto a la vida humana y a los derechos de los demas. 

Me da la sensacion de que muchos de los que hablais aqui no teneis que convivir con refugiados, que vivan en la puerta de enfrente o trabajen con vosotros. Es muy facil hablar cuando se ven los toros desde la barrera. Si no se toman medidas, se va a crear un clima de miedo y odio en Europa que va a traer muchos problemas. No os dais cuenta de que traernos a toda esa gente lo unico que va a conseguir es que reproduzcan aqui todas esas barbaridades que hacen en sus paises de origen, que hasta ahora solo veiamos en las noticias y ahora nos va a tocar sufrir en nuestras carnes. Yo no les deseo mal, pero la convivencia se esta viendo que va a ser imposible. Deberiamos ayudarles pero fuera, en sus paises de origen. Y a los que estan ya aqui, hay que someterlos a un plan de choque: como es posible por ejemplo que esas mezquitas donde se predican creencias radicales no se hayan cerrado ya?"
inmigracion,https://www.meneame.net/story/muerto-dos-heridos-tras-ataque-hombre-armado-machete-alemania,2649646,20006961,177,150.0,--517726--,2016-07-24T19:18:48+00:00,2,8,"#150 Estábamos platicando del control de la información a raíz del comentario de @Neotobarra2, en concreto por dar un ejemplo del control de la información por parte del Partido Comunista tenemos lo ocurido en Chernobyl. Por poner un ejemplo de como ocultaron una catástrofe a sus propios ciudadanos y al mundo para evitar revelar que el comunismo es sinónimo de ineficacia y retraso en todos los ámbito humanos."
inmigracion,https://www.meneame.net/story/muerto-dos-heridos-tras-ataque-hombre-armado-machete-alemania,2649646,20006950,176,106.0,par,2016-07-24T19:16:56+00:00,2,19,"#106 Tienen que pagar justos por pecadores? Y que pasa con España? Nuestros politicos se han gastado dinero proveniente de EU en sus corruptelas. Y les volemos a votar. Tambien nos deben juzgar a todos los españoles? Y todos los Españoles que van a buscar trabajo a UK, Alemania o donde sea y alli, a pesar de acogerlos, y darles trabajo, y ayudas, muy probablemente habra algunos que roban, o trafican, o son violentos. Es esto normal? Tienen que no dejar entrar a los españoles? O con nosotros no se puede generalizar?"
inmigracion,https://www.meneame.net/story/muerto-dos-heridos-tras-ataque-hombre-armado-machete-alemania,2649646,20006947,175,,--520912--,2016-07-24T19:16:17+00:00,9,-59,Alá.
inmigracion,https://www.meneame.net/story/muerto-dos-heridos-tras-ataque-hombre-armado-machete-alemania,2649646,20006944,174,,frankiegth,2016-07-24T19:15:17+00:00,0,11,"Para #90. La población civil europea no merece ni una muerte más por estos temas. La gente sencilla a pie de calle no ha tomado ni toma ninguna decisión de calado respecto a nada de lo que planteas. 

Si te refieres a algunas multinacionales, a algunas organizaciones y a esos gobernantes europeos y americanos que venden sus programas electorales y luego se los pasan por el forro al menos molestate en indicarlo. (CC #52)"
inmigracion,https://www.meneame.net/story/muerto-dos-heridos-tras-ataque-hombre-armado-machete-alemania,2649646,20006942,173,16.0,ralph,2016-07-24T19:14:35+00:00,0,8,#16 Se lo vota negativo por oportunista... es un viejo conocido de por aquí...
inmigracion,https://www.meneame.net/story/muerto-dos-heridos-tras-ataque-hombre-armado-machete-alemania,2649646,20006920,172,,Remenad0r,2016-07-24T19:11:33+00:00,0,7,"""No creo"", ¿datos? ¿información real? Lo digo porque en TV por las imágenes parece lo contrario. Y bueno, ya ves... violaciones y eso, los medios negándolo, etc."
inmigracion,https://www.meneame.net/story/muerto-dos-heridos-tras-ataque-hombre-armado-machete-alemania,2649646,20006895,171,74.0,--493969--,2016-07-24T19:06:08+00:00,0,7,"#74 Lo siento pero cuanto más bajo el Cociente Intelectual más tendencia a la violencia y a no saber solucionar los conflictos de manera pacífica. Los sirios tienen una puntuación bastante baja en dicho test, y hay diferencias étnicas muy claras en lo que respecta a la inteligencia."
inmigracion,https://www.meneame.net/story/muerto-dos-heridos-tras-ataque-hombre-armado-machete-alemania,2649646,20006893,170,7.0,--518873--,2016-07-24T19:05:11+00:00,0,6,#7 Entonces quizá hay una motivación nacionalista. Sirios y turcos son agua y aceite.
inmigracion,https://www.meneame.net/story/muerto-dos-heridos-tras-ataque-hombre-armado-machete-alemania,2649646,20006887,169,,Keltoras,2016-07-24T19:04:08+00:00,0,6,"Vamos a ver esto no es una cuestión de racismo; es que está entrando en masa gente que viene de una cultura muy diferente. Que sí, que huyen de la guerra y es algo terrible; pero no deja de ser gente con un perfil cultural muy diferente.

La situación ahora mismo es ya muy tensa. Europa está tocada por el miedo y es inevitable. Son aquellos que vienen los que deben esforzarse por mostrarse aptos para integrarse en la sociedad y convertirse en miembros válidos. No podemos seguir defendiendo eso de la carta blanca a los refugiados. Vienen y se les da asilo, pero ellos deben responder al trato del anfitrión. Y ellos, conscientes de cómo está el patio, deben ser los primeros en dar buena imagen y transmitir calma a una población que les comienza a temer.

Si ser refugiado consiste en vengo con mis costumbres y que nadie las toque, puede resultar como poco agresivo. Guste o no, ellos son los invitados y como cualquier invitado tienen que portarse. No valen cartas blancas. 

Una cosa que preocupa, por ejemplo, es eso de que un musulmán no puede delatar a otro musulmán a las fuerzas del orden de un gobierno no-musulmán.

Lo siento pero hay que saber poner unos límites sin miedo a que por ello nos tilden de racistas."
inmigracion,https://www.meneame.net/story/muerto-dos-heridos-tras-ataque-hombre-armado-machete-alemania,2649646,20006886,168,1.0,FISTFITSFIRST,2016-07-24T19:04:06+00:00,6,37,"#1 Hecho aislado de un loco solitario en tratamiento. Nada que ver con el islam. Por favor, no generalicemos.

https://www.thereligionofpeace.com/attacks/attacks.aspx?Yr=2015"
inmigracion,https://www.meneame.net/story/muerto-dos-heridos-tras-ataque-hombre-armado-machete-alemania,2649646,20006881,167,16.0,--77302--,2016-07-24T19:02:50+00:00,4,33,"#16 ese usuario de manera constante hace comentarios de corte xenófobo contrarios a la inmigración proveniente de los paises en conflicto en Oriente Medio. Es lógico entender que su intención es ajena a informar. Por ende o tú lo desconocías o no tienes un ""nivel"" intelectual adecuado para interpretar este aspecto.

Además deberías prestar más atención a la ortografía 

http://www.rae.es/consultas/porque-porque-por-que-por-que"
inmigracion,https://www.meneame.net/story/muerto-dos-heridos-tras-ataque-hombre-armado-machete-alemania,2649646,20006849,166,,--520912--,2016-07-24T18:52:47+00:00,12,-53,refugees welcome.
inmigracion,https://www.meneame.net/story/muerto-dos-heridos-tras-ataque-hombre-armado-machete-alemania,2649646,20006838,165,141.0,tantezo,2016-07-24T18:51:03+00:00,1,15,"#141 Comprendo todo lo que dices, pero vivir todos esos traumas que relatas no justifica actos de tal nivel de barbarie. 

Son muchos los suhsaharianos que huyen de conflictos armados tan crueles como el de Siria, que han recorrido a pie miles de kilómetros siendo victimas de mafias, redes de tráfico de personas y explotación sexual, explotados y abocados a jugarse la vida para llegar a Europa si nada, donde serán discriminados tanto o más que los árabes, incluso también por los propios árabes, y vemos que los actos terroristas o asesinatos y ataques múltiples que han cometido son ninguno. Por lo tanto ese discurso no me sirve. 

Comprendo que no sean ciudadanos ejemplares, que les cueste integrarse y que arrastren costumbres que parezcan, en un primer momento, incompatibles frontalmente con las europeas. Lo que no voy a comprender es que sean asesinos, y que lo sean con aquellas personas que los acogen, dándoles unas condiciones de vida que no habrían ni soñado en sus países. 

Porque estoy muy de acuerdo que ellos no tienen la culpa de nada, que son victimas, pero parece que se te olvida que también son victimas esas personas que iban tranquilamente en el tren o las que paseaban por Niza el 14J o las que ayer compraban en un centro comercial en Múnich. 

Por otra parte, tomar como un ataque a los musulmanes el conjeturar en un primer momento, cuando uno lee este tipo de noticias y con todo lo que está cayendo, que puede tratarse de un ataque terrorista es simplementer pecar de sensible. Simplemente, ante la falta de datos, la gente se aventura a plantear las hipótesis más probables."
inmigracion,https://www.meneame.net/story/muerto-dos-heridos-tras-ataque-hombre-armado-machete-alemania,2649646,20006833,164,45.0,powernergia,2016-07-24T18:50:24+00:00,0,11,"#45 ""Siempre hay que ayudar a la gente aunque hay que poner algo de control en algunos casos"" No creo que haya nadie tan controlado y mirado con lupa como los refugiados que llegan legal y controladamente a Europa."
inmigracion,https://www.meneame.net/story/muerto-dos-heridos-tras-ataque-hombre-armado-machete-alemania,2649646,20006815,163,,--510065--,2016-07-24T18:46:27+00:00,0,7,"Es decir, gente que viene se supone huyendo de lo peor, vienen aquí y cualquier persona minimamente normal se pondría en modo ninja para no dar el cante... Pues no..."
inmigracion,https://www.meneame.net/story/muerto-dos-heridos-tras-ataque-hombre-armado-machete-alemania,2649646,20006809,162,,--516978--,2016-07-24T18:45:03+00:00,1,14,"Es lo que tiene traer basura incivilizada a tu territorio, que en una discusión en una parada de autobús saca un machete y mata a una señora. Seguramente la mujer le llamó la atención por escupir en el suelo o algo parecido y el morito de los cojones no toleró que una mujer le dirigiera la palabra."
inmigracion,https://www.meneame.net/story/muerto-dos-heridos-tras-ataque-hombre-armado-machete-alemania,2649646,20006808,161,160.0,UsuarioDuro,2016-07-24T18:45:01+00:00,1,25,#160 Lo que no me gusta no es el dato.
inmigracion,https://www.meneame.net/story/muerto-dos-heridos-tras-ataque-hombre-armado-machete-alemania,2649646,20006799,160,26.0,Bradomim,2016-07-24T18:43:14+00:00,1,15,#26 Y tú aportas las elucubraciones sobre el “racismo” de quienes aportan datos que no te gustan.
inmigracion,https://www.meneame.net/story/muerto-dos-heridos-tras-ataque-hombre-armado-machete-alemania,2649646,20006795,159,68.0,TrollingStone,2016-07-24T18:42:13+00:00,1,9,"#68 Pues gracias por admitir la obviedad que muchos sabemos hace ya bastante, que una política de inmigración mal gestionada (o bien, según se mire) hace empeorar sociedades en términos de criminalidad.

Y añado que también para la economía, desempleo, servicios públicos, etc., es decir, se produce un dumping social general."
inmigracion,https://www.meneame.net/story/muerto-dos-heridos-tras-ataque-hombre-armado-machete-alemania,2649646,20006788,158,12.0,--30685--,2016-07-24T18:41:18+00:00,6,-8,"#12 Creo que aquí fui el primero en informar de lo sucedido.

Aquí las reacciones a una información que altera la realidad paranoide del nótame: 

https://www.meneame.net/notame/2525354

{wow}  {popcorn}"
inmigracion,https://www.meneame.net/story/muerto-dos-heridos-tras-ataque-hombre-armado-machete-alemania,2649646,20006777,157,147.0,UsuarioDuro,2016-07-24T18:38:35+00:00,11,108,"#147 Me has dicho: sois los culpables del auge de la extrema derecha en europa Ahora me dices que no entiendo porque, como buen progre, soy incapaz de procesar lo que me transmites.

De verdad, y sin coña ni sarcásmo: ¿vá a tener algún sentido que sigamos discutiendo?

Lo pregúnto en serio. 
¿Y si mejor nos lo ahorramos los dos?"
inmigracion,https://www.meneame.net/story/muerto-dos-heridos-tras-ataque-hombre-armado-machete-alemania,2649646,20006776,156,16.0,Shotokax,2016-07-24T18:38:29+00:00,1,3,"#16 al nivel de tu comentario, en apoyo de un troll y con faltas de ortografía."
inmigracion,https://www.meneame.net/story/muerto-dos-heridos-tras-ataque-hombre-armado-machete-alemania,2649646,20006775,155,,--521367--,2016-07-24T18:38:01+00:00,0,6,"""esto no tiene nada que ver con el islam""

...pues mas vale que no lean este tipo de comentarios los mahometanos, porque cuando se ignora la reivindicacion de los terroristas, estos tienden a volar una estacion entera de trenes o atentados brutales, para que si se tenga en cuenta la reivindicacion en la prensa ... caso de las Brigadas Rojas o el Ira, que la liaron parda en los 70s tras ser ninguneados CONTINUAMENTE en la prensa y opinion publica para tapar en falso el problema 

""para que la gente se entere de nuestras reclamaciones; ahora atentados masivos"""
inmigracion,https://www.meneame.net/story/muerto-dos-heridos-tras-ataque-hombre-armado-machete-alemania,2649646,20006765,154,85.0,Joice,2016-07-24T18:36:11+00:00,7,55,#85 ¿Seguro?
inmigracion,https://www.meneame.net/story/muerto-dos-heridos-tras-ataque-hombre-armado-machete-alemania,2649646,20006760,153,68.0,--519606--,2016-07-24T18:35:03+00:00,4,30,"#68 Sí, porque ya tenemos suficiente con nuestros propios criminales. No tenemos deber moral de aceptar criminales extranjeros.

Esto pudo evitarse con más cuidado en inmigración, y al escoger refugiados."
inmigracion,https://www.meneame.net/story/muerto-dos-heridos-tras-ataque-hombre-armado-machete-alemania,2649646,20006759,152,148.0,Socavador,2016-07-24T18:35:00+00:00,2,24,#148 Mira en que línea van sus comentarios y ya te darás cuenta de a quien defiendes...o no.
inmigracion,https://www.meneame.net/story/muerto-dos-heridos-tras-ataque-hombre-armado-machete-alemania,2649646,20006756,151,95.0,--458697--,2016-07-24T18:34:05+00:00,0,7,"#95 no intentes explicarlo,,que no les da la cabeza"
inmigracion,https://www.meneame.net/story/muerto-dos-heridos-tras-ataque-hombre-armado-machete-alemania,2649646,20006747,150,106.0,tururuuuu,2016-07-24T18:31:45+00:00,1,18,"#106 te lias solo....  Los comunistas precisamente han sido los que han tenido el mejor candado en las fronteras. 

Aunque sea para que no salgan sus ciudadano.

Esas piradas de pinza, que son autenticas chorradas, te desacreditan."
inmigracion,https://www.meneame.net/story/muerto-dos-heridos-tras-ataque-hombre-armado-machete-alemania,2649646,20006746,149,106.0,neotobarra2,2016-07-24T18:31:45+00:00,1,13,"#106 Las consideraciones sobre lo que es mejor o no para la sociedad lo dejamos para los komminterns del partido Comunista Soviético.

A esos, tus colegas, les encantaba decidir que si y que no salía en los medios de difusión publicos. OK, gracias por no hacerme perder el tiempo respondiendo. Me remito a #141 porque no mereces más la pena."
inmigracion,https://www.meneame.net/story/muerto-dos-heridos-tras-ataque-hombre-armado-machete-alemania,2649646,20006744,148,14.0,yagoSeis,2016-07-24T18:31:43+00:00,3,10,"#14 ha mostrado hechos sin más, no se de que putos sueños hablas."
inmigracion,https://www.meneame.net/story/muerto-dos-heridos-tras-ataque-hombre-armado-machete-alemania,2649646,20006739,147,146.0,--458697--,2016-07-24T18:31:15+00:00,12,-86,"#146 como buen progre eres incapaz de procesar cualquier informacion que quiera transmitirte

simplemente no das"
inmigracion,https://www.meneame.net/story/muerto-dos-heridos-tras-ataque-hombre-armado-machete-alemania,2649646,20006734,146,142.0,UsuarioDuro,2016-07-24T18:30:09+00:00,15,136,"#142 Si, ya. Soy culpable del Daesh, de Le Pen, de que baje la bolsa...

Venga au."
inmigracion,https://www.meneame.net/story/muerto-dos-heridos-tras-ataque-hombre-armado-machete-alemania,2649646,20006733,145,109.0,neotobarra2,2016-07-24T18:30:06+00:00,0,10,"#109 Los asesinatos por violencia de género rara vez llegan a portada de menéame salvo que la víctima sea hombre. Y los otros responden a un contexto determinado que sí tiene sentido que aparezca en portada, igual que lo tendría si el asesino de esta noticia fuera del Daesh, pero no es así."
inmigracion,https://www.meneame.net/story/muerto-dos-heridos-tras-ataque-hombre-armado-machete-alemania,2649646,20006732,144,113.0,dunachio,2016-07-24T18:29:41+00:00,0,14,"#113 eres tonto,  chaval. A mamarla,  palurdo."
inmigracion,https://www.meneame.net/story/muerto-dos-heridos-tras-ataque-hombre-armado-machete-alemania,2649646,20006724,143,70.0,magnoberto,2016-07-24T18:27:40+00:00,1,14,"#70 #68 eehh si bueno, llamalo como quieras, a ver cuantos son en nombre de dios a civiles desconocidos. Asesinatos claro que hay todos los dias por distintos motivos, pero no es lo mismo por ejemplo si a final de año hay 60 mujeres muertas de violencia de genero que 60 muertos por follacabras asesinando a desconocidos en nombre de dios. Son igual de muertos si, pero hay cifras que son más asumibles en ciertas sociedades que otras, mismo en usa mueren 30.000 personas por armas de fuego al año pero son cifras asumidas, aquí por accidentes de trafico 1000 cada año y por suicidios 3800, por tu razonamiento pocas causas van a superar en gravedad a los suicidios o los accidentes de tráfico, poco más hasta que el terrorismo supere a estas dos causas nunca va a ser relevante."
inmigracion,https://www.meneame.net/story/muerto-dos-heridos-tras-ataque-hombre-armado-machete-alemania,2649646,20006722,142,54.0,--458697--,2016-07-24T18:27:25+00:00,14,-47,"#54 censura y fascismo el que aplicais los de tu cuerda inundando de negativos al que aporta informacion o sugiere cosas que no te gustan

sois los culpables del auge de la extrema derecha en europa

os va a explotar en cara

cc #45"
inmigracion,https://www.meneame.net/story/muerto-dos-heridos-tras-ataque-hombre-armado-machete-alemania,2649646,20006716,141,120.0,neotobarra2,2016-07-24T18:26:41+00:00,2,3,"#120 Mira, la noticia no es en absoluto chocante porque una persona que huye de su país y pide asilo en otro puede arrastrar mil traumas, puede haberse convertido en un salvaje por la situación de la que ha huido, puede encontrarse con una mano delante y otra detrás en su país de destino y ser fácilmente víctima de la delincuencia organizada o simplemente delinquir él, puede ir llenándose de ira por todo lo que haya pasado hasta acabar estallando de un modo u otro, o simplemente puede ser un cabrón agresivo o un pirado religioso, que lógicamente también los hay. 

¿Qué tiene de raro que entre los refugiados haya alguno que actúe así? Absolutamente nada. Lo raro sería que todos, o ninguno, actuaran así. Esperar que todos los refugiados se comporten de forma ejemplar sí que es tener prejuicios.

Y si crees que aquí nadie ha atacado a los musulmanes, o ha insinuado que esto es un ataque terrorista, es que no has leído los comentarios de este hilo o los has leído precisamente con el mismo sesgo ideológico del que me acusas a mí. Mira por ejemplo a #118."
inmigracion,https://www.meneame.net/story/muerto-dos-heridos-tras-ataque-hombre-armado-machete-alemania,2649646,20006709,140,43.0,--223782--,2016-07-24T18:24:51+00:00,0,10,"#43 Graciasp por el negativo, ahora ya tengo claro que mi forma de pensar es la correcta."
inmigracion,https://www.meneame.net/story/muerto-dos-heridos-tras-ataque-hombre-armado-machete-alemania,2649646,20006708,139,2.0,--458697--,2016-07-24T18:24:17+00:00,2,17,"#2 y es que esta es la realidad

tu haces una afirmacion educada y solo recibiras negativos

solucion?

dejas de hacer afirmaciones y votas a le pen, fpo, afd, sd, etc etc

no dudes que la solucion llegara y los culpables de la brutalidad de esta seran los que negaron el debate y censuraron a los demas"
inmigracion,https://www.meneame.net/story/muerto-dos-heridos-tras-ataque-hombre-armado-machete-alemania,2649646,20006683,138,130.0,--324579--,2016-07-24T18:18:43+00:00,0,17,"#130 lo de tranquilizarse lo decía por mi más bien {wink}
La parodia es desacertada y se puede discutir cada una de las cosas. Por ejemplo qué parte de culpa tiene occidente de que estas personas necesiten refugio, o peor, vean como sus ciudades en las que antes vivían tranquilos ahora haya bombardeos. Se puede discutir qué haríamos tú o yo si tuviéramos hijos y viéramos que en nuestro barrio ocurre eso. Se pueden discutir muchas cosas.
Pero reducirlo todo a un si/no, a un bueno/malo no va a poder ser. Todas las personas al cabo del día hacemos muchas cosas, algunas buenas y otras malas y si a una persona no la puedes reducir a lo de bueno/malo, no te digo ya a una situación que involucra a millones y en varios años."
inmigracion,https://www.meneame.net/story/muerto-dos-heridos-tras-ataque-hombre-armado-machete-alemania,2649646,20006682,137,2.0,IvanDrago,2016-07-24T18:18:28+00:00,1,21,#2 ahora en lugar de los rusos vienen los refugiados?
inmigracion,https://www.meneame.net/story/muerto-dos-heridos-tras-ataque-hombre-armado-machete-alemania,2649646,20006680,136,,gauntlet_,2016-07-24T18:18:13+00:00,2,23,"Es un hombre, como prácticamente todos los terroristas y maltratadores y asesinos. Europa debería expulsar a los hombres de su territorio."
inmigracion,https://www.meneame.net/story/muerto-dos-heridos-tras-ataque-hombre-armado-machete-alemania,2649646,20006678,135,68.0,Marco_Pagot,2016-07-24T18:17:35+00:00,7,44,"#68 No lo llames mafia cuando puedes llamarlo secta. Es esa gente que te vota negativo ofendida por tu comentario donde haces referencia al acto de cierto grupúsculo. Esa misma gente que luego considera sensacionalista o erróneo Que la policía de una zona de Europa ponga de manifiesto el creciente aumentos de delitos de odio Que, oh vaya por dios, nunca van dirigidos contra terroristas del DAESH, sino contra las minorías de su país

https://www.meneame.net/m/actualidad/mas-6-000-ataques-odio-uk-tras-brexit/"
inmigracion,https://www.meneame.net/story/muerto-dos-heridos-tras-ataque-hombre-armado-machete-alemania,2649646,20006660,134,68.0,--521367--,2016-07-24T18:13:45+00:00,0,6,"#68 pues va mas de 100 en una semanita en Europa ... pero bueno, tiene toda la 

pinta de pasar a no ser apenas noticia, tanto que se quejaban que lo de Irak, 

Israel, Siria cientos de muertos todos los dias apenas era noticia, pues ya esta  Europa igual, se consiguio ..."
inmigracion,https://www.meneame.net/story/muerto-dos-heridos-tras-ataque-hombre-armado-machete-alemania,2649646,20006646,133,26.0,--78244--,2016-07-24T18:10:19+00:00,4,50,"#26 se votan los comentarios por su contenido, no por quién los hace."
inmigracion,https://www.meneame.net/story/muerto-dos-heridos-tras-ataque-hombre-armado-machete-alemania,2649646,20006642,132,56.0,--490272--,2016-07-24T18:09:32+00:00,4,-10,"#56 hassan, alí, abdul... Nunca John o Michael."
inmigracion,https://www.meneame.net/story/muerto-dos-heridos-tras-ataque-hombre-armado-machete-alemania,2649646,20006634,131,122.0,RubiaDereBote,2016-07-24T18:07:52+00:00,0,7,"#122 ok, pero no te enfades, hombre!"
inmigracion,https://www.meneame.net/story/muerto-dos-heridos-tras-ataque-hombre-armado-machete-alemania,2649646,20006632,130,127.0,--521116--,2016-07-24T18:07:39+00:00,0,6,"#127 me tranquilizó. 

El usuario al que contestaste lo decía de broma obviamente. 

Tu le has respondido que el es el único que piensa así. Tu crees que eso es verdad? 

Si no condenas estos actos es como si los estuvieras defendiendo. De no ser así retiro mis palabras. Parece ser que eres una de las pocas personas razonables del notame."
inmigracion,https://www.meneame.net/story/muerto-dos-heridos-tras-ataque-hombre-armado-machete-alemania,2649646,20006608,129,125.0,Socavador,2016-07-24T18:02:56+00:00,0,11,"#125 Claro porque el Estado Alemán está gobernado por unos rojos izquierdistas...Sí es que tenéis unas cosas a veces...Dime la verdad, ¿es por provocar, o es mera estulticia?"
inmigracion,https://www.meneame.net/story/muerto-dos-heridos-tras-ataque-hombre-armado-machete-alemania,2649646,20006606,128,,--194262--,2016-07-24T18:02:53+00:00,1,24,"Más votos para la ultraderecha. Las autoridades podrían plantearse poner una escala de prioridades en la aceptación de refugiados, y que primero entren los que no tengan antecedentes penales. Es muy injusto que haya gente honrada que no puede entrar en Europa mientras que algunos delincuentes no tienen problemas para ser acogidos."
inmigracion,https://www.meneame.net/story/muerto-dos-heridos-tras-ataque-hombre-armado-machete-alemania,2649646,20006603,127,116.0,--324579--,2016-07-24T18:02:23+00:00,0,17,"#116 A ver, tranquilicémonos y no saquemos las cosas de quicio.
Te he dicho que eres el único que piensa eso. Como es una sátira, es decirte que nadie piensa eso.
¿ De ahí sacas que yo defiendo el islam ? No me parece normal.
#121 ya habías contestado antes.
Mujeres de religión musulmana hay cientos de millones."
inmigracion,https://www.meneame.net/story/muerto-dos-heridos-tras-ataque-hombre-armado-machete-alemania,2649646,20006602,126,59.0,palitroque,2016-07-24T18:02:02+00:00,12,98,#59 Menos mal que tenemos Reddit.
inmigracion,https://www.meneame.net/story/muerto-dos-heridos-tras-ataque-hombre-armado-machete-alemania,2649646,20006598,125,115.0,--519606--,2016-07-24T18:01:09+00:00,0,6,"#115 Usualmente son los progresistas los que defienden la inmigración y refugios sin regulaciones, aunque son los que les gusta más poner las mismas regulaciones que quieren ignorar."
inmigracion,https://www.meneame.net/story/muerto-dos-heridos-tras-ataque-hombre-armado-machete-alemania,2649646,20006594,124,119.0,Socavador,2016-07-24T18:00:25+00:00,0,11,"#119 Vale, otro troll con su cuenta nueva y con su rollo macabeo de las izquierdas y las derechas para tratar cualquier tema que se le cruce en medio de una ingesta de cerveza. Así va España."
inmigracion,https://www.meneame.net/story/muerto-dos-heridos-tras-ataque-hombre-armado-machete-alemania,2649646,20006591,123,100.0,--30685--,2016-07-24T17:59:36+00:00,25,144,"#100 

El pasado viernes, atropellados por un camión.
Luego el domingo, hachazos en el tren.
Y el martes, a cuchilladas en la playa.
Este viernes, a balazos en McDonalds.
Y hoy domingo, a machetazos.

Por favor, no generalicemos porque son hechos aislados . {popcorn}"
inmigracion,https://www.meneame.net/story/muerto-dos-heridos-tras-ataque-hombre-armado-machete-alemania,2649646,20006590,122,117.0,--518448--,2016-07-24T17:59:34+00:00,0,8,"#117 Lo sé. Sé que lo han dicho, no paráis de decírmelo. Dos  y verás como viene un tercero."
inmigracion,https://www.meneame.net/story/muerto-dos-heridos-tras-ataque-hombre-armado-machete-alemania,2649646,20006587,121,84.0,--521116--,2016-07-24T17:58:29+00:00,0,6,#84 señores y señoras (especialmente señoras). Eh aquí una mujer defendiendo el islam...  Ya lo he visto todo en este mundo.
inmigracion,https://www.meneame.net/story/muerto-dos-heridos-tras-ataque-hombre-armado-machete-alemania,2649646,20006586,120,68.0,--143623--,2016-07-24T17:58:29+00:00,11,91,"#68 A veces creo que vuestra ideología sólo os hace ver lo malo de todo aquello que no va según lo que esperáis. Sale a portada una noticia como ésta y ya estáis criticando y llamando fascistas y xenófobos a toda una comunidad. La noticia resulta chocante por cómo una persona que ha pedido asilo político huyendo de la violencia en su país acaba cometiendo un crímen violento, y eso se aplica para un refugiado como para un monje budista que asesine. La noticia deja claro que se trata de una pelea, no de ningún terrorista, aunque haces ver que la gente lo menea porque cree que es un refugiado terrorista. Tampoco hace referencia a su religión, y sin embargo lo ves como que la gente quiere atacar a los musulmanes. ¿Y resulta que los que tenemos prejuicios somos los demás? 

A lo mejor crees que la gente es imbécil y por eso habría que censurar ciertas noticias, cómo no, descalificando a toda una comunidad comparando la portada con La Razón. Luego se os llena la boca con las palabras libertad y poder para el pueblo."
inmigracion,https://www.meneame.net/story/muerto-dos-heridos-tras-ataque-hombre-armado-machete-alemania,2649646,20006581,119,72.0,--521116--,2016-07-24T17:57:03+00:00,4,-8,"#72 hasta que sus hijas,  madres y familia sean las víctimas. Estos cornudos de izquierdas no abrirán los ojos hasta que les afecta a ellos."
inmigracion,https://www.meneame.net/story/muerto-dos-heridos-tras-ataque-hombre-armado-machete-alemania,2649646,20006579,118,68.0,tantezo,2016-07-24T17:56:31+00:00,1,10,#68 creo que si se lleva a portada es porque se sospecha que puede tratarse de otro acto de terrorismo islamista.
inmigracion,https://www.meneame.net/story/muerto-dos-heridos-tras-ataque-hombre-armado-machete-alemania,2649646,20006578,117,6.0,RubiaDereBote,2016-07-24T17:56:30+00:00,5,66,#6 han dicho que es un refugiado sirio
inmigracion,https://www.meneame.net/story/muerto-dos-heridos-tras-ataque-hombre-armado-machete-alemania,2649646,20006576,116,99.0,--521116--,2016-07-24T17:56:23+00:00,1,5,#99 una de dos o no entiendes la sátira o tienes un problema mental o síndrome de Estocolmo. Como puede estar una mujer de acuerdo en que millones de depredadores sexuales campen a sus anchas por nuestros países? Como puede defender una mujer el islam y los musulmanes? Que peligrosa es la ignorancia
inmigracion,https://www.meneame.net/story/muerto-dos-heridos-tras-ataque-hombre-armado-machete-alemania,2649646,20006574,115,105.0,Socavador,2016-07-24T17:55:52+00:00,0,11,"#105 Para empezar, que clasifiques el tema en si es o no de progresistas lo que se diga aquí o allá indica el nivel de tu empanada mental. Es bastante alto, por cierto. Para hacer una valoración correcta de esta situación, hay que analizar de forma objetiva todos los datos posibles. Eso no es lo que tú haces, cuñadeas sin más y opinas de forma subjetiva en base a tus propias creencias o supersticiones. de esa forma nunca vas a llegar a nada, nunca vas a salir de lo que tú mismo quieras creer. En lugar de buscar información que arroje luz sobre el tema que quieras investigar, simplemente vas a buscar información, veraz o no que apoye lo que tú creeas y punto."
inmigracion,https://www.meneame.net/story/muerto-dos-heridos-tras-ataque-hombre-armado-machete-alemania,2649646,20006570,114,100.0,UsuarioDuro,2016-07-24T17:55:25+00:00,4,31,"#100 si lo hace un refugiado y se dice que es refugiado aporta xenofobia y odio. ¿Me estás hablando en serio?

Entonces si no fuera refugiado, seguramente ese usuario aportaría la información pertinente, ¿verdad?

Venga hombre, que no nacimos ayer. Te diré una cosa, que los refugiados sirios no cometan crímenes y no se les tildará de algo que no hacen. Y yo te diré que hay que meter en la cárcel a los criminales (independientemente de que sean refugiados o no), y no etiquetar como criminales a todo un colectivo. Dicho de otra forma: imagina que hay un refugiado inocente que no se mete con nadie, ¿decimos que es un criminal?

Igual por decir esto es que a mí me gusta defender criminales, como ha dicho otro usuario. Bueno, bien, vale.

En el resto del comentario se ta ido la olla, la verdad. Me acusas de estar abducido por unos tios que amparan delitos. Pues eso será."
inmigracion,https://www.meneame.net/story/muerto-dos-heridos-tras-ataque-hombre-armado-machete-alemania,2649646,20006564,113,9.0,Anonymouse,2016-07-24T17:54:01+00:00,3,-21,#9 Eres un puto payaso. Que cojones tendra que ver dar datos con estar contento por esta locura.
inmigracion,https://www.meneame.net/story/muerto-dos-heridos-tras-ataque-hombre-armado-machete-alemania,2649646,20006561,112,,--151628--,2016-07-24T17:52:22+00:00,1,29,Esto demuestra la estupidez de que no se ha de deportar a criminales que defienden algunos.
inmigracion,https://www.meneame.net/story/muerto-dos-heridos-tras-ataque-hombre-armado-machete-alemania,2649646,20006558,111,8.0,--521116--,2016-07-24T17:52:06+00:00,18,-129,#8 a ti no hijo de puta pero díselo a los familiares de las 88 personas atropelladas por un camión en Francia la semana pasada.
inmigracion,https://www.meneame.net/story/muerto-dos-heridos-tras-ataque-hombre-armado-machete-alemania,2649646,20006556,110,2.0,--521116--,2016-07-24T17:51:20+00:00,10,-88,"#2 hasta que no violen y maten a sus hijas, madres y familia estos cornudos de izquierdas no van a reconocer nunca que hay un problema con el islam"
inmigracion,https://www.meneame.net/story/muerto-dos-heridos-tras-ataque-hombre-armado-machete-alemania,2649646,20006551,109,68.0,JavierLaig,2016-07-24T17:50:35+00:00,14,119,"#68 Bueno, pues entonces tambien se acabo el llevar a portada asesinatos por violencia de genero, policia de USA, ambientalistas de sudamerica,..."
inmigracion,https://www.meneame.net/story/muerto-dos-heridos-tras-ataque-hombre-armado-machete-alemania,2649646,20006548,108,67.0,--324579--,2016-07-24T17:50:08+00:00,0,17,"#67 aunque la técnica de dibujo es correcta, yo creo que el autor no se entera de nada."
inmigracion,https://www.meneame.net/story/muerto-dos-heridos-tras-ataque-hombre-armado-machete-alemania,2649646,20006545,107,93.0,--501250--,2016-07-24T17:49:02+00:00,0,7,"#93 #93 Haces lo que critico. ¡Simplificar! mi invitación a no caer en la simplificación del blanco/negro, y das por hecho que no me solidarizo con la víctima/s. O que insinúes que yo considero al malnacido ese merecedero de otra oportunidad. Pero si no me conoces, ¿qué haces elucubrando lo que yo justifico o no? Rozas la injuria. 

Venga, positivo para ti. Supongo que no hago nada si intento hacerte ver la lógica absurda en la que caes."
inmigracion,https://www.meneame.net/story/muerto-dos-heridos-tras-ataque-hombre-armado-machete-alemania,2649646,20006526,106,68.0,--517726--,2016-07-24T17:45:18+00:00,31,172,"#68 Todos y cada uno de ellos deben aparecer porque no es normal que un país acoja refugiados aue deberían estar agradecidos y encima en lugar de agradecer la humanidad de los alemanes se dediquen a provocar atentados a hachazos y machetazos.

 Yo personalmente no creo que haya que ocultar nada, igual que cuando sale en la prensa cualquier otro asesinato.

 Si los usuarios de Meneame consideran que es noticia como para que esté aquí se respeta.

 Las consideraciones sobre lo que es mejor o no para la sociedad lo dejamos para los komminterns del partido Comunista Soviético.

 A esos, tus colegas, les encantaba decidir que si y que no salía en los medios de difusión publicos.

La gente tiene derecho a saber y opinar con fundamento si la inmigración descontrolada de países en guerra es o no un problema social grave."
inmigracion,https://www.meneame.net/story/muerto-dos-heridos-tras-ataque-hombre-armado-machete-alemania,2649646,20006525,105,55.0,--519606--,2016-07-24T17:45:10+00:00,18,135,"#55 #16 #11 #4 #25 #40 Por la razón que sea, religiosa o secular, los países deben ser más selectivos y cuidadosos con aquellos a quienes metan a sus países.

Sé que no es lo que los pregresistas quieren escuchar, pero si quieren mantener su estado de bienestar e igualdad, podríamos empezar con no meter indiscriminadamente personas que no comparten esos valores Occidentales.

Sí, sé que la myoría de los terroristas en estos últimos años ya eran ciudadanos, pero usualmente eran ciudadanos nacidos de padres inmigrantes que, lamentablemente, no fueron integrados correctamente a la comunidad europea.

Ya tenemos suficiente con nuestros propios problemas; no necesitamos más."
inmigracion,https://www.meneame.net/story/muerto-dos-heridos-tras-ataque-hombre-armado-machete-alemania,2649646,20006522,104,,YaExisto,2016-07-24T17:44:37+00:00,9,69,"Otro caso Sirio, digo aislado!! No pasa nada que en Europa tenemos mucha empatía con todos los que vienen de otros países con culturas que chocan radicalmente con la nuestra, y admitimos a todo el mundo. Tenemos una tolerancia infinita hacia las culturas que tratan a las mujeres y niños como esclavos, y a los depravados que se casan con menores, etc. etc.
No pasa nada, aquí se admite todo, hasta darles paguitas y tratar de integralos en una sociedad que por muchos millones que se inviertan NO van a respetar nunca.
Cuando esto se les vaya de las manos, la tercera GM."
inmigracion,https://www.meneame.net/story/muerto-dos-heridos-tras-ataque-hombre-armado-machete-alemania,2649646,20006521,103,43.0,--223782--,2016-07-24T17:44:31+00:00,6,11,"#43 Quizás mató siguiendo las costumbres alemanas porque, aunque a algunos les sorprenda, hay alemanes que matan sin ser refugiados, siendo ateos y con familias alemanas, casi arias puras. {wink}"
inmigracion,https://www.meneame.net/story/muerto-dos-heridos-tras-ataque-hombre-armado-machete-alemania,2649646,20006515,102,93.0,--163305--,2016-07-24T17:43:33+00:00,14,94,#93 normalizar los crímenes cometidos por extranjeros es otra rama de la izquierda. Si son hechos por nacionales es una aberración.
inmigracion,https://www.meneame.net/story/muerto-dos-heridos-tras-ataque-hombre-armado-machete-alemania,2649646,20006511,101,12.0,--464038--,2016-07-24T17:42:44+00:00,0,6,"#12 Sí tu fueras mora o tuvieras algo que ver con ellos también harías todo lo que estuviera en tu mano para vender la moto y justificar cualquier cosa, como si se meten en una guardería y se lían a machetazos... El tema es que  en España tenemos unos cuantos millones de musulmanes, es normal que se desgañiten en los foros justificando como sea cualquier hecho, da igual lo atroz que sea."
inmigracion,https://www.meneame.net/story/muerto-dos-heridos-tras-ataque-hombre-armado-machete-alemania,2649646,20006502,100,26.0,--163305--,2016-07-24T17:41:16+00:00,9,63,"#26 si lo hace un refugiado y se dice que es refugiado aporta xenofobia y odio. Te diré una cosa, que los refugiados sirios no cometan crímenes y no se les tildará de algo que no hacen. Aquí os habéis vuelto abducidos por los seres superiores que campan a sus anchas en la delincuencia porque la izquierda ampara cualquier delito ya que... Está en un entorno de marginación que Occidente le ha obligado."
inmigracion,https://www.meneame.net/story/muerto-dos-heridos-tras-ataque-hombre-armado-machete-alemania,2649646,20006501,99,90.0,--324579--,2016-07-24T17:41:00+00:00,3,42,#90 ¿ De verdad piensas eso ? Eres el único.
inmigracion,https://www.meneame.net/story/muerto-dos-heridos-tras-ataque-hombre-armado-machete-alemania,2649646,20006498,98,95.0,UsuarioDuro,2016-07-24T17:40:13+00:00,4,24,"#95 no son todos asesinos, gracias a dios. Hooooombre, algo es algo."
inmigracion,https://www.meneame.net/story/muerto-dos-heridos-tras-ataque-hombre-armado-machete-alemania,2649646,20006492,97,72.0,ANTONIO22,2016-07-24T17:39:43+00:00,2,25,"#72 Puedes ver muchos comentarios anteriores que responden a tus dudas.

Es tan inconsciente negar que hay problemas de integración en Europa como querer convertir a todo musulmán en terrorista/delincuente.

Este crimen parece más un crimen de los que puede haber en España cada 2o3 días, o en la propia Alemania, crimen sentimental, o ataque de ira, o simple asesinato. Obviamente si hay varios millones de musulmanes en Alemania, por estadística alguno tiene que ser extranjero. Ni siquiera sabemos si era musulmán, quizás era cristiano, ya que en Siria también los hay.

Las puertas abiertas no son una solución, pero el alarmismo y el populismo demagógico aún lo son menos. Te invito a salir al mundo y conocer a gente de todos los países, musulmanes, chinos, o de donde sean, y verás que hay de todo, y no merecen ser encasillados o metidos en un grupo como si de algo homogéneo se tratase."
inmigracion,https://www.meneame.net/story/muerto-dos-heridos-tras-ataque-hombre-armado-machete-alemania,2649646,20006485,96,60.0,--521106--,2016-07-24T17:37:24+00:00,27,-187,"#60 bueno, pero antes se desinfecta bien... yo no me la juego {troll}"
inmigracion,https://www.meneame.net/story/muerto-dos-heridos-tras-ataque-hombre-armado-machete-alemania,2649646,20006482,95,91.0,--163305--,2016-07-24T17:37:02+00:00,5,32,"#91 no son todos asesinos, gracias a dios. Pero sí que hay muchos infiltrados del ISIS (dicho por el propio ISIS). Y sino, hay mucha gente que crece y les enseñan odio a Occidente desde las escuelas, es lo que viven. No esperemos integración, porque vendrá lo peor. El choque de civilizaciones es un hecho factible, en Oriente tienen otra cultura, diferente y retrógrada a  la europea. Lo que aquí con el rollo de la tolerancia achacamos cada caso a algo aislado, y así se acaba el problema? Cual es el número de casos aislados que lo hacen no aislado y se convierte en regular?"
inmigracion,https://www.meneame.net/story/muerto-dos-heridos-tras-ataque-hombre-armado-machete-alemania,2649646,20006481,94,,--517726--,2016-07-24T17:37:01+00:00,23,149,"Un refugiado sirio:

 -Alemán: ¿Qué es lo que quieres? Libertad, igualdad de oportunidades financieras, libertad de expresión, Derechos Humanos Básicos, la oportunidad de llevar una vida decente en Europa, Paz, sistema universal de salud, bienestar, progreso social, por favor dinos!
 
Refugiado: - Muerte a todos los infieles!
 
 Alemán: - Oh! Por favor, sólo dinos que quieres de una vez."
inmigracion,https://www.meneame.net/story/muerto-dos-heridos-tras-ataque-hombre-armado-machete-alemania,2649646,20006479,93,89.0,Remenad0r,2016-07-24T17:36:43+00:00,4,25,"#89 ""Será por delincuentes en el mundo"" ahora vas y se lo explicas a la familia. Tu comentario es parecido a decir ""no es para tanto"". 

Es grave haya pasado como haya pasado, pero que sea un Sirio de 21 años solicitante de ASILO en el país de la persona a la que ha matado... tela. Y ahora añades todas las violaciones recientes y ataques que vienen de la misma ""comunidad""."
inmigracion,https://www.meneame.net/story/muerto-dos-heridos-tras-ataque-hombre-armado-machete-alemania,2649646,20006471,92,80.0,neotobarra2,2016-07-24T17:34:34+00:00,4,46,"#80 Que el tema interese podría justificar que se enviara a portada un análisis, un artículo de opinión, etc. Pero no una noticia de la que ni siquiera se sabe aún gran cosa y que, tristemente, tampoco es especialmente relevante (repito, hay unos 700 asesinatos anuales en Alemania)."
inmigracion,https://www.meneame.net/story/muerto-dos-heridos-tras-ataque-hombre-armado-machete-alemania,2649646,20006470,91,86.0,UsuarioDuro,2016-07-24T17:34:22+00:00,4,24,"#86 Claro, refugiados: asesinos todos (según Menéame)."
inmigracion,https://www.meneame.net/story/muerto-dos-heridos-tras-ataque-hombre-armado-machete-alemania,2649646,20006463,90,52.0,--163305--,2016-07-24T17:32:38+00:00,13,33,"#52 cada machetazo es culpa y en honor a la represión de occidente sobre oriente, nos merecemos más muertes. Welcome refugees, if not, you are a racist neonazi asshole."
inmigracion,https://www.meneame.net/story/muerto-dos-heridos-tras-ataque-hombre-armado-machete-alemania,2649646,20006457,89,,--501250--,2016-07-24T17:32:15+00:00,11,79,"¡Por dios! Que discusiones más absurdas. Y venga ironías por aquí, sarcasmos por allá... ¿Esparáis entender algo de lo que pasa en el mundo con tanta tontería y frase twittera?

Sí, un sirio de 21 año solicitante de asilo ha matado a una mujer por una discusión. Ni hay que dejarlo pasar, ni es terrorismo. Parece que el chaval ya era ""conocido por la policía"", vamos, un delincuente independientemente de su situación política o su nacionalidad. Será por delincuentes en el mundo.

La lógica del Si/No, del blanco/negro + los ""me gusta"" os está matando la capacidad de pensar."
inmigracion,https://www.meneame.net/story/muerto-dos-heridos-tras-ataque-hombre-armado-machete-alemania,2649646,20006453,88,82.0,--324579--,2016-07-24T17:31:29+00:00,1,20,#82 lo siento si ha parecido desmedido respeto al mensaje original que contestaba. Quizá interpreté mal.
inmigracion,https://www.meneame.net/story/muerto-dos-heridos-tras-ataque-hombre-armado-machete-alemania,2649646,20006451,87,73.0,--74648--,2016-07-24T17:31:16+00:00,0,11,"#73 ok es que yo creo que tengo un filtro para ese tipo de msgs porque ni los leo, son trolleo puro. Pensaba que eran otro estilo. Gracias!"
inmigracion,https://www.meneame.net/story/muerto-dos-heridos-tras-ataque-hombre-armado-machete-alemania,2649646,20006448,86,,--163305--,2016-07-24T17:31:06+00:00,7,64,"Nada nada. Imagine de John Lennon en la plaza, 150 velas en honor a los fallecidos, cánticos de No podrán con nosotros, TT en Twitter de #PrayForGermany y a esperar el siguiente atentado. Refugiados malos? Que va, todos son ingenieros doctores y físicos de bien y de buenas familias, que me lo dice la Sexta."
inmigracion,https://www.meneame.net/story/muerto-dos-heridos-tras-ataque-hombre-armado-machete-alemania,2649646,20006445,85,19.0,rigordon,2016-07-24T17:30:51+00:00,3,39,#19 que dimita el machete.
inmigracion,https://www.meneame.net/story/muerto-dos-heridos-tras-ataque-hombre-armado-machete-alemania,2649646,20006441,84,72.0,--324579--,2016-07-24T17:30:13+00:00,6,29,"#72 me voy a dirigir a ti: vaya sarta de estupideces has puesto.
¿ Dónde dices que hay que poner el límite a las migraciones ?
A ver, te doy una pista: que tú puedas ir a cualquier país y nadie pueda venir al tuyo es imposible. Los que salen son los que entran siempre."
inmigracion,https://www.meneame.net/story/muerto-dos-heridos-tras-ataque-hombre-armado-machete-alemania,2649646,20006436,83,1.0,bisajras23,2016-07-24T17:29:08+00:00,13,3,#1 necesitan más paguitas
inmigracion,https://www.meneame.net/story/muerto-dos-heridos-tras-ataque-hombre-armado-machete-alemania,2649646,20006433,82,80.0,Remenad0r,2016-07-24T17:28:50+00:00,6,65,"#80 lo que no me gustan son los comentarios que no aportan nada al debate. Que la xenofobia no lleva a ningún lado es algo que todo el mundo sabe. Ahora bien, manipular y llamara a la gente racista porque sí o escudarse en la xenofobia para defender hechos indefendibles... no me gusta."
inmigracion,https://www.meneame.net/story/muerto-dos-heridos-tras-ataque-hombre-armado-machete-alemania,2649646,20006431,81,46.0,neotobarra2,2016-07-24T17:28:29+00:00,5,35,"#46 No te quepa duda de que más de uno de los que comentan en esta noticia está deseando que pongan un bombazo aquí en España para ""restregárselo a los progres en toda la jeta""* y poder contagiar su odio xenófobo. La preocupación real de esta gente por las víctimas es pura fachada. Como los fachas que se metían con el de Ahora Madrid por sus chistes sobre Irene Villa diciendo que la estaban humillando, y enseguida pasaron a insultarla cuando ella salió quitándoles importancia. A ellos se la sudan las víctimas más que a nadie.

*Casi literal: https://www.meneame.net/notame/2317723"
inmigracion,https://www.meneame.net/story/muerto-dos-heridos-tras-ataque-hombre-armado-machete-alemania,2649646,20006424,80,57.0,--324579--,2016-07-24T17:26:58+00:00,4,48,"#57 he visto que me has votado negativo en #65 , lamento que no te haya gustado.
#68 estando de acuerdo en el fondo, por otra parte hay que aceptar que es un tema que interesa."
inmigracion,https://www.meneame.net/story/muerto-dos-heridos-tras-ataque-hombre-armado-machete-alemania,2649646,20006423,79,75.0,UsuarioDuro,2016-07-24T17:26:55+00:00,16,109,"#75 ¿Mi discurso del amor? 

Repito: vé a molestar a otro, paso de discutir contigo."
inmigracion,https://www.meneame.net/story/muerto-dos-heridos-tras-ataque-hombre-armado-machete-alemania,2649646,20006418,78,76.0,Remenad0r,2016-07-24T17:26:16+00:00,0,7,"#76 Yo no la verdad, me parece un hecho triste en general. Todo en sí, tener refugiados, que los refugiados maten y que Alemanes ayudando refugiados tengan que tener gente violada, muertos, etc. Por ayudar a otros."
inmigracion,https://www.meneame.net/story/muerto-dos-heridos-tras-ataque-hombre-armado-machete-alemania,2649646,20006413,77,28.0,--427498--,2016-07-24T17:25:16+00:00,3,37,#28 Me parece flipante que no se deporte a una persona con antecedentes.
inmigracion,https://www.meneame.net/story/muerto-dos-heridos-tras-ataque-hombre-armado-machete-alemania,2649646,20006412,76,69.0,--30685--,2016-07-24T17:24:55+00:00,22,-143,#69 Pero ahora ves a explicarle a la familia de la mujer que han matado todo esto a ver que opina. Espero que la mujer muerta fuera una giliprogre y que haya muerto por defender sus creencias.
inmigracion,https://www.meneame.net/story/muerto-dos-heridos-tras-ataque-hombre-armado-machete-alemania,2649646,20006411,75,71.0,Remenad0r,2016-07-24T17:24:48+00:00,13,-20,"#71 ¿Que discurso de odio o xenofobia? yo no odio a nadie en particular sea de Oriente o del Polo Norte, musulmán o no. Ni he dicho que hay que matarlos ni expulsarlos, ni nada por el estilo. ¿Que insinúas? o mejor dicho ¿qué te inventas?

Te lo he dicho ya, tu discurso de amor vas y se lo dices ahora a los familiares de la mujer que a muerto."
inmigracion,https://www.meneame.net/story/muerto-dos-heridos-tras-ataque-hombre-armado-machete-alemania,2649646,20006409,74,69.0,Socavador,2016-07-24T17:24:40+00:00,0,11,"#69 Ya, pero eso no tiene que ver con ser un refugiado. Eso tiene que ver con ser un hijoputa , que los hay en todas partes, y venir de un país hecho mierda dónde en gran medida se culpa a occidente de todos sus males. Si crees que esa gente se cambia en dos días...estás muy equivocado. Así que, una vez llegados a este punto, una vez destruido su país de origen, o los exterminas bien exterminados (que para mi no es unha opción) para que no entren en tu casa o abres la puertas, te jodes, te aguantas y los civilizas, si no, no haber abierto la caja de pandora."
inmigracion,https://www.meneame.net/story/muerto-dos-heridos-tras-ataque-hombre-armado-machete-alemania,2649646,20006386,73,49.0,--78896--,2016-07-24T17:21:53+00:00,11,119,"#49 Bueno, me vas a hacer buscar pero te los voy a poner.

https://www.meneame.net/user/tarendas/commented
https://www.meneame.net/user/Lerd%C3%B3fobo/commented
https://www.meneame.net/user/Jabali_Campbell/commented
https://www.meneame.net/user/tromp/commented
https://www.meneame.net/user/cHiMuTrE/commented

https://www.meneame.net/c/19997474
https://www.meneame.net/c/19972307
https://www.meneame.net/c/19998587
https://www.meneame.net/c/19997846
https://www.meneame.net/c/19942551

y aún hay más, ¿te los pongo?

añado: también han baneado a los que insultan de los ""que se quejan"" (tu sabes, pedir un holocausto de otra religión y eso..) por saltarse las normas."
inmigracion,https://www.meneame.net/story/muerto-dos-heridos-tras-ataque-hombre-armado-machete-alemania,2649646,20006383,72,,EuropeoDespierto,2016-07-24T17:21:38+00:00,20,-19,"Me quiero dirigir a los progres y los multiculturalistas. ¿Hasta cuando vais a soportar esto? Realmente no tenéis ningún límite, seguiréis defendiendo la inmigración y el islam haya los muertos que haya? Os da igual que haya uno, diez o cientos de muertos y agresiones que vosotros seguiréis defendiendo las puertas abiertas? Eso yo le llamo dogmatismo"
inmigracion,https://www.meneame.net/story/muerto-dos-heridos-tras-ataque-hombre-armado-machete-alemania,2649646,20006382,71,64.0,UsuarioDuro,2016-07-24T17:21:17+00:00,21,137,"#64 Quien ha estado triándo balones fuera has sido tú. Yo he hablado del uso de hechos como este para repetir el discurso del odio y xenofóbia, y tu me sales con los familiares de las víctimas.

Vé a otro con tu rollo."
inmigracion,https://www.meneame.net/story/muerto-dos-heridos-tras-ataque-hombre-armado-machete-alemania,2649646,20006379,70,44.0,nilien,2016-07-24T17:20:53+00:00,5,57,"#44 Claro, porque los más de 660 asesinatos que hay al año en Alemania (cifras de 2011) son todos por refugiados o inmigrantes, y todos se sensacionalizan día sí y día también en la prensa para alarmar a incautos (sarcasmo off).

Pues no, la realidad es que se le da bombo a los crímenes que conviene, y los demás se ignoran como meros sucesos. Con que exista un ínfimo porcentaje de refugiados o inmigrantes que cometan algún crimen hay para alimentar a la prensa sensacionalista con una noticia jugosa al mes o a la semana, incluso aunque ese segmento de la población cometa menos crímenes, comparativamente, que el resto de grupos. Que ignoro las estadísticas, pero no me extrañaría nada que fueran similares a las del resto de población.

Pero si un alemán ""con pedigrí"" maltrata y asesina a su mujer no es noticia, y si lo hace un refugiado, se retrata como una epidemia..."
inmigracion,https://www.meneame.net/story/muerto-dos-heridos-tras-ataque-hombre-armado-machete-alemania,2649646,20006373,69,66.0,Remenad0r,2016-07-24T17:19:22+00:00,15,106,"#66 No se, me parece muy chungo que siendo refugiado en un país te dediques a violar y matar. No todos, pero que haya uno ya es increíble. Digo yo, que ya deberían estar cansado de violencia... por eso huyen.

En cualquier caso, Alemania ya tiene bastante con los problemas ""locales"" como para encima tener refugiados matando,etc. Que sí, que no son todos ni de lejos, pero vamos... que haya docenas, varios ataques a lo largo del país, etc. Es MUY grave.

Respecto a los ""choques de culturas"", disculpa, cuando has visto tu Japoneses o Chinos en Europa haciendo lo mismo, o Franceses... (lo mismo en la Edad Media).

Como digo, hay que ayudar a la gente como prioridad. Pero ahora ves a explicarle a la familia de la mujer que han matado todo esto a ver que opina."
inmigracion,https://www.meneame.net/story/muerto-dos-heridos-tras-ataque-hombre-armado-machete-alemania,2649646,20006372,68,,neotobarra2,2016-07-24T17:19:19+00:00,79,288,"En Alemania mueren más de 700 personas anualmente por homicidio intencionado (que viene a ser más o menos asesinato). ¿En serio vamos a llevar a portada todos los casos, o sólo aquellos que sirvan a cierta mafia para poder culpar a los refugiados, inmigrantes, musulmanes o cualquier otra minoría que ellos odien?

Que por cierto, lo único que se puede ""utilizar"" en este sentido es el hecho de que es refugiado sirio, y algunos ya están cargando contra todos los refugiados sirios, como si en ese colectivo no debiera estadísticamente haber, como mínimo, los mismos índices de criminalidad que en el resto (y digo como mínimo porque por su situación lo normal es que haya más). No se ve en ningún medio serio que esto tenga ninguna conexión con el Daesh ni con el yihadismo. Ni siquiera se sabe la religión del autor, ni si existe relación o no entre ésta y los hechos. De hecho, se puede leer que hubo una discusión previa con la víctima y que la policía descarta que haya peligro para la población.

Dentro de poco la portada de menéame parecerá la de La Razón."
inmigracion,https://www.meneame.net/story/muerto-dos-heridos-tras-ataque-hombre-armado-machete-alemania,2649646,20006369,67,,--30685--,2016-07-24T17:18:01+00:00,13,-99,"No me dejan guardar la viñeta. 

Volvemos a sacarla."
inmigracion,https://www.meneame.net/story/muerto-dos-heridos-tras-ataque-hombre-armado-machete-alemania,2649646,20006360,66,43.0,Socavador,2016-07-24T17:15:49+00:00,4,34,"#43 Ya, porque en Alemania no hay asesinatos, por todos es sabido. A mi lo que me preocupa es que se usen estas cosas para agrabar la brecha de un problema que ya es bastante grande de por sí con consignas xenófobas que no llevan a ninguna parte, mas que a la confrontación, al conflicto y finalmente, si se enquista,  a un derramamiento de sangre mayor y más extendido en el tiempo. Deberíamos ser más responsables porque luego se lamentará como ya ha sucedido antes. Lo estúpido es creer que las culturas no chocan y que la absorción es automática."
inmigracion,https://www.meneame.net/story/muerto-dos-heridos-tras-ataque-hombre-armado-machete-alemania,2649646,20006358,65,57.0,--324579--,2016-07-24T17:15:44+00:00,20,183,"#57 no hay que explicar nada. La xenofobia es siempre injustificada. Si tu te vas ahora a otro país ¿ habría que tenerte odio ?
#62 ya lo hemos comentado alguna vez. Os montáis una caricatura del mundo que no existe, que no es real y luego os dedicáis a criticarla.
Cansa."
inmigracion,https://www.meneame.net/story/muerto-dos-heridos-tras-ataque-hombre-armado-machete-alemania,2649646,20006357,64,61.0,Remenad0r,2016-07-24T17:15:32+00:00,15,57,"#61 Sigue tirando balones fuera. No si explicaciones no tienes que dar, no podrías aunque quisieras. Pero pregúntate a ti mismo lo que te contestarían los familiares de los que han matado.

Antes de seguir relativizando muertes, sea por terrorismo o por ataques de cuatro ""zumbados"" (ya van unos cuantos pero bueno). Y culpando a Occidente de todas las decisiones que afecten o no a Oriente. Su cultura algo tiene que ver en que en sus propios países se maten entre ellos.

La situación es complicada y se haga lo que se haga siempre va a ser un error. Pero como digo no es bueno tolerar gente que suele imponer su cultura por la violencia, a pedir tolerancia y no tenerla en sus países de origen."
inmigracion,https://www.meneame.net/story/muerto-dos-heridos-tras-ataque-hombre-armado-machete-alemania,2649646,20006353,63,18.0,--521106--,2016-07-24T17:15:00+00:00,0,6,#18 ya va la Merkel a su habitación cargada de posters y chinchetas {lol}
inmigracion,https://www.meneame.net/story/muerto-dos-heridos-tras-ataque-hombre-armado-machete-alemania,2649646,20006342,62,,--10615--,2016-07-24T17:12:19+00:00,20,164,"Culpa de los alemanes, por no integrarlo lo suficiente, él es la primera victima de todo.

{shit}"
inmigracion,https://www.meneame.net/story/muerto-dos-heridos-tras-ataque-hombre-armado-machete-alemania,2649646,20006339,61,57.0,UsuarioDuro,2016-07-24T17:11:41+00:00,24,155,"#57 Otra vez: yo no tengo que explicarle nada a nadie. 

¿Acaso voy a tener que dar explicaciónes por cada agresión perpetrada en terrirorio europeo?"
inmigracion,https://www.meneame.net/story/muerto-dos-heridos-tras-ataque-hombre-armado-machete-alemania,2649646,20006335,60,33.0,--479141--,2016-07-24T17:11:02+00:00,55,-254,#33 La carne de moro cocinada sabe mejor.
inmigracion,https://www.meneame.net/story/muerto-dos-heridos-tras-ataque-hombre-armado-machete-alemania,2649646,20006334,59,1.0,--74648--,2016-07-24T17:10:49+00:00,37,268,"#1 primeros tres comentarios de Reddit, los mas votados, sobre la noticia, buen resumen de lo que ha pasado y la situacion en general con lo que esta pasando:


Yo ya paso de opinar que estoy hasta el rabo de insultos de los democratas de este site.

https://www.reddit.com/r/worldnews/comments/4udpx9/machete_attacker_kills_one_wounds_two_in_germany/{troll}"
inmigracion,https://www.meneame.net/story/muerto-dos-heridos-tras-ataque-hombre-armado-machete-alemania,2649646,20006322,58,2.0,--324579--,2016-07-24T17:08:21+00:00,7,81,"#2 sí hay que hacer algo y es de esperar que la policía esté con ello.
Pero a diferencia de otros casos de terrorismo anteriores, en que la población estaba unida y más o menos se tenían las ideas claras, esta vez hay dos cosas que van a hacerlo más difícil.
a) no se trata de organizaciones, son locos que cogen un arma cada uno con su excusa propia y personal.
b) la sociedad no quiere solucionar el problema. Lo que se oye siempre es que quieren aprovechar esta situación para dar rienda suelta a sus bajos instintos: xenofobia, racismo,... que son temas que no tienen nada que ver.

Es complicado, se va a tardar. Yo lo entiendo, es difícil llevar un país donde cuando los propios ciudadanos se empeñan en no pensar.

#44 es muy distinto que los hechos sean pavorosos a que se extienda el miedo por la población (con campaña o sin ella)."
inmigracion,https://www.meneame.net/story/muerto-dos-heridos-tras-ataque-hombre-armado-machete-alemania,2649646,20006321,57,54.0,Remenad0r,2016-07-24T17:08:08+00:00,22,-73,"#54 Les tienes que explicar todo el rollo de que la xenofobia es injustificada, que son casos puntuales y todas las paridas de que si es culpa de Breivik, la extrema derecha,etc. 

No se, lo mismo si ahora su familia se les va la olla... puedes decir también eso, ""es culpa de occidente que ataca sus países"". Pero al revés."
inmigracion,https://www.meneame.net/story/muerto-dos-heridos-tras-ataque-hombre-armado-machete-alemania,2649646,20006319,56,30.0,nilien,2016-07-24T17:07:53+00:00,7,64,"#30 Ah, es que si te llamas Hassan resulta que no puedes ser alemán. 

Y luego dirás que eso no es racismo..."
inmigracion,https://www.meneame.net/story/muerto-dos-heridos-tras-ataque-hombre-armado-machete-alemania,2649646,20006318,55,4.0,--354568--,2016-07-24T17:07:44+00:00,4,54,#4 pero no es un un yihadista rebanacabezas
inmigracion,https://www.meneame.net/story/muerto-dos-heridos-tras-ataque-hombre-armado-machete-alemania,2649646,20006309,54,45.0,UsuarioDuro,2016-07-24T17:05:16+00:00,30,185,"#45 ¿Que les tengo que explicar?

Eso de tus teorías sobra.

Hablo de xenofóbia y de Menéame."
inmigracion,https://www.meneame.net/story/muerto-dos-heridos-tras-ataque-hombre-armado-machete-alemania,2649646,20006307,53,50.0,Remenad0r,2016-07-24T17:05:11+00:00,8,75,"#50 ¿alguien está debatiendo si es terrorismo o no? yo no. Da igual si es ""terrorismo"" o no, y por otro lado matar a una persona por lo que sea ya es grave. Vuelvo a insistir, ya que eres un refugiado en otro país al menos no mates gente.

Si como dicen era un refugiado que ya habían detenido anteriormente."
inmigracion,https://www.meneame.net/story/muerto-dos-heridos-tras-ataque-hombre-armado-machete-alemania,2649646,20006304,52,,--30685--,2016-07-24T17:04:51+00:00,43,42,Welcome refugees! Han sido unos machetazos aislados. {popcorn}
inmigracion,https://www.meneame.net/story/muerto-dos-heridos-tras-ataque-hombre-armado-machete-alemania,2649646,20006302,51,42.0,GeoX,2016-07-24T17:04:14+00:00,2,34,#42 Menos mal que estás tu.
inmigracion,https://www.meneame.net/story/muerto-dos-heridos-tras-ataque-hombre-armado-machete-alemania,2649646,20006300,50,43.0,--461677--,2016-07-24T17:04:00+00:00,1,14,#43 No niego que sea un criminal ni que no haya que expulsarle sólo digo que igual no es terrorismo.
inmigracion,https://www.meneame.net/story/muerto-dos-heridos-tras-ataque-hombre-armado-machete-alemania,2649646,20006294,49,32.0,--74648--,2016-07-24T17:03:13+00:00,6,51,#32 a quien han baneado en los anteriores? a los que insultan a los que se quejan de que en nombre del islam i por culpa del islam (irani chii vs sturcos sunies) se mate dia si y dia tb?
inmigracion,https://www.meneame.net/story/muerto-dos-heridos-tras-ataque-hombre-armado-machete-alemania,2649646,20006293,48,39.0,--122195--,2016-07-24T17:03:10+00:00,0,13,"#39 sí, la verdad te parece cómica"
inmigracion,https://www.meneame.net/story/muerto-dos-heridos-tras-ataque-hombre-armado-machete-alemania,2649646,20006292,47,44.0,powernergia,2016-07-24T17:02:57+00:00,7,48,"#44 Pues te informo de que tenemos bastantes menos muertos por terrorismo que hace 10 años, aunque el miedo sea mayor."
inmigracion,https://www.meneame.net/story/muerto-dos-heridos-tras-ataque-hombre-armado-machete-alemania,2649646,20006291,46,37.0,UsuarioDuro,2016-07-24T17:02:54+00:00,10,101,"#37 Exáxto. Independientemente de los hechos, existe una actitud bastánte tendenciosa de algúnos usuarios en vincular todo lo posible con Daesh. 

Les viene genial para difundir su discurso del odio.

Si es que incluso parace que lo desearan {palm}"
inmigracion,https://www.meneame.net/story/muerto-dos-heridos-tras-ataque-hombre-armado-machete-alemania,2649646,20006288,45,26.0,Remenad0r,2016-07-24T17:02:46+00:00,12,40,"#26 Aporta que los medios ocultan información, que es relevante. Y yo estoy de acuerdo en traer refugiados. Siempre hay que ayudar a la gente aunque hay que poner algo de control en algunos casos.

Pero ahora ves y le explicas tus teorías a la familia de la mujer que ha matado."
inmigracion,https://www.meneame.net/story/muerto-dos-heridos-tras-ataque-hombre-armado-machete-alemania,2649646,20006278,44,38.0,topolivan,2016-07-24T17:01:22+00:00,9,57,"#38 No sé muy bien a dónde quieres llegar pero vamos, que está claro que tal y como está evolucionando la situación no hay que orquestrar ninguna ""campaña del miedo"". Los hechos tal cual están sucediendo son bastante pavorosos de por sí."
inmigracion,https://www.meneame.net/story/muerto-dos-heridos-tras-ataque-hombre-armado-machete-alemania,2649646,20006277,43,25.0,Remenad0r,2016-07-24T17:00:54+00:00,16,106,"#25 Fue detenido anteriormente y puesto en libertad según dice otro comentario. En cualquier caso, ya que vas a otro país porque el tuyo está en guerra al menos no mates gente. Un poco de esfuerzo al menos, por integrarse."
inmigracion,https://www.meneame.net/story/muerto-dos-heridos-tras-ataque-hombre-armado-machete-alemania,2649646,20006276,42,22.0,--508249--,2016-07-24T17:00:28+00:00,5,30,#22 #ElMundoParaleloDeMeneame
inmigracion,https://www.meneame.net/story/muerto-dos-heridos-tras-ataque-hombre-armado-machete-alemania,2649646,20006270,41,,--224275--,2016-07-24T16:59:10+00:00,1,24,"Un caso aislado.

Fuera de bromas, el meneo no da información suficiente para saber si se trata de un crimen de pareja, pelea de vecinos, o terrorismo."
inmigracion,https://www.meneame.net/story/muerto-dos-heridos-tras-ataque-hombre-armado-machete-alemania,2649646,20006265,40,4.0,--212323--,2016-07-24T16:58:20+00:00,10,103,#4 hechos aislados y si dices que es un refugiado te frien a negativos .
inmigracion,https://www.meneame.net/story/muerto-dos-heridos-tras-ataque-hombre-armado-machete-alemania,2649646,20006264,39,22.0,--510065--,2016-07-24T16:58:04+00:00,6,-11,"#22 Sois cómicos, pero mucho, hasta el punto de ser ridículos."
inmigracion,https://www.meneame.net/story/muerto-dos-heridos-tras-ataque-hombre-armado-machete-alemania,2649646,20006258,38,27.0,powernergia,2016-07-24T16:57:27+00:00,11,61,"#27 Pues preparaté porque te guste o no, vas a tragar refugiados (de guerra, económicos o climáticos), por un tubo.

Y si hablamos de terrorismo, cuidate mas de los nacionales europeos que de los refugiados. (Como los hechos demuestran).

Y ahora me cuentas lo de que que hay que prohibir el velo y las mezquitas."
inmigracion,https://www.meneame.net/story/muerto-dos-heridos-tras-ataque-hombre-armado-machete-alemania,2649646,20006253,37,22.0,UlisesRey,2016-07-24T16:56:30+00:00,13,125,"#22 Ni aquí:
http://www.sueddeutsche.de/news/panorama/kriminalitaet-mann-mit-machete-toetet-frau-in-reutlingen---zwei-verletzte-dpa.urn-newsml-dpa-com-20090101-160724-99-800456
Ni aquí:
http://www.zeit.de/index

En ninguno de los dos se habla de refugiado sirio.
El mundo cita das Bild que es como citar a mi tía.

Será o no refugiado, pero lo que está claro es que meneame lo sabía antes que los periódicos alemanes."
inmigracion,https://www.meneame.net/story/muerto-dos-heridos-tras-ataque-hombre-armado-machete-alemania,2649646,20006244,36,,--400686--,2016-07-24T16:54:54+00:00,6,47,"caso aislado nro.... ya perdimos la cuenta

{roll} {troll}"
inmigracion,https://www.meneame.net/story/muerto-dos-heridos-tras-ataque-hombre-armado-machete-alemania,2649646,20006241,35,3.0,manson2000,2016-07-24T16:54:12+00:00,0,8,#3 Vuelven a sus tradiciones!!! ( )
inmigracion,https://www.meneame.net/story/muerto-dos-heridos-tras-ataque-hombre-armado-machete-alemania,2649646,20006235,34,21.0,--518448--,2016-07-24T16:53:27+00:00,1,18,"#21 Nunca he puesto en duda nada, digo lo que el título y la entradilla plasman. fue detenido... Ese dato plasma oscuridad. 

{tinfoil}"
inmigracion,https://www.meneame.net/story/muerto-dos-heridos-tras-ataque-hombre-armado-machete-alemania,2649646,20006231,33,24.0,manson2000,2016-07-24T16:52:45+00:00,2,17,"#24 Oye, que tampoco estan tan mal los Kebabs..."
inmigracion,https://www.meneame.net/story/muerto-dos-heridos-tras-ataque-hombre-armado-machete-alemania,2649646,20006229,32,,--78896--,2016-07-24T16:52:42+00:00,4,61,"Bueno, ya ha llegado a portada, a ver quién dice la barbaridad más grande y se lleva un baneíto como en los anteriores.

¡Y no se olviden de participar en la próxima los ganadores! (ya sabéis, ejem clones ejem {wink} )"
inmigracion,https://www.meneame.net/story/muerto-dos-heridos-tras-ataque-hombre-armado-machete-alemania,2649646,20006225,31,,Vattenfall,2016-07-24T16:52:04+00:00,9,37,El heteropatriarcado va a llegar!!!!!
inmigracion,https://www.meneame.net/story/muerto-dos-heridos-tras-ataque-hombre-armado-machete-alemania,2649646,20006224,30,22.0,--490272--,2016-07-24T16:51:57+00:00,10,38,"#22 venga va, darle mas vueltas, al final será alemán aunque se llame Hassan, sera miembro de NNGG y socio del Madrid y abonao de las Ventas."
inmigracion,https://www.meneame.net/story/muerto-dos-heridos-tras-ataque-hombre-armado-machete-alemania,2649646,20006223,29,,--510065--,2016-07-24T16:51:50+00:00,3,28,"Está claro que es otro caso aislado, un loco..."
inmigracion,https://www.meneame.net/story/muerto-dos-heridos-tras-ataque-hombre-armado-machete-alemania,2649646,20006221,28,,--122195--,2016-07-24T16:51:42+00:00,0,13,Me corrijo a mimmismo en #22. Sí parece que sea refugiado por lo que dice el Spiegel. Al parecer llevaba un tiempo discutiendo con esa mujer a la que parecía conocer.
inmigracion,https://www.meneame.net/story/muerto-dos-heridos-tras-ataque-hombre-armado-machete-alemania,2649646,20006220,27,17.0,topolivan,2016-07-24T16:51:41+00:00,41,337,"#17 Especialmente, cuando el miedo es perfectamente racional y justificado."
inmigracion,https://www.meneame.net/story/muerto-dos-heridos-tras-ataque-hombre-armado-machete-alemania,2649646,20006218,26,16.0,UsuarioDuro,2016-07-24T16:51:20+00:00,23,107,"#16 Ese individuo sólo aporta xenofóbia y odio. Si no fuese refugiado: ¿te crees tu que va aportar algo?

Cualquiera puede leer sus comentarios y sacar sus propias conclusiónes."
inmigracion,https://www.meneame.net/story/muerto-dos-heridos-tras-ataque-hombre-armado-machete-alemania,2649646,20006213,25,4.0,--461677--,2016-07-24T16:50:24+00:00,7,58,"#4 #14 Está bien informar. Ahora bien, habrá que esperar para saber los motivos. Igual ha sido una vulgar riña que ha degenerado en asesinato y no terrorismo."
inmigracion,https://www.meneame.net/story/muerto-dos-heridos-tras-ataque-hombre-armado-machete-alemania,2649646,20006202,24,19.0,--490272--,2016-07-24T16:48:32+00:00,31,-151,#19 o que maten a Merkel.
inmigracion,https://www.meneame.net/story/muerto-dos-heridos-tras-ataque-hombre-armado-machete-alemania,2649646,20006201,23,9.0,--490272--,2016-07-24T16:48:13+00:00,5,32,"#9 yo soy de derechas. No estoy contento. Pero me daría mas rabia aún si fuese de izquierdas, ya que por culpa de el proislamismo de sus partidos y votantes, la derecha gana elecciones una y otra vez."
inmigracion,https://www.meneame.net/story/muerto-dos-heridos-tras-ataque-hombre-armado-machete-alemania,2649646,20006192,22,,--122195--,2016-07-24T16:46:31+00:00,4,33,La noticia del SZ original no habla de que sea refugiado y sí de que habia habido una discusión previa con la mujer victima a la que podría conocer. De momento podría ser violencia de género más que yihadismo.
inmigracion,https://www.meneame.net/story/muerto-dos-heridos-tras-ataque-hombre-armado-machete-alemania,2649646,20006191,21,6.0,--490272--,2016-07-24T16:46:17+00:00,7,67,#6 es un sirio que ya fue detenido y puesto en libertad.
inmigracion,https://www.meneame.net/story/muerto-dos-heridos-tras-ataque-hombre-armado-machete-alemania,2649646,20006190,20,16.0,Socavador,2016-07-24T16:46:09+00:00,5,3,#16 ¿Sectarismo? Explícate.
inmigracion,https://www.meneame.net/story/muerto-dos-heridos-tras-ataque-hombre-armado-machete-alemania,2649646,20006189,19,5.0,--324579--,2016-07-24T16:46:08+00:00,12,99,#5 que dimita el refugiado.
inmigracion,https://www.meneame.net/story/muerto-dos-heridos-tras-ataque-hombre-armado-machete-alemania,2649646,20006188,18,,Remenad0r,2016-07-24T16:46:06+00:00,6,54,Que miren el móvil a ver si tenia fotos de Breivik.
inmigracion,https://www.meneame.net/story/muerto-dos-heridos-tras-ataque-hombre-armado-machete-alemania,2649646,20006187,17,2.0,powernergia,2016-07-24T16:46:01+00:00,20,165,#2 De lo que no hay duda es de que la campaña del miedo es muy eficaz.
inmigracion,https://www.meneame.net/story/muerto-dos-heridos-tras-ataque-hombre-armado-machete-alemania,2649646,20006180,16,,pep009,2016-07-24T16:44:35+00:00,57,390,"Cuanto sectarismo, votando negativo a #4 por aportar más información para evitar discusiones fútiles sobre la nacionalidad del atacante. Pero en fin, esto es el nivel de meneame, no se porque me sorprendo."
inmigracion,https://www.meneame.net/story/muerto-dos-heridos-tras-ataque-hombre-armado-machete-alemania,2649646,20006177,15,,Cehona,2016-07-24T16:44:04+00:00,2,29,Sirios y turcos en clara armonia comunal.
inmigracion,https://www.meneame.net/story/muerto-dos-heridos-tras-ataque-hombre-armado-machete-alemania,2649646,20006172,14,12.0,Socavador,2016-07-24T16:43:01+00:00,37,12,#12 Nos molesta que utilices los hechos para dar rienda suelta a tus más guarros sueños.
inmigracion,https://www.meneame.net/story/muerto-dos-heridos-tras-ataque-hombre-armado-machete-alemania,2649646,20006170,13,,zenislev_v,2016-07-24T16:42:47+00:00,42,-322,Los morowers deberían de dejar de tocar los cojones en Europa. Sobre todo en Alemania que ya tiene experiencia en coger a un grupo etnico y/o religioso y meterlos a picar piedra o fabricar cosas a cambio de no gasearlos. Y estos no son judíos que puedan interesar a nadie.
inmigracion,https://www.meneame.net/story/muerto-dos-heridos-tras-ataque-hombre-armado-machete-alemania,2649646,20006167,12,9.0,--508249--,2016-07-24T16:41:18+00:00,83,531,#9 #11 Parece que os molesta que se informe de los hechos.
inmigracion,https://www.meneame.net/story/muerto-dos-heridos-tras-ataque-hombre-armado-machete-alemania,2649646,20006163,11,4.0,Socavador,2016-07-24T16:40:45+00:00,6,41,#4 Entonces...¿Estás orgulloso esta vez?
inmigracion,https://www.meneame.net/story/muerto-dos-heridos-tras-ataque-hombre-armado-machete-alemania,2649646,20006160,10,,--521188--,2016-07-24T16:40:20+00:00,6,58,Ha sido un refugiado sirio.
inmigracion,https://www.meneame.net/story/muerto-dos-heridos-tras-ataque-hombre-armado-machete-alemania,2649646,20006155,9,4.0,dunachio,2016-07-24T16:38:52+00:00,39,-4,#4 Se te ve contenta. {palm}
inmigracion,https://www.meneame.net/story/muerto-dos-heridos-tras-ataque-hombre-armado-machete-alemania,2649646,20006151,8,2.0,--271311--,2016-07-24T16:37:54+00:00,13,86,#2 Nos comen {palm}
inmigracion,https://www.meneame.net/story/muerto-dos-heridos-tras-ataque-hombre-armado-machete-alemania,2649646,20006142,7,,--518248--,2016-07-24T16:36:22+00:00,13,111,"""ha atacado a varias personas junto a un puesto de comida turca"" y ademas lo ponen en negrilla.   Imagino que ya tenemos la suficiente información incompleta para sacar conclusiones precipitadas"
inmigracion,https://www.meneame.net/story/muerto-dos-heridos-tras-ataque-hombre-armado-machete-alemania,2649646,20006140,6,1.0,--518448--,2016-07-24T16:36:08+00:00,23,188,"#1 Musulman, no, dicen hombre con machete. Que para eso, estando las cosas como están, mejor es callarse y esperar.

Aunque por otra parte me importa una mierda lo que sea, si ha matado, es un asesino."
inmigracion,https://www.meneame.net/story/muerto-dos-heridos-tras-ataque-hombre-armado-machete-alemania,2649646,20006135,5,1.0,--490272--,2016-07-24T16:35:27+00:00,43,3,#1 sí. Es un refugiado. La policia no ha podido ocultarlo esta vez. merkel ebe dimitir.
inmigracion,https://www.meneame.net/story/muerto-dos-heridos-tras-ataque-hombre-armado-machete-alemania,2649646,20006134,4,,--508249--,2016-07-24T16:35:18+00:00,125,689,"Aunque Público no lo dice, el asesino es un refugiado sirio. Confirmado por la policía. Un refugiado sirio mata a una mujer y hiere a otras dos personas con un machete en el sur de Alemania http://www.elmundo.es/internacional/2016/07/24/5794e984268e3eac728b4590.html"
inmigracion,https://www.meneame.net/story/muerto-dos-heridos-tras-ataque-hombre-armado-machete-alemania,2649646,20006131,3,,milkarri,2016-07-24T16:34:29+00:00,8,69,A Alemania le florecen los zumbados.
inmigracion,https://www.meneame.net/story/muerto-dos-heridos-tras-ataque-hombre-armado-machete-alemania,2649646,20006128,2,,--506045--,2016-07-24T16:33:57+00:00,61,47,A algunos les va a tocar ir replanteándose algunas posiciones políticas sobre este tema de los refugiados. O empezamos a espabilar o nos comen
inmigracion,https://www.meneame.net/story/muerto-dos-heridos-tras-ataque-hombre-armado-machete-alemania,2649646,20006127,1,,--511467--,2016-07-24T16:33:55+00:00,35,146,¿otro musulman matando?
