tema,url_meneame,id_noticia_meneame,id_comentario,numero_comentario,responde_a_numero,usuario,fecha_comentario_utc,votos,karma,texto
inmigracion,https://www.meneame.net/story/berlin-identifica-18-demandantes-asilo-entre-detenidos-sexuales,2541566,18573060,329,328.0,enrii.bc,2016-01-11T18:12:50+00:00,0,7,#328 cierto man.
inmigracion,https://www.meneame.net/story/berlin-identifica-18-demandantes-asilo-entre-detenidos-sexuales,2541566,18568371,328,317.0,Fernando_x,2016-01-11T09:38:12+00:00,1,17,"#317 todo lo que hay en derecho tiene una razón de ser, así que le he preguntado a un amigo abogado. Y lo cierto es que la explicación es bien simple que no sé cómo no caí en ello: 

Si se les expulsara sin más, sin aplicar una pena de cárcel, convertiríamos a España en un paraíso para delincuentes: viene, entra ilegalmente, delinque, roba, viola todo lo que quiere, y cuando le pillan, viaje de retorno a casa gratis a disfrutar de lo robado. Y cuando haya descansado, vuelta a empezar."
inmigracion,https://www.meneame.net/story/berlin-identifica-18-demandantes-asilo-entre-detenidos-sexuales,2541566,18568339,327,325.0,Fernando_x,2016-01-11T09:33:43+00:00,0,10,"#325 no entiendo las razones para nombrarte juez. Por esa regla, me nombro ganador por doble goleada.

Pero sigo interesado en saber a cuantos inmigrantes has cogido del cuello cuando intentaban cruzar la frontera ilegalmente y les has echado fuera con una patada en el trasero. Es curiosidad."
inmigracion,https://www.meneame.net/story/berlin-identifica-18-demandantes-asilo-entre-detenidos-sexuales,2541566,18566805,326,275.0,--504314--,2016-01-10T23:51:42+00:00,0,6,#275 Amigame por favor.
inmigracion,https://www.meneame.net/story/berlin-identifica-18-demandantes-asilo-entre-detenidos-sexuales,2541566,18560828,325,323.0,--226131--,2016-01-10T10:17:52+00:00,0,9,#323 entonces este bando gana por goleada al samaritano
inmigracion,https://www.meneame.net/story/berlin-identifica-18-demandantes-asilo-entre-detenidos-sexuales,2541566,18558599,324,311.0,--191772--,2016-01-09T21:23:32+00:00,0,10,"#311 Ya estamos cediendo cuando aceptamos a todos los inmigrantes que vienen con la excusa de la guerra. Que se acepten a los niños, a las mujeres y a los ancianos; los hombres a defender a su país. Cuando termine la guerra todos de vuelta a reconstruir sus vidas en sus países de origen, como siempre se ha hecho. Pero no, ahora tenemos que hacernos los guays y aceptar a cientos de miles de personas sin formación, que no aportan absolutamente nada a nuestras sociedades y con los que no compartimos idioma, costumbres o valores. Han bastado unos pocos meses para que los más imbéciles empezaran a dar problemas, el resto no será tan gilipollas como para morder la mano que les da de comer, pero como siempre, las segundas o terceras generaciones darán guerra."
inmigracion,https://www.meneame.net/story/berlin-identifica-18-demandantes-asilo-entre-detenidos-sexuales,2541566,18558556,323,322.0,Fernando_x,2016-01-09T21:18:13+00:00,0,10,#322 Los mismos o más de los que tú has expulsado de España.
inmigracion,https://www.meneame.net/story/berlin-identifica-18-demandantes-asilo-entre-detenidos-sexuales,2541566,18558217,322,306.0,--226131--,2016-01-09T20:36:40+00:00,0,9,#306 a cuantos has alojado en tu casa? Es una curiosidad...
inmigracion,https://www.meneame.net/story/berlin-identifica-18-demandantes-asilo-entre-detenidos-sexuales,2541566,18557879,321,319.0,--234048--,2016-01-09T19:55:52+00:00,0,16,"#319 Claro que soy un racista de mierda... porque los mocos de todos son verdes y cagamos marrón. Odio a todos los humanos por igual... excepto a algunos memos que lo hago especialmente por su ideología caduca, obsoleta y ridícula... La tuya... La de los fracasados.

Racista dice.."
inmigracion,https://www.meneame.net/story/berlin-identifica-18-demandantes-asilo-entre-detenidos-sexuales,2541566,18557781,320,93.0,--136355--,2016-01-09T19:43:39+00:00,0,9,"#93 Después del mayor ZAS de 2016 sólo había una forma de aumentar tu ridículo, que era venir rabioso a votar negativo a todos los comentarios. {lol} {lol} {lol} {lol} {lol} {lol} {lol} {lol} {lol} {lol} {lol} {lol} {lol} {lol} {lol} {lol} {lol} {lol} {lol} {lol} {lol} {lol} {lol} {lol} {lol} {lol} {lol} {lol} {lol} {lol} {lol} {lol} {lol} {lol} {lol} {lol} {lol} {lol} {lol} {lol} {lol} {lol} {lol} {lol} {lol} {lol} {lol} {lol} {lol} {lol} {lol} {lol} {lol} {lol} {lol} {lol} {lol} {lol} {lol} {lol} {lol}

Sí amigos, lo ha vuelto a hacer"
inmigracion,https://www.meneame.net/story/berlin-identifica-18-demandantes-asilo-entre-detenidos-sexuales,2541566,18556833,319,248.0,--89667--,2016-01-09T17:35:40+00:00,0,10,"#248 Básicamente la fe está en contra de la ciencia. Es una cuestión de semántica.

#100 Sabes perféctamente que no es comparable una raza / etnia con una profesión o una ideología. Yo he elegido mi ideología, pero no he elegido mi raza ni mi etnia. Pero vamos, eso lo sabes y dices esto porque eres un racista de mierda."
inmigracion,https://www.meneame.net/story/berlin-identifica-18-demandantes-asilo-entre-detenidos-sexuales,2541566,18556775,318,317.0,Fernando_x,2016-01-09T17:26:50+00:00,0,10,"#317 Se la puede expulsar por entrar ilegalmente, pero no por cometer un delito dentro. Por el delito se pena con cárcel o lo que estipule el código legal. Una vez cumplida la pena, se le puede expulsar por entrar ilegalmente, pero expulsar sin pagar por lo delitos, no."
inmigracion,https://www.meneame.net/story/berlin-identifica-18-demandantes-asilo-entre-detenidos-sexuales,2541566,18556602,317,313.0,enrii.bc,2016-01-09T17:03:30+00:00,0,7,#313 para mi si tiene sentido y ojala se hiciera. que minimo que si estas en un pais quw no es el tuyo no delincas y sobretodo violentamente y no soy abogado pero creo que a la gente se la puede expulsar del pais.
inmigracion,https://www.meneame.net/story/berlin-identifica-18-demandantes-asilo-entre-detenidos-sexuales,2541566,18556384,316,285.0,Delapresa,2016-01-09T16:31:51+00:00,0,10,"#285 Robar, violar, matar, vamos delinquir nunca es justificable bajo esas condiciones, eso lo tenemos claro los dos. Lo único que quiero hacerte comprender es que esas condiciones, son el detonante habitual para cometer delitos en cualquier país. Pues al final son excluidos de la sociedad y muy pocos se integran al 100%."
inmigracion,https://www.meneame.net/story/berlin-identifica-18-demandantes-asilo-entre-detenidos-sexuales,2541566,18555910,315,276.0,Fernando_x,2016-01-09T15:27:07+00:00,0,10,#276 Problema; en Europa las religiones tienen un blindaje especial para poder discriminar todo lo que quieran. Los esfuerzos de los lobbies cristianos han tenido este efecto indeseado.
inmigracion,https://www.meneame.net/story/berlin-identifica-18-demandantes-asilo-entre-detenidos-sexuales,2541566,18555897,314,278.0,Fernando_x,2016-01-09T15:25:16+00:00,1,21,"#278 Pero si han venido a destruir el país tal como hicieron en el suyo, las inundaciones ayudan. Y si no eres un buenrrollista o cualquier otra cosa que evite tener que escuchar tus argumentos {tongue}"
inmigracion,https://www.meneame.net/story/berlin-identifica-18-demandantes-asilo-entre-detenidos-sexuales,2541566,18555883,313,54.0,Fernando_x,2016-01-09T15:23:16+00:00,0,10,"#54 Es extraño como mucha gente en mnm no entiende un concepto básico del estado de derecho como que la ley debe ser igual para todos. A alguien se le puede expulsar por estar ilegalmente, pero no por cometer delitos para los cuales ya existe una pena. Para el robo, agresión, etc, existen penas de cárcel en el código penal, y por él serán juzgados. Posteriormente, una vez cumplida la pena de cárcel, aquellos que estén ilegalmente, podrán ser expulsados también siguiendo el código penal. Y aquellos que estén en trámite para solicitar asilo, se les puede denegar.

Pero ¿expulsar por cometer delitos? eso no tiene sentido.

PD: Existe una excepción con aquellos países con los que se tenga un convenio de extradición, se les puede enviar allí a que cumplan su condena en una cárcel de allí. Si no, no."
inmigracion,https://www.meneame.net/story/berlin-identifica-18-demandantes-asilo-entre-detenidos-sexuales,2541566,18555820,312,71.0,Fernando_x,2016-01-09T15:16:42+00:00,0,10,"#71 Esa catarata se llama diarrea. El antibiótico ha causado un genocidio sobre tu flora intestinal, que es la encargada de que no pase eso. Toma Fortasec sólo si la diarrea es excesiva y estás perdiendo muchos líquidos. Y repón la flora con yogures o cápsulas de lactobacillus. Sobre tu ano, tienes un comienzo de hemorroides. Lo siento, pero no hay solución para ello e irá a más a lo largo de tu vida. Evita el picante y las comidas abundantes."
inmigracion,https://www.meneame.net/story/berlin-identifica-18-demandantes-asilo-entre-detenidos-sexuales,2541566,18555642,311,309.0,Fernando_x,2016-01-09T14:59:43+00:00,0,10,"#309 Europa no está perdida, más que en la boca de gente como tú, cobarde y derrotista, que son los únicos que tienen miedo a que Europa pierda.

Te reto a que busques en cualquier comentario mío, en que diga que los europeos tengamos que ceder en nuestra cultura, nuestros ideales o en derechos humanos."
inmigracion,https://www.meneame.net/story/berlin-identifica-18-demandantes-asilo-entre-detenidos-sexuales,2541566,18555474,310,37.0,opinator87,2016-01-09T14:36:22+00:00,1,18,"#37 ¿Fuente de que Suiza no tiene un sólo refugiado?
El pasado verano vi cientos de ellos en la zona de Ginebra y Lausanna (estaban por la estación y no les dejaban pasar a Francia). En Zurich y Friburgo estaban hospédándolos en los búnkeres de los hospitales del cantón, según me informaron compañeros que trabajan allí."
inmigracion,https://www.meneame.net/story/berlin-identifica-18-demandantes-asilo-entre-detenidos-sexuales,2541566,18555274,309,305.0,--191772--,2016-01-09T14:05:47+00:00,0,10,"#305 Con gente como tú, Europa está perdida."
inmigracion,https://www.meneame.net/story/berlin-identifica-18-demandantes-asilo-entre-detenidos-sexuales,2541566,18554760,308,307.0,--417749--,2016-01-09T12:44:30+00:00,0,12,"#307 Vamos a ver, el gobierno no es racista. Les dan ayudas como a cualquier otro {palm} 

Mi amigo está prometido allí con su chica y él sí ha sufrido racismo. En Helsinki no, pero en el pueblo de los padres de su novia tuvo que salir por patas una vez porque le zurraban al canto de ""vete a tu país"". No les gustan los morenos."
inmigracion,https://www.meneame.net/story/berlin-identifica-18-demandantes-asilo-entre-detenidos-sexuales,2541566,18554532,307,304.0,--456958--,2016-01-09T12:09:26+00:00,0,7,"#304 que raro, porque para ser tan racistas les dan pisos, becas y ayudas sociales a todos los que han pedido exilio de varios países. Mientras tanto, miles de ciudadanos autóctonos hacen cola para recibir alimentos y el resto del día se lo pasan borrachos.

Y no, a mis dos amigos no les han tratado mal. Uno de ellos incluso está casado con una finlandesa."
inmigracion,https://www.meneame.net/story/berlin-identifica-18-demandantes-asilo-entre-detenidos-sexuales,2541566,18554410,306,302.0,Fernando_x,2016-01-09T11:48:39+00:00,0,10,"#302 aunque sean la mayoría de los detenidos de eso no se puede deducir de ninguna manera que sean la mayoría de los refugiados. Y aunque sean la mayoría de los refugiados, no justifica acciones en contra de la totalidad. Hay que analizar una por una las solicitudes de refugiado, y actuar individualmente, tal como ocurre en un Estado de Derecho.

Lo de ""debemos abrirles las piernas también"" te lo metes donde quepa porque nunca nadie ha usado ese argumento. Que fácil es discutir cuando te inventas el argumento del contrario. Todos estamos en contra de los violadores y delincuentes sexuales, sean de donde sean. Pero los refugiados, la mayoría, la buena gente, como mi vecina argelina, una señora viuda que no puede ser más buena, son y siempre serán bien recibidos."
inmigracion,https://www.meneame.net/story/berlin-identifica-18-demandantes-asilo-entre-detenidos-sexuales,2541566,18554377,305,301.0,Fernando_x,2016-01-09T11:41:42+00:00,0,10,"#301 que, ¿uso palabras demasiado complicadas para ti? ¿que haya gente que no juzgue a la totalidad de una población por lo que hacen algunos hace que te duela la cabeza? ¿o es que te molesta que alguien ponga en evidencia tus argumentos xenofobos con no con buenrollismo sino con argumentos anticriminales?"
inmigracion,https://www.meneame.net/story/berlin-identifica-18-demandantes-asilo-entre-detenidos-sexuales,2541566,18553626,304,298.0,--417749--,2016-01-09T09:29:10+00:00,0,12,"#298 Yo también tengo amigos en Finlandia y no es que estén hasta los cojones de ellos, es que son racistas hasta la médula, incluso con los españoles. Si vas a Finlandia y socializas un poco, lo vivirás en tu propia carne, aunque estés bien integrado y tengas tu trabajo."
inmigracion,https://www.meneame.net/story/berlin-identifica-18-demandantes-asilo-entre-detenidos-sexuales,2541566,18553526,303,2.0,polvos.magicos,2016-01-09T09:05:14+00:00,0,9,"#2 El problema de darles asilo en la carcel es el de siempre, que lo paga el pueblo con sus impuestos, yo mejor les enviaba a sus paises de origen sin pasar por la carcel y desde luego teniendo muy presente no permitir que vuelvan a entrar."
inmigracion,https://www.meneame.net/story/berlin-identifica-18-demandantes-asilo-entre-detenidos-sexuales,2541566,18553525,302,147.0,--226131--,2016-01-09T09:05:04+00:00,0,9,"#147 18 refugiados de 31 detenidos. Tienen quorum, asi que justificado su rechazo. Por otro lado Der Speigel ya ha informado que las señales de los moviles robados se pierden muchas cerca de los campos de refugiados. Pero no, los refugiados son welcomed y tan con brazos abiertos son recibidos que debemos abrirles las piernas tambien. Tenemos lo que hay: nos han camuflado mucha escoria entrE poco refugiado de verdad ( #11 )  pero a ver quien lo demuestra ahora si se les dejo entrar en Europa sin ni siquiera identificarles, y se han convertido en hordas.

#2 si, pero en sus carceles de sus paises de origen. Eso si que les acojonaria. Y si hay que pagarlo, nos saldria barato."
inmigracion,https://www.meneame.net/story/berlin-identifica-18-demandantes-asilo-entre-detenidos-sexuales,2541566,18553409,301,294.0,--191772--,2016-01-09T08:13:18+00:00,1,0,"#294 Blablabla demagogia blablabla buenrrollismo blablabla politicamente correcto blablabla. Das ascazo, macho."
inmigracion,https://www.meneame.net/story/berlin-identifica-18-demandantes-asilo-entre-detenidos-sexuales,2541566,18552806,300,242.0,MDman,2016-01-09T00:56:57+00:00,0,10,#242 Dales tiempo y veras lo que pasa.
inmigracion,https://www.meneame.net/story/berlin-identifica-18-demandantes-asilo-entre-detenidos-sexuales,2541566,18552199,299,252.0,Arcuo,2016-01-08T22:56:00+00:00,0,6,"#252 La noticia es un poco rara, en la entradilla dice que las autoridades aclaran que no hay ninguna vinculo con los inmigrantes y refugiados recién llegados, en el texto de la noticia dice que las autiridades han querido dejar claro que no hay ningun vinculo confirmado , son dos cosas distintas. En el primer párrafo dice que la policía ha descartado que existan relación con los casos de Colonia, en el segundo párrafo las autoridades reconocen que si hay similitudes. En fin, si pero no. En cualquier caso yo he rebatido a uno que dijo que en Suiza no hay refugiados, esta claro que si los hay, ni siquiera conocía la noticia."
inmigracion,https://www.meneame.net/story/berlin-identifica-18-demandantes-asilo-entre-detenidos-sexuales,2541566,18552161,298,37.0,--456958--,2016-01-08T22:50:55+00:00,6,-1,"#37 te ríes de nosotros?¿ Hablamos de Suecia y no de Suiza?

Suecia es uno de los países donde más refugiados hay y donde más agresiones de estos individuos se registra.

Pero no sólo allí, Tengo dos amigos que viven en Finlandia y a pesar de que no hay tanto refugiado como sus vecinos ya empiezan a estar hasta los cojones de ellos."
inmigracion,https://www.meneame.net/story/berlin-identifica-18-demandantes-asilo-entre-detenidos-sexuales,2541566,18552142,297,200.0,pollo,2016-01-08T22:48:47+00:00,2,30,#200 Se ve que huían de Alemania para refugiarse en Alemania los muy cabrones. Espero que les expulsen a su país de origen.
inmigracion,https://www.meneame.net/story/berlin-identifica-18-demandantes-asilo-entre-detenidos-sexuales,2541566,18551991,296,295.0,--140519--,2016-01-08T22:31:26+00:00,1,22,#295 ¿de los atacantes o de todos los que se parezcan a los atacantes?  ¿O concretamente de los atacantes árabes/sirios/refugiados?
inmigracion,https://www.meneame.net/story/berlin-identifica-18-demandantes-asilo-entre-detenidos-sexuales,2541566,18551970,295,6.0,--504138--,2016-01-08T22:28:39+00:00,3,20,"#6, madre mía. Resulta que atacan a centenares de mujeres y lo importante es que podamos tener mala opinión de los atacantes. La virgen. {confused}"
inmigracion,https://www.meneame.net/story/berlin-identifica-18-demandantes-asilo-entre-detenidos-sexuales,2541566,18551935,294,289.0,Fernando_x,2016-01-08T22:25:18+00:00,2,11,"#289 Veo la regla de tres, también veo que los otros 12 no eran inmigrantes, lo cual nos deja bastante mal parados con el tipo de gentuza que tenemos aquí.

Veo que te gustan los porcentajes y consideras que hay que juzgar a toda una población según el comportamiento de una parte de él, inferior al 100% (y a partir de cierto porcentaje alto pasan a ser gentuza, basura...). Te propongo otra regla de tres: El 100% de los criminales eran hombres . Y pregunto desde mi incertidumbre: Si con un porcentaje inferior, los refugiados ya son basura, ¿que son los hombres para ti? ¿eres como las feminazis, que consideran que todos los hombres son violadores en potencia y hay que tratarlos como tales? Supongo que eres hombre y te costará juzgar como gentuza a un grupo al que perteneces, pero inténtalo con un poco de empatía. ¿como habría que considerarnos por esa ley de la regla de tres?

¿que propongo yo que se debería hacer con los inmigrantes que cometan delitos? las fuerzas policiales están para eso, así como un cuerpo de leyes ya existente. Que en vez de perder el tiempo controlando inmigrantes (o apalizando, como sugieren algunos que he leído), que se dediquen a perseguir criminales, sean de la nacionalidad que sean."
inmigracion,https://www.meneame.net/story/berlin-identifica-18-demandantes-asilo-entre-detenidos-sexuales,2541566,18551908,293,279.0,MasterChof,2016-01-08T22:22:30+00:00,1,20,"#279 pues tira de esta...
(Lo siento, pero me lo has puesto a huevo)"
inmigracion,https://www.meneame.net/story/berlin-identifica-18-demandantes-asilo-entre-detenidos-sexuales,2541566,18551889,292,281.0,--140519--,2016-01-08T22:20:25+00:00,2,13,"#281 esos datos que sigues sin mostrar?

{lol} {lol} {lol} {lol} {lol} {lol} {lol} {lol}"
inmigracion,https://www.meneame.net/story/berlin-identifica-18-demandantes-asilo-entre-detenidos-sexuales,2541566,18551680,291,,auroraboreal,2016-01-08T21:48:59+00:00,1,26,"¿Cambiaría algo que fueran, por ejemplo, 500-? No, no cambiaría absolutamente nada. Y ya sé que no es agradable leer lo que pasó, pero la realidad está ahí y esas son las cifras que han salido en toda la prensa seria internacional. De hecho, ya se está cobrando las primeras víctimas políticas por la mala actuación de la policía:

Por ejemplo, el jefe de la policía de Colonia, Wolfgang ALbers, ha sido destituido después de las críticas en la forma en que la policía manejó los incidentes violentos en la víspera de Año nuevo.
Y cito literalmente de la misma fuente: Polisen har sagt att omkring tusen män av utländskt ursprung rånade, hotade och ofredade kvinnor under nyårsnatten La policía ha dicho que al rededor de 1000 hombres de origen extranjero robaron, amenazaron y ""hostigaron"" a mujeres en la víspera de año nuevo

http://www.gp.se/nyheter/varlden/1.2950358-kolns-polischef-tvingas-avga

En español, la noticia de la destitución del jefe de policía de Colonia:
http://www.efe.com/efe/america/mundo/destituido-el-jefe-de-la-policia-colonia-tras-los-sucesos-nochevieja/20000012-2806327

Pero las cosas no se contaron hasta pasados unos días ¿por miedo, precisamente, a dar la razón a quienes hacían comentarios racistas? (de hecho, la primera noticia que leí yo solo hablaba de ""hombres"" y la segunda de ""hombres de origen norteafricano"").

Y no, aclaro que no creo que ""la mayoría"" fueran refugiados ni que el problema se deba a los refugiados. Y tengo muchas dudas a cerca de la nacionalidad o de la autenticidad de esos papeles que dicen que alguno rompió gritando cierta nacionalidad y diciendo que ""habían sido invitados"" y que conseguirían otro igual. 

Pero sí que creo que no ha sido una ""delincuencia habitual"" propia de un día de celebración y que no es sano negarlo. Y sí que creo que ha sido algo organizado y que es muy peligroso socialmente dejar sin una respuesta contundente hechos como estos que atacan uno de los pilares básicos de la sociedad (que, repito, es la igualdad).

En unos días empieza el carnaval de Colonia y, si yo pudiera, iría. 
Y pediría a todas las mujeres que pudieran hacerlo que fueran a los carnavales, que salieran y que, aunque, como yo, tal vez por dentro tuvieran miedo y, por si acaso, tuvieran que llevar un spray de pimienta en el bolsillo y un gran silbato colgado, que no dejaran de ir. Con paso firme y alegres. Y que fueran también muchos hombres que no pertenecen a ningún grupo que haya tenido que ver con esto (y que vayan sirios, afganos, turcos y de cualquier lugar de la tierra). 
Para que vieran estos que organizaron todo esto que no les tenemos miedo y que creemos en lo que estamos construyendo (=Una sociedad más igualitaria y libre en la que todos tenemos iguales derechos). 

Y si algún grupo de payasos se atreve de nuevo a intentar aislar a una mujer para meterle miedo en el cuerpo solo por ser mujer, que el resto de las personas congregadas, hombres y mujeres, les plantaran cara. Para que vieran que, aunque en esa plaza se juntaron 1000 (que sí, yo sí que me creo esa cifra de hombres aunque mi forma de pensar no cambiaría si hubieran sido 500), en Colonia, en Alemania, en el mundo hay muchos millones de personas que no comparten la cultura del miedo. Y que no se necesita un estado armado, con policías patrullando a todas horas, sino que se necesita gente que respete los valores que todos decimos tener y que estamos dispuestos a plantar cara a quien se los quiera pasar por alto, sea alemán, griego, español, sueco, sirio, afgano, indio, marciano o de donde la casualidad haya querido que nazca."
inmigracion,https://www.meneame.net/story/berlin-identifica-18-demandantes-asilo-entre-detenidos-sexuales,2541566,18551656,290,282.0,Autarca,2016-01-08T21:45:01+00:00,0,9,"#282 No son todos los que están, pero todos los que están son.

Y Je suis Charlie."
inmigracion,https://www.meneame.net/story/berlin-identifica-18-demandantes-asilo-entre-detenidos-sexuales,2541566,18551654,289,239.0,--191772--,2016-01-08T21:44:24+00:00,1,-1,"#239 Pues si fueron más de mil los agresores, de los cuales cogieron a 30 y de estos 18 son 'refugiados', pues puedes hacer una regla de tres facilona para ver qué tipo de gentuza está pidiendo asilo. Afortunadamente no hay bien que por mal no venga, gracias a estos ataques espero que la UE cambie su estúpida política de aceptar a toda la basura que viene de oriente medio, que por cada niño o mujer que llega (y que, obviamente debería ser acogido), llegan 30 tíos que deberían estar defendiendo su país y no solicitando ayuditas en la UE."
inmigracion,https://www.meneame.net/story/berlin-identifica-18-demandantes-asilo-entre-detenidos-sexuales,2541566,18551651,288,39.0,ork,2016-01-08T21:44:10+00:00,2,15,#39 ¿Y se puede saber por qué entrecomillas? Esos tíos evitaron una matanza como la del Bataclan.
inmigracion,https://www.meneame.net/story/berlin-identifica-18-demandantes-asilo-entre-detenidos-sexuales,2541566,18551623,287,71.0,jaz1,2016-01-08T21:40:35+00:00,0,10,#71 vuelve al medico
inmigracion,https://www.meneame.net/story/berlin-identifica-18-demandantes-asilo-entre-detenidos-sexuales,2541566,18551580,286,,--297022--,2016-01-08T21:34:33+00:00,0,10,"Y por qué no se van a refugiar a paises hermanos como Irán, Arabia Saudita, Las monarquías del golfo...etc ?? Ah no, mejor a Suecia o Alemania, tampoco les sirve Rumanía ,Bulgaria o Polonia. Refugiados""listos"", en fin, pagarán justos por pecadores seguro."
inmigracion,https://www.meneame.net/story/berlin-identifica-18-demandantes-asilo-entre-detenidos-sexuales,2541566,18551503,285,175.0,Ryouga_Ibiki,2016-01-08T21:24:21+00:00,0,7,"#175 Mira robar no es justificable, ni violar ni asesinar por muy pobre que seas.

Y ya te he explicado que los servicios sociales les dan todo lo necesario para cubrir sus necesidades básicas y darles educacion.

Es que no se que quieres que hagan los alemanes, muchos estudiantes y jóvenes viven en pisos compartidos.Que los servicios sociales hacen lo que pueden y me parece que si les dan casa, comida y oportunidades no se que mas les reprochas.

Es que es la repera ya ,ahora compartir casa te legitima para ir robando por ahí."
inmigracion,https://www.meneame.net/story/berlin-identifica-18-demandantes-asilo-entre-detenidos-sexuales,2541566,18551496,284,268.0,Ilmarinen,2016-01-08T21:23:08+00:00,0,6,"#268 Se me olvidaba que esto es menéame y que siempre se va a intentar justificar los injustificable, y ya pretendes colgarme el sanbenito de xenófobo/racista  cuando +isolo llevo registrado un rato:D El que vive en este país soy yo, no tu, así que se muy bien lo que pasa aquí, un país donde sí están llegando ""refugiados"" a miles, no como a España, donde no podéis opinar más que de oídas, y eso si que dista de ser objetivo, yo hasta puedo demostrarte cuanto recibe una familia de refugiados solo por serlo, y de antemano te digo que yo para lo mismo me mato a currar {wink} (Amén de titulares en medios nacionales de peleas, asaltos y violaciones varias, algunas de ellas en grupo etc etc)"
inmigracion,https://www.meneame.net/story/berlin-identifica-18-demandantes-asilo-entre-detenidos-sexuales,2541566,18551471,283,6.0,Shotokax,2016-01-08T21:20:25+00:00,2,34,#6 gracias por no hacerme sentir solo. Comentarios como ese me hacen recuperar la fe en la humanidad (durante unos segundos; hasta que leo los comentarios).
inmigracion,https://www.meneame.net/story/berlin-identifica-18-demandantes-asilo-entre-detenidos-sexuales,2541566,18551461,282,45.0,Shotokax,2016-01-08T21:19:06+00:00,4,16,"#45 eso, vamos a aislar los motivos:

HOYGAN VUENROYISTAS POR SU KULPA AI BIOLACIONES. METAN A LOS INMIGRANTES ESTOS EN SU KASA. BALE YA DE LA INBASION. LOS MUSULMANES SON TODOS ASI. TODOS SON DEL HISIS. BALE LLA DE JIPIPROGRES. PENA DE MUERTE LLA!"
inmigracion,https://www.meneame.net/story/berlin-identifica-18-demandantes-asilo-entre-detenidos-sexuales,2541566,18551450,281,6.0,--466336--,2016-01-08T21:17:40+00:00,5,19,"#6 Este tipo de noticias confirma lo que algunos llevamos diciendo desde que empezó la crisis de los refugiados. Y poníamos a  Suecia, como ejemplo de lo que pasaría. Un país donde ya tenian este problema desde hace tiempo por ser tan multiculturales ellos. Según la propia policía alemana, Alemania ya tiene, al igual que suecia, ""no-go zones"" para las mujeres. El siguiente puede ser tu barrio.

Ahora, vomitad sobre los argumentos y los datos todo lo que querais, porque define bien lo que siempre hacéis."
inmigracion,https://www.meneame.net/story/berlin-identifica-18-demandantes-asilo-entre-detenidos-sexuales,2541566,18551430,280,41.0,Shotokax,2016-01-08T21:15:53+00:00,4,44,"#41 ¿negar el qué? ¿Que ha habido una violación? {shit}  ¿Quién niega nada? {palm} 

Es el colmo lo que hay que leer. Ni Jiménez Losantos. ¿Y ese comentario tiene decenas de positivos? Parece que el retraso mental en Menéame tiene poco que envidiar al de Forocoches, por mucho que este lleve la fama."
inmigracion,https://www.meneame.net/story/berlin-identifica-18-demandantes-asilo-entre-detenidos-sexuales,2541566,18551404,279,269.0,--493969--,2016-01-08T21:13:00+00:00,0,6,"#269 simpática respuesta.
¿te mola Andrés Iniesta?"
inmigracion,https://www.meneame.net/story/berlin-identifica-18-demandantes-asilo-entre-detenidos-sexuales,2541566,18551394,278,31.0,--466336--,2016-01-08T21:12:08+00:00,2,17,#31 Una catastrofe natural es una catastrofe para para cualquier persona de cualquier cultura. Además de que si sucede en el que es ahora su hogar es normal que ayuden. Los valores en cambio no son iguales en cualquier cultura y los valores de esta gente son incompatibles con los nuestros.
inmigracion,https://www.meneame.net/story/berlin-identifica-18-demandantes-asilo-entre-detenidos-sexuales,2541566,18551367,277,33.0,Shotokax,2016-01-08T21:08:52+00:00,0,12,#33 claro que tiene. El problema es que cuando se trata del islam se hacen afirmaciones estúpidas en las que se mete en un mismo saco a más de 1.000 millones de musulmanes en el mundo.
inmigracion,https://www.meneame.net/story/berlin-identifica-18-demandantes-asilo-entre-detenidos-sexuales,2541566,18551302,276,38.0,Paisos_Catalans,2016-01-08T21:02:26+00:00,2,26,"#38 Cierre total europeo al islam t religiones anti-derechos humanos usando argumentos laterales, tipo :
""va a ud a profesar en Europa alguna religión que discrimine por sexo? 
""según sus creencias debe una mujer tener los mismos derechos que un hombre?"" ""Sus creencias religiosas entrarían en conflicto con que sus posibles hijos contrayeran matrimonio con personas del mismo sexo o de diferentes religiones a la suya propia?""

Si alguna respuesta es ""SI"", a esa persona se le deniega la entrada a Europa y se le insta a volver a intentarlo en 20 años. Si entrara alguna persona mintiendo y fuera hallada culpable de algun delito contra las personas relacionado con esas preguntas, se le expulsaría de europa y se le quitaría el derecho de por vida a volver a entrar.

Esa sería una solución, por ejemplo... aunque no ganaríamos para aviones de repatriación."
inmigracion,https://www.meneame.net/story/berlin-identifica-18-demandantes-asilo-entre-detenidos-sexuales,2541566,18551278,275,110.0,landaburu,2016-01-08T20:58:34+00:00,0,7,"#110 En esos temas yo siempre yo defiendo el derecho a, por ejemplo, mostrar los pechos en la playa, o como muestra de alegría en una fiesta o concierto, o en igualdad con cualquier hombre, sin tener que aguantar por ello sobones, insultos o insinuaciones...

En todo caso estás utilizando dos falacias:
- falsa disyuntiva: criticar una cosa no implica disculpar la otra
- falsa equivalencia: hay una ola de agresiones sexuales en Europa, pero los españoles somos iguales, porque mira que pasó en Pamplona."
inmigracion,https://www.meneame.net/story/berlin-identifica-18-demandantes-asilo-entre-detenidos-sexuales,2541566,18551264,274,13.0,Shotokax,2016-01-08T20:57:23+00:00,1,23,"#13 también, y el que diga lo contrario es un estúpido rojo jipiprogre que tendría que meter a los inmigrantes en su casa."
inmigracion,https://www.meneame.net/story/berlin-identifica-18-demandantes-asilo-entre-detenidos-sexuales,2541566,18551253,273,190.0,Paisos_Catalans,2016-01-08T20:56:02+00:00,1,19,"#190 El islam actualmente no puede ser integrado y difuminado en nuestras culturas. Solo puede ser erradicado o sustituirnos... y sinceramente, visto como tratan a su población, prefiero que desaparezca de la faz de la tierra (junto al resto de religiones, TODAS)."
inmigracion,https://www.meneame.net/story/berlin-identifica-18-demandantes-asilo-entre-detenidos-sexuales,2541566,18551245,272,33.0,Paisos_Catalans,2016-01-08T20:53:22+00:00,2,27,"#33 No metas a toda la izquierda en el mismo saco, muchísima gente de izquierdas se opone a la multiculturalidad o que los que tengan que integrarse sean los que ya viven ahí en vez de los nuevos que llegan. Las culturas se pueden mezclar, pero no difuminarse por otras que no lo hacen, en ese caso va a haber y ha habido siempre una lucha de dominación. El islam no es compatible con la cultura occidental, por que no se difumina, por eso habrá una lucha infinita hasta que pase la integración en nuestras culturas o se erradique por completo la de ellos (cosa que veo impensable). Hasta entonces, batalla eterna."
inmigracion,https://www.meneame.net/story/berlin-identifica-18-demandantes-asilo-entre-detenidos-sexuales,2541566,18551226,271,74.0,Horus,2016-01-08T20:49:49+00:00,0,13,#74 The last dance https://www.youtube.com/watch?v=Q4xmfwGG5qo
inmigracion,https://www.meneame.net/story/berlin-identifica-18-demandantes-asilo-entre-detenidos-sexuales,2541566,18551218,270,267.0,Paisos_Catalans,2016-01-08T20:47:58+00:00,0,8,"#267 Perseguirlo, aislarlo y expulsarlo. Y desde la escuela combatirlo y extirparlo."
inmigracion,https://www.meneame.net/story/berlin-identifica-18-demandantes-asilo-entre-detenidos-sexuales,2541566,18551212,269,232.0,MasterChof,2016-01-08T20:47:28+00:00,0,9,"#232 bonito pareado.
¿Te gusta el helado?"
inmigracion,https://www.meneame.net/story/berlin-identifica-18-demandantes-asilo-entre-detenidos-sexuales,2541566,18551205,268,266.0,neotobarra2,2016-01-08T20:46:29+00:00,1,19,"#266 #263 Pues hombre, cuando partes de la base de que ""esos casos se ocultan"" ya me estás dejando claro que tu punto de vista está lejos de ser objetivo. De hecho escribí ese comentario más por los demás lectores que por ti."
inmigracion,https://www.meneame.net/story/berlin-identifica-18-demandantes-asilo-entre-detenidos-sexuales,2541566,18551186,267,57.0,--422802--,2016-01-08T20:44:03+00:00,1,17,#57 La caridad empieza en la propia casa. Se puede empezar por dejar de justificar y defender el machismo islámico en nuestros propios países.
inmigracion,https://www.meneame.net/story/berlin-identifica-18-demandantes-asilo-entre-detenidos-sexuales,2541566,18551160,266,263.0,Ilmarinen,2016-01-08T20:41:27+00:00,0,6,"#263 No está muy claro igual ahora que lo releo, por si acaso...este es un periódico/TV nacional, no un blog, y la policía ha hecho un comunicado al respecto, hay denuncias por robos, asaltos etc Vamos, que está demostradísimo"
inmigracion,https://www.meneame.net/story/berlin-identifica-18-demandantes-asilo-entre-detenidos-sexuales,2541566,18551158,265,261.0,--234048--,2016-01-08T20:41:22+00:00,1,23,"#261 Sí, pero no se hizo caso porque Menéame desborda optimismo con las personas y alarmismo con las organizaciones con siglas.

Para otra..."
inmigracion,https://www.meneame.net/story/berlin-identifica-18-demandantes-asilo-entre-detenidos-sexuales,2541566,18551145,264,262.0,--125581--,2016-01-08T20:39:22+00:00,0,10,"#262 ""Que yo sepa, la Falange nunca ha acudido a una concentración contra un despido convocada por la CNT para tratar de apropiarse ese acto para sus fines.""

Me refiero a hace 100 años, la Falange copiaba mucho del anarcosindicalismo."
inmigracion,https://www.meneame.net/story/berlin-identifica-18-demandantes-asilo-entre-detenidos-sexuales,2541566,18551137,263,259.0,Ilmarinen,2016-01-08T20:38:49+00:00,1,13,"#259 Lo de vivo en Helsinki y sé que es verdad te lo has pasado por el  forro de los huevos igual que leer  la noticia donde claramente dice que hay detenidos, no?? {grin} Qué tal de inglés??"
inmigracion,https://www.meneame.net/story/berlin-identifica-18-demandantes-asilo-entre-detenidos-sexuales,2541566,18551134,262,258.0,neotobarra2,2016-01-08T20:38:19+00:00,1,19,"#258 Que yo sepa, la Falange nunca ha acudido a una concentración contra un despido convocada por la CNT para tratar de apropiarse ese acto para sus fines. Si eso sucediera, ya se vería la forma de evitarlo en el futuro. Lo que no tiene sentido, y más cuando no se lucha por algo puntual y concreto como es un conflicto laboral sino que se trata de una crítica a la religión en general sea cual sea, es dejar que el acto se lo apropie una gente que no sólo es tu enemiga mortal sino que le van a quitar todo el significado que tendría para darle el suyo propio. El anarquismo está en contra del islam como religión igual que lo está del cristianismo y del budismo y de cualquier otra, y la oposición a la mezquita se enfoca como una forma de enfrentar las creencias irracionales sean cuales sean; si la concentración pasa a ser única y exclusivamente en contra del islam entonces carece de sentido."
inmigracion,https://www.meneame.net/story/berlin-identifica-18-demandantes-asilo-entre-detenidos-sexuales,2541566,18551130,261,13.0,landaburu,2016-01-08T20:37:31+00:00,19,-66,"#13 #6 pero es normal.  No puedes meter a 1 millón de tíos en un solo año, casi todos varones en edad militar, salidos perdidos, sin nadie que les controle, sin ningún tipo de referencia que aportar… Con tonterías como es que si no se mueren,  o que como somos 80 millones, por un 1.000.000 no pasa nada… Cómo que no pasa nada, Merkel, payasa sin fronteras, pero te vas dando cuenta de la gente que viene?. Entre lo de los emigrantes hay gente buena, pero hay un porcentaje de buscarías indeseables muy grande, hace falta controles de entrada férreos.

#18 os lo dije, os lo dije, os lo dije, os lo dije, os lo,dije, os lo dije...."
inmigracion,https://www.meneame.net/story/berlin-identifica-18-demandantes-asilo-entre-detenidos-sexuales,2541566,18551110,260,134.0,Zeratul,2016-01-08T20:34:50+00:00,2,28,"#134 Da gusto leer una opinión inteligente en esta noticia, en medio de tanta discusión extremista y politizada.

Totalmente de acuerdo, un millar de personas no es un hecho aislado. Es un ejemplo de choque cultural de personas procedentes de países donde no existe una igualdad social real entre ciudadanos y nuestros propios valores como europeos. El castigo debe ser claro y contundente, hay mucho más en juego que castigar a unos agresores sexuales, Europa debe dejar claro que está dispuesta a ayudar pero bajo unos limites claros, si se pasan esas lineas rojas tiene que haber consecuencias. Pues seamos realistas, quienes tienen más herramientas para evitar que tales salvajadas vuelvan a suceder son las propias comunidades de las que proceden los agresores. Las fuerzas de seguridad del estado pueden detener a personas concretas pero son esas comunidades las que deben hacer vacío a esos comportamientos."
inmigracion,https://www.meneame.net/story/berlin-identifica-18-demandantes-asilo-entre-detenidos-sexuales,2541566,18551105,259,249.0,neotobarra2,2016-01-08T20:34:31+00:00,1,19,"#249 Pues lo de Colonia, lejos de ocultarse, ha salido en todos los medios (incluso en los de España) y ha adquirido tal relevancia que ya me gustaría a mí ver que le dan tanta importancia a sucesos similares cuando no son inmigrantes quienes los cometen.

Si los medios ""ocultan"" el caso que comentas igual es porque tiene más de bulo que de realidad. Relacionado:

http://www.spiegel.de/international/germany/far-right-misinformation-stokes-anti-refugee-sentiment-a-1070413.html Un ""grupo de extranjeros"" compuesto por al menos cinco hombres ""acosaron y golpearon a una chica y la obligaron a practicarles sexo oral"", decía vagamente la noticia, pese a que citaba una localización exacta. Entonces decía: ""Sólo debido a la resistencia violenta de la víctima pudo evitarse una mayor humillación"". De acuerdo con el departamento de policía de Dortmund, este asalto nunca ocurrió. Los detectives comenzaron una investigación meticulosa una vez que los rumores emergieron, pero hasta el día de hoy no han encontrado ni una víctima ni a ninguno de los supuestos sospechosos, declaró un portavoz de la policía. [...] Y, por supuesto, los ""medios de desinformación"" eran acusados de ocultar ""las actividades criminales de los supuestos refugiados de guerra"". ¿Sus pruebas? Que ningún periódico se hacía eco de la historia."
inmigracion,https://www.meneame.net/story/berlin-identifica-18-demandantes-asilo-entre-detenidos-sexuales,2541566,18551100,258,254.0,--125581--,2016-01-08T20:33:44+00:00,0,10,"#254 ""Sólo acudieron fachas, y además tenían pinta de ir organizados al acto, para hacerse con el protagonismo del mismo y utilizarlo para sus propios fines. ""

Eso existe, pero no pienso dejar de pensar lo mismo porque un facha coincida con mis puntos. Te recuerdo que la propia Falange copiaba muchas cosas de la CNT. ¿Se dejó de hacer activismo? No."
inmigracion,https://www.meneame.net/story/berlin-identifica-18-demandantes-asilo-entre-detenidos-sexuales,2541566,18551076,257,110.0,--422802--,2016-01-08T20:30:07+00:00,1,12,"#110 Gran avance, hemos pasado de ""y los cristianos que?"" a ""y los San fermines que?"".
Todo sea por minimizar los mordiscos dados por nuestra mascota favorita."
inmigracion,https://www.meneame.net/story/berlin-identifica-18-demandantes-asilo-entre-detenidos-sexuales,2541566,18551066,256,87.0,--503217--,2016-01-08T20:28:47+00:00,2,29,#87 Ha venido a pillar karma de gente de su calaña. Si justifica el asesinato de bebés palestinos esto no va a ser menos.
inmigracion,https://www.meneame.net/story/berlin-identifica-18-demandantes-asilo-entre-detenidos-sexuales,2541566,18551064,255,253.0,--234048--,2016-01-08T20:28:39+00:00,0,17,"#253 Ahora a por el modo ""inferno"" {grin}"
inmigracion,https://www.meneame.net/story/berlin-identifica-18-demandantes-asilo-entre-detenidos-sexuales,2541566,18551063,254,52.0,neotobarra2,2016-01-08T20:28:31+00:00,2,22,"#52 Esa viñeta es una chorrada. Hace como una década un grupo anarquista convocó una concentración contra la construcción de una mezquita. Sólo acudieron fachas, y además tenían pinta de ir organizados al acto, para hacerse con el protagonismo del mismo y utilizarlo para sus propios fines. Desde entonces no tengo constancia de que se haya vuelto a convocar una concentración de ese tipo por parte de ningún grupo anarquista, pero no porque sea ""racista"" ni nada parecido sino por la forma en que la extrema derecha utiliza ese tipo de actos. Al final son contraproducentes por su culpa."
inmigracion,https://www.meneame.net/story/berlin-identifica-18-demandantes-asilo-entre-detenidos-sexuales,2541566,18551059,253,90.0,--136355--,2016-01-08T20:28:00+00:00,1,8,"#90 Te has pasado menéame, amigo, tómate el resto del día libre."
inmigracion,https://www.meneame.net/story/berlin-identifica-18-demandantes-asilo-entre-detenidos-sexuales,2541566,18551029,252,99.0,neotobarra2,2016-01-08T20:24:28+00:00,1,19,#99 http://www.antena3.com/noticias/mundo/policia-zurich-investiga-asaltos-ataques-sexuales-celebracion-nochevieja_2016010700278.html Las autoridades han aclarado que lo sucedido no guarda relación con los casos de Colonia y las autoridades de esta ciudad aclaran que no hay ningún vínculo con los inmigrantes y refugiados llegados al país en los últimos meses.
inmigracion,https://www.meneame.net/story/berlin-identifica-18-demandantes-asilo-entre-detenidos-sexuales,2541566,18551016,251,,--127714--,2016-01-08T20:22:50+00:00,0,12,P_T_S B__N_ST_S
inmigracion,https://www.meneame.net/story/berlin-identifica-18-demandantes-asilo-entre-detenidos-sexuales,2541566,18550989,250,110.0,--503217--,2016-01-08T20:19:47+00:00,1,-8,"#110 Muchos de los que zurran y matan a sus señoras estaban antes en foros soltando eso de ""islan religion de paz"". La mayoría eran ateos."
inmigracion,https://www.meneame.net/story/berlin-identifica-18-demandantes-asilo-entre-detenidos-sexuales,2541566,18550987,249,,Ilmarinen,2016-01-08T20:19:35+00:00,0,6,"Para que veáis hasta que punto se ocultan estos casos. Vivo en Helsinki, muchos no os habréis enterado de que aquí ha pasado lo mismo...relacionada http://yle.fi/uutiset/nbi_no_german_link_in_helsinki_train_station_incident/8577608"
inmigracion,https://www.meneame.net/story/berlin-identifica-18-demandantes-asilo-entre-detenidos-sexuales,2541566,18550977,248,93.0,--23339--,2016-01-08T20:18:34+00:00,3,39,"#93 perdona, en el otro hilo estabas diciendo que los cristianos estaban en contra de la ciencia ¿puedes poner los porcentajes ahora o lo hacemos cuando te interese a tí?"
inmigracion,https://www.meneame.net/story/berlin-identifica-18-demandantes-asilo-entre-detenidos-sexuales,2541566,18550950,247,,neotobarra2,2016-01-08T20:15:13+00:00,2,34,"Plate dijo que la gran mayoría de los 32 actos punibles documentados por la policía estaban ligados a robos y lesiones . Tres de ellos estaban ligados a asaltos sexuales, aunque la policía no tenía nombres vinculados a esas acciones. Vamos, que los detenidos son simples chorizos, y de los acosadores sólo han pillado a tres si es que finalmente resultan serlo. Y las nacionalidades tampoco invitan a la propaganda anti-refugiados, ya que sólo había cuatro sitios y un iraquí.

#162 #134 Es que no son mil tíos. Eso es un invento. La cantidad de mil personas procede de que había mil personas en la plaza y esa fue la cantidad aproximada que la policía desalojó. Entre esas mil personas estaban también las víctimas."
inmigracion,https://www.meneame.net/story/berlin-identifica-18-demandantes-asilo-entre-detenidos-sexuales,2541566,18550942,246,41.0,Zeratul,2016-01-08T20:13:54+00:00,6,35,"#41 Ver a gente, supuestamente de izquierdas y feministas, buscando excusas para quitar importancia a una agresión multitudinaria de carácter sexual contra mujeres, es para ponerse gafas de sol para evitar ser cegado con tanta hipocresía."
inmigracion,https://www.meneame.net/story/berlin-identifica-18-demandantes-asilo-entre-detenidos-sexuales,2541566,18550887,245,60.0,--450068--,2016-01-08T20:05:13+00:00,2,-2,"#60 si, la verdad, no se ve jamas en España ni en ningun lado el colectivo chino con estas ""costumbres""
ni tampoco, seguro, si se recibieran rusos o muchos otros distintos pueblos en masa"
inmigracion,https://www.meneame.net/story/berlin-identifica-18-demandantes-asilo-entre-detenidos-sexuales,2541566,18550847,244,240.0,--234048--,2016-01-08T20:00:26+00:00,1,16,"#240 ¿por que? ¿trabajas como antidisturbios?

Ah... ¿entonces eres militar?

No.. claro... Hablas de colectivos con sus propias normas internas... No me suena haber visto inmigrantes siguiendo reglamentos internos."
inmigracion,https://www.meneame.net/story/berlin-identifica-18-demandantes-asilo-entre-detenidos-sexuales,2541566,18550800,243,242.0,--125581--,2016-01-08T19:54:55+00:00,0,10,"#242 ""Si los credos que no son el católico tuvieran la misma capacidad de influir en el estado tanto en sus leyes,""

Irlanda con el aborto, España hace 45 años.

Se queja de cualquier religión abrahámica general y el pasotismo de la supuesta izquierda."
inmigracion,https://www.meneame.net/story/berlin-identifica-18-demandantes-asilo-entre-detenidos-sexuales,2541566,18550792,242,52.0,ArcadasDeBuenismo,2016-01-08T19:53:44+00:00,1,8,"#52 Si los credos que no son el católico tuvieran la misma capacidad de influir en el estado tanto en sus leyes, como en vivir de los impuestos que todos pagamos (laicos y no laicos) la viñeta sería correcta. Pero no es el caso. Todavía no he visto a ningún iman musulman teniendo la influencia ni el ático de Rouco."
inmigracion,https://www.meneame.net/story/berlin-identifica-18-demandantes-asilo-entre-detenidos-sexuales,2541566,18550770,241,221.0,--125581--,2016-01-08T19:50:43+00:00,0,10,"#221 ""ponerte un sombrero mexicano sin ser de mexico"" Menuda subnormalidad. Tïpico de americanos incultos que no han visto más allá de sus fronteras. Como llamar ""afroamericano"" a un inglés de raza negra."
inmigracion,https://www.meneame.net/story/berlin-identifica-18-demandantes-asilo-entre-detenidos-sexuales,2541566,18550766,240,90.0,ArcadasDeBuenismo,2016-01-08T19:50:17+00:00,2,22,"#90 Hay una pega a lo que dices: 
Nunca he visto un policía denunciando a otro por mala praxis, sobre todo en el caso de antidisturbios. En el caso de militares, ya hemos visto últimamente como se las gastan los mandos cuando hay denuncias por acoso laboral/sexual.

Si que he visto a migrantes denunciando y manifestándose en contra de atentados terroristas de corte yihadista, o condenando los crimenes y delitos de las personas de su nacionalidad o procedencia que los llevan cabo."
inmigracion,https://www.meneame.net/story/berlin-identifica-18-demandantes-asilo-entre-detenidos-sexuales,2541566,18550747,239,236.0,Fernando_x,2016-01-08T19:47:02+00:00,1,21,#236 Ya lo sabía. Grande y preocupante. ¿y? ¿que quieres decir con eso?
inmigracion,https://www.meneame.net/story/berlin-identifica-18-demandantes-asilo-entre-detenidos-sexuales,2541566,18550743,238,237.0,Cicerone50,2016-01-08T19:46:35+00:00,0,9,"#237 JA,JA,JA,JA"
inmigracion,https://www.meneame.net/story/berlin-identifica-18-demandantes-asilo-entre-detenidos-sexuales,2541566,18550721,237,227.0,--234048--,2016-01-08T19:44:26+00:00,0,17,#227 Como si no hubiera medios exagerados en Alemania... {tongue}
inmigracion,https://www.meneame.net/story/berlin-identifica-18-demandantes-asilo-entre-detenidos-sexuales,2541566,18550715,236,147.0,--191772--,2016-01-08T19:43:47+00:00,0,10,"#147 Por ahí he leído que 18 de los 30 detenidos eran refugiados. Bonito porcentaje, ¿no crees?"
inmigracion,https://www.meneame.net/story/berlin-identifica-18-demandantes-asilo-entre-detenidos-sexuales,2541566,18550711,235,215.0,ausderzukunft,2016-01-08T19:43:29+00:00,0,6,#215 Lo dices de broma no?
inmigracion,https://www.meneame.net/story/berlin-identifica-18-demandantes-asilo-entre-detenidos-sexuales,2541566,18550691,234,,--497465--,2016-01-08T19:39:59+00:00,0,6,Le Pen! Le Pen! Le Pen!
inmigracion,https://www.meneame.net/story/berlin-identifica-18-demandantes-asilo-entre-detenidos-sexuales,2541566,18550665,233,,--312149--,2016-01-08T19:35:33+00:00,4,31,"Encuentre las diferencias:
""18 demandantes de asilo entre los detenidos por las agresiones sexuales de Colonia""
""18 demandantes de asilo relacionados con los actos violentos de Año Nuevo""
""Mil hombres roban y atacan sexualmente a decenas de mujeres en Colonia durante la Nochevieja""
""la gran mayoría de los 32 actos punibles documentados por la policía estaban ligados a robos y lesiones.""
""Tres de ellos estaban ligados a asaltos sexuales""

#46 Cosas de leerse la noticia, sí."
inmigracion,https://www.meneame.net/story/berlin-identifica-18-demandantes-asilo-entre-detenidos-sexuales,2541566,18550624,232,108.0,--493969--,2016-01-08T19:30:38+00:00,0,6,#108 En los países musulmanes tienen que obligar a las mujeres a usar velo porque ya se ponen cachondos sólo con verles el pelo.
inmigracion,https://www.meneame.net/story/berlin-identifica-18-demandantes-asilo-entre-detenidos-sexuales,2541566,18550592,231,20.0,--312149--,2016-01-08T19:25:40+00:00,0,6,"#20 ¿Qué pasa, que encima hay que pagarles el billete?"
inmigracion,https://www.meneame.net/story/berlin-identifica-18-demandantes-asilo-entre-detenidos-sexuales,2541566,18550589,230,145.0,--425756--,2016-01-08T19:25:22+00:00,0,12,#145 Si no fueran Sirios diría que es un caso aislado.
inmigracion,https://www.meneame.net/story/berlin-identifica-18-demandantes-asilo-entre-detenidos-sexuales,2541566,18550575,229,,capitan__nemo,2016-01-08T19:24:11+00:00,0,12,"En Argelia, en Marruecos, en Irán, y en EEUU no hay guerra, con lo cual los interrogados de estas nacionalidades no podrian ser solicitantes de asilo."
inmigracion,https://www.meneame.net/story/berlin-identifica-18-demandantes-asilo-entre-detenidos-sexuales,2541566,18550568,228,6.0,--241737--,2016-01-08T19:23:10+00:00,10,1,"#6 ¿por la cantidad de sinvergüenzas que van a venir a justificar lo buenisimo que es llenar Europa de refugiados tras haber cometido agresiones sexuales estilo cacería contra mujeres blancas (entre otras muchas maravillas)? 


No te agobies, hombre {troll}"
inmigracion,https://www.meneame.net/story/berlin-identifica-18-demandantes-asilo-entre-detenidos-sexuales,2541566,18550567,227,224.0,Cicerone50,2016-01-08T19:23:05+00:00,0,9,#224 Creo que habrá que esperar lo que dice Fox News para enterarnos de lo que realmente ocurrió
inmigracion,https://www.meneame.net/story/berlin-identifica-18-demandantes-asilo-entre-detenidos-sexuales,2541566,18550488,226,108.0,--425756--,2016-01-08T19:12:14+00:00,0,12,#108 Pues no lo sé pero tengo curiosidad. Cuantas hay?
inmigracion,https://www.meneame.net/story/berlin-identifica-18-demandantes-asilo-entre-detenidos-sexuales,2541566,18550476,225,39.0,huhn,2016-01-08T19:11:12+00:00,1,17,#39 mi pensamiento exacto...
inmigracion,https://www.meneame.net/story/berlin-identifica-18-demandantes-asilo-entre-detenidos-sexuales,2541566,18550475,224,223.0,--234048--,2016-01-08T19:10:49+00:00,0,17,"#223 De El Mundo ( AEDE )

""Sí se ha confirmado, en contrapartida, la destitución del jefe de policía, empecinado en defender lo indefendible y para quien los errores cometidos sólo se debieron a ""problemas de comunicación"".

La permanencia de Albers en el cargo se hizo insostenible después de que el Spiegel desvelara este jueves uno de los informes elaborado por agentes del operativo policial desplegado en Colonia, en el que se describe una situación de caos y una impotencia y desorganización sorprendentes.

A eso se añadió la filtración horas más tarde de que entre los agresores había refugiados, lo que Albers había negado, y esta misma mañana la noticia de que rechazó las ofertas de refuerzos que comisarías aledañas le cursaron al conocer la magnitud de los acontecimientos.""

PUF... {palm}"
inmigracion,https://www.meneame.net/story/berlin-identifica-18-demandantes-asilo-entre-detenidos-sexuales,2541566,18550442,223,222.0,Cicerone50,2016-01-08T19:06:37+00:00,0,9,#222 Habrá que esperar a ver que dice la CNN
inmigracion,https://www.meneame.net/story/berlin-identifica-18-demandantes-asilo-entre-detenidos-sexuales,2541566,18550419,222,220.0,--234048--,2016-01-08T19:04:18+00:00,0,17,"#220 ¿cual? 

Si aun no se sabe ni que ha pasado... Y todo precisamente porque hay un descontrol de la hostia... Al jefe de policía lo han destituído hoy."
inmigracion,https://www.meneame.net/story/berlin-identifica-18-demandantes-asilo-entre-detenidos-sexuales,2541566,18550406,221,216.0,Arcuo,2016-01-08T19:03:09+00:00,0,6,"#216 Microagresiones es como le dicen como por ejemplo a decirle a alguien que habla muy bien el idioma siendo de otra raza, ponerte un sombrero mexicano sin ser de mexico, o decirle un piropo a una chica que no es bien recibido. No inventado yo el termino, creo que es algo que viene de sectores progresistas (como feministas, antirracistas) de las universidades americanas."
inmigracion,https://www.meneame.net/story/berlin-identifica-18-demandantes-asilo-entre-detenidos-sexuales,2541566,18550396,220,218.0,Cicerone50,2016-01-08T19:01:47+00:00,0,9,"#218 Como no puedes explicarme la actuación de la ""poli"", ni tú ni nadie, vas mareando la perdiz, como siempre."
inmigracion,https://www.meneame.net/story/berlin-identifica-18-demandantes-asilo-entre-detenidos-sexuales,2541566,18550366,219,214.0,Cicerone50,2016-01-08T18:59:10+00:00,1,21,"#214 Ok. Pero yo no he dicho que no aceptaran refugiados, simplemente deseaba conocer cuantas de esas solicitudes fueron aceptadas.
Saludos"
inmigracion,https://www.meneame.net/story/berlin-identifica-18-demandantes-asilo-entre-detenidos-sexuales,2541566,18550359,218,213.0,--234048--,2016-01-08T18:57:51+00:00,0,17,"#213 Partiendo de la base de que no se sabe aun cuantas denuncias reales ha habido... Y no ha trascendido como han sido las detenciones... ni siquiera tengo claro si se ha buscado lazos entre los agresores como si estuvieran organizados como se dijo.

Creo que aun faltan cosas por salir a la luz sobre esto... Seguramente para evitar la explosión social que pueda haber."
inmigracion,https://www.meneame.net/story/berlin-identifica-18-demandantes-asilo-entre-detenidos-sexuales,2541566,18550357,217,,--125770--,2016-01-08T18:57:35+00:00,0,9,18 casos aislados.......... por ahora
inmigracion,https://www.meneame.net/story/berlin-identifica-18-demandantes-asilo-entre-detenidos-sexuales,2541566,18550353,216,162.0,Cicerone50,2016-01-08T18:57:21+00:00,2,21,"#162 ¿Microagresiones? Una agresión es una agresión, sea grande o pequeña"
inmigracion,https://www.meneame.net/story/berlin-identifica-18-demandantes-asilo-entre-detenidos-sexuales,2541566,18550341,215,,Miuller87,2016-01-08T18:55:08+00:00,0,6,"La gente que hace todos esos comentarios racistas no se da cuenta que una política mundial de fronteras abiertas sería la mejor solución.

Sería el mejor plan contra la pobreza y podría multiplicar el PIB mundial, además es un buen antídoto ante políticas autoritarias, puesto que la gente votaría con los pies y también  terminaria con muchas de las rivalidades racistas, que son fruto de costumbres históricas en las que las generaciones actuales no tienen nada que ver."
inmigracion,https://www.meneame.net/story/berlin-identifica-18-demandantes-asilo-entre-detenidos-sexuales,2541566,18550339,214,201.0,Arcuo,2016-01-08T18:54:46+00:00,1,13,"#201 @natrix ha dicho que ""en Suiza ha ocurrido algo parecido y allí no han admitido ni un solo refugiado."" como dando ha entender que en Suiza no hay refugiados y de todas formas ha pasado lo mismo. En otro mensaje ya reconoce que hay 9.000 poniendo un enlace (y en el enlace pone que son 9000 tan solo sirios). Yo he puesto varios enlaces donde dice que hay más de 50,000 peticiones de asilo en los últimos dos años, obviamente no las han aceptado todas, pero tampoco quiere decir que todos ya estén fuera del país. Primero te tramitan la petición y hasta que te la concedan o no pasa un tiempo. vamos que es obvio que en Suiza hay miles de refugiados o demandantes de asilo (como le gusta decir ahora a los medios). Si decís que no hay ni un solo refugiado las pruebas las tendrías que presentar vosotros. Por lo menos ya hay un enlace que ha puesto @natrix que dice que hay 9.000 tan solo sirios: www.eldiario.es/politica/Suiza-descarta-refugiados-anticipa-peticiones"
inmigracion,https://www.meneame.net/story/berlin-identifica-18-demandantes-asilo-entre-detenidos-sexuales,2541566,18550336,213,212.0,Cicerone50,2016-01-08T18:53:51+00:00,1,20,"#212 8 días han tardado para detener a 18 entre ""1000 agresores organizados"". Vuelvo a preguntar: ¿Donde coño estaba la policía que no fue capaz de evitar ni detener a ninguno de los agresores ese día?"
inmigracion,https://www.meneame.net/story/berlin-identifica-18-demandantes-asilo-entre-detenidos-sexuales,2541566,18550302,212,210.0,--234048--,2016-01-08T18:50:10+00:00,0,17,#210 Bueno... el caso es que ya sí hay detenidos.
inmigracion,https://www.meneame.net/story/berlin-identifica-18-demandantes-asilo-entre-detenidos-sexuales,2541566,18550300,211,,--471461--,2016-01-08T18:49:38+00:00,1,5,Silla eléctrica sin contemplaciones.
inmigracion,https://www.meneame.net/story/berlin-identifica-18-demandantes-asilo-entre-detenidos-sexuales,2541566,18550291,210,18.0,Cicerone50,2016-01-08T18:48:49+00:00,0,9,#18 Y yo pregunto: ¿Donde estaba la policía? ¿Buscando yihadistas?.No han detenido a nadie hasta ocho días despues...
inmigracion,https://www.meneame.net/story/berlin-identifica-18-demandantes-asilo-entre-detenidos-sexuales,2541566,18550265,209,60.0,--503900--,2016-01-08T18:45:06+00:00,4,27,"#60 Efectivamente, hay refugiados e inmigrantes que no las hacen. ¿Por lo tanto que hay de malo en controlar de manera efectiva quién entra para intentar prevenir estos hecho en vez de tener manga ancha y mirar para otro lado ? ¿Que hay de malo en expulsar a los refugiados e inmigrantes delincuentes? Y por último, no es casualidad que esta gente sea más proclive a cometer estos actos teniendo en cuenta que en su mentalidad y cultura la mujer es un ser de segunda y una mujer que quiera salir a divertirse a la hora que le de la gana es simplemente una puta. Así de simple y así de rotundo. Claro, lo solucionamos con una par de clases de educación impartidas por unos oenegetas que viven de los impuestos de los demás.

Australia y Canada, a pesar de todo los países con mejor éxito de integración. Por qué, porque tienen controles restrictivos para separar el grano de la paja y asegurarse al máximo las posibilidades de adaptación. Claro que ellos tienen amplios océanos que les facilitan la tarea. 

Y de lo que se trata es de desarrollar el tercer mundo, no de ""tercermundizar"" el mundo desarrollado. Por cierto, con lo que cuesta ""integrar"" un solo inmigrante en Europa podemos crear un proyecto de desarrollo en otros países más pobres."
inmigracion,https://www.meneame.net/story/berlin-identifica-18-demandantes-asilo-entre-detenidos-sexuales,2541566,18550262,208,204.0,MasterChof,2016-01-08T18:44:45+00:00,0,9,"#204 no digo lo contrario, sólo que a la vista está el salidismo del personal..."
inmigracion,https://www.meneame.net/story/berlin-identifica-18-demandantes-asilo-entre-detenidos-sexuales,2541566,18550259,207,205.0,--125581--,2016-01-08T18:44:27+00:00,1,19,#205 Ondo izan.
inmigracion,https://www.meneame.net/story/berlin-identifica-18-demandantes-asilo-entre-detenidos-sexuales,2541566,18550246,206,199.0,MasterChof,2016-01-08T18:43:04+00:00,0,9,#199 sin problemas. Gracias a ti por preguntar en vez de presuponer... En meneame solemos estar con la escopeta cargada y se agradece tu actitud.
inmigracion,https://www.meneame.net/story/berlin-identifica-18-demandantes-asilo-entre-detenidos-sexuales,2541566,18550245,205,195.0,--230260--,2016-01-08T18:43:02+00:00,1,19,"#195 Bueno, un placer hablar contigo, pero me voy a dar una vuelta, que es viernes {smiley} Agur."
inmigracion,https://www.meneame.net/story/berlin-identifica-18-demandantes-asilo-entre-detenidos-sexuales,2541566,18550240,204,191.0,Autarca,2016-01-08T18:42:29+00:00,1,16,"#191 Sobre los piropos, mientras corra el aire y no insulten...

Sobre el acoso, es delito.

Sobre la prostitución, si es consentida no es asunto de nadie, si es forzada, al paredón con el proxeneta."
inmigracion,https://www.meneame.net/story/berlin-identifica-18-demandantes-asilo-entre-detenidos-sexuales,2541566,18550216,203,108.0,Cicerone50,2016-01-08T18:38:59+00:00,2,29,"#108 Precisamente, lo que nos diferencia de los animales (irracionales) es nuestra capacidad de reprimirnos"
inmigracion,https://www.meneame.net/story/berlin-identifica-18-demandantes-asilo-entre-detenidos-sexuales,2541566,18550205,202,,Torosentado,2016-01-08T18:37:41+00:00,0,14,"La violencia machista solo es mala, cuando son oriundos del mismo país. Cuando son demandantes de asilo es xenofobia."
inmigracion,https://www.meneame.net/story/berlin-identifica-18-demandantes-asilo-entre-detenidos-sexuales,2541566,18550200,201,99.0,Cicerone50,2016-01-08T18:36:50+00:00,0,9,#99 Lo que nos has de facilitar es un enlace creible donde nos digan cuantas solicitudes han aceptado
inmigracion,https://www.meneame.net/story/berlin-identifica-18-demandantes-asilo-entre-detenidos-sexuales,2541566,18550199,200,83.0,--80628--,2016-01-08T18:36:39+00:00,1,11,#83 ¿Habían pedido asilo esos alemanes?
inmigracion,https://www.meneame.net/story/berlin-identifica-18-demandantes-asilo-entre-detenidos-sexuales,2541566,18550172,199,189.0,AngryBird,2016-01-08T18:31:44+00:00,1,21,"#189 Por eso te lo he preguntado, porque no lo entendía y me parecía raro. Gracias por explicarlo y perdona si te has sentido ofendido."
inmigracion,https://www.meneame.net/story/berlin-identifica-18-demandantes-asilo-entre-detenidos-sexuales,2541566,18550146,198,13.0,Miguel_Enriquez,2016-01-08T18:27:55+00:00,4,40,"#13 Nada, nada... refugiado/inmigrante/árabe/musulmán/norteafricano = violador y ladrón; blanco/europeo/occidental = alma cándida y víctima del racismo antiblanco."
inmigracion,https://www.meneame.net/story/berlin-identifica-18-demandantes-asilo-entre-detenidos-sexuales,2541566,18550082,197,87.0,Remenad0r,2016-01-08T18:17:58+00:00,1,11,#87 18 de 1000 que se juntaron.
inmigracion,https://www.meneame.net/story/berlin-identifica-18-demandantes-asilo-entre-detenidos-sexuales,2541566,18550072,196,112.0,MasterChof,2016-01-08T18:16:29+00:00,0,9,"#112 #115 y fijaos además que el 100% eran hombres... Así, a las bravas, ¿que conclusiones podríamos sacar también?"
inmigracion,https://www.meneame.net/story/berlin-identifica-18-demandantes-asilo-entre-detenidos-sexuales,2541566,18550039,195,193.0,--125581--,2016-01-08T18:11:27+00:00,0,10,"#193 Ambos son lo mismo en esencia, el islam es solo un spin-off llevándose el 70% del guion."
inmigracion,https://www.meneame.net/story/berlin-identifica-18-demandantes-asilo-entre-detenidos-sexuales,2541566,18550032,194,137.0,MasterChof,2016-01-08T18:10:06+00:00,0,9,"#137 joder, era broma. Está claro, tío (tengo 2 hijas)"
inmigracion,https://www.meneame.net/story/berlin-identifica-18-demandantes-asilo-entre-detenidos-sexuales,2541566,18550026,193,188.0,--230260--,2016-01-08T18:08:33+00:00,2,1,"#188 Y como pasa con el catolicismo... ¿Y? No veo argumentos por ninguna parte, insisto."
inmigracion,https://www.meneame.net/story/berlin-identifica-18-demandantes-asilo-entre-detenidos-sexuales,2541566,18550022,192,191.0,--125581--,2016-01-08T18:07:54+00:00,0,10,"#191 En la prostitución tengo mis reservas si se hace libremente en cualquier sexo con garantias santarias, laborales y personales. Hay gente que para tener sexo es su única opción, y muchas veces o es eso... o el suicidio."
inmigracion,https://www.meneame.net/story/berlin-identifica-18-demandantes-asilo-entre-detenidos-sexuales,2541566,18550007,191,120.0,MasterChof,2016-01-08T18:06:18+00:00,0,9,"#120 a la vista están los ""piropos"" de los albañiles a las transeúntes, los acosos laborales o el gran negocio de la prostitución (en auge siempre)"
inmigracion,https://www.meneame.net/story/berlin-identifica-18-demandantes-asilo-entre-detenidos-sexuales,2541566,18550006,190,33.0,Jakeukalane,2016-01-08T18:06:11+00:00,9,79,#33 aquí somos varios los que somos islamorealistas y a la vez progresistas. El islam es incompatible con políticas sociales inclusivas y no discriminatorias.
inmigracion,https://www.meneame.net/story/berlin-identifica-18-demandantes-asilo-entre-detenidos-sexuales,2541566,18549986,189,150.0,MasterChof,2016-01-08T18:03:24+00:00,0,9,"#150 no has entendido nada, por lo que veo. Claro que no los justifico, sólo digo que es algo inherente al hombre, no a la religión, como algunos pretenden decir aquí."
inmigracion,https://www.meneame.net/story/berlin-identifica-18-demandantes-asilo-entre-detenidos-sexuales,2541566,18549968,188,186.0,--125581--,2016-01-08T18:00:16+00:00,1,17,"#186 ""El movimiento feminista islámico.""

El machismo está en el dogma. Implícito. Si quieres combatirlo, no hay más solución que la erradicación, como pasa con el nazismo.

No hay democratización posible del exterminio de razas ""inferiores"", ni de la declaración de la inferioridad de la mujer por orden de un dios sacado de los miedos de la gente de hace 2000 años."
inmigracion,https://www.meneame.net/story/berlin-identifica-18-demandantes-asilo-entre-detenidos-sexuales,2541566,18549960,187,,Near,2016-01-08T17:58:34+00:00,0,6,Es lo que pasa cuando aceptas de todo
inmigracion,https://www.meneame.net/story/berlin-identifica-18-demandantes-asilo-entre-detenidos-sexuales,2541566,18549955,186,185.0,--230260--,2016-01-08T17:57:51+00:00,2,1,"#185 Como cualquier machista en el mundo. Cualquier cura/obispo católico dice mierda como esta todos los días. Pero eso no quita que exista el movimiento feminista islámico. De he hecho, debe existir, para combatir estas necedades machistas. No sé a donde quieres llegar."
inmigracion,https://www.meneame.net/story/berlin-identifica-18-demandantes-asilo-entre-detenidos-sexuales,2541566,18549909,185,184.0,--125581--,2016-01-08T17:52:06+00:00,0,10,"#184 Pues eso, me recuerdan a los de Ciudadanos hablando de izquierdas contra la corrupción. No me fío, aún subyace un rol impuesto a la mujer entre líneas, muy disimuladamente."
inmigracion,https://www.meneame.net/story/berlin-identifica-18-demandantes-asilo-entre-detenidos-sexuales,2541566,18549901,184,183.0,--230260--,2016-01-08T17:51:05+00:00,0,9,#183 lo estoy leyendo.
inmigracion,https://www.meneame.net/story/berlin-identifica-18-demandantes-asilo-entre-detenidos-sexuales,2541566,18549889,183,181.0,--125581--,2016-01-08T17:49:17+00:00,1,13,#181 Lee el link sobre webislam.
inmigracion,https://www.meneame.net/story/berlin-identifica-18-demandantes-asilo-entre-detenidos-sexuales,2541566,18549875,182,41.0,HamStar,2016-01-08T17:47:53+00:00,7,-11,"#41 pillo sirio

Disfruten lo refugiado"
inmigracion,https://www.meneame.net/story/berlin-identifica-18-demandantes-asilo-entre-detenidos-sexuales,2541566,18549873,181,179.0,--230260--,2016-01-08T17:47:26+00:00,0,9,"#179 Bueno, eres como el mono del whatshapp, el que se tapa los ojos. Tú mismo."
inmigracion,https://www.meneame.net/story/berlin-identifica-18-demandantes-asilo-entre-detenidos-sexuales,2541566,18549868,180,177.0,--125581--,2016-01-08T17:47:05+00:00,1,13,"#177 http://www.webislam.com/articulos/61525-la_mujer_en_el_islam.html

Y webislam son de los más abiertos respecto a moderneces occidentales, por norma general.

""El grado que tienen sobre ellas es el derecho que emana de la obligación que pesa sobre los hombres de mantener económicamente a la familia, y ese grado se concreta en el deber de la mujer de esforzarse en amarlo, ser dulce con él, adornarse para él, acompañarlo en sus preocupaciones, etc., siempre y cuando el hombre cumpla con sus deberes respecto a su esposa (no implica sometimiento a arbitrariedades ni tolerar malos tratos).""

Roles impuestos."
inmigracion,https://www.meneame.net/story/berlin-identifica-18-demandantes-asilo-entre-detenidos-sexuales,2541566,18549857,179,177.0,--125581--,2016-01-08T17:45:19+00:00,1,13,#177 Me recuerda al de la imagen. Lo digo porque he leido tanto el Corán como la Biblia. Y no deja en buen lugar a como deben comportarse las mujeres respecto al hombre.
inmigracion,https://www.meneame.net/story/berlin-identifica-18-demandantes-asilo-entre-detenidos-sexuales,2541566,18549838,178,,dreierfahrer,2016-01-08T17:43:01+00:00,0,9,"Yo creo que a estos 18 hijos de puta habria que mandarles a su pais directamente....

Y si, se que es un pais en guerra: que se jodan, a ver si no sobreviven.

Se les da una oportunidad y hacen esto.... amos no me jordas....

Y hecho de menos un puto partido de izquierda que lo diga claramente, ostias, que parece que nos pasamos el dia comiendo putas flores."
inmigracion,https://www.meneame.net/story/berlin-identifica-18-demandantes-asilo-entre-detenidos-sexuales,2541566,18549828,177,96.0,--230260--,2016-01-08T17:42:05+00:00,0,9,#96 https://es.m.wikipedia.org/wiki/Feminismo_isl%C3%A1mico
inmigracion,https://www.meneame.net/story/berlin-identifica-18-demandantes-asilo-entre-detenidos-sexuales,2541566,18549825,176,93.0,HamStar,2016-01-08T17:41:40+00:00,5,39,#93 clavada en el mensaje #90 aplicate pomadita
inmigracion,https://www.meneame.net/story/berlin-identifica-18-demandantes-asilo-entre-detenidos-sexuales,2541566,18549814,175,140.0,Delapresa,2016-01-08T17:40:10+00:00,1,3,"#140 Si crees que los refugiados viven bien, estas en todo tu derecho. Pero la realidad es otra, tanto refugiados como extranjeros por norma general suelen ser las clases más desfavorecidas y esto es la realidad. No digo que Alemania no este haciendo un esfuerzo, pero está claro que vivir en una casa con 3 alemanes no es el sueño de cualquier persona. Y como consecuencia de ello, algunos acaban delinquiendo por falta de recursos insuficientes."
inmigracion,https://www.meneame.net/story/berlin-identifica-18-demandantes-asilo-entre-detenidos-sexuales,2541566,18549794,174,6.0,--95285--,2016-01-08T17:38:03+00:00,2,19,#6 Nadie te obliga a entrar en él.
inmigracion,https://www.meneame.net/story/berlin-identifica-18-demandantes-asilo-entre-detenidos-sexuales,2541566,18549775,173,110.0,--125581--,2016-01-08T17:35:02+00:00,4,42,"#110 ""En Arabia Saudí les hubieran cortado la cabeza ahí mismo.""

En Arabia Saudi la víctima ni lo cuenta muchas veces, ya que de la somanta latigazos que se come raramente sale viva.

Pero sigue con tu policorrectismo. Comparar Pamplona (ciudad en fiestas donde lo que ocurre está importado por las extranjeras de forma aceptada entre ellas por costumbres en lugares similares) con Arabia Saudi donde te pueden condenar a latigazos hasta por conducir, hace que me descojone."
inmigracion,https://www.meneame.net/story/berlin-identifica-18-demandantes-asilo-entre-detenidos-sexuales,2541566,18549772,172,118.0,--477022--,2016-01-08T17:34:47+00:00,0,6,"#118 interrogarán a los sospechosos digo yo, si quieres interrogamos a los 400.000 pero me da que no va a ser pragmático."
inmigracion,https://www.meneame.net/story/berlin-identifica-18-demandantes-asilo-entre-detenidos-sexuales,2541566,18549768,171,,--169456--,2016-01-08T17:34:29+00:00,0,10,"Refugiados,  bienvenidos."
inmigracion,https://www.meneame.net/story/berlin-identifica-18-demandantes-asilo-entre-detenidos-sexuales,2541566,18549739,170,53.0,--202272--,2016-01-08T17:30:34+00:00,4,-7,#53 Lo que es triste es lo tonto que eres.
inmigracion,https://www.meneame.net/story/berlin-identifica-18-demandantes-asilo-entre-detenidos-sexuales,2541566,18549736,169,,--202272--,2016-01-08T17:29:47+00:00,0,10,"No uno, dos... 18!! Y seguro que habrá bastantes más."
inmigracion,https://www.meneame.net/story/berlin-identifica-18-demandantes-asilo-entre-detenidos-sexuales,2541566,18549730,168,122.0,--127909--,2016-01-08T17:27:56+00:00,0,7,"#122 Has dado en el clavo, el fallo esta en que en alemania se las ha olvidado darles una asignacion para putas, casa y alimentos claramente no es suficiente para cubrir las necesidades basicas humanas."
inmigracion,https://www.meneame.net/story/berlin-identifica-18-demandantes-asilo-entre-detenidos-sexuales,2541566,18549716,167,165.0,GeoX,2016-01-08T17:25:40+00:00,2,-7,#165 ¿Hay que elegir?
inmigracion,https://www.meneame.net/story/berlin-identifica-18-demandantes-asilo-entre-detenidos-sexuales,2541566,18549715,166,53.0,--496890--,2016-01-08T17:25:37+00:00,2,20,#53 Pasate por tu mercadona mas cercano y seguro que te encuentras a alguien pidiendo al que puedes acoger.
inmigracion,https://www.meneame.net/story/berlin-identifica-18-demandantes-asilo-entre-detenidos-sexuales,2541566,18549711,165,,Battlestar,2016-01-08T17:24:48+00:00,0,6,Entonces al final que? Los refugiados son seres de luz o chusma? Es que a mi no me ha quedado claro {undecided}
inmigracion,https://www.meneame.net/story/berlin-identifica-18-demandantes-asilo-entre-detenidos-sexuales,2541566,18549687,164,6.0,totope,2016-01-08T17:21:48+00:00,1,18,#6 efectivamente.
inmigracion,https://www.meneame.net/story/berlin-identifica-18-demandantes-asilo-entre-detenidos-sexuales,2541566,18549670,163,53.0,Lupus,2016-01-08T17:19:09+00:00,3,30,"#53 A donde los van a expulsar?? Es su pais, los podran encarcelar, cosa q espero que ocurra. 
La culpa de las agresiones la tienen los agresores, pero tu pareces mas preocupado por que yan estropeado tu mundo de piruleta y le han dado la razon a quienes dijeron que esto podía pasar. Pues pideles explicaciones a los refugiados agresores. Y no, mil tipos en Colonia no es un caso aislado, y mas casos em Stuttgart, Zurich y a saber donde más. 

Que mala la realidad, que no obedece a tus fanrasias! Debe ser frustrante."
inmigracion,https://www.meneame.net/story/berlin-identifica-18-demandantes-asilo-entre-detenidos-sexuales,2541566,18549659,162,110.0,Arcuo,2016-01-08T17:18:07+00:00,13,86,"#110  
Si ponemos como ejemplo a Arabia Saudi: la mujer estaba en el interior de un coche con un amigo cuando dos hombres entraron en el vehículo y los llevaron a una zona apartada donde la joven fue violada por siete personas. Los violadores fueron condenados a cinco años de prisión.

De acuerdo con la ley saudí, un miembro masculino de la familia tiene que acompañar a una mujer a todas horas en público. La víctima fue sentenciada a 90 latigazos por no cumplir esta ley.

-Lo de los sanfirmines para mi se saca de quicio con lo de las microagresiones. Una mirada es un microagresion, un piropo no aceptado es una microagresion, etc... Lo de las tías que enseñan las tetas y otros las soban es una costumbre importada de Mardi Gras y otras fiestas anglosajonas, y para mi ambas partes lo aceptan, otra cosa es que hayan  casos de abuso sexual, intimidaciones, etc... eso no lo disculpo, y no creo que sea la norma porque miles de mujeres van cada año. Pero comparar lo primero con que se junten 1000 tíos a robar, agredir, violaciones, etc.... si fuera eso los San Fermines no irían miles de mujeres cada año."
inmigracion,https://www.meneame.net/story/berlin-identifica-18-demandantes-asilo-entre-detenidos-sexuales,2541566,18549642,161,49.0,Remenad0r,2016-01-08T17:15:01+00:00,3,12,#49 Si no les das ayudas sociales lo que harán es delinquir. Y encima tu serás el racista.
inmigracion,https://www.meneame.net/story/berlin-identifica-18-demandantes-asilo-entre-detenidos-sexuales,2541566,18549631,160,158.0,--125581--,2016-01-08T17:13:40+00:00,1,20,"#158 Aunque en ese caso no lo es. La mujer es coherente con sus ideas, (activismo antirreligioso), los demás tienen miedo por el policorrectismo."
inmigracion,https://www.meneame.net/story/berlin-identifica-18-demandantes-asilo-entre-detenidos-sexuales,2541566,18549629,159,,--376568--,2016-01-08T17:13:34+00:00,1,22,"A mí este tema me está dando muy mal rollo. No hay imágenes de cámaras de seguridad, ni de cámaras urbanas que hayan captado esa supuesta horda organizada. Detenciones que parecen preventiva, de homeless que quedaban por allí cuando todo había terminado. Las imágenes de la fiesta de Koln que se ven en YT sólo son un poco de descontrol con lo petardos (y mucho tío junto y poca tía), pero nada que no haya visto yo en las Fallas de Valencia. Si hay una horda por ahí actuando debe quedar reflejada en las cámaras de seguridad, y todo deberíamos poder verla. Otra cosa es que haya cada vez más sin techo, borrachos como cubas, y cada vez menos vigilancia."
inmigracion,https://www.meneame.net/story/berlin-identifica-18-demandantes-asilo-entre-detenidos-sexuales,2541566,18549613,158,52.0,anor,2016-01-08T17:11:43+00:00,4,26,#52 Las contradicciones son el pan nuestro de cada dia
inmigracion,https://www.meneame.net/story/berlin-identifica-18-demandantes-asilo-entre-detenidos-sexuales,2541566,18549593,157,93.0,joan.garcia.902,2016-01-08T17:09:47+00:00,9,75,"#93 pues si, por eso se llama generalización, lo tuyo en cambio se llama hipocresía."
inmigracion,https://www.meneame.net/story/berlin-identifica-18-demandantes-asilo-entre-detenidos-sexuales,2541566,18549581,156,149.0,Ehrin,2016-01-08T17:08:36+00:00,0,6,#149 pues eso
inmigracion,https://www.meneame.net/story/berlin-identifica-18-demandantes-asilo-entre-detenidos-sexuales,2541566,18549563,155,29.0,--403917--,2016-01-08T17:06:17+00:00,1,17,"#29 Tiene sentido lo que dices, incluso parece lógico; el problema es elevar esa idea a categoría de verdad absoluta. Máxime cuando se busca el heteropatriarcado donde menos influencia tiene, y se hace el caldo gordo a religiones como el islam mientras se detesta, también por ideología, la católica, por ejemplo. Porque hay una serie de tipos que violarán o intentarán violar sin que tenga nada que ver el heteropatriarcado, y si se hace minería de datos, a lo peor para la ideología de género resulta que hasta dentro del heteropatriarcado, la mayoría de los que violan son violadores que vienen así ""de serie"" y no hombres influenciados por cultura alguna. En cualquier caso apoyo todo lo que dices mientras se ponga el foco en esas sociedades donde aun es más fuerte."
inmigracion,https://www.meneame.net/story/berlin-identifica-18-demandantes-asilo-entre-detenidos-sexuales,2541566,18549555,154,153.0,Arcueid,2016-01-08T17:05:20+00:00,1,16,"#153 Estás diciendo lo mismo que ya he dicho. Los que delinquen (al menos en cierto grado o con cierto nivel de reincidencia), se van. Los que no, no. No se trata de deportaciones masivas.
Más o menos como cualquier otro residente en el extranjero. Quizá con un extra de protección a los que tienen status de refugiado por las posibles consecuencias de su deportación. Pero la idea es la misma."
inmigracion,https://www.meneame.net/story/berlin-identifica-18-demandantes-asilo-entre-detenidos-sexuales,2541566,18549503,153,152.0,--125581--,2016-01-08T16:59:46+00:00,0,10,"#152 "" lógico parece que si delinquen de manera grave se les envíe de vuelta a su país.""

No en conjunto. Solo a los que violen la ley como este caso. Los demás, que se queden. Así los que han realizado tales actos machistas comprenderán que sus compañeros por no violar mujeres y ser un ciudadano puedes comer y vivir en Europa."
inmigracion,https://www.meneame.net/story/berlin-identifica-18-demandantes-asilo-entre-detenidos-sexuales,2541566,18549475,152,53.0,Arcueid,2016-01-08T16:56:40+00:00,0,6,"#53 A dónde propones expulsar a esos alemanes que queman los refugios? Alemania es un estado post-nazi, y esos alemanes o nazis son, pues eso, de Alemania. Ya darán buena cuenta de ellos en su país. De igual manera, los sirios son de Siria. Se les da asilo por cuestiones humanitarias y de manera puntual; pero como a cualquier otra persona residente en un país extranjero, lo lógico parece que si delinquen de manera grave se les envíe de vuelta a su país.

Eso no debería significar un rechazo total a todos los inmigrantes. Eso es, posiblemente, lo que buscan sus vecinos de Daesh.
Pero hay que poner mucho cuidado en que aquellos que tienen posibilidades de integración lo hagan, y que preferiblemente no exporten costumbres poco deseables fuera de sus países."
inmigracion,https://www.meneame.net/story/berlin-identifica-18-demandantes-asilo-entre-detenidos-sexuales,2541566,18549474,151,145.0,Arcuo,2016-01-08T16:56:31+00:00,0,6,"#145 Igualito

http://4.bp.blogspot.com/-jbn-E4qzMUg/Ud8LUxS98CI/AAAAAAAAAzc/FpW8Z9sL_Fk/s400/Capturaw.PNG

VS

http://i1.wp.com/newobserveronline.com/wp-content/uploads/2016/01/attack-victim-stuttgart.jpg?w=800"
inmigracion,https://www.meneame.net/story/berlin-identifica-18-demandantes-asilo-entre-detenidos-sexuales,2541566,18549461,150,108.0,AngryBird,2016-01-08T16:55:32+00:00,0,12,#108 ¿Justificas los ataques?
inmigracion,https://www.meneame.net/story/berlin-identifica-18-demandantes-asilo-entre-detenidos-sexuales,2541566,18549453,149,142.0,--234048--,2016-01-08T16:54:48+00:00,0,17,#142 Generalizar.. se dice generalizar.
inmigracion,https://www.meneame.net/story/berlin-identifica-18-demandantes-asilo-entre-detenidos-sexuales,2541566,18549439,148,141.0,--125581--,2016-01-08T16:52:45+00:00,3,40,"#141 Yo si voy a un estado socialista, txapeldun, lo que intento es no liarla, y no te digo nada de lo que me pasaría al no cumplir sus normas de acogida.

Expulsarme sería algo totalmente lógico, puesto que están dedicando recursos para tratarme, y si encima me dedico a liarla cuando me han explicado las normas hace meses , pues no sé qué más hacer .

En Reddit tienes enlaces sobre los programas de integración, explicados en el idioma de los nativos a nacionalizarse. Con normas cívicas, sociales y comportamiento básicas para vivir en Alemania."
inmigracion,https://www.meneame.net/story/berlin-identifica-18-demandantes-asilo-entre-detenidos-sexuales,2541566,18549430,147,5.0,Fernando_x,2016-01-08T16:51:54+00:00,7,43,"#5 Como siempre, intentando confundir a violadores con refugiados. Desviar el odio legítimo hacia los violadores hacia los refugiados. Como si todos fuésemos tan idiotas."
inmigracion,https://www.meneame.net/story/berlin-identifica-18-demandantes-asilo-entre-detenidos-sexuales,2541566,18549412,146,141.0,--125581--,2016-01-08T16:49:52+00:00,2,23,"#141 El islam no es una raza, y fué un aliado cojonudo del fascismo, tanto del español como del italiano, y no hablemos del alemán.

Y en la mayoría de puntos la iglesia católica española y los follacabras coinciden que da gusto."
inmigracion,https://www.meneame.net/story/berlin-identifica-18-demandantes-asilo-entre-detenidos-sexuales,2541566,18549406,145,85.0,oricha_1,2016-01-08T16:49:25+00:00,3,10,"#85 Si no porque es titular dice Colonia, diría que son los San Fermines."
inmigracion,https://www.meneame.net/story/berlin-identifica-18-demandantes-asilo-entre-detenidos-sexuales,2541566,18549393,144,20.0,Plantegra,2016-01-08T16:47:34+00:00,0,9,"#20 Ale, ves corriendo a pedir pensión completa, con lo bien que se esta en la carcel, así nos libramos de leer que cosas."
inmigracion,https://www.meneame.net/story/berlin-identifica-18-demandantes-asilo-entre-detenidos-sexuales,2541566,18549388,143,18.0,Remenad0r,2016-01-08T16:47:12+00:00,8,-19,"#18 van unas cuantas veces ya, robar, matar,violar es lo que hay en su cultura. Lapidando gente con piedras y todos miranso (o tirando piedras)."
inmigracion,https://www.meneame.net/story/berlin-identifica-18-demandantes-asilo-entre-detenidos-sexuales,2541566,18549387,142,123.0,Ehrin,2016-01-08T16:47:10+00:00,0,6,"#123 desde luego no hablas por mí al decir eso  {0x263a} ️ Porque ni he defendido ni he atacado. Pero obviamente trae problemas, ya lo vemo. 
Y yo al menos lo siento, pero no tengo por qué darle el beneficio de la duda a nadie a mi costa, alguien me lo dijo así; 
Si se ve como una mofeta
Suena como una mofeta
Y huele como una mofeta
Muy probablemente sea una mofeta. 
Lo dicho, aunque eso no quiere decir que yo vaya diciendo que esa gente es lo peor, puede que lo piense, o puede que no pero no lo voy a decir porque siempre te puedes equivocar con alguien, aunque no sea probable."
inmigracion,https://www.meneame.net/story/berlin-identifica-18-demandantes-asilo-entre-detenidos-sexuales,2541566,18549383,141,,--230260--,2016-01-08T16:46:43+00:00,1,2,"A los comepollas de policías de Menéame se os está haciendo el culo pepsicola. Encontráis un motivo para defender vuestro odio hacia los solicitantes de asilo, inmigrantes, musulmanes, personas sin papeles... Los defensores de las vallas y los muros entre las personas.
Para mí seguís siendo escoria fascista y racista. Y no tenéis ni tendréis argumentos, más que para vuestra estupidez."
inmigracion,https://www.meneame.net/story/berlin-identifica-18-demandantes-asilo-entre-detenidos-sexuales,2541566,18549377,140,131.0,Ryouga_Ibiki,2016-01-08T16:46:23+00:00,1,13,"#131 Y que le quieres? Huyeron de una guerra y los acogieron como pudieron.

Tambien te puedes tirar mas tiempo aqui esperando que te operen o buscando trabajo.Los medios son los que hay. En cualquier caso, él quiere permanecer en Alemania el tiempo que le lleve obtener un título universitario.

¿Y luego? Omar se encoge de hombros: “Volveré al Líbano o Turquía”. Por lo que dice quiere estudiar y volver a irse.Si saca una carrera y no comete ningún delito lo tendrá bien fácil para obtener trabajo y el visado.Incluso mas facil que muchos estudiantes aqui que tienen un paro del 50%.

Que mas quieres que hagan los alemanes?, le dan casa, le pagan sus gastos, le permiten sacar una carrera y si se quiere quedar siendo refugiado no tendra problema en quedarse."
inmigracion,https://www.meneame.net/story/berlin-identifica-18-demandantes-asilo-entre-detenidos-sexuales,2541566,18549363,139,115.0,--125581--,2016-01-08T16:45:03+00:00,1,25,"#115 Curioso como se criminalice el género másculino con las estadísticas de violencia doméstica/sentimental y con la religión, donde la diferencia entre casos es mucho más amplia, ""no es lo mismo"".

Hipócritas es lo que son.

No veo las mismas quejas hacia la etnia gitana que posee comportamientos machistas implícitos en su tradición que contra el ""malvado género masculino, las víctimas masculinas no existen, etc...""

Si fueran de izquierdas de verdad estarían cagando a hostias para prohibir y censurar tales comportamientos, y no te digo nada lo que le pasaría al patriarca gitano con la prueba del pañuelo en la URSS o al morito diciendo que la mujer es inferior y encima siendo pagados tales excrementos verbales religiosos con nuestros impuestos.

Los franceses hicieron de puta madre con el estado laico por ley , idem con los de Charlie Hebdo, a pesar de que los tontolculos de siempre hablen de ""islamofobia""."
inmigracion,https://www.meneame.net/story/berlin-identifica-18-demandantes-asilo-entre-detenidos-sexuales,2541566,18549361,138,116.0,enrii.bc,2016-01-08T16:44:45+00:00,0,7,"#116 yo voto a podemos.Si te vale. Pero soy de Vestrynge. Cada uno identificara el problema de una manera, nadie esta mas feliz de la entrada de mano de obra exclava que los danieles lacalle"
inmigracion,https://www.meneame.net/story/berlin-identifica-18-demandantes-asilo-entre-detenidos-sexuales,2541566,18549358,137,132.0,Autarca,2016-01-08T16:44:34+00:00,0,9,"#132 Cuando esta implicada la violencia y el terror, ni con las buenas."
inmigracion,https://www.meneame.net/story/berlin-identifica-18-demandantes-asilo-entre-detenidos-sexuales,2541566,18549356,136,,Arcueid,2016-01-08T16:44:26+00:00,0,6,"Dejando de lado lo que la entrada masiva de inmigrantes/¿refugiados?) pueda conllevar, lo que ha sucedido estas navidades en Alemania, Suiza y otros no tiene lógica alguna.

Esto es una tomadura de pelo.

Agresiones sexuales coordinadas; ¿dónde se ha visto esto? Tiene pinta de que ""alguien"" intenta buscar otras razones para desprestigiar a esos inmigrantes. Y aunque a nivel estatal consideren la salida de inmigrantes o refugiados que delincan (lógico), lo que posiblemente buscan estos actos y consigan es mayor desprestigio a nivel social (potencialmente preocupante en una sociedad como la alemana) y que inciten al odio a los inmigrantes (más reclutas para Daesh)."
inmigracion,https://www.meneame.net/story/berlin-identifica-18-demandantes-asilo-entre-detenidos-sexuales,2541566,18549342,135,128.0,--193912--,2016-01-08T16:43:28+00:00,0,9,#128 Todos mienten menos yo.
inmigracion,https://www.meneame.net/story/berlin-identifica-18-demandantes-asilo-entre-detenidos-sexuales,2541566,18549338,134,43.0,auroraboreal,2016-01-08T16:43:01+00:00,19,144,"#43 Pues a mí no me parece que en este caso hay que hacer ""lo mismo que para todo el mundo, sin más"". Según los diferentes medios han sido unos 1000 hombres los que han participado en estos actos en un lugar concreto bastante pequeño en superficie. Y se ha podido detener, al menos de momento, a muy pocos. 

Esto no se puede ver como ""algo aislado"" que hace una persona a su víctima. Es un ataque a los valores de la sociedad en la que estas personas viven y, al menos yo creo, que se debe juzgar a los culpables desde ese prisma y la sentencia para todos (los que piden asilo, los que tienen el permiso de residencia y los que tienen la nacionalidad alemana) debe ser ejemplar, e igual de dura para todos.

Porque en Europa luchamos por una sociedad en la que todas las personas valgan lo mismo y tengan los mismos derechos. Llevamos mucho tiempo luchando por tener la estructura social suficiente como para que todas y cada una de las personas que pueblan nuestros países puedan salir las 24 horas del día sin tener miedo (aunque no siempre ni en todos los lugares se consiga).

Y ahora, ¿cómo salen las mujeres de Colonia cuando se haga de noche sin pensar que, de repente puede salir un montón de gente que las intente aislar y hacer cualquier cosa sin que puedan hacer nada para evitarlo?

Esto es mucho más serio que un incidente aislado y requiere medidas especiales. No se pueden permitir ataques a los pilares de la sociedad (y uno de ellos es la igualdad de las personas).

Y, personalmente, a parte de juicios contra los culpables, creo que son urgentes medidas a corto y a largo plazo que intenten garantizar que todos los habitantes de un país determinado (permanentes o transitorios) conocen, aceptan y respetan los derechos humanos en la misma medida que el país en el que se habita. 

Personalmente, lo que ha pasado, me parece mucho más grave que cada incidente aislado. Tolerancia con las diferencias, si. Respeto, también. Igualdad, también."
inmigracion,https://www.meneame.net/story/berlin-identifica-18-demandantes-asilo-entre-detenidos-sexuales,2541566,18549337,133,,Remenad0r,2016-01-08T16:42:56+00:00,0,8,¿Y los otros 900 de donde? Ahora va a resultar que como había un alemán (lo mismo alemán pero con familia árabe vete a saber) no ha pasado nada y es algo que pasa normalmente.
inmigracion,https://www.meneame.net/story/berlin-identifica-18-demandantes-asilo-entre-detenidos-sexuales,2541566,18549327,132,120.0,MasterChof,2016-01-08T16:42:24+00:00,0,9,"#120 a todas no, sólo a las que estén buenas, hombre {wink}"
inmigracion,https://www.meneame.net/story/berlin-identifica-18-demandantes-asilo-entre-detenidos-sexuales,2541566,18549312,131,129.0,Delapresa,2016-01-08T16:39:59+00:00,0,10,"#129 Lee todo, 8 meses estuvo en un campo de refugiados. ¿Y cuando llegue el momento de integrarse en la sociedad y tenga que trabajar? ¿O acaso Alemania le va a pagar todo los gastos el resto de sus días?"
inmigracion,https://www.meneame.net/story/berlin-identifica-18-demandantes-asilo-entre-detenidos-sexuales,2541566,18549311,130,110.0,Amenophis,2016-01-08T16:39:47+00:00,2,27,"#110 Esa foto no es pertinente ya que en ese caso es consentido.

Además de que la noticia (13/07) está desfasada ya que la tal violación al final no fue tal aunque si hubo una situación enormemente machista."
inmigracion,https://www.meneame.net/story/berlin-identifica-18-demandantes-asilo-entre-detenidos-sexuales,2541566,18549287,129,125.0,Ryouga_Ibiki,2016-01-08T16:36:38+00:00,0,7,"#125 La vivienda,la comida, la calefaccion, educacion... la tienen asegurada por los servicios sociales, hasta si tienen perro o gato recibiran un aporte para el.Los servicios sociales en Alemania funcionan muy bien. La habitación es grande y cálida, con un sofá en la esquina. En el centro, hay una mesa larga. Uno puede imaginarse que alrededor de esta mesa se bebe mucho té, se fuman muchos cigarrillos y se habla mucho de todo. “Lo único que me molesta realmente en Alemania es el clima”, dice Omar riéndose. 

No quiere parecer ingrato, está impresionado por la cortesía de los alemanes."
inmigracion,https://www.meneame.net/story/berlin-identifica-18-demandantes-asilo-entre-detenidos-sexuales,2541566,18549268,128,80.0,GeoX,2016-01-08T16:33:58+00:00,1,17,"#80 La TV sólo dice la verdad si es para darme la razón, hombre."
inmigracion,https://www.meneame.net/story/berlin-identifica-18-demandantes-asilo-entre-detenidos-sexuales,2541566,18549255,127,87.0,Ryouga_Ibiki,2016-01-08T16:32:02+00:00,9,54,"#87 18 detenidos de los 1000 agresores. El presidente de la policía en Colonia, Wolfgang Albers, explicó en rueda de prensa que un millar de hombres, que según todos los testimonios procedían del mundo árabe o el norte de África http://www.20minutos.es/noticia/2642399/0/mil-hombres/acosan-mujeres/nochevieja-colonia/

Que no seran todos solicitantes de asilo ni muchisimo menos pero yo diria que hay algun nexo ahi."
inmigracion,https://www.meneame.net/story/berlin-identifica-18-demandantes-asilo-entre-detenidos-sexuales,2541566,18549253,126,124.0,--234048--,2016-01-08T16:31:54+00:00,1,28,#124 Se nota que has salido poco... {palm}
inmigracion,https://www.meneame.net/story/berlin-identifica-18-demandantes-asilo-entre-detenidos-sexuales,2541566,18549246,125,122.0,Delapresa,2016-01-08T16:31:25+00:00,0,10,"#122 Si viven de lujo: http://www.cafebabel.es/sociedad/articulo/la-vida-de-un-refugiado-sirio-en-alemania.html
Luego busca trabajo, que te cojan en algún sitio y afronta los gastos que supone vivir en un país como Alemania."
inmigracion,https://www.meneame.net/story/berlin-identifica-18-demandantes-asilo-entre-detenidos-sexuales,2541566,18549245,124,59.0,moraitosanlucar,2016-01-08T16:31:22+00:00,1,26,"#59 creo que #9 se refería a la cartera, no a la gorra."
inmigracion,https://www.meneame.net/story/berlin-identifica-18-demandantes-asilo-entre-detenidos-sexuales,2541566,18549205,123,113.0,--234048--,2016-01-08T16:28:08+00:00,8,62,"#113 Aquí se ridiculizó a gente que dijo que la acogida a refugiados iba a traer problemas.

Pero oye.. ahora que se ve que ha pasado algo de lo que advirtieron ¿que tenemos a hacer? {roll}"
inmigracion,https://www.meneame.net/story/berlin-identifica-18-demandantes-asilo-entre-detenidos-sexuales,2541566,18549184,122,64.0,Ryouga_Ibiki,2016-01-08T16:25:54+00:00,4,28,"#64 Si viven en Alemania el gobierno les dara casa y alimentos para que no necesiten delinquir para comer y tener un techo.

Lo de violar pues ya me diras si lo justifica la pobreza."
inmigracion,https://www.meneame.net/story/berlin-identifica-18-demandantes-asilo-entre-detenidos-sexuales,2541566,18549180,121,111.0,Arcuo,2016-01-08T16:25:38+00:00,0,6,"#111 vamos a ver, 9000 son los que dicen que han admitido provisionalmente (y solo sirios) desde 2011. No quiere decir que no haya miles esperando en barracones, centros de refugiados y hoteles (igual que en Alemania) entre los 50.000 que han tramitado la solicitud en los últimos dos años."
inmigracion,https://www.meneame.net/story/berlin-identifica-18-demandantes-asilo-entre-detenidos-sexuales,2541566,18549178,120,108.0,Autarca,2016-01-08T16:25:34+00:00,0,9,"#108 Yo no llamaría reprimirse a no ir asaltando a y toda mujer que se cruza por el camino, creo que la absoluta mayoría de hombres no tiene ese deseo."
inmigracion,https://www.meneame.net/story/berlin-identifica-18-demandantes-asilo-entre-detenidos-sexuales,2541566,18549170,119,32.0,Ryouga_Ibiki,2016-01-08T16:24:32+00:00,5,49,"#32 Es que si tuvieran dos dedos de frente, respetaran las leyes y agradecieran la acogida no se dedicarían a robar y violar en grupo, vamos digo yo.

Es lo que tienen los fanáticos analfabetos que no les han enseñado a respetar a las mujeres."
inmigracion,https://www.meneame.net/story/berlin-identifica-18-demandantes-asilo-entre-detenidos-sexuales,2541566,18549169,118,87.0,mataclanes,2016-01-08T16:24:25+00:00,15,113,#87 No son 18 de 400.000. Son 18 de las 31 personas interrogadas. Un porcentaje algo mayor del que mencionas.
inmigracion,https://www.meneame.net/story/berlin-identifica-18-demandantes-asilo-entre-detenidos-sexuales,2541566,18549165,117,,ElSobrinodeMarx,2016-01-08T16:24:15+00:00,3,25,"Imaginad por un momento que se hubieran reunido mil alemanes en la estacion de tren de colonia para asaltar sexualmente a cientos de mujeres musulmanas, robando, agrediendo y realizando violaciones. ¿que repercusion hubiera tenido?

Pues el caso es que ha sido al reves. Mil musulmanes en su mayoria refugiados reunidos para asaltar sexualmente a cientos de ciudadanas alemanas, robando, agrediendo yrealizando violaciones.
Esta gente deberian de estar en campos de refugiados en la frontera conTurquia, no repartiendo casos aislados por centro europa."
inmigracion,https://www.meneame.net/story/berlin-identifica-18-demandantes-asilo-entre-detenidos-sexuales,2541566,18549158,116,88.0,Delapresa,2016-01-08T16:23:39+00:00,0,10,"#88 ¿Mundo de piruleta es no crear desigualdades?. Cuando elijo un partido para votarle me fijo en su programa y que lleve el compromiso por eliminar el mayor número de desigualdades, no me parece tan descabellado, esto nos favorece a todos, no solo a los inmigrantes. Bueno a las clases sociales más altas no, pero son una minoría y a pesar de ello nos ganan la batalla. ¿Cómo? Por ejemplo con marketing, el extranjero es el malo, es el culpable de muchos males para ti, ayúdame a expulsarlo de la patria. Por favor, no nos dejemos engañar, esta gente es el menor de nuestros problemas."
inmigracion,https://www.meneame.net/story/berlin-identifica-18-demandantes-asilo-entre-detenidos-sexuales,2541566,18549146,115,21.0,--66745--,2016-01-08T16:22:46+00:00,18,103,"#21 Si los musulmanes suponen el 80-90% de los culpables y suponen menos del 10% de la población, la estadística dice que se pueden sacar conclusiones muy dañinas para los amantes del kebab y el hummus."
inmigracion,https://www.meneame.net/story/berlin-identifica-18-demandantes-asilo-entre-detenidos-sexuales,2541566,18549144,114,59.0,chemari,2016-01-08T16:22:39+00:00,3,33,"#59 Un amigo mio iba a las discotecas a las 4 de la mañana y le entraba a la mas gorda, y le funcionaba {lol}. Si lo que tu buscas es un truco para ligar con pivones, ahi no puedo ayudarte."
inmigracion,https://www.meneame.net/story/berlin-identifica-18-demandantes-asilo-entre-detenidos-sexuales,2541566,18549143,113,106.0,Ehrin,2016-01-08T16:22:34+00:00,0,6,"#106 también es muy negativo el terrorismo islamista ya sabes. Somos humanos no justifico la generalización pero entiendo el miedo porque el miedo entre otras cosas suele ser irracional, si te quema una vez tiendes a tener cuidado aunque tal vez te equivoques. Y la pregunta a veces es por qué tengo que ponerme en el riesgo de conceder el beneficio de la duda si soy yo quien corre peligro. Lo extiendo a todo en general, antes de que me critiquen. La desconfianza es natural en ocasiones"
inmigracion,https://www.meneame.net/story/berlin-identifica-18-demandantes-asilo-entre-detenidos-sexuales,2541566,18549126,112,14.0,--66745--,2016-01-08T16:20:13+00:00,13,113,"#14 Entre los acusados van ganando los de países árabes-musulmanes.

27 de 31 es casi un 90%. Pero si los 2 alemanes son de origen turco nos acercamos al pleno."
inmigracion,https://www.meneame.net/story/berlin-identifica-18-demandantes-asilo-entre-detenidos-sexuales,2541566,18549124,111,99.0,natrix,2016-01-08T16:20:11+00:00,2,30,"#99 Una cosa son peticiones y otra concesiones, cada país sigue sus propios criterios (nada de «exactamente igual que en Alemania, a algunos les habrán concedido el asilo y otros seguirán esperando»).
He estado buscando datos fiables y en Suiza debe haber unos 9000 refugiados 1 , en Turquía hay 2 millones, en Líbano 1,1 millones 2 .

1. http://www.eldiario.es/politica/Suiza-descarta-refugiados-anticipa-peticiones_0_440606336.html
2. http://cnnespanol.cnn.com/2015/09/09/crisis-de-refugiados-que-paises-los-reciben-y-cuales-no/"
inmigracion,https://www.meneame.net/story/berlin-identifica-18-demandantes-asilo-entre-detenidos-sexuales,2541566,18549116,110,78.0,DORAP,2016-01-08T16:19:16+00:00,17,130,"#78 Igual el primer error es meter el islam en cualquier cosa que haga un musulmán, aunque vaya en contra de su propia religión. 

Que yo sepa no hay ningún versículo del Coran que diga ""En fin de año pillaros una buena cogorza y manoseadlas a todas"". Diría que beber alcohol y sobar a mujeres es una actitud bastante anti-islámica, en Arabia Saudí les hubieran cortado la cabeza ahí mismo.

Y yo no quiero meter el dedo en la llaga, pero aquí he leído multitud de opiniones disculpando actitudes como esa cuando los autores no eran inmigrantes. ¿De dónde están hablando en el siguiente artículo? ¿El Cairo, Colonia o Pamplona? ¿Son los autores también musulmanes? ¿Pondríais la mano en el fuego por vuestros comentarios cuando se subió a menéame? ¿Queréis que los rebusque? 

http://www.elconfidencial.com/alma-corazon-vida/2015-07-13/la-gente-viene-a-una-ciudad-sin-ley-y-las-agresiones-sexistas-estan-presentes-a-diario_925973/ Aprovechando las aglomeraciones y el ambiente festivo, en el que las normas sociales parecen desaparecer, se suceden los tocamientos, los piropos no consentidos y las intimidaciones. Agresiones de baja intensidad que no son más que el preludio de otro de otro tipo de conductas más graves,"
inmigracion,https://www.meneame.net/story/berlin-identifica-18-demandantes-asilo-entre-detenidos-sexuales,2541566,18549109,109,53.0,JGG,2016-01-08T16:18:18+00:00,13,89,"#53 No te preocupes. Es posible que en España puedas encontrar alguna familia sin recursos a la que puedas acoger en tu casa. A no, que esos no ..."
inmigracion,https://www.meneame.net/story/berlin-identifica-18-demandantes-asilo-entre-detenidos-sexuales,2541566,18549100,108,45.0,MasterChof,2016-01-08T16:17:23+00:00,8,2,"#45 En general, los tíos estamos reprimidos (o nos autorreprimimos). Follamos menos de lo que nos gustaría y con menos variedad de la que nos gustaría. En el caso de los musulmanes que vienen de países musulmanes, en general, están más reprimidos aún. Llega un momento en que ya no piensan con la cabeza. Si se creen impunes, peor.
Algo similar ocurre en las guerras. ¿Cuántos casos de violaciones hay de cascos azules británicos en Africa o del ejército Yanki en Irak?
Es un asco pero los tíos somos así... no es una cuestión de religiones, es una cuestión de FISIOLOGÍA/NATURALEZA VS SOCIEDAD."
inmigracion,https://www.meneame.net/story/berlin-identifica-18-demandantes-asilo-entre-detenidos-sexuales,2541566,18549090,107,103.0,GeoX,2016-01-08T16:16:12+00:00,0,11,"#103 Pues eso, unos hijos de puta. La policía les detendrá, serán juzgados y condenados/absueltos/deportados, y con suerte ningún inocente sufrirá represalias."
inmigracion,https://www.meneame.net/story/berlin-identifica-18-demandantes-asilo-entre-detenidos-sexuales,2541566,18549082,106,94.0,--234048--,2016-01-08T16:15:43+00:00,2,30,#94 No me preocupa el por que... sino el resultado de su acción... Muy negativo para sus compañeros inmigrantes y en demanda de asilo.
inmigracion,https://www.meneame.net/story/berlin-identifica-18-demandantes-asilo-entre-detenidos-sexuales,2541566,18549079,105,32.0,--201825--,2016-01-08T16:15:18+00:00,3,31,#32 Lógico...los acoges y ahora delinquen pues a tomar por culo. Eso se debería hacer en España con todo inmigrantes .....puro como tenemos muchos tocapelotas progres pues tenemos que apechugar con además de nuestros delincuentes autóctonos con los que vienen de fuera.
inmigracion,https://www.meneame.net/story/berlin-identifica-18-demandantes-asilo-entre-detenidos-sexuales,2541566,18549064,104,93.0,Uzer,2016-01-08T16:13:52+00:00,3,24,#93 y la diferencia es....
inmigracion,https://www.meneame.net/story/berlin-identifica-18-demandantes-asilo-entre-detenidos-sexuales,2541566,18549062,103,35.0,jaspeao,2016-01-08T16:13:40+00:00,2,17,"#35 imagino que es difícil violar nada (al menos con la herramienta típica) estando hasta el culo de alcohol, me temo.
Aunque también entiendo que pueden ser abusos, u otro tipo de ultraje.
Unos animales en cualquier caso."
inmigracion,https://www.meneame.net/story/berlin-identifica-18-demandantes-asilo-entre-detenidos-sexuales,2541566,18549039,102,67.0,MasterChof,2016-01-08T16:11:28+00:00,0,9,"#67 ¡¡¡cuidaíto con mentar el judaísmo, musho cuidaíto!!!"
inmigracion,https://www.meneame.net/story/berlin-identifica-18-demandantes-asilo-entre-detenidos-sexuales,2541566,18549037,101,,--201825--,2016-01-08T16:11:08+00:00,2,18,"Se están integrando hombre...hay que darles casa,trabajo y ahora nuestras mujeres... {palm}"
inmigracion,https://www.meneame.net/story/berlin-identifica-18-demandantes-asilo-entre-detenidos-sexuales,2541566,18549036,100,93.0,--234048--,2016-01-08T16:10:54+00:00,37,227,"#93 Ah ... ¿no vale el argumento cuando no te conviene?

Vaya hombre... {undecided}"
inmigracion,https://www.meneame.net/story/berlin-identifica-18-demandantes-asilo-entre-detenidos-sexuales,2541566,18549031,99,76.0,Arcuo,2016-01-08T16:10:27+00:00,10,66,"#76 Suiza proyecta recibir este año unas 30.000 demandas de asilo, frente a las 26.000 que registró en 2014.

Las cabañas que se empezarán a utilizar en Argovia han sido acondicionadas tras un acuerdo entre la Agencia de Naciones Unidas para los Refugiados (Acnur) y la Fundación Ikea, según informó la agencia suiza de noticias Ats.

Cada cabaña es de 17,5 metros cuadrados y tiene capacidad para cinco personas, con paredes de plástico, un techo de material sintético y se puede montar en unas horas.
Suiza proyecta recibir este año unas 30.000 demandas de asilo, frente a las 26.000 que registró en 2014.


http://www.abc.es/internacional/abci-canton-suizo-compra-200-cabanas-ikea-para-alojar-refugiados-201510291813_noticia.html

La noticia es de finales de Octubre. En Suiza hay miles de refugiados (exactamente igual que en Alemania, a algunos les habrán concedido el asilo y otros seguirán esperando.), no quieras vender como que en Suiza no hay refugiados y ha pasado igual porque no es verdad."
inmigracion,https://www.meneame.net/story/berlin-identifica-18-demandantes-asilo-entre-detenidos-sexuales,2541566,18549028,98,,--420014--,2016-01-08T16:10:19+00:00,4,27,"Muchos intereses en boicotear a los refugiados. No me extrañaría que estos y los pegatiros fuesen primos.

EDIT: o será mi paranoia... en cualquier caso, a su puta casa."
inmigracion,https://www.meneame.net/story/berlin-identifica-18-demandantes-asilo-entre-detenidos-sexuales,2541566,18549027,97,89.0,GeoX,2016-01-08T16:10:17+00:00,4,48,"#89 Y con el XX, y con el XIX... puta superstición.

Pero las personas no son máquinas que siguen ciegamente una programación. Los violadores estos iban hasta el culo de alcohol, por ejemplo, cosa que prohíbe su religión."
inmigracion,https://www.meneame.net/story/berlin-identifica-18-demandantes-asilo-entre-detenidos-sexuales,2541566,18549024,96,91.0,--125581--,2016-01-08T16:09:59+00:00,21,137,"#91 ""Feminismo islamista"" es como ""multiculturalismo neonazi"".

Pajas mentales para defender lo indefendible. Una burla al feminismo."
inmigracion,https://www.meneame.net/story/berlin-identifica-18-demandantes-asilo-entre-detenidos-sexuales,2541566,18549022,95,59.0,jaspeao,2016-01-08T16:09:50+00:00,3,28,"#59 es sencillo, a mitad de noche de juerga, dependiendo de tu sexo y orientación sexual, con unas copas de más, pregunta al que le toque conducir esa noche, que te indique quien es en el bar/disco/local, la persona más físicamente opuesta al gusto social imperante, y a por ella. Tienes un porcentaje elevadísimo de triunfo, incluso si esa persona eres tu, siempre que haya otra con estas instrucciones."
inmigracion,https://www.meneame.net/story/berlin-identifica-18-demandantes-asilo-entre-detenidos-sexuales,2541566,18549018,94,9.0,Ehrin,2016-01-08T16:09:31+00:00,4,23,"#9 este tipo de agresiones, dicen, no es por necesidad de sexo o deseo, se supone que es para demostrar una dominación, fuerza, posición etc. Da incluso más asco"
inmigracion,https://www.meneame.net/story/berlin-identifica-18-demandantes-asilo-entre-detenidos-sexuales,2541566,18549015,93,90.0,--89667--,2016-01-08T16:09:19+00:00,23,-58,"#90 Igualito. Raza/etnia/religion con profesión o forma de ganarse la vida, si.
Cada día más lince."
inmigracion,https://www.meneame.net/story/berlin-identifica-18-demandantes-asilo-entre-detenidos-sexuales,2541566,18549014,92,26.0,MasterChof,2016-01-08T16:09:15+00:00,3,26,"#26 ta's lucido una vez más con tu comparación absurda... si eran curas, evidentemente es relevante... en cambio, no he visto en mi vida una noticia en España que hablen de la religión que profese un violador español {palm} 
es en estos detalles donde se cala a los tontos del bote, por mucho que intenten disimular repitiendo pseudorrazonamientos pseudointeligentes en otras ocasiones"
inmigracion,https://www.meneame.net/story/berlin-identifica-18-demandantes-asilo-entre-detenidos-sexuales,2541566,18549004,91,33.0,--89667--,2016-01-08T16:08:21+00:00,2,18,"#33 No todas las corrientes del islam son iguales. Existe el feminismo islamista también, cosa que dentro del catolicismo se da bastante poquito."
inmigracion,https://www.meneame.net/story/berlin-identifica-18-demandantes-asilo-entre-detenidos-sexuales,2541566,18549002,90,87.0,--234048--,2016-01-08T16:07:52+00:00,84,440,"#87 Oh vaya.. recordaré esto para cuando generalices con policías, guardias jurados, jueces, políticos, militares, empresarios...

Lo que haces habitualmente... vaya.

{lol} {lol} {lol} {lol} {lol} {lol} {lol} {lol} {lol} {lol}"
inmigracion,https://www.meneame.net/story/berlin-identifica-18-demandantes-asilo-entre-detenidos-sexuales,2541566,18548994,89,78.0,--125581--,2016-01-08T16:06:45+00:00,0,10,"#78 La religión admite como dogma leyes incompatibles con el siglo XXI. Ni más, ni menos."
inmigracion,https://www.meneame.net/story/berlin-identifica-18-demandantes-asilo-entre-detenidos-sexuales,2541566,18548992,88,73.0,enrii.bc,2016-01-08T16:06:25+00:00,12,91,#73 en el mundo de la piruleta si. Yo tambien he leido chavs. Pero a dia de hoy prefiero que el que venga y se pase de listo lo mas minimo se le expulse y el que se quiera quedar que se le eduque en valores occidentales y se adapte el a  nosotros
inmigracion,https://www.meneame.net/story/berlin-identifica-18-demandantes-asilo-entre-detenidos-sexuales,2541566,18548984,87,10.0,--89667--,2016-01-08T16:05:51+00:00,19,63,"#10 18 de los miles que han llegado a Colonia. Creo que llegaban 400.000 -> 0'0045%.
Los responsables son esos 18, no el resto.
#18 Tú el primero que ya estás justificando todas las barbaridades que se vayan a decir."
inmigracion,https://www.meneame.net/story/berlin-identifica-18-demandantes-asilo-entre-detenidos-sexuales,2541566,18548980,86,68.0,--140519--,2016-01-08T16:05:21+00:00,7,37,#68 {kiss} {kiss}
inmigracion,https://www.meneame.net/story/berlin-identifica-18-demandantes-asilo-entre-detenidos-sexuales,2541566,18548972,85,,jm22381,2016-01-08T16:04:36+00:00,7,78,"9 argelinos, 8 marroquíes, 5 iraníes, 4 sirios, 2 alemanes, un iraquí, un serbio y un estadounidense... parece un chiste de mal gusto."
inmigracion,https://www.meneame.net/story/berlin-identifica-18-demandantes-asilo-entre-detenidos-sexuales,2541566,18548970,84,56.0,Ehrin,2016-01-08T16:04:30+00:00,0,6,"#56 en principio creo q el lugar de comisión del delito es uno de los criterios que se utilizan para determinar la competencia de los juzgados penales. En España claro, y eso era antes de cambiar la LECrim pero no creo que esto lo hayan modificado. 
Aún así me parece que hay circunstancias cuando el que delinque es extranjero y en algunos casos cabe la expulsión. 
Hablo muy de memoria aviso"
inmigracion,https://www.meneame.net/story/berlin-identifica-18-demandantes-asilo-entre-detenidos-sexuales,2541566,18548962,83,3.0,MasterChof,2016-01-08T16:03:51+00:00,1,16,#3 #56 esta medida va a joder expresamente a los 2 alemanes que han pillado
inmigracion,https://www.meneame.net/story/berlin-identifica-18-demandantes-asilo-entre-detenidos-sexuales,2541566,18548961,82,75.0,--352976--,2016-01-08T16:03:48+00:00,2,20,"#75 Que sí, que se aplique la ley, pero los cursos van a ser completamente inútiles. No van a servir ni de filtro ni para evitar nada.
Y más se conseguiría deportando a todos los responsables que vetándoles el acceso a ayudas sociales (solo faltaría)."
inmigracion,https://www.meneame.net/story/berlin-identifica-18-demandantes-asilo-entre-detenidos-sexuales,2541566,18548958,81,,--145866--,2016-01-08T16:03:22+00:00,0,6,¿pero qué hace ese serbio ahí? {blank}
inmigracion,https://www.meneame.net/story/berlin-identifica-18-demandantes-asilo-entre-detenidos-sexuales,2541566,18548956,80,46.0,--193912--,2016-01-08T16:03:18+00:00,3,32,#46 ¿Y qué esperas que diga la TV? ¿La verdad? {lol}
inmigracion,https://www.meneame.net/story/berlin-identifica-18-demandantes-asilo-entre-detenidos-sexuales,2541566,18548955,79,,Dovlado,2016-01-08T16:03:16+00:00,0,8,"Estupendo, ya tienen el titular que querían pero no de ahora, desde que llegan refugiados a Europa."
inmigracion,https://www.meneame.net/story/berlin-identifica-18-demandantes-asilo-entre-detenidos-sexuales,2541566,18548950,78,66.0,GeoX,2016-01-08T16:03:02+00:00,1,23,"#66 Fan de Orue (lo he dicho ya?). Y del Tmeo en general.

La diferencia, que mucha gente no entiende (o no quiere entender) es la siguiente.

Los musulmanes/cristianos/religiónX son todos unos hijos de puta = MAL.
El islám/cristianismo/religiónX es una superstición de mierda = BIEN.

El matiz es no generalizar, porque hijos de puta hay en todas partes, y los que no lo son no merecen ser tratados como los demás. Es un matiz muy difícil de ver para mucha gente, sobre todo cuando están más cabreados y piensan de forma menos racional.

¿O no conoces a ningún cristiano/musulmán/religionX bueno? Pues eso."
inmigracion,https://www.meneame.net/story/berlin-identifica-18-demandantes-asilo-entre-detenidos-sexuales,2541566,18548942,77,34.0,Nomegna,2016-01-08T16:02:08+00:00,10,79,#34 Y su instrumentalizacion.
inmigracion,https://www.meneame.net/story/berlin-identifica-18-demandantes-asilo-entre-detenidos-sexuales,2541566,18548929,76,55.0,natrix,2016-01-08T16:00:59+00:00,2,30,"#55 Sí, lo pidió mucha gente, y seguramente muchos de ellos con motivos suficientes y amparados por los Derechos Humanos (Art. 14.1). Pero mayoritariamente fueron desestimadas las peticiones."
inmigracion,https://www.meneame.net/story/berlin-identifica-18-demandantes-asilo-entre-detenidos-sexuales,2541566,18548925,75,7.0,angelitoMagno,2016-01-08T16:00:37+00:00,2,33,"#7 ¿Pero en serio crees que esto se va a evitar con cursos para decir obviedades No, no lo creo. Lee mi comentario, tiene dos párrafos."
inmigracion,https://www.meneame.net/story/berlin-identifica-18-demandantes-asilo-entre-detenidos-sexuales,2541566,18548918,74,7.0,stigma1987,2016-01-08T16:00:01+00:00,1,10,"#7 Joder si tuviera 20 positivos te los pondría uno tras otro, eso si, el hijo de Will....SOBRA. {clap}"
inmigracion,https://www.meneame.net/story/berlin-identifica-18-demandantes-asilo-entre-detenidos-sexuales,2541566,18548911,73,69.0,Delapresa,2016-01-08T15:59:28+00:00,3,23,"#69 Hombre, si estás de acuerdo conmigo entonces la solución sería no crear esas desigualdades."
inmigracion,https://www.meneame.net/story/berlin-identifica-18-demandantes-asilo-entre-detenidos-sexuales,2541566,18548910,72,49.0,--352976--,2016-01-08T15:59:26+00:00,11,87,"#49 ¿Pero en serio crees que esto se va a evitar con cursos para decir obviedades? Esta gente sabe perfectamente que lo que están haciendo está mal, simplemente les da igual.
Es como buscar acabar con los ladrones impartiendo cursos sobre lo malo que es robar."
inmigracion,https://www.meneame.net/story/berlin-identifica-18-demandantes-asilo-entre-detenidos-sexuales,2541566,18548909,71,,--503820--,2016-01-08T15:59:21+00:00,2,-4,"Pues resulta que el lunes el médico me recetó amoxicilina. Bien, pues me está apañando bien para lo que me lo recetaron, pero desde el miércoles voy que en vez de cagar, meo por el culo, y claro, lo tengo como el de Boris Yzaguirre después de un fi de semana de desenfreno. 
¿Alguien tiene algún remedio para el ojal hiper irritado? Por cierto, la amoxicilina, que es la causante de mi ano destrozado, no me la voy a dejar de tomar."
inmigracion,https://www.meneame.net/story/berlin-identifica-18-demandantes-asilo-entre-detenidos-sexuales,2541566,18548906,70,67.0,--396026--,2016-01-08T15:59:07+00:00,0,11,"#67 ""Algunas doctrinas"" significa ""algunas doctrinas""."
inmigracion,https://www.meneame.net/story/berlin-identifica-18-demandantes-asilo-entre-detenidos-sexuales,2541566,18548899,69,64.0,enrii.bc,2016-01-08T15:58:23+00:00,4,44,"#64 seguramente si. Tambien tengo amigos sirios wn Frankfurt normales. Solo quiero que el que venga aqui a liarla, a su casita pero ya."
inmigracion,https://www.meneame.net/story/berlin-identifica-18-demandantes-asilo-entre-detenidos-sexuales,2541566,18548890,68,6.0,--157755--,2016-01-08T15:57:45+00:00,24,-62,#6 tu si que das ganas de vomitar
inmigracion,https://www.meneame.net/story/berlin-identifica-18-demandantes-asilo-entre-detenidos-sexuales,2541566,18548889,67,27.0,Sheldon_Cooper,2016-01-08T15:57:32+00:00,2,18,#27 Algunas doctrinas como el judaísmo y el catolicismo? porque si te pones a revisar sus libros sagrados... o sus rangos dentro de la organización religiosa...
inmigracion,https://www.meneame.net/story/berlin-identifica-18-demandantes-asilo-entre-detenidos-sexuales,2541566,18548887,66,60.0,--125581--,2016-01-08T15:57:19+00:00,2,20,"#60 ""Que no todo es blanco y negro, jodor.""

Curiosamente esa es la máxima de Santi Orue para sus obras, se mete con todo.

Normal que disguste tanto a fachas como a supuestos izquierdistas , donde hoy en día está mal visto cagarse en otras religiones que no sea la cristiana, cuando no diferencio entre ideas asesinas."
inmigracion,https://www.meneame.net/story/berlin-identifica-18-demandantes-asilo-entre-detenidos-sexuales,2541566,18548885,65,45.0,enrii.bc,2016-01-08T15:57:16+00:00,3,34,#45 machismo.Y las religiones que amparen el machismo. Como una que haga a la mujer ir vestida con un burka
inmigracion,https://www.meneame.net/story/berlin-identifica-18-demandantes-asilo-entre-detenidos-sexuales,2541566,18548883,64,58.0,Delapresa,2016-01-08T15:57:09+00:00,1,21,"#58 ¿Y no piensas más que por ser Sirios, es por pertenecer a una clase social baja, la cual delinque más por motivos económicos?. Esto es así en todos los países, cuanta mas desigualdad mas delincuencia practicada por las clases más desfavorecidas."
inmigracion,https://www.meneame.net/story/berlin-identifica-18-demandantes-asilo-entre-detenidos-sexuales,2541566,18548879,63,25.0,Varlak_,2016-01-08T15:56:33+00:00,6,54,"#25 estamos en una posicion muy jodida... por un lado no seria la primera vez que se organiza algo del estilo para justificar una represion posterior, esto podria ser la noche de los cuchillos largos de nuestra generacion. Por otro, a lo mejor no. Y en cualquiera de ambos casos, es un asunto muy serio, las oleadas de agresiones sexuales y creciente machismo no son para tomarlas a broma, sean o no ""organizadas"" por quien sea... Lo dicho, no parece que haya una solucion facil."
inmigracion,https://www.meneame.net/story/berlin-identifica-18-demandantes-asilo-entre-detenidos-sexuales,2541566,18548865,62,59.0,--234048--,2016-01-08T15:55:14+00:00,4,47,#59 En tu caso es fácil... no hagas esto... {troll}
inmigracion,https://www.meneame.net/story/berlin-identifica-18-demandantes-asilo-entre-detenidos-sexuales,2541566,18548864,61,,cheosky,2016-01-08T15:55:14+00:00,0,7,Donde està semir gerkan cuando se le necesits
inmigracion,https://www.meneame.net/story/berlin-identifica-18-demandantes-asilo-entre-detenidos-sexuales,2541566,18548863,60,15.0,GeoX,2016-01-08T15:55:07+00:00,2,24,"#15 Fan de Santi Orue, pero tan reales son las violaciones como que hay refugiados e inmigrantes que no las hacen, y que no merecen que se les meta en el mismo saco de mierda.

Que no todo es blanco y negro, jodor."
inmigracion,https://www.meneame.net/story/berlin-identifica-18-demandantes-asilo-entre-detenidos-sexuales,2541566,18548853,59,9.0,Sheldon_Cooper,2016-01-08T15:54:12+00:00,14,130,"#9 ""Encima en Europa, donde puedes echar un polvo casi con la gorra."" Serías tan amable de compartir el truco con los demás compañeros?"
inmigracion,https://www.meneame.net/story/berlin-identifica-18-demandantes-asilo-entre-detenidos-sexuales,2541566,18548847,58,32.0,enrii.bc,2016-01-08T15:53:10+00:00,8,52,#32 si no es porque tengo a um amigo en Stuttgart que le atacaron unos sirios JAMAS me lo hubiera creido
inmigracion,https://www.meneame.net/story/berlin-identifica-18-demandantes-asilo-entre-detenidos-sexuales,2541566,18548843,57,50.0,GeoX,2016-01-08T15:52:39+00:00,2,31,"#50 Hombre, pues apoyar a los movimientos feministas y de liberación femenina de los propios países, está claro.

Contra el fanatismo religioso, feminismo radical."
inmigracion,https://www.meneame.net/story/berlin-identifica-18-demandantes-asilo-entre-detenidos-sexuales,2541566,18548838,56,20.0,Sheldon_Cooper,2016-01-08T15:52:03+00:00,3,26,"#20 lo que no se merecen es el premio de ser enviados de vuelta a casa para que puedan intentar volver a otro país europeo. Si cometen un delito aquí, deben estar sujetos al código penal de aquí, y luego ya si eso se puede hablar de la expulsión."
inmigracion,https://www.meneame.net/story/berlin-identifica-18-demandantes-asilo-entre-detenidos-sexuales,2541566,18548837,55,37.0,Arcuo,2016-01-08T15:51:56+00:00,17,133,"#37
http://www.eluniversal.com/internacional/151012/suiza-descarta-llegada-masiva-refugiados-y-anticipa-30000-peticiones-a
Las autoridades suizas competentes tramitaron unas 24.000 solicitudes de asilo en 2014, reseñó Efe.
Suiza resuelve en 48 horas peticiones de asilo de países que ve seguros
http://internacional.elpais.com/internacional/2015/09/24/actualidad/1443112089_156847.html"
inmigracion,https://www.meneame.net/story/berlin-identifica-18-demandantes-asilo-entre-detenidos-sexuales,2541566,18548835,54,40.0,enrii.bc,2016-01-08T15:51:17+00:00,0,7,#40 te quedas en la anecdota..yo eso ni me lo plantee..como cojones van a ser organizados..?? por walki Talk ??? por otra parte los ataques por si solo es demasiado fuerte..EXPULSION.
inmigracion,https://www.meneame.net/story/berlin-identifica-18-demandantes-asilo-entre-detenidos-sexuales,2541566,18548832,52,45.0,--125581--,2016-01-08T15:51:02+00:00,52,335,#45 Me recuerda a esto:
inmigracion,https://www.meneame.net/story/berlin-identifica-18-demandantes-asilo-entre-detenidos-sexuales,2541566,18548833,53,,jozegarcia,2016-01-08T15:51:01+00:00,3,35,"Todo estaba preparado. Esperamos que pase el impacto del niño Sirio muerto y ya buscaremos algún caso puntual para crear alarma y pasar de la solidaridad inicial al rechazo total. Y yo como un iluso esperando que me asignen una familia de refugiados a la que acoger. Que lástima de mundo. A los nazis alemanes que quemaban casas refugio supongo que no se plantea expulsarlos, esos son casos aislados, pero todos los refugiados son terroristas a acosadores..."
inmigracion,https://www.meneame.net/story/berlin-identifica-18-demandantes-asilo-entre-detenidos-sexuales,2541566,18548830,51,11.0,--39367--,2016-01-08T15:50:51+00:00,6,49,#11 ¿Quién ha podido decir lo contrario? Los únicos que veo generalizar son los que dicen que todos los que vienen de Siria de refugiados son del ISIS.
inmigracion,https://www.meneame.net/story/berlin-identifica-18-demandantes-asilo-entre-detenidos-sexuales,2541566,18548824,50,43.0,--396026--,2016-01-08T15:50:19+00:00,0,11,#43 No me refería a este caso en concreto sino más bien al problema de las sociedades heteropatriarcales que plantea #29.
inmigracion,https://www.meneame.net/story/berlin-identifica-18-demandantes-asilo-entre-detenidos-sexuales,2541566,18548823,49,38.0,angelitoMagno,2016-01-08T15:50:05+00:00,6,58,"#38 Primero, aplicar la ley, que es algo que se hará (y sospecho que con toda la dureza que permitan las leyes alemanas, como ""aviso""). Sobre esto, creo recordar que en Alemania como te condenen por algo, te quedas sin ayudas sociales de ningún tipo.

Segundo, condicionar la concesión del asilo a la realización de cursos para conocer las leyes y cultura alemanas y europeas (que es algo que se puede combinar con cursos de aprendizaje del idioma)

Sobre Arabia Saudí, se podría empezar por no hacer negocios con dictaduras."
inmigracion,https://www.meneame.net/story/berlin-identifica-18-demandantes-asilo-entre-detenidos-sexuales,2541566,18548822,48,41.0,GeoX,2016-01-08T15:50:04+00:00,9,63,"#41 ¿Te refieres a los buenrollistas que la votan positivo? ¿Los que siempre han estado del lado de las víctimas cuando ha habido violaciones?

Pilla sitio, pilla {popcorn}"
inmigracion,https://www.meneame.net/story/berlin-identifica-18-demandantes-asilo-entre-detenidos-sexuales,2541566,18548813,47,,enrii.bc,2016-01-08T15:49:03+00:00,0,7,Gulag
inmigracion,https://www.meneame.net/story/berlin-identifica-18-demandantes-asilo-entre-detenidos-sexuales,2541566,18548812,46,,nando58,2016-01-08T15:48:44+00:00,2,24,"En A3 dijeron que los 18 identificados era relacionados con denuncias de robo, en ningún caso con las agresiones sexuales."
inmigracion,https://www.meneame.net/story/berlin-identifica-18-demandantes-asilo-entre-detenidos-sexuales,2541566,18548800,45,21.0,Autarca,2016-01-08T15:47:18+00:00,7,46,"#21 Hay que aislar los motivos por los que hacen estas canalladas gratuitas, si puede haber un nexo común en el credo ¿Porque ignorarlo?"
inmigracion,https://www.meneame.net/story/berlin-identifica-18-demandantes-asilo-entre-detenidos-sexuales,2541566,18548795,44,,soundnessia,2016-01-08T15:47:02+00:00,5,2,Welcome refugees decían {palm}
inmigracion,https://www.meneame.net/story/berlin-identifica-18-demandantes-asilo-entre-detenidos-sexuales,2541566,18548787,43,38.0,GeoX,2016-01-08T15:46:35+00:00,3,24,"#38 Detención de los culpables. Juicio. Cárcel/deportación/absolución, lo que el juez estime conveniente para cada caso individual.

Lo mismo que para todo el mundo, sin más."
inmigracion,https://www.meneame.net/story/berlin-identifica-18-demandantes-asilo-entre-detenidos-sexuales,2541566,18548782,42,33.0,ur_quan_master,2016-01-08T15:46:23+00:00,2,22,#33 En ningún momento ha dicho que no formen parte.
inmigracion,https://www.meneame.net/story/berlin-identifica-18-demandantes-asilo-entre-detenidos-sexuales,2541566,18548779,41,6.0,Ryouga_Ibiki,2016-01-08T15:46:05+00:00,52,269,"#6 Ya te digo, viendo las piruetas mortales que van a hacer los buenrrollistas para intentar negar esta noticia.

{popcorn}

Pillo sitio para ver el espectaculo."
inmigracion,https://www.meneame.net/story/berlin-identifica-18-demandantes-asilo-entre-detenidos-sexuales,2541566,18548768,40,,--499656--,2016-01-08T15:44:53+00:00,0,8,"¿Pero fueron ataques ""organizados""? 

Apesta escuchar como han machacado con que eran ataques organizados."
inmigracion,https://www.meneame.net/story/berlin-identifica-18-demandantes-asilo-entre-detenidos-sexuales,2541566,18548766,39,,--354522--,2016-01-08T15:44:51+00:00,7,60,"¿Y el estadounidense qué hacía? ¿Dirigir el equipo, como los ""héroes"" del tren París-Ámsterdam?"
inmigracion,https://www.meneame.net/story/berlin-identifica-18-demandantes-asilo-entre-detenidos-sexuales,2541566,18548758,38,29.0,--396026--,2016-01-08T15:43:59+00:00,4,41,"#29 Vale, ahora las soluciones. ¿Caravana de feministas a Riad?"
inmigracion,https://www.meneame.net/story/berlin-identifica-18-demandantes-asilo-entre-detenidos-sexuales,2541566,18548752,37,2.0,natrix,2016-01-08T15:43:44+00:00,31,220,"#2 En Suiza ha ocurrido algo parecido y allí no han admitido ni un solo refugiado; pero son días de caza mayor.
#20 #8 #11 #26 La Policía de Zúrich investiga asaltos y ataques sexuales durante la celebración de Nochevieja http://www.antena3.com/noticias/mundo/policia-zurich-investiga-asaltos-ataques-sexuales-celebracion-nochevieja_2016010700278.html"
inmigracion,https://www.meneame.net/story/berlin-identifica-18-demandantes-asilo-entre-detenidos-sexuales,2541566,18548745,36,31.0,GeoX,2016-01-08T15:42:58+00:00,11,84,"#31 Eso no es real, las violaciones sí lo son. La realidad es lo que justifica mis prejuicios, el resto es falsa bandera y nosequé."
inmigracion,https://www.meneame.net/story/berlin-identifica-18-demandantes-asilo-entre-detenidos-sexuales,2541566,18548723,35,26.0,GeoX,2016-01-08T15:40:21+00:00,14,102,"#26 Hombre, si fueran el equivalente a un cura en la religión musulmana, pues vale.

Pero si lo hace un musulmán normal, pues como si lo hace un cristiano normal. Un violador hijo de puta, sin más.

Tan buenos musulmanes que eran que iban hasta el culo de alcohol, fíjate."
inmigracion,https://www.meneame.net/story/berlin-identifica-18-demandantes-asilo-entre-detenidos-sexuales,2541566,18548722,34,6.0,--371029--,2016-01-08T15:40:20+00:00,63,392,#6  lo que da ganas de vomitar son las agresiones sexuales
inmigracion,https://www.meneame.net/story/berlin-identifica-18-demandantes-asilo-entre-detenidos-sexuales,2541566,18548720,33,29.0,--125581--,2016-01-08T15:40:08+00:00,47,282,"#29 Y el Islam no tiene nada que ver con el heteropatriarcado, qué va, al igual que las otras religiones abrahámicas.

Y luego los progres saltan con ""islamofobia"". Es como ver a un tontolculo de los de siempre gritando ""nazifobia"" en la 2a guerra mundial mientras las personas con cabeza de que los alemanes van exterminando a las demás razas por la ideologia nazi."
inmigracion,https://www.meneame.net/story/berlin-identifica-18-demandantes-asilo-entre-detenidos-sexuales,2541566,18548719,32,25.0,Delapresa,2016-01-08T15:40:07+00:00,13,114,"#25 Muy raro, ""31 personas que participaron en los actos, de los cuales 18 estaban en proceso de solicitar asilo en el país"". ¿Estás solicitando asilo y se te ocurren hacer estas cosas?. Más del 50% de los interrogados son solicitantes de asilo y para rematar: ""Angela Merkel estudia la posibilidad de modificar la legislación vigente para poder expulsar a sus países de origen a los refugiados que sean condenados."""
inmigracion,https://www.meneame.net/story/berlin-identifica-18-demandantes-asilo-entre-detenidos-sexuales,2541566,18548717,31,,--181777--,2016-01-08T15:40:00+00:00,20,171,Refugiados sirios se unen a la lucha contra las inundaciones en Rochdale http://www.theguardian.com/environment/2015/dec/29/everyone-mucks-in-rochdale-prepares-next-deluge-flooding
inmigracion,https://www.meneame.net/story/berlin-identifica-18-demandantes-asilo-entre-detenidos-sexuales,2541566,18548716,30,29.0,--140519--,2016-01-08T15:39:52+00:00,7,52,#29
inmigracion,https://www.meneame.net/story/berlin-identifica-18-demandantes-asilo-entre-detenidos-sexuales,2541566,18548672,29,,angelitoMagno,2016-01-08T15:34:26+00:00,57,376,"Las agresiones a mujeres nunca son actos aislados que podamos achacar a causas individuales. Detrás siempre existe la influencia de unas estructuras sociales heteropatriacales que sustentan este tipo de acciones. Largos años de machismo hacen que algunos hombres vean a las mujeres como simples objetos sexuales que están para satisfacer al hombre.

Tachar estas acciones de hechos aislados es un error, pues no ataca a la base del problema. No basta con castigar a personas individuales, también hace falta luchar contras estas estructuras patriarcales presentes en la mente de muchos. 

El movimiento feminista ha hecho una gran labor en este campo. Por desgracia, la presencia del feminismo en otros países no ha tenido tanta influencia, con lo que allí las estructuras patriarcales son más fuerte. En Arabia Saudita una mujer tiene que pedir permiso a su tutor legal para poder trabajar, algo que en casi cualquier otro país del mundo sería impensable.

Es decir, el hetepatriarcado está presente a nivel mundial, pero en algunas zonas y sociedades es aún más fuerte."
inmigracion,https://www.meneame.net/story/berlin-identifica-18-demandantes-asilo-entre-detenidos-sexuales,2541566,18548669,28,6.0,Charles_Dexter_Ward,2016-01-08T15:34:11+00:00,12,118,#6 Estoy trabajando en ello
inmigracion,https://www.meneame.net/story/berlin-identifica-18-demandantes-asilo-entre-detenidos-sexuales,2541566,18548663,27,21.0,--396026--,2016-01-08T15:33:48+00:00,9,62,"#21 Imagino que el hecho de que algunas doctrinas religiosas pongan a la mujer en un claro nivel de inferioridad respecto al hombre también influirá de algún modo.

Pero vamos que se ve que unos cuantos empezaron el jaleo y luego se fueron sumando todos los mamarrachos malnacidos que pasaban por allí, incluyendo algún que otro alemán o norteamericano."
inmigracion,https://www.meneame.net/story/berlin-identifica-18-demandantes-asilo-entre-detenidos-sexuales,2541566,18548661,26,21.0,--166178--,2016-01-08T15:33:26+00:00,32,105,#21 si importa. Si fueran legiones de curas pederastas se haría todo lo posible por remarcar que son católicos. Como son musulmanes resulta que un violador es un violador
inmigracion,https://www.meneame.net/story/berlin-identifica-18-demandantes-asilo-entre-detenidos-sexuales,2541566,18548658,25,,--491159--,2016-01-08T15:33:05+00:00,4,33,"En serio soy al único que le parece raro todo esto? A que acontezca todo de golpe, en un día y en una misma ciudad."
inmigracion,https://www.meneame.net/story/berlin-identifica-18-demandantes-asilo-entre-detenidos-sexuales,2541566,18548646,24,14.0,--166178--,2016-01-08T15:31:31+00:00,11,68,"#14 pues todos. Pero nada , caso aislado numero 837463727277272"
inmigracion,https://www.meneame.net/story/berlin-identifica-18-demandantes-asilo-entre-detenidos-sexuales,2541566,18548637,23,5.0,Elián,2016-01-08T15:30:06+00:00,19,123,"#5 Si pusiera ""¡Bienvenidos violadores!"" me escandalizaría. Venga troll"
inmigracion,https://www.meneame.net/story/berlin-identifica-18-demandantes-asilo-entre-detenidos-sexuales,2541566,18548631,22,18.0,GeoX,2016-01-08T15:29:27+00:00,2,24,"#18 Eso mismo creo yo, y no creo que intenten razonar.

Brace yourselves..."
inmigracion,https://www.meneame.net/story/berlin-identifica-18-demandantes-asilo-entre-detenidos-sexuales,2541566,18548624,21,14.0,Paisos_Catalans,2016-01-08T15:28:38+00:00,12,70,"#14 Acaso importa?  un violador es un violador, da igual la religión que profese."
inmigracion,https://www.meneame.net/story/berlin-identifica-18-demandantes-asilo-entre-detenidos-sexuales,2541566,18548617,20,2.0,--490614--,2016-01-08T15:27:59+00:00,25,59,"#2 Directamente el billete de vuelta. Esta gente (los agresores) no se merecen pensión completa a cargo de todos. Y ya de paso a los oriundos del lugar que identifiquen que les paguen unas vacaciones con sus compis sirios. (Para que no digáis que soy racista, un poquito radical si, pero no racista)"
inmigracion,https://www.meneame.net/story/berlin-identifica-18-demandantes-asilo-entre-detenidos-sexuales,2541566,18548611,19,0.0,--200913--,2016-01-08T15:27:21+00:00,0,14,#0  le has jodido el envío a @landaburu...   {troll}
inmigracion,https://www.meneame.net/story/berlin-identifica-18-demandantes-asilo-entre-detenidos-sexuales,2541566,18548605,18,13.0,--234048--,2016-01-08T15:26:52+00:00,19,86,"#13 Creo... que se va a generalizar mucho, indebidamente en casi todo, pero algunos que avisaron sobre esto van a soltar ""os lo dije"" hasta que se les desmonte el teclado.

Y creo que no vamos a poder decir gran cosa... esta vez."
inmigracion,https://www.meneame.net/story/berlin-identifica-18-demandantes-asilo-entre-detenidos-sexuales,2541566,18548604,17,6.0,Autarca,2016-01-08T15:26:50+00:00,19,131,#6 Lo que han hecho si que da ganas de vomitar.
inmigracion,https://www.meneame.net/story/berlin-identifica-18-demandantes-asilo-entre-detenidos-sexuales,2541566,18548601,16,6.0,TocTocToc,2016-01-08T15:25:57+00:00,30,192,"#6 Vomítalo todo, es lo mejor cuando te tragas algo pensando que era bueno y después resulta que estaba podrido."
inmigracion,https://www.meneame.net/story/berlin-identifica-18-demandantes-asilo-entre-detenidos-sexuales,2541566,18548598,15,6.0,--125581--,2016-01-08T15:25:44+00:00,30,34,"#6 Perdón porque la realidad le parezca políticamente incorrecta a su señoría.

Más leer a Santi Orue¹ y menos mundos chupiguays.

1 http://leercomics-online.blogspot.com.es/2015/12/la-felicidad-inquieta.html"
inmigracion,https://www.meneame.net/story/berlin-identifica-18-demandantes-asilo-entre-detenidos-sexuales,2541566,18548594,14,,Autarca,2016-01-08T15:25:18+00:00,4,21,Por curiosidad ¿Cuantos eran musulmanes? La noticia no lo específica.
inmigracion,https://www.meneame.net/story/berlin-identifica-18-demandantes-asilo-entre-detenidos-sexuales,2541566,18548567,13,10.0,GeoX,2016-01-08T15:23:00+00:00,28,190,#10 ¿Incluso lo que incluya a gente que no ha tenido nada que ver con esto? Que ya hemos visto el resto de hilos...
inmigracion,https://www.meneame.net/story/berlin-identifica-18-demandantes-asilo-entre-detenidos-sexuales,2541566,18548544,12,9.0,GeoX,2016-01-08T15:21:00+00:00,11,84,"#9 Entre estos hijos de puta y los que se aprovechan de ello para colarnos su agenda, estamos jodidos."
inmigracion,https://www.meneame.net/story/berlin-identifica-18-demandantes-asilo-entre-detenidos-sexuales,2541566,18548540,11,,--136007--,2016-01-08T15:20:44+00:00,8,57,"No se quién lo dijo pero era obvio...""No todo lo que habrá vennido será trigo limpio"""
inmigracion,https://www.meneame.net/story/berlin-identifica-18-demandantes-asilo-entre-detenidos-sexuales,2541566,18548538,10,6.0,--234048--,2016-01-08T15:20:26+00:00,116,598,#6 Pues todo lo que se diga va a ser ganado a pulso... Me temo.
inmigracion,https://www.meneame.net/story/berlin-identifica-18-demandantes-asilo-entre-detenidos-sexuales,2541566,18548537,9,,--234048--,2016-01-08T15:19:58+00:00,15,106,"Justo lo que se necesitaba... Actos para ganarse el apoyo y el respeto de los ciudadanos que les acojen.

Gran logro.

Encima en Europa, donde puedes echar un polvo casi con la gorra."
inmigracion,https://www.meneame.net/story/berlin-identifica-18-demandantes-asilo-entre-detenidos-sexuales,2541566,18548530,8,,Arcuo,2016-01-08T15:18:43+00:00,8,66,"Ya no son refugiados, ahora son demandantes de asilo."
inmigracion,https://www.meneame.net/story/berlin-identifica-18-demandantes-asilo-entre-detenidos-sexuales,2541566,18548524,7,4.0,ivanrsz,2016-01-08T15:17:51+00:00,6,55,"#4 de tu comentario deduzco que te gustará este vídeo: 
https://www.youtube.com/watch?v=kJp8CEgLHuk

lo mejor el final"
inmigracion,https://www.meneame.net/story/berlin-identifica-18-demandantes-asilo-entre-detenidos-sexuales,2541566,18548505,6,,--140519--,2016-01-08T15:15:21+00:00,117,606,"Este hilo va a dar ganas de vomitar.

Id preparando un cubo o algo."
inmigracion,https://www.meneame.net/story/berlin-identifica-18-demandantes-asilo-entre-detenidos-sexuales,2541566,18548475,5,,putin,2016-01-08T15:11:10+00:00,67,70,WELCOME!!!
inmigracion,https://www.meneame.net/story/berlin-identifica-18-demandantes-asilo-entre-detenidos-sexuales,2541566,18548473,4,,--402231--,2016-01-08T15:11:06+00:00,21,144,"Aunque se salga del protocolo, yo los deportaría sacándolos por la frontera como el tío Phil sacaba a Jazz de su casa. Por mandar un mensaje al resto."
inmigracion,https://www.meneame.net/story/berlin-identifica-18-demandantes-asilo-entre-detenidos-sexuales,2541566,18548445,3,,--80628--,2016-01-08T15:07:41+00:00,13,91,"Pues venga, por donde vinieron."
inmigracion,https://www.meneame.net/story/berlin-identifica-18-demandantes-asilo-entre-detenidos-sexuales,2541566,18548444,2,,ManTK,2016-01-08T15:07:26+00:00,52,347,"Que les den plaza de asilo en la cárcel y luego vacaciones a sus respectivos países.
Billete solo de ida."
inmigracion,https://www.meneame.net/story/berlin-identifica-18-demandantes-asilo-entre-detenidos-sexuales,2541566,18548431,1,,El_Cucaracho,2016-01-08T15:06:22+00:00,13,102,haciendo méritos
