tema,url_meneame,id_noticia_meneame,id_comentario,numero_comentario,responde_a_numero,usuario,fecha_comentario_utc,votos,karma,texto
lgtbi,https://www.meneame.net/story/colau-sustituye-concejalia-juventud-ciclo-vida-feminismos-lgtbi,2431675,17134677,370,1.0,TierrasRaras,2015-06-20T10:43:01+00:00,0,8,"#1 El nombre que se le da a las cosas ya da a entender las políticas que se van a hacer.
Un ejemplo de ello fue la desaparición del Ministerio de Ciencia e Innovación y la aparición del Ministerio de Economía y Competitividad , a donde se trasladó todo lo que era investigación científica."
lgtbi,https://www.meneame.net/story/colau-sustituye-concejalia-juventud-ciclo-vida-feminismos-lgtbi,2431675,17132148,369,368.0,sektorgaza,2015-06-19T17:55:46+00:00,0,7,"#368 cc @victima_de_la_cultura Así es. Esto no tiene nada que ver con la política. Es sentido común. Los idiomas son herramientas de comunicación e intercambio de ideas. Cuantos más manejes, mayor será tu mundo. Usa siempre tu lengua materna, salvo si tu interlocutor no la conoce.
Mi caso: Hablo castellano, catalán, inglés y parloteo ruso. Si me encuentro con alguien que entienda castellano, 100% le hablaré en castellano. SI QUIERO COMUNICARME CON ALGUIEN QUE NO HABLE CASTELLANO, USARÉ LA SEGUNDA LENGUA EN LA QUE ESTÉ MÁS CÓMODO QUE DICHO ALGUIEN TAMBIÉN ENTIENDA. Y NO LE DIRÉ ""UY, PASO DE TODO Y TE VOY A HABLAR EN CASTELLANO PORQUE OTRO MODO DE OBRAR SERÍA O-P-R-I-M-I-R-M-E. NO ME VAS A ENTENDER PERO EHHHH ESTO NO VA DE COMUNICACIÓN, SINO DE MI SENTIMIENTO DE PERTENENCIA A UNA NACIÓN"". Repito: el que vea en este debate un tema político es porque tiene un problema x D"
lgtbi,https://www.meneame.net/story/colau-sustituye-concejalia-juventud-ciclo-vida-feminismos-lgtbi,2431675,17129027,368,360.0,--483507--,2015-06-19T11:00:12+00:00,1,14,"#360 cc @victima_de_la_cultura

de tu bio @victima_de_la_cultura: Preguntes típiques sobre mi: - Per què escrius en català? En un Estat normal aquesta pregunta no tindria sentit. És la llengua en què m'expresso millor. - Ets un troll? No és pas la meva intenció. Utilitzar la llengua pròpia és tan natural com fer l'amor. - Vols provocar? No, ni molt menys. Recuerda que meneame no es el estado Español. Esto es un foro, no un estado. Un foro donde vienen internautas de todo el mundo a comunicarse, a intercambiar opiniones, ideas, críticas.

Otros vienen a trolear de la mala manera, a provocar sin inteligencia, a usar la cultura e idioma de una sociedad orgullosa y digna, para molestar y levantar muros en internet. 

Es una molestia tener que usar un traductor, y mas que eso, no es respetuoso, rompe el principio de que todos somos iguales. 

Pero algunos mas iguales que otros. ¿Verdad @victima_de_la_cultura?"
lgtbi,https://www.meneame.net/story/colau-sustituye-concejalia-juventud-ciclo-vida-feminismos-lgtbi,2431675,17128302,367,366.0,--332056--,2015-06-19T09:36:27+00:00,0,7,#366 Cierto. Me lié con los apellidos y los comentarios de otros meneadores. Gracias por el apunte. Aun así me mantengo en el espíritu del comentario.
lgtbi,https://www.meneame.net/story/colau-sustituye-concejalia-juventud-ciclo-vida-feminismos-lgtbi,2431675,17126688,366,168.0,estemenda,2015-06-19T00:14:24+00:00,0,8,"#168 Esa es Alba López, en Madrid, no está al frente de la Concejalía de Barcelona de la que trata la noticia."
lgtbi,https://www.meneame.net/story/colau-sustituye-concejalia-juventud-ciclo-vida-feminismos-lgtbi,2431675,17126018,365,157.0,lilili,2015-06-18T21:16:57+00:00,0,9,#157 El manifiesto era sólo un recurso literario y satírico para provocar el debate.
lgtbi,https://www.meneame.net/story/colau-sustituye-concejalia-juventud-ciclo-vida-feminismos-lgtbi,2431675,17126001,364,83.0,lilili,2015-06-18T21:15:21+00:00,2,14,"#83 No, es porque el feminismo es el primer movimiento que ha luchado por la igualdad."
lgtbi,https://www.meneame.net/story/colau-sustituye-concejalia-juventud-ciclo-vida-feminismos-lgtbi,2431675,17125036,363,356.0,Arc,2015-06-18T18:32:43+00:00,0,13,"#356 Dónde vas, manzanas traigo. En vista de que no tienes respuesta para mi pregunta, que ha sido muy específica, abandono una conversación que no lleva a ningún lado."
lgtbi,https://www.meneame.net/story/colau-sustituye-concejalia-juventud-ciclo-vida-feminismos-lgtbi,2431675,17124969,362,359.0,SpanishJedi,2015-06-18T18:22:25+00:00,1,11,"#359 Ah, ¿ahora lo hemos reducido a deportistas? Bien, la diferencia salarial en los deportes está basada en cuanto a demanda y volumen de negocio, no en base a género. Te repito una vez más, que las cosas no se pueden simplificar tanto.

Por cierto, aunque hayas declarado abiertamente el ""Fin."" del debate, espero que no te importe si te sigo contestando."
lgtbi,https://www.meneame.net/story/colau-sustituye-concejalia-juventud-ciclo-vida-feminismos-lgtbi,2431675,17124764,361,289.0,sektorgaza,2015-06-18T17:55:24+00:00,0,7,"#289 Mira, eso sí estaría bien. Mensajes en varios idiomas. Incluyendo el oficial del foro y por tanto el que se presupone que todos compartimos. Te llevas mi positivo."
lgtbi,https://www.meneame.net/story/colau-sustituye-concejalia-juventud-ciclo-vida-feminismos-lgtbi,2431675,17124755,360,341.0,sektorgaza,2015-06-18T17:53:43+00:00,1,14,"#341 Lo de ""rebelde"" era fina ironía. Aquí no hay odio ni miedo. Hay attention whores. Hablar los idiomas A y B, y meterse en un foro en el que se habla B para hablarle a la gente usando el A, es un ridículo llamamiento de atención. Berrinche de niño pequeño. A mí no me importa porque hablo catalán. Pero eso el tipo éste no lo sabe. ¿Qué motiva a alguien a buscar un sano intercambio de ideas dirigiéndose a un semejante en un idioma que no sabe si ambos conocen, en lugar de usar el que seguro sí que comparten? La tontería. La rebeldía ridícula propia de aquél que no ha superado la fase adolescente."
lgtbi,https://www.meneame.net/story/colau-sustituye-concejalia-juventud-ciclo-vida-feminismos-lgtbi,2431675,17124729,359,358.0,--181777--,2015-06-18T17:49:51+00:00,0,11,#358 ¿No por el mismo trabajo? Compara lo que ganan deportistas según su género. Fin.
lgtbi,https://www.meneame.net/story/colau-sustituye-concejalia-juventud-ciclo-vida-feminismos-lgtbi,2431675,17124687,358,352.0,SpanishJedi,2015-06-18T17:43:46+00:00,0,8,"#352 Tu enlace sólo sigue confirmando lo que digo: diferencia salarial de forma genérica, no en cuanto a trabajo desempeñado. Toma:

http://www.libremercado.com/2015-03-02/cobran-menos-las-mujeres-por-hacer-el-mismo-trabajo-que-los-hombres-1276541978/

Que hay diferencia salarial, sin duda. Otra cosa es que haya que atender a si es que las mujeres tienen menos facilidad de acceder a cargos de dirección, etc.

Pero no por el mismo trabajo. Seguid engañándoos si queréis, pero a los demás no engañáis."
lgtbi,https://www.meneame.net/story/colau-sustituye-concejalia-juventud-ciclo-vida-feminismos-lgtbi,2431675,17124421,357,7.0,--281174--,2015-06-18T17:10:17+00:00,0,8,#7 ¿Ciclo de vida? ¿Pero esto que eeeees?
lgtbi,https://www.meneame.net/story/colau-sustituye-concejalia-juventud-ciclo-vida-feminismos-lgtbi,2431675,17124000,356,355.0,--181777--,2015-06-18T16:14:28+00:00,2,30,"#355 ¿Me puedes citar algún estudio que diga que los estudios llevan a engaño? Gracias. 

En España, las licenciadas y doctoras cobran un 16,8% menos
La discriminación de las gerentes de pequeñas empresas es del 42,3%
http://www.rtve.es/noticias/20120307/mujeres-siempre-ganareis-menos-hombres/504965.shtml

DISCRIMINACIÓN SALARIAL DE GÉNERO EN EL MERCADO
LABORAL ESPAÑOL: UN ANÁLISIS COMPARATIVO POR
COMUNIDADES AUTÓNOMAS
http://www.ucm.es/data/cont/docs/85-2014-01-20-Discriminaci%C3%B3n%20salarial%20g%C3%A9nero%20Comunidades%20Aut%C3%B3nomas.pdf

Diferencia y discriminación salarial por razón de sexo http://www.inmujer.gob.es/areasTematicas/estudios/serieEstudios/docs/diferenciaYDiscriminacion.pdf

Si demuestras lo que dices en una publicación o libro, te haces rico! vamos!"
lgtbi,https://www.meneame.net/story/colau-sustituye-concejalia-juventud-ciclo-vida-feminismos-lgtbi,2431675,17123955,355,354.0,Arc,2015-06-18T16:08:53+00:00,0,13,#354 No hay ejemplo porque no existe. Y estos estudios llevan a engaño.
lgtbi,https://www.meneame.net/story/colau-sustituye-concejalia-juventud-ciclo-vida-feminismos-lgtbi,2431675,17123942,354,353.0,--181777--,2015-06-18T16:06:59+00:00,0,11,"#353 Un ejemplo concreto no me vale a mi, a ti puede que sí pero a mi como sociólogo no. A ti te vale ""Tuve una ocasión de ver"" a mi me vale una discusión sobre la metodología y técnicas de investigación."
lgtbi,https://www.meneame.net/story/colau-sustituye-concejalia-juventud-ciclo-vida-feminismos-lgtbi,2431675,17123919,353,352.0,Arc,2015-06-18T16:04:34+00:00,1,21,"#352 Nada, no hay manera. Ejemplo CONCRETO. Nombre de empresa, puesto de trabajo.
Esas estadísticas se sacan cogiendo la totalidad de los trabajos desempeñados por mujeres y hombres. Tuve la ocasión de ver cómo los confeccionaban. Por ejemplo, en una empresa saltaban diferencias porque las señoras de la limpieza cobraban menos que los soldadores."
lgtbi,https://www.meneame.net/story/colau-sustituye-concejalia-juventud-ciclo-vida-feminismos-lgtbi,2431675,17123887,352,216.0,--181777--,2015-06-18T15:58:57+00:00,0,11,#216 #307 #325 #330 http://www.elmundo.es/grafico/economia/2015/03/08/54fb5bbeca4741c5048b456f.html
lgtbi,https://www.meneame.net/story/colau-sustituye-concejalia-juventud-ciclo-vida-feminismos-lgtbi,2431675,17123768,351,28.0,TierrasRaras,2015-06-18T15:39:52+00:00,0,8,"#28 Sí, Carmena es mucho mejor. Tiene a Alba López, posible concejal. Esa no dice mamarrachadas.

https://www.meneame.net/m/Podemos/go?id=2431560"
lgtbi,https://www.meneame.net/story/colau-sustituye-concejalia-juventud-ciclo-vida-feminismos-lgtbi,2431675,17123651,350,165.0,TierrasRaras,2015-06-18T15:21:54+00:00,0,8,"#165 LGBTQIAAPS

He incluído a ""Simpatizantes"""
lgtbi,https://www.meneame.net/story/colau-sustituye-concejalia-juventud-ciclo-vida-feminismos-lgtbi,2431675,17123240,349,160.0,Frippertronic,2015-06-18T14:27:48+00:00,1,9,#160 ¿¿Concejalía de movilidad en una ciudad?? ¡¡Qué locura!!
lgtbi,https://www.meneame.net/story/colau-sustituye-concejalia-juventud-ciclo-vida-feminismos-lgtbi,2431675,17122746,348,181.0,--143520--,2015-06-18T13:29:37+00:00,0,6,"#181 Manzanas traigo, eso sí, muy buena tu respuesta para salir del paso."
lgtbi,https://www.meneame.net/story/colau-sustituye-concejalia-juventud-ciclo-vida-feminismos-lgtbi,2431675,17122495,347,,aracnos,2015-06-18T13:02:13+00:00,0,7,"Por cierto, ¿porqué Feminismo S "". ¿Es que hay varios?"
lgtbi,https://www.meneame.net/story/colau-sustituye-concejalia-juventud-ciclo-vida-feminismos-lgtbi,2431675,17122450,346,,aracnos,2015-06-18T12:56:17+00:00,0,7,"A mi mujer no le hace ni pizca de gracia esta señora. Yo le digo que apenas ha llegado y espere a ver qué hace. De momento parece más bien que vaya un poco a lo caballo de Atila. Es la alcaldesa de todos, incluso de los que no la han votado. No nos olvidemos que gobernar Barcelona no es liderar una acción anti-desahucio o transformarla en un kibbutz. Veremos."
lgtbi,https://www.meneame.net/story/colau-sustituye-concejalia-juventud-ciclo-vida-feminismos-lgtbi,2431675,17122426,345,,aracnos,2015-06-18T12:53:29+00:00,0,7,A mi mujer no le hace ni pizca de gracia esta señora. Yo le digo que apenas ha llegado y espere a ver qué hace. De momento parece más bien
lgtbi,https://www.meneame.net/story/colau-sustituye-concejalia-juventud-ciclo-vida-feminismos-lgtbi,2431675,17121530,344,,JoseLuCS,2015-06-18T11:07:00+00:00,0,9,"Veo mucho derrochador que prefiere tener 30 concejalías en vez de 1 que sirva para las 30 cosas. Me refiero a la de ciclo de la vida, que abarca tanto juventud como tercera edad."
lgtbi,https://www.meneame.net/story/colau-sustituye-concejalia-juventud-ciclo-vida-feminismos-lgtbi,2431675,17121365,343,342.0,--483507--,2015-06-18T10:49:34+00:00,1,13,"#342 yo no le voy a dejar, no voy a aceptar que haga apología del enfrentamiento, llevo mucho luchando contra el odio como para rendirme ahora.

El centro es de los pequeño burgueses... Es duro tener razón, y mi lema es ""la verdad es el peor de los insultos"". 

Gracias @victima_de_la_cultura porque eres una persona difícil y me obligas a mejorar, a crecer. 

@el_cid_humpeador aprovechemos esta oportunidad, y seamos agradecidos, que es un privilegio relacionarnos con quien seguramente no nos toparemos en el mundo real."
lgtbi,https://www.meneame.net/story/colau-sustituye-concejalia-juventud-ciclo-vida-feminismos-lgtbi,2431675,17121315,342,337.0,--223651--,2015-06-18T10:44:30+00:00,1,13,"#337 Provocar, es lo único que quiere, y tirar por tierra los esfuerzos de los que intentamos reducir el odio España -> Catalunya - Catalunya -> España.

Es una putada (y super-desagradecido) ser neutral, porque te llueven los palos de ambos lados. Los catalanes radicales me ven como un maldito facha, los españolitos besa-banderas me ven como un puto separatista, etc... Es lo que tiene no comulgar al 100% con ninguna postura."
lgtbi,https://www.meneame.net/story/colau-sustituye-concejalia-juventud-ciclo-vida-feminismos-lgtbi,2431675,17121313,341,225.0,--483507--,2015-06-18T10:44:24+00:00,0,7,"#225 pues no se que tiene de rebelde el odiar, mas bien es lo que ha definido a la humanidad, y suerte que no estamos como hace 75 años, matandonos unos a otros. 

Hay mucho trabajo por hacer luchando contra el odio y el miedo. @victima_de_la_cultura esta poniendo a prueba meneame, nuestro foro, donde generamos cultura partiendo de la igualdad y el respeto. 

Sobran cizañer@s, como Espeonza y el PPSOE que han hecho de escupir mierda una exitosa estrategia politica, hasta arruinar sus cajabancos, comunidades, partidos y a la nación. Lo rebelde sería quien defiende lo suyo desde el respeto y plantando cara al oido y al miedo. Eso es lo valiente, lo rebelde, y donde yo quiero estar."
lgtbi,https://www.meneame.net/story/colau-sustituye-concejalia-juventud-ciclo-vida-feminismos-lgtbi,2431675,17121272,340,224.0,--483507--,2015-06-18T10:39:47+00:00,0,7,"#224 yo estoy acostumbrado al respeto de quien trata a los demás desde la igualdad. 

Si quieres enseñarme catalan, empezamos cuando quieras. Mientras tanto, te ruego que te expreses sin exigirme que use un traductor. 

Yo soy muy gatuno, y a los gatos no les gusta ir donde les quieren llevar, como bien comprobaron los cazadores de mitos:

https://www.youtube.com/watch?v=LNfLcXPc0ZY"
lgtbi,https://www.meneame.net/story/colau-sustituye-concejalia-juventud-ciclo-vida-feminismos-lgtbi,2431675,17121255,339,233.0,--483507--,2015-06-18T10:37:48+00:00,0,7,"#233 #263 ¿Eres político @victima_de_la_cultura? Como te han puesto traducción simultanea.

Por lo menos nos ahorramos el poner un traductor de castellano a catalán.

¿Que ocurre en los foros catalanes cuando alguien se empeña en expresarse en castellano? ¡Que respeto e igualdad! 

Y luego se pedirá el derecho a decidir... Cuando parece que el que mas se ejerce es el derecho a ODIAR."
lgtbi,https://www.meneame.net/story/colau-sustituye-concejalia-juventud-ciclo-vida-feminismos-lgtbi,2431675,17121238,338,259.0,--483507--,2015-06-18T10:34:54+00:00,0,7,"#259 #152 respeto es lo que no muestras en un foro donde la mayoría no hablamos el catalan.

Primor los franquistas fueron a Cataluña a imponer el castellano y las vueltas que da la vida que ahora vienen los intolerantes a imponer el Catalan en meneame. 

Para un foro que tenemos, sin banderas ni himnos, donde venir a comunicarnos, que uses el catalan para levantar muros, pues es muy triste.

Luego dirán que si ""el sistema"" o que si esto o lo otro, pero solo hay que ver como somos muchos para enteder que la realidad es la mierda pinchada en un palo que nos merecemos."
lgtbi,https://www.meneame.net/story/colau-sustituye-concejalia-juventud-ciclo-vida-feminismos-lgtbi,2431675,17121193,337,336.0,--483507--,2015-06-18T10:28:32+00:00,1,13,"#336 justo es mi actitud, que he crecido rodeado de odio a vascos y catalanes y le he plantado cara.

Ha habido tanto odio, miedo y violencia... que lo dificil es escapar a ese circulo vicioso.

@victima_de_la_cultura no se que es lo que pretendes, pero yo hace mucho que lucho para reducir el odio, y es totalmente nuevo encontrarme con quien usa el catalán para molestar, pues no hablo catalán y es una molestia tener que usar el traductor.

Vengo aquí a comunicarme con mis semejantes, desde la igualadad. ¿Y tu?"
lgtbi,https://www.meneame.net/story/colau-sustituye-concejalia-juventud-ciclo-vida-feminismos-lgtbi,2431675,17121135,336,335.0,--223651--,2015-06-18T10:21:29+00:00,1,13,"#335 Jeje, ha sido un ejercicio divertido ir traduciendo. Yo es que, como catalán, ya bastante noto que se me odia en el resto de España, así que solo falta que encima desde el otro lado también haya quien se dedica a provocar escribiendo sólo en catalán, haciendo que se nos coja aún más odio."
lgtbi,https://www.meneame.net/story/colau-sustituye-concejalia-juventud-ciclo-vida-feminismos-lgtbi,2431675,17121075,335,274.0,--483507--,2015-06-18T10:14:54+00:00,1,13,"#274 #265 #274 gracias @el_cid_humpeador por expresarte en ambos idiomas, así en vez de un sentimiento de rechazo al ver catalán, pues no lo hablo y no lo entiendo, lo que me encuentro es con una especie de piedra rosetta donde hasta aprendo!

Venga - Vinga
ahora - ara
había - havia
Si - tot

También es que siempre he sido muy terco, muy gatuno, y si se empeñan en que pase por el aro, lo siento pero yo voy a cualquier sitio menos al que me quieren llevar. Hasta los Mythbusters lo intentaron

https://www.youtube.com/watch?v=LNfLcXPc0ZY"
lgtbi,https://www.meneame.net/story/colau-sustituye-concejalia-juventud-ciclo-vida-feminismos-lgtbi,2431675,17120568,334,19.0,aqeloutro,2015-06-18T09:18:17+00:00,1,27,"#19 Totalmente de acuerdo, y no solo por la ""caverna mediática"". Este tipo de cosas hacen que me de vergüenza decir que soy de izquierdas."
lgtbi,https://www.meneame.net/story/colau-sustituye-concejalia-juventud-ciclo-vida-feminismos-lgtbi,2431675,17119901,333,,Gayumbos,2015-06-18T07:46:25+00:00,0,7,"... como ciudadano de Barcelona, siento vergüenza ajena.

Solo espero que al menos les OBLIGUEN  a leer todo el ridículo título cada vez, a ver si al menos por cansinamiento acaban por cambiarlo a ""Juventut"" y ya."
lgtbi,https://www.meneame.net/story/colau-sustituye-concejalia-juventud-ciclo-vida-feminismos-lgtbi,2431675,17119822,332,45.0,hintursul,2015-06-18T07:36:49+00:00,0,6,#45 Y tiempo cuántico!
lgtbi,https://www.meneame.net/story/colau-sustituye-concejalia-juventud-ciclo-vida-feminismos-lgtbi,2431675,17119765,331,168.0,Deume,2015-06-18T07:27:15+00:00,0,7,"#168 Perdón, te he dado un positivo si querer... mi intención era otra."
lgtbi,https://www.meneame.net/story/colau-sustituye-concejalia-juventud-ciclo-vida-feminismos-lgtbi,2431675,17119718,330,205.0,Arc,2015-06-18T07:21:38+00:00,0,13,#205 Sigo esperando ejemplos CONCRETOS de trabajos en los que los hombres cobran más que las mujeres por hacer el MISMO trabajo.
lgtbi,https://www.meneame.net/story/colau-sustituye-concejalia-juventud-ciclo-vida-feminismos-lgtbi,2431675,17119706,329,,kelosepas,2015-06-18T07:19:38+00:00,0,9,¿Esto era prioritario para corregir la 'situación de emergencia' que tanto cacareaba Colau en su campaña? Ya empezamos con las poyadas...
lgtbi,https://www.meneame.net/story/colau-sustituye-concejalia-juventud-ciclo-vida-feminismos-lgtbi,2431675,17119664,328,3.0,frutosm,2015-06-18T07:12:22+00:00,1,12,#3 Tu y Ada Colau que sus habéis fumau?
lgtbi,https://www.meneame.net/story/colau-sustituye-concejalia-juventud-ciclo-vida-feminismos-lgtbi,2431675,17119557,327,,Find,2015-06-18T06:55:21+00:00,0,9,"Así es como queda el ayuntamiento:
http://premsa.bcn.cat/2015/06/13/el-nou-govern-municipal-ja-esta-en-marxa/ [ca]"
lgtbi,https://www.meneame.net/story/colau-sustituye-concejalia-juventud-ciclo-vida-feminismos-lgtbi,2431675,17119199,326,206.0,--437559--,2015-06-18T04:30:37+00:00,0,7,"#206 Supongo que a cualquier hombre quecdecida quedarse en casa a ocuparse de ella hay que pagarle también, ¿no? Si no fomentamos aún más la situación: la mujer se queda en casa porque es la que cobra por ello, y el hombre es el que trabaja fuera porque en casa no cobra.
Cuidado con las buenas intenciones, que a veces son la mejor forma de empeorar las cosas."
lgtbi,https://www.meneame.net/story/colau-sustituye-concejalia-juventud-ciclo-vida-feminismos-lgtbi,2431675,17119111,325,205.0,Seifer,2015-06-18T02:22:36+00:00,0,10,#205 ¿ en qué te basas para afirmar esto?
lgtbi,https://www.meneame.net/story/colau-sustituye-concejalia-juventud-ciclo-vida-feminismos-lgtbi,2431675,17119089,324,4.0,arivero,2015-06-18T01:42:51+00:00,0,6,"#4 ¿La de Botin? En realidad lo defiende... hay un rumor muy fuerte de que hubo un traslado ilegal de cadaver en la muerte de Botin, asi que hablar de que ""murio en la cama"" es una forma de contrarrestarlo. O bueno, igual sí que murio en una cama."
lgtbi,https://www.meneame.net/story/colau-sustituye-concejalia-juventud-ciclo-vida-feminismos-lgtbi,2431675,17119065,323,320.0,Capitan_Centollo,2015-06-18T01:20:14+00:00,0,6,"#320 Yo creo que lo correcto es que las tareas, sean las que sean, estén repartidas conforme ambos hayan negociado, con sentido común, no en base a prejuicios, de manera que su cumplimiento no implique humillación o falta de respeto alguna."
lgtbi,https://www.meneame.net/story/colau-sustituye-concejalia-juventud-ciclo-vida-feminismos-lgtbi,2431675,17119047,322,,--199729--,2015-06-18T01:11:57+00:00,0,7,"Si es que estos jóvenes se quejan por todo.

Cómo van a tener una concejalía para los jóvenes? Los jóvenes son gente normal, lo que mola en política es gobernar para minorías, feministas, gays y lesbianas. Joder, que no os enteráis.

(Espero que se note la ironía)"
lgtbi,https://www.meneame.net/story/colau-sustituye-concejalia-juventud-ciclo-vida-feminismos-lgtbi,2431675,17119016,321,319.0,--442253--,2015-06-18T00:56:15+00:00,0,7,"#319 Y tambien hay que decir, que de ""media"", con el tiempo, la limpieza o hacer la comida ocupa mucho mas tiempo que lo otro, pero bueno, tambien el trabajo, si la mujer no trabaj y él si, veo normal que la mujer haga mas tareas del hogar.....lo que es normal es lo contrario que YO HE SIDO TESTIGO Directo, trabajar ella, él no (solo parcialmente), y ella hacer muchas mas tareas del hogar......"
lgtbi,https://www.meneame.net/story/colau-sustituye-concejalia-juventud-ciclo-vida-feminismos-lgtbi,2431675,17119014,320,255.0,--442253--,2015-06-18T00:55:01+00:00,0,7,"#255 EL ERROR ES ASUMIR que igualdad es que ambos hagan el 50% de todas las tareas, y no es correcto a mi parecer, lo correcto es que hagan el 50% de las tareas!!.
Es decir, si tu pierdes 1h en limpiar, y yo he perdido 1h en cambiar los enchufes de la casa, estamos en igualdad, no tenemos por que hacer cada uno 30min de ambas cosas."
lgtbi,https://www.meneame.net/story/colau-sustituye-concejalia-juventud-ciclo-vida-feminismos-lgtbi,2431675,17119011,319,317.0,--125581--,2015-06-18T00:54:55+00:00,0,11,"#317 ""Igual que el 99% de los hombres asume el rol de montar muebles, electricidad, fontaneria y chapuzas varias""

Pues a mí no me va."
lgtbi,https://www.meneame.net/story/colau-sustituye-concejalia-juventud-ciclo-vida-feminismos-lgtbi,2431675,17119009,318,311.0,--442253--,2015-06-18T00:53:46+00:00,0,7,"#311 Tienes razon, pero claro, muchas de esas mujeres que hacen la comida, no trabajan, o el marido hace otro tipo de tareas en el hogar, asi que hay que contarlo todo.
Pero tienes razon, hay un franquismo sociologico muy fuerte, aunque creo que tambien se explica porque el umbral de la limpieza, pulcritud y orden las mujeres lo tienen mucho mas alto (en general) que los hombres...."
lgtbi,https://www.meneame.net/story/colau-sustituye-concejalia-juventud-ciclo-vida-feminismos-lgtbi,2431675,17119004,317,82.0,--442253--,2015-06-18T00:52:19+00:00,1,13,"#82 A las que les obliguen se pueden divorciar, y si ya la excusa es que les maltratan, pues podran denunciar.
NO, es falso, el 99,99% de las mujeres que limpian no lo hacen por maltrato, seamos serios, lo hacen porque asumen ese rol. Igual que el 99% de los hombres asume el rol de montar muebles, electricidad, fontaneria y chapuzas varias...esta bien o mal? pues no se, es discutible, pero la pareja decide en libertad en la inmensa mayoria de los casos."
lgtbi,https://www.meneame.net/story/colau-sustituye-concejalia-juventud-ciclo-vida-feminismos-lgtbi,2431675,17119002,316,31.0,--442253--,2015-06-18T00:50:19+00:00,0,7,"#31 ""por tanto te toca limpiar y hacer la comida""

y por que????

No ves que lo que tu propones lleva consigo perpetuar la situacion que pretendes combatir????"
lgtbi,https://www.meneame.net/story/colau-sustituye-concejalia-juventud-ciclo-vida-feminismos-lgtbi,2431675,17118987,315,314.0,--125581--,2015-06-18T00:43:12+00:00,1,17,"#314 Iba  a poner ""creces "" {lol} {lol}.

Es hora de ir a dormir."
lgtbi,https://www.meneame.net/story/colau-sustituye-concejalia-juventud-ciclo-vida-feminismos-lgtbi,2431675,17118985,314,312.0,--223651--,2015-06-18T00:42:17+00:00,0,6,"#312 Joer, qué mierda de vida, te mueres dos veces. Por si no jodiera ya suficiente morirte una {lol}"
lgtbi,https://www.meneame.net/story/colau-sustituye-concejalia-juventud-ciclo-vida-feminismos-lgtbi,2431675,17118980,313,102.0,--125581--,2015-06-18T00:37:42+00:00,0,11,#102 REPL
lgtbi,https://www.meneame.net/story/colau-sustituye-concejalia-juventud-ciclo-vida-feminismos-lgtbi,2431675,17118977,312,88.0,--125581--,2015-06-18T00:37:27+00:00,0,11,"#88 Naces , mueres , te jodes y mueres."
lgtbi,https://www.meneame.net/story/colau-sustituye-concejalia-juventud-ciclo-vida-feminismos-lgtbi,2431675,17118971,311,82.0,--125581--,2015-06-18T00:34:59+00:00,0,11,"#82 ""La presión social y familiar también""

A tomar por culo la familia, así, y ya está. Ellos en su casa y la chica afectada en la suya.

Aunque vivimos en una sociedad del franquismo sociológico."
lgtbi,https://www.meneame.net/story/colau-sustituye-concejalia-juventud-ciclo-vida-feminismos-lgtbi,2431675,17118965,310,31.0,--125581--,2015-06-18T00:29:49+00:00,2,27,"#31 ""Ahora imagima que vives con tu padre y hermanos y son todos unos cerdos desordenados sin idea de cocinar ... excepto tú ""

Eso también es machismo, suponer que los hombres somos unos vagos de mierda."
lgtbi,https://www.meneame.net/story/colau-sustituye-concejalia-juventud-ciclo-vida-feminismos-lgtbi,2431675,17118964,309,25.0,BiRDo,2015-06-18T00:29:10+00:00,0,10,#25 En realidad tú y yo sabemos que esto no es noticia.
lgtbi,https://www.meneame.net/story/colau-sustituye-concejalia-juventud-ciclo-vida-feminismos-lgtbi,2431675,17118922,308,,Gordito,2015-06-18T00:03:24+00:00,1,17,"El mundo today? Ops, va a ser que no..."
lgtbi,https://www.meneame.net/story/colau-sustituye-concejalia-juventud-ciclo-vida-feminismos-lgtbi,2431675,17118838,307,205.0,--243043--,2015-06-17T23:21:44+00:00,0,6,#205 ¿Vaya chollo para el empresario no?
lgtbi,https://www.meneame.net/story/colau-sustituye-concejalia-juventud-ciclo-vida-feminismos-lgtbi,2431675,17118776,306,38.0,--297022--,2015-06-17T23:00:59+00:00,0,10,"#38 Por ejemplo, totalemente de acuerdo. Parecía maja la Colau pero , en fin, que me quiero presentar a Concejal, digamos que Colau tiene capacidades diferentes"
lgtbi,https://www.meneame.net/story/colau-sustituye-concejalia-juventud-ciclo-vida-feminismos-lgtbi,2431675,17118768,305,20.0,--297022--,2015-06-17T22:58:54+00:00,1,21,"#20 jejejejeje, El concejal está levitando. Qué país, de puros hippis y acompeljadines casi damos pena. Hoder!"
lgtbi,https://www.meneame.net/story/colau-sustituye-concejalia-juventud-ciclo-vida-feminismos-lgtbi,2431675,17118747,304,293.0,rutas,2015-06-17T22:55:26+00:00,1,15,"#293 Y además la ciudad de Valencia bien podría tirar del carro para prevenir el cambio climático a nivel nacional, porque precisamente Valencia es una de las primeras grandes ciudades que sufrirá la subida del nivel del mar. Desde Madrid es más difícil entender la gravedad de esa amenaza."
lgtbi,https://www.meneame.net/story/colau-sustituye-concejalia-juventud-ciclo-vida-feminismos-lgtbi,2431675,17118745,303,7.0,--297022--,2015-06-17T22:55:23+00:00,0,10,"#7 Interesante: Ciclo de la Vida( muy real), feminismos( paso palabra) y LGTB y eso( no marginar ni excluir pero de eso ha dedicarle una Concejalía.

A la Colau se le ha ido un poco la pinzita no? Lo diré en fino por si me quiero meter a político en el futuro,jeje."
lgtbi,https://www.meneame.net/story/colau-sustituye-concejalia-juventud-ciclo-vida-feminismos-lgtbi,2431675,17118680,302,20.0,--386488--,2015-06-17T22:46:43+00:00,0,8,"#20 Hada Colau, según Vaya Semanita http://www.eitb.eus/es/television/programas/vaya-semanita/videos/detalle/3282830/video-ada-colau-hada-poderes-populistas/"
lgtbi,https://www.meneame.net/story/colau-sustituye-concejalia-juventud-ciclo-vida-feminismos-lgtbi,2431675,17118602,301,25.0,NeSilento,2015-06-17T22:34:02+00:00,1,19,"#25 En realidad sería lo más equitativo e incluyente, lo que no sería es llamativo.

Hay que proteger los derechos de todas las personas. Los de todas sin excepción."
lgtbi,https://www.meneame.net/story/colau-sustituye-concejalia-juventud-ciclo-vida-feminismos-lgtbi,2431675,17118582,300,295.0,SpanishJedi,2015-06-17T22:31:54+00:00,0,8,"#295 Aqui no estamos para resolver problemas personales de nadie, no? Evidentemente que sí. Otra cosa es con qué quieras responsabilizar a la sociedad respecto a ""problemas personales"". Los asuntos de maltrato (y ahí se puede englobar mucho) están en una buena medida contemplados y controlados por el Estado de Derecho y la sociedad. Pero lo que yo digo en mis comentarios es que me parece absurdo que el hecho de que una esté casada con un vago que no hace ni el huevo en casa pase a ser un ""problema personal"" del que nos tenemos que responsabilizar tú, yo y la sociedad en general (porque es un viejo argumento ese de pagar a las mujeres por las tareas del hogar).

Dicho esto, añadiré que en tu comentario he llegado a cuando empiezas a hablar de becas, desempleo, etc. y he dejado de leer, y me ahorraré explicarte el porqué, dado que es evidente."
lgtbi,https://www.meneame.net/story/colau-sustituye-concejalia-juventud-ciclo-vida-feminismos-lgtbi,2431675,17118554,299,21.0,--386488--,2015-06-17T22:28:27+00:00,1,11,#21 Pero para eso mejor crear la Consejalía de Asuntos en General y Otras Cuestiones.
lgtbi,https://www.meneame.net/story/colau-sustituye-concejalia-juventud-ciclo-vida-feminismos-lgtbi,2431675,17118547,298,279.0,--223651--,2015-06-17T22:27:16+00:00,1,13,"#279 (cachis, sabía que la cagaría, se me fué el dedo con un número y me he contestado a mí mismo {troll})

Fas massa soroll...no cal multiplicar els missatges al fòrum!

--------------------------------------------------

Haces demasiado ruido. ¡No hace falta duplicar los mensajes en el foro!"
lgtbi,https://www.meneame.net/story/colau-sustituye-concejalia-juventud-ciclo-vida-feminismos-lgtbi,2431675,17118531,297,274.0,--223651--,2015-06-17T22:25:37+00:00,2,23,"#274

Au, vinga...no exageris...tot just acaben de començar. Fins ara mai no havia governat l'esquerra autèntica, no siguis tan pessimista! 

-----------------------------------------------------

Va, venga... No exageres... Si justo acaban de empezar. Hasta ahora nunca había gobernado la izquierda auténtica, ¡no seas tan pesimista!"
lgtbi,https://www.meneame.net/story/colau-sustituye-concejalia-juventud-ciclo-vida-feminismos-lgtbi,2431675,17118515,296,165.0,NeSilento,2015-06-17T22:23:19+00:00,1,16,"#165 No, lo peor de todo es que las personas normales, es decir, todas las personas sin importar cómo se las etiquete, no necesitan ministerios especiales. Si se quiere hacer una concejalía que proteja la igualdad de derechos de todas las personas, se crea la concejalía de igualdad. Pero eso es si quiere proteger los derechos de todas las personas. Tal y como han hecho esto me cabe la duda y conste que me alegro de que ganara Colau."
lgtbi,https://www.meneame.net/story/colau-sustituye-concejalia-juventud-ciclo-vida-feminismos-lgtbi,2431675,17118496,295,39.0,PETITROUSSEAU,2015-06-17T22:21:09+00:00,4,36,"#39 Es la vida privada, y si no les gusta, que no lo hagan. Que bueno ese razonamiento tuyo. Veo un filon ahi. No solo podemos ahorrarnos las politicas de igualdad, tambien toda clase de subsidios y asistencias. 
Eso de ayudar al que esta en desventaja esta pasado de moda, porque todos sabemos que estan asi por eleccion propia, ellos se lo buscan solitos. Que tomen las riendas de su vida, o apechuguen con su elección. Aqui no estamos para resolver problemas personales de nadie, no?
Para que vamos a pagar becas a estudiantes pobres. Si se meten en la universidad y tienen que vivir debajo de un puente para pagar las tasas, es su vida privada, no? Si no les gusta, que no lo hagan.
Y el subsidio de desempleo? Si fueron lo bastante vagos como para perder el empleo y no encontrar otro...a mi que no me miren, no? Yo tengo trabajo, si ellos no, es porque no se lo curran tanto como yo. Y el aeropuerto esta ahi para todos, para que luego digan que no hay opciones de encontrar trabajo...sera por paises. Siempre te puedes ir a Qatar a que te quiten el pasaporte y construir estadios, opciones hay. El que esta desempleado es definitivamente por eleccion. Si no les gusta que se busquen un trabajo.
O que se yo, tambien podemos quitarles la asistencia medica a los fumadores, porque es su cuerpo y su vida privada, y si no les gusta coger un cancer que no fumen. De paso tambien las enfermedades relacionadas con sobrepeso y el alcohol, que la gente apechugue con su eleccion de comida y bebida, no?
Si es que en realidad nadie se ve obligado a nada en esta vida, siempre puedes elegir, no?"
lgtbi,https://www.meneame.net/story/colau-sustituye-concejalia-juventud-ciclo-vida-feminismos-lgtbi,2431675,17118480,294,272.0,rutas,2015-06-17T22:19:35+00:00,0,12,"#272 El porro es legal. Lo que no es legal es su comercio, la posesión en espacios públicos, o conducir vehículos de motor bajo sus efectos.

En realidad la mayoría de la gente que pide legalizar el porro lo que quiere es que no le crujan a multas por fumar pacíficamente en el parque. 

Otros piden legalizar el porro porque entienden que sustituir un comercio ilegal por un comercio legal es muy positivo para el consumidor, para la sociedad y para las arcas públicas. 

Y luego están los que piden legalizar el porro para poder conducir su coche como les dé la gana. Pero eso sólo lo piden los neoliberales vigoréxicos."
lgtbi,https://www.meneame.net/story/colau-sustituye-concejalia-juventud-ciclo-vida-feminismos-lgtbi,2431675,17118454,293,160.0,--2002--,2015-06-17T22:16:47+00:00,1,14,"#160 Si lo dices por la de cambio climático, no veo el problema. Se dedicará a controlar la contaminación, a mejorar las conducciones de agua, a mejorar los parques, ... Que el cambio climático sea a nivel mundial no significa que no se pueda aportar nada desde una ciudad."
lgtbi,https://www.meneame.net/story/colau-sustituye-concejalia-juventud-ciclo-vida-feminismos-lgtbi,2431675,17118441,292,290.0,--91677--,2015-06-17T22:12:42+00:00,1,16,#290 No provoqueeessss
lgtbi,https://www.meneame.net/story/colau-sustituye-concejalia-juventud-ciclo-vida-feminismos-lgtbi,2431675,17118440,291,288.0,--223651--,2015-06-17T22:12:28+00:00,0,6,"#288

Tiene facil explicación. En este puto país no hay puntos medios, solo extremos. Es el síntoma típico de un país inmaduro."
lgtbi,https://www.meneame.net/story/colau-sustituye-concejalia-juventud-ciclo-vida-feminismos-lgtbi,2431675,17118434,290,256.0,--223651--,2015-06-17T22:11:30+00:00,0,6,"#256

くそ-。。。"
lgtbi,https://www.meneame.net/story/colau-sustituye-concejalia-juventud-ciclo-vida-feminismos-lgtbi,2431675,17118418,289,242.0,--223651--,2015-06-17T22:08:13+00:00,2,20,"#242 

Si la homosexualitat ha sobreviscut a l'evolució de l'espècie humana potser és perquè fa una funció important. 

----------------------------------------------------------------------------

Si la homosexualidad ha sobrevivido a la evolución de la especie humana quizá es porque hace una función importante."
lgtbi,https://www.meneame.net/story/colau-sustituye-concejalia-juventud-ciclo-vida-feminismos-lgtbi,2431675,17118409,288,,--172817--,2015-06-17T22:07:02+00:00,0,10,"Joder, esta noticia no es de EMT?

Con cosas así, incluso puedo llegar a entender a la derecha. Madre mía... {ffu} {ffu} {ffu} {ffu} {ffu} {ffu} {ffu}"
lgtbi,https://www.meneame.net/story/colau-sustituye-concejalia-juventud-ciclo-vida-feminismos-lgtbi,2431675,17118401,287,236.0,--223651--,2015-06-17T22:05:52+00:00,1,13,"#236 

En principi no és una mala idea, tot i que potser no cal particularitzar tant i parlar simplement de ""medi ambient"".

A les ciutats es pot fer molt per evitar emissions contaminants que promouen el canvi climàtic, especialment regulant el trànsit a les ciutats i promovent l'ús de la bicicleta. 

-----------------------------------------------------

En principio no es una mala idea, aunque quizá no hace falta particularizar tanto y hablar simplemente de ""medio ambiente"".

En las ciudades se puede hacer mucho para evitar emisiones contaminantes que causan el cambio climático, especialmente regulando el tráfico en las ciudades y promoviendo el uso de la bicicleta."
lgtbi,https://www.meneame.net/story/colau-sustituye-concejalia-juventud-ciclo-vida-feminismos-lgtbi,2431675,17118395,286,271.0,nilien,2015-06-17T22:04:50+00:00,0,12,"#271 Nadie te obliga tampoco a no comerte un rosco, y anda que no hay quejas por aquí al respecto..."
lgtbi,https://www.meneame.net/story/colau-sustituye-concejalia-juventud-ciclo-vida-feminismos-lgtbi,2431675,17118384,285,224.0,--223651--,2015-06-17T22:02:52+00:00,1,13,"#224 

Esteu acostumats a la vella política. De mica en mica us anireu acostumant a la nova. Els canvis costen, tingueu paciència, a veure que tal ho fan. Mai no havia governat l'esquerra autèntica...serà interessat percebre els canvis. 

-------------------------------------

Estais acostumbrados a la vieja política. Poco a poco os ireis acostumbrando a la nueva. Los cambios cuestan, tened paciencia, a ver qué tal lo hacen. Nunca había gobernado la izquierda auténtica... Será interesante notar los cambios."
lgtbi,https://www.meneame.net/story/colau-sustituye-concejalia-juventud-ciclo-vida-feminismos-lgtbi,2431675,17118373,284,221.0,--223651--,2015-06-17T22:00:24+00:00,1,13,"#221 

I no oblidis que CiU es trenca. 

------------------------------------

Y no olvides que CIU se rompe."
lgtbi,https://www.meneame.net/story/colau-sustituye-concejalia-juventud-ciclo-vida-feminismos-lgtbi,2431675,17118369,283,218.0,--223651--,2015-06-17T21:59:07+00:00,1,13,"#218

Totes les dones són masclistes, almenys en certa mesura. 

----------------------------------------

Todas las mujeres son machistas, al menos en cierta medida."
lgtbi,https://www.meneame.net/story/colau-sustituye-concejalia-juventud-ciclo-vida-feminismos-lgtbi,2431675,17118365,282,,rutas,2015-06-17T21:57:57+00:00,1,18,"La intención será la mejor, pero el nombre es una puta mierda. Espero que al final elijan otro más sencillo.

Cada vez que llega un gobierno nuevo, una de las primeras cosas que hace es cambiar el nombre de algúnos departamentos, concejalías, ministerios... Y a mí me gustaría saber cuánto nos cuestan esos cambios. Cambiar carteles, identificación de vehículos, modelos de documentos, páginas web, carpetas, sobres, bolis... ¿Cuánto nos cuesta rehacer todo eso sólo para cambiar un nombre? ¿Y cuánto perdemos tirando a la basura un material en buen estado que ya no sirve sólo por tener el nombre anterior???

Creo que alguien debería hacer esas cuentas exactas, y luego repartirlas por todas las administraciones y publicarlas, para que los políticos las tengan en consideración antes de tomar este tipo de decisiones tan superficiales, y para que los ciudadanos podamos controlarlo.

""Cambiar el nombre de esta consejería cuesta a las arcas públicas un total de X mil euros, incluyendo valoración a precio de mercado del material funcional desechado"".

Queremos de saber!"
lgtbi,https://www.meneame.net/story/colau-sustituye-concejalia-juventud-ciclo-vida-feminismos-lgtbi,2431675,17118358,281,278.0,--223651--,2015-06-17T21:57:14+00:00,0,6,"#278

Fas massa soroll...no cal multiplicar els missatges al fòrum! 

--------------------------------------------------

Haces demasiado ruido. ¡No hace falta duplicar los mensajes en el foro!"
lgtbi,https://www.meneame.net/story/colau-sustituye-concejalia-juventud-ciclo-vida-feminismos-lgtbi,2431675,17118353,280,220.0,--223651--,2015-06-17T21:56:16+00:00,1,13,"#220 

Home...espera a que governin. Ni tan sols els dones els 100 dies de prova que mereix tot govern nou. 

-------------------------------------

Hombre... Espera a que gobiernen. Ni siquiera les das los 100 días de prueba que merece todo nuevo gobierno."
lgtbi,https://www.meneame.net/story/colau-sustituye-concejalia-juventud-ciclo-vida-feminismos-lgtbi,2431675,17118350,279,278.0,--477411--,2015-06-17T21:55:55+00:00,0,6,#278 Fas massa soroll...no cal multiplicar els missatges al fòrum!
lgtbi,https://www.meneame.net/story/colau-sustituye-concejalia-juventud-ciclo-vida-feminismos-lgtbi,2431675,17118339,278,276.0,--223651--,2015-06-17T21:54:36+00:00,1,13,"#276

No cal tractar a l'audiència com a infants. Són adults. 

----------------------------------------

No hace falta tratar a la audiencia como niños. Son adultos."
lgtbi,https://www.meneame.net/story/colau-sustituye-concejalia-juventud-ciclo-vida-feminismos-lgtbi,2431675,17118337,277,67.0,--341687--,2015-06-17T21:54:26+00:00,0,7,#67 más bien Ministerio del amor orweliano.
lgtbi,https://www.meneame.net/story/colau-sustituye-concejalia-juventud-ciclo-vida-feminismos-lgtbi,2431675,17118329,276,269.0,--477411--,2015-06-17T21:53:31+00:00,1,5,#269 No cal tractar a l'audiència com a infants. Són adults.
lgtbi,https://www.meneame.net/story/colau-sustituye-concejalia-juventud-ciclo-vida-feminismos-lgtbi,2431675,17118328,275,210.0,--223651--,2015-06-17T21:53:29+00:00,1,13,"#210 Cal donar-los un temps de prova, a veure com ho fan.

Jo, a priori, tinc alguns dubtes:

- Com reaccionarà Colau quan funcionaris, escombraires, transportistes facin vaga per demanar un augment de sou?

- Reprimirà les manifestacions violentes?

- Permetrà l'ocupació massiva d'habitatges?

- Hi haurà un efecte crida? 

---------------------------------------

Hay que darles un tiempo de prueba, a ver cómo lo hacen.

Yo, a priori, tengo algunas dudas:

- ¿Cómo reaccionará Colau cuando funcionarios, barrenderos, transportistas hagan huelga para demandar un aumento de sueldo?

- ¿Reprimirá las manifestaciones violentas?

- ¿Permitirá la ocupación masiva de viviendas?

- ¿Habrá un efecto llamada?"
lgtbi,https://www.meneame.net/story/colau-sustituye-concejalia-juventud-ciclo-vida-feminismos-lgtbi,2431675,17118316,274,265.0,--477411--,2015-06-17T21:52:33+00:00,1,5,"#265 Au, vinga...no exageris...tot just acaben de començar. Fins ara mai no havia governat l'esquerra autèntica, no siguis tan pessimista!"
lgtbi,https://www.meneame.net/story/colau-sustituye-concejalia-juventud-ciclo-vida-feminismos-lgtbi,2431675,17118282,273,203.0,--223651--,2015-06-17T21:49:33+00:00,1,15,"#203 Doncs no sé que contestar-te. Només sé que han canviat el nom però no tinc idea si faran algun altre tipus de política en relació a l'edat de les persones i el seu moment de desenvolupament. Però no té sentit promocionar a un col·lectiu i perjudicar alhora a un altre.

Em semblaria un enfocament interessant tenir en compte l'edat de les persones a l'hora de fer política. Per exemple, què convé més, donar treball a una persona aturada que té 40 anys i carregues familiars o a un jove de 18 ni-ni que no en té?

Potser convé més sensibilitat en aquests temes. Actualment es promociona molt als joves, i en un joc de suma 0 com és el mercat laboral actual, representa una clara discriminació dels aturats majors de 40 anys. Això s'ha de revisar. 

-------------------------------------------

Pues no sé qué contestarte. Sólo seé que han cambiado el nombre pero no tengo ni idea de si harán otro tipo de política en relación a al edad de alas personas y a su momento de desarrollo. Pero no tiene sentido promocionar a un colectivo y perjudicar a su vez a otro.

Me parecería un enfoque iteresante tener en cuenta la edad de las personas a la hora de hacer política. Por ejemplo, ¿qué conviene más, dar trabajo a una persona desempleada de 40 años con cargas familiares o a un joven ni-ni de 18 que no tiene?

Quizá convendría que haya más sensibilidad en estos temas. Actualmente se promociona mucho a los jóvenes y, en un juego de suma 0 como es el mercado actual, representa una clara discriminación a los parados mayores de 40 años. Eso habría de revisarse."
lgtbi,https://www.meneame.net/story/colau-sustituye-concejalia-juventud-ciclo-vida-feminismos-lgtbi,2431675,17118229,272,117.0,--341687--,2015-06-17T21:41:39+00:00,1,13,"#117 yo dejé de ir al 15m en granada porque quería legalizar el porro.

Es lo malo de los movimientos viscerales populares, que te meten el gambazo."
lgtbi,https://www.meneame.net/story/colau-sustituye-concejalia-juventud-ciclo-vida-feminismos-lgtbi,2431675,17118223,271,82.0,--341687--,2015-06-17T21:40:22+00:00,2,23,#82 Nadie te obliga a hacerle la comida a tu marido nada más casarte.
lgtbi,https://www.meneame.net/story/colau-sustituye-concejalia-juventud-ciclo-vida-feminismos-lgtbi,2431675,17118218,270,31.0,--341687--,2015-06-17T21:39:45+00:00,0,7,"#31 entonces a ver si me entero, si no eres gay, lesbiana, homosexual, travesti, mujer, no tienes representación en la nueva concejalía de la juventud.

Antes de joven la concejalía hacía actividades de joven, y sacaba el bonobus joven ahí, ahora imagino que sólo los gays y las mujeres podrán hacer cosas propias de los jóvenes."
lgtbi,https://www.meneame.net/story/colau-sustituye-concejalia-juventud-ciclo-vida-feminismos-lgtbi,2431675,17118215,269,196.0,--223651--,2015-06-17T21:39:33+00:00,0,6,"#196

Encara hi ha joves bastant sexistes. Jo he sentit un home de 30 anys dir que quan treballés faria que la seva dona no treballi.

Hi ha encara molt sexisme. Hi el sexisme comença amb els nadons. Les joguines per la mainada i la publicitat que se'n fa és molt sexista. 

-------------------------------------------------

Aún hay jóvenes bastante sexistas. Yo he oído  a un hombre de 30 años decir que cuando trabajase haría que su mujer dejase de trabajar.

Aún hay mucho sexismo. Hy Y el sexismo comienza con los niños pequeños. Los juguetes para los niños y la publicidad que se hace es muy sexista."
lgtbi,https://www.meneame.net/story/colau-sustituye-concejalia-juventud-ciclo-vida-feminismos-lgtbi,2431675,17118183,268,190.0,--223651--,2015-06-17T21:36:27+00:00,1,5,"#190 Doncs a mi em sembla que hi ha un canvi molt interessant, l'al·lusió al cicle de la vida, concepte que a més del jovent inclou les persones de mitja edat i les persones grans. Em sembla més respectuós. 

-------------------------------------------------

Pues a mí me parece que hay un cambio muy interesante, la alusión al ciclo de vida, concepto que además de la juventud incluye a las personas de mediana edad y a los ancianos. Me parece más respetuoso."
lgtbi,https://www.meneame.net/story/colau-sustituye-concejalia-juventud-ciclo-vida-feminismos-lgtbi,2431675,17118176,267,266.0,--166178--,2015-06-17T21:36:03+00:00,3,29,#266 Yo ya te digo que soy de izquierdas y me toca los cojones al igual que a ti el tema de la banderita de la segunda república.
lgtbi,https://www.meneame.net/story/colau-sustituye-concejalia-juventud-ciclo-vida-feminismos-lgtbi,2431675,17118167,266,28.0,Katorce,2015-06-17T21:34:41+00:00,7,43,"#28 Exactamente, yo me considero un votante coherente. Y te mientras que a Carmena probablemente la votaría, la Colau me parece una persona que no sabe donde tiene el norte y que hace tonterias.

Concejalía de temas sociales. Punto. 

Otra cosa que me parece que está fuera de lugar es que se hace una manifestación, de lo que sea, y ahí aparecen un montón de tíos con la bandera de la segunda república. Vamos a ver, esta manifestación es de lo que es, la de la republica tiene su día. No la desvirtuéis. 

Y por cosas como esta, ni yo, ni mucha gente comulgamos con ""la izquierda"", a pesar de que en mi caso defienda políticas de igual social y ayuda a los más necesitados."
lgtbi,https://www.meneame.net/story/colau-sustituye-concejalia-juventud-ciclo-vida-feminismos-lgtbi,2431675,17118166,265,210.0,ikerJ,2015-06-17T21:34:20+00:00,1,13,"#210 Al final, hagan lo que hagan, les van a caer palos por todas partes. Y la única manera de seguir adelante es perdiendo la empatía con la gente a la que gobiernas. Y entonces te vuelves un psicópata. Y entonces llega otro partido que promete cosas bonitas y echan a los psicópatas. Y la rueda gira y gira..."
lgtbi,https://www.meneame.net/story/colau-sustituye-concejalia-juventud-ciclo-vida-feminismos-lgtbi,2431675,17118152,264,227.0,--223651--,2015-06-17T21:32:44+00:00,1,13,"#227 Jo la veritat és que no tinc ni idea si són bons o si convenen.

Trobo que caldria explicar millor per què no convenen uns jocs d'hivern, especialment des del punt de vista econòmic i propagandístic.

Calen xifres! 

------------------------------------------------------------

Yo la verdad es que no tengo ni idea de si son buenos o si convienen.

Creo que sería necesario explicar mejor por qué no convienen unos juegos de invierno, especialmente desde el punto de vista económico y propagandístico.

Hacen falta cifras!"
lgtbi,https://www.meneame.net/story/colau-sustituye-concejalia-juventud-ciclo-vida-feminismos-lgtbi,2431675,17118118,263,233.0,--223651--,2015-06-17T21:30:10+00:00,1,13,"#233

El cicle de la vida fa referència a les diverses etapes que passa l'ésser humà i els rols i circumstàncies que se'n deriva. No és tracta només d'atendre a l'edat de les persones, sinó sobretot al rol que fan a la vida, per exemple:

- Joves dependents.
- Joves emancipats.
- Persones amb càrregues familiars.
- Jubilats...

Cada una d'aquestes etapes té associades responsabilitats i necessitats diferents que convé atendre de forma particular.

Per exemple, convé que es promocioni en el mercat laboral a un ni-ni de 18 anys en detriment d'una persona de 40 anys aturada i amb càrregues familiars?

Doncs em temo que fins ara s'ha fet una discrimiació positiva de joves en el mercat laboral que perjudica a caps de família que són el veritable pal de paller de la societat. 

------------------------------------------------------------------

El ciclo de la vida hace referencia a las diversas etapas de pasa el ser humano y los roles y circunstancias derivados de ello. No se trata solo de atender la edad de las personas, sino sobre todo el rol que hacen en la vida, por ejemplo:

- Jóvenes dependientes.
- Jóvenes emancipados
- Personas con cargas familiares.
- Jubilados...

Cada una de estas etapas tiene asociadas responsabilidades y necesidades diferentes que conviene atender de forma particular.

Por ejemplo, ¿conviene que se promocione en el mercado laboral a un ni-ni de 18 años en detrimento de una persona de 40 años desempleada y con cargas familiares?

Pues me temo que hasta ahora se ha hecho una discriminación positiva de jóvenes en el mercado laboral que perjudica a cabezas de familia que son el verdadero pilar de la sociedad."
lgtbi,https://www.meneame.net/story/colau-sustituye-concejalia-juventud-ciclo-vida-feminismos-lgtbi,2431675,17118111,262,,--224275--,2015-06-17T21:29:13+00:00,0,10,Estos de Elmundotoday se superan cada día {lol}
lgtbi,https://www.meneame.net/story/colau-sustituye-concejalia-juventud-ciclo-vida-feminismos-lgtbi,2431675,17118105,261,31.0,osids,2015-06-17T21:28:31+00:00,1,10,"#31 y que mierda de casas ves tu?en mi casa mi madre era fija y mi padre fijo discontinuo(curraba 8 meses al año durante 10 años hasta que le hicieron fijo) y el hacia odas las tareas de casa cuando no curraba y las compartíamos cuando los dos trabajan mi hermana y yo porque si fuera mi madre seria grave y di es mi padre no. 

No seamos gilipollas los ministerios tienen que ser de igualdad la discriminación nunca es positiva o es que nos hemos vuelto todos locos"
lgtbi,https://www.meneame.net/story/colau-sustituye-concejalia-juventud-ciclo-vida-feminismos-lgtbi,2431675,17118074,260,253.0,rutas,2015-06-17T21:24:56+00:00,2,26,"#253 Los pajilleros y los autónomos, los eternos olvidados. Es la pega de ir por libre."
lgtbi,https://www.meneame.net/story/colau-sustituye-concejalia-juventud-ciclo-vida-feminismos-lgtbi,2431675,17118073,259,234.0,--223651--,2015-06-17T21:24:34+00:00,1,18,"#234 A qui realment no es respecta són als asexuals.

Hi ha una població significativa de ciutadans que no els agrada el sexe ni el practiquen de cap manera.

I aquests pateixen molt la pressió derivada de la hipersexualització de la societat promoguda pels empresaris que en fan negoci. 

-----------------------------

A quien realmente no respeta es a los asexuales.

Hay una población significativa de ciudadanos a quienes no gusta el sexo ni lo practican de ninguna manera.

Y éstos sufren mucho la presión derivada de la hipersexualización promovida por los empresarios que hacen negocio de esta situación."
lgtbi,https://www.meneame.net/story/colau-sustituye-concejalia-juventud-ciclo-vida-feminismos-lgtbi,2431675,17118058,258,240.0,--223651--,2015-06-17T21:21:20+00:00,2,4,"#240 Pero no creus que d'ençà molt temps ja es fa política per evitar la discriminació d'aquests col·lectius?

Sincerament, ja no sé què més es pot inventar. 

-----------------------------------------------

¿Pero no crees que desde hace tiempo ya se vienen haciendo políticas para evitar la discriminación de estos colectivos?

Sinceramente, ya no se qué más se puede inventar."
lgtbi,https://www.meneame.net/story/colau-sustituye-concejalia-juventud-ciclo-vida-feminismos-lgtbi,2431675,17118046,257,245.0,--223651--,2015-06-17T21:16:27+00:00,1,13,"#245 El sexisme comença a la primera infància, fins i tot amb els nadons. Només cal mirar els anuncis de joguines a la tele...són bestialment sexistes!

De què serveix combatre el sexisme dels adults si la base ja està corrumpuda? 

------------------------------------------------------

El sexismo empieza en la primera infancia, incluso con los recién nacidos. No hay más que mirar los anuncios de juguetes en la tele... Son bestialmente sexistas!

Para qué sirve combatir el sexismo de los adultos si la base ya está corrupta?"
lgtbi,https://www.meneame.net/story/colau-sustituye-concejalia-juventud-ciclo-vida-feminismos-lgtbi,2431675,17118041,256,190.0,--91677--,2015-06-17T21:15:53+00:00,0,10,"#190 si te sirve de algo, que lo dudo, también te votaría negativo si hubieras escrito en japonés"
lgtbi,https://www.meneame.net/story/colau-sustituye-concejalia-juventud-ciclo-vida-feminismos-lgtbi,2431675,17118020,255,46.0,Capitan_Centollo,2015-06-17T21:13:06+00:00,4,26,"#46 Yo preferiría que la concejalía en cuestión se hubiese llamado de ""igualdad de sexos"" y, entre otras cosas, se encargase de fomentar la educación de los ciudadanos en estos aspectos. El tiempo dirá si de aquí sale algo constructivo o no."
lgtbi,https://www.meneame.net/story/colau-sustituye-concejalia-juventud-ciclo-vida-feminismos-lgtbi,2431675,17118012,254,,bulo,2015-06-17T21:12:34+00:00,0,6,"Agenda Agenda Agenda. Y sigue, es parte del adoctrinamiento."
lgtbi,https://www.meneame.net/story/colau-sustituye-concejalia-juventud-ciclo-vida-feminismos-lgtbi,2431675,17118006,253,165.0,--35879--,2015-06-17T21:11:21+00:00,0,10,"#165 ¿Pero la P no era de pajilleros? ¡Coño, que también queremos nuestro reconocimiento!"
lgtbi,https://www.meneame.net/story/colau-sustituye-concejalia-juventud-ciclo-vida-feminismos-lgtbi,2431675,17117979,252,246.0,nilien,2015-06-17T21:07:19+00:00,1,18,"#246 Na, no te preocupes. Yo también tengo peligro con el móvil... {lol}"
lgtbi,https://www.meneame.net/story/colau-sustituye-concejalia-juventud-ciclo-vida-feminismos-lgtbi,2431675,17117964,251,,--423154--,2015-06-17T21:05:13+00:00,1,-7,"¿Y los heterosexuales y jóvenes quedan fuera? Se supone que eso es discriminación. Pero bueno con lo de...  ""Ciclo de la Vida"" se lucen los pro abortistas."
lgtbi,https://www.meneame.net/story/colau-sustituye-concejalia-juventud-ciclo-vida-feminismos-lgtbi,2431675,17117962,250,20.0,MaximumPetrus,2015-06-17T21:05:08+00:00,6,44,"#20 Concejalía de Defensa contra las Artes Oscuras.
Concejalía de La Villa Oculta de la Hoja.
Concejalía de Ikebana tántrico.

Y un clásico: Ministerio de Andares Raros"
lgtbi,https://www.meneame.net/story/colau-sustituye-concejalia-juventud-ciclo-vida-feminismos-lgtbi,2431675,17117958,249,160.0,Frederic_Bourdin,2015-06-17T21:05:02+00:00,2,10,#160 NO marees al personal que esas concejalías ya existían.
lgtbi,https://www.meneame.net/story/colau-sustituye-concejalia-juventud-ciclo-vida-feminismos-lgtbi,2431675,17117938,248,206.0,--153590--,2015-06-17T21:01:03+00:00,1,13,"#206 Pues un requerimiento de mejora sobre tu capacidad de comprensión, ya que aludes a la mía .. Si una mujer está hasta el gorro de hacer las cosas de la casa ella sola que mande al carajo al marido, a la pareja con la que viva o a quien sea. Entra dentro de su ámbito personal y doméstico. ¿Por qué ha de salir de mi bolsillo un sueldo para un pelele de mujer así?

Si por ocuparse de la casa no pudo trabajar, ya tienen pensión de viudedad, pensión no contributiva, etcétera. ¿Hay que pagar también mientras viven su vida y se ocupan de sus asuntos?"
lgtbi,https://www.meneame.net/story/colau-sustituye-concejalia-juventud-ciclo-vida-feminismos-lgtbi,2431675,17117883,247,242.0,--390318--,2015-06-17T20:53:18+00:00,0,6,#242 ¡Fijo! {confused}
lgtbi,https://www.meneame.net/story/colau-sustituye-concejalia-juventud-ciclo-vida-feminismos-lgtbi,2431675,17117882,246,134.0,kaeldras,2015-06-17T20:53:17+00:00,1,18,"#134 noooo te quería votar positivo y el móvil de los huevos ha girado la pantalla, perdón {palm} te voto positivo x3"
lgtbi,https://www.meneame.net/story/colau-sustituye-concejalia-juventud-ciclo-vida-feminismos-lgtbi,2431675,17117836,245,144.0,--477411--,2015-06-17T20:45:32+00:00,1,-4,"#144 El sexisme comença a la primera infància, fins i tot amb els nadons. Només cal mirar els anuncis de joguines a la tele...són bestialment sexistes!

De què serveix combatre el sexisme dels adults si la base ja està corrumpuda?"
lgtbi,https://www.meneame.net/story/colau-sustituye-concejalia-juventud-ciclo-vida-feminismos-lgtbi,2431675,17117819,244,144.0,--115246--,2015-06-17T20:43:43+00:00,1,10,"#144 Madre mía, cuantos problemas tienes, me acabas de decir que es falso que explique la definición de una palabra"
lgtbi,https://www.meneame.net/story/colau-sustituye-concejalia-juventud-ciclo-vida-feminismos-lgtbi,2431675,17117813,243,25.0,rocambolescus,2015-06-17T20:43:09+00:00,4,36,#25 Eso implicitamente significaría que también se lucha por y se defienden los derechos de los hombres. Y ya sabemos todos que eso es malo. El hombre siempre es malo.
lgtbi,https://www.meneame.net/story/colau-sustituye-concejalia-juventud-ciclo-vida-feminismos-lgtbi,2431675,17117812,242,176.0,--477411--,2015-06-17T20:43:02+00:00,1,-4,#176  Si la homosexualitat ha sobreviscut a l'evolució de l'espècie humana potser és perquè fa una funció important.
lgtbi,https://www.meneame.net/story/colau-sustituye-concejalia-juventud-ciclo-vida-feminismos-lgtbi,2431675,17117802,241,239.0,oliver7,2015-06-17T20:42:18+00:00,1,10,#239 Estás muy ácido tú hoy eh! {tongue} Cállate y bésame! {lol}
lgtbi,https://www.meneame.net/story/colau-sustituye-concejalia-juventud-ciclo-vida-feminismos-lgtbi,2431675,17117790,240,149.0,--477411--,2015-06-17T20:40:58+00:00,1,-4,"#149 Pero no creus que d'ençà molt temps ja es fa política per evitar la discriminació d'aquests col·lectius?

Sincerament, ja no sé què més es pot inventar."
lgtbi,https://www.meneame.net/story/colau-sustituye-concejalia-juventud-ciclo-vida-feminismos-lgtbi,2431675,17117777,239,229.0,Acido,2015-06-17T20:39:43+00:00,2,29,"#229 ¿Cómo vas a percibirlo en tu entorno? ¿Acaso conoces alguien en tu entorno que tenga pene y vagina? 

Ahora imagina que tú tuvieses pene y vagina ¿a quién acudes? ¿a quién pides información? ¿a quién pides ayuda si te quieres operar? ¿qué trámites tienes que hacer si te quieres cambiar el nombre porque a lo mejor ya no te quieres llamar Oliver y te quieres llamar Olivia?"
lgtbi,https://www.meneame.net/story/colau-sustituye-concejalia-juventud-ciclo-vida-feminismos-lgtbi,2431675,17117776,238,169.0,--115246--,2015-06-17T20:39:28+00:00,0,7,"#169 
2. m. Movimiento que exige para las mujeres iguales derechos que para los hombres.

{lol} y me pones lo mismo que te he quoteado y explicado en #119, venga, ahora si que me has hecho un poco más feliz.

EDITO: Vale, es que estas respondiendo al limitado de antes, sorry."
lgtbi,https://www.meneame.net/story/colau-sustituye-concejalia-juventud-ciclo-vida-feminismos-lgtbi,2431675,17117774,237,,erlukillas,2015-06-17T20:39:16+00:00,1,10,"Madre mía, pensaba que era del Mundo Today.
Entre esto y la tal Alba López Mendiola que se presenta a sustititur a Zapata definiéndose como ""Bollera, camionera, desviada, leñadora y feminazi"" preveo una rápida vuelta del PPSOE por la verguenza ajena que están dando los nuevos partidos."
lgtbi,https://www.meneame.net/story/colau-sustituye-concejalia-juventud-ciclo-vida-feminismos-lgtbi,2431675,17117771,236,150.0,--477411--,2015-06-17T20:39:01+00:00,1,-4,"#150 En principi no és una mala idea, tot i que potser no cal particularitzar tant i parlar simplement de ""medi ambient"".

A les ciutats es pot fer molt per evitar emissions contaminants que promouen el canvi climàtic, especialment regulant el trànsit a les ciutats i promovent l'ús de la bicicleta."
lgtbi,https://www.meneame.net/story/colau-sustituye-concejalia-juventud-ciclo-vida-feminismos-lgtbi,2431675,17117756,235,192.0,--115246--,2015-06-17T20:37:02+00:00,1,1,#192 ¿Y? goto #124
lgtbi,https://www.meneame.net/story/colau-sustituye-concejalia-juventud-ciclo-vida-feminismos-lgtbi,2431675,17117742,234,152.0,--477411--,2015-06-17T20:35:31+00:00,1,-4,"#152 A qui realment no es respecta són als asexuals .

Hi ha una població significativa de ciutadans que no els agrada el sexe ni el practiquen de cap manera.

I aquests pateixen molt la pressió derivada de la hipersexualització de la societat promoguda pels empresaris que en fan negoci."
lgtbi,https://www.meneame.net/story/colau-sustituye-concejalia-juventud-ciclo-vida-feminismos-lgtbi,2431675,17117728,233,154.0,--477411--,2015-06-17T20:33:21+00:00,3,7,"#154 El cicle de la vida fa referència a les diverses etapes que passa l'ésser humà i els rols i circumstàncies que se'n deriva. No és tracta només d'atendre a l'edat de les persones, sinó sobretot al rol que fan a la vida, per exemple:

- Joves dependents.
- Joves emancipats.
- Persones amb càrregues familiars.
- Jubilats...

Cada una d'aquestes etapes té associades responsabilitats i necessitats diferents que convé atendre de forma particular.

Per exemple, convé que es promocioni en el mercat laboral a un ni-ni de 18 anys en detriment d'una persona de 40 anys aturada i amb càrregues familiars? 

Doncs em temo que fins ara s'ha fet una discrimiació positiva de joves en el mercat laboral que perjudica a caps de família que són el veritable pal de paller de la societat."
lgtbi,https://www.meneame.net/story/colau-sustituye-concejalia-juventud-ciclo-vida-feminismos-lgtbi,2431675,17117724,232,228.0,--423864--,2015-06-17T20:32:26+00:00,0,7,"#228 No, yo no me meto en política, no quiero convertirme en una mala persona."
lgtbi,https://www.meneame.net/story/colau-sustituye-concejalia-juventud-ciclo-vida-feminismos-lgtbi,2431675,17117710,231,135.0,Apostolakis,2015-06-17T20:30:31+00:00,1,17,#135 #67 es HODOR
lgtbi,https://www.meneame.net/story/colau-sustituye-concejalia-juventud-ciclo-vida-feminismos-lgtbi,2431675,17117708,230,179.0,oliver7,2015-06-17T20:30:21+00:00,0,11,#179 lol {lol}
lgtbi,https://www.meneame.net/story/colau-sustituye-concejalia-juventud-ciclo-vida-feminismos-lgtbi,2431675,17117705,229,100.0,oliver7,2015-06-17T20:29:57+00:00,0,11,"#100 No digo que no exista, tal vez me expliqué mal. Quería decir, que al menos yo en mi entorno no lo percibía. Como ya expliqué en #36"
lgtbi,https://www.meneame.net/story/colau-sustituye-concejalia-juventud-ciclo-vida-feminismos-lgtbi,2431675,17117703,228,141.0,Apostolakis,2015-06-17T20:29:50+00:00,0,8,#141 @cocopino tienes mi apoyo.
lgtbi,https://www.meneame.net/story/colau-sustituye-concejalia-juventud-ciclo-vida-feminismos-lgtbi,2431675,17117681,227,156.0,--477411--,2015-06-17T20:27:29+00:00,2,-5,"#156 Jo la veritat és que no tinc ni idea si són bons o si convenen.

Trobo que caldria explicar millor per què no convenen uns jocs d'hivern, especialment des del punt de vista econòmic i propagandístic.

Calen xifres!"
lgtbi,https://www.meneame.net/story/colau-sustituye-concejalia-juventud-ciclo-vida-feminismos-lgtbi,2431675,17117654,226,134.0,inconnito,2015-06-17T20:24:47+00:00,0,9,#134 Lo que yo no entiendo es que se llame machismo a la discriminacion que sufren las mujeres frente a los varones pero luego los ejemplos de micromachismo que pones son justamente de discriminacion a los hombres en favor de las mujeres. Pero todo es machismo...
lgtbi,https://www.meneame.net/story/colau-sustituye-concejalia-juventud-ciclo-vida-feminismos-lgtbi,2431675,17117652,225,218.0,sektorgaza,2015-06-17T20:24:27+00:00,3,27,#218 PARTICIPO EN UN FORO DE DEBATE DE HISPANOPARLANTES HABLANDO EN CATALÁN PORQUE QUIERO QUE TODOS VEAIS LO REBELDE QUE SOY
lgtbi,https://www.meneame.net/story/colau-sustituye-concejalia-juventud-ciclo-vida-feminismos-lgtbi,2431675,17117649,224,160.0,--477411--,2015-06-17T20:24:18+00:00,2,-5,"#160 Esteu acostumats a la vella política. De mica en mica us anireu acostumant a la nova. Els canvis costen, tingueu paciència, a veure que tal ho fan. Mai no havia governat l'esquerra autèntica...serà interessat percebre els canvis."
lgtbi,https://www.meneame.net/story/colau-sustituye-concejalia-juventud-ciclo-vida-feminismos-lgtbi,2431675,17117644,223,218.0,sektorgaza,2015-06-17T20:23:43+00:00,4,37,"#218 Я понимаю каталонский. Что я не понимаю - почему ты говори со мной на каталонском, если ты не знаешь я ли понял? Сука"
lgtbi,https://www.meneame.net/story/colau-sustituye-concejalia-juventud-ciclo-vida-feminismos-lgtbi,2431675,17117634,222,191.0,centito,2015-06-17T20:22:28+00:00,1,19,"#191 Yo acepto tus disculpas encantado. Solo quedan las más de 175.000 personas que han votado a Barcelona en Comú convencidos de que se les darían los preceptivos 100 días de margen para valorar su gestión. Pero va a ser que no van a poder hacer ni un solo movimiento sin que se les desacredite inmediatamente, con y sin argumentos, eso da igual."
lgtbi,https://www.meneame.net/story/colau-sustituye-concejalia-juventud-ciclo-vida-feminismos-lgtbi,2431675,17117628,221,164.0,--477411--,2015-06-17T20:21:19+00:00,0,6,#164 I no oblidis que CiU es trenca.
lgtbi,https://www.meneame.net/story/colau-sustituye-concejalia-juventud-ciclo-vida-feminismos-lgtbi,2431675,17117615,220,168.0,--477411--,2015-06-17T20:18:58+00:00,1,-4,#168 Home...espera a que governin. Ni tan sols els dones els 100 dies de prova que mereix tot govern nou.
lgtbi,https://www.meneame.net/story/colau-sustituye-concejalia-juventud-ciclo-vida-feminismos-lgtbi,2431675,17117606,219,,jaspeao,2015-06-17T20:17:43+00:00,1,20,Menuda época. {professor} se va a poner las botas.
lgtbi,https://www.meneame.net/story/colau-sustituye-concejalia-juventud-ciclo-vida-feminismos-lgtbi,2431675,17117604,218,173.0,--477411--,2015-06-17T20:17:23+00:00,3,-21,"#173 Totes les dones són masclistes, almenys en certa mesura."
lgtbi,https://www.meneame.net/story/colau-sustituye-concejalia-juventud-ciclo-vida-feminismos-lgtbi,2431675,17117603,217,1.0,popop,2015-06-17T20:17:02+00:00,14,73,"#1 Cuando el nombre representa sólo a ciertos colectivos, sí. Soy izquierdoso, pero esto es ridículo.

A ver qué pasaba si fuese la concejalía de machismos y heteros."
lgtbi,https://www.meneame.net/story/colau-sustituye-concejalia-juventud-ciclo-vida-feminismos-lgtbi,2431675,17117588,216,205.0,SpanishJedi,2015-06-17T20:15:10+00:00,3,42,"#205 Y una mierda ""en el mismo trabajo"". La teoría de la brecha salarial no atiende a trabajos del mismo valor, por lo que añadir ""en el mismo trabajo"" es una mentira que sólo os creéis algunos. Así que no hay mucho que solucionar, salvo cuando haya un caso de flagrante discriminación, que los ha habido en su momento. Pero es absurdo suponer que en la sociedad en general se da esa norma, con el correctismo político que se da actualmente a este asunto (que es de agradecer, porque en este sentido nos asegura una persecución de los casos particulares)."
lgtbi,https://www.meneame.net/story/colau-sustituye-concejalia-juventud-ciclo-vida-feminismos-lgtbi,2431675,17117579,215,207.0,--174--,2015-06-17T20:13:49+00:00,0,10,"#207: Epa! Mi comentario iba para #160, no para ti."
lgtbi,https://www.meneame.net/story/colau-sustituye-concejalia-juventud-ciclo-vida-feminismos-lgtbi,2431675,17117568,214,13.0,Cide,2015-06-17T20:12:41+00:00,0,10,#13 empezó hace mucho a serlo.
lgtbi,https://www.meneame.net/story/colau-sustituye-concejalia-juventud-ciclo-vida-feminismos-lgtbi,2431675,17117567,213,200.0,--477411--,2015-06-17T20:12:38+00:00,1,-4,#200 Molt cert...des del món virtual es veu fàcil el món real. És tan fàcil jutjar el món prenent-te una cerveseta davant l'ordinador!
lgtbi,https://www.meneame.net/story/colau-sustituye-concejalia-juventud-ciclo-vida-feminismos-lgtbi,2431675,17117544,212,198.0,sektorgaza,2015-06-17T20:09:41+00:00,1,19,#198 lo que creo y considero es que deberías dejar menéame y no regresar hasta que cuentes con un SARCASMÓMETRO.
lgtbi,https://www.meneame.net/story/colau-sustituye-concejalia-juventud-ciclo-vida-feminismos-lgtbi,2431675,17117527,211,199.0,Jakeukalane,2015-06-17T20:08:06+00:00,0,8,"#199 ah, pensé que era por la gran capacidad para mentir y maquillar la realidad (de Ramsés II)."
lgtbi,https://www.meneame.net/story/colau-sustituye-concejalia-juventud-ciclo-vida-feminismos-lgtbi,2431675,17117515,210,201.0,--477411--,2015-06-17T20:07:11+00:00,2,-14,"#201 Cal donar-los un temps de prova, a veure com ho fan.

Jo, a priori, tinc alguns dubtes:

- Com reaccionarà Colau quan funcionaris, escombraires, transportistes facin vaga per demanar un augment de sou?

- Reprimirà les manifestacions violentes?

- Permetrà l'ocupació massiva d'habitatges?

- Hi haurà un efecte crida?"
lgtbi,https://www.meneame.net/story/colau-sustituye-concejalia-juventud-ciclo-vida-feminismos-lgtbi,2431675,17117510,209,38.0,--181777--,2015-06-17T20:06:42+00:00,0,11,"#38 quizá así llamando la atención se visibiliza más lo que se hace,  expandiendo ideas y llegando más lejos...  Y goooool!"
lgtbi,https://www.meneame.net/story/colau-sustituye-concejalia-juventud-ciclo-vida-feminismos-lgtbi,2431675,17117507,208,200.0,--74693--,2015-06-17T20:06:34+00:00,1,18,"#200 Yo no he pensado eso, no tergiverses ni reinterpretes más allá de mis palabras, las escojo con cuidado justo para eso. ""estas tonta o que? mandalos a la mierda"" Eso me parece totalmente fuera de lugar, es una reducción a lo absurdo de todo un comentario y los siguientes. Copio y pego la parte que al parecer, te has perdido: El primer culpable está delante del espejo, y si ya se han tomado medidas para intentar cambiar eso...ya puedes echarle la culpa a los demás. Y puedes encontrar en #111 y #167 más explicaciones y ejemplos."
lgtbi,https://www.meneame.net/story/colau-sustituye-concejalia-juventud-ciclo-vida-feminismos-lgtbi,2431675,17117504,207,189.0,joffer,2015-06-17T20:06:30+00:00,0,10,"#189 no es corrupción es cinismo, el tuyo."
lgtbi,https://www.meneame.net/story/colau-sustituye-concejalia-juventud-ciclo-vida-feminismos-lgtbi,2431675,17117488,206,171.0,piticlibonito,2015-06-17T20:04:49+00:00,0,7,"#171 con todos mis respetos, pero si de verdad esa es la capacidad de comprensión, mal vamos...
No se trata de que paguen a la mujer porque sí. Faltaría más que a cualquier mujer haya que pagarle simplemente porque haga las tareas de su casa igual que las hace cualquier hijo de vecino. El problema viene cuando se da por hecho que por ser la mujer es la que tiene que encargarse de ellas mientras los demás habitantes de la casa se tocan la minga a dos manos"
lgtbi,https://www.meneame.net/story/colau-sustituye-concejalia-juventud-ciclo-vida-feminismos-lgtbi,2431675,17117483,205,22.0,--181777--,2015-06-17T20:04:14+00:00,9,-49,"#22 sigues cobrando un 30% más como hombre en el mismo trabajo,  como lo solucionas?"
lgtbi,https://www.meneame.net/story/colau-sustituye-concejalia-juventud-ciclo-vida-feminismos-lgtbi,2431675,17117482,204,76.0,--202084--,2015-06-17T20:04:13+00:00,8,54,"#76 No lo podía describir mejor, muchos estamos cansados de esa ""igualdad"" en que se hace sufrir al hombre ""por si acaso"" y basándose en prejuicios."
lgtbi,https://www.meneame.net/story/colau-sustituye-concejalia-juventud-ciclo-vida-feminismos-lgtbi,2431675,17117478,203,193.0,--477411--,2015-06-17T20:03:51+00:00,4,3,"#193 Doncs no sé que contestar-te. Només sé que han canviat el nom però no tinc idea si faran algun altre tipus de política en relació a l'edat de les persones i el seu moment de desenvolupament. Però no té sentit promocionar a un col·lectiu i perjudicar alhora a un altre.

Em semblaria un enfocament interessant tenir en compte l'edat de les persones a l'hora de fer política. Per exemple, què convé més, donar treball a una persona aturada que té 40 anys i carregues familiars o a un jove de 18 ni-ni que no en té?

Potser convé més sensibilitat en aquests temes. Actualment es promociona molt als joves, i en un joc de suma 0 com és el mercat laboral actual, representa una clara discriminació dels aturats majors de 40 anys. Això s'ha de revisar."
lgtbi,https://www.meneame.net/story/colau-sustituye-concejalia-juventud-ciclo-vida-feminismos-lgtbi,2431675,17117476,202,38.0,japeto,2015-06-17T20:03:45+00:00,2,22,"#38 Sí, sonaría más a... ABSOLUTAMENTE NADA. A Rajoy le parecería más aceptable, eso sí."
lgtbi,https://www.meneame.net/story/colau-sustituye-concejalia-juventud-ciclo-vida-feminismos-lgtbi,2431675,17117472,201,,ikerJ,2015-06-17T20:03:23+00:00,2,3,"Mirad que yo creo que sí que hacía falta un cambio, pero espero que no pase en Barcelona como pasó en las acampadas del 15-M, que empezó como un movimiento revolucionario y se acabó llenando de cosas como 'comisión del amor', 'talleres de biodanza' y cosas multicolores como ésas."
lgtbi,https://www.meneame.net/story/colau-sustituye-concejalia-juventud-ciclo-vida-feminismos-lgtbi,2431675,17117461,200,46.0,--262934--,2015-06-17T20:02:26+00:00,3,26,"#46 Me parece un tanto cruel por tu parte dejar como principal culpable a la misma mujer. Mi novia y sus padres vienen de una tradición de servidumbre al padre y hermanos. Es normal que pienses ""estas tonta o que? mandalos a la mierda"", pero tío, las cosas son diferentes cuando no lo piensas tan rápido desde tu pc...."
lgtbi,https://www.meneame.net/story/colau-sustituye-concejalia-juventud-ciclo-vida-feminismos-lgtbi,2431675,17117460,199,175.0,--301232--,2015-06-17T20:02:06+00:00,2,28,#175 Por la grandeza y eso.
lgtbi,https://www.meneame.net/story/colau-sustituye-concejalia-juventud-ciclo-vida-feminismos-lgtbi,2431675,17117457,198,176.0,rafapalacios,2015-06-17T20:01:42+00:00,0,6,"#176 Consideras que es mejor inculcar a los niños que han nacido con un trauma para relacionarse con el sexo complementario, a base de trastornar su sexualidad?
Crees que eso es justo y bueno?"
lgtbi,https://www.meneame.net/story/colau-sustituye-concejalia-juventud-ciclo-vida-feminismos-lgtbi,2431675,17117450,197,19.0,armando.s.segura,2015-06-17T20:01:01+00:00,3,43,"#19 Absolutamente de acuerdo, estas tonterías de lo políticamente correcto en la izquierda y querer ser lo más inclusivos posible con las minorías, hacen que al final la propia izquierda se convierta en lo que pretende defender: En minorías. Muchas minorías que por la ley electoral no hacen una mayoría."
lgtbi,https://www.meneame.net/story/colau-sustituye-concejalia-juventud-ciclo-vida-feminismos-lgtbi,2431675,17117435,196,186.0,--477411--,2015-06-17T19:58:48+00:00,1,-4,"#186 Encara hi ha joves bastant sexistes. Jo he sentit un home de 30 anys dir que quan treballés faria que la seva dona no treballi.

Hi ha encara molt sexisme. Hi el sexisme comença amb els nadons. Les joguines per la mainada i la publicitat que se'n fa és molt sexista."
lgtbi,https://www.meneame.net/story/colau-sustituye-concejalia-juventud-ciclo-vida-feminismos-lgtbi,2431675,17117433,195,54.0,--262934--,2015-06-17T19:58:47+00:00,2,21,#54 menuda basura de canal que enlazas dios mio.
lgtbi,https://www.meneame.net/story/colau-sustituye-concejalia-juventud-ciclo-vida-feminismos-lgtbi,2431675,17117432,194,19.0,japeto,2015-06-17T19:58:42+00:00,6,1,"#19 Realmente sólo le molesta a los progres como tú, meapilas que parecéis tener un miedo terrible a cualquier ""atrevimiento"" que suene o esté mal visto. Queréis cambiar el sistema sin que el sistema se enfade. La denominación que damos a las cosas, las palabras, no son en absoluto un asunto baladí. Te bastaría el manido 1984 para entender esto."
lgtbi,https://www.meneame.net/story/colau-sustituye-concejalia-juventud-ciclo-vida-feminismos-lgtbi,2431675,17117422,193,190.0,--477480--,2015-06-17T19:58:31+00:00,1,8,"#190 Però llavorens no té massa sentito tot això, doncs es perd l'essència de allò que es pretenia solucionar. No creus?"
lgtbi,https://www.meneame.net/story/colau-sustituye-concejalia-juventud-ciclo-vida-feminismos-lgtbi,2431675,17117407,192,99.0,--401580--,2015-06-17T19:56:24+00:00,2,9,"#99 el femenino de miembro es miembro, y las feministas querían el término miembra. {wink}"
lgtbi,https://www.meneame.net/story/colau-sustituye-concejalia-juventud-ciclo-vida-feminismos-lgtbi,2431675,17117406,191,187.0,--477480--,2015-06-17T19:56:17+00:00,0,9,"#187 Mayor insulto a la inteligencia es crear este travestí de concejalía que ha creado la Sra. Colau. Lamento haberme expresado en términos tan despectivos, me ha vencido el arrebato del momento. Mis disculpas."
lgtbi,https://www.meneame.net/story/colau-sustituye-concejalia-juventud-ciclo-vida-feminismos-lgtbi,2431675,17117401,190,69.0,--477411--,2015-06-17T19:55:19+00:00,5,-28,"#69 Doncs a mi em sembla que hi ha un canvi molt interessant, l'al·lusió al cicle de la vida , concepte que a més del jovent inclou les persones de mitja edat i les persones grans. Em sembla més respectuós."
lgtbi,https://www.meneame.net/story/colau-sustituye-concejalia-juventud-ciclo-vida-feminismos-lgtbi,2431675,17117398,189,180.0,--174--,2015-06-17T19:54:42+00:00,1,9,"#180: Me jode enooooorrrrmemente estas gilipolleces. No es gilipollez es corrupción. Era inevitable.

#20:  Y la medicina holística, no te olvides. Luego ya más adelante se ampliará con el Ministerio del Exorcismo y Bendiciones."
lgtbi,https://www.meneame.net/story/colau-sustituye-concejalia-juventud-ciclo-vida-feminismos-lgtbi,2431675,17117379,188,13.0,paLitroke,2015-06-17T19:52:30+00:00,3,14,"#13 estoy de acuerdo, ¿que se creen que es esto? ¿Finlandia? ¿Dinamarca? ¡Estamos en África, por Dios!"
lgtbi,https://www.meneame.net/story/colau-sustituye-concejalia-juventud-ciclo-vida-feminismos-lgtbi,2431675,17117370,187,69.0,centito,2015-06-17T19:51:27+00:00,1,19,"#69 Podrías intentar disimular tu talante intolerante y totalitario, simplemente no llamando imbécil a aquellos con quien discrepas. Creo que no se debe consentir el insulto como argumento, a no ser que se pretenda ir por debajo del nivel barra-bar en el que parece que algunos os sentís más cómodos."
lgtbi,https://www.meneame.net/story/colau-sustituye-concejalia-juventud-ciclo-vida-feminismos-lgtbi,2431675,17117341,186,,Die_Spinne,2015-06-17T19:46:45+00:00,1,19,"En mi casa, mientras vivio mi marido , el cocinaba, fregaba, hacia la compra y demás( y no soy ninguna jovencita). No niego que exista el machismo (desgraciadamente casos de malos tratos lo pueban) pero la mayoria de los hombre de menos de 60 años ya tienen perfectamente asumida la igualdad de la mujer."
lgtbi,https://www.meneame.net/story/colau-sustituye-concejalia-juventud-ciclo-vida-feminismos-lgtbi,2431675,17117339,185,182.0,Horned,2015-06-17T19:46:35+00:00,0,9,"#182 Digo que no es tan difícil de entender, no que puedas ligar con cualquiera que tú quieras {wink}

Podrías considerar hormonarte y hacer una operación de reasignación de sexo. Además, como he dicho antes, esos hombres pueden ser heterosexuales, bisexuales, etc."
lgtbi,https://www.meneame.net/story/colau-sustituye-concejalia-juventud-ciclo-vida-feminismos-lgtbi,2431675,17117338,184,162.0,--469435--,2015-06-17T19:46:28+00:00,0,6,"#162 Anda ya,si alguno es un amor."
lgtbi,https://www.meneame.net/story/colau-sustituye-concejalia-juventud-ciclo-vida-feminismos-lgtbi,2431675,17117319,183,,ravalak,2015-06-17T19:42:29+00:00,0,6,Esta no se come el turrón en el ayuntamiento
lgtbi,https://www.meneame.net/story/colau-sustituye-concejalia-juventud-ciclo-vida-feminismos-lgtbi,2431675,17117310,182,178.0,Caresth,2015-06-17T19:41:04+00:00,0,9,"#178 Está claro que con buen rollo se arregla todo y que siempre hay un roto para un descosido, pero decir que no es difícil me parece un poco simplista. Si yo, con cuerpo de hombre, me sintiese mujer y me gustasen los hombres, iba a tener bastantes problemas porque a los hombres heterosexuales no les suelen gustar los hombres."
lgtbi,https://www.meneame.net/story/colau-sustituye-concejalia-juventud-ciclo-vida-feminismos-lgtbi,2431675,17117304,181,87.0,perico_de_los_palotes,2015-06-17T19:39:30+00:00,0,10,"#87 Si es por imaginar, imagina lo mismo, pero probando todas las combinaciones de género posibles Esa es la parte LGTBI del nombre de la concejalía - procura no perder el hilo."
lgtbi,https://www.meneame.net/story/colau-sustituye-concejalia-juventud-ciclo-vida-feminismos-lgtbi,2431675,17117287,180,19.0,joffer,2015-06-17T19:36:21+00:00,3,47,"#19 llevas toda la razón del mundo. Me jode enooooorrrrmemente estas gilipolleces. Asuntos sociales e igualdad para todos joder YA. Es que no hacen más que ponerse bombas ellos mismos.

Alguien que piense un poco, algo de marketing aunque sea mínimo."
lgtbi,https://www.meneame.net/story/colau-sustituye-concejalia-juventud-ciclo-vida-feminismos-lgtbi,2431675,17117286,179,34.0,--174--,2015-06-17T19:36:18+00:00,0,10,"#34: A ti lo que te pasa es que no te mola hacer listas y ya está. Eres un fóbico, reconócelo y sal del armario."
lgtbi,https://www.meneame.net/story/colau-sustituye-concejalia-juventud-ciclo-vida-feminismos-lgtbi,2431675,17117276,178,72.0,Horned,2015-06-17T19:33:25+00:00,0,9,"#72 Estás hablando de una mujer transexual y los hombres a los que esa mujer les puede gustar pueden ser hetero, bi o lo que sea. El tema es que haya buen rollo . El resto es política. 

No es difícil."
lgtbi,https://www.meneame.net/story/colau-sustituye-concejalia-juventud-ciclo-vida-feminismos-lgtbi,2431675,17117269,177,165.0,--174--,2015-06-17T19:32:30+00:00,0,10,"#165: Sí, muy bien, el prefijo pan- es griego, pero y los que optan por el omni-, que es latino? Y los que son metasexuales, seudosexuales, minisexuales, parasexuales o incluso archisexuales.
No quisiera criticar pero veo mucha discriminación."
lgtbi,https://www.meneame.net/story/colau-sustituye-concejalia-juventud-ciclo-vida-feminismos-lgtbi,2431675,17117268,176,97.0,sektorgaza,2015-06-17T19:32:11+00:00,0,7,"#97 Cuidado, que la moda de ser gay es peligrosa. Pero eh, nada que no cure una buena terapia de electroshock o una lobotomía de la región gay del cerebro, dormida e inactiva en los humanos sanos ."
lgtbi,https://www.meneame.net/story/colau-sustituye-concejalia-juventud-ciclo-vida-feminismos-lgtbi,2431675,17117263,175,62.0,Jakeukalane,2015-06-17T19:31:22+00:00,0,8,#62 ¿Qué tiene que ver Ramsés II con todo esto?
lgtbi,https://www.meneame.net/story/colau-sustituye-concejalia-juventud-ciclo-vida-feminismos-lgtbi,2431675,17117254,174,39.0,perico_de_los_palotes,2015-06-17T19:30:08+00:00,0,10,"#39 Por lo que entiendo pues estás concluyendo que la situación de todas las mujeres en el hogar, incluso ahora en el siglo XXI es esa, ¿no? Evidentememte, no. Pero coincidirás conmigo en que desafortundamente sigue habiendo mas mujeres mas cerca de esa situación que hombres. Cuantas mas y si eso merece una concejalía es sin duda debatible. Pero you repondía a una persona que hablaba de quien como y cuando hace las tareas domésticas. A nadie le corresponde ni medalla ni dinero. Es la vida privada, y si no les gusta, que no lo hagan. Que tomen las riendas de su vida, o apechuguen con su elección. Esa elección incluye tender una mano a quien creas que lo merece. A mi particularmente me va muy bien en el plano material y entre pagar para vivir en una urbanización cerrada y vigilada o pagar para que el ayuntamiento rectifique carencias sociales, creo mas racional y efectivo lo segundo (siempre y cuando se haga de manera transparente)."
lgtbi,https://www.meneame.net/story/colau-sustituye-concejalia-juventud-ciclo-vida-feminismos-lgtbi,2431675,17117245,173,,sektorgaza,2015-06-17T19:29:10+00:00,3,10,"Estoy hasta los cojones de la institucionalización del feminismo. Que hablen de combatir el SEXISMO, que engloba a cualquier discriminación de género. Pero ehhh, no no."
lgtbi,https://www.meneame.net/story/colau-sustituye-concejalia-juventud-ciclo-vida-feminismos-lgtbi,2431675,17117226,172,149.0,--35879--,2015-06-17T19:24:57+00:00,1,3,#149 Yo me pongo palote viendo documentales de bonobos ¿por qué no reconocen mi minoría?
lgtbi,https://www.meneame.net/story/colau-sustituye-concejalia-juventud-ciclo-vida-feminismos-lgtbi,2431675,17117223,171,166.0,--153590--,2015-06-17T19:24:27+00:00,2,22,"#166 Lo que quiero decir es que invierto en ello lo que me da la gana, y no espero que me llueva el dinero por algo que es para mí.

Como debería ser para una mujer y su casa. Yo también tengo que ponerme las lavadoras, y fregar mis platos. No me dan dinero por ello, pero sé que es normal, es mi casa, mi ropa, y mis platos."
lgtbi,https://www.meneame.net/story/colau-sustituye-concejalia-juventud-ciclo-vida-feminismos-lgtbi,2431675,17117213,170,71.0,Jointhouse_Blues,2015-06-17T19:23:34+00:00,0,7,#71 Y yo de la política. A ver si Skynet nos extingue de una puta vez. Porque tela...
lgtbi,https://www.meneame.net/story/colau-sustituye-concejalia-juventud-ciclo-vida-feminismos-lgtbi,2431675,17117201,169,119.0,inar,2015-06-17T19:22:02+00:00,1,1,"#119 (Continuando de #161)

El caso es que al final, me ha picado la duda y me ""has hecho"" ir a mirarlo {tongue} más no veo por ningún lado eso de ""feminismo no hace referencia al sexo"" que dices. Pero bueno, si así eres más feliz, todo perfecto y suerte para ti también {wink} {troll}

feminismo.
(Del lat. femĭna, mujer, hembra, e -ismo).
1. m. Doctrina social favorable a la mujer, a quien concede capacidad y derechos reservados antes a los hombres.
2. m. Movimiento que exige para las mujeres iguales derechos que para los hombres.
Real Academia Española  {0xa9}  Todos los derechos reservados

http://buscon.rae.es/drae/srv/search?val=feminismo"
lgtbi,https://www.meneame.net/story/colau-sustituye-concejalia-juventud-ciclo-vida-feminismos-lgtbi,2431675,17117186,168,1.0,--332056--,2015-06-17T19:19:15+00:00,51,240,"#1 Claro, seguro que las políticas de la Concejalía de Ciclo de la Vida (lol), feminismos (porque hace falta más de uno) y LGBTIXBBQ, al frente de la cual está una auto-proclamada ""mujer, boyera, feminsita y comunista"" van a ser equilibradas, sensatas y sobre todo, igualitarias. Seguro segurísimo. Barcelona no puede sino mejorar con este plan...

¿Tan difícil era una Concejalía de Igualdad, de Asuntos Sociales o de, no sé, Libertad y Fraternidad? ¿Hacía falta meter a una pirada que culpa de todos sus problemas al ""heteropatriarcado"" en el Ayuntamiento? Oye que igual todo sale fantástico y Barcelona se convierte en la ciudad más igualitaria, sana y moderna del mundo, pero con una fanática llevando el tema, lo dudo mucho.

Parece que la izquierda no puede librarse de la plaga de gilipollas, modernillos y cantamañanas, vaya tela."
lgtbi,https://www.meneame.net/story/colau-sustituye-concejalia-juventud-ciclo-vida-feminismos-lgtbi,2431675,17117184,167,134.0,--74693--,2015-06-17T19:19:01+00:00,5,46,"#134 Evidentemente que he generalizado, pues los casos de machismo grave por el hombre son pocos comparados con los que comete la mujer misma.

#151 te lo ha explicado de nuevo.

A mí, que me pongan un vídeo de una mujer enfadada fregando y me digan que eso es micromachismo, me demuestra que existe un problema, y no precisamente el supuesto micromachismo.
Que en un bar pongan una cocacola y una cerveza, pues eso es normalmente problema del camarero/a por no acordarse de quién ha pedido qué. Y sobretodo si no contextualizas la situación. Quién ha pedido? Ha llegado uno antes que el otro? Se ha ido al baño? En qué posición están situados los elementos detrás de la barra?
Luego sacan un vídeo de un hombre parando el coche cerca de una mujer. Quizás espera a alguien...quizás pregunte información, quizás intentaba ver el nombre de la calle o el número.
Pero nada, aquí criminalizamos al hombre, por ser hombre y punto.
Y luego lo del chico que se acerca a la chica en el bar...me parece ya insultante. El chico educado tal cual llega, se va, y es la chica la que pone cara de desprecio y asco. Pero qué me estás contando? Ni que te haya ofrecido dinero a cambio de sexo, joder. Ahora resulta que tampoco puede existir la interacción entre personas. Dirías lo mismo si en el vídeo es una mujer que se acerca a hablar con otra mujer?
Ah no coño, si no es un hombre, no se criminaliza ni demoniza su actuación. Manda cojones el puto doble rasero de esta corriente ""feminista"" que busca la ""igualdad"".

No aceptaré la discriminación y la criminalización del hombre como excusa para la igualdad.
Ya me parecen horréndas las listas ""cremalleras"" y hasta me trago que son necesarias.
Pero no aceptaré que no las llaméis por su nombre. Listas de discriminación. Que por poner ""discriminación positiva"" no deja de ser un oxímoron y una acción discriminatoria que no tiene nada que ver con la normalización de la igualdad entre sexos."
lgtbi,https://www.meneame.net/story/colau-sustituye-concejalia-juventud-ciclo-vida-feminismos-lgtbi,2431675,17117159,166,107.0,piticlibonito,2015-06-17T19:14:57+00:00,0,7,"#107 no has entendido absolutamente nada y negar que existe discriminación hacia la mujer es estar ciego. 
Por cierto, si vas a poner un ejemplo, mejor coge alguno que esté cogido con pinzas. Primero, en tu caso si estás trabajando en tus ratos libres en una startup es porque a ti te da la real gana y porque esperas que algún día salga adelante y lo consideras como una inversión. Y si quieres que te paguen por ello, moved el culo y terminad vuestro mvp y empezad a facturar o a levantar pasta.
Es más, si de verdad quieres que salga, con echarle ratos libres por las tardes no vais a llegar muy lejos..."
lgtbi,https://www.meneame.net/story/colau-sustituye-concejalia-juventud-ciclo-vida-feminismos-lgtbi,2431675,17117155,165,7.0,air,2015-06-17T19:14:04+00:00,4,35,"#7 #70 #73  Lo peor de todo es que este término no es inclusivo del todo y es criticado...para incluir todo lo que no es heterosexual y/o cisgénero, lo correcto es LGBTQIAAP , Lesbianas, Gays, Bisexuales, Transexuales, Queer, Intersexuales, Asexuales, Aliados (personas que apoyan el colectivo LGBTQIAAP) y Pansexuales.


Todo un lío vamos, peor que una sopa de letras {wall} {palm} {huh} {huh} {huh} {huh} {huh}"
lgtbi,https://www.meneame.net/story/colau-sustituye-concejalia-juventud-ciclo-vida-feminismos-lgtbi,2431675,17117146,164,,jorjuju,2015-06-17T19:12:34+00:00,0,6,"No sé si los nuevos partidos lograrán arreglar las cosas. Pero estoy seguro de algo: esto va a ser divertido. Ayer judíos en ceniceros, hoy profanaciones de capillas en tetas y mañana la Concejalía del Ciclo de la Vida. Y como acompañamiento, la dimisión de un pepero; una cada día, como el omeprazol. Para el otoño las generales, Star Wars, The Martian... No se puede pedir más."
lgtbi,https://www.meneame.net/story/colau-sustituye-concejalia-juventud-ciclo-vida-feminismos-lgtbi,2431675,17117134,163,157.0,--483874--,2015-06-17T19:11:32+00:00,0,14,#157 tu primo es gay y las amigas que tiene le adoran. Algo no cuadra en esta frase.
lgtbi,https://www.meneame.net/story/colau-sustituye-concejalia-juventud-ciclo-vida-feminismos-lgtbi,2431675,17117118,162,140.0,BodyOfCrime,2015-06-17T19:10:07+00:00,0,9,#140 Porque los vibradores no invitan a copas {troll}
lgtbi,https://www.meneame.net/story/colau-sustituye-concejalia-juventud-ciclo-vida-feminismos-lgtbi,2431675,17117109,161,119.0,inar,2015-06-17T19:08:02+00:00,3,27,"#119 No, si a mí me parece perfecto. Y si la RAE lo dice, más perfecto aun. Pero yo seguiré hablando de PERSONAS , y pasaré de hostias de definiciones ""modernas"", machismos, masculinismos, hembrismos, feminismos, siglas varias y demás historietas que solo sirven para hacer diferenciación, para que algunos tengan algo que decir o sobre lo que asociarse, y para que otros muchos tenga algo que comentar a favor o en contra en eternos debates. Así que, con el permiso de la RAE, de todos los colectivos, y de quien haga falta: PERSONAS ."
lgtbi,https://www.meneame.net/story/colau-sustituye-concejalia-juventud-ciclo-vida-feminismos-lgtbi,2431675,17117098,160,19.0,hulo,2015-06-17T19:05:51+00:00,17,141,"#19 Compromís en la CIUDAD de valencia ha creado las de:


- Concejalía de Desarrollo Humano

- Concejalía de movilidad 

- Concejalía de Cambio Climático

¡¡EN LA CIUDAD!!! 

En fin, son ganas de hacerse los ""guays"" y rozan el ridículo.

Después dicen que quieren ahorrar y bajar puestos de políticos, pero si estas son sus prioridades y crean concejalías para eso...mal vamos."
lgtbi,https://www.meneame.net/story/colau-sustituye-concejalia-juventud-ciclo-vida-feminismos-lgtbi,2431675,17117094,159,111.0,Maelstrom,2015-06-17T19:05:32+00:00,2,23,"#111 Entiendo lo que dices, pero per se, como una norma general y universal implícita (o incluso explícita, como algunos ya pretenden) no me parece idóneo del todo, la casuística es muy importante y se ha de tener en cuenta. 

No es lo mismo repartirse las tareas del hogar cuando los dos miembros principales del hogar son oficinistas calientasillas que el que uno de los dos lo sea y el otro sea paleta, hortelano o trabajador de una fábrica de la industria pesada. Como tampoco es lo mismo, dentro de las tareas del hogar, cocinar o llevar la contabilidad que fregar, limpiar, hacer reparaciones o el bricolage, o realizar tú mismo las reformas. Dependiendo de cómo sea la situación puede resultar injusto un reparto equitativo de las tareas del hogar si no se tienen en cuenta esos factores. Lo más probable, y con razón, es que un paleta que lleva realizadas unas cuantas peonadas o ha trabajado a destajo, al llegar a casa quiera Y NECESITE descansar. Su pareja, si no tiene un trabajo tan físicamente demandante, ha de ser como mínimo comprensiva en esos casos (no digo que tenga que ceder en todo, por supuesto, solo, repito, que sea comprensiva).

Todo lo cual me lleva a deducir que ese machismo atávico e histórico del que se queja mucha gente (sobre todo mujeres) quizás tenga que ver con lo que acabo de relatar en el párrafo anterior, y que por tanto no se tratara de una desigualdad intrínsecamente injusta. Pensemos que, hasta no hace mucho, el trabajo manual y físico era mucho más preponderante que ahora, y el papel de llevarse las habichuelas a casa y, por tanto, de realizar esos trabajos duros, era del hombre. La mujer, por justicia ya que se quedaba en casa, se sentía impelida a ejercer las labores del hogar simplemente por mor de una simetría laboral, y ni aun así sus labores serían tan físicamente duras como el estar de sol a sol picando piedra en una cantera, colocando y martilleando kilómetros de ferrocarril, labrando decenas de hectáreas o levantando el ayuntamiento del pueblo. Fíjate si puede ser así, que ese poso en el reparto tradicional del trabajo aun persiste a la hora de buscar empleo, ocurriendo que las mujeres evitan lo máximo que pueden ese tipo de oficios."
lgtbi,https://www.meneame.net/story/colau-sustituye-concejalia-juventud-ciclo-vida-feminismos-lgtbi,2431675,17117092,158,98.0,piticlibonito,2015-06-17T19:05:12+00:00,3,39,"#98 pues lógicamente no, pero que desde las instituciones quieran solucionar los problemas de discriminación que hay, sí"
lgtbi,https://www.meneame.net/story/colau-sustituye-concejalia-juventud-ciclo-vida-feminismos-lgtbi,2431675,17117087,157,41.0,air,2015-06-17T19:03:55+00:00,6,54,"#41 La de la mujer no es igualdad como dices, es feminismos...y en plural! #5 dentro del feminismo puedes encontrar posturas mas igualitarias y otras mas radicales como Valerie Solanas y su manifiesto SCUM, y que muchas feministas consideran perfectamente aceptable https://es.wikipedia.org/wiki/Manifiesto_SCUM llamarlo ""feminismos"" parece incluir todas las variantes del feminismo, y desde luego no todas son igualitarias. 

Si la conserjeria se llamara igualdad no deja lugar a dudas, ademas de que la Constitución (o el Estatut) habla de Igualdad no de Feminismo, además de que para alcanzar la igualdad no solo pasa por las mujeres sino que los hombres tienen que colaborar...por lo que tiene más sentido que haya una conserjeria para alcanzar un fin constitucional no un fin feminista en plural.


Y la conserjería de LGTB? Barcelona es de las ciudades más inclusivas del mundo con ese colectivo, ponerle al mismo nivel que los problemas de la gente mayor, que son extremadademente graves como soledad, suicidio o demencia me parece una barbaridad...LA homofobia existe pero desde luego no al mismo nivel que hace 15 años, y el colectivo gay yo creo que prácticamente tiene alcanzado todos sus objetivos y la sociedad en general,y por supuesto yo, rechaza con dureza toda manifestación de homofobia. 

Mi primo de 15 años salió del armario a los 13 y lo que en otro tiempo podía ser causa de bullying toda la clase le apoyó y las amigas que tiene le adoran. Es absurdo creer que es un problema social de primer orden, la homofobia existe pero está castigada y genera el rechazo de todos."
lgtbi,https://www.meneame.net/story/colau-sustituye-concejalia-juventud-ciclo-vida-feminismos-lgtbi,2431675,17117080,156,121.0,zilvika,2015-06-17T19:03:27+00:00,0,9,#121 ¿Qué pega le ves a lo de los juegos de invierno?
lgtbi,https://www.meneame.net/story/colau-sustituye-concejalia-juventud-ciclo-vida-feminismos-lgtbi,2431675,17117076,155,1.0,zilvika,2015-06-17T19:02:57+00:00,2,18,#1 Si le han cambiado el nombre es porque le dan importancia
lgtbi,https://www.meneame.net/story/colau-sustituye-concejalia-juventud-ciclo-vida-feminismos-lgtbi,2431675,17117066,154,88.0,Itilvte,2015-06-17T19:01:04+00:00,1,12,"#88 nacer, comer, cagar, follar, dormir, morir"
lgtbi,https://www.meneame.net/story/colau-sustituye-concejalia-juventud-ciclo-vida-feminismos-lgtbi,2431675,17117063,153,,elareo,2015-06-17T19:00:45+00:00,0,6,ciclo de que?
lgtbi,https://www.meneame.net/story/colau-sustituye-concejalia-juventud-ciclo-vida-feminismos-lgtbi,2431675,17117062,152,,Vermel,2015-06-17T19:00:37+00:00,0,11,"Faltan los asexuales, hipersexuales, hermafroditas, metrosexuales y power-rangers rosas. Vaya mierda de concejalía, ¡qué poco tolerante con estos colectivos!"
lgtbi,https://www.meneame.net/story/colau-sustituye-concejalia-juventud-ciclo-vida-feminismos-lgtbi,2431675,17117061,151,134.0,--465715--,2015-06-17T19:00:36+00:00,3,28,"#134 Creo que lo que te intenta explicar (y los ejemplos que tu has puesto en este ultimo mensaje son buena muestra de ello) es que esos ""micromachismos"" son mayoritariamente (y con mucha diferencia diria yo) ""cometidos"" por mujeres. Y eso deberia dar mucho que pensar."
lgtbi,https://www.meneame.net/story/colau-sustituye-concejalia-juventud-ciclo-vida-feminismos-lgtbi,2431675,17117059,150,6.0,hulo,2015-06-17T19:00:28+00:00,1,19,"#6 pues imagínate q compromís en valencia tiene la de ""cambio climático"" jajaj"
lgtbi,https://www.meneame.net/story/colau-sustituye-concejalia-juventud-ciclo-vida-feminismos-lgtbi,2431675,17117050,149,98.0,Itilvte,2015-06-17T18:59:34+00:00,3,35,"#98 No, es más antigua que los coprolitos. Pero las medidas políticas encaminadas a la integración de las comunidades de homosexuales, transexuales e intersexuales sí que parece serlo. ¿No crees?"
lgtbi,https://www.meneame.net/story/colau-sustituye-concejalia-juventud-ciclo-vida-feminismos-lgtbi,2431675,17117049,148,,NanakiXIII,2015-06-17T18:59:32+00:00,0,7,"Joder, que hippie {lol}"
lgtbi,https://www.meneame.net/story/colau-sustituye-concejalia-juventud-ciclo-vida-feminismos-lgtbi,2431675,17117013,147,102.0,AsK0S1t10,2015-06-17T18:55:20+00:00,2,31,"#102 Te odio por hacerme recordar ingeniería del sw [1, 2, 3, 4...)"
lgtbi,https://www.meneame.net/story/colau-sustituye-concejalia-juventud-ciclo-vida-feminismos-lgtbi,2431675,17117011,146,,--331746--,2015-06-17T18:55:07+00:00,1,-3,"Así no se puede. Menuda chorrada d nombre, esto no es serio"
lgtbi,https://www.meneame.net/story/colau-sustituye-concejalia-juventud-ciclo-vida-feminismos-lgtbi,2431675,17117010,145,120.0,--396026--,2015-06-17T18:54:43+00:00,0,12,"#120  
Concejalía de Empleo, Empresa y Turismo --> Concejalía de Ciclo de Ciudadanos del Mundo y sus Labores.

Para redondear {grin}"
lgtbi,https://www.meneame.net/story/colau-sustituye-concejalia-juventud-ciclo-vida-feminismos-lgtbi,2431675,17117004,144,127.0,rafapalacios,2015-06-17T18:54:08+00:00,5,-31,"#127 Falso: las campañas feministas del estado promueven que el hombre y la mujer hagan lo mismo en el hogar y que haya tantas mujeres como hombres que estudien las carreras técnicas. 
Lo que pretende, en sumar, es homo-geneizar a la población, a través de su comportamiento, para que así renuncien a sus características innatas masculinas y femeninas y, de esa manera, homosexualizarlos.
La igualdad llevado a sus últimos extremos es castración. Y eso es lo que es Colau, una castradora."
lgtbi,https://www.meneame.net/story/colau-sustituye-concejalia-juventud-ciclo-vida-feminismos-lgtbi,2431675,17117003,143,85.0,AsK0S1t10,2015-06-17T18:54:06+00:00,3,1,"#85 Pensaba que era licenciada en derecho, pero efectivamente no terminó filosofía..... Mucho nos hemos metido con la Susanita, pero al menos esta terminó derecho, Ada no pudo ."
lgtbi,https://www.meneame.net/story/colau-sustituye-concejalia-juventud-ciclo-vida-feminismos-lgtbi,2431675,17116993,142,126.0,franciscojeda,2015-06-17T18:53:12+00:00,0,6,"#126 no va contigo que va en general con todo el mundo, sin saber porque lo han hecho (prefiero creer por reducir concejalias) todo el mundo lo critica, tambien se ha criticado que no haga la olimpiada de invierno en barcelona, supongo que en las maravillosas pistas de esqui que tenemos en el Tibidabo o en Montjuich. Solo me da rabia que veo el movimiento que hay por parte de cierto grupo que ha perdido hacia los ganadores (y que conste no voy contra tuyo, repito, que es en general) Me da la sensacion que hay mucha rabia y no quieren que la gente vea nada positivo. Si la cagan sere el primero en criticarles, pero antes de que se caigan hay que mirar si saben andar, no? Saludos"
lgtbi,https://www.meneame.net/story/colau-sustituye-concejalia-juventud-ciclo-vida-feminismos-lgtbi,2431675,17116981,141,55.0,dagda,2015-06-17T18:52:13+00:00,4,30,"#55 Para ellos concejalia propia, y de concejal @cocopino"
lgtbi,https://www.meneame.net/story/colau-sustituye-concejalia-juventud-ciclo-vida-feminismos-lgtbi,2431675,17116957,140,44.0,--469435--,2015-06-17T18:49:32+00:00,0,6,"#44 Hombre,al menos estáis vivos."
lgtbi,https://www.meneame.net/story/colau-sustituye-concejalia-juventud-ciclo-vida-feminismos-lgtbi,2431675,17116954,139,,--372715--,2015-06-17T18:49:15+00:00,2,-24,"Haciendo el gilipollas no ganaremos las generales, aunque para hacer el gilipollas, igual es mejor no ganarlas. Se temía una mala gestión, y así empiezan las malas gestiones"
lgtbi,https://www.meneame.net/story/colau-sustituye-concejalia-juventud-ciclo-vida-feminismos-lgtbi,2431675,17116950,138,20.0,organix4ever,2015-06-17T18:48:10+00:00,2,30,#20 No des ideas...
lgtbi,https://www.meneame.net/story/colau-sustituye-concejalia-juventud-ciclo-vida-feminismos-lgtbi,2431675,17116940,137,44.0,--484360--,2015-06-17T18:46:52+00:00,3,27,#44 No no y no. En una reunión de igualdad es típico que los hombres no puedan ni entrar.
lgtbi,https://www.meneame.net/story/colau-sustituye-concejalia-juventud-ciclo-vida-feminismos-lgtbi,2431675,17116935,136,,Mark_,2015-06-17T18:46:30+00:00,1,16,"Creo que bastaba una puñetera concejalía de IGUALDAD y era suficiente: igualdad entre hombres y mujeres, jóvenes y mayores, heteros y homosexuales. PUNTO. Tanta gilipollez, no paramos de darles excusas a las víboras del régimen, cojones. Tanto politicorrectismo me toca la úlcera."
lgtbi,https://www.meneame.net/story/colau-sustituye-concejalia-juventud-ciclo-vida-feminismos-lgtbi,2431675,17116932,135,67.0,amstrad,2015-06-17T18:46:12+00:00,3,25,#67 se dice HAMOR
lgtbi,https://www.meneame.net/story/colau-sustituye-concejalia-juventud-ciclo-vida-feminismos-lgtbi,2431675,17116929,134,111.0,nilien,2015-06-17T18:45:49+00:00,4,12,"#111 Relee tú también tu comentario. ¿O acaso no has generalizado? De ahí los ejemplos que he puesto.

Respecto a los micromachismos, será porque no los sufres. Son pequeñas cosas, pero es un goteo constante, diario, machacón... Bueno, ahora que lo pienso, puede que los sufras, pero serán otros. Por ejemplo, que se anteponga a una mujer antes que a ti para cuidar a unos niños, sólo por ser mujer. Que no puedas cambiarles el pañal a tus hijos, sobrinos, niños a tu cuidado, porque el cambiador está en el baño femenino. Que si manifiestas tus sentimientos y te muestras vulnerable, te digan que te lo tragues. Igual que mucha gente reacciona mal cuando una mujer expresa su opinión con firmeza en un entorno público o laboral y la acusan de ""mandona"".

No menosprecies las experiencias de otros porque no las comprendas y no estés en sus zapatos. Mejor intenta escuchar y empatizar..."
lgtbi,https://www.meneame.net/story/colau-sustituye-concejalia-juventud-ciclo-vida-feminismos-lgtbi,2431675,17116908,133,107.0,--484360--,2015-06-17T18:42:55+00:00,2,20,"#107 Pues porque es una mujer y las mujeres tienen derechos. No es por ""el trabajo de casa"", es por ser mujer.

Si no tienes claro esto, no has comprendido el feminismo."
lgtbi,https://www.meneame.net/story/colau-sustituye-concejalia-juventud-ciclo-vida-feminismos-lgtbi,2431675,17116899,132,5.0,--200913--,2015-06-17T18:41:44+00:00,3,22,"#5 el feminismo no tiene nada que ver con el HEMBRISMO (lo que vendría a ser el equitativo de machismo). 

si bien es cierto que hay mucho ""hembrismo"" camuflado de feminismo, no tiene porque ser este el caso. habrá que ver...  {smiley}"
lgtbi,https://www.meneame.net/story/colau-sustituye-concejalia-juventud-ciclo-vida-feminismos-lgtbi,2431675,17116893,131,49.0,Varlak_,2015-06-17T18:41:00+00:00,3,21,"#49 venia a decir edo. Yo no creo en la monogamia y, tanto yo como mi gente, nos sentimos estigmatizados muy a menudo. De hecho me hevsentido asi hasta mudarme a londres. Pero no pido que nos incluyan en el follon de siglas ese, no le veo el sentido"
lgtbi,https://www.meneame.net/story/colau-sustituye-concejalia-juventud-ciclo-vida-feminismos-lgtbi,2431675,17116880,130,28.0,--484360--,2015-06-17T18:39:49+00:00,9,52,#28 Es una auténtica pena. Que la imágen de la izquierda se vea manchada por faltas de seriedad como esto.
lgtbi,https://www.meneame.net/story/colau-sustituye-concejalia-juventud-ciclo-vida-feminismos-lgtbi,2431675,17116877,129,105.0,--352976--,2015-06-17T18:39:05+00:00,1,20,#105 Ibas bien hasta que empezaste con los desvaríos judeo-masónicos.
lgtbi,https://www.meneame.net/story/colau-sustituye-concejalia-juventud-ciclo-vida-feminismos-lgtbi,2431675,17116861,128,,--484360--,2015-06-17T18:37:25+00:00,0,7,LOOOOOOOOOL
lgtbi,https://www.meneame.net/story/colau-sustituye-concejalia-juventud-ciclo-vida-feminismos-lgtbi,2431675,17116833,127,124.0,--115246--,2015-06-17T18:33:49+00:00,0,7,"#124 A mi no me metas en movidas, he aclarado un término lingüístico que ni he creado ni he introducido en ningún diccionario. Las quejas a los responsables.

Por cierto, el término/movimiento feminismo reclama igualdad de derechos, nada de capacidades ni talentos."
lgtbi,https://www.meneame.net/story/colau-sustituye-concejalia-juventud-ciclo-vida-feminismos-lgtbi,2431675,17116828,126,122.0,bensidheseleccion,2015-06-17T18:33:32+00:00,1,5,"#122 Cuantas concejalias ha reducido y cuanto dinero se ahorra, ¿tu lo sabes?, yo tampoco, pero eso si, el tema de los ciclos es acojonante, luego vienen los cíclopes."
lgtbi,https://www.meneame.net/story/colau-sustituye-concejalia-juventud-ciclo-vida-feminismos-lgtbi,2431675,17116827,125,,mefistófeles,2015-06-17T18:33:24+00:00,1,-3,"Uy que se están suicidando con estas gilipolleces, que, para mí, no cambian nada y cuestas millones."
lgtbi,https://www.meneame.net/story/colau-sustituye-concejalia-juventud-ciclo-vida-feminismos-lgtbi,2431675,17116816,124,119.0,rafapalacios,2015-06-17T18:32:05+00:00,2,-19,"#119 el problema es que la naturaleza nos ha hecho diferentes para que nos complementemos y, precisamente, no luchemos, porque la violencia se genera cuando varios compiten por hacer lo mismo.
Diferentes capacidades y talentos=paz.
Competencia por ser igual que el otro, que en realidad es diferente=violencia.
Represión de la propia naturaleza= más violencia.
Tenéis completamente trastornados el sentido del Bien y del Mal."
lgtbi,https://www.meneame.net/story/colau-sustituye-concejalia-juventud-ciclo-vida-feminismos-lgtbi,2431675,17116796,123,41.0,--352976--,2015-06-17T18:29:26+00:00,4,30,"#41 La gente no critica que esos grupos estén incluidos, lo que critica es el nombre tan subnormal que le han puesto.
Se le llama Concejalía Social y santas pascuas. No hace falta ponerle un nombre tan rimbombante y hippy, porque eso a mucha gente la echa para atrás."
lgtbi,https://www.meneame.net/story/colau-sustituye-concejalia-juventud-ciclo-vida-feminismos-lgtbi,2431675,17116793,122,,franciscojeda,2015-06-17T18:29:00+00:00,2,18,"joer que llevan 3 dias en los ayuntamientos y que finos hilan algunos... Criticando cualquier movimiento que se hace. Dejadles hacer y dentro de 3 meses se les critica o se les aplaude, pero como duele perder la poltrona que se tenian durante años, cualquier cosa es criticable. Vergonzoso...
Lo que ha hecho Colau es reducir concejalias y empezar a ahorrar, pero mejor miremos el dedo y pasemos de la luna y critiquemos que han puesto tal nombre.
Una concejalia que servira para todo el mundo sin distincion, pero no, a criticar que el nombre no gusta. A-L-U-C-I-N-A-N-T-E"
lgtbi,https://www.meneame.net/story/colau-sustituye-concejalia-juventud-ciclo-vida-feminismos-lgtbi,2431675,17116783,121,3.0,todosube,2015-06-17T18:27:51+00:00,9,45,"#3 Lleva 2 días y es mamarrachada tras mamarrachada. Los Juegos de Invierno, esto... Que no hará en 4 años?!"
lgtbi,https://www.meneame.net/story/colau-sustituye-concejalia-juventud-ciclo-vida-feminismos-lgtbi,2431675,17116782,120,,--396026--,2015-06-17T18:27:47+00:00,6,62,"La misma creatividad que han mostrado para denominar la Concejalía de Ciclo de Vida, Feminismo y LGTBI la podrían mostrar con el resto de carteras. Les doy mi propuesta:

Concejalía de Empleo, Empresa y Turismo --> Concejalía de Ciclo de Ciudadanos del Mundo
Concejalía de Vivienda --> Concejalía de Ciclo de Sedentarismo y Afectados por la Hipoteca.
Concejalía de Educación y Universidades --> Concejalía de Ciclo de Aprendizaje y Primeros Orgasmos en Erasmus
Concejalía de Participación y Territorio --> Concejalía de Ciclo de Autodeterminación y Prevención de Pucherazos.
Concejalía de Movilidad  --> Concejalía de Ciclo Motor.
Área de Ecología --> Área de Ciclo de Riego del Huerto Social y Flower Power."
lgtbi,https://www.meneame.net/story/colau-sustituye-concejalia-juventud-ciclo-vida-feminismos-lgtbi,2431675,17116764,119,115.0,--115246--,2015-06-17T18:25:30+00:00,0,7,"#115 Nop, feminismo no hace referencia al sexo, es un movimiento social y la palabra tiene definición propia, algo así: ""Doctrina y movimiento social que pide para la mujer el reconocimiento de unas capacidades y unos derechos que tradicionalmente han estado reservados para los hombres."" Más o menos quiere decir que si estas a favor de la igualdad de derechos eres feminista, este es el término actual que yo sepa, si quieres crear uno nuevo tú e intentar normalizarlo te deseo suerte."
lgtbi,https://www.meneame.net/story/colau-sustituye-concejalia-juventud-ciclo-vida-feminismos-lgtbi,2431675,17116747,118,,--128110--,2015-06-17T18:23:16+00:00,1,12,"Parecen las siglas de un nuevo tipo de motor de coche.

Rollo: Vendo Opel Corsa 1.4 LGTBI con inserciones de grafeno"
lgtbi,https://www.meneame.net/story/colau-sustituye-concejalia-juventud-ciclo-vida-feminismos-lgtbi,2431675,17116741,117,13.0,--153590--,2015-06-17T18:22:55+00:00,47,260,"#13 Totalmente de acuerdo. Existe un tipo de persona que es incapaz de desprender de todo el abanico de posibilidades de acciones a realizar, las que son urgentes, las importantes, y las que no lo son para nada.

Recuerdo cómo en aquel 15M, cuando pasaron días, la gente se reunía para dar abrazos en Gran Vía, o hacer talleres para hablar de chakras y demás gilipolleces.

Pues bien, están llegando también estos a las instituciones."
lgtbi,https://www.meneame.net/story/colau-sustituye-concejalia-juventud-ciclo-vida-feminismos-lgtbi,2431675,17116740,116,70.0,--75126--,2015-06-17T18:22:23+00:00,6,56,"#70 Te olvidas de los Egosexuales, que representan la mayor parte de la población de menéame {0x1f44b}"
lgtbi,https://www.meneame.net/story/colau-sustituye-concejalia-juventud-ciclo-vida-feminismos-lgtbi,2431675,17116728,115,99.0,inar,2015-06-17T18:19:54+00:00,2,24,"#99 ¿Y eso es nuevo de ahora o...? ¿Somos hermafroditas? {troll} A mí por lo menos, de toda la vida desde que los estudié de pequeñito en clase de lengua, los géneros son masculino y femenino. Luego si feminismo viene de femenino, de fémina, digo yo que su término masculino debiera ser masculino, valga la redundancia. No sé, lo veo una cuestión de lógica. Será porque soy de ciencias y tal {troll}"
lgtbi,https://www.meneame.net/story/colau-sustituye-concejalia-juventud-ciclo-vida-feminismos-lgtbi,2431675,17116727,114,7.0,--153590--,2015-06-17T18:19:53+00:00,6,55,"#7 A mí me da que la idea les sobrevino tras una tarde fumando porros.

Creo que hay cosas más interesantes y urgentes que atender que cambiar nombres por otros que suenen más jipis."
lgtbi,https://www.meneame.net/story/colau-sustituye-concejalia-juventud-ciclo-vida-feminismos-lgtbi,2431675,17116726,113,104.0,bensidheseleccion,2015-06-17T18:19:43+00:00,0,6,"#104 Ada Colau preocupada por donde la metes, esto es una pasada, donde es esto de las votaciones."
lgtbi,https://www.meneame.net/story/colau-sustituye-concejalia-juventud-ciclo-vida-feminismos-lgtbi,2431675,17116725,112,,--442050--,2015-06-17T18:19:40+00:00,2,20,"Vaya, y parecía que el tema este del cambio iba a ser una cosa seria. ¿Volveremos a los tiempos de ZP y su alianza de civilizaciones?"
lgtbi,https://www.meneame.net/story/colau-sustituye-concejalia-juventud-ciclo-vida-feminismos-lgtbi,2431675,17116716,111,82.0,--74693--,2015-06-17T18:18:18+00:00,10,89,"#82 Relee mi comentario. Ellas habían asumido el rol, no había presión alguna.
Lo curioso es que la propia mujer es mucho más machista que muchos hombres.
El hecho de asumir la limpieza en casa, en el s.XXI porque el ""homvre"" no lo hace, es el primer síntoma del machismo de la propia mujer.
En una casa lo normal es que las personas que vivan en ella se repartan las tareas equitativamente, sin importar el sexo. Esto sucede en muchas relaciones actuales, y en otras no. Y no es porque el hombre obligue, maltrate o presione a la mujer.
Ellas se han creído en muchos casos, la presión del lenguaje televisivos. Las mujeres inundan toda la publicidad destinada a los niños y las tareas del hogar.
Es un error asumir el machismo de las parejas antes que el propio.
Los micromachismos de los que se hablaron tras el famoso vídeo, eran completamente absurdos, incoherentes y contradictorios. 
Un insulto a la inteligencia y una discriminación y criminalización del hombre por ser...hombre.

Hay que seguir luchando por la igualdad. Pero abrir guerras donde no las hay, hace que se pierda credibilidad y frustra a todos y todas los que trabajan día a día por el cambio."
lgtbi,https://www.meneame.net/story/colau-sustituye-concejalia-juventud-ciclo-vida-feminismos-lgtbi,2431675,17116714,110,,LTKerr,2015-06-17T18:18:02+00:00,1,10,"Creo que la idea es buena, pero el nombre... digno de El Mundo Today"
lgtbi,https://www.meneame.net/story/colau-sustituye-concejalia-juventud-ciclo-vida-feminismos-lgtbi,2431675,17116713,109,,--352976--,2015-06-17T18:17:59+00:00,9,69,"Ya empezamos con las gilipolleces. Toda esta obsesión por el lenguaje y por ir de iluminados por el mundo es lo que me saca de quicio de muchos movimientos de izquierda con los que de otro modo simpatizaría.

No podían ponerle un nombre normal que no diese vergüenza ajena, tenían que ir a lo más hortera y aberrante posible. Estas cosas son las que hacen perder votos, porque no dan imagen de seriedad ninguna y a mucha gente la echan para atrás por lo sectario que suena."
lgtbi,https://www.meneame.net/story/colau-sustituye-concejalia-juventud-ciclo-vida-feminismos-lgtbi,2431675,17116711,108,104.0,BodyOfCrime,2015-06-17T18:17:55+00:00,1,20,#104 Con ziritione?
lgtbi,https://www.meneame.net/story/colau-sustituye-concejalia-juventud-ciclo-vida-feminismos-lgtbi,2431675,17116710,107,14.0,--153590--,2015-06-17T18:17:50+00:00,7,60,"#14 ¿Por qué ha de remunerarse a una mujer por ocuparse de su casa? Oye, yo me paso las tardes programando en una startup en mis ratos libres, quiero que me remuneren también."
lgtbi,https://www.meneame.net/story/colau-sustituye-concejalia-juventud-ciclo-vida-feminismos-lgtbi,2431675,17116709,106,,Jiraiya,2015-06-17T18:17:33+00:00,0,10,"El Consejo de la Juventud...

Niños pijos y mayores que copan esas instituciones como asesores cobrando su buen sueldo sin aportar una mierda a la ciudad."
lgtbi,https://www.meneame.net/story/colau-sustituye-concejalia-juventud-ciclo-vida-feminismos-lgtbi,2431675,17116704,105,41.0,rafapalacios,2015-06-17T18:16:33+00:00,9,22,"#41 Básicamente, las mujeres y hombres que practican sexo en contra de su propia naturaleza no son una categoría especial de seres humanos sino hombres y mujeres como los demás. Es absurdo dividir a la humanidad en función de sus preferencias a la hora de obtener placer sexual, como tampoco por sus  gustos musicales o gastronómicos. Los llamados ""colectivos"" son un pantomima creada por la Ingeniería Social de los banqueros sionistas."
lgtbi,https://www.meneame.net/story/colau-sustituye-concejalia-juventud-ciclo-vida-feminismos-lgtbi,2431675,17116702,104,73.0,inar,2015-06-17T18:16:26+00:00,3,30,"#73 Lesbianas, Gays, Transexuales, Bisexuales. Y ahora me entero que hay una ""I"" aidiocnal al final de Intersexuales.
Menudo lío de siglas {roll} Como esto siga así, va a acabar como las prestaciones de los coches: etc. etc. {troll}"
lgtbi,https://www.meneame.net/story/colau-sustituye-concejalia-juventud-ciclo-vida-feminismos-lgtbi,2431675,17116698,103,,bensidheseleccion,2015-06-17T18:15:33+00:00,0,6,Esto venía en el programa electoral? {lol}
lgtbi,https://www.meneame.net/story/colau-sustituye-concejalia-juventud-ciclo-vida-feminismos-lgtbi,2431675,17116697,102,88.0,--17378--,2015-06-17T18:15:24+00:00,13,99,#88 Es que la Colau nos ha salido geek {troll}
lgtbi,https://www.meneame.net/story/colau-sustituye-concejalia-juventud-ciclo-vida-feminismos-lgtbi,2431675,17116690,101,41.0,--143520--,2015-06-17T18:14:36+00:00,3,18,"#41 A mi no me parece tan mal, es solo un nombre, pero siempre significa algo. Me recuerda un poco a ese partido musulmán, que se llamaba así, y que luego decía que no era solo para musulmanes, ya, si, lo que tu digas. {lol}

No me parece bien crear ese tipo de divisiones, incluso aunque realmente no contrapongan los intereses de nadie."
lgtbi,https://www.meneame.net/story/colau-sustituye-concejalia-juventud-ciclo-vida-feminismos-lgtbi,2431675,17116689,100,34.0,Acido,2015-06-17T18:14:34+00:00,0,9,"#34 
  Primero, eso de que no son discriminados lo dirás tú. ¿O es que no vemos a cualquier niño reirse de otros niños, o pegarlos, o rechazarlos? Si una persona tiene una pequeña vagina y también un pene ¿no crees que otros niños o niñas se pueden meter con esa persona? Incluso adultos, ¿no crees que alguna vez algún adulto puede faltar al respeto o hacer leyes que no tengan en cuenta a estas personas? 

  Segundo, supongamos que no estuviesen discriminados... ¿acaso por no estar discriminados no puede haber una organización pública que les ayude? Por ejemplo, un sordo, supongamos que los sordos no son discriminados... eso no implica que sea absurdo que un organismo les ayude: ayudándoles a expresarse con las manos, y a entender esa lengua de señas que se ofrece en muchos programas de TV y demás. Del mismo modo, un organismo que ayude a los intersexuales puede servir para ayudarles a responder preguntas como si es posible algún tipo de intervención quirúrgica que deseen, o psicólogos que les ayuden a afrontar problemas que puedan tener, o dudas legales que puedan tener por su especial condición que puede no haber sido contemplada por las leyes. ""ni amar a los de su propio sexo"" Lo de ""su propio sexo"" no está claro, en eso consiste la intersexualidad, ya que tienen características de ambos sexos: órganos de ambos sexos, etc.

Piensa que tú o un hijo tuyo estuviese en esa situación, y piensa si estaría bien una ayuda aunque sólo fuese de información... si crees que sería buena, pues ya lo has entendido. Si crees que no sería buena, explica por qué."
lgtbi,https://www.meneame.net/story/colau-sustituye-concejalia-juventud-ciclo-vida-feminismos-lgtbi,2431675,17116684,99,91.0,--115246--,2015-06-17T18:14:22+00:00,1,-3,#91 El masculino de feminismo es feminismo.
lgtbi,https://www.meneame.net/story/colau-sustituye-concejalia-juventud-ciclo-vida-feminismos-lgtbi,2431675,17116682,98,84.0,--35879--,2015-06-17T18:14:16+00:00,5,58,"#84 ¿La homosexualidad es algo nuevo?

Eso si que es una visión progre… {confused}"
lgtbi,https://www.meneame.net/story/colau-sustituye-concejalia-juventud-ciclo-vida-feminismos-lgtbi,2431675,17116677,97,,rafapalacios,2015-06-17T18:13:42+00:00,4,-24,"No hay que ser muy listo para deducir de esta medidas que lo que quiere es que la juventud se homosexualice, y que va a llevar a cabo campañas para lograrlo. Intensificación de la paranoia de guerra de sexos."
lgtbi,https://www.meneame.net/story/colau-sustituye-concejalia-juventud-ciclo-vida-feminismos-lgtbi,2431675,17116669,96,72.0,inar,2015-06-17T18:12:38+00:00,1,17,#72 Con líos así no me extraña que acaben haciendo falta tantas letras {troll}
lgtbi,https://www.meneame.net/story/colau-sustituye-concejalia-juventud-ciclo-vida-feminismos-lgtbi,2431675,17116667,95,88.0,yusavi,2015-06-17T18:12:33+00:00,0,6,"#88 Es algo que no se puede explicar sin Dios, igual que la lluvia."
lgtbi,https://www.meneame.net/story/colau-sustituye-concejalia-juventud-ciclo-vida-feminismos-lgtbi,2431675,17116662,94,,IamBernI,2015-06-17T18:11:46+00:00,3,28,"Estos del mundo today....


Habeis perdido un Mufasa"
lgtbi,https://www.meneame.net/story/colau-sustituye-concejalia-juventud-ciclo-vida-feminismos-lgtbi,2431675,17116659,93,28.0,--143520--,2015-06-17T18:11:08+00:00,6,36,"#28 Por ejemplo, eso me gusta mucho, aunque a lo mejor en la realidad luego se hace el mayor esfuerzo por no dejar a nadie de lado, esto me recuerda mucho al problema de hablar de ""feminismo"". Si vamos a hablar de igualdad, hablemos de igualdad, que la palabra feminismo suena mucho a tomar partido solo por unos (y algunos lo viven así).

No veo que sentido tiene crear competencias tan sectorizadas, aunque sea en el nombre."
lgtbi,https://www.meneame.net/story/colau-sustituye-concejalia-juventud-ciclo-vida-feminismos-lgtbi,2431675,17116652,92,41.0,anakarin,2015-06-17T18:10:30+00:00,1,15,#41 y la infancia??
lgtbi,https://www.meneame.net/story/colau-sustituye-concejalia-juventud-ciclo-vida-feminismos-lgtbi,2431675,17116650,91,47.0,inar,2015-06-17T18:09:44+00:00,2,21,"#47 Vale, pues concejalía de masculinismos entonces {troll}
cc/ #5"
lgtbi,https://www.meneame.net/story/colau-sustituye-concejalia-juventud-ciclo-vida-feminismos-lgtbi,2431675,17116646,90,88.0,bensidheseleccion,2015-06-17T18:08:49+00:00,4,38,"#88 Parecido al olor de las nubes o el peso del viento, nosesimentiendes."
lgtbi,https://www.meneame.net/story/colau-sustituye-concejalia-juventud-ciclo-vida-feminismos-lgtbi,2431675,17116637,89,19.0,--461677--,2015-06-17T18:07:26+00:00,18,90,"#19 comeflores y neojipis Esta inercia viene de los movimientos estudiantiles de los años 60 en adelante y del desprestigio de la URSS con su colapso en 1991. El movimiento obrero mutó en una amalgama de pacifistas, feministas y ecologistas que, aunque partan con objetivos legítimos, muchas veces marginan la esencia de lo que debería ser la lucha obrera: la redistribución de la riqueza."
lgtbi,https://www.meneame.net/story/colau-sustituye-concejalia-juventud-ciclo-vida-feminismos-lgtbi,2431675,17116634,88,,lesbiano,2015-06-17T18:07:00+00:00,3,22,¿Qué cojones es eso del ciclo de vida?
lgtbi,https://www.meneame.net/story/colau-sustituye-concejalia-juventud-ciclo-vida-feminismos-lgtbi,2431675,17116633,87,31.0,--143520--,2015-06-17T18:06:52+00:00,3,27,"#31 Si es por imaginar, imagina lo mismo, pero probando todas las combinaciones de género posibles. {palm} Además, dudo mucho que esa sea la realidad de la mayoría de mujeres, ni que sea exclusiva a ellas."
lgtbi,https://www.meneame.net/story/colau-sustituye-concejalia-juventud-ciclo-vida-feminismos-lgtbi,2431675,17116623,86,78.0,superplinio,2015-06-17T18:04:18+00:00,28,183,#78 Pues Ministerio de la Guerra era mucho más sincero y menos hipócrita
lgtbi,https://www.meneame.net/story/colau-sustituye-concejalia-juventud-ciclo-vida-feminismos-lgtbi,2431675,17116621,85,,--458697--,2015-06-17T18:03:27+00:00,4,32,"El gobierno de los mejores. 

Firmado Ada Colau: proyecto de licenciada en filosofia"
lgtbi,https://www.meneame.net/story/colau-sustituye-concejalia-juventud-ciclo-vida-feminismos-lgtbi,2431675,17116620,84,,Itilvte,2015-06-17T18:03:23+00:00,6,41,Alucina ver lo progresista y complaciente que es menéame para todo lo relacionado con las nuevas tecnologias y lo cínico y corrosivo que es para los nuevos temas sociales. {professor}
lgtbi,https://www.meneame.net/story/colau-sustituye-concejalia-juventud-ciclo-vida-feminismos-lgtbi,2431675,17116613,83,41.0,Xabin,2015-06-17T18:02:29+00:00,14,96,#41 Y si trata sobre la igualdad por que pone Feminismo y no igualdad? Por que la igualdad debe de tratarse desde la mujer como tu dices?
lgtbi,https://www.meneame.net/story/colau-sustituye-concejalia-juventud-ciclo-vida-feminismos-lgtbi,2431675,17116606,82,46.0,nilien,2015-06-17T18:00:25+00:00,10,57,"#46 ¿Nadie las obliga? ¿A ninguna de ellas? El maltrato es el caso más extremo, pero existe. La presión social y familiar también, los roles, las expectativas, los estereotipos... 

No entiendo la manía de echarles la culpa a las mujeres de todo. Da igual lo que hagan. Si se quejan porque se quejan, si luchan para cambiar las cosas porque lo hacen, si se quedan quietas y calladas por eso mismo. Vamos, que no hay manera de acertar..."
lgtbi,https://www.meneame.net/story/colau-sustituye-concejalia-juventud-ciclo-vida-feminismos-lgtbi,2431675,17116599,81,3.0,--484716--,2015-06-17T17:59:12+00:00,2,24,"#3 la vida es cíclica, pero las etapas de la vida de una persona, (por desgracia para cualquier trenta- o cuarentañero), no."
lgtbi,https://www.meneame.net/story/colau-sustituye-concejalia-juventud-ciclo-vida-feminismos-lgtbi,2431675,17116595,80,1.0,Ovidio,2015-06-17T17:58:21+00:00,10,61,"#1 Claro, si tan chorrada es, no haberlo cambiado. Conclusión: el nombre no es una chorrada"
lgtbi,https://www.meneame.net/story/colau-sustituye-concejalia-juventud-ciclo-vida-feminismos-lgtbi,2431675,17116593,79,,bensidheseleccion,2015-06-17T17:58:09+00:00,4,30,"Llevan 4 dias contados y ya están con los nombrecitos de los cojones, apañaos estamos, welcome to the change."
lgtbi,https://www.meneame.net/story/colau-sustituye-concejalia-juventud-ciclo-vida-feminismos-lgtbi,2431675,17116592,78,57.0,--484716--,2015-06-17T17:58:04+00:00,4,40,"#57 debería llamarse «Ministerio de la Muerte Manu MIlitari» o, como se llamaba antes «Ministerio de la Guerra»"
lgtbi,https://www.meneame.net/story/colau-sustituye-concejalia-juventud-ciclo-vida-feminismos-lgtbi,2431675,17116587,77,45.0,el_de_la_silla_de_tijera,2015-06-17T17:57:08+00:00,7,56,#45 Y chamanes
lgtbi,https://www.meneame.net/story/colau-sustituye-concejalia-juventud-ciclo-vida-feminismos-lgtbi,2431675,17116585,76,41.0,--413427--,2015-06-17T17:56:44+00:00,67,382,"#41 Verás, una concejalía que se encarga de todas las mascotas no puede llamarse concejalía de perros y gatos, porque también hay periquitos, canarios, conejos, peces, tortugas, iguanas...

Si quieres poner como nombre una lista extensiva, tienes que poner todos.

Si quieres poner como nombre una lista descriptiva, sobran los casos particulares en el nombre.

Lo que muchos pensamos es que el nombre indica el sesgo que van a tener esas políticas de ""igualdad""."
lgtbi,https://www.meneame.net/story/colau-sustituye-concejalia-juventud-ciclo-vida-feminismos-lgtbi,2431675,17116582,75,,soundnessia,2015-06-17T17:56:23+00:00,0,12,Lo llamaban igualdad
lgtbi,https://www.meneame.net/story/colau-sustituye-concejalia-juventud-ciclo-vida-feminismos-lgtbi,2431675,17116576,74,8.0,Sedda,2015-06-17T17:55:41+00:00,4,51,#8 Porque eres viejoven! https://www.youtube.com/watch?v=HsZ6f-4zH-w
lgtbi,https://www.meneame.net/story/colau-sustituye-concejalia-juventud-ciclo-vida-feminismos-lgtbi,2431675,17116572,73,,bensidheseleccion,2015-06-17T17:55:16+00:00,5,35,"Por cierto, que coño es LGTB, un tipo de extasis o algo."
lgtbi,https://www.meneame.net/story/colau-sustituye-concejalia-juventud-ciclo-vida-feminismos-lgtbi,2431675,17116566,72,59.0,Caresth,2015-06-17T17:54:44+00:00,4,35,"#59 De eso nada, porque yo puedo nacer hombre pero sentirme mujer y que me gusten los hombres. Veamos, sería pues una mujer heterosexual. Claro que tal vez a los hombres que me gusten a mí (heterosexuales) no les guste mi pelo en el pecho... Uf, qué liada."
lgtbi,https://www.meneame.net/story/colau-sustituye-concejalia-juventud-ciclo-vida-feminismos-lgtbi,2431675,17116556,71,22.0,McManus,2015-06-17T17:53:25+00:00,4,37,#22 Por algo prefiero apostar por la robotización total de las tareas domésticas.
lgtbi,https://www.meneame.net/story/colau-sustituye-concejalia-juventud-ciclo-vida-feminismos-lgtbi,2431675,17116554,70,65.0,TierrasRaras,2015-06-17T17:53:17+00:00,4,37,"#65 ok, entonces, LGTBIAP

He incluído asexuales y polígamos."
lgtbi,https://www.meneame.net/story/colau-sustituye-concejalia-juventud-ciclo-vida-feminismos-lgtbi,2431675,17116553,69,,--477480--,2015-06-17T17:53:15+00:00,6,2,"Disfruten lo votado, para todos los imbéciles que han votado a esta pájara ahí tienen lao frutos.

 La prioridad la concejalía de feminismo y LGTB. Y partys people le faltó poner."
lgtbi,https://www.meneame.net/story/colau-sustituye-concejalia-juventud-ciclo-vida-feminismos-lgtbi,2431675,17116551,68,41.0,paucazorla,2015-06-17T17:53:07+00:00,13,48,#41 Me están dando vergüenza la gran mayoría de comentarios... joder con Menéame.
lgtbi,https://www.meneame.net/story/colau-sustituye-concejalia-juventud-ciclo-vida-feminismos-lgtbi,2431675,17116546,67,,sahaquielz,2015-06-17T17:52:50+00:00,7,42,Concejalía del AMOR
lgtbi,https://www.meneame.net/story/colau-sustituye-concejalia-juventud-ciclo-vida-feminismos-lgtbi,2431675,17116545,66,4.0,Rogers77,2015-06-17T17:52:42+00:00,5,22,#4 Yo te compenso {lol}
lgtbi,https://www.meneame.net/story/colau-sustituye-concejalia-juventud-ciclo-vida-feminismos-lgtbi,2431675,17116542,65,60.0,Horned,2015-06-17T17:52:08+00:00,0,9,"#60 Sí, un conservador holandés llevó el tema al parlamento  para defender su forma de familia. Dos padres y una madre o algo así."
lgtbi,https://www.meneame.net/story/colau-sustituye-concejalia-juventud-ciclo-vida-feminismos-lgtbi,2431675,17116541,64,1.0,Rogers77,2015-06-17T17:52:06+00:00,0,7,"#1 Ya lo dice su nombre, Juventud esta... chiquillos {lol}"
lgtbi,https://www.meneame.net/story/colau-sustituye-concejalia-juventud-ciclo-vida-feminismos-lgtbi,2431675,17116538,63,7.0,Owain_Glyndwr,2015-06-17T17:51:18+00:00,2,19,"#7 no te preocupes, yo tampoco lo que signifca que estamos cuerdos."
lgtbi,https://www.meneame.net/story/colau-sustituye-concejalia-juventud-ciclo-vida-feminismos-lgtbi,2431675,17116531,62,,--301232--,2015-06-17T17:50:21+00:00,3,31,Van a dejar al ministerio de Bibiana Aido a la altura de Ozimandias.
lgtbi,https://www.meneame.net/story/colau-sustituye-concejalia-juventud-ciclo-vida-feminismos-lgtbi,2431675,17116529,61,31.0,--413427--,2015-06-17T17:50:11+00:00,0,10,"#31 ¿Conoces la expresión ""tener la sarten por el mango""?

Pues eso."
lgtbi,https://www.meneame.net/story/colau-sustituye-concejalia-juventud-ciclo-vida-feminismos-lgtbi,2431675,17116528,60,56.0,TierrasRaras,2015-06-17T17:50:10+00:00,1,18,"#56 jaja, vale. Yo me refiero a la poligamia sin ser mormón, digamos poligamia atea, que es la que mola."
lgtbi,https://www.meneame.net/story/colau-sustituye-concejalia-juventud-ciclo-vida-feminismos-lgtbi,2431675,17116524,59,16.0,ccguy,2015-06-17T17:49:38+00:00,11,67,#16 Tardarían menos (y sería más duradero) TMH (todo menos heterosexuales).
lgtbi,https://www.meneame.net/story/colau-sustituye-concejalia-juventud-ciclo-vida-feminismos-lgtbi,2431675,17116523,58,,bensidheseleccion,2015-06-17T17:49:36+00:00,9,56,"Ministerio de Unicornios YA!!

#28 Tienes el gusto muy refinado"
lgtbi,https://www.meneame.net/story/colau-sustituye-concejalia-juventud-ciclo-vida-feminismos-lgtbi,2431675,17116521,57,1.0,--42429--,2015-06-17T17:49:29+00:00,1,18,"#1 Como el ministerio de defensa, que no mandó soldados a Irak o Afganistan precisamente para defender a España."
lgtbi,https://www.meneame.net/story/colau-sustituye-concejalia-juventud-ciclo-vida-feminismos-lgtbi,2431675,17116519,56,49.0,Horned,2015-06-17T17:49:12+00:00,1,17,"#49 Yo no me llamo Colau {lol} {lol}

Pero vaya, es cierto, en su tratado sobre la tolerancia Mill hablaba de la poligamia mormona."
lgtbi,https://www.meneame.net/story/colau-sustituye-concejalia-juventud-ciclo-vida-feminismos-lgtbi,2431675,17116517,55,,Apostolakis,2015-06-17T17:48:58+00:00,21,135,"Y los asexuales, nadie piensa en los .asexuales"
lgtbi,https://www.meneame.net/story/colau-sustituye-concejalia-juventud-ciclo-vida-feminismos-lgtbi,2431675,17116513,54,4.0,Homertron3,2015-06-17T17:48:20+00:00,7,4,"#4 ostias me he comido dos femivotos negativos {lol} Relacioonado conmigo mismo: https://www.youtube.com/watch?v=fEDbzCsyqiQ

Ejjjjque  Sniff 
Ejjjjque po' que lo digo yo!
Snifff
Menudo discursito..."
lgtbi,https://www.meneame.net/story/colau-sustituye-concejalia-juventud-ciclo-vida-feminismos-lgtbi,2431675,17116511,53,,--343064--,2015-06-17T17:48:05+00:00,0,7,"En colombia y venezuela se estan frotando las manos, estos no esnifan, pasan directamente la aspiradora directa a la nariz..."
lgtbi,https://www.meneame.net/story/colau-sustituye-concejalia-juventud-ciclo-vida-feminismos-lgtbi,2431675,17116492,52,22.0,putin,2015-06-17T17:46:55+00:00,13,-43,"#22  Menudos argumentos más machistas. El patriarcado va a acabar, te pongas como te pongas."
lgtbi,https://www.meneame.net/story/colau-sustituye-concejalia-juventud-ciclo-vida-feminismos-lgtbi,2431675,17116486,51,,Juan_Alfredo_AM,2015-06-17T17:45:23+00:00,1,19,Si Zapatero no hubiese regalado dinero habría crisis.
lgtbi,https://www.meneame.net/story/colau-sustituye-concejalia-juventud-ciclo-vida-feminismos-lgtbi,2431675,17116480,50,19.0,kero,2015-06-17T17:45:12+00:00,3,20,"#19 la izquierda es la herramienta que hace que la población pueda tener representación, yo no comulgo con muchas ideas de estos grupos (o la parte extremista podríamos decir) pero esta bien que estén representados. Evidentemente espero que en un órgano u otro exista igualdad y punto.

La mierda de esto es que son temas controvertidos socialmente y el debate lo van a usar los partidos de siempre para hacer mala prensa."
lgtbi,https://www.meneame.net/story/colau-sustituye-concejalia-juventud-ciclo-vida-feminismos-lgtbi,2431675,17116478,49,40.0,TierrasRaras,2015-06-17T17:45:00+00:00,5,51,"#40 Una pregunta, y es en serio,
¿por qué no incluyen a los polígamos/poliándricas? Supongo que también es una minoría discriminada por las leyes."
lgtbi,https://www.meneame.net/story/colau-sustituye-concejalia-juventud-ciclo-vida-feminismos-lgtbi,2431675,17116476,48,16.0,chemari,2015-06-17T17:44:44+00:00,6,55,#16 Indecisos
lgtbi,https://www.meneame.net/story/colau-sustituye-concejalia-juventud-ciclo-vida-feminismos-lgtbi,2431675,17116474,47,5.0,--115246--,2015-06-17T17:44:42+00:00,0,7,#5 Eso sería con hembrismo.
lgtbi,https://www.meneame.net/story/colau-sustituye-concejalia-juventud-ciclo-vida-feminismos-lgtbi,2431675,17116470,46,31.0,--74693--,2015-06-17T17:44:23+00:00,9,59,"#31 Nadie les obliga. He visto como una familia asumía que los hombres tomaban cervezas en el sofá y las mujeres se encargaban de la comida.
En vez de negarse a jugar a ese papel, mantenían con los hijos y los nietos el mismo estatus.
El primer culpable está delante del espejo, y si ya se han tomado medidas para intentar cambiar eso...ya puedes echarle la culpa a los demás."
lgtbi,https://www.meneame.net/story/colau-sustituye-concejalia-juventud-ciclo-vida-feminismos-lgtbi,2431675,17116469,45,,--451976--,2015-06-17T17:44:16+00:00,10,45,"Propongo que llame a la concejalía de sanidad ""Concejalía de reiki, terapias alternativas, sanadores y homeopatía"" {palm}"
lgtbi,https://www.meneame.net/story/colau-sustituye-concejalia-juventud-ciclo-vida-feminismos-lgtbi,2431675,17116461,44,38.0,BodyOfCrime,2015-06-17T17:43:36+00:00,42,191,"#38 No, porque en igualdad tienes que meter a los hombres {troll}"
lgtbi,https://www.meneame.net/story/colau-sustituye-concejalia-juventud-ciclo-vida-feminismos-lgtbi,2431675,17116459,43,,Bayebadetriboga,2015-06-17T17:43:22+00:00,0,10,Edit
lgtbi,https://www.meneame.net/story/colau-sustituye-concejalia-juventud-ciclo-vida-feminismos-lgtbi,2431675,17116458,42,,eskape,2015-06-17T17:43:18+00:00,3,39,"El nombre se lo ha puesto alguno o alguna que ha tenido un ""mal viaje"""
lgtbi,https://www.meneame.net/story/colau-sustituye-concejalia-juventud-ciclo-vida-feminismos-lgtbi,2431675,17116452,41,,paucazorla,2015-06-17T17:42:55+00:00,12,40,"¿Soy el único al que le parece bien? Están representadas Juventud, Gente Mayor y seguramente también políticas para edad intermedia, además de la Mujer (Igualdad) y además LGTB."
lgtbi,https://www.meneame.net/story/colau-sustituye-concejalia-juventud-ciclo-vida-feminismos-lgtbi,2431675,17116443,40,36.0,Horned,2015-06-17T17:41:42+00:00,1,20,"#36 Alguien que sí lo reivindica dice Es complicado, porque en el caso de las personas LGB, realmente no hay ningún trastorno médico que haya que arreglar (por mucho que haya gente que piense que sí). En nuestro caso, debido a que existe un diagnóstico médico, muchas personas de la comunidad LGB consideran que no pertenecemos a su colectivo. Pero yo creo que muchas de las experiencias por las que pasan los miembros del colectivo LGBT sentirse estigmatizados, encasillados son sentimientos que todos tenemos en común, que todos experimentamos a diario. http://www.vice.com/es/read/soy-intersexual-y-mi-cuerpo-funciona-perfectamente-459"
lgtbi,https://www.meneame.net/story/colau-sustituye-concejalia-juventud-ciclo-vida-feminismos-lgtbi,2431675,17116427,39,31.0,SpanishJedi,2015-06-17T17:39:47+00:00,54,270,"#31 Por lo que entiendo pues estás concluyendo que la situación de todas las mujeres en el hogar, incluso ahora en el siglo XXI es esa, ¿no?

A nadie le corresponde ni medalla ni dinero. Es la vida privada, y si no les gusta, que no lo hagan. Que tomen las riendas de su vida, o apechuguen con su elección. Y no estoy diciendo que me parezca justa esa realidad de la mujer tradicional. Pero no se puede legislar en base a emociones, hay que pensar con sentido común, porque además, vivimos nuevos tiempos, y lo sabéis."
lgtbi,https://www.meneame.net/story/colau-sustituye-concejalia-juventud-ciclo-vida-feminismos-lgtbi,2431675,17116419,38,,--10803--,2015-06-17T17:39:07+00:00,83,483,"Digo yo, y en lugar de ""Concejalía de Ciclo de la Vida, Feminismos y LGTBI"" no lo podían haber llamado, por ejemplo ""Concejalía de  Bienestar e Igualdad"" que es menos hortera y más inclusivo..."
lgtbi,https://www.meneame.net/story/colau-sustituye-concejalia-juventud-ciclo-vida-feminismos-lgtbi,2431675,17116418,37,36.0,Horned,2015-06-17T17:39:06+00:00,4,50,"#36 Ah, entiendo. Sí, por eso hay gente intersex que reivindica más otro tipo de acrónimos y no le interesa tanto eso de LGTBI. Esto de las clasificaciones muchas veces es una liada."
lgtbi,https://www.meneame.net/story/colau-sustituye-concejalia-juventud-ciclo-vida-feminismos-lgtbi,2431675,17116403,36,35.0,oliver7,2015-06-17T17:37:11+00:00,0,11,"#35 Me refería a que no le veo qué derechos o reivindicaciones hacen ya que no son discriminados (o no me consta, no lo percibo socialmente) por nadie. Y desde luego claro que pueden y deben ser escuchados, pero no me encaja con las reivindicaciones de LGTB."
lgtbi,https://www.meneame.net/story/colau-sustituye-concejalia-juventud-ciclo-vida-feminismos-lgtbi,2431675,17116376,35,34.0,Horned,2015-06-17T17:34:30+00:00,2,29,"#34 Yo no sé lo que pinta la Iglesia en todo esto pero cualquier colectivo minoritario puede ser escuchado y eso ya es interesante.

Un par de ejemplos:

https://www.meneame.net/story/esta-mujer-geneticamente-masculina-pero-gracis-ciencia-pudo

https://www.meneame.net/story/soy-intersexual-cuerpo-funciona-perfectamente-gracias

No hay que agobiarse. Seguro que todos conocemos gente intersex sin saberlo."
lgtbi,https://www.meneame.net/story/colau-sustituye-concejalia-juventud-ciclo-vida-feminismos-lgtbi,2431675,17116352,34,17.0,oliver7,2015-06-17T17:31:33+00:00,2,32,"#17 Desde mi profundo desconocimiento, no entiendo qué reivindican, ya que no me suena que hayan sido discriminados, ni por la Iglesia, ya que nacen así y no quieren cambiar de sexo ni amar a los de su propio sexo. No sé la verdad. {confused}"
lgtbi,https://www.meneame.net/story/colau-sustituye-concejalia-juventud-ciclo-vida-feminismos-lgtbi,2431675,17116172,33,29.0,igorymi,2015-06-17T17:12:41+00:00,1,23,"#29 Claro, me he equivocado!. 
Igual allí son mas serios."
lgtbi,https://www.meneame.net/story/colau-sustituye-concejalia-juventud-ciclo-vida-feminismos-lgtbi,2431675,17116164,32,,Tao-Pai-Pai,2015-06-17T17:12:09+00:00,17,121,"""Concejalía de Ciclo de la Vida"" suena muy a 1984."
lgtbi,https://www.meneame.net/story/colau-sustituye-concejalia-juventud-ciclo-vida-feminismos-lgtbi,2431675,17116159,31,22.0,perico_de_los_palotes,2015-06-17T17:11:43+00:00,30,-104,"#22 En los dos casos que indicas, estarías en igualdad de condiciones y por tanto no corresponde ni medalla ni dinero.

Ahora imagima que vives con tu padre y hermanos  y son todos unos cerdos desordenados sin idea de cocinar ... excepto tú ... por tanto te toca limpiar y hacer la comida ... siempre y solo a ti. Como te rebeles hay muy mal rollo y no tienes forma de independizarte. Las visitas les preguntan si te ""ayudan"" y ellos venden el recoger sus platos alguna vez como una contribución generosa a la par que crítica."
lgtbi,https://www.meneame.net/story/colau-sustituye-concejalia-juventud-ciclo-vida-feminismos-lgtbi,2431675,17116111,30,16.0,SergioS,2015-06-17T17:04:50+00:00,0,17,"#16 Ah, ¿es una i? Yo pensaba que era un sub {shit}"
lgtbi,https://www.meneame.net/story/colau-sustituye-concejalia-juventud-ciclo-vida-feminismos-lgtbi,2431675,17116085,29,27.0,--450592--,2015-06-17T17:02:16+00:00,3,40,"#27 Es alcaldesa de Barcelona, no presidente de la Generalitat."
lgtbi,https://www.meneame.net/story/colau-sustituye-concejalia-juventud-ciclo-vida-feminismos-lgtbi,2431675,17116077,28,25.0,--166178--,2015-06-17T17:01:40+00:00,69,372,"#25 o Concejalía Social. Al final es una concejalia para tratar temas sociales. 
Estoy con #19 estas cosas la mayoría de gente no las entiende y al final los votantes volverán a los clásicos, por mamarrachadas de este tipo.

Por ahora me gusta mas Carmena que Colau."
lgtbi,https://www.meneame.net/story/colau-sustituye-concejalia-juventud-ciclo-vida-feminismos-lgtbi,2431675,17116060,27,,igorymi,2015-06-17T16:59:25+00:00,3,17,"Ya se va notando la mano del populismo en la generalitat... jajaja
¿Estaba en el programa esta importante decisión? jaja"
lgtbi,https://www.meneame.net/story/colau-sustituye-concejalia-juventud-ciclo-vida-feminismos-lgtbi,2431675,17115973,26,,El_otro_ojo_de_Alecto,2015-06-17T16:47:41+00:00,34,199,"¿Para cuándo la concejalía de rockeros, hipsters i perroflautas?"
lgtbi,https://www.meneame.net/story/colau-sustituye-concejalia-juventud-ciclo-vida-feminismos-lgtbi,2431675,17115941,25,,angelitoMagno,2015-06-17T16:43:39+00:00,94,635,"Podrían haberlo llamado ""Consejería de Igualdad"", pero no sería tan visibilizante, ni equitativo ni incluyente.
Ni moderno, que carajo. Que esto es la alcaldía de Barcelona."
lgtbi,https://www.meneame.net/story/colau-sustituye-concejalia-juventud-ciclo-vida-feminismos-lgtbi,2431675,17115902,24,,TierrasRaras,2015-06-17T16:38:34+00:00,6,47,Hakuna Matata
lgtbi,https://www.meneame.net/story/colau-sustituye-concejalia-juventud-ciclo-vida-feminismos-lgtbi,2431675,17115900,23,,angelitoMagno,2015-06-17T16:38:23+00:00,12,117,Los de esta consejería van a necesitar tarjetas de visita desplegables.
lgtbi,https://www.meneame.net/story/colau-sustituye-concejalia-juventud-ciclo-vida-feminismos-lgtbi,2431675,17115682,22,14.0,SpanishJedi,2015-06-17T16:15:14+00:00,179,943,"#14 ¿Y si yo soy un hombre soltero que trabaja casi todo el día fuera y cuando llego a casa me tengo que ocupar de mis tareas, sin nadie que me las remunere ni me las aprecie? ¿El feminismo vendrá a defenderme?
    ¿Y si soy un hombre que vive con su pareja mujer y ambos nos dedicamos a las tareas del hogar por igual? ¿Se le remunerará a ella y a mí no?
    Ya sé, ya sé. Feminismo busca la igualdad y tal. Totalmente."
lgtbi,https://www.meneame.net/story/colau-sustituye-concejalia-juventud-ciclo-vida-feminismos-lgtbi,2431675,17115617,21,,Labuiga,2015-06-17T16:08:54+00:00,2,31,"Digo yo que la concejalía de ciclos de la vida incluirá el ciclo de la juventud, el de la madurez, el de la vejez y todos. ¿no? ¿de qué se quejan?"
lgtbi,https://www.meneame.net/story/colau-sustituye-concejalia-juventud-ciclo-vida-feminismos-lgtbi,2431675,17115324,20,,--35879--,2015-06-17T15:43:31+00:00,136,766,Muy pronto el Ministerio del Reiki y las Energías.
lgtbi,https://www.meneame.net/story/colau-sustituye-concejalia-juventud-ciclo-vida-feminismos-lgtbi,2431675,17114427,19,,scarecrow,2015-06-17T14:23:01+00:00,176,928,"Cuánto daño hacen estas mamarrachadas a la izquierda. Es como si se esforzaran por dar falsos argumentos a la caverna mediática para que les tilden de comeflores y neojipis. Pero al final la superficialidad, y no el fondo, es la leña que necesitan los mass media para manipular a las hordas. Se preocupan por el barniz de una concejalía que no funciona cuando deberían estar pensando en qué estructura necesita para hacerla funcionar."
lgtbi,https://www.meneame.net/story/colau-sustituye-concejalia-juventud-ciclo-vida-feminismos-lgtbi,2431675,17114419,18,12.0,Horned,2015-06-17T14:22:42+00:00,1,12,#12 {lol} {lol}
lgtbi,https://www.meneame.net/story/colau-sustituye-concejalia-juventud-ciclo-vida-feminismos-lgtbi,2431675,17114363,17,16.0,Horned,2015-06-17T14:19:05+00:00,14,117,"#16 Intersexual. Es biológico y siempre ha existido.

https://es.wikipedia.org/wiki/Intersexualidad"
lgtbi,https://www.meneame.net/story/colau-sustituye-concejalia-juventud-ciclo-vida-feminismos-lgtbi,2431675,17114313,16,,Caresth,2015-06-17T14:15:19+00:00,20,59,"¿Qué coño es la ""i""? Cada vez hay más gente rara..."
lgtbi,https://www.meneame.net/story/colau-sustituye-concejalia-juventud-ciclo-vida-feminismos-lgtbi,2431675,17114027,15,14.0,--483874--,2015-06-17T13:45:23+00:00,0,14,#14 ¿porque respondes a mi comentario?
lgtbi,https://www.meneame.net/story/colau-sustituye-concejalia-juventud-ciclo-vida-feminismos-lgtbi,2431675,17113872,14,5.0,--473664--,2015-06-17T13:30:02+00:00,20,-35,"#5 Me parece correcto lo de ciclos de vida. Existe vida más allá de la juventud. Resulta que como no estes afiliado a un sindicato no existes para el Estado. Un joven tiene representación en esta conserjería pero también las mujeres y no se si se refiere a los jubilados y a los parados pero estaría bien.
En cuanto a las mujeres me permito recordarte que trabajamos fuera pero la mayoría sigue despues en casa las tareas del hogar no remuneradas, ni apreciadas."
lgtbi,https://www.meneame.net/story/colau-sustituye-concejalia-juventud-ciclo-vida-feminismos-lgtbi,2431675,17113570,13,,emilio.herrero,2015-06-17T12:59:18+00:00,76,435,Lo de este pais ya empeza a ser ridiculo.
lgtbi,https://www.meneame.net/story/colau-sustituye-concejalia-juventud-ciclo-vida-feminismos-lgtbi,2431675,17113497,12,7.0,ogrydc,2015-06-17T12:52:16+00:00,7,73,#7 Que los queer tendrán que buscar en otra parte
lgtbi,https://www.meneame.net/story/colau-sustituye-concejalia-juventud-ciclo-vida-feminismos-lgtbi,2431675,17113403,11,,Horned,2015-06-17T12:44:29+00:00,24,184,"Laura Pérez (Barcelona en Comú): ""La política seguirá siendo vieja si es patriarcal"" http://m.publico.es/sociedad/1915340/laura-perez-barcelona-en-comu-la-politica-seguira-siendo-vieja-si-es-patriarcal"
lgtbi,https://www.meneame.net/story/colau-sustituye-concejalia-juventud-ciclo-vida-feminismos-lgtbi,2431675,17113380,10,,SergioS,2015-06-17T12:41:53+00:00,75,516,Ada Colau recibe la vara de mando y se le ocurre el nombre de una nueva concejalía:
lgtbi,https://www.meneame.net/story/colau-sustituye-concejalia-juventud-ciclo-vida-feminismos-lgtbi,2431675,17113370,9,8.0,Naeriel,2015-06-17T12:41:17+00:00,17,145,#8 Los 70 son los nuevos 30 {shit}
lgtbi,https://www.meneame.net/story/colau-sustituye-concejalia-juventud-ciclo-vida-feminismos-lgtbi,2431675,17113364,8,,mente_en_desarrollo,2015-06-17T12:40:38+00:00,47,279,"Yo tal y como está la pirámide poblacional lo habría cambiado por la ""Concejalía de Viejuventud""."
lgtbi,https://www.meneame.net/story/colau-sustituye-concejalia-juventud-ciclo-vida-feminismos-lgtbi,2431675,17113335,7,,--35153--,2015-06-17T12:37:29+00:00,98,652,"""Ciclo de la Vida, Feminismos y LGTBI""?? {shit} 

Mi no entender"
lgtbi,https://www.meneame.net/story/colau-sustituye-concejalia-juventud-ciclo-vida-feminismos-lgtbi,2431675,17113328,6,,Noeschachi,2015-06-17T12:36:58+00:00,7,67,"""Feminismos"" así en general...?

Me pregunto yo si a nivel municipal tiene sentido una concejalia dedicada exclusivamente a cuestiones de género o simplemente es una bandera política... electoralista?"
lgtbi,https://www.meneame.net/story/colau-sustituye-concejalia-juventud-ciclo-vida-feminismos-lgtbi,2431675,17113326,5,,--483874--,2015-06-17T12:36:41+00:00,91,436,¿¿Feminismos?? ¿y que pasa con los machismos? ¡también merecemos una concejalia! ¡¡Colau dimisión!!
lgtbi,https://www.meneame.net/story/colau-sustituye-concejalia-juventud-ciclo-vida-feminismos-lgtbi,2431675,17113323,4,,Homertron3,2015-06-17T12:36:33+00:00,21,48,Mientras no coloque a un bicho como Alba López... uff que grima.
lgtbi,https://www.meneame.net/story/colau-sustituye-concejalia-juventud-ciclo-vida-feminismos-lgtbi,2431675,17113311,3,,Naeriel,2015-06-17T12:35:13+00:00,113,818,"Es el ciiiiiiiiclo sin fiiiiiiiiiiiiiiin
que lo envuelve toooooooooooooooodoooooooo {0x1f3b6} No podía evitarlo {lol}"
lgtbi,https://www.meneame.net/story/colau-sustituye-concejalia-juventud-ciclo-vida-feminismos-lgtbi,2431675,17113310,2,,LuisPas,2015-06-17T12:35:12+00:00,13,110,espero que tambien incluya el monociclo
lgtbi,https://www.meneame.net/story/colau-sustituye-concejalia-juventud-ciclo-vida-feminismos-lgtbi,2431675,17113309,1,,BillyTheKid,2015-06-17T12:34:54+00:00,31,230,Discusiones sobre el nombre de un cargo...chiquillos todos... Lo importante son las políticas
