tema,url_meneame,id_noticia_meneame,id_comentario,numero_comentario,responde_a_numero,usuario,fecha_comentario_utc,votos,karma,texto
inmigracion,https://www.meneame.net/story/violan-interprete-cerca-campo-migrantes-calais,2686302,20553169,349,348.0,UlisesRey,2016-10-20T19:38:22+00:00,0,10,#348 Lo decía en serio.
inmigracion,https://www.meneame.net/story/violan-interprete-cerca-campo-migrantes-calais,2686302,20551845,348,347.0,--493969--,2016-10-20T15:38:58+00:00,0,9,"#347 Veo que me estás vacilando, y mi tiempo es demasiado valioso, así que adiós."
inmigracion,https://www.meneame.net/story/violan-interprete-cerca-campo-migrantes-calais,2686302,20550814,347,346.0,UlisesRey,2016-10-20T13:21:02+00:00,0,10,#346 Tienes alguna prueba?
inmigracion,https://www.meneame.net/story/violan-interprete-cerca-campo-migrantes-calais,2686302,20550587,346,345.0,--493969--,2016-10-20T12:56:40+00:00,1,18,#345 En suecia hay barrios enteros en los que la policía no se atreve a entrar debido a la criminalidad descontrolada de pandillas de musulmanes.
inmigracion,https://www.meneame.net/story/violan-interprete-cerca-campo-migrantes-calais,2686302,20547373,345,344.0,UlisesRey,2016-10-20T06:32:33+00:00,0,10,"#344 No se soluciona todo. Ni tampoco se hace con violencia. Pero sí, las cosas mejoran. 

Algunos modelos de estados más sociales son Suecia."
inmigracion,https://www.meneame.net/story/violan-interprete-cerca-campo-migrantes-calais,2686302,20546553,344,343.0,--493969--,2016-10-19T21:32:34+00:00,0,9,"#343 Dar a entender que mejorando la calidad de la educación y ""reduciendo las desigualdades"" (imagino que a base de usar la violencia del Estado para mover el dinero de unos bolsillos a otros) todo se soluciona mágicamente es crear falsas expectativas y propagar información falsa, ya que son cosas que ya se han intentado durante décadas y no han dado sus frutos.

En usa por ejemplo, un montón de programas gubernamentales gastados en ciertos colectivos que han resultado ser un pozo sin fondo {shame}"
inmigracion,https://www.meneame.net/story/violan-interprete-cerca-campo-migrantes-calais,2686302,20546458,343,342.0,UlisesRey,2016-10-19T21:13:35+00:00,0,10,#342 Qué información falsa se ha propagado?
inmigracion,https://www.meneame.net/story/violan-interprete-cerca-campo-migrantes-calais,2686302,20546319,342,341.0,--493969--,2016-10-19T20:41:02+00:00,0,9,"#341 https://es.wikipedia.org/wiki/The_Bell_Curve
Actualmente hasta hay datos de genética de por medio que varía entre poblaciones, pero no me extenderé. Sólo remarco lo triste que me parece que se propague información falsa o incompleta, sin ser conocedor del tema y por meros motivos ideológicos."
inmigracion,https://www.meneame.net/story/violan-interprete-cerca-campo-migrantes-calais,2686302,20546216,341,326.0,UlisesRey,2016-10-19T20:19:46+00:00,0,10,#326 Solo hay correlación.
inmigracion,https://www.meneame.net/story/violan-interprete-cerca-campo-migrantes-calais,2686302,20545808,340,,Sucnor,2016-10-19T18:58:55+00:00,0,6,Son sus costumbres y hay que respetarlas
inmigracion,https://www.meneame.net/story/violan-interprete-cerca-campo-migrantes-calais,2686302,20545602,339,338.0,Rarepepelarana,2016-10-19T18:17:31+00:00,0,10,"#338 Que el mundo sea global no es bueno: ha servido para propulsar a las oligarquías americanas y extender su propaganda globalmente: ellos son los artífices de las guerras que provocan migraciones y asesinatos masivos con sus guerras, y la propaganda global les aplaude. El imperio USA y Clinton promueven y quieren crear migración para aumentar el número de trabajadores baratos en Europa, y facilitar el acceso al petróleo y al gas a las empresas OTAN. Esto es la doctrina del globalismo y lo que crea."
inmigracion,https://www.meneame.net/story/violan-interprete-cerca-campo-migrantes-calais,2686302,20545581,338,79.0,--126779--,2016-10-19T18:13:04+00:00,0,7,"#79 No, no se convierten de inmediato, y muchos no llegan a convertirse nunca. Igual que los xenofobos, que a pesar de vivir en un mundo global, y ver casos como los violadores con GC incluido, siguen insistiendo en dar mayor visibilidad a las noticias cuando el violador es extranjero."
inmigracion,https://www.meneame.net/story/violan-interprete-cerca-campo-migrantes-calais,2686302,20545512,337,336.0,--276843--,2016-10-19T17:58:14+00:00,0,10,"#336 Ojo, Trol."
inmigracion,https://www.meneame.net/story/violan-interprete-cerca-campo-migrantes-calais,2686302,20545509,336,335.0,Rarepepelarana,2016-10-19T17:57:36+00:00,1,0,"#335 El trol es usted, además de no conocer el español y burlarse de otros creyendo que sí lo hace."
inmigracion,https://www.meneame.net/story/violan-interprete-cerca-campo-migrantes-calais,2686302,20545504,335,334.0,--276843--,2016-10-19T17:56:49+00:00,0,10,#334 Ojo trol.
inmigracion,https://www.meneame.net/story/violan-interprete-cerca-campo-migrantes-calais,2686302,20545500,334,320.0,Rarepepelarana,2016-10-19T17:56:24+00:00,1,0,"#320 Por cierto, esa expresión es perfecto castellano. Que usted no la conozca no implica que sea incorrecta
http://dle.rae.es/?id=1oOa9Jk

Si usted no conoce el español bien no es problema mío."
inmigracion,https://www.meneame.net/story/violan-interprete-cerca-campo-migrantes-calais,2686302,20545475,333,324.0,--525699--,2016-10-19T17:50:54+00:00,0,6,#324 en que me lio? que dices?
inmigracion,https://www.meneame.net/story/violan-interprete-cerca-campo-migrantes-calais,2686302,20545472,332,331.0,Rarepepelarana,2016-10-19T17:50:21+00:00,1,0,"#331 Ojo, el trol es ella/él."
inmigracion,https://www.meneame.net/story/violan-interprete-cerca-campo-migrantes-calais,2686302,20545470,331,330.0,--276843--,2016-10-19T17:49:57+00:00,2,3,#330 Ojo trol.
inmigracion,https://www.meneame.net/story/violan-interprete-cerca-campo-migrantes-calais,2686302,20545455,330,329.0,Rarepepelarana,2016-10-19T17:47:29+00:00,1,0,"#329 Es usted quién es un trol. Pone enlaces que no apoyan sus datos, y luego acusa de que no los has leído, cuando es que no importa, porque no tiene relación lo que apoya con esos artículos de periódico. Tanto el crimen como la bajada salarial de los trabajadores no cualificados está perfectamente fundamentada. Una en la ley de oferta y demanda, y la otra en los datos de artículos que ya le puse y que no leyó. Léalos y comprenderá mejor de qué hablo."
inmigracion,https://www.meneame.net/story/violan-interprete-cerca-campo-migrantes-calais,2686302,20545438,329,328.0,--276843--,2016-10-19T17:45:27+00:00,0,10,"#328 Afirmaciones sin datos y sin pruebas ""solo por que te lo parecen""...Anda por ahí..
ojo con este Trol"
inmigracion,https://www.meneame.net/story/violan-interprete-cerca-campo-migrantes-calais,2686302,20545433,328,327.0,Rarepepelarana,2016-10-19T17:44:03+00:00,1,0,"#327 A ver, vayamos por partes:

1. Los datos de Expansión y de elpáis no prueban absolutamente nada de lo que hemos hablado. Los inmigrantes bajan salarios, y al tener su población más joven en edad de trabajar claro que pueden aportar más, ya que la población española es tiene muchos pensionistas. Eso no significa que no bajen salarios señora, es más estas personas serán beneficiarios netos cuando se jubilen de lo que contribuyen. Si no hay inmigrantes viejos todavía claro que van a contribuir, y también a no haber dejado subir salarios, y a bajarlos cuando hay muchos trabajadores ahora que están en paro. Así que lo que ha aportado no tiene sentido como le he mostrado.

Y no hija no, los refugiados migran principalmente al sitio con mejores ayudas sociales, Suecia y Alemania, a España no quieren venir. Y para ello pagan miles de euros, para acceder a ayudas jugosas, no para huir del hambre y la persecución. Además de que más de un 40 por ciento ni son sirios.


El segundo enlace de eldiario no funciona porque no lo ha copiado bien y no lo encuentro. Esto no es ad hominem, es que aporta datos que no sirven para apoyar su tesis."
inmigracion,https://www.meneame.net/story/violan-interprete-cerca-campo-migrantes-calais,2686302,20545391,327,325.0,--276843--,2016-10-19T17:34:47+00:00,0,10,"#325 Ad hominem de libro..XDXDXDXD
Te estas retratando ¿y de lo que dicen na, verdad? Los datos son los DE LOS MINISTERIOS, ABRE, LEE Y LLORA. ya, que el gobierno vasco, que es si abres la noticia quien lo dice, y hasta hacienda oficialmente ...Solo vale lo que tu digas o los datos no valen por que son tal o cual  {lol} {lol} {lol}
Ya ... los demás son tal o cual.. a no ser que opinen como yo... {lol} {lol} {lol}
By trol."
inmigracion,https://www.meneame.net/story/violan-interprete-cerca-campo-migrantes-calais,2686302,20545377,326,319.0,--493969--,2016-10-19T17:31:42+00:00,0,9,"#319 Exacto, a menor CI menor renta per cápita. No dice que el bajo CI sea causado por la pobreza, no hay pruebas de eso, más bien de lo contrario. Pero los progres seguís con lo vuestro."
inmigracion,https://www.meneame.net/story/violan-interprete-cerca-campo-migrantes-calais,2686302,20545375,325,322.0,Rarepepelarana,2016-10-19T17:31:09+00:00,1,0,"#322 ¿eldiario y expansión son instituciones oficiales? Son panfletos propagandísticos. Los informes de bancos durante el boom inmobiliario no sirven para ver los efectos de la no subida de salarios, y la bajada posterior durante las quiebras de las cajas y su rescate por España, que ahora pagamos con recortes al sistema pública. La Moncloa no emitió comentarios sin base alguna de políticos del PP. ¿Sabe usted lo que es una institución oficial? Y por cierto, no me voy a creer a instituciones oficiales si solo emiten opiniones de ""expertos"" de la talla de Arias Cañete y demás catedráticos expertos en exclusión social, sin datos estadísticos. La realidad es que los salarios han bajado desde la explosión de la crisis, y una de las contribuciones  a su bajada es el exceso de trabajadores no cualificados (no universitarios), de los cuales un gran porcentaje son inmigrantes. Usted no lo quiere ver y cita a todos los periódicos neoliberales que quiera para no probar nada y llamándolos ""instituciones oficiales"". Siga. Nadie la va a creer."
inmigracion,https://www.meneame.net/story/violan-interprete-cerca-campo-migrantes-calais,2686302,20545367,324,307.0,--276843--,2016-10-19T17:29:51+00:00,0,10,"#307 Copia al Clon, que te estas liando...
#322"
inmigracion,https://www.meneame.net/story/violan-interprete-cerca-campo-migrantes-calais,2686302,20545335,323,,--305183--,2016-10-19T17:25:23+00:00,0,6,Rapefugees wellcome
inmigracion,https://www.meneame.net/story/violan-interprete-cerca-campo-migrantes-calais,2686302,20545329,322,315.0,--276843--,2016-10-19T17:24:08+00:00,0,10,"#315 >> No está usted hablando de los datos que aportan, porque a menudo aportan opiniones que ni ellos mismos pueden confirmar, o afirmaciones interesadas que luego 
>>no se corresponden con el hecho del crimen. 

No, el que no aporta ningún dato para justificar descartar los estudios de varias universidades y expertos respaldados por datos es usted, mas que su opinión interesada.Eso se puede decir de todo lo que nos lleva la contraria y no nos gusta {wink}

>Y no, no solamente es en Turquía, puede ser en Líbano, en zonas seguras de Siria,

{lol}XDXDXD Claroooo, que no solo en  Turquia -en medio de un golpe de estado y persecución política, con problemas de derechos humanos graves desde antes - se deben de quedar los refugiados, -usted y su familia seguuuuro se quedarían - si no que si no en la segura Libia, Nigeria o incluso en la Siria bombardeada, se quedan alli o si no...si no... ¿no son refugiados que huyen de la persecucion , la falta de seguridad y los bombardeos? http://www.hispantv.com/noticias/siria/311626/cazas-sirios-rusos-bombardean-terroristas-isis {lol}XDXDXDXDXDXD las TONTADAS que  hay que oir, de verdad ya...

>Asimismo, no ha sido capaz de refutar que el crimen esté íntimamente relacionado con la inmigración

>no ha sido capaz de refutar que el crimen esté íntimamente relacionado con la inmigración

No, yo no: los datos reales , los estudios lo afirman, no yo. Y perdone: ES USTED EL QUE TIENE QUE DEMOSTRAR LO QUE AFIRMA, no los demás LO CONTRARIO. Otra falacia a su cuenta. Y no lo ha hecho, solo repite bulos sin base real.

>los inmigrantes no contribuyan más

Aja {wink} {lol}XDXDXDXD Va a ser que tampoco  {roll} .
Invito a cualquiera a informarse por si mismo y ver como te equivocas:
------------------
Los inmigrantes aportan al Estado más de lo que reciben... también en plena crisis

(...)Aportan más que gastan .Ahora, aunque no existen cifras que constaten negro sobre blanco que las aportaciones de los inmigrantes siguen siendo superiores a los costes que generan para las arcas públicas, el balance parece claro que sigue siendo positivo. Los expertos coinciden en que ese saldo de casi 5.000 millones que recogía el informe de Moncloa era lo suficientemente cuantioso como para que se mantuviera incluso en tiempos de recesión""
www.expansion.com/2011/05/04/economia/1304527911.html
------------

Otra institucion oficial:
www.eldiario.es/norte/euskadi/inmigrantes-impuestos-prestaciones-inclu

Y ya desde hace tiempo:Los inmigrantes aportan al Estado más del doble de dinero que el que reciben
elpais.com/diario/2000/07/31/espana/964994431_850215.html
""el Gobierno gastó 148.000 millones en los inmigrantes. Éstos aportaron, a través de impuestos y cuotas de la Seguridad Social, 335.000 millones.""
www.eldiario.es/canariasahora/sociedad/inmigrantes-aportan-euros-rique
Los inmigrantes aportan uno de cada diez euros de la riqueza de España

Los impuestos que pagan los inmigrantes superan a las ayudas sociales que reciben
www.eldiario.es/norte/euskadi/impuestos-inmigrantes-superan-sociales-r Ya vemos que ni el informe de Moncloa, ni el de la Caixa, ni de la propia Hacienda te van a valer pero tu obcecación contra los datos, y tus comentarios ya  destilan un olor Xenofobia ...bien te retratas.
 Eso si, a la espera de cualquier estudio serio que apoye lo que tu si afirmas...podemos esperar sentados ...lo dicho, bien te retratas...."
inmigracion,https://www.meneame.net/story/violan-interprete-cerca-campo-migrantes-calais,2686302,20545224,321,279.0,UlisesRey,2016-10-19T17:10:03+00:00,0,10,#279 No creo que sea un fenómeno reciente.
inmigracion,https://www.meneame.net/story/violan-interprete-cerca-campo-migrantes-calais,2686302,20545212,320,316.0,--276843--,2016-10-19T17:07:31+00:00,0,10,"#316 No, si no sabes expresarte es tu problema...quizás quisites decir: "" ""no ha sacado entre sus dato s alguno ninguno que apoyara sus tesis, y los que ha sacado ya""...pero vamos, que encima seremos nosotros los que escribimos mal. Como el no saber que es de verdad la falacia de autoridad y confundirse.. {palm}"
inmigracion,https://www.meneame.net/story/violan-interprete-cerca-campo-migrantes-calais,2686302,20545208,319,284.0,UlisesRey,2016-10-19T17:06:19+00:00,0,10,#284 ? Te has leído el enlace? Dice que hay correlación entre CI y renta por cápita..
inmigracion,https://www.meneame.net/story/violan-interprete-cerca-campo-migrantes-calais,2686302,20545077,318,317.0,--272179--,2016-10-19T16:43:11+00:00,1,22,"#317 hace unos anos, creo que fue en 2009, Dresderbank petó, varias cajas petaron, postbank también y Commerzbank tuvo que hacer recapitalización urgente para poder absorber el Dresderbank y soportar el Berliner Bank, fueron los momentos iniciales de la crisis que nunca llego a golpear de lleno Alemania, cuando Merkel se gano el respeto de muchos alemanes por su forma de capear el temporal, pues el tejido económico e industrial aleman esta muy bien asentado y el nivel y diversificación mercantil de sus exportaciones es un seguro. Sabes cuánto contenía el paquete de ayudas que propuso Schauble? euros alemanes todo, 500.000 millones de euros.

Este país tiene mucho fondo ahorrado, no creo que veas un gran impacto por ese rescate. El Deutsche Bank es muy odiado por muchos alemanes, porque es para muchos el banco exponente de la economía de casino que ha asolado Europa, su mayor representante en este país, esta lleno de escándalos en la última decada."
inmigracion,https://www.meneame.net/story/violan-interprete-cerca-campo-migrantes-calais,2686302,20545009,317,314.0,Rarepepelarana,2016-10-19T16:33:12+00:00,0,10,#314 Veremos como evoluciona la economía alemana y el posible riesgo rescate del Deutsche Bank.
inmigracion,https://www.meneame.net/story/violan-interprete-cerca-campo-migrantes-calais,2686302,20544967,316,313.0,Rarepepelarana,2016-10-19T16:28:04+00:00,0,10,"#313 Aprenda a leer porque no ha entendido la oración, la ha acortado y luego la ha entendido como usted ha querido."
inmigracion,https://www.meneame.net/story/violan-interprete-cerca-campo-migrantes-calais,2686302,20544960,315,312.0,Rarepepelarana,2016-10-19T16:27:09+00:00,1,0,"#312 No está usted hablando de los datos que aportan, porque a menudo aportan opiniones que ni ellos mismos pueden confirmar, o afirmaciones interesadas que luego no se corresponden con el hecho del crimen. 

Y no, no solamente es en Turquía, puede ser en Líbano, en zonas seguras de Siria, en zonas seguras de Nigeria. Hay muchísimos millones de refugiados que atender, y traerlos ni es bueno para las personas de baja cualificación europeas ni es bueno para la mayoría de refugiados en los que no se gasta dinero por estar en origen. Y no, usted le hace la cama a empresarios que le mienten con cuentos económicos, cuyo objetivo es ese, mantener salarios bajos, como usted no ha podido afirmar que eso no ocurra. No ha aportado ningún dato sobre eso, solamente una persona que dice que no sabe si eso ocurre, aunque puede ocurrir. 

Asimismo, no ha sido capaz de refutar que el crimen esté íntimamente relacionado con la inmigración, ya que no se de durante un periodo muy reducido mientras el inmigrante se asienta no significa que no vaya a delinquir más adelante, como se ve que ha ocurrido a partir de 2004. No por que el crimen se mantenga a pesar de que aumente la inmigración significa eso que los inmigrantes no contribuyan más, especialmente si el crimen se encuentra en bajada sostenida entre la población auctóctona española. El crimen desde el 2004 al 2016 ha bajado muchísimo, y las mayores bajadas proporcionales se dan en la población española, a medida que aumenta el peso proporcional de los inmigrantes, de los que la mayoría se encuentra todavía en España. No he mentido en absoluto, no ha demostrad nada."
inmigracion,https://www.meneame.net/story/violan-interprete-cerca-campo-migrantes-calais,2686302,20544924,314,310.0,--272179--,2016-10-19T16:22:49+00:00,0,12,"#310 en Alemania llevan tres anos subiéndolo cada ano, tras un impás en el que bajaron levemente y luego se congelaron que duro tres anos, la extrema derecha (AfD) representa apenas de un 10% a un 13% de la población con derecho a voto, y tiene el problema de que tienen muy poco tiempo a su favor, por la edad de gran parte de sus votantes. Le preocupará a los políticos que querrán vivir mas tranquilos sin depender de otros partidos para gobernar, gestionar a su antojo (en todas partes cuecen habas) pero a mi no me preocupa salvo por el terrorismo y el hooliganismo que alimentan con su soflamas desde ese partido. Te digo que no me queda duda que van a pillar un par de docenas de diputados quizás se desinflen pero el 5% lo tienen asegurado, pero están de paso, de paso a la irrelevancia con un breve pero intenso momento de famoso por medio. El ochenta y muchos por ciento de la población pasa de ellos y de su delirante programa económico y social y tienen todo el arco político en contra, no les auguro mucho éxito real.

Los neoliberales son AfD"
inmigracion,https://www.meneame.net/story/violan-interprete-cerca-campo-migrantes-calais,2686302,20544903,313,311.0,--276843--,2016-10-19T16:20:15+00:00,0,10,"#311 Desde luego tu comentario de "" no ha sacado dato alguno que apoyara sus tesis, y l os que ha sacado ya "" es una afirmación descojo-nante.  lo digas tu o clones.."
inmigracion,https://www.meneame.net/story/violan-interprete-cerca-campo-migrantes-calais,2686302,20544891,312,311.0,--276843--,2016-10-19T16:18:31+00:00,2,3,"#311 Negativo por mentir. Tienes numerosos datos en los enlaces que te dado -como cualquiera puede confirmar leyendome-  y si necesitas mentir sobre lo que han dicho los demás solamente te retratas a ti mismo. Nada que estamos viendo que te han pillado con el carrito de los helados.... {wink}
Y por cierto ad verecundiam , que parece que lo desconoces se refiere, seria  a si yo diría que su opinión es cierta porque tienen autoridad estas personas para afirmar algo, cuando yo estoy hablando de los datos que aportan, no de su prestigio o la falta del, que es lo que precisamente haces tú.
Y por cierto, de la soberana chorrada de que porque no se quedan en Turquía estas personas que están buscando estabilidad y seguridad, los mismos que pidieron que les dejaran en Grecia, en un país que hace un mes ha tenido un golpe de estado y está haciendo limpieza de los opositores.... {lol}XDXDXD vamos  creo que define muy bien toda tu postura, una chorrada supina sin más base que atacar al contrario por quien es y no por lo que dice."
inmigracion,https://www.meneame.net/story/violan-interprete-cerca-campo-migrantes-calais,2686302,20544863,311,309.0,Rarepepelarana,2016-10-19T16:14:20+00:00,1,0,"#309 Usted no ha sacado dato alguno que apoyara sus tesis, y los que ha sacado ya han sido rebatidos con otros datos anteriormente en los comentarios. Usted no ha leído los comentarios ni los artículos de revistas que le he puesto y me acusa de falacias, cuando sus mismos datos no están claros, porque Pajares lo que dio es una conferencia donde ni el mismo estaba seguro de lo que decía. Eso es un tipo de información de baja calidad, y obviamente es interesado. Nada de lo que ha dicho Pajares eran datos oficiales en cuanto al efecto pernicioso (al no dejar que suban los salarios cuando deben, y que bajen cuando hay crisis en el ciclo económico) de la inmigración de baja cualificación en los obreros no cualificados autóctonos. Es más, él piensa que puede ser que sea verdad, pero al parecer el no lo ha investigado. Qué raro me parece.

Politikon no saca datos, si no que da opiniones de otras opiniones en este artículo que usted propuso, y que también son rebatidas en los comentarios de ese mismo artículo. Usted se basa fundamentalmente argumentos de autoridad, falacias ad verecundiam, que luego no se sustentan en análisis profundos (es así porque lo ha dicho este experto en una ponencia)."
inmigracion,https://www.meneame.net/story/violan-interprete-cerca-campo-migrantes-calais,2686302,20544819,310,308.0,Rarepepelarana,2016-10-19T16:08:15+00:00,0,10,"#308 En Alemania suben porque se ha visto que políticamente no conviene políticamente al centro-derecha centro-izquierda neoliberal importar más gente para mantener bajos los salarios. Yo no sé si va a cambiar o no, porque Trump tiene pinta de ser un mentiroso, pero Killary es más de guerras con Rusia y continuar asesinando a gente para robarle el petróleo. Ucrania, Siria y Libia son parte de su legado como Secretaría de estado. ¿Cuál será su legado como presidenta?"
inmigracion,https://www.meneame.net/story/violan-interprete-cerca-campo-migrantes-calais,2686302,20544799,309,301.0,--276843--,2016-10-19T16:05:43+00:00,0,10,"#301 > Politikon es un thinktank neoliberal pro-inmigración (bla,bla, bla)
 >El Pajares (que investiga en temas de exclusión social, y le interesa que vengan pobres a España para hablar de la exclusión (bla,bla, bla)

¿De verdad que lo único que tienes contra unas afirmaciones sustentadas en datos y estudios, muchos de ellos de los datos OFICIALES (RNC) que se pueden consultar en las webs del ministerio son Ad hominems pateticos sin tener datos tu que apoyen tus propias opiniones? ¿no sabes que la verdad  es la verdad la diga alguien interesado -cosa que no has demostrado-, Agamenon o su porquero? No entras en los datos -muchos de otro estudiosos y fuentes-, de datos oficiales como digo, y lo unico que puedes sacar son meterte con el mensajero, una falacia clásica, y esperas que le demos algún valora tu opinion? vamos, que ya nos lo estas diciendo todo {wink}"
inmigracion,https://www.meneame.net/story/violan-interprete-cerca-campo-migrantes-calais,2686302,20544797,308,300.0,--272179--,2016-10-19T16:05:24+00:00,0,12,"#300 sobre lo demás no hace falta que vengan refugiados para bajarte los salarios en España, de hecho tenéis poquitos hoy por hoy, en Alemania suben por lo que estoy bastante tranquilo.

Hillary? si, despreciable y culpable, pero lo que hay ahora es un montón de territorio inabarcable convertido en un avispero. La gente huye en masa y se produce un efecto domino que colapsa los campos de los que hablas, segun tus enlaces en un ano hay mas de diez millones de desplazados mas. Y si gana Trump no va a cambiar nada, no se va a reducir la tendencia ni las zonas de las que hablas tenderán a ser seguras sino todo lo contrario, por lo que todo este tema ya sabido de las proxy wars y demás lo podremos discutir y te daré cien veces la razón, pero hay que centrarse en el ahora."
inmigracion,https://www.meneame.net/story/violan-interprete-cerca-campo-migrantes-calais,2686302,20544789,307,297.0,--525699--,2016-10-19T16:04:05+00:00,1,-4,"#297 datos IRRELEVANTES porque las premisas en uno y otro caso son muy diferentes, no se para que quieres tanto dato y estudio si no tienes el sentido común para ver cuando se pueden extrapolar las conclusiones, es que es como si me hablas sobre la dieta de la gente en un periodo de hambruna y en uno de bonanza, pues no es comparable, un estudio de uno no vale para el otro.

es la palabra de un politico, que vale menos que esos estudios que citas, no me gusta que se comprometan a eso, pero me alegro de que no lo cumplan.

muy bonito el apego y todo eso pero... ¿por qué no se quedan en Turquia o Libano o cualquiera de la zona que NO ESTAN EN GUERRA? estas mareando la perdiz, no te cruzas el mediterraneo en condiciones penosas si pretendes volver, no se lo cree nadie; los que se quedan por la zona son los que quieren volver, los otros ya que tal pues cambio de vida a europa ) ni que siria e irak fueran unos paises cojonudos, que me digas marruecos o egipto todabia, pero irak? lol"
inmigracion,https://www.meneame.net/story/violan-interprete-cerca-campo-migrantes-calais,2686302,20544777,306,304.0,BiRDo,2016-10-19T16:02:42+00:00,1,20,#304 Mira historiales. Vas a flipar.
inmigracion,https://www.meneame.net/story/violan-interprete-cerca-campo-migrantes-calais,2686302,20544673,305,300.0,--272179--,2016-10-19T15:50:04+00:00,0,12,"#300 Gracias por buscarlo. Segun leo en posteriores noticias de la misma fuentebque das, eso fue el anuncio de un plan que no se ha materializado finalmente.

Swedish advocates are rejoicing at the news that the Swedish Government has restored its 2016 commitment to the Global Fund to SEK 850 million ($99 million). In March 2016, GFO reported that the Swedish Government was planning to cut its 2016 contribution by SEK 300 million stating that the “unfortunate, but necessary cuts” were due to increasing refugee costs. GFAN was instrumental in mobilizing 159 organisations to sign a letter to the Swedish Government calling on Sweden to “stand by its global health commitments and to not make cuts in its contribution to the Global Fund at this crucial moment.”

Whilst the news is good for the Global Fund, some advocates were concerned that it could again bring to the fore excuses for European governments to reduce funding to the Fund due to the refugee crisis, ultimately pitting one vulnerable group of people against other vulnerable groups.

Sweden has not yet announced a pledge for the Global Fund’s Fifth Replenishment, but this recent decision to reinstate its 2016 commitment in full is promising.

http://www.aidspan.org/gfo_article/replenishment-round-us-announces-pledge-43-billion-kenya-raises-bar-africa-and-sweden

La reubicación ya se está dando y esa reubicación se hace desde Lampedusa o Lesbos, pero los campos de refugiados de los que hablas no pueden albergar a toda la gente. Según tus mismas fuentes hay cerca de 70 millones de personas desplazadas, los países de la UE que han acogido refugiados, acogen pese al efecto aumentador que tienen los datos para nosotros, a una ínfima parte de los refugiados, como ya te he dicho el país que mas refugiados sirios acoge aun controlando un tercio apenas de su territorio, es la propia siria."
inmigracion,https://www.meneame.net/story/violan-interprete-cerca-campo-migrantes-calais,2686302,20544558,304,303.0,Rarepepelarana,2016-10-19T15:37:26+00:00,0,10,"#303 Alguno hay sí, ¡Pero espero que sea que lo digan de forma irónica {wow}!. Así lo entendía yo."
inmigracion,https://www.meneame.net/story/violan-interprete-cerca-campo-migrantes-calais,2686302,20544491,303,302.0,BiRDo,2016-10-19T15:30:16+00:00,0,10,"#302 Nadie está generalizando nada <-- Macho, léete los comentarios. Si hay más de uno que sólo expele racismo."
inmigracion,https://www.meneame.net/story/violan-interprete-cerca-campo-migrantes-calais,2686302,20544383,302,165.0,Rarepepelarana,2016-10-19T15:14:26+00:00,0,10,"#165 Nadie está generalizando nada. Simplemente se describen las consecuencias negativas de la inmigración, y que lo que se podría hacer es simplemente expulsarlos a campos de refugiados cerca de los lugares de origen, donde si de verdad son refugiados políticos se les acoja. A los económicos se les mantiene  en el campo de refugiados fuera de la UE, financiado por nosotros, que es más barato y llegaría a más gente por el efecto divisa en esos países, mientras se negocia con los países de origen su repatriación a zonas seguras. No es blanco ni negro."
inmigracion,https://www.meneame.net/story/violan-interprete-cerca-campo-migrantes-calais,2686302,20544341,301,299.0,Rarepepelarana,2016-10-19T15:09:31+00:00,0,10,"#299 Politikon es un thinktank neoliberal pro-inmigración dirigido por el neoliberal demócrata Roger Senserrich. El problema de toda esta historia es que los inmigrantes llegaban a trabajos que se financiaban con deuda, y subían la demanda de manera ficticia porque su trabajos producían productos de valor inflado: mayoritariamente las viviendas y trabajos relacionados con la construcción, así como trabajos de servicios que crecían al calor del crecimiento económico ficticio del boom inmobiliario. 

Lee los comentarios de ese blog, y verás que está claro que sectores poco intensivos en capital humano cualificado, se producen bajadas en los salarios. Y no, achacar que el crecimiento del empleo depende de muchos factores no significa que la inmigración no tenga impacto. Tus afirmaciones tienen escaso apoyo empírico y  a menudo vienen de los thinktanks neoliberales más famosos, desde el partido demócrata, al que le encanta la inmigración y los salarios bajos. Por favor, los artículos son pura teoría y nada de datos. Si el país no ha cambiado en absoluto su modelo de crecimiento y se basa en la deuda y la posterior destrucción de empleo ¿De dónde se va a crear empleo? En serio, justificar traer a millones de inmigrantes con ilusiones ficticias de empleo que luego hemos acabado pagando todos con la quiebra de las casas no se sostiene.

El Pajares (que investiga en temas de exclusión social, y le interesa que vengan pobres a España para hablar de la exclusión, otro conflicto de intereses) dice que no hay pruebas, y el mismo afirma que si los españoles tienen escasa cualificación, si que puede que se vean perjudicados. Vamos que el mismo no tiene ni idea o no quiere tenerla. Y durante el boom, cuando el dinero de nuestras cajas iba a bolsillos de empresarios y al incremento de población inmigrante, era posible que no bajaran los salarios, pero sí era posible que no subieran como debían, inflando aún más la burbuja y aumentando la deuda que pagamos todos. Vaya argumentos que me traes, de un blog más partidista y pro-Hillary Clinton que la guerra de Siria."
inmigracion,https://www.meneame.net/story/violan-interprete-cerca-campo-migrantes-calais,2686302,20544256,300,285.0,Rarepepelarana,2016-10-19T14:56:46+00:00,0,10,"#285 http://www.aidspan.org/gfo_article/activists-respond-quickly-decision-sweden-cut-2016-contribution-global-fund



Lo leí aquí, voy a releerlo a ver si no me he enterado bien. Al parecer todavía no es seguro, porque todas las ONGs están luchando para que no les recorten, pero en teoría ese dinero va a ir a acoger a los refugiados en Suecia, lo que les costaría mucho menos si no estuvieran allí, por el efecto divisa.


En relación con lo anterior, no he hablado de dejar que se ahogue esa gente, si no de rescatarlos y devolverlos a campos de la ONU/campos de refugaiados cerca de su país financiados por la UE. En Nigeria y Siria hay numerosas zonas seguras, y lo mismo para otras zonas de conflicto. La mayoría de refugiados sirios y nigerianos viven en Siria y Nigeria. No hay ninguna necesidad de traerlos aquí a no ser que sea por motivos de bajar salarios. Sale más caro y es llega mucho menos los que son tan pobres que no pueden pagar los miles de euros que cuestan las mafias. Los más pobres no vienen. Y sí, el conflicto sirio tiene más que ver con USA y el apoyo de la UE a la guerra por el gas que a Assad, cuya familia lleva décadas gobernando. Igual que pasó en Libia, donde Hillary Clinton dijo, ""entramos, vimos y el murió"" en relación a Gaddafi. Déjate de complejos conflictos cuando los primeros actores son oligarquías occidentales sedientas de gas, petróleo y trabajadores baratos para sus empresas."
inmigracion,https://www.meneame.net/story/violan-interprete-cerca-campo-migrantes-calais,2686302,20544184,299,298.0,--276843--,2016-10-19T14:47:02+00:00,0,10,"#298 Tu párrafo es un cúmulo de conclusiones sacadas de la nada, de opiniones para desvalorizar estudios sobre quien ni siquiera conocis ni a ellos ni a su trabajo - por que no te convienen-, y encima erróneas. 

Te voy a poner lo que puesto hace poco a otro, para que te des cuenta que tu planteamiento es totalmente erróneo, y aquí sí hasta los estudios científicos se oponen a tu opinión:
 sobre inmigración y paro
 otro que se lía con lo ""evidente"" y piensa que las cosas son tan sencillas:
--------------------
""Es comprensible que estas creencias estén tan extendidas. Al fin y al cabo, la lógica más inmediata parece estar a su favor: en España somos X personas dispuestas a trabajar, hay Y empleos a un salario S marcado por la ley de la oferta y la demanda. Como observamos desempleo, sabemos que X>Y. Por tanto, S no es demasiado alto. Una cantidad N de inmigrantes aumentará la cantidad de trabajadores disponibles en X+N, que será aún mayor que Y. Así, los empleos serán relativamente más escasos. De paso, los salarios bajarán porque habrá más fuerza de trabajo disponible. ¿O no?

El problema es que esta lógica es solo aparente. La oferta de puestos de trabajo no está fijada, sino que depende de infinidad de factores. Siguiendo con la inmigración, el mero hecho de que la población aumente también incrementará la demanda. Aún más importante es el hecho de que un considerable porcentaje de los inmigrantes llegan a su país de destino a abrir sus propios negocios, incrementando las probabilidades de puestos disponibles. Además, el mercado laboral no es único, sino que está segmentado: no todos los trabajadores potenciales competimos con las mismas habilidades ni para las mismas posiciones. Una parte importante de la inmigración puede llegar al país a completar su mercado de trabajo, trayendo perfiles complementarios y no sustitutivos, y por tanto incrementando la productividad de un gran número de empresas.

Todos estos mecanismos nos indican que la relación entre inmigración, empleo y salarios es mucho más compleja y contradictoria de lo que cabría pensar; desde luego, mucho más de lo que piensa la mitad o más de los españoles de más de dieciocho años. Las características del mercado de destino y de la población racirante son fundamentales para avanzar el efecto final.""

------------- ""(...) Sin embargo, no hay prueba concluyente alguna que nos permita corroborar tal efecto, como Pajares mismo admite y como subrayan los estudios citados en el párrafo anterior."" 
Y estos estudios no son de Miami: Son de España {wink} ¿Los inmigrantes nos quitan el trabajo?
politikon.es/2015/09/04/los-inmigrantes-nos-quitan-el-trabajo/

2- Los estudios son del 2004, 2008 y los valores del CIS del 2013 y actuales en la ultima valoración , por tanto de los momentos de mayor inmigración , de mayor incidencia de la crisis y posteriores, valores también actuales. Desde luego ahora hay menos inmigrantes - ahora somos nosotros- y por tanto tienen aun menos incidencia ya que la inmigración se ha ajustado a nuestros niveles de paro, y de hecho incluso durante la crisis -no te digo nada durante la bonanza- los inmigrantes generaron mas riqueza al estado que lo que recibieron. 
___

y 3: yo no me baso solo en el estudio de la Caixa, tambien en estudios del gobierno vasco posterior, mas estudios y hasta en los datos OFICIALES  de Hacienda."
inmigracion,https://www.meneame.net/story/violan-interprete-cerca-campo-migrantes-calais,2686302,20544128,298,282.0,Rarepepelarana,2016-10-19T14:41:14+00:00,0,10,"#282 El estudio de la Caixa está hecho en la época del boom de deuda, donde los inmigrantes servían para bajar salarios y que no subieran, y el paro se demuestra ahora con niveles de paro que han sido los más altos de la historia desde el final de la dictadura. Que un aumento inesperado y enorme de la inmigración no se correlacione inmediatamente y linealmente con el crime no implica que esas diferencias en crimen no se vayan a manifestar después. De hecho, el número de criminales extranjeros en las cárceles españoles empezó a incrementarse algo después, porque a medida que el peso de los españoles disminuía en proporción. Afirmaciones de políticos del PP para apoyar a sus propias políticas no son artículos científicos.Estás mezclando épocas diferentes y recortes de periódico con comentarios de Arias Cañete y demás políticos del PP, que a menudo tienen los intereses partidistas de tener inmigrantes baratos por millones para los empresarios de los que obtenían mordidas

No fue una época de afluencia, fue una época de deuda donde los empresarios trajeron millones de personas para bajar salarios, y ahora que ya han quebrado las cajas y han endeudado el país, los desahucios y los problemas económicos los paga la población de España con recortes en sanidad y educación. Algunos estudios afirman que con el tiempo, el nivel de crimen se asemeja al español, pero esto no va a ocurrir si seguimos importando masivamente a más personas. Y sí, la inmigración significa más paro y crimen si se trae inmigración masiva porque la capacidad productiva del país tiene un límite, y peor si las personas que vienen son de países con niveles educativos peores con crimen más alto, y encima para crear burbujas inmobiliarias en un país donde el paro lleva décadas por encima del 9 por ciento, algo impensable en países del norte de Europa.

La creación de empresas no tiene que ver con la creación de trabajo neto, ya que los inmigrantes pueden emplear a inmigrantes en sus negocios por tener salarios peores, y crear empresas que quiebren otras que estaban acostumbradas a otros niveles de precios. Se baja el salario de los empleados y los estándares de vida de los trabajadores, pero inmigrantes empresarios pueden tener éxito en detrimento del resto de trabajadores. Este es el típico argumento de cualquier político del PP o Ciudadanos, a los que les gusta hacer reformas laborales y bajar el salario mínimo, para que el resultado sea la creación de mucho empleo precario a partir de menos empleo de mejor calidad cuando había escasez de trabajadores. Tu comentario entero es propaganda del PP. 

El dato sobre la educación no sé si sería verdad cuando lo dijo el sociólogo que asesora contra la discriminación. Tiene intereses creados en traer inmigrantes, para seguir recibiendo proyectos y dinero de integración. Ahora mismo, los niveles de educación son más bajos, porque la inmigración africana y de Oriente Medio es la que está aumentando y es la que peor niveles educativos tiene. La migración ex-repúblicas soviéticas era más educada que la media española. la latinoamericana era menos educada por no tener menos porcentaje de títulos universitarios aunque si tenía más por tener la secundaria completa, con lo que la diferencia final era menor. De todas maneras, solamente hay que ver el informe PISA y comprobar lo pésimo del nivel educativo en lectura, ciencias y matemáticas de los estudiantes de países latinoamericanos comparado con España, que aun no siendo buenos, la diferencia es muy alta. Desde luego, si sigue viniendo de África, la inmigración tendrá un nivel educativo peor y no se ve que vaya a mejorar mucho.
http://onlinelibrary.wiley.com/wol1/doi/10.1111/j.1468-2435.2010.00610.x/full
 
En este artículo se ven los diferentes niveles educativos por grupo inmigrante, sí quieres te lo paso por correo porque es de pago. Aunque también se podría encontrar en sci-hub creo.

 Nadie habría traído inmigrantes al norte de Europa con un paro tan alto como tenemos en España, Aznar sí lo quería para bajar salarios, y fue bien recompensado por el lobby empresarial, entre otras muchas cosas, también por las regularizaciones masivas, que es otra medida corrupta junto con las mordidas y numerosas tramas de corrupción del PP."
inmigracion,https://www.meneame.net/story/violan-interprete-cerca-campo-migrantes-calais,2686302,20543989,297,296.0,--276843--,2016-10-19T14:23:37+00:00,0,10,"#296 No, los estudios lo que dicen es que no se puede percibir efecto negativo determinante. Lo que tu opines desde tu casa sin datos solo es eso, una opinión que se opone a los datos y a los estudios serios y científicos sobre lo que se esta tratando, tu lo veas ridículo o no. Y si, asi le dare el valor que eso precisamente tiene: opinión persona  frente a estudios y datos, y que se opone a estos.

Y lo de comprometerse....fue lo que se decidió de repartir entre países para minimizar el impacto por parte de los expertos de la UE...
inicialmente 16000 le tocaban a España, luego bajaron a 14.000 y.. han traido a 418..asi que la gilipollez cuantaselo a los expertos, a Merkel y a el gobierno..
""De las casi 16.000 personas que España se comprometió hace seis meses a traer desde los campamentos improvisados de Italia y Grecia, solo han llegado 18 (cifras oficiales)."" http://politica.elpais.com/politica/2016/04/05/actualidad/1459880210_430218.html

Y un último apunte: eso de ""quieren vivir mejor"" Entre personas que son desplazados (o si prefieres inmigrantes obligados no voluntarios) es una visión muy centrista y egocéntrica de ""europeo superior "", por mucho que sí que seamos más avanzados tecnológica y en nuestro Estado de bienestar. La gran mayoría de la gente está muy orgullosa de su país, de su tierra y sus costumbres, y no quieren vivir mejor tal y como lo entendemos en Europa, para ellos, como para cualquiera su tierra es lo mejor, es donde se sienten a gusto y no desplazados, en su cultura y costumbres, en su tierra, Para la cual quieren trabajar y mejorar para llegar a nuestro nivel o mejor ,con su familia, a la que se siente muy apegados, para ellos, que se vieron obligados a trasladarse de donde vivían, Europa no es el lugar mejor posible para vivir, es su tierra. No es tan difícil de comprender.
Piensa , por ejemplo, en Londres, la City...y toda la gente que quiere volver."
inmigracion,https://www.meneame.net/story/violan-interprete-cerca-campo-migrantes-calais,2686302,20543894,296,295.0,--525699--,2016-10-19T14:13:35+00:00,0,6,"#295 en el boom esta claro que se pueden absorber, y si su efecto es positivo o negativo es imposible de determinar. en crisis con alto paro, veo riduculo pretender que no van a tener un efecto negativo; pero oye, que a ti te parece que esos estudios, en condiciones mucho mejores de paro, demuestran algo... pues tu mismo

y lo de comprometerse a traer 14mil me parece una gilipoyez, no se pa que van a cruzar el mediterraneo teniendo cerca un monton de paises islamicos... salvo que sean inmigrantes economicos además de refugiados.

en resumen, los sirios que quieren volver a siria se van a libano, turquia y otros paises de la zona, si quieres volver no te vas a tomar por culo... y los sirios que ya de paso quieren vivir mejor tratan de venir a europa,"
inmigracion,https://www.meneame.net/story/violan-interprete-cerca-campo-migrantes-calais,2686302,20543791,295,293.0,--276843--,2016-10-19T14:03:39+00:00,0,10,"#293 Los estudios son del 2004, 2008 y los valores del CIS del 2013 y actuales en la ultima valoración , por tanto de los momentos de mayor inmigración , de mayor incidencia de la crisis y posteriores, valores también actuales. Desde luego ahora hay menos inmigrantes - ahora somos nosotros- y por tanto tienen aun menos incidencia ya que la inmigración se ha ajustado a nuestros niveles de paro, y de hecho incluso durante la crisis -no te digo nada durante la bonanza- los inmigrantes  generaron  mas riqueza al estado que lo que recibieron. 
Pero, volviendo al tema,  como ves no son de Miami, son de aqui, y te recuerdo que desplazados nos comprometimos a traer 14.000...y hemos traído 418. Asi que la inmigración de refugiados poca incidencia puede tener actualmente para cambiar la situacion. 
Eso si, la totalidad de los expulsados y desplazados  por la guerra pueden definirse como ""refugiados"", tan solo los que entre ellos quieran quedarse pueden denominarse ellos -y solo ellos- inmigrantes, lo diga quien lo diga."
inmigracion,https://www.meneame.net/story/violan-interprete-cerca-campo-migrantes-calais,2686302,20543706,294,288.0,--276843--,2016-10-19T13:55:11+00:00,0,10,#288 Y ...disculpa por haberme confundido de meneante {tongue}
inmigracion,https://www.meneame.net/story/violan-interprete-cerca-campo-migrantes-calais,2686302,20543694,293,291.0,--525699--,2016-10-19T13:53:57+00:00,0,6,"#291 los estudios ""citados"" son en condiciones totalmente diferentes a las de ahora, pensé que era evidente!
y es de sentido común que un pais con 20% de paro no puede absorber inmigracion poco cualificada

y no hace falta que definas inmigrantes y refugiados que ya lo se, tu decias que son refugiados, yo te doy fuentes de que están juntos ambos grupos."
inmigracion,https://www.meneame.net/story/violan-interprete-cerca-campo-migrantes-calais,2686302,20543608,292,290.0,--276843--,2016-10-19T13:44:56+00:00,0,10,"#290 Y por cierto: los inmigrantes son aquellos que quieres desplazarse, los refugiados se ven obligados a ello, y mayoritariamente los sirios están deseando regresar a sus vidas, propiedades, casas y ver a sus familiares. No es lo mismo irse, que verse empujado, aunque algunos quieran luego quedarse son minoría. Del titulo de tu enlace: Cerco al campo de refugiados de Calais."
inmigracion,https://www.meneame.net/story/violan-interprete-cerca-campo-migrantes-calais,2686302,20543585,291,290.0,--276843--,2016-10-19T13:42:21+00:00,0,10,"#290 Por favor, si vas a leer a los demás, léelos hasta el final. Como te pongo, los estudios no son de Miami, eso solo lo cita, son estudios de España.

-------------
""(...) Sin embargo, no hay prueba concluyente alguna que nos permita corroborar tal efecto, como Pajares mismo admite y como subrayan los estudios citados en el párrafo anterior."" 
Y estos estudios no son de Miami: Son de España {wink} 
¿Los inmigrantes nos quitan el trabajo?
politikon.es/2015/09/04/los-inmigrantes-nos-quitan-el-trabajo/"
inmigracion,https://www.meneame.net/story/violan-interprete-cerca-campo-migrantes-calais,2686302,20543574,290,289.0,--525699--,2016-10-19T13:40:55+00:00,0,6,"#289 el país dice ""inmigrantes Y  refugiados"" es decir que no es tan descabellado mezclarlos.

y sobre la cita del articulo... si eso ya lo se! precisamente te cito lo de miami y te digo que no vale pa comparar por las enormes diferecnias de paro!!! commparar miami en los 80 con europa ahora me parece ridiculo, con paro entorno al 20% es evidente que si viene más gente y encima menos formada y que deberán adptarse culturalmente esta claro que el paro aumentará; en poblaciones con un 5% de paro seguramente la inmigracion tendra en ocasiones efecto positivo y en otras negativo en paro y salarios según el resto de circunstancias..."
inmigracion,https://www.meneame.net/story/violan-interprete-cerca-campo-migrantes-calais,2686302,20543543,289,288.0,--276843--,2016-10-19T13:37:01+00:00,0,10,"#288 Si, que no se han desplazado por propia iniciativa, si no obligados por la situacion: refugiados. Y la mayoría les gustaría volver a su país.
>>yo no he afirmado nada sobre inmigración y paro
Tienes razon , lo hacia   Rarepepelarana, pero...no otro que se lía con lo ""evidente"" y piensa que las cosas son tan sencillas:
--------------------
""Es comprensible que estas creencias estén tan extendidas. Al fin y al cabo, la lógica más inmediata parece estar a su favor: en España somos X personas dispuestas a trabajar, hay Y empleos a un salario S marcado por la ley de la oferta y la demanda. Como observamos desempleo, sabemos que X>Y. Por tanto, S no es demasiado alto. Una cantidad N de inmigrantes aumentará la cantidad de trabajadores disponibles en X+N, que será aún mayor que Y. Así, los empleos serán relativamente más escasos. De paso, los salarios bajarán porque habrá más fuerza de trabajo disponible. ¿O no?

El problema es que esta lógica es solo aparente. La oferta de puestos de trabajo no está fijada, sino que depende de infinidad de factores. Siguiendo con la inmigración, el mero hecho de que la población aumente también incrementará la demanda. Aún más importante es el hecho de que un considerable porcentaje de los inmigrantes llegan a su país de destino a abrir sus propios negocios, incrementando las probabilidades de puestos disponibles. Además, el mercado laboral no es único, sino que está segmentado: no todos los trabajadores potenciales competimos con las mismas habilidades ni para las mismas posiciones. Una parte importante de la inmigración puede llegar al país a completar su mercado de trabajo, trayendo perfiles complementarios y no sustitutivos, y por tanto incrementando la productividad de un gran número de empresas.

Todos estos mecanismos nos indican que la relación entre inmigración, empleo y salarios es mucho más compleja y contradictoria de lo que cabría pensar; desde luego, mucho más de lo que piensa la mitad o más de los españoles de más de dieciocho años. Las características del mercado de destino y de la población racirante son fundamentales para avanzar el efecto final.""

------------- ""(...) Sin embargo, no hay prueba concluyente alguna que nos permita corroborar tal efecto, como Pajares mismo admite y como subrayan los estudios citados en el párrafo anterior."" Y estos estudios no son de Miami: Son de España {wink} ¿Los inmigrantes nos quitan el trabajo?
http://politikon.es/2015/09/04/los-inmigrantes-nos-quitan-el-trabajo/"
inmigracion,https://www.meneame.net/story/violan-interprete-cerca-campo-migrantes-calais,2686302,20543473,288,286.0,--525699--,2016-10-19T13:29:20+00:00,0,6,"#286 asi buscando rapidamente en google: el país 7000 inmigrantes y refugiados, entre ellos 400 niños http://www.elmundo.es/internacional/2016/09/07/57cf12e722601d703b8b457b.html

yo no he afirmado nada sobre inmigración y paro, pero ya que estamos... comparar miami en los 80 con europa ahora me parece ridiculo, con paro entorno al 20% es evidente que si viene más gente y encima menos formada y que deberán adptarse culturalmente esta claro que el paro aumentará; en poblaciones con un 5% de paro seguramente la inmigracion tendra en ocasiones efecto positivo y en otras negativo en paro y salarios según el resto de circunstancias..."
inmigracion,https://www.meneame.net/story/violan-interprete-cerca-campo-migrantes-calais,2686302,20543380,287,274.0,genba,2016-10-19T13:19:26+00:00,0,7,"#274 ¿Te has parado a pensar en lo absurdo de esa alegación? No todos deberíamos ser capaces de diseñar cohetes intergalácticos. En cambio, todos deberíamos ser capaces de saber que violar a una mujer está mal.

Pero respondiendo a tu pregunta:

No tengo a mano las estadísticas de otros países o épocas (¿para qué quieres otras épocas, para saber si en la Edad Media se violaba más o menos que hoy en día? WTF?!), pero sí te puedo decir que he leído que Suecia es uno de los países con mayor índice de violaciones (creo que del mundo; según sé India tampoco se queda atrás). No tengo enlaces a mano, pero una búsqueda en el sacrosanto Google (o cualquier otro buscador) debería arrojarte unos cuantos resultados, especialmente si buscas en inglés.

Sin embargo, también debo decirte que comparar estadísticas de un país con otro no siempre funciona, por diferentes motivos:

- El índice de denuncias no es igual en todos los países, por lo que las estadísticas a veces son menores que el número real de violaciones. Por ponerlo clarito: en un país musulmán muy pocas mujeres denuncian, porque, a menos que tengan 4 testigos de que han sido violadas, denunciar la violación sin tener suficientes testigos equivaldría a reconocer haber cometido adulterio, lo cual se castiga con la lapidación. Ni que decir tiene que esto no es precisamente un incentivo para que denuncien. En un país europeo, por contra, las mujeres sí denuncian con más frecuencia, porque no corren el riesgo de ser condenadas a muerte por confesar haber tenido relaciones sexuales fuera del matrimonio.

- Diferentes países tienen diferentes definiciones de qué se considera una violación y, por tanto, a veces los números se reducen debido a una definición muy restrictiva de lo que es una violación.

- Diferentes países calculan las estadísticas de violaciones de forma diferente. Por ejemplo: en un estudio estadístico de un país X una mujer violada por 5 tíos se cuenta como 1 única violación, mientras que en otros estudio Y se cuenta como 5 violaciones.

Así que comparar estudios no es fácil, porque esos estudios no están hechos siguiendo las mismas directrices. Sin embargo, tampoco es necesario comparar, porque el hecho de que haya violaciones, y que además sean muchas, supone de por sí un problema.

Por tanto, en lugar de intentar siempre compararnos con los demás, deberíamos trabajar para identificar los problemas que tenemos nosotros (no los demás) y buscar soluciones a los problemas que tenemos nosotros (no los demás). Que en nuestro país hubiera menos violaciones que en otros países, no significa que tengamos un problema menor. La existencia de violaciones (y especialmente la desprotección legal de algunas víctimas) es un grave problema que tenemos que solucionar, independientemente de que otros la tengan más grande (la estadística, malpensados {troll})."
inmigracion,https://www.meneame.net/story/violan-interprete-cerca-campo-migrantes-calais,2686302,20543323,286,283.0,--276843--,2016-10-19T13:14:51+00:00,0,10,"#283 También lo hacías en las cárceles con los delincuentes que no lo son normalmente ni de lejos, y se puede ser inmigrante y refugiado, o sólo inmigrante, o solo refugiado.Y no, en Calais , si te refieres al campamento de refugiados, hay eso, refugiados, desplazados de sus hogares que no querían irse de ellos.
Pero vamos, que por no mezclar cosas de tu último comentario, ya que también afirmabas que la inmigración afecta al paro de los autóctonos, te recomiendo esto, donde se citan los estudios científicos que desmitifican y anulan ese otro bulo:
http://politikon.es/2015/09/04/los-inmigrantes-nos-quitan-el-trabajo/
 ------- Sin embargo, no hay prueba concluyente alguna que nos permita corroborar tal efecto, como Pajares mismo admite y como subrayan los estudios citados en el párrafo anterior--------
...
...
..."
inmigracion,https://www.meneame.net/story/violan-interprete-cerca-campo-migrantes-calais,2686302,20543239,285,252.0,--272179--,2016-10-19T13:06:16+00:00,0,12,"#252 Hay actores en Europa muy importante que han orquestado las masacres, y simplemente no me ha dado datos objetivos de que el gasto expandido no solucione en origen solucione los problemas mejor que acoger millones de personas en términos de costes netos. Con gasto expandido a qué te refieres, financiar a Al Assad? Boko Haram? Isis? Los Senores de la guerra libios? O al corrupto gobierno Afghano? Sabes cuál es la situación de los conflictos y estabilidad política en Eritrea, Nigeria, Camerún, Chad, Níger, Malí? Te suena de algo la expresión crisis económica mundial? Has conocido algún refugiado en tu vida que te haya contado la situación que le ha obligado a huir de su país? En fin, tú sabes de qué tipo de estados estamos hablando y cual es la situación? No tengo ni punetera idea quién ha orquestado o no orquestado, lo que sé es que HOY habrían muerto miles de personas en unas horas si no hubiese un operativo de ayuda humanitaria en el mediterraneo con un contingente humanitario militar y otro no gubernamental coordinándose entre sí, pero si crees que especular sobre distintas teorías conspiranoicas puede arreglar el tema por arte de magia, por mí que no quede {shit}

Por otro lado, en qué te basas para afirmar que no hay ya una inversión, pese a que probablemente caiga en saco roto, sea bilateral de cualquier país desarrollado con aquellos en situación crítica sus alrededores o por parte de la UE?

Alemania no dicta ninguna política humanitaria, Alemania tiene su política humanitaria, la política humanitaria la dictará bruselas pero a instancias de las decisiones que se consensuado por parte de los países miembros y el Parlamento Europeo. Tienen varios países al este de Alemania si quiera una linea de texto en algún sitio que explique su enexistente política humanitaria? No, esto no es una cuestión de soberanía, es una cuestión de egoismo y ombliguismo, porque si fuese una cuestión de soberanía estos países, como Hungría, habrían sacado ese orgullo ultranacionalista con el que tanto se pavonean, y habrían rehusado a ser receptores netos de fondos de cohesión, que según algunos húngaros que conzco se va por el sumidero de la corrupción. Nada nuevo, les digo, para mí pues he vivido en Espana casi treinta anos de mi vida. 

Wir Schaffen das! fue una frase que pronunció Merkel en un congreso de la CDU en 2015 en el que se trató la brutal crisis humanitaria que ya había ocurrido y requería de acciones urgentes, nada que ver con lo que afirmas. Aquí tienes cronológicamente contada toda la historia en su contexto real, más allá de los bulos que se han venido contando del tema, http://www.zeit.de/2015/38/angela-merkel-fluechtlinge-krisenkanzlerin/seite-5 

Como ya te he dicho hay que saber de lo que se habla y como funciona el mundo que te rodea, más allá de tu salón al otro lado del Mediterraneo se suceden enrevesados conflictos hoy día en países a los que no se puede acceder así como así, sin una resolución de las naciones unidas, crees que no se intenta? en base a qué lo crees?. Es más, en base a qué te ha dado por decir que Suecia ha disminuido su inversión en cooperación internacional? De dónde te has sacado eso? {wow}

Que yo sepa Suecia junto con el resto de estados miembros de la unión se comprometieron en 2014 a subir un 0,7% para 2015 el gasto en cooperación y desarrollo que por aquel entonces suponía más del 57% del PIB de la UE y así lo hicieron todos a excepción de 13 países. Es cuestión de informarse antes de decir cosas al tuntun porque vienen bien para según que peregrinas argumentaicones. Según leo, Suecia no sólo completo esa subida del gasto en cooperación sino que la sobrepasó llegando al 1,4%. Adicionalmente a este gasto en cooperación se han incrementado las partidas por parte de la UE de ayuda a aquellos países que se vieron afectados el pasado ano por la crisis de refugiados cuando reventó la bolsa de desplazados que había en Siria e Irak y con ella la contención turca, justo cuando Turquía retomó su guerra contra los Kurdos y Rusia entró a apoyar a Al Assad. Angesichts der Flüchtlingskrise legte die OECD in diesem Jahr erstmals auch Zahlen zu den in den Geberländern anfallenden Kosten für Flüchtlinge vor, die von den Mitgliedern des Entwicklungshilfeausschusses als ODA gemeldet wurden. Die Zahlen der OECD lassen auch einen erheblichen Anstieg dieser gemeldeten Kosten in den EU-Mitgliedstaaten erkennen. Insgesamt war die Aufstockung der ODA der EU (8.9 Mrd. EUR) jedoch höher als der Anstieg der erfassten Kosten für Flüchtlinge (5,3 Mrd. EUR). Die EU hat also im Jahr 2015 sowohl ihre Unterstützung für Flüchtlinge als auch ihre Entwicklungshilfe für Entwicklungsländer erhöht. 2015 haben fünf Mitgliedstaaten das Ziel einer ODA von 0,7 % des BNE überschritten: Schweden (1,4 %) , Luxemburg (0,93 %), Dänemark (0,85 %), die Niederlande (0,76 %) und das Vereinigte Königreich (0,71 %). In 15 Mitgliedstaaten wurde eine höhere ODA-Quote erreicht, in 9 Mitgliedstaaten sank die Quote und in 4 Mitgliedstaaten blieb sie gleich.Insgesamt erhöhten 21 Mitgliedstaaten ihre ODA nominal um 9,8 Mrd. EUR, während in den übrigen 6 Mitgliedstaaten die ODA um insgesamt 0,3 Mrd. EUR zurückging. http://europa.eu/rapid/press-release_IP-16-1362_de.htm

Por favor, no quiero ofender a nadie, pero es que a veces no me dejáis alternativa. Pero si no te has inventado lo que has dicho, te dejo el beneficio de la duda para que puedas hacer otro post, con algún enlace que atestigue que lo que dices es cierto. Yo de momento no he encontrado absolutamente nada de que el gobierno sueco haya disminuido su aportación al gasto en Cooperación y desarrollo en la UE ni fuera de la UE {tongue}"
inmigracion,https://www.meneame.net/story/violan-interprete-cerca-campo-migrantes-calais,2686302,20543231,284,243.0,--493969--,2016-10-19T13:05:37+00:00,0,9,"#243 ""El CI puede estar determinado genéticamente, pero no hay diferencias entre poblaciones."" Que osada es la ignorancia...

https://es.wikipedia.org/wiki/IQ_and_the_Wealth_of_Nations"
inmigracion,https://www.meneame.net/story/violan-interprete-cerca-campo-migrantes-calais,2686302,20543190,283,265.0,--525699--,2016-10-19T13:01:59+00:00,0,6,"#265 ok entiendo, yo mezclaba refugiados e inmigrantes porque entiendo que en Calais estan mezclados."
inmigracion,https://www.meneame.net/story/violan-interprete-cerca-campo-migrantes-calais,2686302,20542838,282,281.0,--276843--,2016-10-19T12:31:13+00:00,0,10,"#281 Has sido tú el que has intentado extrapolar tramposamente desde un delito a todos y a delincuencia inmigrante en general, ¿ahora ya quieres volver solamente a violencia de género, verdad? {wink}

Y no, como vemos en el estudio que publicas también olvidan otra serie de conceptos que te está hablando la experta a partir de los datos que puedes hasta tu consultar en la web del ministerio, como los delincuentes intinerantes que siguen metiéndolos  como ¿inmigrantes? y son en el número mayoritarios. 
También hay otros muchos más datos oficiales que nos dicen lo erróneo de ese tipo de simplificaciones:
Vienen a cometer delitos
-----------
""La población extranjera incide de forma directa en el aumento de la delincuencia. ¿Verdad o mentira? Los datos desmontan el bulo. Antonio Camacho, secretario de Estado de Seguridad, lo expone con un ejemplo: ""En 2002, con la mitad de inmigrantes, la tasa de criminalidad era 1,5 puntos superior a la de 2006. Por lo tanto, no hay correlación entre inmigración y delincuencia, por mucho que algunos irresponsables se empeñen en establecer esa conexión"". Los expertos comparten esta teoría. José Luis Díez Ripollés, catedrático de Derecho Penal de la Universidad de Málaga, sostiene que ""no puede afirmarse que la presencia de población inmigrante sea determinante a la hora de explicar los niveles delincuenciales"". La Policía confirma que el 63,5% de las bandas criminales son mixtas (integradas por españoles y extranjeros).""
_______________-

Según tu extrapolación, como digo ser italiano induce la delincuencia… No es que estén sobre representados en el tema de la droga, es que están sobre representados entre los comunitarios y el volumen de presencia por porcentajes en las cárceles.

Es curioso, como empiezas ya a utilizar ciertos conceptos que ya he  oído antes, como ""cultura retrógrada""… Pero continúas sacando deducciones causales que no tienen ninguna base con la realidad ni una deducción lógica, como que se gasta mucho dinero español que no tenemos- y sin conocer que los fondos son europeos ya destinados que están paralizados, no se utilizan, y que no es mucho para un problema tan importante-, presentarnos que la baja formación deriva en delincuencia por sí misma y que es una causa, o tu última salida de madre, que la inmigración genera aquí más paro, otra de esas historias cuñadas que no soporta la revisión de los datos. No, la inmigración no significa más paro y más crimen. Eso te lo sacas tú de la manga.
Te recomiendo que le eches un ojo por ejemplo a esto, para no ir cayendo en cada una de las falacias sobre inmigración hace mucho tiempo desmontadas:
------------
Nos quitan el trabajo y no tienen formación
""¿Cómo pueden decir que nos quitan el trabajo si hay dos millones de inmigrantes trabajando y nunca en los últimos 30 años ha habido tan pocos parados españoles como ahora?"", se indigna el sociólogo Lorenzo Cachón. Según un estudio de La Caixa, no nos roban el trabajo, sino que crean más: hasta junio del año pasado, 241.000 inmigrantes crearon una empresa.
Cachón añade que los inmigrantes ocupan empleos que los españoles no aceptan. ¿Será por eso que, como aseguró el jueves Arias Cañete, los camareros ya no saben poner cafés? El bulo cae y desmonta otro mito: el nivel de cualificación de los inmigrantes es superior al del puesto de trabajo que ocupan, explica Cachón. Además, excepto los africanos, en general vienen igual o mejor preparados que los españoles. ""El PP sabe que decir esto da votos"", concluye.
----------------------
y esto en la época de afluencia..y no a la inversa como ahora, que los inmigrantes somos nosotros."
inmigracion,https://www.meneame.net/story/violan-interprete-cerca-campo-migrantes-calais,2686302,20542557,281,280.0,Rarepepelarana,2016-10-19T12:07:42+00:00,0,10,"#280 En los delitos de violencia de género se ve está relación de 7 veces más (y hay diferentes diferenciales, y en todos son mayores, no es principalmente por drogas), no estábamos hablando inicialmente de las drogas, si te fijas en los anteriores comentarios. Un estudio del 2008 que ahora verás, indica que las diferencias son menores después de ajustar por sexo, edad y nivel socioeconómico, pero que estas diferencias no desaparecen, y son elevadas en inmigrantes de origen de fuera de la UE, africanos o americanos. Por otro lado, los inmigrantes de la UE a España tienen diferenciales mucho más pequeños según el estudio, y que gracias a que son algo más del 30 por ciento de los inmigrantes totales, contribuyen a que el diferencial de crimen sea más moderado.

http://documentos.fedea.net/pubs/dt/2008/dt-2008-34.pdf

El artículo de la revista teína (no se llama tesina como has puesto, y el artículo no es una tesina y no tiene referencias ni es un artículo de investigación) no es científico, está basado en argumentos que tienen su efecto, pero que no explican todo el diferencial de crimen, porque la diferencia es muy alta.

No, en absoluto, ya hablaba de estos problemas en otros comentarios con otros comentaristas, si no los has leído es cosa tuya. Y no, los italianos no son un grupo inmigrante importante en España, y puede que estén sobrerrepresentados en el tema de la droga, pero no en prácticamente todas las categorías de crimen como te enseño en el estudio, especialmente para inmigrantes de estas regiones. 

El caso es que tener una mayoría creciente de inmigrantes jóvenes pobres y con cultura retrógrada, todo lo cuál influye en su crimen más alto, y cuando nuestros niveles de paro siempre han sido altos (10 por ciento de paro es un nivel muy alto) ha redundado en que nuestros sueldos sean bajos y no hayan subido, y en el que los empresarios tengan más poder y haya más desigualdad. Esto no ha sido positivo para los españoles, si no para los oligarcas. Para los obreros ha significado más paro y más crimen en sus barrios."
inmigracion,https://www.meneame.net/story/violan-interprete-cerca-campo-migrantes-calais,2686302,20542342,280,277.0,--276843--,2016-10-19T11:45:26+00:00,0,10,"#277 Ya, que no quieres aceptarlo y te enrocas. En la tesina también tienes lo datos y estas son sus conclusiones : 
""Las tasas de delitos cometidos por españoles y extranjeros contrastan directamente entre ambas poblaciones, lo cual resulta engañoso. Para obtener una representación más real, las comparaciones deben realizarse entre grupos compuestos de forma similar.
Entre los inmigrantes hay, en proporción, más jóvenes y hombres que entre los españoles, lo cual «eleva artificialmente» las tasas de delincuencia en ese colectivo. Estos datos de edad y género —sumados a otros, como los socioeconómicos— determinan que, al contrastar pautas entre poblaciones diferentes, resulte más o menos fiel a lo que ocurre.""
Curiosamente me suena...
Y eso obviando que no se si sabes los principales clientes en nuestras cárceles -en un porcentaje abrumador-  es por drogas, somos un país de transito con una de las regulaciones mas severa y con mayor numero de años de condena de la UE. Los extranjeros en nuestras cárceles, que tu llamas ""inmigrantes"" pero no lo son, y que tratas de equiparar con, por ejemplo, los desplazados de siria por guerra-  están allí por drogas no han venido a residir, y comparas con los que buscan trabajo aquí: han venido a participar en alguna operación delictiva de paso, y aqui los pillan. Uno de los grupos mas grandes  en las cárceles  con de los extracomunitarios son los comunitarios italianos ¿los italianos son según tu  propensos a la criminalidad? No, grupos organizados italianos viajan a España para controlar el trafico y delitos asociados a estos grupos, y son detenidos aquí en medio de sus visitas para gestionar el paso de algún cargamento, pero es lo que tiene simplificar y coger los datos al tun tun para coger conclusiones, si se rasca un poco , se desmenuzan..

Quizás lo que si se esta viendo de nuestra conversación es que la realidad es mas compleja de lo que querías hacérnosla ver... {grin}

EN cuanto al dinero: tampoco es cierto. Hay presupuestados mas de 3000 millones de dinero ERUROPEO , no español para refugiados. Se iba a traer a 14000... se han traído a 418.
http://extranjeros.empleo.gob.es/es/Fondos_comunitarios/fami/"
inmigracion,https://www.meneame.net/story/violan-interprete-cerca-campo-migrantes-calais,2686302,20542268,279,278.0,Rarepepelarana,2016-10-19T11:38:17+00:00,0,10,"#278 ¿Esto era una respuesta a mi comentario? Yo lo que quiero decir que, este tema, como muchos otros temas controvertidos y difíciles, debe ser decidido por referendo y directamente, y no ocultado en partidos neoliberales (PP y PSOE fundamentalmente) que lo que buscan es machacar a los obreros del país bajando salarios e importando mano de obra para destruir el poder sindical.

No sé qué tiene que ver esto con los partidos anti-inmigración. Y eso de que siempre haya habido partidos anti-inmigración se lo ha inventado usted. La inmigración masiva en Europa y la mayoría del mundo (excepto en América, y a menudo fomentada de modo expansionista a modo de personas para aumentar el poder cultural del imperio también) es un fenómeno reciente, y en el resto del mundo la inmigración casi no existía, lo que existía eran las invasiones de ejércitos e imperios de todo signo. Y no, la inmigración no es la trata de esclavos."
inmigracion,https://www.meneame.net/story/violan-interprete-cerca-campo-migrantes-calais,2686302,20542188,278,258.0,UlisesRey,2016-10-19T11:32:31+00:00,0,10,#258 Partidos antiimigrantes los ha habido siempre. A cada tiempo han tenido su representación. Yo lucho para que tengan la menos posible.
inmigracion,https://www.meneame.net/story/violan-interprete-cerca-campo-migrantes-calais,2686302,20542142,277,275.0,Rarepepelarana,2016-10-19T11:28:59+00:00,0,10,"#275 Los daros que se han sacado son en relación al número de penados, no al de detenciones. 

Los enlaces que me has puesto son a artículos de opinión, no a estadística reales ajustado por edad, sexo y nivel socioeconómico. Esto no demuestra absolutamente nada. De nuevo, estás pontificando sobre lo que crees que es Europa sobre un montón de ideas que te has sacado de la manga. Europa no fue fundada por esos valores de los que hablas, es una serie de países firmemente financiados y controlados por la élite bancaria neoliberal bajo el paraguas de la OTAN y el capital norteamericano para controlar Europa y que la URSS no se convirtiera en potencia mundial. No me hables de valores cuando Europa apoya la mayoría de guerras asesinas que promueve USA.

Ya te he repetido que una diferencia de 7 veces es muy alta para explicarla solamente en términos de edad, sexo y nivel socioeconómico. Y según datos del APA que te he pasado, no es fácil desvincular el nivel educativo con el económico, así como los factores cultural del hecho criminal. Hasta ahora no he visto que me traigas estudios de verdad estadísticos, esa revista es de teoría y habla de que algunos datos están inflados, pero 7 veces es mucha inflación. 

Las políticas integradoras en el norte de Europa (que son muy costosas) han fracasado en Europa estrepitosamente con niveles de inmigración bajos. Y tu solamente hablas de traer más inmigración y gastar todavía más dinero, cuando es mucho más barato hacerlo en origen y más equitativo para los pobres que no decidan venir ilegalmente. Tus políticas perjudican al estándar de vida de los ciudadanos europeos, y en tanto en cuanto abogan porque los ciudadanos no decidan soberanamente por democracia directa cuánto dinero quieren gastar de su presupuestos en acoger a otras personas o si en gastarlo en origen o en cómo gastarlo, son antidemocráticas. Deja de hablar de valores, y hablemos de hechos. ¿Cuánto dinero estás dispuesto a gastar de nuestros reducidos presupuestos que no gastaremos en nuestras bolsas pobres de ciudadanos? España está endeudada y en declive, y tú pareces querer endeudarla todavía más rápido sin que los ciudadanos tengan nada que decir en como se hace. Y no, por mucho que reduzcas en corrupción y fraude fiscal etc... NO SE PUEDE impulsar la inmigración masiva de muchos más millones sin gastar enormes cantidades de dinero que no tenemos, que sería más rentable si se hace en origen (por el alto valor de nuestra moneda en relación a las locales). No seas naíf."
inmigracion,https://www.meneame.net/story/violan-interprete-cerca-campo-migrantes-calais,2686302,20542052,276,268.0,CerdoJusticiero,2016-10-19T11:21:58+00:00,0,6,"#268 Ah, debatir conmigo es insoportable, pero mencionarme cobardemente no. Ya veo cuáles son tus términos para el debate razonado: por la espalda y sin que participe el otro, no vaya a destrozar tus falaces argumentaciones con dos líneas.

Eres un campeón. {lol} Otros te llaman imbécil y retrasado y bien que vuelves a por más (https://www.meneame.net/c/20541154), pero como sabes que en esta discusión concreta no tienes nada que hacer, porque eres un mentiroso y no puedes probar tus mentiras, te haces el ofendido. Bravo.

Lo dicho: qué poca vergüenza tienes. Hazte el digno, levanta la nariz y habla de usted a ver si así no se nota que me has acusado de hacer unas declaraciones que nunca he hecho, motivado por tu xenofobia cateta y por lo que te escoció que te dejara en evidencia en discusiones previas."
inmigracion,https://www.meneame.net/story/violan-interprete-cerca-campo-migrantes-calais,2686302,20541900,275,272.0,--276843--,2016-10-19T11:10:44+00:00,0,10,"#272 
Ah...o sea que si, comparabas ancianos, discapacitados  mujeres , niños y hombres españoles , con hombres jóvenes  inmigrantes pobres y te sorprende que los últimos tengan un nivel delictivo mayor..ya..gracias por reconocerlo.
> sí, los delitos de violencia de género están relacionados con el nivel educativo y socio-económico
Si, pero no por separado y dando causalidad, como hacías tu.  ;)Eres tu el que utilizabas el argumento de ""Por otro lado, traer a gente de bajo nivel educativo en masa al país ""...así que no te extrañe que si intentas usar un baremo como una consecuencia nos preguntemos que si sabes de que hablas o solo estas utilizando conceptos para decir lo que te interesa. Si, la baja educacion , como la pobreza están relacionados en los baremos de poblaciones de mayor delincuencia. Pero NO, el bajo nivel educativo no incide de por si en la tendencia a la delincuencia. Si vas a preguntar a los demás si saben de estadística que menos de empezar por ti y los conceptos basicos. Y saber tambien, pequeño detalle, que correlación no indica causalidad.
por no meter falacias en tu discurso, vamos. https://es.wikipedia.org/wiki/Cum_hoc_ergo_propter_hoc

En cuanto a tus opiniones, no voy a entrar, pero son muy discutibles: dejando el tema humanitario a Europa lo que menos le interesa es perder sus valores y dejar en sus margenes grandes grupos poblacionales de desplazados , bolsas de pobreza y subdesarrollo que vayan cada vez a mas, con grave riesgo de radicalizarse, en vez de asimilarlas, como lleva haciendo hace mucho - también con sus problemas y en un proceso, en su mayoría muy exitoso-, una de sus señas de identidad y exito de la vieja Europa, una fuente de su riqueza.
Desde luego, me hace mucha gracia los que piensan que las políticas integradoras son contrarias a nuestros intereses, y que racionalizan estos desde un egoísmo de intereses. Si algo se ha demostrado en sociología a lo largo de la historia es que hacer las cosas correctas, con valores humanitarios da a la larga mayores y mejores resultados, solucionando problemas y no agrandándolos. 
Para que lo entiendas, no somos buenos por que sea bonito, lo hacemos por que se ha demostrado el mejor camino para desarrollarnos y resolver problemas.
El resto es cortoplascismo.

Y si quieres informarte del tema, toma. NO, es una chorrada relacionar delincuencia con inmigrantes:

http://www.revistateina.es/teina/web/teina15/dos2.htm Las cifras se refieren al número de detenciones, no al de delitos cometidos por personas distintas. Es decir: las valoraciones ignoran las reincidencias y proyectan las cantidad de sucesos sobre la población total. (...)Entre los inmigrantes hay, en proporción, más jóvenes y hombres que entre los españoles, lo cual «eleva artificialmente» las tasas de delincuencia en ese colectivo. Estos datos de edad y género —sumados a otros, como los socioeconómicos— determinan que, al contrastar pautas entre poblaciones diferentes, resulte más o menos fiel a lo que ocurre."
inmigracion,https://www.meneame.net/story/violan-interprete-cerca-campo-migrantes-calais,2686302,20541874,274,248.0,scalvo,2016-10-19T11:08:45+00:00,0,10,"#248 Vale, y todos deberíamos ser capaces de diseñar cohetes intergalácticos...
Pero cuáles son las estadísticas en otros países/épocas?"
inmigracion,https://www.meneame.net/story/violan-interprete-cerca-campo-migrantes-calais,2686302,20541817,273,6.0,Nibnub86,2016-10-19T11:04:19+00:00,0,6,#6 ¿con el pene?
inmigracion,https://www.meneame.net/story/violan-interprete-cerca-campo-migrantes-calais,2686302,20541628,272,269.0,Rarepepelarana,2016-10-19T10:47:12+00:00,0,10,"#269 Me refiero a la población española general como al conjunto de ciudadanos españoles, en comparación con otra población de características diferentes, como la de marroquíes, latinoamericanos, y rumanos, que tiene también características diferentes. Y sí, los delitos de violencia de género están relacionados con el nivel educativo y socioeconómico, es literatura básica en psicología http://www.apa.org/pi/ses/resources/publications/violence.aspx. Puedo comparar grupos poblacionales distintos, porque las diferencias entre grupos son enormes (7 veces es un factor de diferencia tan grande que no es fácil explicar afectando a un solo factor social: si así fuera, sería un hallazgo tan bestial en ciencia social que habría salido en la televisión, no es solamente el bajo nivel socioeconómico, la edad o el sexo como dicen algunos en estos comentarios, también es la cultura de la que viene esa sociedad). De todas formas, está claro que traer personas que generan más crimen y suponen un coste que cada vez se ve más elevado es algo que deberíamos decidir por referendo, y no porque a la Merkel le dé por importar trabajadores baratos para su creciente economía. Y no, la acogida ni creo que haya sido una solución buena para los europeos, ni para los refugiados que se quedan. Es una decisión mejor para las empresas y para los mafiosos que los traen ilegalmente."
inmigracion,https://www.meneame.net/story/violan-interprete-cerca-campo-migrantes-calais,2686302,20541568,271,74.0,mcfgdbbn3,2016-10-19T10:41:00+00:00,1,22,"#74: Desafortunadamente hay muchos que no dicen eso por trolear, sino que están convencidos de que la culpa es de occidente. {sad}

Yo siempre diré que el cáncer de la izquierda es el politicorrectismo, el pensar que nosotros SIEMPRE estamos equivocados y que todo lo demás es perfecto, porque esa actitud lleva a la pasividad frente a las injusticias, como es el caso de las violaciones."
inmigracion,https://www.meneame.net/story/violan-interprete-cerca-campo-migrantes-calais,2686302,20541499,270,267.0,zoezoe,2016-10-19T10:34:35+00:00,0,17,"#267 El agravio comparativo se produce por ej., cuando en un par de meses de residencia se nacionaliza, pongamos, a un deportista."
inmigracion,https://www.meneame.net/story/violan-interprete-cerca-campo-migrantes-calais,2686302,20541495,269,254.0,--276843--,2016-10-19T10:34:20+00:00,1,27,"#254 Perdona, pero hasta en tus propios datos estás hablando de ""población española general"". Así que primero utilizas unos datos que hablan de la población española en general para sacar algo  particular  , comparando una población heterogénea con ancianas ancianos, mujeres , niños con sólo hombres ( qué raro que sea entonces siete veces mayor....) , los interpretas mal, y ahora somos nosotros los que tenemos que demostrar otros datos, en vez de reconocer primero que estabas utilizando y comparando datos diferentes para sacar conclusiones erróneas . Si te parece, primero reconoce que en esos datos está hablando de "" población española general"" y tú estás intentando comparar grupos poblacionales distintos , luego si quieres entramos en la discusión de pasarte los otros datos. 
Por otro lado, indicarte que el nivel educativo bajo por sí mismo no se corresponde con ningúna causa ni origen de delincuencia de por si, -menudo absurdo decir que tener bajo nivel de educaciónal induce a la delincuencia, como si el alto nivel de educación vacunara contra la corrupción-y tendrías que ser tú el que demostraras tu conclusión. - si, esta también, que la sueltas como si fuera una sentencia son base, confundiendo baremos con causalidad ( ahora no tener formación induce a la delincuencia {palm} ) - ya que eres tú quien la afirmas."
inmigracion,https://www.meneame.net/story/violan-interprete-cerca-campo-migrantes-calais,2686302,20541483,268,263.0,Rarepepelarana,2016-10-19T10:32:52+00:00,0,10,"#263 No, usted no insulta presuntamente. Usted insulta a secas. Mire sus comentarios y reflexione por qué debatir con usted es tragarse insultos que no pienso soportar."
inmigracion,https://www.meneame.net/story/violan-interprete-cerca-campo-migrantes-calais,2686302,20541467,267,266.0,--127036--,2016-10-19T10:30:56+00:00,1,24,"#266 Yo no le veo nada de delicado. La nacionalidad no se puede dar hasta tener garantias de que el emigrado esta total y absolutamente imbuido de la cultura del pais, como por ejemplo en Suiza, donde uno no obtiene la nacionalidad hasta la tercera generacion.
Lo que no puede ser es que yo me vaya a Etiopia, me den un pasaporte y hale, ya ""soy etiope""."
inmigracion,https://www.meneame.net/story/violan-interprete-cerca-campo-migrantes-calais,2686302,20541430,266,264.0,zoezoe,2016-10-19T10:27:49+00:00,0,17,"#264 Ese es otro tema, y delicado. Mezclar nacionalidad con lugar de nacimiento, o de origen."
inmigracion,https://www.meneame.net/story/violan-interprete-cerca-campo-migrantes-calais,2686302,20541427,265,231.0,--276843--,2016-10-19T10:27:31+00:00,0,10,"#231 te estoy hablando de los campamentos, y de la refugiados, no de los inmigrantes pobres por trabajo, que son cosas muy diferentes y la gente tiende a confundir mentalmente , en el  sí que son prácticamente todos hombres jóvenes, pero , y que si te vas por ejemplo Wiki de Siria vas a poder comprobar es la alta demografía, muchísimos hijos, una población muy joven, y muchísimas madres de familia numerosa con niños a su cargo.."
inmigracion,https://www.meneame.net/story/violan-interprete-cerca-campo-migrantes-calais,2686302,20541416,264,30.0,--127036--,2016-10-19T10:26:08+00:00,1,14,"#30 Dar un pasaporte a un marroqui emigrado NO le hace español, por mucho que un papel asi lo diga."
inmigracion,https://www.meneame.net/story/violan-interprete-cerca-campo-migrantes-calais,2686302,20541321,263,262.0,CerdoJusticiero,2016-10-19T10:17:42+00:00,0,6,"#262 Ah, muy bonito, me pseudo-mentas acusándome de algo que no puedes demostrar (porque no es cierto) y te refugias en que, presuntamente, te insulto.

Tú de vergüenza andas escasito, ¿verdad? Menudo ridículo. {lol}"
inmigracion,https://www.meneame.net/story/violan-interprete-cerca-campo-migrantes-calais,2686302,20541099,262,249.0,Rarepepelarana,2016-10-19T09:50:14+00:00,0,10,"#249 Debatiré con usted el día que no incluya insultos en casi todos sus comentarios. Y no, ser progre no es un insulto, es una persona que comulga con la mayoría de supuestos de la izquierda. como se muestra en la RAE.

http://dle.rae.es/?id=UJYrZOc"
inmigracion,https://www.meneame.net/story/violan-interprete-cerca-campo-migrantes-calais,2686302,20540970,261,257.0,Rarepepelarana,2016-10-19T09:32:31+00:00,0,10,"#257 Tú también, te has fijado en la fracción corrupta más reducida y en el caso más especial. Esos no se definen solamente por el alto nivel educativo. No son importantes científicos, ni ingenieros ni médicos por lo general. Son los de la universidad privada y la licenciatura en ADE y economía, y son la minoría oligárquica que controla el país."
inmigracion,https://www.meneame.net/story/violan-interprete-cerca-campo-migrantes-calais,2686302,20540932,260,244.0,Rarepepelarana,2016-10-19T09:28:21+00:00,0,10,"#244 Obviamente que sí, pero yo no estoy comparando la población de esos países con la nuestra, estoy comparando un subgrupo con otro. Es una realidad que ellos causan más crimen, son de nivel socioeconómico bajo, tienden a estar más en el paro y en realidad no eran necesarios porque en España solamente ha habido trabajo para crear una burbuja inmobiliaria neoliberal que ha causado la mayor crisis económica desde el fin de la dictadura. Traerlos ha sido un cuento neoliberal y no nos beneficia.

 Y ya me gustaría ver si después de ajustar por edad, sexo y educación, la diferencia se elimina. Traiga datos, y los vemos. Pero una diferencias de más de 7 veces  va a ser difícil de igualar a la población general. En Japón existe una esctrutura poblacional similar, y el nivel de crimen es mucho menor. Esto ya lo he respondido varias veces. Sacad datos sobre el ajuste. Porque estáis proponiendo algo sin pruebas seguras."
inmigracion,https://www.meneame.net/story/violan-interprete-cerca-campo-migrantes-calais,2686302,20540927,259,256.0,CerdoJusticiero,2016-10-19T09:28:10+00:00,1,13,"#256 Viniendo de quien viene, resulta un honor ser llamado troll. Significa que no saben ni cómo comenzar a argumentar en contra de lo que les digo. {smiley}"
inmigracion,https://www.meneame.net/story/violan-interprete-cerca-campo-migrantes-calais,2686302,20540876,258,243.0,Rarepepelarana,2016-10-19T09:21:23+00:00,0,10,"#243 Lo que diga un filósofo así fuera de contexto y sin datos de cómo beneficia eso en cifras y números no sé si me va a convencer. Las invasiones bárbaras también fueron intercambios culturales. Y luego vas y le dices a los españoles que viven en un barrio de alto crimen y descohesionado, y que están en paro por el exceso de trabajadores, que lo que hemos hecho ha sido bueno porque ha beneficiado a otras personas que estaban sufriendo. Los comentaristas no tenemos la superioridad moral para decidir sobre el voto de otros en este tema, usted no puede medir el sufrimiento de una persona en términos económicos. Obviamente que ha sido bueno para los que han podido beneficiarse pero, ¿Era esto una decisión consciente de los votantes o de los ricos empresarios?"
inmigracion,https://www.meneame.net/story/violan-interprete-cerca-campo-migrantes-calais,2686302,20540865,257,12.0,Escarlata2014,2016-10-19T09:19:48+00:00,1,10,#12 Te leo diciendo que a mayor cantidad de personas con bajo nivel educativo peor nos va a ir y me asaltan las imágenes de tanto trajeada/o con alto nivel educativo en este país y en otros países del mundo que tanto daño están haciendo...
inmigracion,https://www.meneame.net/story/violan-interprete-cerca-campo-migrantes-calais,2686302,20540844,256,249.0,Escarlata2014,2016-10-19T09:17:20+00:00,0,7,"#249 Anda, di que no eres un troll, que no quiero"
inmigracion,https://www.meneame.net/story/violan-interprete-cerca-campo-migrantes-calais,2686302,20540839,255,242.0,Rarepepelarana,2016-10-19T09:16:47+00:00,0,10,"#242 Claro que se puede hacer, aunque el problema es que al hacer eso, estás machacando la capacidad de esos países de desarrollarse (serán muchos, pero son mucha menos proporción que en España: esos países tienen por lo general niveles de educación mucho peores y una población mucho menor en términos de personas educadas), al llevarte su fracción más educada (ingenieros, médicos, científicos de alta calidad). Esto es, neoliberalismo a pesar de todo."
inmigracion,https://www.meneame.net/story/violan-interprete-cerca-campo-migrantes-calais,2686302,20540822,254,227.0,Rarepepelarana,2016-10-19T09:15:01+00:00,0,10,"#227 Eso que has dicho debes fundamentarlo con estudios estadísticos o datos de alguna institución. Y no, dudo mucho que ajustando por sexo, edad y nivel educativo puedas llegar a cifras que son más de 7 veces mayores. Esos datos podrán reducirse, pero dudo que puedan llegar a igualar a los de nuestra población. Japón tiene similares cifras y estructura poblacional que Alemania, y sin embargo las tasas de crimen son mucho menores. Enséñame datos antes de afirmar cosas sin enlaces.

Por otro lado, traer a gente de bajo nivel educativo en masa al país como que no me parece una política adecuada, al menos sin preguntar con democracia directa a los ciudadanos, que es como se hizo con los gobiernos de Aznar y Zapatero."
inmigracion,https://www.meneame.net/story/violan-interprete-cerca-campo-migrantes-calais,2686302,20540811,253,2.0,popop,2016-10-19T09:11:53+00:00,0,7,"#2 Que oposite a picoleto, pero que se traiga sus propios roinoles que luego queremos violar todos."
inmigracion,https://www.meneame.net/story/violan-interprete-cerca-campo-migrantes-calais,2686302,20540809,252,221.0,Rarepepelarana,2016-10-19T09:11:20+00:00,0,10,"#221 Ahora veo si me has pasado esos datos de los que hablas, porque no los he visto antes. No he visto ningún enlace. El problema es que usted quiere que se hagan cosas para solucionar problemas de conflictos que sí tienen fines y objetivos, no son catástrofes creadas de la nada. Hay actores en Europa muy importante que han orquestado las masacres, y simplemente no me ha dado datos objetivos de que el gasto expandido no solucione en origen solucione los problemas mejor que acoger millones de personas en términos de costes netos. La acogida de personas a través de las mafias de la inmigración está beneficiando fundamentalmente a los mafiosos, y no ayuda a la mayoría de personas que lo necesitan y no pueden pagarse el pasaje a Alemania y Suecia. Suecia ha reducido fuertemente el gasto en cooperación para acoger a estas personas, dejando a un número muchísimo mayor de refugiados con menos recursos. Esto no es eficiente.

Otro problema importante es el hecho de que Alemania cree que puede dictar su política humanitaria y obligar a ciudadanos a aceptar cuotas de refugiados sin preguntar a su ciudadanía. El caso húngaro no es solamente una cuestión de dinero, si no de soberanía. Alemania a tomado una serie de decisiones que, gracias a su boyante economía, le son más fáciles de solucionar, ya que al tener un enorme superávit, puede gastarlo en las políticas que quiere  y traer miles (millones ya) de trabajadores para impedir que los salarios suban. Ese fue el germen neoliberal del ""Wir schaffen das!"". Y sí, se puede aumentar el capital que se destina a campos limítrofes a la vez que se elimina a las mafias eliminando cambiando las leyes de asilo y con ello la capacidad de ser asilado entrando por medios ilegales al país, y hacerlo a través de las embajadas de la UE a países limítrofes, si se de verdad alguien corre riesgos por razones políticas.

Muchas numerosas razones por las que se produce la migración no van a acabar ni ahora ni en la próxima década, y van suponer un gasto creciente para Europa siguiendo las políticas de acogida a todo el que venga, sin hablar de las verdaderas causas como usted hace. Tiene que haber un debate serio y soberano en cada país de cómo y cuánto gastar, y no una obligación por parte de los países ricos y poderosos de la UE sobre los pobres. Si deseas echar a Hungría de la UE porque más del 85 por ciento de los ciudadanos húngaros (sí, la participación fue menor para que el referendo fuera vinculante, pero es que la abstención en ese país siempre ha similar hasta para el acceso a la UE) rechaza las cuotas impuestas por la UE, que se decida en el parlamento europeo. Alemania romperá la UE con su autoritarismo y feudalismo de la deuda, y con el tono autoritario de los líderes que más tienen que ver con el imperialismo norteamericano que con ayudar a los sirios oponiéndose al conflicto en Libia, Siria y pronto Argelia si la sed de petróleo no para. Dejar los ""conflictos"" inexplicados no ayuda a saber cómo arreglar las cosas, y soltar más dinero para acoger personas que causan problemas y son más costosas de mantener que en campos de refugiados no parece ser la solución. Va a acabar produciendo la reacción contraria, como ya vemos por toda Europa en el auge de partidos más radicales con este tema."
inmigracion,https://www.meneame.net/story/violan-interprete-cerca-campo-migrantes-calais,2686302,20540657,251,235.0,Seze,2016-10-19T08:48:22+00:00,0,10,"#235 Pero mirá vos, seré tonto, ¿Que se siente que un tonto te deje sin karma por insultar a un usuario?. 

A los listos como tu me los como con pan. Escribe a @abuse si quieres volver a participar en la web.

Deber ser mjy doloroso para un inteligente que un tonto decida su destino"
inmigracion,https://www.meneame.net/story/violan-interprete-cerca-campo-migrantes-calais,2686302,20540591,250,,fernandojim,2016-10-19T08:36:01+00:00,1,5,"Rapefugees welcome y tal, que si no, somos muy malos europeos."
inmigracion,https://www.meneame.net/story/violan-interprete-cerca-campo-migrantes-calais,2686302,20540556,249,59.0,CerdoJusticiero,2016-10-19T08:30:01+00:00,0,6,"#59 Te invito a que me digas en qué comentario he dicho yo que la inmigración de imanes wahabitas es positiva.

Evidentemente, si no eres capaz de aportar ningún enlace, tendremos que concluir que eres o un imbécil o un mentiroso (o ambas cosas)."
inmigracion,https://www.meneame.net/story/violan-interprete-cerca-campo-migrantes-calais,2686302,20540447,248,124.0,genba,2016-10-19T08:12:16+00:00,0,7,#124 1 mujer violada en toda la historia de la humanidad ya es demasiado. Ésa cifra debería ser 0.
inmigracion,https://www.meneame.net/story/violan-interprete-cerca-campo-migrantes-calais,2686302,20540274,247,8.0,--89888--,2016-10-19T07:46:15+00:00,0,9,"#8 Tras los hechos, la intérprete y el periodista acudieron a la comisaría para denunciar la violación. La mujer fue atendida por los servicios médicos. La búsqueda de los agresores sigue en marcha, según indicó la fiscalía. Pues me temo que a estas horas aún no es el caso."
inmigracion,https://www.meneame.net/story/violan-interprete-cerca-campo-migrantes-calais,2686302,20540239,246,124.0,--89888--,2016-10-19T07:40:35+00:00,0,9,#124 No lo conseguirás.
inmigracion,https://www.meneame.net/story/violan-interprete-cerca-campo-migrantes-calais,2686302,20540125,245,,Nights,2016-10-19T07:15:15+00:00,1,-2,"A ver, a ver. Yo aquí sólo veo un caso aislado. Los refugiados son en general gente muy preparada."
inmigracion,https://www.meneame.net/story/violan-interprete-cerca-campo-migrantes-calais,2686302,20540083,244,65.0,sotanez,2016-10-19T07:05:58+00:00,1,19,"#65 Estás intentando dar lecciones de estadística, pero tú no llegas mucho más allá. Estás comparando dos poblaciones (nativos españoles contra inmigrantes) que son demográficamente hablando muy diferentes.
Entre otras cosas, la población inmigrante es más joven y tiene un nivel socioeconómico más bajo, dos factores que aumentan la propensión a cometer delitos.
No puedes comparar dos poblaciones tan distintas así a bulto: tienes que hacer distintos tramos de edad y nivel socioeconómico para cada población y compararlos igual a igual. Así verás si el hecho de ser extranjero o tener otra cultura influye, o se diluye el efecto.
Vamos, como en todas las ciencias: si quieres saber si una variable importa, tienes que controlar las demás."
inmigracion,https://www.meneame.net/story/violan-interprete-cerca-campo-migrantes-calais,2686302,20539980,243,219.0,UlisesRey,2016-10-19T06:47:13+00:00,0,10,"#219 El CI puede estar determinado genéticamente, pero no hay diferencias entre poblaciones.

#172 Estoy de acuerdo que unos de los que más se han beneficiado de la immigración son las empresas, entre ellas las de la construcción. Pero creo que también ha mejorado la calidad de vida de muchas personas que sufrían en su país, y ahora tienen mejor calidad de vida.
Respeto a los españoles, creo que el intercambio cultural, a pesar que ha sido poco, es beneficioso. Bertran Russell tiene un ensayo sobre como las civilizaciones más avanzadas siempre han sido las que han tenido más intercambios culturales. Creo que no te va a ser difícil de encontrar pero sino, y te interesa, te lo busco."
inmigracion,https://www.meneame.net/story/violan-interprete-cerca-campo-migrantes-calais,2686302,20539915,242,55.0,mettro,2016-10-19T06:35:00+00:00,1,16,#55 Se puede invertir también en no dejar a delincuentes y que vengan solo los que ya están bien educados que seguro que son muchos.
inmigracion,https://www.meneame.net/story/violan-interprete-cerca-campo-migrantes-calais,2686302,20539894,241,236.0,--341730--,2016-10-19T06:31:48+00:00,0,10,"#236 Si, claro. 

Ahora resulta que Naciones Unidas se inventa los datos y el que tiene razón eres tú.

Menudo cuñao estás hecho."
inmigracion,https://www.meneame.net/story/violan-interprete-cerca-campo-migrantes-calais,2686302,20539875,240,238.0,ﻞαʋιҽɾαẞ,2016-10-19T06:27:32+00:00,0,20,#238 No pasa nada.
inmigracion,https://www.meneame.net/story/violan-interprete-cerca-campo-migrantes-calais,2686302,20539869,239,102.0,ﻞαʋιҽɾαẞ,2016-10-19T06:26:26+00:00,1,31,#102 Si eso te parece cogérsela con papel de fumar...
inmigracion,https://www.meneame.net/story/violan-interprete-cerca-campo-migrantes-calais,2686302,20539860,238,1.0,mr_b,2016-10-19T06:24:45+00:00,0,16,"#1 Ups… Disculpa, se me fue el dedo al negativo {confused}"
inmigracion,https://www.meneame.net/story/violan-interprete-cerca-campo-migrantes-calais,2686302,20539815,237,32.0,rostro,2016-10-19T06:14:39+00:00,3,-5,#32 Y aún así te han caído un par de negativos {wall}
inmigracion,https://www.meneame.net/story/violan-interprete-cerca-campo-migrantes-calais,2686302,20539721,236,199.0,--130410--,2016-10-19T05:38:11+00:00,0,8,"#199 Si, claro, porque en España nos caracterizamos por ser los que mas denuncian, no te fastidia."
inmigracion,https://www.meneame.net/story/violan-interprete-cerca-campo-migrantes-calais,2686302,20539653,235,226.0,--485115--,2016-10-19T04:56:01+00:00,0,6,"#226 claro, y cuando la DGT dice que el 20% de los muertos en accidente de tráfico no llevaban cinturón de seguridad, podemos decir que el 80% restante si que lo llevaba, así que es más seguro conducir sin cinturón. Lo dicho, T O N T O"
inmigracion,https://www.meneame.net/story/violan-interprete-cerca-campo-migrantes-calais,2686302,20539561,234,,--400924--,2016-10-19T02:53:57+00:00,0,9,Luego dirán que se lo inventaron todo para que le dieran refugio y se quedara con su amante periodista.
inmigracion,https://www.meneame.net/story/violan-interprete-cerca-campo-migrantes-calais,2686302,20539530,233,232.0,zoezoe,2016-10-19T01:59:20+00:00,0,17,#232 Goto #227
inmigracion,https://www.meneame.net/story/violan-interprete-cerca-campo-migrantes-calais,2686302,20539528,232,229.0,thingoldedoriath,2016-10-19T01:58:45+00:00,0,12,"#229 Interpretaciones?? 

- Si la estadística dice que en España viven alrededor de 1,4 millones de marroquíes (de los cuales, más de 800.000 están censados), lo único que se puede interpretar es que: una parte de los marroquíes que viven en España no está censado, otra parte no tiene permiso de residencia. También se puede albergar alguna duda acerca del número real, pero podemos ""estimar"" que está entre esa horquilla. 

- Si los datos estadísticos del Centro Directivo de IIPP dice que hay XXXXX marroquíes compliendo condena (y otros XXXX en prisión preventiva) en centros penitenciarios españoles; eso es lo que hay. 
Es decir, esos están presos, luego están sí o sí. No hay interpretación posible!! en las cárceles elaboran un menú para musulmanes y casi todos los marroquíes lo solicitan (esto ayuda a la hora de establecer cuantos musulmanes están en cárceles españolas). 

- Por otra parte, la estadística dice que en España viven alrededor de 45-45 millones de personas. Si de esos millones de personas, restamos los nacionales de otros países incluidos los nacionalizados; vamos a notar que más de 35 millones son personas españolas nacidas en España. 

- Entonces, cuando tienes que comparar el índice delictivo por nacionalidades, lo tienes que hacer con respecto al número de nacionales de ese país!! si lo haces con respecto a los 45-46 millones de habitantes, lo lógico es que obtengas que los que más delitos cometen en España son los españoles!! 

- Y si no entiendes algo tan sencillo, no va a ser posible que nos entandamos. Tu forma de retorcer los datos estadísticos para obtener un resultado que a ti te parece que tiene que ser, no coincide con la realidad. 
Lo lamento."
inmigracion,https://www.meneame.net/story/violan-interprete-cerca-campo-migrantes-calais,2686302,20539511,231,230.0,--525699--,2016-10-19T01:44:48+00:00,0,6,#230 que yo sepa la mayoria de los que vienen hacia europa son hombres jovenes pero bueno... las familias que van a paises cercanos como libano
inmigracion,https://www.meneame.net/story/violan-interprete-cerca-campo-migrantes-calais,2686302,20539495,230,220.0,--276843--,2016-10-19T01:15:55+00:00,1,27,"#220 Estupendo, pertenezco a un colectivo que acaba de regresar después de fletar varios autobuses a campamentos. Te sorprendería la cantidad de imágenes mentales falsas que se tiene de por ejemplo un país con educación gratuita -hasta cierta edad-, casi todas las mujeres ven de salida ser maestras,  y que durante muchos años tuvo una poderosa economía dedicadas al turismo-y a las refinerías-: traductores, profesores, periodistas y hasta los ingenieros, cualquier intelectual -en el sentido de letrado más allá de las escrituras coránicas- , y no digamos ya los periodistas o cualquiera con una cierta formación y ""contaminado"" por las tendencias occidentales, fueron de los primeros amenazados, y tuvieron que abandonar su tierra o sufrir las consecuencias. Hay bastantes periodistas, y unos cuantos ingenieros de no poco nivel que de verdad podrías ver a cualquier amigo tuyo hace cinco años.
Esto sucedía especialmente en las primeras oleadas.
Por supuesto, ahora de lo que mas hay es mujeres y niños, o familias completas que he intentado ponerse a salvo, aunque muchos de los hombres se quedaron atrás luchando o intentando defender sus propiedades y ciudades.
En fin, que es una pena ver lo que era damasco, y lo que es ahora.
https://apologista.files.wordpress.com/2010/06/damasco_siria1.jpg"
inmigracion,https://www.meneame.net/story/violan-interprete-cerca-campo-migrantes-calais,2686302,20539493,229,228.0,zoezoe,2016-10-19T01:12:37+00:00,0,17,"#228 ¿Entiendes que estás presuponiendo que todos los españoles que viven en España son susceptibles de cometer delitos LIVG, o todos los marroquíes?...eso no se sostiene por ningún lado. Los datos son lo que son y se circunscriben a ese estrato de población, en ese momento, como dice ese .pdf de instituciones penitenciarias.

El resto son interpretaciones. Y un par de enlaces que lo mismo sorprenden por el nombre de los países que están en lo alto de la lista.

http://katehon.com/389-top-10-countries-with-highest-rape-crime.html
https://en.wikipedia.org/wiki/Rape_statistics"
inmigracion,https://www.meneame.net/story/violan-interprete-cerca-campo-migrantes-calais,2686302,20539485,228,60.0,thingoldedoriath,2016-10-19T01:07:01+00:00,1,21,"#60 Luego podemos hablar de demografía, de estadística ... Cómo que ""luego""?? 

Tu estas mostrando datos estadísticos!! 

Pero no tienes en cuenta que los porcentajes que ofreces dicen lo contrario de lo que pretendes afirmar. 

Es decir, si tienes en cuenta que el número de españoles que viven en España (de donde extraes que 887 han sido condenados por un tipo determinado de delito), es muchísimo más alto que el número de marroquíes que viven en España (de donde extraes que 118 han sido condenados por el mismo tipo de delito); resulta evidente que han más marroquíes condenados, que españoles por ese tipo de delito. 

Si lo que pretendes es diluir los delitos por los que han sido condenados esos marroquíes entre esa misma tipología delictiva en general, claro que te salen muchos menos!! ocurre que en España viven muchos españoles y pocos marroquíes. 

Lo entendiste??"
inmigracion,https://www.meneame.net/story/violan-interprete-cerca-campo-migrantes-calais,2686302,20539477,227,34.0,--276843--,2016-10-19T01:00:35+00:00,3,37,"#34 1- supongo que te refieres al delito de violencia de género. Y solamente a ese porque si no pasa a dos.
2- los inmigrantes no son más propensos a cometer delitos, mezclar inmigración y delito es absurdo. Pequeño detalle es que cuando hablamos como bien tu dices de "" población española general"". Sí, en las cárceles hay una elevada población de hombres jóvenes pobres de otros países, que para el porcentaje de población general española es más elevado -en números totales-. Pero si vas a decir por ello, o estás intentándolo aparte del punto uno, recordarte que la población española en general incluye hombres, mujeres, ancianos, ancianas, niños, personas con discapacidad, etcétera… Esas nuestra población española general. Significativamente los inmigrantes que vienen a España son en su grupo mas masivo  jóvenes, entre 20 y 40 años, y con bajos recursos: exactamente el perfil del delincuente en España. O sea, de intentar extrapolarlo a toda la población estarías comparando una población dispersa en vez de con el grupo de riesgo. Si comparamos hombres jóvenes con ese perfil españoles, y hombres jóvenes inmigrantes de ese perfil, las cuentas salen y vemos que es prácticamente idéntico, y que, como es evidente y racional, es una chorrada pensar que el lugar donde nazcas que inspira para ser un delincuente, sino otros motivos como la pobreza, la deslocalización, etcétera . 
¿Entiendes qué significan las estadísticas y la probabilidad?
#29 CC"
inmigracion,https://www.meneame.net/story/violan-interprete-cerca-campo-migrantes-calais,2686302,20539422,226,188.0,Seze,2016-10-19T00:28:30+00:00,0,10,#188 Que el 90% restante está cometiendo el 65% de los delitos... ya sabemos cómo reducir a más de la mitad el índice de delitos.
inmigracion,https://www.meneame.net/story/violan-interprete-cerca-campo-migrantes-calais,2686302,20539376,225,98.0,Plasnisk_Llealldrou,2016-10-18T23:56:57+00:00,1,12,#98 caso aislado
inmigracion,https://www.meneame.net/story/violan-interprete-cerca-campo-migrantes-calais,2686302,20539358,224,32.0,Pacomeco,2016-10-18T23:38:25+00:00,2,25,"#32 Jejeje. No se entera. El ejemplo que pongo a mis alumnos es el de los fallecidos en accidente de tráfico sin llevar el cinturón de seguridad. En España, año 2015, fallecieron 1126 personas, incluyendo a 175 sin llevar el cinturón de seguridad.

Es decir, el 16% de los fallecidos no llevaban el cinturón ¡frente al 84% con el cinturón! ¿Es mejor no ponerse el cinturón de seguridad?"
inmigracion,https://www.meneame.net/story/violan-interprete-cerca-campo-migrantes-calais,2686302,20539324,223,36.0,--519677--,2016-10-18T23:15:52+00:00,0,6,#36 A Rato tambien le hemos fallado y por eso nos ha robado a todos. Algo hemos hecho mal.
inmigracion,https://www.meneame.net/story/violan-interprete-cerca-campo-migrantes-calais,2686302,20539308,222,117.0,--519677--,2016-10-18T23:08:52+00:00,1,14,"#117 Ese es el problema. Lo que acabas de decir es incuestionable y los números son lo que son.

Lo que realmente me preocupa es que haya gente que intente convencerme de que eso NO es cierto. Es decir que hay gente que no es que tenga un punto de vista o una opinión diferente, no. Es simplemente que me quieren manpular y decirme que ahora es de día cuando son las 1:07 a.m.

Eso es lo que me saca de quicio."
inmigracion,https://www.meneame.net/story/violan-interprete-cerca-campo-migrantes-calais,2686302,20539301,221,216.0,--272179--,2016-10-18T23:04:31+00:00,0,12,"#216 Tú no entiendes que no puedes rescatar a refugiados de guerra y devolverles a la guerra? Para qué le rescatas? para poder dormir con la conciencia tranquila una noche? Y luego qué? Luego volverán a intentarlo si sobreviven y no es una especulación, es una certeza, una certeza que adquieres cuando conoces en persona a refugiados y a cooperantes y sus experiencias, pero también cuando conoces los datos

Cuando se habla de estos temas hay que saber de lo que se habla.

Europa ya financia con euros un ""campo de refugiados"" off-shore en Turquía. Existen más actores que Europa en este mundo, el Banco Mundial y las donaciones de el resto de naciones occidentales y no occidentales. Los países que más flujo de refugiados reciben de esta actual crisis concatenada por diversos conflictos en África y ortiente próximo y Afganistan NO están en Europa. Así que lo que tú pides ya se hace en la medida de lo posible hoy y no mejora la situación pues para completar políticas en el lugar de origen de esta gente no se requieren de dos días, ni una semana ni un mes, sino probablemente de décadas, mientras que lo que tardan en morir ahogadas cientos de personas desde que abandonan la costa en dirección a Europa son horas, lo cual no debería dejar lugar a dudas que no deberíamos excluir los trabajos de salvamento asilo y ubicación de estas personas del resto de políticas, siendo esta la más urgente.

Por otro lado yo no sé de qué personas hablas, Espana es un país productor neto de inmigrantes hoy día y yo vivo en un país receptor neto de inmigración, Alemania. Luego puedes imaginar que conozco ""personas"", conozco lo que pagan, conozco para qué y conozco para quíenes, entre otras cosas porque yo soy una de esas personas que desde hace diez anos paga aquí sus impuestos. Dispuestos a pagar? sí, pero en algo que funcione, lo imendiatamente necesario es salvar vidas en el mar y asilar personas expatriadas por correr en sus paises peligro sus vidas, igual que se hizo antes cuando los refugiados partían de Europa. Decir que la inmigración masiva es producto de una planificación política al efecto en vez de producto de una catástrofe humanitaria (supongo que no te has leido los datos que te he pasado); es decir de una política que busca efectos o que está precursada para un fin que tiene como nombre la inmigración masiva, es emitir una falacia evidente. La inmigración se da por multiples razones, el motivo de que sea masiva hoy es como ya te he explicado un conflicto o la concatenación de muchos con consecuencias similares a las de la II Guerra Mundial a lo largo de más de la mitad del planeta. 

Y me vas a perdonar, pero si ""personas"" como el gobierno de Hungría, receptor neto de fondos de cohesión que está haciendo de Proxy político de AfD en el parlamento europeo, se niegan ya no sólo al asilo de refugiados de guerra, sino que tampoco acceden a contribuir en tareas humanitarias junto con el resto de países que tienen recursos desplegados en el Mediterraneo, llevándose ese gobierno populista la tercera cuantía más grande en fondos para la cooperación y el desarrollo con partidas adicionales para gestionar el tsunami migratorio del pasado verano que se gastaron en unas malditas vallas que ni su cometido, pese a lo poco humanitario del mismo, llegaron a cumplir, yo creo que esas personas no están en el sitio que creen estar y quizás deberían pensar en irse de esta UE. Esas personas han firmado algo y saben que dos posibilidades hay, cumplirlo o no cumplirlo y cuales son las consecuencias. Otra cosa es que por coyuntura económica no convenga en este momento llegar a los niveles más drásticos de esas consecuencias."
inmigracion,https://www.meneame.net/story/violan-interprete-cerca-campo-migrantes-calais,2686302,20539285,220,218.0,--525699--,2016-10-18T22:58:59+00:00,0,6,"#218 pues que si nadie lo va a comprobar puede decir lo que le de la gana, y asi son todos ingenieros medicos etc no hay ninis ni obreretes ni basureros"
inmigracion,https://www.meneame.net/story/violan-interprete-cerca-campo-migrantes-calais,2686302,20539253,219,120.0,--493969--,2016-10-18T22:47:26+00:00,0,9,"#120 ¿Porqué seguís repitiendo el mantra de la educación, sin tener nunca en cuenta que el nivel de inteligencia está en gran parte genéticamente determinado?.

Y si, los delincuentes y criminales tienen entre 8 y 10 puntos menos de CI.

Y si, la educación puede aumentarlos pero tampoco hace milagros."
inmigracion,https://www.meneame.net/story/violan-interprete-cerca-campo-migrantes-calais,2686302,20539241,218,215.0,--276843--,2016-10-18T22:44:18+00:00,0,10,#215 Aclara que no te pillo...
inmigracion,https://www.meneame.net/story/violan-interprete-cerca-campo-migrantes-calais,2686302,20539237,217,30.0,--341730--,2016-10-18T22:43:01+00:00,0,10,#30 ¿Estás seguro de que has entendido la gráfica?
inmigracion,https://www.meneame.net/story/violan-interprete-cerca-campo-migrantes-calais,2686302,20539179,216,207.0,Rarepepelarana,2016-10-18T22:28:32+00:00,1,12,"#207 De nuevo, las soluciones están en ayudar en origen con ingentes cantidades de recursos y democracia y control directo sobre estos recursos de la ciudadanía de cada país miembro, y tener una frontera a cal y canto muy dura, que rescate y devuelva a países de donde salen estas embarcaciones a estas personas y encarcele a mafiosos, a campos de refugiados de la UE gestionados en países más pobres y dónde el euro es mucho más rentable, con lo que se pueden conseguir dos cosas: eliminar las mafias por falta de rentabilidad (no habrá acceso a jugosas ayudas suecas alemanas y británicas, porque no se van a arriesgar a pagar miles de euros: no habrá manera de que la UE sea su hogar) y ayudar a más personas con el mismo capital. Las personas están más dispuestas a pagar de lo que crees, y están mucho menos dispuestas a tener competición laboral desde el minuto 1 y a dar ese dinero en ingentes ayudas a personas que es muy fácil que tengan criminalidad alta en su propio barrio, y cuya integración a largo plazo va a ser más costosa, debido al alto coste del euro en países de alto nivel de vida de la UE. Una inmigración masiva va a tener el efecto contrario al que persigues, y puede ser muchísimo más peligrosa a nivel de la estabilidad de un país, la integración es costosa y ha fracasado en numerosos lugares de Europa, en casi todos. Defiendo que el gasto se haga donde no lo aprovechen las grandes marcas de consumo en forma de ayudas, si no los gobiernos locales de países más cercanos a las zonas de origen del refugiado que son seguras, y donde el refugiado a menudo comparte cultura y costumbres, bajo protección de la UE obviamente, y beneficiando a negocios locales, no a Día, Mercadona, las empresas constructoras españolas y demás."
inmigracion,https://www.meneame.net/story/violan-interprete-cerca-campo-migrantes-calais,2686302,20539163,215,191.0,--525699--,2016-10-18T22:25:15+00:00,0,6,#191 no si te parece dice que trabaja en la ferralla lol
inmigracion,https://www.meneame.net/story/violan-interprete-cerca-campo-migrantes-calais,2686302,20539159,214,202.0,--272179--,2016-10-18T22:24:56+00:00,1,21,"#202 por cierto, lo mío tambien son ladrillos. Perdona por la posible ofensa ahí tambien.

Meneame debería montar una distribuidora de áridos y material de construcción. {grin}"
inmigracion,https://www.meneame.net/story/violan-interprete-cerca-campo-migrantes-calais,2686302,20539156,213,124.0,--525699--,2016-10-18T22:24:28+00:00,0,6,"#124 eso no es ni mucho ni poco, es mentira lol"
inmigracion,https://www.meneame.net/story/violan-interprete-cerca-campo-migrantes-calais,2686302,20539116,212,184.0,Rarepepelarana,2016-10-18T22:17:22+00:00,1,3,"#184 Perdona, uff, que soy algo novato. Gracias."
inmigracion,https://www.meneame.net/story/violan-interprete-cerca-campo-migrantes-calais,2686302,20539114,211,176.0,Rarepepelarana,2016-10-18T22:16:56+00:00,0,9,#176 Entonces hay diferencia pero no parece enorme
inmigracion,https://www.meneame.net/story/violan-interprete-cerca-campo-migrantes-calais,2686302,20539111,210,4.0,--510065--,2016-10-18T22:16:11+00:00,5,44,"#4 #58 Bueno, para empezar en ciertos medios ya llaman refugiados a todo dios... Ya huyan de la guerra de Siria, ya sea inmigrantes económicos."
inmigracion,https://www.meneame.net/story/violan-interprete-cerca-campo-migrantes-calais,2686302,20539107,209,166.0,Rarepepelarana,2016-10-18T22:15:59+00:00,1,18,"#166 Es que la izquierda pseudoprogre española es muy racista. Siempre habla de razas y cosas así por el estilo, les importa mucho más a ellos que al resto de españoles."
inmigracion,https://www.meneame.net/story/violan-interprete-cerca-campo-migrantes-calais,2686302,20539106,208,4.0,--325390--,2016-10-18T22:15:44+00:00,3,32,"#4 Europa no puede ser el coño de la Bernarda de inmigrantes ilegales que se mezclan con refugiados.
A estas joyitas los subía en un barco y los ponía rumbo a las costas de Libia y a tomar por culo. Ya vale de buenrollismo y gilipollitis."
inmigracion,https://www.meneame.net/story/violan-interprete-cerca-campo-migrantes-calais,2686302,20539103,207,202.0,--272179--,2016-10-18T22:15:04+00:00,2,27,"#202 No te he llamado nazi, o no lo he querido hacer, por si se ha entendido eso de mis palabras. Conste la aclaración y me disculpo si te he ofendido. 

A veces nos comemos discursos de los que luego, al conocer las cosas de frente, recelamos. Pero digo que tu argumento esta vacío de soluciones.

Tu quieres vivir sin delincuencia a tu al rededor, lo cual es legítimo, pero lo que no puedes obviar es que la gente no viene aquí a delinquir, lo que evidentemente no evita que haya casos de gente que viene explicitamente a ello o gente que se ve por razones socioeconómicas abocada a ello, o gente que por nivel cultural tenga una predisposición a un trato impropio de nuestra cultura hacia las mujeres, trato que se repite en otros casos independientemente de la nacionalidad/origen/etnia etc. Nadie niega que pueda ser razonable ante según qué tipo de delitos o perfiles delictivos, reincidencia, etc. la deportación, pero el discurso generalizador aparte de estar basado en sólo una parte de la información o en el efecto aumentador de la prensa sensacionalista o no, cuando no en bulos directamente, es injusto con miles y miles de personas con unos valores cívicos intachables, es decir ni roban ni violan ni asesinan a nadie y pasan la mayor parte de su tiempo trabajando o buscando trabajo. Tienen diferencias culturales, culinarias o de vestimenta y cierto orgullo por ellas, pero a mí mientras no constituyan un delito o afecten a la seguridad no me importan en absoluto.

El problema hoy no es que haya nazis (siempre digo que ya no existen) es que hay gente que transversalmente está entendiendo las cosas al reves y está comprando un discurso que no habla de qué pasa una vez cerramos a cal y canto la frontera, un discurso nada nuevo que ya no era nuevo mucho antes de los nazis. 

Y yo me pregunto, en lo que va de ano habran llegado más de medio millon de personas a Europa, hasta el ano que viene no tendremos una estadística completa de cuántas de esas personas han sido reubicadas y cuantas deportadas. Quién está dispuesto a negar salvamento, a los que vienen a ser náufragos refugiados, y asumir responsabilidad por omisión de ayuda en pocos meses, pongamos por caso, de 200.000 o 300.000 muertos en el mar. Hacen falta soluciones ahora y, claro está, otras a largo plazo, y en todos los ámbitos (gestión de la inmigración a nivel comunitario, precursar políticas eficientes a nivel estatal/local, gestión de fronteras, gestión de ayuda humanitaria y diplomacia y cooperación para mejorar la situación de esos países) pero no son excluyentes entre sí.

La delincuencia es un tema con el que hemos de lidiar y las estadisticas en términos absolutos son la media verdad que oculta todo lo demas. No pienso aceptar jamás como argumento una media verdad y menos para justificar políticas que pueden desembocar en convertir el Mediterráneo en la mayor fosa común que ha habido y habrá, esa gente tiene vidas y si está allí es para protegerlas. Espana a firmado un compromiso para preservar ese derecho, como lo han firmado todos los países miembros de la UE.

La constitución tenía y tiene suficiente información, lo que no sabías en ese momento es que fuese ocurrir apenas una década despues la mayor crisis humanitaria global desde la Segunda Guerra Mundial. Te invito a que mires los datos (hablo del tema en este comentario https://www.meneame.net/c/20530522). Necesitamos argumentos que aporten soluciones, que nazcan de nuestra cabeza y del análisis de un problema muy complejo, no de nuestro ombligo, sin acritud {smiley}"
inmigracion,https://www.meneame.net/story/violan-interprete-cerca-campo-migrantes-calais,2686302,20539102,206,165.0,Rarepepelarana,2016-10-18T22:14:52+00:00,0,9,"#165 Ya estamos con la historia maniquea. No, la alternativa no es esa. En Siria, hay numerosas zonas donde no hay conflicto, y se les puede financiar en origen muchas cosas (el coste de vida es bajo y un euro ayuda a mucha más gente allí que aquí). Aquí nadie ha generalizado nada, simplemente nos damos cuenta de que esta migración es negativa, por todas estas razones anteriores, y además injusta para los que no quebrantan las leyes, y realizada en una época en la que la economía europea está a punto de quebrar. Si se acogieran a los 60 millones de refugiados que hay en el mundo en Europa, ¿Cuánto nos costaría a la UE? Está bien claro que este bombardeo mediático sobre los sirios tiene que ver con que es propaganda anti-Assad, para que apoyemos una intervención militar OTAN que cause aún más muerte violencia y desplazados. La mayoría de desplazados viven en Siria y son acogidos por el propio gobierno autoritario de Assad. No he culpado a nadie, esa es su interpretación, y sin embargo hablo de abrir un referendo para que se analicen y se decida democráticamente cuánto, y a cuántos se debe acoger, cuánto dinero queremos gastar, y que no nos lo impongan desde arriba los oligarcas neoliberales, que no tienen en mente ayudar a la mayor cantidad de gente posible, si no que haya ""refugiados"" trabajando por un euro como sugiere el Fondo Monetario Internacional, incrementando la riqueza de los empresarios, y precarizando  a los más pobres de nuestros países europeos. Más democracia es lo que quiero, y más referendo, y hecho de forma más periódica."
inmigracion,https://www.meneame.net/story/violan-interprete-cerca-campo-migrantes-calais,2686302,20539095,205,33.0,TDI,2016-10-18T22:13:22+00:00,0,9,"#33 Mmm, no sé si es la típica respuesta inútil o es una broma con la probabilidad de encontrar pepes poco frecuentes. {confused}"
inmigracion,https://www.meneame.net/story/violan-interprete-cerca-campo-migrantes-calais,2686302,20539071,204,6.0,--441703--,2016-10-18T22:08:56+00:00,2,22,"#6 Ya estáis discutiendo tonterías otra vez, muy lejos del fondo del asunto. {shit}"
inmigracion,https://www.meneame.net/story/violan-interprete-cerca-campo-migrantes-calais,2686302,20539062,203,159.0,Rarepepelarana,2016-10-18T22:07:00+00:00,0,9,"#159 La constitución se votó antes de la llegada de inmigración masiva en el 2004, y no incluía suficiente información específica sobre las consecuencias negativas que nos iba a traer la inmigración extraeuropea. Bien conozco que parte (aunque más del 60 por ciento es extraeuropea) de la inmigración que nos ha llegado ha sido de buena parte de Europa. Dentro de los privilegios de libertad de movimiento de personas que se aceptaron de la UE, obviamente que esas consecuencias estaban previstas.

Que me parezca o no un acto de democracia no significa que no quiera ahora realizar otro acto de democracia debido a los problemas que nos han causado esas decisiones, que según usted están recogidas en el acta de adhesión de la UE (o en la constitución de la UE ). De todos modos, la mayoría de los derechos y deberes se aplican a ciudadanos europeos, no a inmigrantes ilegales.

Y no, usar el argumento de que lo que digo es Nazi (Ley de Godwin) no te ayuda a defender nada, es más es un argumento débil. Y no, la deportación es un instrumento  que se ha usado en numerosísimos estados durante todas las épocas (USA lo usaba mucho hasta que el capital neoliberal decidió explotar a su propia población y bajarles los salarios con la manipulación de corte izquierdista que gastan los demócratas).

La izquierda nueva y bien financiada por el capital neoliberal no está interesada en que los obreros de cada país se protejan y unan en sindicatos para poder conseguir mejores condiciones laborales. Es más fácil inundarla de inmigración pobre, a la vez que destruye los países que les hace falta eliminar. Así consiguen dos cosas: recursos petroleros y minerales para sus empresas, y trabajadores pobres y esclavos. Es lo que lleva haciendo USA desde que ganó la segunda guerra mundial, y ahora se pretende que los obreros de los países desarrollados paguen los platos rotos con salarios bajos y alto crimen y conflicto cultural en sus países. Ni quiero guerra ni quiero inmigración que yo no controle. Quiero un referendo, y una explicación clara y lógica de por qué debemos acoger a una minoría (y pagar con impuestos no solo deudas de bancos quebrados, si no muertes y gente empobrecida guerras que no son nuestras) mientras el resto de millones de personas se queda muriéndose en origen, porque los aniquila USA y los yihadistas Saudíes, Emiratíes y Cataríes.  Yo no tengo por qué pagar por eso, y si pago, quiero saber cuánto y cómo. Tu quieres callarme llamándome nazi, y no hablas del comportamiento realmente genocida de los oligarcas neoliberales, que luego se apiadan de boquilla de los pobres refugiados que han creado, a financiando a sus asesinos. Si lo mío es un ladrillo vacío de contenido... ¿Qué es lo que ha escrito usted?"
inmigracion,https://www.meneame.net/story/violan-interprete-cerca-campo-migrantes-calais,2686302,20539058,202,159.0,Rarepepelarana,2016-10-18T22:06:42+00:00,0,9,"#159 La constitución se votó después de la llegada de inmigración masiva en el 2004, y no incluía suficiente información específica sobre las consecuencias negativas que nos iba a traer la inmigración extraeuropea. Bien conozco que parte (aunque más del 60 por ciento es extraeuropea) de la inmigración que nos ha llegado ha sido de buena parte de Europa. Dentro de los privilegios de libertad de movimiento de personas que se aceptaron de la UE, obviamente que esas consecuencias estaban previstas.

Que me parezca o no un acto de democracia no significa que no quiera ahora realizar otro acto de democracia debido a los problemas que nos han causado esas decisiones, que según usted están recogidas en el acta de adhesión de la UE (o en la constitución de la UE ). De todos modos, la mayoría de los derechos y deberes se aplican a ciudadanos europeos, no a inmigrantes ilegales.

Y no, usar el argumento de que lo que digo es Nazi (Ley de Godwin) no te ayuda a defender nada, es más es un argumento débil. Y no, la deportación es un instrumento  que se ha usado en numerosísimos estados durante todas las épocas (USA lo usaba mucho hasta que el capital neoliberal decidió explotar a su propia población y bajarles los salarios con la manipulación de corte izquierdista que gastan los demócratas).

La izquierda nueva y bien financiada por el capital neoliberal no está interesada en que los obreros de cada país se protejan y unan en sindicatos para poder conseguir mejores condiciones laborales. Es más fácil inundarla de inmigración pobre, a la vez que destruye los países que les hace falta eliminar. Así consiguen dos cosas: recursos petroleros y minerales para sus empresas, y trabajadores pobres y esclavos. Es lo que lleva haciendo USA desde que ganó la segunda guerra mundial, y ahora se pretende que los obreros de los países desarrollados paguen los platos rotos con salarios bajos y alto crimen y conflicto cultural en sus países. Ni quiero guerra ni quiero inmigración que yo no controle. Quiero un referendo, y una explicación clara y lógica de por qué debemos acoger a una minoría (y pagar con impuestos no solo deudas de bancos quebrados, si no muertes y gente empobrecida guerras que no son nuestras) mientras el resto de millones de personas se queda muriéndose en origen, porque los aniquila USA y los yihadistas Saudíes, Emiratíes y Cataríes.  Yo no tengo por qué pagar por eso, y si pago, quiero saber cuánto y cómo. Tu quieres callarme llamándome nazi, y no hablas del comportamiento realmente genocida de los oligarcas neoliberales, que luego se apiadan de boquilla de los pobres refugiados que han creado, a financiando a sus asesinos. Si lo mío es un ladrillo vacío de contenido... ¿Qué es lo que ha escrito usted?"
inmigracion,https://www.meneame.net/story/violan-interprete-cerca-campo-migrantes-calais,2686302,20539045,201,124.0,Libertual,2016-10-18T22:03:07+00:00,0,10,"#124 Está contextualizado, ¿lo que tu quieres es extrapolar los datos para compararlos con otros países?"
inmigracion,https://www.meneame.net/story/violan-interprete-cerca-campo-migrantes-calais,2686302,20539041,200,196.0,mamoncete,2016-10-18T22:02:08+00:00,0,11,"#196 Al anterior usuario que ha dicho lo mismo le contesté esto  #171

Y disculpame, es por no repetir el comentario."
inmigracion,https://www.meneame.net/story/violan-interprete-cerca-campo-migrantes-calais,2686302,20539024,199,189.0,--341730--,2016-10-18T22:00:06+00:00,1,22,"#189 ¿¿¿¡¡¡QUÉ!!!???

¿Tienes la más mínima idea de lo que estás hablando? Ya te lo digo yo, NO.


España tuvo, según los últimos datos publicados en 2016, 1.200denuncias entre una población de casi 47 millones de habitantes. Suecia tuvo 5.320 casos más con 37 millones de habitantes menos. Curiosamente el paradigma de la multiculturalidad.

Otra cosa es que seas de los derrotistas que les gusta poner a España como si fuese Liberia, que tú lo seas me parece perfecto, pero a mí no me metas en esa saca.

Echa un vistazo a la gráfica de de Naciones Unidas y luego hablamos."
inmigracion,https://www.meneame.net/story/violan-interprete-cerca-campo-migrantes-calais,2686302,20539021,198,119.0,--425756--,2016-10-18T21:59:31+00:00,0,10,#119 un troll debe de tener gracia.
inmigracion,https://www.meneame.net/story/violan-interprete-cerca-campo-migrantes-calais,2686302,20539015,197,48.0,--456958--,2016-10-18T21:58:25+00:00,0,7,"#48 pero, EH!! luego son tope de tolerantes...hasta que les llevas la contraria. Entonces negativos para censurar."
inmigracion,https://www.meneame.net/story/violan-interprete-cerca-campo-migrantes-calais,2686302,20539011,196,4.0,--521038--,2016-10-18T21:57:05+00:00,3,5,#4 pero que dices?? refugees wellcome.
inmigracion,https://www.meneame.net/story/violan-interprete-cerca-campo-migrantes-calais,2686302,20539003,195,194.0,--512054--,2016-10-18T21:55:58+00:00,0,7,#194 ¡Pues eso va a ser! Y de regalo este icono: {0x1f422}
inmigracion,https://www.meneame.net/story/violan-interprete-cerca-campo-migrantes-calais,2686302,20538992,194,193.0,Libertual,2016-10-18T21:53:46+00:00,1,22,#193 Es lo que tiene la ironía... que parece una barbaridad y no todo el mundo puede ver el doble sentido. Aunque lo de comer violadores con patatas era una pista un poco sutil  {roll}
inmigracion,https://www.meneame.net/story/violan-interprete-cerca-campo-migrantes-calais,2686302,20538982,193,94.0,--512054--,2016-10-18T21:51:11+00:00,1,16,"#94 Menuda barbaridad has dicho. Ya te han contestado, solo quería dejar constancia de que me ha chocado y todo."
inmigracion,https://www.meneame.net/story/violan-interprete-cerca-campo-migrantes-calais,2686302,20538978,192,22.0,--214483--,2016-10-18T21:50:16+00:00,0,11,"#22 hahahaha tenia que salir, lo sabia :')"
inmigracion,https://www.meneame.net/story/violan-interprete-cerca-campo-migrantes-calais,2686302,20538976,191,58.0,--276843--,2016-10-18T21:49:59+00:00,1,13,"#58 En los campamentos hay ingenieros, periodistas, profesoras..."
inmigracion,https://www.meneame.net/story/violan-interprete-cerca-campo-migrantes-calais,2686302,20538972,190,61.0,--301035--,2016-10-18T21:49:27+00:00,2,26,#61 Un tanto habituales porque es lo que vende periódicos y en menéame porque es lo que consigue clicks.
inmigracion,https://www.meneame.net/story/violan-interprete-cerca-campo-migrantes-calais,2686302,20538955,189,145.0,--130410--,2016-10-18T21:45:19+00:00,0,8,"#145 España no está en condiciones de dar lecciones de nada a nadie, vamos de civilizados y este es país es tercermundista, en ese aspecto sobremanera."
inmigracion,https://www.meneame.net/story/violan-interprete-cerca-campo-migrantes-calais,2686302,20538951,188,168.0,--485115--,2016-10-18T21:44:30+00:00,0,6,"#168 de matemáticas andamos justitos. Si un colectivo que supone el 10% de la población comete el 35% de los delitos, ¿a que conclusión podemos llegar?"
inmigracion,https://www.meneame.net/story/violan-interprete-cerca-campo-migrantes-calais,2686302,20538944,187,,Rarepepelarana,2016-10-18T21:43:51+00:00,1,21,"1, perdona por el negativo te lo compenso en otro comentario. Ahora te respondo. Te he compensado en el comentario anterior. Lo siento."
inmigracion,https://www.meneame.net/story/violan-interprete-cerca-campo-migrantes-calais,2686302,20538921,186,164.0,zoezoe,2016-10-18T21:38:58+00:00,1,26,"#164 Lee #14 sobre todo donde dice:

> En España pasa con los marroquíes y latinoamericanos (según datos del INE y la institución penitenciaria): tres veces más delitos de violencia de género que la población española general. Pasas por #26 y después te vas a #30, y ya el resto lo deduces del enlace en #60 (pag. 6) y #66. El apéndice lo tienes en #133

cc/ #162 {tongue}"
inmigracion,https://www.meneame.net/story/violan-interprete-cerca-campo-migrantes-calais,2686302,20538917,185,101.0,Rarepepelarana,2016-10-18T21:38:09+00:00,2,19,"#101 En lo que a agresiones y violencia se refiere, pues sí. Y si ya lo juntamos con la falta de educación y vivir en una cultura retrógrada, peor me lo pones. El psicólogo Pinker este habla de que los hombres tienen una mayor parte de la distribución para la inteligencia distribuida en las colas, lo que se traduce que hay más genios y más retrasados, mientras que las mujeres concentran más su distribución en la media, con lo que en la mediana las mujeres es más inteligente, pero hay menos genios y retrasadas (menos observaciones en las colas de la distribución normal). A lo mejor esto tiene algo qué ver con la agresividad. O no. No tengo ni idea de por qué somos más agresivos. La he liado con este comentario =_= ."
inmigracion,https://www.meneame.net/story/violan-interprete-cerca-campo-migrantes-calais,2686302,20538914,184,59.0,UsuarioDuro,2016-10-18T21:37:27+00:00,5,56,#59 Se cita así: @cerdojusticiero
inmigracion,https://www.meneame.net/story/violan-interprete-cerca-campo-migrantes-calais,2686302,20538905,183,182.0,Libertual,2016-10-18T21:36:13+00:00,2,25,#182 La ley española tiene que garantizar a las víctimas un juicio justo y que se cumplan las condenas. Si los expulsas no podrás garantizar la justicia a las víctimas.
inmigracion,https://www.meneame.net/story/violan-interprete-cerca-campo-migrantes-calais,2686302,20538891,182,94.0,--510065--,2016-10-18T21:34:09+00:00,2,23,"#94 Pero que tonterías dices, a los de aqui los podras meter en la carcel o tirarlos a un pozo, pero no puedes expulsarlo a tierra de nadie.

A los de fuera, no tienen porque estar aquí."
inmigracion,https://www.meneame.net/story/violan-interprete-cerca-campo-migrantes-calais,2686302,20538890,181,151.0,Libertual,2016-10-18T21:34:00+00:00,0,10,#151 Si estáis con la gilipollez de siempre no te extrañe que te llamen gilipollas.
inmigracion,https://www.meneame.net/story/violan-interprete-cerca-campo-migrantes-calais,2686302,20538883,180,2.0,sotillo,2016-10-18T21:33:08+00:00,0,11,"#2 Tiene que ser, por que no entendería que unos bárbaros crean que se puede molestar indefinidamente a unos pueblos que han sido capaces de las mayores guerras del planeta desde tiempos inmemoriales"
inmigracion,https://www.meneame.net/story/violan-interprete-cerca-campo-migrantes-calais,2686302,20538881,179,99.0,--223651--,2016-10-18T21:32:27+00:00,1,2,#99 pero aser eso es rasissssssssssssssssssssssssssssssssssssssssssssssssssssta!!!!!
inmigracion,https://www.meneame.net/story/violan-interprete-cerca-campo-migrantes-calais,2686302,20538879,178,152.0,Libertual,2016-10-18T21:32:19+00:00,0,10,#152 Si cumple la pena podrá ir donde quiera.
inmigracion,https://www.meneame.net/story/violan-interprete-cerca-campo-migrantes-calais,2686302,20538877,177,151.0,--223651--,2016-10-18T21:31:28+00:00,1,-5,#151 Digno de la tónica habitual del buenrollismo chupi-integrador to-dió-é-güeno que tanto se lleva actualmente. Ese gilipollismo nos va hacer irnos a la mierda a todos.
inmigracion,https://www.meneame.net/story/violan-interprete-cerca-campo-migrantes-calais,2686302,20538869,176,153.0,--154438--,2016-10-18T21:30:32+00:00,0,7,#153 si consideramos mayoría 50%+1 sí lo son. Estoy vaguete pero creo que son tal que el 60% varones.
inmigracion,https://www.meneame.net/story/violan-interprete-cerca-campo-migrantes-calais,2686302,20538861,175,125.0,ZelosWider,2016-10-18T21:29:01+00:00,6,53,"#125 ¿Niegas que la religión es un factor cultural que influye incluso a aquellos no religiosos? 

José Saramago solía decir que él, espiritualmente, era ateo, pero culturalmente cristiano, porque negar la influencia del cristianismo en la sociedad occidental que conocemos (para lo bueno y para lo malo) es absurdo, del mismo modo que es absurdo negar la influencia del islam en las sociedades de oriente medio (para lo bueno y para lo malo). La mayoría de nuestros referentes morales e intelectuales han sido influidos por el cristianismo en mayor o menor medida (incluso a la hora de negarlo como un sistema de creencias válido, el cristianismo estaba ahí).

Respecto a lo de los guardias civiles violadores de San Fermín, yo no se lo achacaría al hecho de ser guardias civiles, sino al lugar de procedencia. Yo soy de un pueblo de Sevilla, y en determinadas microsociedades (pueblos, conjunto de pueblos) de esta zona por desgracia te puedes encontrar un machismo muy arraigado, donde el hombre y la mujer tienen roles en la sociedad muy claros y predefinidos (yo suelo llamar de coña a esta actitud ""la sevillanía profunda"") y esto sí que es algo que ha influido claramente en la actitud de esos guardias civiles. 

Por otro lado estoy un poco cansado de que se tache de racista o xenófobo a todo el que se cuestione la llegada de masas enormes de población musulmana (bastante más conservadora que la sociedad europea) a una sociedad diferente a la suya por miedo a que haya un fuerte choque cultural que desencadene conflictos."
inmigracion,https://www.meneame.net/story/violan-interprete-cerca-campo-migrantes-calais,2686302,20538860,174,,El_Drac,2016-10-18T21:28:47+00:00,0,7,"Me gustaría comparar muchos de estos comentarios con la violación en los San Fermines. La del Guardia Civil y del militar con sus colegas de ""la manada"". Pero también es su cultura no?"
inmigracion,https://www.meneame.net/story/violan-interprete-cerca-campo-migrantes-calais,2686302,20538858,173,84.0,--223651--,2016-10-18T21:28:41+00:00,1,6,"#84 Yo violaba a los camioneros que me miraban mal. Pero después empecé a violar también a los camioneros que me miraban bien. Porque no quería ""indiscriminar"" a nadie."
inmigracion,https://www.meneame.net/story/violan-interprete-cerca-campo-migrantes-calais,2686302,20538857,172,120.0,Rarepepelarana,2016-10-18T21:28:26+00:00,2,23,"#120 Y eso requiere de ingentes recursos económicos, que por si no se ha dado cuenta, no tenemos en España. Que vale, que si la corrupción, que si cambiar el sistema político, el fraude fiscal. Sí, pero tenemos que tener muy claro, que mientras más personas de este nivel educativo entren, más se nos van a incrementar los costes. Y España tiene una deuda, que si decidimos no pagar porque era ilegítima, va a machacar España, ya que nuestro déficit es muy alto. Es un país que vive de prestado. Y esto es un tema controvertido que se debe decidir por democracia directa, porque el dinero no es infinito, ni los recursos tampoco, y cada país de la UE es soberano para decidir estos temas. Con nuestros recursos y con democracia directa, deberíamos decir a cuántos, y con cuánto dinero de nuestro presupuesto del estado aceptamos la acogida. Aunque me temo que en realidad el objetivo de estas migraciones no es ayudarlos, si no usarlos como trabajador barato para ""aumentar la competitividad de las empresas europeas"", mientras el 97% por ciento de los que no han pagado a mafias o han entrado ilegales se quedan en sus países y siguen pobres, o son simplemente aniquilados por ejércitos neocon, o ""terroristas"" financiados por Hillary, Hollande, Cameron y demás caterva neocon. Las ayudas casi siempre cunden más en origen y ayudan a más gente, y esta vez no le hacen la cama a empresarios, que tienen que arriesgar y producir en esos países. No me pienso solidarizar más con los ilegales que con los millones de personas que viven pobres fuera y no pueden o no quieren cometer ilegalidades para venir."
inmigracion,https://www.meneame.net/story/violan-interprete-cerca-campo-migrantes-calais,2686302,20538849,171,157.0,mamoncete,2016-10-18T21:27:22+00:00,0,11,"#157 Refugiados son los que huyen de la guerra, o son perseguidos por sus ideas o religión, por su etnia o por su orientación sexual. 

Con los verdaderos refugiados se están colando otros que no lo son. Tampoco podemos ser tan ingenuos de no querer verlo."
inmigracion,https://www.meneame.net/story/violan-interprete-cerca-campo-migrantes-calais,2686302,20538843,170,1.0,drumkola,2016-10-18T21:26:55+00:00,3,32,"#1 Efectivamente, es correcta tu puntualizacion, pero reconocerás que casi nadie necesita de tanta exactitud para entender el sentido de la frase. Papel de fumar for you {grin}"
inmigracion,https://www.meneame.net/story/violan-interprete-cerca-campo-migrantes-calais,2686302,20538839,169,,BiRDo,2016-10-18T21:26:16+00:00,3,19,"El comando más facha, más casposo y más cuñado ha tomado este meneo y disfruta diciendo barbaridades en naranjita. Huyan en cuanto puedan o serán aguijoneados por sus palillos de dientes."
inmigracion,https://www.meneame.net/story/violan-interprete-cerca-campo-migrantes-calais,2686302,20538837,168,147.0,voidcarlos,2016-10-18T21:25:52+00:00,0,12,"#147 ¿Yo?, ¿perdón?"
inmigracion,https://www.meneame.net/story/violan-interprete-cerca-campo-migrantes-calais,2686302,20538836,167,160.0,--493685--,2016-10-18T21:25:43+00:00,0,6,#160 vas a aportar algo a la conversación que ataques personales?
inmigracion,https://www.meneame.net/story/violan-interprete-cerca-campo-migrantes-calais,2686302,20538832,166,67.0,--510065--,2016-10-18T21:25:28+00:00,1,16,"#67 #82 Pero si ese rollo de decir ""somos moros"" siempre tienen un tufo despectivo. Casualmente lo dicen los giliprogres que en teoría son defensores de todo y se dedican a decir eso menospreciando a otros...."
inmigracion,https://www.meneame.net/story/violan-interprete-cerca-campo-migrantes-calais,2686302,20538828,165,12.0,BiRDo,2016-10-18T21:25:05+00:00,6,35,"#12 Y la alternativa a que no entre gentuza entre los refugiados es que la maten en su país de origen y mirar para otro lado, claro que sí.

Pues verás, el caso es que no están entrando ordenadamente en la UE porque a la UE no le ha salido de los cojones poner la pasta para arreglar este problema, algo que sí hizo con los distintos corredores humanitarios que se abrieron con la guerra de la antigua Yugoslavia. Aquí se ha dejado todo a la suerte de los migrantes. Y, evidentemente, entre ellos hay de todo, como también había gentuza entre los que lucharon por el bando republicano y tuvieron que salir por patas por los Pirineos.

Lo que es nauseabundo es utilizar un caso para generalizar y culpar a todos los refugiados por las fechorías de unos cuantos. ¿Yo te digo a ti que seas un corrupto porque Mariano Rajoy ha recibido sobornos? No, ¿verdad?"
inmigracion,https://www.meneame.net/story/violan-interprete-cerca-campo-migrantes-calais,2686302,20538826,164,33.0,--521592--,2016-10-18T21:24:43+00:00,1,16,"#33 buen argumento...

esto.. wait!

te has quedado sin argumentos y recurres a temas personales??

muy mal muy mal"
inmigracion,https://www.meneame.net/story/violan-interprete-cerca-campo-migrantes-calais,2686302,20538815,163,65.0,--510065--,2016-10-18T21:22:59+00:00,2,19,"#65 Con el añadido de que los datos de instituciones penitenciarias cuentan eso, los metidos en la carcel... No metemos a los que no entran estilo las carteristas esa del metro, los que no se pillan, etc... etc... etc..."
inmigracion,https://www.meneame.net/story/violan-interprete-cerca-campo-migrantes-calais,2686302,20538806,162,30.0,SHC1987,2016-10-18T21:21:51+00:00,2,-1,"#30 Y ese gráfico que lo has hecho tu con el excel??? Vamos, te hago yo ahora mismo uno de lo que quieras!"
inmigracion,https://www.meneame.net/story/violan-interprete-cerca-campo-migrantes-calais,2686302,20538804,161,76.0,--521592--,2016-10-18T21:21:09+00:00,2,24,"#76 que si que si

que refugees welcome

sigan su camino, circulen! nada que ver!"
inmigracion,https://www.meneame.net/story/violan-interprete-cerca-campo-migrantes-calais,2686302,20538803,160,156.0,avalancha971,2016-10-18T21:21:07+00:00,0,7,#156 ¿Eso tampoco lo conoces? ¿O es lo único que conoces?
inmigracion,https://www.meneame.net/story/violan-interprete-cerca-campo-migrantes-calais,2686302,20538801,159,143.0,--272179--,2016-10-18T21:20:27+00:00,5,25,"#143 Tú te has leido el capítulo IV de la constitución de la UE y el acta de adhesión de Espana en la UE por el cual se regula la inclusión de la agencia de coperación y desarrollo espanola y en qué términos en el organigrama instrumental de la política comunitaria en cuestiones humanitarias?

Qué votaste cuando se votó esa constitución? Votaste acaso? No te pareció aquel referendum un acto de democracia?

Todas esas etiquetas, que si izquierda, que si pseudoizquierda, la derecha neoliberal corrupta, etc. para hablarme de un problema humanitario global que se extiende a niveles alarmantes desde la costa oeste africana hasta Afganistan con más de 50 millones de desplazados... Eres capaz siquiera dar una esplicación lógica de qué significan? Tú sabes lo que se parece tu ladrillo vacío de contenido argumental serio, o al menos basado en un análisis riguroso, a una soflama de las que se podían escuchar en la Bayerischer Platz cualquier domingo de 1934 en Berlín? Te lo digo yo, se parece mucho. O acaso piensas que los nazis se presentaron en sociedad llamando a la quema de seres humanos por las calles; no, la solución era la deportación, pero adónde no lo decían. Este nihilismo político es ya cansino y no da soluciones sino placebos para mentes simples.

Siempre lo mismo.

En fin..."
inmigracion,https://www.meneame.net/story/violan-interprete-cerca-campo-migrantes-calais,2686302,20538800,158,4.0,--521592--,2016-10-18T21:20:21+00:00,4,30,"#4 trayendo tercermundistas sin control a europa que esperan que pase? el pasado de una europa civilizada se deshace como un azucarillo ante los ojos de los europeos que asisten a hechos que se creian superados

el futuro? seguramente una europa donde el fascismo ha sido aupado a los altares gracias a los buenistas y a los politicamente correctos"
inmigracion,https://www.meneame.net/story/violan-interprete-cerca-campo-migrantes-calais,2686302,20538792,157,4.0,--518873--,2016-10-18T21:19:06+00:00,5,5,"#4 ¿Qué dices? Refugees welcome, sí se puede y tal..."
inmigracion,https://www.meneame.net/story/violan-interprete-cerca-campo-migrantes-calais,2686302,20538789,156,155.0,--493685--,2016-10-18T21:18:26+00:00,0,6,"#155 de los ataques a transportistas,  de las amenazas, de los intentos por cruzar a Reino Unido. Todos ilegales."
inmigracion,https://www.meneame.net/story/violan-interprete-cerca-campo-migrantes-calais,2686302,20538771,155,154.0,avalancha971,2016-10-18T21:13:39+00:00,0,7,"#154 Del campamento, de sus habitantes, de la legislación francesa, la europea, la internacional..."
inmigracion,https://www.meneame.net/story/violan-interprete-cerca-campo-migrantes-calais,2686302,20538763,154,149.0,--493685--,2016-10-18T21:12:12+00:00,0,6,#149 desconocimiento de qué exactamente?
inmigracion,https://www.meneame.net/story/violan-interprete-cerca-campo-migrantes-calais,2686302,20538762,153,131.0,Rarepepelarana,2016-10-18T21:12:10+00:00,0,9,"#131 No si yo no te digo que no. Tampoco tengo claro que la mayoría de inmigrantes sean varones, que de Latinoamérica suelen venir más mujeres. Estoy de acuerdo en que la criminalidad será menor si se ajustan esos factores, pero 7 veces más es muchísima diferencia, no creo que se vaya a eliminar ni ajustando el nivel socioeconómico, el sexo y la edad."
inmigracion,https://www.meneame.net/story/violan-interprete-cerca-campo-migrantes-calais,2686302,20538757,152,104.0,--510943--,2016-10-18T21:11:22+00:00,0,7,"#104 Que cumpla la pena en España y luego se le expulse. De hecho, es lo que se hace."
inmigracion,https://www.meneame.net/story/violan-interprete-cerca-campo-migrantes-calais,2686302,20538754,151,94.0,--510943--,2016-10-18T21:10:52+00:00,18,96,"#94 #90 Ya estamos con la misma gilipollez de siempre: que haya delincuentes autóctonos no es motivo para que tengamos que adoptar a los extranjeros delincuentes. Sugerir, como haces, que no está bien expulsar a extranjeros delincuentes simplemente porque hay españoles delincuentes es una gilipollez como una catedral."
inmigracion,https://www.meneame.net/story/violan-interprete-cerca-campo-migrantes-calais,2686302,20538745,150,120.0,Rarepepelarana,2016-10-18T21:08:38+00:00,0,9,"#120 Ese estudio está por hacer en la población española, podrías traerlo. Y aunque fuera así, se debería haber preguntado a los españoles si quería legalizar a una enorme población para la cual no hay ni había trabajos, que fue traída para bajar salarios y perjudicar a españoles y europeos de baja cualificación, a la vez que enriquecía a la élite constructora y casta que se llevaba las mordidas. Ellos no eran necesarios, es más fueron un elemento importante para la hinchazón y quiebra de burbujas inmobiliaria y consiguiente quiebra de las cajas y enorme deuda española.

Sigo dudando que tras ajustar el nivel socioeconómico te den los mismos datos de violencia de género, permíteme dudarlo. La diferencia imagino que será mejor, pero dudo mucho que sea igual, es que la diferencia en casos de violencia de género es casi más de 5 veces la del otro grupo. Tendría que traerme datos en vez de aventurarme esto."
inmigracion,https://www.meneame.net/story/violan-interprete-cerca-campo-migrantes-calais,2686302,20538741,149,9.0,avalancha971,2016-10-18T21:08:17+00:00,0,7,#9 No lo entiendes por desconocimiento.
inmigracion,https://www.meneame.net/story/violan-interprete-cerca-campo-migrantes-calais,2686302,20538732,148,134.0,mamoncete,2016-10-18T21:07:36+00:00,0,11,"#134 Comparando las cárceles españolas con las de otros países, las de aquí son hoteles. En lo de que no sea delito quizás tengas razón, no es que no sea delito, es que les da igual, lo justifican, o le quitan importancia, y a veces hasta le ""condenan""  a casarse con la víctima. 
En fin, que no nos tengamos que ver en la situación."
inmigracion,https://www.meneame.net/story/violan-interprete-cerca-campo-migrantes-calais,2686302,20538715,147,66.0,--485115--,2016-10-18T21:05:20+00:00,6,-34,"#66 Dame una T, dame una O, dame una N, dame una T, dame una O.... TOOOOONTOOO"
inmigracion,https://www.meneame.net/story/violan-interprete-cerca-campo-migrantes-calais,2686302,20538708,146,43.0,--485115--,2016-10-18T21:04:15+00:00,7,53,"#43 y eso sin contar que la nacionalidad española la regalan en las tapas de los yogures, y una vez nacionalizados sus delitos ya cuentan como de «españoles». Si además desglosaran en las estadísticas los delitos cometidos por gitanos, ya sería de traca."
inmigracion,https://www.meneame.net/story/violan-interprete-cerca-campo-migrantes-calais,2686302,20538707,145,13.0,--341730--,2016-10-18T21:04:11+00:00,5,34,#13 ¿Vas a comparar la cultura de violacion que existe muchos países musulmanes con las violaciones que hay en España?
inmigracion,https://www.meneame.net/story/violan-interprete-cerca-campo-migrantes-calais,2686302,20538692,144,100.0,scalvo,2016-10-18T21:01:49+00:00,7,50,"#100 Cuántos cristianos occidentales, agnósticos occidentales o ateos occidentales se casan y tienen relaciones sexuales con niñas menores de 16 años?
Cuántos en países donde el Islam es muy relevante?

Pues ahí está la diferencia, no en el levítico. No debe venir gente cuya cultura admita esas aberraciones. Sencillamente no debe venir."
inmigracion,https://www.meneame.net/story/violan-interprete-cerca-campo-migrantes-calais,2686302,20538690,143,109.0,Rarepepelarana,2016-10-18T21:01:20+00:00,1,16,"#109 La primera parte de lo que has escrito ya se ha comentado en otros comentarios en este mismo hilo y yo los comenté antes (ya hablo de las posibles causas de su alto crimen), así que no lo voy a repetir.

La segunda no es cierta. Sí se les trajo y se les regularizó sin preguntar a la mayoría de la población española si quería regularizarlos durante los gobiernos de Aznar y Zapatero. No estoy discutiendo de dónde huyen, si no el alto crimen que cometen en relación a la población española. No nos han traído consecuencias positivas. Han aportado crimen y competición no cualificada que baja salarios. Y no se nos preguntó si los queríamos regularizar o legalizar a ilegales, se nos obligó a aceptarlos. Y eso no se llama democracia, como muchas de las otras cosas que ha hecho el PPSOE. Esta noticia, como otras, señala las consecuencias negativas de la inmigración, que tan olvidadas quedan en la izquierda, y lo costoso económica y culturalmente que es arreglar el problema, más en un entorno económico doloroso para la mayoría de europeos del sur. Y es más interesante que sea la izquierda la que conozca esto, ya que la derecha es neoliberal y corrupta y ya lo sabía, pero le importa poco porque sus dirigentes viven en comunidades cerradas y engañan a la población en casi todo. Corresponde a los votantes españoles decidir sobre esto, en coste económico y números, a quién dejar entrar en su país, no a oligarcas neoliberales. Y si hablamos de ayudar a los pobres del mundo, prefiero que se haga en origen, y no a quienes no les importa pagar a mafias y saltarse las leyes y las vallas para entrar en un país que no les ha dado permiso para entrar. 

El resto de cosas que has dicho de genes y colores te los has sacado de la manga. Ni hablo de ellos en relación con este tema actual de la inmigración ni me importa. Se mencionan en relación a otras cuestiones por curiosidad científica, y que a veces sacan los neoliberales de pseudoizquierda, que son  a veces más racistas de lo que mucha gente cree."
inmigracion,https://www.meneame.net/story/violan-interprete-cerca-campo-migrantes-calais,2686302,20538679,142,10.0,--485115--,2016-10-18T20:58:58+00:00,3,23,"#10 es un caso aislado, además, el violador tiene doble nacionalidad noruega. Le hemos fallado..."
inmigracion,https://www.meneame.net/story/violan-interprete-cerca-campo-migrantes-calais,2686302,20538676,141,129.0,Libertual,2016-10-18T20:58:24+00:00,1,22,#129 Hay muchos países donde los violadores no van al trullo. ¿Te arriesgarías a que quede libre en su país y vuelva en menos de una semana?
inmigracion,https://www.meneame.net/story/violan-interprete-cerca-campo-migrantes-calais,2686302,20538668,140,42.0,--485115--,2016-10-18T20:57:30+00:00,6,-46,#42 yo lo desmantelaba con napalm
inmigracion,https://www.meneame.net/story/violan-interprete-cerca-campo-migrantes-calais,2686302,20538662,139,,--507165--,2016-10-18T20:56:47+00:00,1,14,"cantemos todos juntos!!

Imagine aaaall the peopleeeee"
inmigracion,https://www.meneame.net/story/violan-interprete-cerca-campo-migrantes-calais,2686302,20538653,138,133.0,topolivan,2016-10-18T20:55:11+00:00,1,18,"#133 Tal vez me he perdido el inicio de vuestra conversación, pero referir a datos no creo que sea generalizar o crear ruido."
inmigracion,https://www.meneame.net/story/violan-interprete-cerca-campo-migrantes-calais,2686302,20538651,137,59.0,--223651--,2016-10-18T20:54:51+00:00,1,16,#59 Es que enriquecen más que el pan bimbo! {grin} {grin}
inmigracion,https://www.meneame.net/story/violan-interprete-cerca-campo-migrantes-calais,2686302,20538641,136,117.0,--189197--,2016-10-18T20:53:22+00:00,0,10,"#117 ya tio, es como aquí en Catalunya que todos sabemos la lengua mas habitual en las cárceles."
inmigracion,https://www.meneame.net/story/violan-interprete-cerca-campo-migrantes-calais,2686302,20538639,135,65.0,--505393--,2016-10-18T20:53:18+00:00,5,44,"#65 Joder, yo dije el otro día algo parecido y me follaron a negativos, me llamaron xenófobo, racista, machista y mil cosas más.

¡Menéame ya no es lo que era!  {troll}"
inmigracion,https://www.meneame.net/story/violan-interprete-cerca-campo-migrantes-calais,2686302,20538638,134,121.0,Libertual,2016-10-18T20:53:11+00:00,0,10,#121 Si yo fuera víctima no permitiría que la pena la cumpliese en un país en el que probablemente una violación no fuese delito.
inmigracion,https://www.meneame.net/story/violan-interprete-cerca-campo-migrantes-calais,2686302,20538637,133,127.0,zoezoe,2016-10-18T20:53:01+00:00,0,17,"#127 Lo sé, Pero es que se esta/ba hablando de delitos LIVG y como de lo que se trata es de generalizar y crear ruído , pasa lo que pasa {undecided}

[Edited] Disculpas si no respondo a ningún cometario más, me salgo del hilo."
inmigracion,https://www.meneame.net/story/violan-interprete-cerca-campo-migrantes-calais,2686302,20538634,132,70.0,--161499--,2016-10-18T20:52:41+00:00,1,16,"#70 Normalmente estas discusiones son acerca de la validez de los datos, pero si los datoa los proporcionas tu mismo, y las matemáticas son incuestionables..."
inmigracion,https://www.meneame.net/story/violan-interprete-cerca-campo-migrantes-calais,2686302,20538632,131,32.0,--154438--,2016-10-18T20:52:28+00:00,8,61,"#32 #29 si bien estoy de acuerdo con que los inmigrantes cometen más delitos por una cuestión meramente social y cultural, que no racial, debo también decir que tu interpretación de los datos tampoco es correcta dado que te olvidas de muchísimos factores. Uno importante es el factor edad, los inmigrantes son en su mayoría varones y jóvenes, por lo que a la hora de comparar habría que hacerlo entre grupos de edad similares y si se quisiera además ahondar más en las raíces del crimen habría que  comparar jóvenes varones españoles sin estudios vs inmigrantes varones sin estudios. Posiblemente ese '8 veces más' sería bastante menor."
inmigracion,https://www.meneame.net/story/violan-interprete-cerca-campo-migrantes-calais,2686302,20538627,130,77.0,ricdelcagar,2016-10-18T20:51:03+00:00,0,6,"#77 sí, hoy ha sido un día con noticias bastante bestias en este sentido: el pegamento, la argentina, la intérprete, mensajes de la manada y algo más había. Muy triste todo."
inmigracion,https://www.meneame.net/story/violan-interprete-cerca-campo-migrantes-calais,2686302,20538624,129,76.0,scalvo,2016-10-18T20:50:52+00:00,4,41,"#76 Los violadores españoles al trullo. Los violadores de otros países, a los trullos de otros países."
inmigracion,https://www.meneame.net/story/violan-interprete-cerca-campo-migrantes-calais,2686302,20538619,128,71.0,--485115--,2016-10-18T20:50:22+00:00,3,24,"#71 claro, que todos los sirios son bellísimas personas, no como los afganos, donde va a parar..."
inmigracion,https://www.meneame.net/story/violan-interprete-cerca-campo-migrantes-calais,2686302,20538615,127,96.0,topolivan,2016-10-18T20:49:52+00:00,13,115,"#96 Sí, creo que lo que #65 quería decir es que el tema importante sería ver el porcentaje con respecto a la población de esa nacionalidad viviendo en España. 
Obviamente hay una inmensa mayoría de Españoles, pero a ojo de buen cubero, parece que los marroquíes están sobre representados.

De hecho, haciendo un cálculo rápido y sucio:
Españoles: 887 / 46millones = 0.0000192826
Marroquíes: 118 / 800mil = 0.00014 (Un orden de magnitud por encima, o más concretamente 7.26 veces más proclives a ser penados por esos delitos)

Pues eso, lo que #65 decía.

Ps. La población marroquí es de unos 800.000, según https://es.wikipedia.org/wiki/Inmigraci%C3%B3n_marroqu%C3%AD_en_Espa%C3%B1a"
inmigracion,https://www.meneame.net/story/violan-interprete-cerca-campo-migrantes-calais,2686302,20538613,126,43.0,--223651--,2016-10-18T20:49:22+00:00,8,67,#43 No les va a entrar en la cabeza por mucho que se les diga. Su buenrollismo hippiástico integrador no se lo permite.
inmigracion,https://www.meneame.net/story/violan-interprete-cerca-campo-migrantes-calais,2686302,20538611,125,105.0,--491159--,2016-10-18T20:49:08+00:00,0,9,"#105 Porque atribuyes a la religión la violacion en un caso, pero no en el otro por el hecho de ser guardia civiles, supongo que serian musulmanes.
Yo no he dicho que uno sea mas malo que otro, solamente señalo que ese argumento es falaz por atribuir esas citas como si la mayoría sus fieles las llevasen a cabo.
Pues eso, ¿te relacionas y generalizas a los católicos/españoles/guardias civiles con la violacion de San Fermín?"
inmigracion,https://www.meneame.net/story/violan-interprete-cerca-campo-migrantes-calais,2686302,20538608,124,69.0,scalvo,2016-10-18T20:48:50+00:00,3,34,"#69 Y eso, comparativamente, es mucho o es poco? Dónde hay datos de otros países y otras épocas?

Los datos sin contexto no son nada ya que no permiten análisis ninguno."
inmigracion,https://www.meneame.net/story/violan-interprete-cerca-campo-migrantes-calais,2686302,20538603,123,25.0,--223651--,2016-10-18T20:47:53+00:00,5,25,"#25 Rasiiiiiista, facha, anti-integradoooooooor..."
inmigracion,https://www.meneame.net/story/violan-interprete-cerca-campo-migrantes-calais,2686302,20538602,122,117.0,zoezoe,2016-10-18T20:47:47+00:00,0,17,"#117 No me des opiniones, dame datos, y por favor, mejor deja la palabra ""ridículo"" en el tecladito {tongue}"
inmigracion,https://www.meneame.net/story/violan-interprete-cerca-campo-migrantes-calais,2686302,20538601,121,104.0,mamoncete,2016-10-18T20:47:28+00:00,0,11,"#104 Si claro, se juzga aquí, así es como se hace."
inmigracion,https://www.meneame.net/story/violan-interprete-cerca-campo-migrantes-calais,2686302,20538599,120,32.0,UlisesRey,2016-10-18T20:47:17+00:00,5,51,"#32 No sólo hay que normalizar los datos con respeto a la población, sinó a nivel educativo, ingresos familiares etc.

Si lo hicieras, verías que no hay apenas diferencia.

No hay que expulsar a nadie, hay que conseguir que todo el mundo tenga acceso a una educación de calidad y conseguir reducir las desigualdades sociales.

Saludos."
inmigracion,https://www.meneame.net/story/violan-interprete-cerca-campo-migrantes-calais,2686302,20538596,119,74.0,--161499--,2016-10-18T20:47:02+00:00,3,29,"#74 Te he votado positivo porque es un troll, pero no es un mal troll. Arrastra mucho y convence a muchos con sus trolleadas y eso es de buen troll."
inmigracion,https://www.meneame.net/story/violan-interprete-cerca-campo-migrantes-calais,2686302,20538588,118,,decaff,2016-10-18T20:45:56+00:00,0,6,Y esto es culpa nuestra porque...
inmigracion,https://www.meneame.net/story/violan-interprete-cerca-campo-migrantes-calais,2686302,20538586,117,96.0,--166178--,2016-10-18T20:45:28+00:00,7,36,#96 ¿que tengo que leer? Quieres de dejar ya de hacer el ridículo. El porcentaje de criminales que es extranjero es muy grande para la población extranjera que hay. No hay que darle la vuelta a la realidad.
inmigracion,https://www.meneame.net/story/violan-interprete-cerca-campo-migrantes-calais,2686302,20538585,116,26.0,--223651--,2016-10-18T20:45:20+00:00,1,16,"#26 Hala, qué racistas de mierda esos de Servicio de gestión de penas y medidas alternativas. Racistas todos, todos..."
inmigracion,https://www.meneame.net/story/violan-interprete-cerca-campo-migrantes-calais,2686302,20538583,115,27.0,PasaPollo,2016-10-18T20:44:54+00:00,1,15,"#27 Sí, es violación. Yo lo calificaría como violación con hasta tres agravantes cualificadas: "" carácter particularmente degradante o vejatorio ""; "" hubiere puesto en peligro, de forma dolosa o por imprudencia grave, la vida o salud de la víctima ""; y "" los hechos se cometan por la actuación conjunta de dos o más personas """
inmigracion,https://www.meneame.net/story/violan-interprete-cerca-campo-migrantes-calais,2686302,20538582,114,,polvos.magicos,2016-10-18T20:44:42+00:00,0,10,"Hay gente muy estúpida, se buscan la ruina por evitarse una paja."
inmigracion,https://www.meneame.net/story/violan-interprete-cerca-campo-migrantes-calais,2686302,20538581,113,4.0,--485115--,2016-10-18T20:44:27+00:00,9,33,"#4 y eso que son todo mujeres, niños, médicos e ingenieros, si llega a venir la purria salvaje y analfabeta que suele poblar esos países..."
inmigracion,https://www.meneame.net/story/violan-interprete-cerca-campo-migrantes-calais,2686302,20538579,112,17.0,--223651--,2016-10-18T20:43:29+00:00,6,8,"#17 el HETEROpatriarcado, no lo olvides. Heterosexuality is murder and oppression!"
inmigracion,https://www.meneame.net/story/violan-interprete-cerca-campo-migrantes-calais,2686302,20538571,111,14.0,--223651--,2016-10-18T20:42:12+00:00,2,15,"#14 No te molestes, quien no quiere verlo no lo va a ver gracias a su mente tan llena de buenrollismos happyflowers donde todos son buenas personas y bailan en armonía cogiditos de las manos al ritmo del ""give peace a chance"" en un mundo perfecto."
inmigracion,https://www.meneame.net/story/violan-interprete-cerca-campo-migrantes-calais,2686302,20538570,110,,--485115--,2016-10-18T20:41:53+00:00,0,6,"Welcome refugees, son sus costumbres y hay que respetarlas"
inmigracion,https://www.meneame.net/story/violan-interprete-cerca-campo-migrantes-calais,2686302,20538566,109,32.0,--272179--,2016-10-18T20:40:52+00:00,7,70,"#32 significa que la delincuencia tiene como primer factor precursor la situación económica y el contexto social y nivel cultural, entorno integrador/segregador, cuando no va acompañado el caso de algún tipo de psicopatía, pero eso es una enfermedad evidentemente.

Que otra explicación le das? El color de la piel, el acento al hablar, la estatura mas baja, religión? Esta penado o no esta penado el robo y la violación en sus países de procedencia igual que en cualquier país europeo? Generalmente sí... Marruecos, Túnez, Siria... Tenían o tienen esas legislaciones. Que diferencia hay en creer que hay una predisposición genética y cultural en esas personas para delinquir y creer que el reiki puede dar resultados en el tratamiento de la psoriasis?

#34 a nadie le corresponde delinquir, esto no es una cuestión de cuotas ni una competición {palm}

Deduzco que te molesta especialmente cuando roba o viola un tipo con el que no te identificas por una cuestión absurda de identidad nacional o algo, pero eres de los que se mete la cabeza en sálvese a la parte cuando se dan casos entre aquellos grupos poblacionales con los que si te identificas. Supongo que esa paja mental es la que te lleva a ignorar la multitud de factores condicionantes que actúan por encima de la terna de siempre (raza/etnia/religión) y te hace afrontar el análisis de un asunto complejo con esa estrechez de miras.

Por otro lado no se trae a nadie, sino que vienen ellos huyendo de- Cuestion de nalizar procedencias y estado de la situación en esos lugares y sacar las conclusiones obvias que hasta un prepúber seria capaz de sacar. 

Como dice #8, no se envían a meneame noticias sobre lo que pasa después, dando la sensación de impunidad ya que solo vemos el bombardeo de SPAM que diferentes cuñados ajenos totalmente a la situación real de la crisis, donde esta se halla. Evidentemente la mayoría de la gente que aquí envía noticias sobre delincuencia entre el grupo poblacional con trasfondo migratorio no esta realmente familiarizada con esa realidad sino mas bien con su sofá y su salón en algun punto de la geografía española, uno de los países que menos migración o refugiados recibe, de hecho un país que abandona la gente desde que comenzó la crisis.

Tampoco se envian noticias positivas o desmentidos de bulos y si se hace (yo tengo un par de envíos) hay una gente muy aficionada al cloning-ban-cloning y al argumento por lo general en tono de libelo xenofobo que se organiza para intentar que lo pueda leer el mínimo numero de usuarios posible."
inmigracion,https://www.meneame.net/story/violan-interprete-cerca-campo-migrantes-calais,2686302,20538562,108,,drumkola,2016-10-18T20:39:44+00:00,0,6,Refugees welcome!
inmigracion,https://www.meneame.net/story/violan-interprete-cerca-campo-migrantes-calais,2686302,20538559,107,5.0,cuestionador,2016-10-18T20:39:16+00:00,0,8,"#5 #6 Para Eduardo Pitoscuchillos no hay diferencia. 

Gran película por cierto. {shit}"
inmigracion,https://www.meneame.net/story/violan-interprete-cerca-campo-migrantes-calais,2686302,20538558,106,10.0,Jiraiya,2016-10-18T20:39:14+00:00,2,20,"#10 Yo creo que entre tu mensaje y el de todos son delincuentes hay un término medio que es la realidad, pero bueno, si te mola hacer demogogia racista quién soy yo para impedírtelo?"
inmigracion,https://www.meneame.net/story/violan-interprete-cerca-campo-migrantes-calais,2686302,20538556,105,100.0,ZelosWider,2016-10-18T20:38:58+00:00,8,65,"#100 ¿Por qué asumes que no voy a ser capaz de comprenderlo? 

Me estás juzgando sin conocerme ni conocer cómo pienso. Soy ateo, pero una de mis pasiones es el estudio de las religiones. Siento decirte que las tres religiones abrahámicas (judaísmo, islam y cristianismo) comparten el antiguo testamento y, por tanto, el deuteronomio y el levítico. De hecho, el islam usa ciertos fragmentos del deuteronomio como señales que profetizaban la llegada de Mohammed (también conocido como Mahoma).

Ah... Espera, ¿ibas a citarme fragmentos del deuteronomio para demostrarme cómo de malo es el cristianismo frente a la religión musulmana?"
inmigracion,https://www.meneame.net/story/violan-interprete-cerca-campo-migrantes-calais,2686302,20538554,104,99.0,Libertual,2016-10-18T20:37:47+00:00,2,31,"#99 Si el delito lo comete en España contra un ciudadano español, esté tiene derecho a un juicio justo por parte de las autoridades españolas y no asumir el riesgo de que quede impune en el país de origen del violador."
inmigracion,https://www.meneame.net/story/violan-interprete-cerca-campo-migrantes-calais,2686302,20538551,103,69.0,--223651--,2016-10-18T20:36:43+00:00,18,80,"#69 Pobre mujer, qué escocida debe ir."
inmigracion,https://www.meneame.net/story/violan-interprete-cerca-campo-migrantes-calais,2686302,20538549,102,6.0,--224275--,2016-10-18T20:36:09+00:00,4,-14,"#6 Toma, que se te acaba. 

Y deja un poco de karma para los demás. {troll}"
inmigracion,https://www.meneame.net/story/violan-interprete-cerca-campo-migrantes-calais,2686302,20538548,101,,yagoSeis,2016-10-18T20:36:03+00:00,2,15,Esta claro que los tios llevamos un gen muy chungo
inmigracion,https://www.meneame.net/story/violan-interprete-cerca-campo-migrantes-calais,2686302,20538540,100,97.0,--491159--,2016-10-18T20:34:31+00:00,2,15,"#97 No empecemos a citar frases no vaya a salir por accidente una del levítico o el deutereonomio.

Se ha condenado a los guardia civiles por todos lados o a los violadores? Déjalo, dudo que seas capaz de comprenderlo."
inmigracion,https://www.meneame.net/story/violan-interprete-cerca-campo-migrantes-calais,2686302,20538539,99,94.0,mamoncete,2016-10-18T20:33:45+00:00,12,83,"#94 No, no se puede, no se puede retirar la nacionalidad, ni desterrar, ni abandonar en una isla desierta. Lo de la isla, a mi personalmente no me parecería mal. 

A los de fuera, a los violadores, o a cualquiera que cometa delitos graves, si hay acuerdo con su país de origen, que cumpla la pena allí, y si no lo hay cuando la cumpla que se le expulse."
inmigracion,https://www.meneame.net/story/violan-interprete-cerca-campo-migrantes-calais,2686302,20538533,98,,--67547--,2016-10-18T20:32:00+00:00,2,19,"""Son sus costumbres, y hay que respetarlas"""
inmigracion,https://www.meneame.net/story/violan-interprete-cerca-campo-migrantes-calais,2686302,20538531,97,86.0,ZelosWider,2016-10-18T20:31:13+00:00,8,49,"#86 Lo de los guardias civiles se ha condenado por todos lados, y poca gente hay a la que no les den asco esos energúmenos (a mí el primero), de modo que, ¿por qué no hacer lo mismo aquí?"
inmigracion,https://www.meneame.net/story/violan-interprete-cerca-campo-migrantes-calais,2686302,20538524,96,93.0,zoezoe,2016-10-18T20:30:20+00:00,0,17,"#93 A ver, el del MIT.

Abre el .pdf en #60 y te vas a la pag. 6."
inmigracion,https://www.meneame.net/story/violan-interprete-cerca-campo-migrantes-calais,2686302,20538512,95,6.0,--262934--,2016-10-18T20:28:29+00:00,0,9,"#6 fan de tu mente depravada, no pense en ello como dice #5"
inmigracion,https://www.meneame.net/story/violan-interprete-cerca-campo-migrantes-calais,2686302,20538501,94,90.0,Libertual,2016-10-18T20:25:30+00:00,17,-42,"#90 Si puedes enviar fuera a un violador extranjero, también puedes enviar a ""uno de aquí"". A no ser que te gusten los violadores con patatas, en ese caso te presentas y te los comes tú."
inmigracion,https://www.meneame.net/story/violan-interprete-cerca-campo-migrantes-calais,2686302,20538495,93,30.0,--166178--,2016-10-18T20:24:07+00:00,5,-10,#30 vuelve a la ESO y que te enseñen a leer gráficas.
inmigracion,https://www.meneame.net/story/violan-interprete-cerca-campo-migrantes-calais,2686302,20538494,92,50.0,Luiskelele,2016-10-18T20:24:04+00:00,1,16,#50 y encima no querra casarse con el violador la muy...
inmigracion,https://www.meneame.net/story/violan-interprete-cerca-campo-migrantes-calais,2686302,20538490,91,65.0,--166178--,2016-10-18T20:23:20+00:00,8,65,#65 no tiene ni puta idea de estadística ni de leer porcentajes.
inmigracion,https://www.meneame.net/story/violan-interprete-cerca-campo-migrantes-calais,2686302,20538489,90,76.0,mamoncete,2016-10-18T20:22:38+00:00,32,214,"#76 A los de aquí nos los tendremos que comer con patatas nosotros, a los de fuera que se los coman con patatas en su pueblo."
inmigracion,https://www.meneame.net/story/violan-interprete-cerca-campo-migrantes-calais,2686302,20538485,89,30.0,Luiskelele,2016-10-18T20:21:09+00:00,1,14,"#30 por favor, estas quedando en ridiculo tanto que ya no es ni gracioso. Para."
inmigracion,https://www.meneame.net/story/violan-interprete-cerca-campo-migrantes-calais,2686302,20538484,88,14.0,--166178--,2016-10-18T20:21:03+00:00,1,17,#14 poco futuro te espera afirmando verdades con datos.
inmigracion,https://www.meneame.net/story/violan-interprete-cerca-campo-migrantes-calais,2686302,20538482,87,84.0,zoezoe,2016-10-18T20:20:34+00:00,1,26,"#84 El día que descubran que para ello utilizas no se qué sonda, te la van a cortar de cuajo."
inmigracion,https://www.meneame.net/story/violan-interprete-cerca-campo-migrantes-calais,2686302,20538480,86,,--491159--,2016-10-18T20:20:21+00:00,4,27,Aprovechemos para generalizar aquí y no en el caso de los San Fermines.
inmigracion,https://www.meneame.net/story/violan-interprete-cerca-campo-migrantes-calais,2686302,20538473,85,64.0,mamoncete,2016-10-18T20:18:58+00:00,3,34,"#64 Racista es quién cree en razas superiores e inferiores. 

Poco integrador no lo se, aunque tampoco se les ve mucho animo de integrarse a los tipejos de la noticia."
inmigracion,https://www.meneame.net/story/violan-interprete-cerca-campo-migrantes-calais,2686302,20538470,84,83.0,--523350--,2016-10-18T20:17:59+00:00,3,49,#83 En mi defensa diré que violar humanos es mi pan de cada día.
inmigracion,https://www.meneame.net/story/violan-interprete-cerca-campo-migrantes-calais,2686302,20538463,83,80.0,zoezoe,2016-10-18T20:16:34+00:00,1,26,"#80 ¡ Puto extraterrestre !, de donde vienes a ti todo esto te parecerá normal ¿verdad? {grin}"
inmigracion,https://www.meneame.net/story/violan-interprete-cerca-campo-migrantes-calais,2686302,20538454,82,67.0,Rarepepelarana,2016-10-18T20:14:31+00:00,0,9,"#67 A ver, no te estoy discutiendo que haya menos o más en proporción entre norte y sur (que seguramente sea como tu dices), pero que las diferencias no son muy altas de base (lo mismo yo no me he explicado bien). Nos parecemos muchísimo más a los franceses del sur que a los marroquíes.

El color de ojos y el pelo rubio también se da más en el norte del Atlas en Marruecos, y sin embargo no se pueden ver casi rastros de haplogrupos nórdicos o europeos alló. No está claro porque en esa parte reducida de Marruecos hay más, lo mismo podría deberse a que es un rasgo vistoso y escaso que es bueno para la selección natural, y eso lo que se ha preservado (no necesariamente por tener el pelo rubio y ojos azules se tienen los rasgos europeos/nórdicos, porque esos genes pueden ser positivos y heredarse mejor que el resto de genes)."
inmigracion,https://www.meneame.net/story/violan-interprete-cerca-campo-migrantes-calais,2686302,20538453,81,27.0,simiocesar,2016-10-18T20:14:31+00:00,1,-4,#27 violación más lesiones
inmigracion,https://www.meneame.net/story/violan-interprete-cerca-campo-migrantes-calais,2686302,20538448,80,70.0,--523350--,2016-10-18T20:13:38+00:00,2,35,#70 Debo decir que en este caso tienen razón.
inmigracion,https://www.meneame.net/story/violan-interprete-cerca-campo-migrantes-calais,2686302,20538445,79,57.0,--481613--,2016-10-18T20:12:59+00:00,16,112,"#57 Y luego están los que insisten en afirmar que los bárbaros son solo 4 gatos aislados, incluso los que vienen de países donde se apedrea a adulteras hasta la muerte como algo del dia a dia, por ejemplo. Pero hey, es cruzar las fronteras de Europa y mágicamente se convierten a nuestros valores occidentales, claro que si. {cheesy}"
inmigracion,https://www.meneame.net/story/violan-interprete-cerca-campo-migrantes-calais,2686302,20538443,78,68.0,zoezoe,2016-10-18T20:12:41+00:00,1,26,"#68 goto #70 A lo mohó no es el ejemplo más idóneo pero ante una afirmación así, al menos a mí, no me basta un enlace a la gaceta."
inmigracion,https://www.meneame.net/story/violan-interprete-cerca-campo-migrantes-calais,2686302,20538442,77,9.0,GodAres,2016-10-18T20:12:41+00:00,1,30,"#9 Hoy he leido que un tio pego la vagina a una mujer con pegamento, asi que ya me creo cualquier cosa, #1 tiene razon."
inmigracion,https://www.meneame.net/story/violan-interprete-cerca-campo-migrantes-calais,2686302,20538439,76,4.0,Libertual,2016-10-18T20:12:33+00:00,16,79,"#4 y #35 Dime al país que los devuelves que enviamos también al resto de los violadores españoles.

http://www.elconfidencial.com/espana/2016-07-11/numero-violaciones-espana_1231474/"
inmigracion,https://www.meneame.net/story/violan-interprete-cerca-campo-migrantes-calais,2686302,20538437,75,13.0,--331746--,2016-10-18T20:12:14+00:00,1,21,"#13 Hombre, ya que te violan por lo menos que sea español."
inmigracion,https://www.meneame.net/story/violan-interprete-cerca-campo-migrantes-calais,2686302,20538435,74,62.0,--425756--,2016-10-18T20:11:21+00:00,5,40,#62 Es un mal troll.
inmigracion,https://www.meneame.net/story/violan-interprete-cerca-campo-migrantes-calais,2686302,20538432,73,28.0,pinzadelaropa,2016-10-18T20:11:02+00:00,2,36,"#28 yo entendí exactamente lo mismo. que le metió el cuchillo, de hecho pensé que ójala no haya sido por la parte filosa"
inmigracion,https://www.meneame.net/story/violan-interprete-cerca-campo-migrantes-calais,2686302,20538424,72,58.0,--397323--,2016-10-18T20:09:58+00:00,1,18,#58 No mezcles los refugiados sirios con afganos.
inmigracion,https://www.meneame.net/story/violan-interprete-cerca-campo-migrantes-calais,2686302,20538420,71,4.0,--397323--,2016-10-18T20:09:38+00:00,1,10,"#4 Y es el problema de mezclar todos los refugiados como iguales.

Que tendre que ver en todos los sentidos un refugiado sirio con uno afghano."
inmigracion,https://www.meneame.net/story/violan-interprete-cerca-campo-migrantes-calais,2686302,20538417,70,66.0,zoezoe,2016-10-18T20:08:44+00:00,0,17,"#66 Eso mismo.

De #14 

> Las personas de países tercermundistas sin educación y cultura atrasada son más propensas al crimen."
inmigracion,https://www.meneame.net/story/violan-interprete-cerca-campo-migrantes-calais,2686302,20538412,69,2.0,Libertual,2016-10-18T20:08:29+00:00,13,84,"#2 ""Una mujer es violada en España cada ocho horas""

http://www.elconfidencial.com/espana/2016-07-11/numero-violaciones-espana_1231474/

Reinterpretando..."
inmigracion,https://www.meneame.net/story/violan-interprete-cerca-campo-migrantes-calais,2686302,20538410,68,30.0,--524809--,2016-10-18T20:08:12+00:00,1,16,#30 Ese gráfico no ayuda demasiado a lo que se supone quieres argumentar.
inmigracion,https://www.meneame.net/story/violan-interprete-cerca-campo-migrantes-calais,2686302,20538392,67,49.0,meneameesforocoches,2016-10-18T20:05:15+00:00,1,17,"#49 me he leido varios, me hice la cuenta de meneame solo para poder decirselo a un nacionalista catalan y uno español en una discusion en la solo estaban de acuerdo en que los andaluces son moros.Siempre he querido preguntar a los expertos que dicen  eso cuanto tiempo hace falta para magicamente hacerte moro. 200 años de ocupacion? 50? 300?  
No mires los mapas de wikipedia que son generalistas. hay mas sangre africana en salamanca y barcelona que en granada. Por no comentarte que colonizaron sierra Morena con alemanes y austriacos.
Soy de Granada , en mi familia somos rubios y de ojos verdes o azules por eso me encanta restregarselo a los que nos llaman moros {troll}"
inmigracion,https://www.meneame.net/story/violan-interprete-cerca-campo-migrantes-calais,2686302,20538391,66,30.0,voidcarlos,2016-10-18T20:05:07+00:00,3,44,#30 ¡Pero si el porcentaje de españoles es bastante mayor! ¿Qué querías demostrar?
inmigracion,https://www.meneame.net/story/violan-interprete-cerca-campo-migrantes-calais,2686302,20538388,65,60.0,Rarepepelarana,2016-10-18T20:04:41+00:00,24,171,"#60 Alguien que no tiene mucha idea de estadística tratará de meter datos a bulto, y decir que como hay muchos españoles en España (Rajoy dixit) cometen muchos delitos y que son iguales que los grupos inmigrantes. Eso es un uso manipulado y muy burdo de cualquier dato. Yo no voy a entrar en por qué cometen más crimen, lo achaco al bajo nivel educativo sociocultural, también puede ser a la pobreza, el tráfico de drogas, la cultura retrógrada de origen, etc. Pero es un hecho que ellos causan MUCHO más crimen en el país, y eso no beneficia a la población general que vive en el país. Los datos de la institución penitenciaria que pones señalan el ALTO CRIMEN que tienen los principales grupos extranjeros en proporción a su población comparado con los españoles autóctonos. Que es lo que yo afirmo y tu confirmas. No sé para qué me negativizas por eso. Si tus datos CONFIRMAN los de La Gaceta. Me parece que no sabes muy bien qué quieres decir."
inmigracion,https://www.meneame.net/story/violan-interprete-cerca-campo-migrantes-calais,2686302,20538386,64,4.0,just_a_guy,2016-10-18T20:04:24+00:00,7,43,#4  Eso es racista y poco integrador por tu parte
inmigracion,https://www.meneame.net/story/violan-interprete-cerca-campo-migrantes-calais,2686302,20538382,63,11.0,sandra67,2016-10-18T20:03:52+00:00,0,7,#11 nos vemos en Homecoming...
inmigracion,https://www.meneame.net/story/violan-interprete-cerca-campo-migrantes-calais,2686302,20538374,62,59.0,--510065--,2016-10-18T20:02:49+00:00,14,111,"#59 Vamos, que no es más tonto ni queriendo."
inmigracion,https://www.meneame.net/story/violan-interprete-cerca-campo-migrantes-calais,2686302,20538364,61,57.0,--493969--,2016-10-18T20:01:22+00:00,5,44,"#57 Pero un tanto habituales estas noticias, ¿no?. Cada vez más.

Y en Nigeria había restaurantes que servían cabezas humanas asadas. {0x1f356} {0x1f357} {0x1f374}"
inmigracion,https://www.meneame.net/story/violan-interprete-cerca-campo-migrantes-calais,2686302,20538351,60,48.0,zoezoe,2016-10-18T19:59:25+00:00,11,86,"#48 A ver, la lectura que hago es:

Penados: 1.479

Españoles: 887
Marruecos: 118 (0,32)
Rumanía: 103 (0,53)
Ecuador: 59 (0,16)
Colombia: 29 (0,58)
Bolivia: 29 (0,58)
Resto: 177 (0,48)

Luego podemos hablar de demografía, de estadística, e inluso echarle la culpa a los de siempre, a los sospechos habituales, a la pobreza, a los entornos violentos, a los antecedentes de maltrato infantil o abuso, y ya puestos, hasta a la genética.

Por otra parte todo el hilo es un off topic de manual porque nada tiene que ver con la entrada, ni con el entorno en que se ha producido.

Así que si el único aporte que haces para demostrar #14 es un enlace a lagaceta.es, lo dejo aquí...¡Ojo, no estoy negando lo que dice lagaceta!, tan solo que me gustaría conocer ese informe.

Mi fuente -> http://www.institucionpenitenciaria.es/web/export/sites/default/datos/descargables/publicaciones/Manual_Delito_Violenia_de_Genero_y_los_Penados_Extranjeros_1.pdf"
inmigracion,https://www.meneame.net/story/violan-interprete-cerca-campo-migrantes-calais,2686302,20538340,59,52.0,Rarepepelarana,2016-10-18T19:57:10+00:00,24,154,"#52 Cerdojusticiero es uno de los Meneantes superprogres que al que parece no entrarle en la cabeza la realidad de la inmigración que nos llega por lo general. Para él toda la inmigración bajo todas las circunstancias es buenísima, ya sean físicos japoneses, ingenieros coreanos, o imanes wahabitas de Arabia Saudí. Todo buenísimo."
inmigracion,https://www.meneame.net/story/violan-interprete-cerca-campo-migrantes-calais,2686302,20538333,58,35.0,iampiti,2016-10-18T19:56:31+00:00,1,9,"#35 ¿Lo dices con ironía porque en algunos medios dicen que vienen ""los más preparados""? ¿o lo crees de verdad?
Yo creo que lógicamente el que tenga una vida medio decente allí no se va a arriesgar a venir (o igual sí)"
inmigracion,https://www.meneame.net/story/violan-interprete-cerca-campo-migrantes-calais,2686302,20538311,57,7.0,--126779--,2016-10-18T19:53:17+00:00,16,82,"#7 en realidad solo los imbéciles xenófobos la repiten una y otra vez, haciendo ver que las barbáries de unos pocos son cosutmbre generalizada de todos los demás.

De nada {wink}"
inmigracion,https://www.meneame.net/story/violan-interprete-cerca-campo-migrantes-calais,2686302,20538305,56,30.0,El_Decano,2016-10-18T19:52:31+00:00,0,7,#30 Pero.... {roll} {roll}
inmigracion,https://www.meneame.net/story/violan-interprete-cerca-campo-migrantes-calais,2686302,20538298,55,47.0,Rarepepelarana,2016-10-18T19:51:32+00:00,7,58,"#47 El problema no solamente es que entren los criminales, sino que muchos no criminales (y esto se incrementa para si la población es mayoritariamente de hombres jóvenes, más propensos a las drogas y el crimen con mucho que las mujeres), son de estrato social bajo, y se debe invertir mucho más de lo que se cree por refugiado para educarlos y que no caigan en el crimen, las drogas, y los trabajos criminales para sobrevivir. Quien no sea criminal también es más proclive al crimen por el desarraigo. Esto cuesta más de lo que parece."
inmigracion,https://www.meneame.net/story/violan-interprete-cerca-campo-migrantes-calais,2686302,20538295,54,26.0,El_Decano,2016-10-18T19:51:21+00:00,3,33,#26 ¿Joder no sabes de porcentajes o qué? Piensa un poco.
inmigracion,https://www.meneame.net/story/violan-interprete-cerca-campo-migrantes-calais,2686302,20538288,53,30.0,Cigarra,2016-10-18T19:50:15+00:00,10,94,#30 ¿Tu de estadística poquito no?
inmigracion,https://www.meneame.net/story/violan-interprete-cerca-campo-migrantes-calais,2686302,20538282,52,8.0,--510065--,2016-10-18T19:48:35+00:00,13,66,"#8 #12 Por decir esto en un meneo esta mañana... Ved las contestaciones.

https://www.meneame.net/story/liberia-tres-cada-cuatro-mujeres-han-sido-violadas/c028#c-28

Algunas contestaciones como ...

https://www.meneame.net/story/liberia-tres-cada-cuatro-mujeres-han-sido-violadas/c032#c-32

o 

https://www.meneame.net/story/liberia-tres-cada-cuatro-mujeres-han-sido-violadas/c041#c-41

Dios mio! Por algo tan horrible como saber quien metes en casa!!!!"
inmigracion,https://www.meneame.net/story/violan-interprete-cerca-campo-migrantes-calais,2686302,20538279,51,40.0,Rarepepelarana,2016-10-18T19:48:01+00:00,0,9,#40 demoler*
inmigracion,https://www.meneame.net/story/violan-interprete-cerca-campo-migrantes-calais,2686302,20538275,50,,Dark_Wise,2016-10-18T19:47:16+00:00,8,57,"Que la apedreen por adúltera!

SHARIA FOR EUROPE"
inmigracion,https://www.meneame.net/story/violan-interprete-cerca-campo-migrantes-calais,2686302,20538265,49,44.0,Rarepepelarana,2016-10-18T19:45:42+00:00,0,9,"#44 Los estudios no hablan de eso. Hay un poquito más de influencia de los haplogrupos asociados con el norte de África en el suroeste de Andalucía y Portugal. Pero es una diferencia mínima, España es bastante homogénea por lo general. Y no, vete a Marruecos y verás que la gente tiene aspecto muy diferente por lo general. un 10 por ciento de los españoles tienen el haplogrupo este norteafricano, la inmensa mayoría tenemos el que tienen los europeos del oeste de Europa, franceses y británicos del oeste e irlandeses. Asociar el nazismo a racialismo nórdica es una chorrada de propaganda norteamericana. Si se aliaron con árabes y japoneses. No nos creamos lo que sale en las pelis. Eran un estado expansionista totalitario y asesino, eliminar a todas las razas del mundo menos la suya como que no era lo que tenía en mente el movimiento. Es absurdo."
inmigracion,https://www.meneame.net/story/violan-interprete-cerca-campo-migrantes-calais,2686302,20538249,48,33.0,Rarepepelarana,2016-10-18T19:42:44+00:00,18,123,"#33 zoezoe está dolido, se infla a poner negativos porque como no tiene razón y quería llevarla, se ha enfadado. Cuando uno no tiene razón se admite y ya está. No hace falta negativizar. Total, te lo voy a devolver igualmente."
inmigracion,https://www.meneame.net/story/violan-interprete-cerca-campo-migrantes-calais,2686302,20538218,47,,F_K,2016-10-18T19:34:03+00:00,3,29,"Quizás dejar entrar a cualquiera implica que, como en toda población, enten asesinos, violadores, ladrones y demás ralea. Quizas, no debería entrar todo el mundo, quizás habría que controlar quien entra. Por mucha pena que nos den los documentales de jordi evole."
inmigracion,https://www.meneame.net/story/violan-interprete-cerca-campo-migrantes-calais,2686302,20538186,46,27.0,--122279--,2016-10-18T19:27:20+00:00,1,13,"#27 #28 

Si, eso es violacion"
inmigracion,https://www.meneame.net/story/violan-interprete-cerca-campo-migrantes-calais,2686302,20538045,45,,--427498--,2016-10-18T19:03:08+00:00,6,33,"Que bellísimas personas, que los dejen quedarae en Europa, aportan a la sociedad."
inmigracion,https://www.meneame.net/story/violan-interprete-cerca-campo-migrantes-calais,2686302,20538011,44,16.0,meneameesforocoches,2016-10-18T18:57:14+00:00,2,27,"#16 Lo mismo te corto el rollo pero  hay mas genetica africana en barcelona y salamanaca que en granada.
En lo que era el reino de granada echaron a lo que llamaban moros y despues a los moriscos .
Mirate bien el pelo y los ojos que seguramente es mas facil que seas jabon en vez de nazi si alemania hubiese ganado la guerra  {troll} 
Nazi no es el que quiere sino el que puede"
inmigracion,https://www.meneame.net/story/violan-interprete-cerca-campo-migrantes-calais,2686302,20537988,43,30.0,--517726--,2016-10-18T18:53:46+00:00,32,237,"#30 Es decir, un país donde el porcentaje de extranjeros ínfimo cometen el 35% de los delitos de violencia de género de todo el país."
inmigracion,https://www.meneame.net/story/violan-interprete-cerca-campo-migrantes-calais,2686302,20537977,42,8.0,Milmariposas,2016-10-18T18:50:54+00:00,3,40,"#8 Hoy precisamente se ha aprobado una ley para empezar a desmantelar ese inmenso campo de refugiados. De momento, están ocupándose de los menores, que son muchos. Y esperan terminar la operación antes de que llegue el invierno."
inmigracion,https://www.meneame.net/story/violan-interprete-cerca-campo-migrantes-calais,2686302,20537973,41,5.0,PeterDry,2016-10-18T18:50:27+00:00,1,4,#5 Haberse sacado la ESO o no habérsela sacado y no entender lo que se lee.
inmigracion,https://www.meneame.net/story/violan-interprete-cerca-campo-migrantes-calais,2686302,20537952,40,,ZODIRE,2016-10-18T18:47:00+00:00,1,15,Y lo van a demolar y dejar que se dispersen por Francia.
inmigracion,https://www.meneame.net/story/violan-interprete-cerca-campo-migrantes-calais,2686302,20537937,39,1.0,Milmariposas,2016-10-18T18:44:11+00:00,0,7,#1 Becarios{palm}
inmigracion,https://www.meneame.net/story/violan-interprete-cerca-campo-migrantes-calais,2686302,20537872,38,23.0,Rarepepelarana,2016-10-18T18:35:07+00:00,4,37,#23 Como toda reportera progre neoliberal que se precie tiene que hacer un Ana Pastor.
inmigracion,https://www.meneame.net/story/violan-interprete-cerca-campo-migrantes-calais,2686302,20537763,37,,--526783--,2016-10-18T18:16:15+00:00,3,32,Son refugiados sanos
inmigracion,https://www.meneame.net/story/violan-interprete-cerca-campo-migrantes-calais,2686302,20537731,36,,Meneador_Compulsivo,2016-10-18T18:10:40+00:00,14,109,"A ver, quizás fue un refugiado, pero es por nuestra culpa, les hemos fallado, no hemos conseguido estructurar a toda esta gente y no encuentran otra salida que violar. Miguel Urbán dixit"
inmigracion,https://www.meneame.net/story/violan-interprete-cerca-campo-migrantes-calais,2686302,20537698,35,4.0,ManTK,2016-10-18T18:04:32+00:00,13,121,#4 Y estos son los más preparados y civilizados.
inmigracion,https://www.meneame.net/story/violan-interprete-cerca-campo-migrantes-calais,2686302,20537675,34,33.0,Rarepepelarana,2016-10-18T18:01:56+00:00,25,57,"#33 ¿? Está claro que marroquíes, latinoamericanos y rumanos cometen muchísimos más delitos de los que les correspondería, por lo que se puede concluir que son más propensos al crimen."
inmigracion,https://www.meneame.net/story/violan-interprete-cerca-campo-migrantes-calais,2686302,20537664,33,32.0,zoezoe,2016-10-18T17:59:45+00:00,42,-115,#32 Mírate al espejo y pregúntatelo {cheesy}
inmigracion,https://www.meneame.net/story/violan-interprete-cerca-campo-migrantes-calais,2686302,20537655,32,30.0,Rarepepelarana,2016-10-18T17:59:00+00:00,74,433,"#30 Y si son el 87 por ciento de la población española, son muchísimo menos proclives a cometer estos delitos. Cometen muchos menos delitos de lo que sería esperable para una población homógenea. Para que los marroquíes tuvieran la misma proporción que españoles y no más, tendrían que constituir el 1,5 por ciento de los penados, mientras que los españoles tendrían que tener el 87 por ciento de los penados¿Entiendes qué significan las estadísticas y la probabilidad?"
inmigracion,https://www.meneame.net/story/violan-interprete-cerca-campo-migrantes-calais,2686302,20537652,31,24.0,Rarepepelarana,2016-10-18T17:58:15+00:00,5,43,"#24 Con lo que le pagará Soros y otrso globalistas por la propaganda inmigracionista, seguramente vuelve. Eso salarios tienen que seguir bajos, y sin inmigrantes baratos, no se puede hacer."
inmigracion,https://www.meneame.net/story/violan-interprete-cerca-campo-migrantes-calais,2686302,20537642,30,29.0,zoezoe,2016-10-18T17:56:04+00:00,30,-26,"#29 se observa que el 64,9% de los penados por un delito de violencia de género a una medida en la comunidad son españoles"
inmigracion,https://www.meneame.net/story/violan-interprete-cerca-campo-migrantes-calais,2686302,20537637,29,26.0,Rarepepelarana,2016-10-18T17:55:02+00:00,77,470,"#26 Pero si tu mismo te has dado la respuesta. Los marroquíes son solamente el 1,5 de la población, y son el 8 por ciento de los penados. La verdad es que me he equivocado, es todavía muchísimo más que la población general ¡Son 8 VECES más proclives a cometer delitos de violencia de género!
Brutal
http://gaceta.es/noticias/los-marroquies-cabeza-delincuencia-espana-06052016-1723"
inmigracion,https://www.meneame.net/story/violan-interprete-cerca-campo-migrantes-calais,2686302,20537616,28,27.0,ﻞαʋιҽɾαẞ,2016-10-18T17:51:08+00:00,2,13,"#27 No entro en si se considera violación, porque yo tampoco sé de leyes, solo estaba interpretando la frase ""Violó a la intérprete con un cuchillo""."
inmigracion,https://www.meneame.net/story/violan-interprete-cerca-campo-migrantes-calais,2686302,20537604,27,6.0,hermestrek,2016-10-18T17:49:16+00:00,2,20,"#6 #9 ""Violar con un cuchillo es metérselo por la vagina."" Quizas algun jurista lo pueda aclarar, ya que yo tambien tengo mis dudas, aunque creo que introducir un cuchillo en la vagina de mujer no es una violacion, supongo que sera un delito con una condena muy superior a la violación, pero denominado de otra manera (quizas intento de homicidio o asesinato, no se). Os dejo un extracto de lo que he podido encontrar sobre este asunto:

""3º Introducción de objetos por vía vaginal o anal

Implica la introducción de un objeto por dos cavidades naturales (vaginal y anal), debiendo entenderse por objeto toda cosa inanimada., siempre y cuando cumplan un fin equivalente al del pene (consoladores, vibradores, u otro tipo de objetos), debiendo tener una finalidad exclusivamente sexual. Por objetos, según la Circular de la Fiscalía General del Estado 2/90, habrá que entender aquellas cosas inanes, excluyendo penetraciones de órganos que forman parte de las relaciones sexuales socialmente aceptables (penetración digital o lingual).

Ejemplo de esta figura será, la introducción de un palo en la vagina o en el ano. ""

http://guiasjuridicas.wolterskluwer.es/Content/Documento.aspx?params=H4sIAAAAAAAEAMtMSbF1jTAAAUMTUxNDtbLUouLM_DxbIwMDCwNzAwuQQGZapUt-ckhlQaptWmJOcSoA0_oKBTUAAAA=WKE"
inmigracion,https://www.meneame.net/story/violan-interprete-cerca-campo-migrantes-calais,2686302,20537592,26,14.0,zoezoe,2016-10-18T17:46:47+00:00,12,74,"#14 

> En España pasa con los marroquíes y latinoamericanos (según datos del INE y la institución penitenciaria): tres veces más delitos de violencia de género que la población española general. ¿Puedes poner algún enlace que verifique esa afirmación?. Tengo uno que dice: En una  muestra de 1.479 penados procedentes de 15 Servicios de Gestión de Penas y Medidas Alternativas distribuidos en toda España, se observa que el 64,9% de los penados por un delito de  violencia de género a una medida en la comunidad son españoles y que, por tanto, el 35,1% son extranjeros. De modo similar a lo que sucede en la población general, la distribución de los extranjeros presenta el siguiente orden: el país de procedencia más frecuente es Marruecos, con un 8% del total de agresores extranjeros; el segundo país más prevalente es Rumania, con un 7% del total de penados; finalmente, el colectivo de extranjeros no comunitarios más numeroso son los inmigrantes latinoamericanos (12%), siendo  Ecuador, Colombia y Bolivia los países más representados."
inmigracion,https://www.meneame.net/story/violan-interprete-cerca-campo-migrantes-calais,2686302,20537579,25,,--516978--,2016-10-18T17:44:10+00:00,16,117,Ahora comprenderán algunos para qué existen las fronteras y por qué no hay que abrirlas.
inmigracion,https://www.meneame.net/story/violan-interprete-cerca-campo-migrantes-calais,2686302,20537565,24,20.0,--94036--,2016-10-18T17:41:21+00:00,4,43,#20 No te creas... A lo mejor vuelve sin intérprete.
inmigracion,https://www.meneame.net/story/violan-interprete-cerca-campo-migrantes-calais,2686302,20537554,23,,--526976--,2016-10-18T17:38:26+00:00,3,29,A ver a quien se le ocurre meterse alli...ale ahora que acoga a unos pocos en su casa
inmigracion,https://www.meneame.net/story/violan-interprete-cerca-campo-migrantes-calais,2686302,20537553,22,19.0,meneameesforocoches,2016-10-18T17:38:25+00:00,37,237,"#19 
Lo veo y subo la apuesta ."
inmigracion,https://www.meneame.net/story/violan-interprete-cerca-campo-migrantes-calais,2686302,20537540,21,,--455441--,2016-10-18T17:35:32+00:00,6,66,"Seguro que si en vez de la reportera hubiesen violado a Alberto Garzón mientras amenazaban con un cuchillo a la reportera, éste cambiaría de opinión.."
inmigracion,https://www.meneame.net/story/violan-interprete-cerca-campo-migrantes-calais,2686302,20537537,20,,--510734--,2016-10-18T17:34:14+00:00,10,73,A lo mejor al periodista se le ha pasado el buenismo.
inmigracion,https://www.meneame.net/story/violan-interprete-cerca-campo-migrantes-calais,2686302,20537531,19,17.0,Rarepepelarana,2016-10-18T17:33:17+00:00,30,179,"#17 De acuerdo: ""La culpa es del heteropatricado"". Garzón dixit.  

UP se ha convertido en CP: Cuñados Podemos"
inmigracion,https://www.meneame.net/story/violan-interprete-cerca-campo-migrantes-calais,2686302,20537512,18,2.0,ZelosWider,2016-10-18T17:28:57+00:00,10,88,#2 Exactamente.
inmigracion,https://www.meneame.net/story/violan-interprete-cerca-campo-migrantes-calais,2686302,20537500,17,14.0,meneameesforocoches,2016-10-18T17:26:41+00:00,48,216,"#14 uyuyuyuy diciendo verdades en meneame no llegaras lejos {grin}
Di que la culpa la tiene el patriarcado blanco y vas a la ultima moda {troll}"
inmigracion,https://www.meneame.net/story/violan-interprete-cerca-campo-migrantes-calais,2686302,20537475,16,13.0,--479030--,2016-10-18T17:23:34+00:00,1,19,"#13 eran andaluces, que malo eres."
inmigracion,https://www.meneame.net/story/violan-interprete-cerca-campo-migrantes-calais,2686302,20537460,15,14.0,--130410--,2016-10-18T17:21:53+00:00,11,-22,#14 te devuelvo el negativo
inmigracion,https://www.meneame.net/story/violan-interprete-cerca-campo-migrantes-calais,2686302,20537455,14,13.0,Rarepepelarana,2016-10-18T17:20:48+00:00,71,278,#13 Ya estamos con las obsesiones vuestras con las razas. Las personas de países tercermundistas sin educación y cultura atrasada son más propensas al crimen. En España pasa con los marroquíes y latinoamericanos (según datos del INE y la institución penitenciaria): tres veces más delitos de violencia de género que la población española general.
inmigracion,https://www.meneame.net/story/violan-interprete-cerca-campo-migrantes-calais,2686302,20537416,13,10.0,--130410--,2016-10-18T17:14:35+00:00,46,178,"#10 claro, los blancos no violan, en San Fermin eran todos moros y negros extranjeros"
inmigracion,https://www.meneame.net/story/violan-interprete-cerca-campo-migrantes-calais,2686302,20537413,12,8.0,Rarepepelarana,2016-10-18T17:14:12+00:00,69,357,"#8 Se ha dejado entrar a todo el mundo en Europa ilegalmente sin que se les pudiera atender. Y todo esto va a redundar en un aumento del crimen, obviamente por la falta de educación y el origen retrógrado de las culturas que nos han entrado. No ha sido bueno para la mayoría de europeos en absoluto. Nos va a costar dinero y nuestra seguridad. A mayor cantidad de personas sin educación y de bajo nivel educativo de países tercermunistas, peor nos va a ir que si no se hubiera hecho. Gracias Merkel por dejar entrar a todo el mundo. Como tu vives en tu comunidad separada, te va a dar igual."
inmigracion,https://www.meneame.net/story/violan-interprete-cerca-campo-migrantes-calais,2686302,20537411,11,9.0,--130410--,2016-10-18T17:13:30+00:00,38,250,"#9 Parker, esto se supone que es periodismo, los sobreentendidos se dejan para la barra del bar. Ahora sal ahí y traeme una buena foto de ese trepamuros de pacotilla  cometiendo una felonía de las suyas."
inmigracion,https://www.meneame.net/story/violan-interprete-cerca-campo-migrantes-calais,2686302,20537366,10,,Caramierder,2016-10-18T17:04:20+00:00,85,335,"Ha debido de ser un hombre blanco, un rapefugee jamás haría eso. Me lo ha dicho Alberto Garzón que sabe un huevo de migraciones."
inmigracion,https://www.meneame.net/story/violan-interprete-cerca-campo-migrantes-calais,2686302,20537356,9,6.0,--493685--,2016-10-18T17:02:47+00:00,8,73,"#6 Técnicamente tienes razón pero creo que se sobreentiende que el violador quería meter su punta en la vagina, no la del cuchillo. 

Dicho esto no entiendo como coño permiten que se establezca ese campamento allí durante tanto tiempo y causando tantos problemas..."
inmigracion,https://www.meneame.net/story/violan-interprete-cerca-campo-migrantes-calais,2686302,20537351,8,,--11800--,2016-10-18T17:01:57+00:00,57,380,"No estaría de más que en los medios de comunicación dieran la noticia de cómo después de casos como estos, individuos así son juzgados, encarcelados y se les aplica una orden de expulsión de la UE. De otro modo, queda una sensación de impunidad muy perjudicial."
inmigracion,https://www.meneame.net/story/violan-interprete-cerca-campo-migrantes-calais,2686302,20537288,7,,--455441--,2016-10-18T16:51:44+00:00,16,87,Son sus costumbres y hay que respetarlas .... ¿ No dicen siempre esa chorrada ... ?
inmigracion,https://www.meneame.net/story/violan-interprete-cerca-campo-migrantes-calais,2686302,20537287,6,5.0,ﻞαʋιҽɾαẞ,2016-10-18T16:51:39+00:00,73,517,#5 Violar con un cuchillo es metérselo por la vagina. Lo otro es amenazarla con un cuchillo mientras la violan.
inmigracion,https://www.meneame.net/story/violan-interprete-cerca-campo-migrantes-calais,2686302,20537266,5,1.0,--506045--,2016-10-18T16:50:09+00:00,8,31,#1 cual es la diferencia?
inmigracion,https://www.meneame.net/story/violan-interprete-cerca-campo-migrantes-calais,2686302,20537264,4,,mamoncete,2016-10-18T16:49:53+00:00,78,418,"Menudas joyas que están entrando con los refugiados. A estos con un lazo de vuelta a su país, y si los decapitan mala suerte."
inmigracion,https://www.meneame.net/story/violan-interprete-cerca-campo-migrantes-calais,2686302,20537259,3,,zoezoe,2016-10-18T16:49:19+00:00,6,67,"La victime, originaire d'Afghanistan, accompagnait dans la nuit de lundi à mardi le journaliste préparant un reportage sur les migrants mineurs isolés pour le compte de la chaîne France 5. Fuente original -> http://www.lefigaro.fr/actualite-france/2016/10/18/01016-20161018ARTFIG00122-une-interprete-violee-et-un-journaliste-agresse-aux-abords-de-la-jungle-de-calais.php"
inmigracion,https://www.meneame.net/story/violan-interprete-cerca-campo-migrantes-calais,2686302,20537244,2,,Nandete,2016-10-18T16:46:18+00:00,21,98,Pues yo lo interpreto como un caso aislado.
inmigracion,https://www.meneame.net/story/violan-interprete-cerca-campo-migrantes-calais,2686302,20537241,1,,ﻞαʋιҽɾαẞ,2016-10-18T16:46:09+00:00,79,512,"Entradilla: ""...violó a la intérprete con un cuchillo"".

Noticia: ""...obligó a la mujer a mantener relaciones sexuales a punta de cuchillo"".

Hay mucha diferencia."
