tema,url_meneame,id_noticia_meneame,id_comentario,numero_comentario,responde_a_numero,usuario,fecha_comentario_utc,votos,karma,texto
inmigracion,https://www.meneame.net/story/gobierno-rebajara-requisitos-nacionalidad-inmigrantes-sin,3064331,26109505,270,258.0,letrado_iletrado,2019-01-10T13:36:05+00:00,0,6,#258 Pues mira que es facil: Trabajador irregular = No hace falta pagarle ni el SMI porque no tiene contrato.
inmigracion,https://www.meneame.net/story/gobierno-rebajara-requisitos-nacionalidad-inmigrantes-sin,3064331,26109490,269,259.0,letrado_iletrado,2019-01-10T13:34:54+00:00,0,6,"#259 ¿Y? La ley no dice que haya que concederle la nacionalidad a gente inteligente . Dice personas que esten integradas en la sociedad española, para lo cual uno de los criterios es saber leer y escribir en castellano."
inmigracion,https://www.meneame.net/story/gobierno-rebajara-requisitos-nacionalidad-inmigrantes-sin,3064331,26093368,268,202.0,--430760--,2019-01-08T13:24:33+00:00,0,7,"#202 Yo no los confundo. Eres tú el que asume que son inversamente proporcionales. Antes de la LOGSE había gente educada en una enseñanza de mala calidad y analfabetos. Con la LOGSE todos tuvimos acceso a la educación, aunque siguiera siendo de mala calidad.
 El problema es cuando se asume que, al ser la LOGSE un mal sistema, lo que había antes era mejor. Y nos tildan de analfabetos, cuando es evidente que somos la generación con menos analfabetos con diferencia."
inmigracion,https://www.meneame.net/story/gobierno-rebajara-requisitos-nacionalidad-inmigrantes-sin,3064331,26093328,267,244.0,--430760--,2019-01-08T13:18:39+00:00,0,7,"#244 No, yo sólo lo pregunto. De hecho hay corrientes de pensamiento a favor de la ciudadanía selectiva, como el ciudadanismo capitalista o el fascismo. Que ojo, no te quiero encuadrar en ninguna de esas corrientes, son sistemas de ideas que se definen por mucho más que lo que tú has expresado. Sólo que no eres el único que lo piensa.
 Las fronteras son en sí un concepto bastante estúpido. Políticamente no deja de ser una forma de vasallaje, aunque nos lo vendan como un derecho innato o adquirido. Por mi parte, le concedería plenos derechos a cualquier persona que quiera residir de forma pacífica e indefinida, libre y voluntariamente en cualquier país."
inmigracion,https://www.meneame.net/story/gobierno-rebajara-requisitos-nacionalidad-inmigrantes-sin,3064331,26090174,266,261.0,ochoceros,2019-01-08T00:31:43+00:00,0,10,"#261 Que no digo que sea buena idea, pero no veo que el gobierno haga nada por crear nuevos puestos de trabajo. Y hace falta cuidar y limpiar el monte, fomentar la agricultura manual de nuevo, más limpieza en las calles (ya que no tenemos educación para mantenerlas limpias), etc... Muchos trabajos de baja o casi nula cualificación y que casi nadie entre los nacionales estaría dispuesto a hacer.

Otra cosa es que les dejen entrar sin ningún plan de futuro y acaben captados por mafias, desde las de los invernaderos de plástico de Almería hasta las de las drogas."
inmigracion,https://www.meneame.net/story/gobierno-rebajara-requisitos-nacionalidad-inmigrantes-sin,3064331,26089729,265,35.0,BananaAnanda,2019-01-07T22:24:55+00:00,0,6,#35 Pedrito hace lo que sus amos Merkel y Soros digan.
inmigracion,https://www.meneame.net/story/gobierno-rebajara-requisitos-nacionalidad-inmigrantes-sin,3064331,26089690,264,126.0,John_Doe,2019-01-07T22:19:09+00:00,0,10,"#126 Los ingenieros de China, Bangladesh, India o Brasil se irán a otras economías más potentes que la portuguesa (léase Alemania, países nórdicos, etc...) porque para trabajos cualificados las autoridades de prácticamente cualquier país no ponen grandes problemas {smiley}
Da la sensación de que obtener un visado para trabajar es complicado, cuando es más sencillo que otras cosas porque cuando se trata de dinero... el Estado se da prisa en facilitar la labor."
inmigracion,https://www.meneame.net/story/gobierno-rebajara-requisitos-nacionalidad-inmigrantes-sin,3064331,26089676,263,146.0,John_Doe,2019-01-07T22:16:53+00:00,0,10,"#146 La parte textual del enlace es subjetiva y me aventuro a indicar imprecisa...
La agencia de inmigración no pide ningún certificado emitido por la Policía para poder solicitar la nacionalidad ni tampoco puede obtener tal información por su cuenta. Si bien sí se indica que no se podrá pedir la nacionalidad (pues se denegará) si tienes deudas con una agencia estatal en particular.
No se pide ni contrato de trabajo ni examen de sueco ni nada. No consta en la legislación nada al respecto aunque se está discutiendo incluir algo al respecto. Y sí, hay que pagar 150 euros para realizar la solicitud.
Y ni mucho menos se aplica un criterio subjetivo de analfabetismo o status económico. Cinco años de forma general (hay excepciones) para todo bicho que pueda demostrar residencia en Suecia de forma legal."
inmigracion,https://www.meneame.net/story/gobierno-rebajara-requisitos-nacionalidad-inmigrantes-sin,3064331,26089617,262,140.0,John_Doe,2019-01-07T22:10:44+00:00,0,10,"#140 Vistos los resultados de Vox en España, creo que tienen los mismos problemas que pueda haber en España.
Siempre me ha extrañado que en Suecia haya un partido xenófobo con gran apoyo social con una inmigración muy peculiar y en España no dada la inmigración que recibe tanto por avión como por mar. Si bien las recientes elecciones en Andalucía confirman que cierto porcentaje de la población en España es racista (en las próximas elecciones se confirmará en más puntos del país, para mal de PP/PSOE/Podemos/C's y bien de Vox)."
inmigracion,https://www.meneame.net/story/gobierno-rebajara-requisitos-nacionalidad-inmigrantes-sin,3064331,26088447,261,230.0,--509662--,2019-01-07T19:13:31+00:00,0,10,"#230 lo que da miedo es que no puedan desarrollarse plenamente (no solo a nivel laboral) y sean una carga economica y social para el país. Con el paro que hay, la robotización y especialización que fulminará millones de puestos de trabajo de personas con poca formación no creo que sea buena idea."
inmigracion,https://www.meneame.net/story/gobierno-rebajara-requisitos-nacionalidad-inmigrantes-sin,3064331,26088397,260,27.0,iampiti,2019-01-07T19:05:53+00:00,0,6,#27 Luego nos quejaremos de que no se integran y sube el paro...
inmigracion,https://www.meneame.net/story/gobierno-rebajara-requisitos-nacionalidad-inmigrantes-sin,3064331,26088283,259,,Agduine,2019-01-07T18:45:33+00:00,0,6,Estoy flipando con el clasismo de las respuestas. Ser analfabeto no significa ser un ceporro o un criminal. El pasado y las circunstancias de cada uno son diferentes y mucha gente sin estudios es increiblemente inteligente.
inmigracion,https://www.meneame.net/story/gobierno-rebajara-requisitos-nacionalidad-inmigrantes-sin,3064331,26087701,258,149.0,juanac,2019-01-07T17:00:52+00:00,0,10,"#149 Ya, es lo que no entiendo. Quiero decir, entiendo una parte porque no dejan de ser personas que escapan de conflictos, etc. Pero la postura de la derecha, cuando eso de que el libre movimiento de capitales/trabajo favorece a la economía es de primero de economía liberal. No lo entiendo. Pero ya no me preocupa, me pasa con más cosas (ej. iglesia, aborto, etc)"
inmigracion,https://www.meneame.net/story/gobierno-rebajara-requisitos-nacionalidad-inmigrantes-sin,3064331,26087415,257,256.0,Pepepaco,2019-01-07T16:14:52+00:00,0,9,"#256 Si se tuviera que tener en cuenta las circunstancias de su vida y lo que sabe de su país a más de un español habría que quitarle la nacionalidad {grin} 

Yo no veo mal que una persona arraigada en España desde hace años tenga la nacionalidad. 
Tampoco es que ser español le confiera más derechos (salvo el voto) que ya tiene."
inmigracion,https://www.meneame.net/story/gobierno-rebajara-requisitos-nacionalidad-inmigrantes-sin,3064331,26086640,256,247.0,--593244--,2019-01-07T14:30:25+00:00,0,7,"#247 Yo también los he mirado. ¿Y una persona que vive en esas condiciones debe obtener la nacionalidad española? ¿Para qué? ¿Para poder votar? No creo que sea una preocupación muy grande para quien no sabe nada del país en el que vive. ¿Para ser funcionario? Como que no. Para casi todo lo demás van que chutan con la residencia (que tampoco me parece muy bien que la obtenga gente en esas condiciones, fuera de situaciones especiales, pero bueno)."
inmigracion,https://www.meneame.net/story/gobierno-rebajara-requisitos-nacionalidad-inmigrantes-sin,3064331,26086598,255,236.0,Summertime,2019-01-07T14:25:25+00:00,0,10,"#236 conozco a un camarero que es informatico, el del bar donde desayunamos a diario los de mi empresa.
No encuentra de los suyo y lo lo que le han ido ofreciendo ha sido contratos precarios, con sueldo pobre. Dice que al menos ahí está asegurado por sus horas y está indefinido,lo que le da cierta estabilidad."
inmigracion,https://www.meneame.net/story/gobierno-rebajara-requisitos-nacionalidad-inmigrantes-sin,3064331,26086590,254,229.0,--495817--,2019-01-07T14:23:21+00:00,0,15,"#229 te animo a hacerlo, te llevarás una sorpresa.."
inmigracion,https://www.meneame.net/story/gobierno-rebajara-requisitos-nacionalidad-inmigrantes-sin,3064331,26086529,253,24.0,ArcadasDeBuenismo,2019-01-07T14:16:33+00:00,0,9,#24 La izquierda no controla medios de comunicación que blanquean a la extrema derecha.
inmigracion,https://www.meneame.net/story/gobierno-rebajara-requisitos-nacionalidad-inmigrantes-sin,3064331,26086309,252,91.0,elgato79,2019-01-07T13:51:24+00:00,0,9,"#91 me parece que te falta un certificado de idioma, para español A2 ( salvo que lo hayan quitado)"
inmigracion,https://www.meneame.net/story/gobierno-rebajara-requisitos-nacionalidad-inmigrantes-sin,3064331,26086051,251,240.0,jaramero,2019-01-07T13:20:25+00:00,0,6,"#240 acaso los ingenieros no son trabajadores normales?
Qué es para ti un trabajo normal?"
inmigracion,https://www.meneame.net/story/gobierno-rebajara-requisitos-nacionalidad-inmigrantes-sin,3064331,26085789,250,168.0,letrado_iletrado,2019-01-07T12:53:17+00:00,1,10,"#168 Ese dato hay que cogerlo con pinzas. 2016 fué el primer año del nuevo sistema (implantado en octubre de 2015), por lo que muchíiiiisima gente que tenia cita del antiguo sistema se apiló ese año. No es que en 2017 ""cayera"", es que en 2016 se había acumulado todas las solicitudes normales de 2016 y las de octubre, noviembre y diciembre de 2015, incrementando el número de solicitudes de forma artificial (""robándole"" los 3 últimos meses al 2015, más todos aquellos que lo tenian para 2017 y de pronto vieron que podian presentar la solicitud en 2016)."
inmigracion,https://www.meneame.net/story/gobierno-rebajara-requisitos-nacionalidad-inmigrantes-sin,3064331,26085766,249,248.0,inovercy,2019-01-07T12:50:59+00:00,1,17,"#248 Claro. Te doy la razón en todo, pero eso no cambia el hecho de que sabiendo cuales son las reglas del juego, en mi opinión, con el ascenso de VOX, todas estas medidas sean malas ideas. Lo que se conseguirá es aprobar una ley y que cuando acabe la legislatura y gane la suma de las derechas será derogada.

Creo que en tiempos convulsos en los que estamos. Donde en España la mayoría no tiene muchas esperanzas en el futuro, deberíamos centrarnos en eso, y cuando las expectativas sean buenas, y los gobiernos de izquierda tengan un apoyo social más importante, se arriesguen a tomar nuevos riesgos bajo la premisa de que no han fallado a los españoles. A lo mejor soy muy inocente, aunque no lo creo, pero yo pienso que si la gente mejora sus expectativas, y comienza a creer en los lideres políticos tendrán menos reticencias a la hora de juzgar ciertas medidas, aunque sean menos populares."
inmigracion,https://www.meneame.net/story/gobierno-rebajara-requisitos-nacionalidad-inmigrantes-sin,3064331,26085667,248,246.0,Thony,2019-01-07T12:41:24+00:00,0,10,"#246 Un sector extremista que vive del odio, de señalar culpables y llamar al patriotismo. Pero que carece todavía más de base, de argumentos y medidas reales para solucionar los problemas.

El problema es que somos seres muy viscerales, algunos más que otros, y cuando se tratan estos temas de manera populistas, siempre va a haber gente que los compre. Hace 100 años, ahora, y de aquí a 100 años.

Sin duda dirigir la política de manera identitaria, para minorías, no da votos. Da más votos dirigirla a mayorías, hacer que te sientas de esa mayoría, y que encima tengas la fuerza. Lo cuál acaba siendo egoísta. Que para el conjunto de la sociedad, seguramente es peor, pero cuando lo que interesan son los votos y no el bienestar del conjunto, los populismos ganan."
inmigracion,https://www.meneame.net/story/gobierno-rebajara-requisitos-nacionalidad-inmigrantes-sin,3064331,26085643,247,245.0,Pepepaco,2019-01-07T12:38:41+00:00,0,9,"#245 Probablemente este gente de la que estamos hablando ya viniera siendo analfabeta de su país y para un inmigrante que su prioridad es trabajar y seguir en España tampoco hay tantas oportunidades para aprender, por lo menos a ciertas edades.
Por otra parte tampoco es que los exámenes ""estén chupados"".
Cuando he visto la noticia los he buscado (por curiosidad)
https://testdenacionalidad.net/examenes-oficiales/
Y he hecho 5 o 6 y en ninguno he sido capaz de responder la totalidad de las preguntas correctamente y hay algunas verdaderamente difíciles. Son 25 preguntas y necesitas acertar un mínimo de 13 para aprobar. A mí no me cuesta en exceso pero tengo educación superior y me considero una personas bastante bien informada. Ahora imagínate una persona mayor analfabeta que vino del extranjero hace 10 años, que ha vivido en un barrio tipo gheto como los que hay en muchas ciudades y que no está demasiado al corriente de la actualidad. Es casi imposible que apruebe."
inmigracion,https://www.meneame.net/story/gobierno-rebajara-requisitos-nacionalidad-inmigrantes-sin,3064331,26085490,246,212.0,inovercy,2019-01-07T12:21:17+00:00,1,17,"#212 Ese alumno, por lo menos habrá aprendido a leer y escribir, así como sumar y multiplicar.
Estoy de acuerdo contigo en que idílicamente, los espacios políticamente definidos van en contra de la libertad. Pero la realidad, es que creo que antes de hacernos cargo de más problemas deberíamos hacernos cargo de los que ya tenemos.

La realidad es que estas medidas, en mi opinión van a dar más votos a VOX, lo cual, creo, es un problema bastante serio. Había un artículo de un meneante que comentaba que la izquierda había dejado la lucha de clases para dirigir su discurso a la lucha identitaria, más arraigada a temas sociales como inmigración, femenismo, etc. Que aunque creo que es correcto y totalmente loable, sin una base no será viable. ¿Por qué? Pues porque creo que mientras tengamos problemas sociales internos en España todas estas medidas no harán más que reforzar a un sector extremista.

Pero vamos, es mi opinón."
inmigracion,https://www.meneame.net/story/gobierno-rebajara-requisitos-nacionalidad-inmigrantes-sin,3064331,26085395,245,235.0,--593244--,2019-01-07T12:10:40+00:00,0,7,"#235 No estaba hablando de esta medida en concreto, sino que estaba contestando a #27, que, según interpreté (quizá sin acierto), ve mal el hacer distinciones entre los de fuera y los de dentro.

Por otra parte, se trata de gente que en diez años de trabajo legal no ha sido capaz de aprender a leer y escribir, teniendo oportunidades para ello y sin problemas físicos o mentales que se lo impidan. No es que se les pida un doctorado y mínimo tres carreras."
inmigracion,https://www.meneame.net/story/gobierno-rebajara-requisitos-nacionalidad-inmigrantes-sin,3064331,26085354,244,138.0,letrado_iletrado,2019-01-07T12:06:22+00:00,0,7,"#138 Me hace gracia esta pregunta cada vez que sale (y nunca falla), no se que esperas que te conteste pero la respuesta evidente es ""Si por mi fuera, sí"". El impedimento es que va contra los derechos humanos dejar a alguien sin ninguna nacionalidad, no que solo queramos echar a los delincuentes extranjeros como pretendes insinuar."
inmigracion,https://www.meneame.net/story/gobierno-rebajara-requisitos-nacionalidad-inmigrantes-sin,3064331,26084622,243,111.0,yatoiaki,2019-01-07T10:44:15+00:00,0,11,"#111 He ahí un comentario que da en el clavo, pero como no te queda muy progre pues no obtienes positivos."
inmigracion,https://www.meneame.net/story/gobierno-rebajara-requisitos-nacionalidad-inmigrantes-sin,3064331,26084465,242,127.0,chemari,2019-01-07T10:24:19+00:00,0,10,#127 porque la gente repite lo que oye sin tener ni idea de que es izquierda o derecha. De hecho los partidos que nos gobiernan poca ideología tienen ya. Creo que directamente deberíamos llamarlos bando facha y bando progre. O equipo rojo y equipo azul. Es más gráfico y así la gente no se confunde.
inmigracion,https://www.meneame.net/story/gobierno-rebajara-requisitos-nacionalidad-inmigrantes-sin,3064331,26084399,241,102.0,--569720--,2019-01-07T10:14:57+00:00,0,6,#102 Y si no es tan listo tiene a su disposición un ejército de oenegetas que harán el trabajo por él.
inmigracion,https://www.meneame.net/story/gobierno-rebajara-requisitos-nacionalidad-inmigrantes-sin,3064331,26084376,240,213.0,TXTSpake,2019-01-07T10:09:42+00:00,0,6,"#213 ¿Has leido la parte de ""puesto normal""? Yo no me refiero a ingenieros, que aquí todos no podemos serlo, ¿eh? A ver si lees mejor antes de llamarme mentiroso."
inmigracion,https://www.meneame.net/story/gobierno-rebajara-requisitos-nacionalidad-inmigrantes-sin,3064331,26084334,239,1.0,Sat000,2019-01-07T10:01:35+00:00,0,7,"#1 El aumento del paro, las violaciones, los asesinatos, el tráfico de drogas y la bajada de sueldos irán viento en popa."
inmigracion,https://www.meneame.net/story/gobierno-rebajara-requisitos-nacionalidad-inmigrantes-sin,3064331,26084292,238,230.0,--272073--,2019-01-07T09:55:52+00:00,0,11,#230 Si trabaja por mucho menos hasta compensa
inmigracion,https://www.meneame.net/story/gobierno-rebajara-requisitos-nacionalidad-inmigrantes-sin,3064331,26084285,237,76.0,--272073--,2019-01-07T09:55:06+00:00,0,11,#76 Abascal: “No es lo mismo un inmigrante hispanoamericano que la inmigración de los países islámicos” https://www.eldiario.es/canariasahora/sociedad/VIDEO-Abascal-Vox-hispanoamericano-inmigracion_0_761874455.html
inmigracion,https://www.meneame.net/story/gobierno-rebajara-requisitos-nacionalidad-inmigrantes-sin,3064331,26084255,236,10.0,Gazpachop,2019-01-07T09:50:12+00:00,0,9,"#10 Es peor que eso. Creemos que la precariedad de una persona con estudios superiores es trabajar de camarero. Pero no. 
La precariedad de una persona con estudios superiores, es trabajar de lo suyo con unas codiciones de risa y un sueldo insuficiente para llevar una vida digna (casa, ocio, hijos, etc). 
Hay quien acepta con más o menos resiganción esas condiciones, y hay quien ve lo valiso que es su perfil en otro país y lo aprovecha."
inmigracion,https://www.meneame.net/story/gobierno-rebajara-requisitos-nacionalidad-inmigrantes-sin,3064331,26084251,235,84.0,Pepepaco,2019-01-07T09:49:46+00:00,0,9,"#84 Te has hecho un lío.
Aquí no se habla de ""meter en España"" a nadie.
Aquí se habla de gente que lleva 10 años como mínimo residiendo legalmente en España. 
Y para que un extranjero resida legalmente en España ha de haber estado trabajando en España durante estos años para renovar el permiso de residencia.
No tiene nada que ver con las fronteras, tiene que ver con tener o no la nacionalidad española, simplemente."
inmigracion,https://www.meneame.net/story/gobierno-rebajara-requisitos-nacionalidad-inmigrantes-sin,3064331,26084243,234,162.0,--588139--,2019-01-07T09:48:41+00:00,0,6,#162 https://payload.cargocollective.com/1/15/487630/9385978/oscarweb_1340_c.png
inmigracion,https://www.meneame.net/story/gobierno-rebajara-requisitos-nacionalidad-inmigrantes-sin,3064331,26084218,233,118.0,--456958--,2019-01-07T09:44:07+00:00,0,7,#118 Vaaaya hombre... resulta que trabajadores más cualificados no generan más beneficios ni desarrollo para el país. Hemos estado tirando el dinero durante décadas {sad}
inmigracion,https://www.meneame.net/story/gobierno-rebajara-requisitos-nacionalidad-inmigrantes-sin,3064331,26084209,232,119.0,--456958--,2019-01-07T09:42:50+00:00,0,7,"#119 la medida favorece la retención de analfabetos que nada tienen que aportar al país y sí mucho que sustraer. Que, a ver, igual te van bien para recoger las fresas de los campos de tu papi.

El exámen de nacionalidad es un cachondeo. ¿Por qué lo sé? Porque una amiga chilena lo hizo hace poco y se preguntaban cosas como: ¿Qué profesión tiene Enrique Iglesias?"
inmigracion,https://www.meneame.net/story/gobierno-rebajara-requisitos-nacionalidad-inmigrantes-sin,3064331,26084195,231,209.0,--456958--,2019-01-07T09:40:31+00:00,0,7,#209 me da que la cosa apunta por ahí.
inmigracion,https://www.meneame.net/story/gobierno-rebajara-requisitos-nacionalidad-inmigrantes-sin,3064331,26084177,230,2.0,ochoceros,2019-01-07T09:37:25+00:00,1,16,#2 Da más que pensar el que esos votantes tengan miedo a que un inmigrante sin estudios y sin controlar el idioma les pueda quedar su puesto de trabajo.
inmigracion,https://www.meneame.net/story/gobierno-rebajara-requisitos-nacionalidad-inmigrantes-sin,3064331,26084149,229,116.0,--479141--,2019-01-07T09:33:02+00:00,0,10,#116 Compara el número de extranjeros.
inmigracion,https://www.meneame.net/story/gobierno-rebajara-requisitos-nacionalidad-inmigrantes-sin,3064331,26084127,228,4.0,--420014--,2019-01-07T09:29:26+00:00,0,7,#4 izquierda dice {grin} {grin} {grin} {grin} {grin} {grin} {grin} {grin}
inmigracion,https://www.meneame.net/story/gobierno-rebajara-requisitos-nacionalidad-inmigrantes-sin,3064331,26084126,227,3.0,--420014--,2019-01-07T09:29:10+00:00,0,7,"#3 para VOX, será..."
inmigracion,https://www.meneame.net/story/gobierno-rebajara-requisitos-nacionalidad-inmigrantes-sin,3064331,26084075,226,222.0,Thony,2019-01-07T09:20:10+00:00,0,10,"#222 Cierto, despiste por mi parte. Aunque por ahí se podrían ir muchos de los que miran por encima del hombro a otras personas, por el hecho de no haber tenido la misma suerte que ellos de nacer en un mejor lugar."
inmigracion,https://www.meneame.net/story/gobierno-rebajara-requisitos-nacionalidad-inmigrantes-sin,3064331,26084011,225,,villarraso_1,2019-01-07T09:10:35+00:00,0,6,"No nos engañemos, las parejas sin hijos que conozco si de repente les dieran 500 euros más al mes los guardarían para hacer un viaje de la leche en vacaciones."
inmigracion,https://www.meneame.net/story/gobierno-rebajara-requisitos-nacionalidad-inmigrantes-sin,3064331,26084005,224,221.0,--586887--,2019-01-07T09:09:34+00:00,0,7,"#221 A los analfabetos es más fácil engañarles para que voten PSOE, o PP, o VOX, o para que no voten, o para que inviertan en housers, etc.

Lo cual no quita que pueda haber personas que voten PSOE, PP, VOX, que no voten o que inviertan en housers sin haber sido engañados, por motivos válidos.

Si no entiendes la diferencia deberías envíar un dolar a hombresabio@yonosoytonto.com y verás como lo entiendes."
inmigracion,https://www.meneame.net/story/gobierno-rebajara-requisitos-nacionalidad-inmigrantes-sin,3064331,26084004,223,67.0,PortgasDAce,2019-01-07T09:09:27+00:00,0,7,"#67 te ciega el fanatismo buenista. Ve por Lavapies y pregunta a ver cuántos tienen estudios, o por la zona de Lucero o Campamento."
inmigracion,https://www.meneame.net/story/gobierno-rebajara-requisitos-nacionalidad-inmigrantes-sin,3064331,26083964,222,106.0,llorencs,2019-01-07T08:59:46+00:00,0,10,#106 Escusa no es lo mismo que excusa.
inmigracion,https://www.meneame.net/story/gobierno-rebajara-requisitos-nacionalidad-inmigrantes-sin,3064331,26083907,221,215.0,Ovlak,2019-01-07T08:48:42+00:00,0,11,"#215 ¿Una? Sí, tirar la piedra y esconder la mano."
inmigracion,https://www.meneame.net/story/gobierno-rebajara-requisitos-nacionalidad-inmigrantes-sin,3064331,26083901,220,173.0,letrado_iletrado,2019-01-07T08:48:12+00:00,0,7,"#173 De eso no tengo datos, ni experiencia, no llevo temas penales."
inmigracion,https://www.meneame.net/story/gobierno-rebajara-requisitos-nacionalidad-inmigrantes-sin,3064331,26083895,219,1.0,--561349--,2019-01-07T08:45:08+00:00,0,8,"#1 pues yo no me la he sacado a lo mejor aprovecho esta medida para sacármela, no entiendo porque yo tengo que hacer une examen para que me den una cosa que a los españoles se la regalan"
inmigracion,https://www.meneame.net/story/gobierno-rebajara-requisitos-nacionalidad-inmigrantes-sin,3064331,26083889,218,170.0,--560282--,2019-01-07T08:43:02+00:00,0,7,"#170 Tú vives en el país de la piruleta. La gente se marcha de su país para vivir mejor, qué trabajador cualificado va a venir a España, para cobrar poco y trabajar mucho? Si solo vienen médicos extranjeros, a cambio de los que se marchan de aquí. La natalidad baja sin parar y esto insostenible sin inmigrantes, los únicos que van a venir son los que están huyendo. Muchísimos sudamericanos que vienen luego se piran, sobretodo si es gente cualificada. En cualquier pais de Sudamérica un médico o ingeniero gana proporcionalmente más que aquí y es clase media alta."
inmigracion,https://www.meneame.net/story/gobierno-rebajara-requisitos-nacionalidad-inmigrantes-sin,3064331,26083872,217,193.0,DORAP,2019-01-07T08:37:57+00:00,0,10,"#193 Jajajajaja, molaría incluirlo en el exámen para sacarse la nacionalidad.

-Y ahora, Mohammed, para acabar el exámen, convénceme de que la tortilla de patatas es mejor con cebolla.
-Pues mire...
-MENTIROSO, MISERABLE, SO SINCEBOLLISTA!!!"
inmigracion,https://www.meneame.net/story/gobierno-rebajara-requisitos-nacionalidad-inmigrantes-sin,3064331,26083854,216,30.0,japeto,2019-01-07T08:35:18+00:00,0,9,"#30 Pásate por aquí para que conocer a los Ilustres representantes de la Educación Pre-LOGSE.

https://www.homovelamine.com/creamos-una-noticia-falsa-y-esto-es-lo-que-ocurrio/"
inmigracion,https://www.meneame.net/story/gobierno-rebajara-requisitos-nacionalidad-inmigrantes-sin,3064331,26083718,215,73.0,--586887--,2019-01-07T08:03:06+00:00,2,20,"#73 hay una diferencia entre decir ""los que votan X son analfabetos"" y ""los analfabetos son más fáciles de convencer de que voten X"""
inmigracion,https://www.meneame.net/story/gobierno-rebajara-requisitos-nacionalidad-inmigrantes-sin,3064331,26083693,214,102.0,jaramero,2019-01-07T07:54:11+00:00,0,6,"#102 si, como algunos gitanos, que no terminan el colegio pero tienen carné de conducir y se saben todas las ayudas que pueden pedir.

Además de ingenieros también podríamos importar analfabetos emprendedores."
inmigracion,https://www.meneame.net/story/gobierno-rebajara-requisitos-nacionalidad-inmigrantes-sin,3064331,26083685,213,49.0,jaramero,2019-01-07T07:49:51+00:00,1,9,#49 Eso es mentira. En España hay ingenieros mileuristas y fuera alucinan con eso. En Alemania cobras el doble fácilmente y pagas más impuestos.
inmigracion,https://www.meneame.net/story/gobierno-rebajara-requisitos-nacionalidad-inmigrantes-sin,3064331,26083639,212,184.0,Thony,2019-01-07T07:25:48+00:00,0,10,"#184 Y me remito a mi comentario en #106.
Ese alumno, tras cerca de 16 años de escolarización obligatoria y gratuita (pagada por todos), apruebe o no apruebe la ESO, va a disfrutar de la nacionalidad. Sin haber tenido que aprender español, ni estar integrado, ni ser un valor positivo para la sociedad o el país. Tan solo por haber nacido en un espacio definido políticamente, va a tener más derechos que muchas otras personas que si desean aportar."
inmigracion,https://www.meneame.net/story/gobierno-rebajara-requisitos-nacionalidad-inmigrantes-sin,3064331,26083603,211,67.0,srskiner,2019-01-07T06:58:42+00:00,4,28,"#67 el problema es que no veo.el.motivo para darle la nacionalidad a alguien que lleva 10 años en un país y no sabe escribir en su idioma.
Una cosa es hacer excepciones con discapacitados y otra que a alguien mentalmente sano no se le pida escribir.
Pero tampoco vamos a sorprendernos, al fin y al cabo el lema del PSOE es desde hace tiempo "" si no das el nivel nosotros lo bajamos para ti"""
inmigracion,https://www.meneame.net/story/gobierno-rebajara-requisitos-nacionalidad-inmigrantes-sin,3064331,26083580,210,69.0,--496908--,2019-01-07T06:48:28+00:00,0,7,#69 Dime por privado la combinacion del leuromillones
inmigracion,https://www.meneame.net/story/gobierno-rebajara-requisitos-nacionalidad-inmigrantes-sin,3064331,26083558,209,109.0,xizor,2019-01-07T06:33:34+00:00,1,15,#109 igual necesita peones...
inmigracion,https://www.meneame.net/story/gobierno-rebajara-requisitos-nacionalidad-inmigrantes-sin,3064331,26083480,208,,--57734--,2019-01-07T05:28:33+00:00,0,6,"Mira, ya pueden optar a entrar en la Guardia Civil."
inmigracion,https://www.meneame.net/story/gobierno-rebajara-requisitos-nacionalidad-inmigrantes-sin,3064331,26083468,207,187.0,Tensk,2019-01-07T05:16:22+00:00,0,13,"#187 Hombre, que la LIVG debe ser abolida en sus términos actuales y en su lugar poner una en contra de la violencia intrafamiliar (incluyendo exparejas) me parece OBVIO.

Por aquello de la igualdad ante la ley."
inmigracion,https://www.meneame.net/story/gobierno-rebajara-requisitos-nacionalidad-inmigrantes-sin,3064331,26083432,206,124.0,--264566--,2019-01-07T04:39:50+00:00,1,20,#124 Gracias por la aportación. Un comentario formado de entre 50 puro karmawhore.
inmigracion,https://www.meneame.net/story/gobierno-rebajara-requisitos-nacionalidad-inmigrantes-sin,3064331,26083398,205,85.0,--504910--,2019-01-07T03:30:33+00:00,0,7,#85 Y así les va {troll}
inmigracion,https://www.meneame.net/story/gobierno-rebajara-requisitos-nacionalidad-inmigrantes-sin,3064331,26083395,204,35.0,--504910--,2019-01-07T03:27:41+00:00,1,14,#35 Igual la está cagando o igual está haciendo caso a lo que le mandan sus jefes.
inmigracion,https://www.meneame.net/story/gobierno-rebajara-requisitos-nacionalidad-inmigrantes-sin,3064331,26083394,203,87.0,--504910--,2019-01-07T03:25:42+00:00,0,7,#87 Una cosa que caracteriza a la izquierda de hoy en día es su tendencia al auto-suicidio.
inmigracion,https://www.meneame.net/story/gobierno-rebajara-requisitos-nacionalidad-inmigrantes-sin,3064331,26083393,202,137.0,--504910--,2019-01-07T03:23:38+00:00,0,7,#137 Confundes acceso a la educación con calidad educativa.
inmigracion,https://www.meneame.net/story/gobierno-rebajara-requisitos-nacionalidad-inmigrantes-sin,3064331,26083380,201,112.0,Jorge_Pérez_3,2019-01-07T03:04:43+00:00,0,6,"#112 Pues yo creo que es bueno atraer a personal cualificado aunque signifique más competencia. Y lo digo aunque, en teoría, esa competencia me podría perjudicar. De hecho me fui de España poco después de terminar el doctorado porque no me convencían las condiciones de trabajo que tenía allí. Aún así, creo que atraer talento a la larga crea riqueza mientras que atraer inmigrantes no cualificados solo sirve para hundir todavía más los salarios más bajos."
inmigracion,https://www.meneame.net/story/gobierno-rebajara-requisitos-nacionalidad-inmigrantes-sin,3064331,26083358,200,199.0,--543878--,2019-01-07T02:43:18+00:00,0,7,#199 Si eso cuando te apuntes a las clases lo preguntas personalmente. Yo no tengo más que decirte.
inmigracion,https://www.meneame.net/story/gobierno-rebajara-requisitos-nacionalidad-inmigrantes-sin,3064331,26083354,199,198.0,--598473--,2019-01-07T02:41:06+00:00,0,6,"#198 A ver, que a saber leer y escribir se le denomina ""estar alfabetizado"", no se le denomina ""tener estudios"". Si no te lo crees pregúntaselo a algún maestro, pedagógo o profesional de la enseñanza {tongue}"
inmigracion,https://www.meneame.net/story/gobierno-rebajara-requisitos-nacionalidad-inmigrantes-sin,3064331,26083352,198,197.0,--543878--,2019-01-07T02:39:13+00:00,0,7,"#197 Lo diré de otra forma, lo has enfocado en tu entorno particular, y te he contestado acorde. Realmente no me has aportado nada nuevo como para dedicarte tales palabras, y solo me has venido a demostrar tu estreches de miras. De todas formas, insisto que no te conozco, por lo que no te cuento, pero generalmente todas las personas que conozco saben leer y escribir."
inmigracion,https://www.meneame.net/story/gobierno-rebajara-requisitos-nacionalidad-inmigrantes-sin,3064331,26083343,197,196.0,--598473--,2019-01-07T02:30:09+00:00,0,6,"#196 Estamos hablando de tener estudios, es evidente que no estamos hablando de analfabetism y de que nadie entiende por ""tener estudios"" el saber leer y escribir. No me saltes por los cerros de Úbeda pa escaparte, con un ""ah, pues si, espera q no lo habia tenido en cuenta"" me vale {wink}"
inmigracion,https://www.meneame.net/story/gobierno-rebajara-requisitos-nacionalidad-inmigrantes-sin,3064331,26083338,196,195.0,--543878--,2019-01-07T02:25:43+00:00,0,7,"#195 Todas las personas que conozco saben leer y escribir, te excluyo a ti, porque no te conozco."
inmigracion,https://www.meneame.net/story/gobierno-rebajara-requisitos-nacionalidad-inmigrantes-sin,3064331,26083334,195,192.0,--598473--,2019-01-07T02:23:46+00:00,0,6,#192 De que ha tenido menos oportunidades? O de que no me gustaba estudiar y se salió con 16 años. De verdad crees que toda la gente que no ha estudiado es porque no ha podido económicamente? En qué mundo vives? Déjame que adivine: en uno rodeado de estudiantes universitarios? {wink}
inmigracion,https://www.meneame.net/story/gobierno-rebajara-requisitos-nacionalidad-inmigrantes-sin,3064331,26083329,194,82.0,Conde_Lito,2019-01-07T02:15:03+00:00,4,36,"#82 Algo me dice que no son imbéciles, sino que todo está más que calculado, al igual que con el resto de cosas con las que están metiendo mucha caña en los últimos años, por ejemplo violencia de género, que no hacen otra cosa que dividir a la sociedad, y por otro lado hace que crezcan los partidos de extrema derecha."
inmigracion,https://www.meneame.net/story/gobierno-rebajara-requisitos-nacionalidad-inmigrantes-sin,3064331,26083327,193,167.0,--543878--,2019-01-07T02:14:04+00:00,1,17,"#167 Pues porque estás totalmente integrado (o casi), aquí nos gusta debatir, de hecho que des el brazo a torcer igual me hace pensar que aún te falta asumir las costumbres españolas algo más."
inmigracion,https://www.meneame.net/story/gobierno-rebajara-requisitos-nacionalidad-inmigrantes-sin,3064331,26083324,192,1.0,--543878--,2019-01-07T02:10:53+00:00,0,7,"#1 Mi primera impresión es esa, pero si es por pedir requisitos, me parece que sería injusto pedirle lo mismo a quién no tenga estudios. No tanto por no tenerlos sino porque eso ya es muestra de que ha tenido menos oportunidades. Una persona con estudios tendrá muchas más oportunidades solo por el hecho de tenerlos.

Aunque para qué nos vamos a engañar, al margen de estudios o no estudios, quién tendrá las mejores oportunidades será quien disponga de mucho dinero."
inmigracion,https://www.meneame.net/story/gobierno-rebajara-requisitos-nacionalidad-inmigrantes-sin,3064331,26083314,191,67.0,--273137--,2019-01-07T01:55:03+00:00,0,7,"#67 Deberías ser el peor ingeniero o doctorado para no superar la prueba. Yo conocí a un investigador chino, doctor en no se qué, que después de la hostia de años en España prácticamente no sabía una palabra de español {grin} Su mujer y sus hijos sí lo hablaban sin problemas, pero él hablaba chino en su casa e inglés en el trabajo, y no se había molestado en aprenderlo."
inmigracion,https://www.meneame.net/story/gobierno-rebajara-requisitos-nacionalidad-inmigrantes-sin,3064331,26083313,190,76.0,KarmaBajoCero,2019-01-07T01:51:57+00:00,3,26,"#76 Si, VOX discrimina entre inmigrantes:
- Inmigrantes ilegales - rechazados
- Inmigrantes legales - aceptados."
inmigracion,https://www.meneame.net/story/gobierno-rebajara-requisitos-nacionalidad-inmigrantes-sin,3064331,26083311,189,186.0,--541279--,2019-01-07T01:48:55+00:00,0,11,"#186
No se puede decir español, porque no tiene sentido. Es castellano porque es el idioma de Castilla. En Hispania actualmente se hablan muchas lenguas: portugués, gallego, vasco, castellano y catalán. Decir que el castellano es el español no es más que supremacismo castellano.

El que ha venido a hacer política eres tú, soltando lo de la oficialidad. Ahora ya no es por la oficialidad, ahora es porque los que han venido de fuera hablan castellano en su casa y por tanto es una lengua de Cataluña. Pues no. No me vengas con cuentos.

Los españoles no existen, son castellanos. La nación española no existe. Es un invento franquista mitificador de la monarquía castellana que se autodenominaba monarquía hispánica, en sus deseos de dominar también lusitania."
inmigracion,https://www.meneame.net/story/gobierno-rebajara-requisitos-nacionalidad-inmigrantes-sin,3064331,26083308,188,,Desty,2019-01-07T01:46:37+00:00,0,7,Gran noticia.
inmigracion,https://www.meneame.net/story/gobierno-rebajara-requisitos-nacionalidad-inmigrantes-sin,3064331,26083304,187,25.0,Desty,2019-01-07T01:44:53+00:00,1,16,"#25 ¿Cuáles son esas ""de puro sentido común""?"
inmigracion,https://www.meneame.net/story/gobierno-rebajara-requisitos-nacionalidad-inmigrantes-sin,3064331,26083302,186,183.0,inovercy,2019-01-07T01:40:39+00:00,0,7,"#183 http://dle.rae.es/?id=GUSX1EQ

Se puede decir español. Otra cosa es que no te guste el término. Y es una lengua de Cataluña, te guste o no. Entre otras cosas porque dependiendo del idioma que se habla en la casa de cada uno es el que suelen hablar fuera. Muchos españoles que son de fuera de Cataluña ven como algo raro o descortés que cuando hablan en español se les conteste el catalán. Pero es que tengo más que visto cuando he vivido allí que pasa también al contrario, porque la gente está acostumbrada a que ambas lenguas convivan. Que tu quieres venir aquí a hacer política? Bien por ti."
inmigracion,https://www.meneame.net/story/gobierno-rebajara-requisitos-nacionalidad-inmigrantes-sin,3064331,26083295,185,9.0,mcfgdbbn3,2019-01-07T01:34:19+00:00,1,25,"#9: Si, y algunos se piensan que votando a VOX se va a solucionar, cuando lo único que va a hacer VOX para ""proteger a la familia"" es agredir a las parejas del mismo sexo, o sea, perjudicar a las familias que no son de su agrado."
inmigracion,https://www.meneame.net/story/gobierno-rebajara-requisitos-nacionalidad-inmigrantes-sin,3064331,26083290,184,96.0,inovercy,2019-01-07T01:32:39+00:00,0,7,#96 es que en España ir a la escuela es obligatorio hasta los 16años y si no vas los servicios sociales le pueden meter un puro a los padres del carajo. Lo normal es que una persona que vaya a obtener la nacionalidad tenga unos mínimos similares a los de un español. Y para eso tiene 10 años desde que llega.
inmigracion,https://www.meneame.net/story/gobierno-rebajara-requisitos-nacionalidad-inmigrantes-sin,3064331,26083287,183,181.0,--541279--,2019-01-07T01:31:31+00:00,0,11,"#181 Se dice castellano, no español. La oficialidad del castellano no significa que sea la lengua de Cataluña. La oficialidad establece POR IMPOSICIÓN que dicha lengua se puede usar en la administración. Por desgracia, la herencia franquista ha establecido una cooficialidad ASIMÉTRICA por la cual se tiene el deber de saber el castellano PERO NO ASÍ EL CATALÁN, el cual se aprende porque está en el currículo de la educación obligatoria, algo que perfectamente podría desaparecer o reducir a la mínima expresión (como en el País Valenciano) {roll}"
inmigracion,https://www.meneame.net/story/gobierno-rebajara-requisitos-nacionalidad-inmigrantes-sin,3064331,26083280,182,27.0,inovercy,2019-01-07T01:27:08+00:00,1,14,"#27 se puede o no estar de acuerdo. Pero no veo que sea clasista. Para tener la nacionalidad se debe estar diez anos aquí de forma legal, y la educación es gratuita. No hay clases para adultos? Digo yo que en diez años algo se podrá hacer."
inmigracion,https://www.meneame.net/story/gobierno-rebajara-requisitos-nacionalidad-inmigrantes-sin,3064331,26083277,181,86.0,inovercy,2019-01-07T01:24:01+00:00,0,7,"#86 en realidad nos hemos ido (he vivido tres años allí) a una comunidad con uno de los idiomas diferentes. Te recuerdo que el español es oficial en Cataluña. Yo lo entiendo perfectamente, la mayoría de reuniones las tenía en catalán pero no lo hablaba, ya que me faltaba nivel y mucho menos escribirlo y jamás he tenido problemas para hacer amigos. De hecho ahora vivo en Madrid y hice más amigos allí que aqui, y si, eran catalanes."
inmigracion,https://www.meneame.net/story/gobierno-rebajara-requisitos-nacionalidad-inmigrantes-sin,3064331,26083268,180,,--597299--,2019-01-07T01:15:13+00:00,1,14,La izmierdosa buscando  chusma global para asentarse en el poder
inmigracion,https://www.meneame.net/story/gobierno-rebajara-requisitos-nacionalidad-inmigrantes-sin,3064331,26083260,179,127.0,--91677--,2019-01-07T01:08:59+00:00,0,11,#127 quizás porque el gobierno actual es de izquierdas?
inmigracion,https://www.meneame.net/story/gobierno-rebajara-requisitos-nacionalidad-inmigrantes-sin,3064331,26083255,178,,--597299--,2019-01-07T01:06:38+00:00,0,6,"Ingenieros y médicos no pasaréis, idos para Alemania, solo queremos adoradores de meteoritos. Mierda de país que no sabe por qué va de culo"
inmigracion,https://www.meneame.net/story/gobierno-rebajara-requisitos-nacionalidad-inmigrantes-sin,3064331,26083239,177,176.0,--172335--,2019-01-07T00:54:38+00:00,0,8,#176 Ahí está el sinsentido del modelo actual. Que no permite una reforma que lo haga más sólido sin que el sistema pete.
inmigracion,https://www.meneame.net/story/gobierno-rebajara-requisitos-nacionalidad-inmigrantes-sin,3064331,26083214,176,59.0,Maegruin,2019-01-07T00:41:25+00:00,1,17,#59 ¿Y en que momento planteas hacer ese cambio de sistema ? Porque si ahora estamos pagando con nuestras cotizaciones las pensiones de los jubilados actuales y en futuro se pagaran con lo que cotizamos ...hay algo que no me cuadra {shame}
inmigracion,https://www.meneame.net/story/gobierno-rebajara-requisitos-nacionalidad-inmigrantes-sin,3064331,26083193,175,,Nouser,2019-01-07T00:30:20+00:00,0,6,"Tras leer la noticia entiendo: El instituto Cervantes se ha convertido en un chiringuito que saca pasta franquiciando los exámenes de Castellano y de conocimientos básicos para extranjeros. Y en vez de arreglar el chanchullo, mejor eliminamos los requisitos mínimos para pedir la nacionalidad, que es más fácil y barato. Porque seamos sinceros, la gente analfabeta y sin formación lo que necesita es un certificado de nacionalidad española, eso va a solucionar todos sus problemas y hacerle amar este país."
inmigracion,https://www.meneame.net/story/gobierno-rebajara-requisitos-nacionalidad-inmigrantes-sin,3064331,26083185,174,,TrollHunter,2019-01-07T00:26:23+00:00,1,15,Luego no os llevéis las manos a la cabeza cuando comience  a cabrearse el personal.
inmigracion,https://www.meneame.net/story/gobierno-rebajara-requisitos-nacionalidad-inmigrantes-sin,3064331,26083184,173,143.0,--474877--,2019-01-07T00:26:02+00:00,0,8,#143 Y entre los que vienen con estudios y los que son analfabetos ¿Cuantos caen en la delincuencia?
inmigracion,https://www.meneame.net/story/gobierno-rebajara-requisitos-nacionalidad-inmigrantes-sin,3064331,26083178,172,139.0,--430760--,2019-01-07T00:22:19+00:00,0,7,"#139 Sí, claro, entiendo que nuestros padres y abuelos no tuvieron las mismas oportunidades. De la misma forma nosotros tampoco fuimos dueños de nuestras circunstancias y nos tocó estudiar con las cagadas de la LOGSE o posteriores.

 Pero todo ese discurso anti LOGSE para mí suena como una generación intentando ponernos un techo de cristal para evitar que los reemplacemos. Yo sólo quería decir que el sistema educativo español siempre ha sido una mierda. No es algo exclusivo de la logse/loe/lomce."
inmigracion,https://www.meneame.net/story/gobierno-rebajara-requisitos-nacionalidad-inmigrantes-sin,3064331,26083176,171,164.0,ninfireblade,2019-01-07T00:21:08+00:00,0,6,"#164 En tu discurso anterior, quizás a sueldo, solo hablas de futuras cosas que puedan pasar o hacer la gente de VOX. Todas esas cosas son simples invenciones tuyas que no se basan en nada y mucho menos en lo que prometen.

Así que, si no eres un community manager a sueldo de Podemos, te invito a que reflexiones sobre cada uno de los puntos que has escrito, ya que ninguno tiene sentido (a excepción de que no te gusta el color verde pero que eso es un dato irrelevante) Evidentemente, si te pagan por escribir esas cosas pues no tengo nada mas que discutir contigo."
inmigracion,https://www.meneame.net/story/gobierno-rebajara-requisitos-nacionalidad-inmigrantes-sin,3064331,26083172,170,155.0,--138994--,2019-01-07T00:20:29+00:00,1,10,"#155 No los traemos, llegan en el aquarius o en pateras si el punto de partida es más cerca de España, los metemos en centros de internamiento, se escapan para evitar los controles de imigración y refugiados del país y una vez que ya han desaparecido por ahí.... habrá que educarlos, no?

Tu sabes lo que es la inmigración legal y cualificada? crees que el país tiene algún motivo para aceptar la entrada de analfabetos sin oficio ni beneficio al país? La inmigración tiene un fin y es atraer trabajadores para que ocupen los puestos de trabajo que el sector laboral necesita y el propio crecimiento poblacional no puede ofrecer. La inmigración regulada tiene una función para el país que no pasa por la caridad."
inmigracion,https://www.meneame.net/story/gobierno-rebajara-requisitos-nacionalidad-inmigrantes-sin,3064331,26083161,169,147.0,--541279--,2019-01-07T00:16:24+00:00,0,11,"#147  #158 
ZASCA."
inmigracion,https://www.meneame.net/story/gobierno-rebajara-requisitos-nacionalidad-inmigrantes-sin,3064331,26083151,168,2.0,pandamanso,2019-01-07T00:12:57+00:00,2,21,"#2 Sin embargo El número de personas extranjeras residentes en España que ha pedido nacionalizarse en 2017 en este país ha caído un 56% (hasta los 66.498) respecto al año anterior, y casi la mitad son menores de padre o madre español y nacidos en España"
inmigracion,https://www.meneame.net/story/gobierno-rebajara-requisitos-nacionalidad-inmigrantes-sin,3064331,26083149,167,160.0,DORAP,2019-01-07T00:12:56+00:00,1,17,"#160 Realmente tienes razón en todo lo que dices, no se por qué te estoy debatiendo {lol}

Pero bueno, que volviendo al tema original. Es mentira que se rebajen requisitos. Los requisitos son los mismos, pero habrán alternativas (imagino que orales) para los analfabetos. Eso no es una ventaja si acabas haciendo el mismo exámen."
inmigracion,https://www.meneame.net/story/gobierno-rebajara-requisitos-nacionalidad-inmigrantes-sin,3064331,26083135,166,,DORAP,2019-01-07T00:10:48+00:00,0,10,"""Pagar 50 euros a un gestor y llenar un impreso"" de repente se ha convertido en prueba de nivel de español, viajar a tu país a conseguir documentación, llenar un impreso... más todas las cosas que aún omites. Si te sigo estirando de la lengua igual hablamos de la dificultad de cuadrar toda la documentación en fechas, el coste de todos los trámites (incluyendo billetes a tu país a hacer gestiones que a veces pueden durar meses), la prueba de conocimiento general...

Parece que sí que conoces la legislación, entonces estabas mintiendo."
inmigracion,https://www.meneame.net/story/gobierno-rebajara-requisitos-nacionalidad-inmigrantes-sin,3064331,26083131,165,,Tueur,2019-01-07T00:10:14+00:00,0,6,"Imagino que somos tantos los que nos fuímos que necesitan contribuyentes a como sea.

Alguien tendrá que seguir pagándoles la fiesta, no?

Pues que suerte, yo como español por los cojones me facilitan nada para naturalizarme aqui."
inmigracion,https://www.meneame.net/story/gobierno-rebajara-requisitos-nacionalidad-inmigrantes-sin,3064331,26083130,164,162.0,--593244--,2019-01-07T00:09:32+00:00,0,7,"#162 Mi lógica es no votarles porque buena parte de lo que prometen no me gusta, aunque lo hagan bien, y aparte porque no confío en que lo vayan a hacer bien."
inmigracion,https://www.meneame.net/story/gobierno-rebajara-requisitos-nacionalidad-inmigrantes-sin,3064331,26083121,163,,Cidwel,2019-01-07T00:07:25+00:00,2,20,"A veces creo que todos los partidos politicos están dirigidos por solo una persona para cambiar y condicionar la vida de la gente del primer mundo a su antojo. No entiendo como se les ocurre aceptar esta clase de propuestas cuando ahora mismo está creciendo un auge del fascismo y en contra de la inmigración

No me creo que sean tan retrasados mentales

En fin, luego que si vox"
inmigracion,https://www.meneame.net/story/gobierno-rebajara-requisitos-nacionalidad-inmigrantes-sin,3064331,26083107,162,69.0,ninfireblade,2019-01-07T00:03:29+00:00,4,33,"#69 Así que tu estrategia es no votarles porque "" probablemente "" no lo harán bien y decides que es mejor votar a los que ya han demostrado no hacerlo bien. Una lógica aplastante la tuya :facepalm:"
inmigracion,https://www.meneame.net/story/gobierno-rebajara-requisitos-nacionalidad-inmigrantes-sin,3064331,26083106,161,152.0,letrado_iletrado,2019-01-07T00:03:29+00:00,1,10,"#152 Tócate los cojones, mariloles. Te voy a informar de que de esos documentos que usted me habla, los únicos que tiene que pedir el extranjero son los que vienen del país de orígen. Los demás ahora se piden automáticamente haciendo UN PUTO TICK EN UNA CASILLA EN EL PUTO FORMULARIO DE SOLICITUD, y luego te vas al ignore. Au."
inmigracion,https://www.meneame.net/story/gobierno-rebajara-requisitos-nacionalidad-inmigrantes-sin,3064331,26083105,160,157.0,--560282--,2019-01-07T00:03:20+00:00,1,17,"#157 Ya te lo he dicho en #129. Es lógico que no se pidan imposibles. Gente mayor o con discapacidad mental evidentemente quedaría excluida o sería voluntario. Pero como te digo ni soy pedagogo ni tengo ni idea del tema, pero no hacer nada no me parece una solución. Se trata de ayudar a la gente, no de darles x saco. En resumen, no pasa nada por ser analfabeto, pero intentemos ayudarles a dejar de serlo, será bueno para todos."
inmigracion,https://www.meneame.net/story/gobierno-rebajara-requisitos-nacionalidad-inmigrantes-sin,3064331,26083096,159,5.0,Luiskelele,2019-01-07T00:01:47+00:00,2,21,"#5 eso, traigamos medio tercer mundo para aquí."
inmigracion,https://www.meneame.net/story/gobierno-rebajara-requisitos-nacionalidad-inmigrantes-sin,3064331,26083092,158,147.0,letrado_iletrado,2019-01-07T00:00:56+00:00,4,33,"#147 A ver payaso hamijo, la realidad y la ley tienden a diferir que da gusto, y un inmigrante te va a decir que el no tiene ni puta idea de leer ni árabe ni castellano (pese a saber leer árabe) si sabe que eso le va a beneficiar al pedir la nacionalidad. Esto se lleva ya haciendo desde que en 2015 se aprobó el nuevo sistema de nacionalidad ese que te acabas de enterar que existe, porque había un proyecto de orden ministerial redactado por el PP que decía esto mismo pero nunca llegaron a aprobar. Eso no ha sido óbice para que los inmigrantes hayan ido solicitando la dispensa de los exámenes de acuerdo a una orden que ni siquiera estaba aprobada aún, para ir ganando tiempo. porque entonces sabrías perfectamente que sin hablar español no puedes obtener la nacionalidad Enhorabuena genio, pero no he dicho lo contrario. Leete tu propio comentario para ver a que respondo, en vez de ser tan pamplinas. tienes que acreditar un nivel 2 Nivel A2 querrás decir."
inmigracion,https://www.meneame.net/story/gobierno-rebajara-requisitos-nacionalidad-inmigrantes-sin,3064331,26083090,157,153.0,DORAP,2019-01-07T00:00:41+00:00,0,10,"#153 Ya, pero y si emigras con toda tu familia, todos trabajáis, sois ciudadanos modélicos... ¿Pero la abuela es analfabeta? ¿O tienes un hijo un poco lento?

Que es lo más probable, joder, que sean casos así. Me cuesta imaginar casos de personas jóvenes analfabetas que sean capaces de reunir todos los requisitos para obtener la nacionalidad."
inmigracion,https://www.meneame.net/story/gobierno-rebajara-requisitos-nacionalidad-inmigrantes-sin,3064331,26083087,156,,Lerena,2019-01-06T23:58:12+00:00,1,14,Luego se preguntarán porque cada vez hay más gente que vota a VOX. Al leer estas noticias a mí mismo me dan ganas de votarles
inmigracion,https://www.meneame.net/story/gobierno-rebajara-requisitos-nacionalidad-inmigrantes-sin,3064331,26083084,155,148.0,--560282--,2019-01-06T23:57:48+00:00,0,7,"#148 No los traemos, llegan que es distinto. Una vez que están aquí y se van a quedar, ¿prefieres un grupo de analfabetos que no saben el idioma ni leer, o que tengan unos mínimos?"
inmigracion,https://www.meneame.net/story/gobierno-rebajara-requisitos-nacionalidad-inmigrantes-sin,3064331,26083081,154,,--565325--,2019-01-06T23:56:51+00:00,0,6,"Las leyes hay que adaptarlas al inmigrante, como no. Luego se preguntan por que sube la extrema derecha y tal."
inmigracion,https://www.meneame.net/story/gobierno-rebajara-requisitos-nacionalidad-inmigrantes-sin,3064331,26083079,153,142.0,--560282--,2019-01-06T23:56:14+00:00,0,7,"#142 A ver es que a mí que se sepan la Constitución o dónde nace el Ebro me da igual, eso es irrelevante. Pero saber escribir y leer, sumar-restar-dividir-multiplicar, y algún otro conocimiento básico me parece imprescindible (por ejemplo para que no les timen). Si a cualquiera de nosotros nos hicieran exámenes de Historia de 4º de la ESO posiblemente suspendamos. Pero saber qué es Europa, dónde está España, incluso nociones básicas de la evolución, de los derechos laborales... conocimientos de ese estilo. No soy pedagogo, ni profesor, no me considero capacitado para decir qué debería de saber o al menos intentar saber un inmigrante analfabeto, evidentemente no sería el mismo temario que para un chaval de 16 años. Me parecería absurdo que se estudien la dinastía de los Austria, ecuaciones y otras cosas que evidentemente no les van a servir para nada a priori. No sé, a mí me gustaría que lo hicieran conmigo o con mis hijos si me veo en esa situación de emigrar forzosamente. En mi caso me gustaría que me dieran lecciones del idioma y unos mínimos del país, y a mis hijos que los escolarizaran. Yo lo veo como algo positivo. Si preguntáramos a los inmigrantes subsaharianos, que es probablemente de donde más analfabetos lleguen (y lo digo sin tener npi), si les gustaría que les enseñasen el idioma y recibir clases yo creo que estarían a favor."
inmigracion,https://www.meneame.net/story/gobierno-rebajara-requisitos-nacionalidad-inmigrantes-sin,3064331,26083078,152,151.0,DORAP,2019-01-06T23:55:37+00:00,0,10,"#151 ¿Pero qué clase de abogado eres? -Partida de nacimiento. Debes solicitarla en la ciudad en la que hayas nacido o donde hayas sido inscrito. Generalmente se necesita que esté legalizada por el Ministerio de Exteriores del país de nacimiento.

 - Certificados de antecedentes penales. Se necesitan dos: el del país de origen y el de las autoridades españolas. El primero debe ser expedido en el país de origen del documento y legalizado por vía diplomática. Para pedir el segundo, basta con comprar en un estanco un impreso oficial de certificado de penales y enviarlo por correo al Registro Central de Penados y Rebeldes junto con una fotocopia de nuestro documento.

 - Certificado de empadronamiento. Se solicita en el ayuntamiento de la localidad en la que residimos.

 - Certificado de residencia legal en España. Debe solicitarse en la subdelegación del gobierno que nos corresponda.

 - Documento que acredite que contamos con medios de vida para residir en España. Por ejemplo, un contrato de trabajo o un aval bancario.

 - Fotocopia del número de identificación de extranjeros o de la tarjeta de residencia.

 - Fotocopia del pasaporte en todas sus páginas. Cuatro papeles... Buena suerte para reunir todos los documentos antes de que caduquen los primeros. Especialmente los certificados de país de origen.

Y luego el exámen de conociento. Y la acreditación oficial del instituto Cervantes de conocimiento del idioma.  Y paga 300 euros, y 85 por la prueba de conocimiento, más los 50 del gestor (que dudo mucho que cobre tan poco, eso es lo que me cobran a mí por hacerme la declaración trimestral)"
inmigracion,https://www.meneame.net/story/gobierno-rebajara-requisitos-nacionalidad-inmigrantes-sin,3064331,26083060,151,102.0,letrado_iletrado,2019-01-06T23:51:20+00:00,1,14,"#102 Eso, o que le ha pagado 50 euros a un gestor para que le diga los 4 papeles que necesita y le rellene el impreso {lol}"
inmigracion,https://www.meneame.net/story/gobierno-rebajara-requisitos-nacionalidad-inmigrantes-sin,3064331,26083050,150,,Keldon82,2019-01-06T23:49:00+00:00,0,6,"Bueno, España está llena de analfabetos, están siendo consecuentes."
inmigracion,https://www.meneame.net/story/gobierno-rebajara-requisitos-nacionalidad-inmigrantes-sin,3064331,26083049,149,127.0,letrado_iletrado,2019-01-06T23:48:10+00:00,1,15,"#127 Pues no se. De la izquierda, por ejemplo, que no dejan de dar la matraca con el Welcome refugees y el 'rasista'?"
inmigracion,https://www.meneame.net/story/gobierno-rebajara-requisitos-nacionalidad-inmigrantes-sin,3064331,26083046,148,120.0,--138994--,2019-01-06T23:47:44+00:00,2,17,"#120 Muy lógico, traemos inmigrates analfabetos, gastamos dinero público en educarlos lo más imprescindible, les hacemos un test y ya tenemos automáticamente un montón de trabajadores precarios para ser explotados por el S.M.I. de 900 euros que han aprobado.

Y después la gente se pregunta porqué practicamente no existen ayudas para la natalidad.  Para que criar niños pudiendo educar analfabetos que ya vienen crecidos."
inmigracion,https://www.meneame.net/story/gobierno-rebajara-requisitos-nacionalidad-inmigrantes-sin,3064331,26083045,147,143.0,DORAP,2019-01-06T23:47:44+00:00,0,10,"#143 sabiendo leer solo árabe Entonces no son analfabetos. Te recuerdo que hay una prueba de español incluída en los requisitos para obtener la nacionalidad. ¿Pero puedes hablar español perfectamente siendo analfabeto, verdad?

A parte de eso no mientas, no eres abogado especialista en inmigración, porque entonces sabrías perfectamente que sin hablar español no puedes obtener la nacionalidad, tienes que acreditar un nivel 2 de español certificado por el instituto cervantes y pasar la prueba de conocimiento, que evidentemente es en Español.

Lo pone en la puta noticia, diplomado."
inmigracion,https://www.meneame.net/story/gobierno-rebajara-requisitos-nacionalidad-inmigrantes-sin,3064331,26083042,146,85.0,Tzaibach,2019-01-06T23:47:35+00:00,1,15,"#85 http://embajadas.ossiris.net/suecia/nacionalidad-sueca.htm

Tampoco es que sea una ""barra libre"". Además de ""haber llevado una vida honorable"" (te investigan los posibles delitos cometidos dentro o fuera de Suecia), hay que tener un permiso de residencia permanente, pagar unos 150€ por el certificado, y como dice la propia página, ""en algunos casos se está solicitando para adquirir la nacionalidad sueca, un contrato de trabajo y un examen de sueco"". Pero es cierto que tampoco en todos los casos (supongo que será motivado, p.ej. imagino que a quienes les den menos confianza... ¿como, entre otros, inmigrantes analfabetos o refugiados económicos, quizás? vamos, no lo sé, pero por decir algo lógico, que me da a mí que los suecos tampoco tienen un pelo de tontos...)"
inmigracion,https://www.meneame.net/story/gobierno-rebajara-requisitos-nacionalidad-inmigrantes-sin,3064331,26083036,145,,Imag0,2019-01-06T23:46:43+00:00,0,7,Por fin Murcia se podrá integrar en el estado {troll}
inmigracion,https://www.meneame.net/story/gobierno-rebajara-requisitos-nacionalidad-inmigrantes-sin,3064331,26083035,144,141.0,DORAP,2019-01-06T23:46:27+00:00,0,10,"#141 Claro. Esta medida afectará sobre todo a gente mayor que llegó hace décadas a España y que tienen el apoyo familiar y económico para poder superar el resto de trámites para obtener la nacionalidad, que no son pocos, pero que no saben leer o escribir y por tanto no tienen una alternativa oral para superar la prueba de conocimiento e integración.

Menuda desinformación hay sobre el tema."
inmigracion,https://www.meneame.net/story/gobierno-rebajara-requisitos-nacionalidad-inmigrantes-sin,3064331,26083030,143,67.0,letrado_iletrado,2019-01-06T23:44:37+00:00,17,103,"#67 ¿Tantos inmigrantes analfabetos capaces de vivir legalmente en España durante una década conoces? JAJAJAJAJA. Mira soy abogado especializado en inmigración. Inmigrantes analfabetos capaces de vivir legalmente en España los hay A PATADAS. Para empezar, la mujer (o la madre) del peluquero marroquí, la que no sale de casa y si sale habla en árabe. O el marroquí mismo que tiene una peluquería donde solo van otros árabes, y que chapurrea un poco de castellano pero no lo ha escrito en la vida porque vino sabiendo leer solo árabe y para el trabajo no le hace falta.

Y no una década, sino dos y tres."
inmigracion,https://www.meneame.net/story/gobierno-rebajara-requisitos-nacionalidad-inmigrantes-sin,3064331,26083027,142,134.0,DORAP,2019-01-06T23:44:12+00:00,1,19,"#134 Habría que ver qué alternativas proponen, el artículo no lo explica.

Si la alternativa para los analfabetos es la misma prueba pero de carácter oral e incluye alguna forma de certificar que esa persona domina el español hablado, no debería haber ningún problema. Insisto que son personas que ya llevan como mínimo 10 años viviendo en España y han acreditado una cantidad toda la documentación que les han requerido, incluyendo certificados penales de aquí y de su país de origen o certificación de medios de subsistencia como contratos, ahorros, propiedades...

Igualmente, ¿Cuántos analfabetos crees que hay que sean capaces de aprobar una prueba de conocimientos sobre la constitución? No cambia nada."
inmigracion,https://www.meneame.net/story/gobierno-rebajara-requisitos-nacionalidad-inmigrantes-sin,3064331,26083025,141,60.0,--430760--,2019-01-06T23:43:53+00:00,0,7,#60 De hecho es bastante sensato. No tiene sentido que toda una familia cumpla los criterios para obtener la nacionalidad excepto algún pariente mayor o discapacitado.
inmigracion,https://www.meneame.net/story/gobierno-rebajara-requisitos-nacionalidad-inmigrantes-sin,3064331,26083024,140,85.0,--2892--,2019-01-06T23:43:44+00:00,5,43,"#85 Justamente en Suecia creo que no tienen problemas con la inmigración, sí señor"
inmigracion,https://www.meneame.net/story/gobierno-rebajara-requisitos-nacionalidad-inmigrantes-sin,3064331,26083019,139,137.0,--392870--,2019-01-06T23:42:19+00:00,0,11,"#137 tómate una tila que yo soy de la LOGSE también y sé lo que hay.

Y por cierto, faltaría más que no supiésemos más idiomas o que no viajásemos más que nuestros abuelos que se chuparon la guerra o nuestros padres que vivieron la postguerra."
inmigracion,https://www.meneame.net/story/gobierno-rebajara-requisitos-nacionalidad-inmigrantes-sin,3064331,26082997,138,33.0,--430760--,2019-01-06T23:38:05+00:00,0,7,"#33 ¿Y si un español no está integrado, no tiene amigos nacionales ni trabajo estable o provoca problemas de convivencia se la quitamos?"
inmigracion,https://www.meneame.net/story/gobierno-rebajara-requisitos-nacionalidad-inmigrantes-sin,3064331,26082987,137,30.0,--430760--,2019-01-06T23:34:25+00:00,3,22,"#30 Entre la LOGSE, LOE y LOMCE no hay ni la décima parte de analfabetos que en cualquier generación educada por el Régimen o durante los 80. Nos llamáis tontos e iletrados pero tenemos más estudios superiores que cualquier generación anterior. Accedemos y manejamos mucha más cultura que nuestros antecesores. Conservamos el conocimiento académico mejor que la mayoría de nuestros mayores. Conocemos más idiomas, tenemos un conocimiento científico mayor y hemos estudiado unas ciencias sociales más actualizadas. No me atrevería a decir que somos más cultos e inteligentes, pero desde luego no somos unos estúpidos incultos. Dejad de ponernos una etiqueta y de despreciarnos por el mero hecho de ser menores.

 Está claro que la LOGSE no es un sistema óptimo ni de calidad. Tiene miles de fallos y problemas. Pero no olvidemos que la LGE franquista tampoco era una joya. Se rebajaron los criterios de exigencia, ok, no tuvimos que aprendernos la lista de los Reyes Godos en sentido ascendente y descendente. Tampoco tuvimos que aguantar que los curas nos pegaran palizas. Pero sigo sin entender por qué eso nos hace menos capaces o peores personas."
inmigracion,https://www.meneame.net/story/gobierno-rebajara-requisitos-nacionalidad-inmigrantes-sin,3064331,26082984,136,127.0,vecino_999,2019-01-06T23:33:30+00:00,0,9,"#127  #127 Nadie ha dicho que esta ley sea de izquierdas, precisamente que un partido de izquierdas realice políticas economico-liberales y las venda como algo bueno lo convierte en un desastre de partido."
inmigracion,https://www.meneame.net/story/gobierno-rebajara-requisitos-nacionalidad-inmigrantes-sin,3064331,26082980,135,,paumania,2019-01-06T23:32:17+00:00,0,10,"¡Mierda, no encuentro la etiqueta de humor!"
inmigracion,https://www.meneame.net/story/gobierno-rebajara-requisitos-nacionalidad-inmigrantes-sin,3064331,26082974,134,129.0,--560282--,2019-01-06T23:31:27+00:00,1,10,"#129 A ver es evidente que si viene un emigrante de 60 años pues igual no le vas a escolarizar, como mucho darle clases del idioma. Pero no sé, gente de 40 años para abajo, sin retraso mental, qué menos que intentarlo no? No sé, me parece lógico y bueno para todos."
inmigracion,https://www.meneame.net/story/gobierno-rebajara-requisitos-nacionalidad-inmigrantes-sin,3064331,26082973,133,99.0,--572565--,2019-01-06T23:31:17+00:00,0,7,"#99 pero si en España la mortalidad es más alta que la natalidad... http://www.reactiongifs.com/r/2013/02/incredulous.gif

https://www.elconfidencial.com/economia/2018-06-19/espana-natalidad-poblacion_1580932/"
inmigracion,https://www.meneame.net/story/gobierno-rebajara-requisitos-nacionalidad-inmigrantes-sin,3064331,26082968,132,78.0,Dain,2019-01-06T23:29:48+00:00,0,10,"#78 Bueno, no veas cómo se las gastan en Finlandia"
inmigracion,https://www.meneame.net/story/gobierno-rebajara-requisitos-nacionalidad-inmigrantes-sin,3064331,26082967,131,,Donninel,2019-01-06T23:29:43+00:00,1,9,Otra medida más apadrinada por Soros. Que aprovechen los socialistas en destruir lo que puedan. Les queda muy poco para irse todos a la puta calle.
inmigracion,https://www.meneame.net/story/gobierno-rebajara-requisitos-nacionalidad-inmigrantes-sin,3064331,26082965,130,,--35290--,2019-01-06T23:29:27+00:00,0,5,y al salir que se les ponga un sello en la mano como en los pubs
inmigracion,https://www.meneame.net/story/gobierno-rebajara-requisitos-nacionalidad-inmigrantes-sin,3064331,26082964,129,120.0,DORAP,2019-01-06T23:28:54+00:00,0,10,"#120 Ya, el tema es que si habiendo nacido en España, por lo que sea, no te han escolarizado y no sabes leer o escribir, tampoco te pueden revocar tus derechos ciudadanos. Por ejemplo, si quieres sacarte un carnet de conducir, te harán la prueba oral si la pides. 

Esto es el mismo principio de igualdad, hay determinados derechos básicos que no pueden revocarte por no saber leer o escribir.

Además de eso, recuerda que para obtener la ciudadanía tienes que haber residido legalmente en españa durante un periodo de tiempo, haber trabajado, tener un sustento demostrable, carecer de antecedentes penales...

Sólo el proceso de obtener la documentación necesaria para sacarte la nacionalidad (muchas veces por duplicado, en tu país de origen y aquí) es en sí un filtro que hace que no cualquiera se la pueda sacar. Preguntarle luego que en qué provincia nace el Ebro... pues oye, a mí me la pela si le hacen la pregunta oral, escrita o si le piden que dibuje la bandera de España si el solicitante tiene síndrome de Down."
inmigracion,https://www.meneame.net/story/gobierno-rebajara-requisitos-nacionalidad-inmigrantes-sin,3064331,26082960,128,125.0,--495817--,2019-01-06T23:27:56+00:00,0,15,"#125 te voy a decir lo mismo que le dije al otro, vuelve a leer mi comentario."
inmigracion,https://www.meneame.net/story/gobierno-rebajara-requisitos-nacionalidad-inmigrantes-sin,3064331,26082956,127,4.0,juanac,2019-01-06T23:27:33+00:00,1,6,"#4 La libre circulación de personas es una medida totalmente liberal, no sé de dónde sale esa obsesión con asimilarlo a una medida de izquierdas."
inmigracion,https://www.meneame.net/story/gobierno-rebajara-requisitos-nacionalidad-inmigrantes-sin,3064331,26082955,126,89.0,Tzaibach,2019-01-06T23:26:52+00:00,1,15,"#89 Se trata de puestos de trabajo para inmigrantes cualificados de fuera de la Unión Europea. Los sueldos de Portugal seguro que interesan, y mucho, a algún ingeniero de China, Bangladesh, la India o Brasil, entre muchos otros países... (y no está pensado como algo temporal, ya que se tiene la posibilidad de iniciar una nueva vida en suelo europeo, y cumpliendo requisitos llegar a obtener la ciudadanía). Al menos yo, y con lo que me gusta Portugal, si fuera de uno de esos países, ni me lo pensaba, vamos.

Y por eso España hace mal no haciendo lo mismo que Portugal, en este caso (y yerra el doble haciendo lo contrario)."
inmigracion,https://www.meneame.net/story/gobierno-rebajara-requisitos-nacionalidad-inmigrantes-sin,3064331,26082952,125,10.0,--585030--,2019-01-06T23:26:31+00:00,2,12,"#10 No conozco ningun ingeniero camarero y mira que conozco ingenieros. Eso si, gente que han estudiado alguna ""tontá"" que llaman ""carrera"" si conozco unos cuantos, eso si, quejandose de que no encuentran ""de lo suyo"", aunque ni ellos saben que es eso."
inmigracion,https://www.meneame.net/story/gobierno-rebajara-requisitos-nacionalidad-inmigrantes-sin,3064331,26082951,124,1.0,Pedro_Bear,2019-01-06T23:26:12+00:00,20,131,"#1  #19 Hola! Abogado aquí, 
como en el pasado trabajé en este sector os puedo aclarar mejor a quienes va destinada esta medida.
Esta medida está destinada en su mayoría a inmigrantes mayores de 50 años, o de la tercera edad, que llevan más de 10 años de residencia legal sin atencedentes penales, que saben hablar (de cierta forma) español, pero que por la edad y/o venir de países No Hispanohablantes, y con un alfabeto distinto al nuestro.  A este grupo le cuesta mucho aprender nuevas cosas, pero llevan ya años integrados en España con ayuda de sus familiares más jovenes. Muchos por temas de reagrupación familiar para ayudar con los hijos, o ayudar en el negocio. 

Para daros más tranquilidad a vosotros, y a mucho aquí que veo preocupados, el proceso del expediente nacionalidad por residencia con estos países suele llevar 15 AÑOS en total. Durante los cuales en los primeros 10 años, antes empezar el proceso no pueden tener antecedentes penales en España, ni en su país de origen.

Con los menores de 30, no se presenta estos problemas puesto lo aprenden muy rápido."
inmigracion,https://www.meneame.net/story/gobierno-rebajara-requisitos-nacionalidad-inmigrantes-sin,3064331,26082948,123,8.0,--598473--,2019-01-06T23:25:33+00:00,0,6,#8 ANATEMA!!!
inmigracion,https://www.meneame.net/story/gobierno-rebajara-requisitos-nacionalidad-inmigrantes-sin,3064331,26082946,122,99.0,alambique,2019-01-06T23:25:27+00:00,3,31,"#99 Thanos, acaba la cena y a dormir, que es tarde"
inmigracion,https://www.meneame.net/story/gobierno-rebajara-requisitos-nacionalidad-inmigrantes-sin,3064331,26082945,121,101.0,--598473--,2019-01-06T23:25:07+00:00,0,6,#101 Amén. No ardiera tambien to la Junta de Andalucía {troll}
inmigracion,https://www.meneame.net/story/gobierno-rebajara-requisitos-nacionalidad-inmigrantes-sin,3064331,26082941,120,67.0,--560282--,2019-01-06T23:24:33+00:00,9,46,"#67 En España es obligatorio para la gente que nace en el país la escolarización hasta los 16 años. Si un inmigrante viene al país creo que en un plazo razonable de tiempo según su formación previa y nivel del idioma previo, se le debe exigir esos mínimos conocimientos con el fin de evitar el analfabetismo. Personalmente no creo que haya que ser ingeniero, ni siquiera hacer bachillerato o la PAU, pero un mínimo (idioma, leer, escribir, nociones mínimas de historia, geografía, mates...). Me parece que es algo bueno para los propios inmigrantes y para el país, deberían de incluirse si no lo están ya en programas de educación gratuitos con el fin de que se sientan mejor personas, más adaptados y en mejor posición para integrarse ellos mismos y sus hijos."
inmigracion,https://www.meneame.net/story/gobierno-rebajara-requisitos-nacionalidad-inmigrantes-sin,3064331,26082937,119,117.0,DORAP,2019-01-06T23:23:25+00:00,1,19,"#117 Esto no va de permiso de residencia, visados o permiso de trabajo.

Es el puto exámen de nacionalidad. Aunque lo suspendan, eso no les revoca la residencia.

Esos analfabetos que vienen a infectar nuestra culta sociedad van a seguir aquí se modifique o no ese exámen. NO ENTENDÉIS UN CARAJO"
inmigracion,https://www.meneame.net/story/gobierno-rebajara-requisitos-nacionalidad-inmigrantes-sin,3064331,26082936,118,104.0,Pancar,2019-01-06T23:23:24+00:00,1,25,#104 No veo por qué la formación académica tiene que otorgar privilegios. Los requisitos para acceder a la nacionalidad son suficientes sin la necesidad de esa prueba.
inmigracion,https://www.meneame.net/story/gobierno-rebajara-requisitos-nacionalidad-inmigrantes-sin,3064331,26082929,117,113.0,--456958--,2019-01-06T23:21:55+00:00,0,7,"#113 ni culto, ni inteligente, ni sofisticado.

Es tan sencillo como: más gente con menos recursos = fin del estado de bienestar.

¿Quieres que te explique por qué o te llega para deducirlo tú solito?"
inmigracion,https://www.meneame.net/story/gobierno-rebajara-requisitos-nacionalidad-inmigrantes-sin,3064331,26082928,116,111.0,--495817--,2019-01-06T23:21:54+00:00,0,15,"#111 anda majo,  compara  las ayudas a la natalidad y la tasa de natalidad francesa y la española.
edit:
por ejemplo."
inmigracion,https://www.meneame.net/story/gobierno-rebajara-requisitos-nacionalidad-inmigrantes-sin,3064331,26082920,115,41.0,ZiiZ,2019-01-06T23:20:02+00:00,1,14,"#41 Yo conozco un ingeniero que ha trabajado en España de camarero hasta que ha podido ahorrar, porque aquí no le salia nada. Ahora si trabaja de ingeniero pero en Alemania."
inmigracion,https://www.meneame.net/story/gobierno-rebajara-requisitos-nacionalidad-inmigrantes-sin,3064331,26082917,114,99.0,--495817--,2019-01-06T23:19:37+00:00,0,15,"#99 pues nada, tiramos un pepino nucelar en Wasington y solucionado en media hora."
inmigracion,https://www.meneame.net/story/gobierno-rebajara-requisitos-nacionalidad-inmigrantes-sin,3064331,26082914,113,109.0,DORAP,2019-01-06T23:19:20+00:00,1,19,"#109 Si con eso quieres decir que soy inteligente, culto y sofisticado y además se ver la diferencia entre ""visado"" ""permiso de residencia"" y ""nacionalidad"", sí, lo reconozco, soy así.

Mucho mejor eso a ser un borrego prejuicioso que lee ""rebajará los requisitos"" e ""inmigrantes"" en el mismo titular y ya se piensa que esto es una especie de vía abierta de los socialistas para que todos los analfabetos del mundo vengan a robar, chatarrear y vender el top manta a España.

Léete la noticia. Infórmate de los requisitos para obtener la nacionalidad, y, si aún hay algo que no entiendes, me preguntas.

Yo, como he dicho antes, personalmente, me importa un carajo si hacen el exámen oral u escrito o si a un chico síndrome de down le rebajan la exigencia del mismo, el examen ""de integración"" es lo más estúpido e inútil de todo el proceso de obtención de nacionalidad, lo que me importa son el resto de requisitos, que no se tocan seas analfabeto, down, disléxico o asperger (certificado de penales, demostrar sustento en España, certificado de residencia continuada...)"
inmigracion,https://www.meneame.net/story/gobierno-rebajara-requisitos-nacionalidad-inmigrantes-sin,3064331,26082905,112,22.0,ivan123,2019-01-06T23:17:02+00:00,0,6,"#22 No creo que en España falte personal cualificado, somos exportadores netos porque aquí no encuentran trabajo en condiciones, si traemos gente de fuera las condiciones de trabajo tenderían a empeorar aun más (aceptarían sueldos más bajos) y la situación sería aún peor."
inmigracion,https://www.meneame.net/story/gobierno-rebajara-requisitos-nacionalidad-inmigrantes-sin,3064331,26082901,111,9.0,--479141--,2019-01-06T23:16:42+00:00,2,31,"#9 #8 No lo tengo claro del todo. Es decir, según tú una vida cómoda y fácil haría que los españoles tuvieran más hijos. 
Pero es rebatible. Mi abuelo teniendo vida dura tuvo bastantes hijos, mis padres teniendo vida jodida y un solo sueldo (tuvieron un par de hijos). Yo no creo que la vida de hoy esté peor que en los inicios de los 80.
El problema es la comodidad. Y hay que aceptarlo. Queremos viajar al extranjero, estar de fiesta hasta los 45, no atarse ni comprometerse con la pareja, jugar a la play...

Es cierto que podría darse ciertas facilidades, sobretodo en tema de horario laboral (8 horas seguidas sin turno partido). 

Pero realmente el problema de la natalidad es la comodidad. Eso y ciertos cargos donde a la mujer se le putea por tener hijos al ser incompatible con su trabajo. (Pero creo que esto último es un pequeño porcentaje,  aunque siempre esté ahi)"
inmigracion,https://www.meneame.net/story/gobierno-rebajara-requisitos-nacionalidad-inmigrantes-sin,3064331,26082895,110,85.0,DORAP,2019-01-06T23:15:58+00:00,2,23,"#85 GRACIAS

Eres el primer comentario sensato.

Esto es exactamente lo mismo que en el caso del carnet de conducir. Si eres analfabeto te pueden hacer la prueba teórica de forma oral. Pero eso no te exime de aprobar el exámen ni del resto de requisitos.

Es una noticia sensacionalista."
inmigracion,https://www.meneame.net/story/gobierno-rebajara-requisitos-nacionalidad-inmigrantes-sin,3064331,26082893,109,67.0,--456958--,2019-01-06T23:15:44+00:00,4,3,#67 Debes de tenerlo todo resuelto en la vida y vivir en un pueblo muy chiquitito. Porque tu comentario es el clásico de un señorito con tierras.
inmigracion,https://www.meneame.net/story/gobierno-rebajara-requisitos-nacionalidad-inmigrantes-sin,3064331,26082892,108,,--366944--,2019-01-06T23:15:16+00:00,0,6,"Mucho cachondeo, pero igual está pensada para los ingleses que viven aquí cuando llegue el brexit {troll}"
inmigracion,https://www.meneame.net/story/gobierno-rebajara-requisitos-nacionalidad-inmigrantes-sin,3064331,26082889,107,83.0,DORAP,2019-01-06T23:14:50+00:00,1,14,"#83 No tiene nada que ver. Para obtener la nacionalidad tienes que vivir ya en España durante un tiempo continuado.

Portugal da visados pero no la nacionalidad. España tiene programas de esos también."
inmigracion,https://www.meneame.net/story/gobierno-rebajara-requisitos-nacionalidad-inmigrantes-sin,3064331,26082886,106,71.0,Thony,2019-01-06T23:14:31+00:00,2,25,#71 Una escusa similar (quizás no tan letrada) se la he escuchado decir a decenas de alumnos que suspenden Lengua Castellana en la E.S.O. pese a haber nacido en España y tener padres españoles.
inmigracion,https://www.meneame.net/story/gobierno-rebajara-requisitos-nacionalidad-inmigrantes-sin,3064331,26082882,105,54.0,shinhomon,2019-01-06T23:13:58+00:00,3,34,"#54 donde duermen los indios..
{wink}"
inmigracion,https://www.meneame.net/story/gobierno-rebajara-requisitos-nacionalidad-inmigrantes-sin,3064331,26082881,104,55.0,--456958--,2019-01-06T23:13:54+00:00,0,7,"#55 ¿Clasismo? Eres el ejemplo perfecto de persona que vive en una burbuja y que, con tal de ser policorrecto, no quiere ver que ese tipo de medidas son perfectas si tu interés es el de cargarte el estado de bienestar. Pero qué más te dará a ti si sólo has venido para ganar karma."
inmigracion,https://www.meneame.net/story/gobierno-rebajara-requisitos-nacionalidad-inmigrantes-sin,3064331,26082879,103,79.0,DORAP,2019-01-06T23:13:36+00:00,4,30,"#79 Ok, veamos. Tienes un exámen. Si sabes leer y escribir el exámen será por escrito. Si eres analfabeto te harán el exámen oral.

¿Para qué coño te harías pasar por analfabeto? ¿Te mola que te den conversación o algo?

La frase ""rebajará los requisitos"" del titular es totalmente engañosa y sensacionalista."
inmigracion,https://www.meneame.net/story/gobierno-rebajara-requisitos-nacionalidad-inmigrantes-sin,3064331,26082870,102,6.0,DORAP,2019-01-06T23:10:57+00:00,1,9,#6 Si un analfabeto cumple los requisitos para obtener la nacionalidad y es capaz de obtener toda la documentación en regla y en el tiempo estipulado es que es el analfabeto más listo del mundo y nos va bien tenerlo aquí.
inmigracion,https://www.meneame.net/story/gobierno-rebajara-requisitos-nacionalidad-inmigrantes-sin,3064331,26082869,101,69.0,--584702--,2019-01-06T23:10:48+00:00,9,57,"#69 En mi comunidad autónoma la autonomía como si le prenden fuego con todos los de la junta dentro.
Los únicos que se van a quejar son los que cobran sueldos públicos por sillones y cargos inutiles."
inmigracion,https://www.meneame.net/story/gobierno-rebajara-requisitos-nacionalidad-inmigrantes-sin,3064331,26082865,100,,--556871--,2019-01-06T23:10:02+00:00,2,17,el 26 de mayo por unas europeas repletas de Vox...
inmigracion,https://www.meneame.net/story/gobierno-rebajara-requisitos-nacionalidad-inmigrantes-sin,3064331,26082864,99,5.0,--22191--,2019-01-06T23:09:55+00:00,5,60,"#5 No; en España sobra la mitad de la gente, igual que en el mundo entero. No podemos conseguir objetivos de sostenibilidad para el planeta y a la vez parir como conejos."
inmigracion,https://www.meneame.net/story/gobierno-rebajara-requisitos-nacionalidad-inmigrantes-sin,3064331,26082860,98,59.0,DORAP,2019-01-06T23:09:37+00:00,0,10,#59 {palm} {palm}
inmigracion,https://www.meneame.net/story/gobierno-rebajara-requisitos-nacionalidad-inmigrantes-sin,3064331,26082854,97,,--596702--,2019-01-06T23:08:11+00:00,2,17,"Exportando talento, importando analfabetismo, gran estrategia."
inmigracion,https://www.meneame.net/story/gobierno-rebajara-requisitos-nacionalidad-inmigrantes-sin,3064331,26082852,96,33.0,Thony,2019-01-06T23:07:22+00:00,4,34,"#33 Gracias por poner algo de cordura entre tanto aspavientos y grito de barra de bar.

Como bien dices, para obtener un título administrativo que te permite residir y gozar de unos derechos idénticos a los que por azar han nacido en esa región, hay factores mucho más importantes como la integración.

A una persona nacida en España que sea analfabeta, que solo se relacione con un pequeño grupo de conocidos y que cree problemas sociales/legales ¿alguien se plantea revocarle su nacionalidad? Entonces, ¿porque se lo tenemos que poner tan complicado a personas que realmente desean sumar a la sociedad y al país?"
inmigracion,https://www.meneame.net/story/gobierno-rebajara-requisitos-nacionalidad-inmigrantes-sin,3064331,26082850,95,13.0,--172335--,2019-01-06T23:07:03+00:00,0,8,"#13 ¿Por qué te crees que los camareros tienen tan buena conversación? {grin} 

Fuera coñas ese perfil de camarero suele serlo de manera temporal. Es muy común también currar fines de semana mientras se están sacando la carrera."
inmigracion,https://www.meneame.net/story/gobierno-rebajara-requisitos-nacionalidad-inmigrantes-sin,3064331,26082845,94,33.0,--243043--,2019-01-06T23:05:34+00:00,1,9,"#33 Impedimento no, pero tampoco se puede premiar la ignorancia. La jugada de siempre, el coger el rasero y favorecer al mediocre para que siga siéndolo, y perjudicando a quien no lo es, equiparando su esfuerzo al de un mediocre. Haciendo con esto, que el ser mediocre sea suficiente, con lo cual perdemos gran parte de la excelencia en consecuencia."
inmigracion,https://www.meneame.net/story/gobierno-rebajara-requisitos-nacionalidad-inmigrantes-sin,3064331,26082843,93,8.0,--456958--,2019-01-06T23:05:19+00:00,7,54,"#8 Eso sería lo normal y lo coherente. Pero si eres un políticucho de mierda neoliberal o al servicio de los neoliberales, te interesa que venga más inmigrantes sin estudios para:

- bajar sueldos y por tanto menos ingresos para el estado.
- menos ingresos = menores presupuestos para la sanidad y la educación.
- menores presupuestos para sanidad pero más gente = desborde y peor servicio.
- peor servicio de la sanidad pública favorece a la sanidad privada.
- más inmigrantes sin muchos recursos para los barrios obreros. Esto produce ghettos.
- más ghettos = más inseguridad.
- más inseguridad = cabreo de la gente autóctona.
- cabreo de la gente autóctona = la extrema derecha sube.

Por no hablar de favorecer a la educación privada por encima de la pública. Como padre de un niño de dos años, es prácticamente IMPOSIBLE que entre en una guardería pública ya que las listas están colmadas de los hijos de los inmigrantes a los que dan un trato de favor. No lo digo desde un punto de vista xenófobo ni mucho menos. Pero en mi curro, una compañera que es latinoamericana y que gana el mismo sueldo que yo, al suyo sí lo han pillado y al mío no. ¿Casualidad? Puede ser."
inmigracion,https://www.meneame.net/story/gobierno-rebajara-requisitos-nacionalidad-inmigrantes-sin,3064331,26082842,92,1.0,DangiAll,2019-01-06T23:05:17+00:00,8,54,"#1 Mas votos para VOX !!!!

Si es que al final van a ser con VOX, como Rajoy con la independencia de Cataluña, el sólito conseguía mas votos que las campañas propias."
inmigracion,https://www.meneame.net/story/gobierno-rebajara-requisitos-nacionalidad-inmigrantes-sin,3064331,26082836,91,78.0,DORAP,2019-01-06T23:02:38+00:00,7,49,"#78 Y tener estos documentos en regla: - Partida de nacimiento. Debes solicitarla en la ciudad en la que hayas nacido o donde hayas sido inscrito. Generalmente se necesita que esté legalizada por el Ministerio de Exteriores del país de nacimiento.

 - Certificados de antecedentes penales. Se necesitan dos: el del país de origen y el de las autoridades españolas. El primero debe ser expedido en el país de origen del documento y legalizado por vía diplomática. Para pedir el segundo, basta con comprar en un estanco un impreso oficial de certificado de penales y enviarlo por correo al Registro Central de Penados y Rebeldes junto con una fotocopia de nuestro documento.

 - Certificado de empadronamiento. Se solicita en el ayuntamiento de la localidad en la que residimos.

 - Certificado de residencia legal en España. Debe solicitarse en la subdelegación del gobierno que nos corresponda.

 - Documento que acredite que contamos con medios de vida para residir en España. Por ejemplo, un contrato de trabajo o un aval bancario.

 - Fotocopia del número de identificación de extranjeros o de la tarjeta de residencia.

 - Fotocopia del pasaporte en todas sus páginas. Y haber vivido un mínimo de 10 años LEGALMENTE en España."
inmigracion,https://www.meneame.net/story/gobierno-rebajara-requisitos-nacionalidad-inmigrantes-sin,3064331,26082835,90,,--556871--,2019-01-06T23:02:26+00:00,1,14,ya buscan mano de obra barata para mantener sus privilegios... tonto el que no voxe.
inmigracion,https://www.meneame.net/story/gobierno-rebajara-requisitos-nacionalidad-inmigrantes-sin,3064331,26082833,89,83.0,John_Doe,2019-01-06T23:01:58+00:00,0,10,"#83 No le veo mucho futuro a esta certificación porque las empresas quieren de Portugal mano de obra barata y rebajas fiscales a lo sumo para asentarse allí.
Pocas querrán asentarse en Portugal para atraer talento de fuera de Portugal, pues tal talento no va a aceptar el sueldo de risa que le quieran pagar en Portugal, y a lo sumo será talento turístico (va para un año de sol, playa y trabajo y se pira).
¿O acaso no sabes porqué Google va a crear ese centro de operaciones en Portugal en lugar de España? Por la pela."
inmigracion,https://www.meneame.net/story/gobierno-rebajara-requisitos-nacionalidad-inmigrantes-sin,3064331,26082825,88,79.0,--386021--,2019-01-06T22:59:55+00:00,1,13,"#79 Una semana sin comer y luego les ponen la carta del menú del restaurante del congreso y el que se ponga a comer, de vuelta a su casa."
inmigracion,https://www.meneame.net/story/gobierno-rebajara-requisitos-nacionalidad-inmigrantes-sin,3064331,26082820,87,27.0,Penrose,2019-01-06T22:59:23+00:00,12,73,"#27 No tiene nada que ver que tengamos un 15% de desempleo, enormes bolsas de trabajadores de baja cualificación desempleados, y estemos viendo los primeros síntomas de las reacciones contra la inmigración.

Qué gran idea esta del PSOE, seguro que los colocamos en una semana y se ponen a cotizar que te cagas.

Estamos idiotas o qué. Es para alucinar."
inmigracion,https://www.meneame.net/story/gobierno-rebajara-requisitos-nacionalidad-inmigrantes-sin,3064331,26082818,86,44.0,--541279--,2019-01-06T22:58:43+00:00,4,2,"#044  #75
No es la lengua de Cataluña. Es una lengua impuesta.

Pero para el caso es irrelevante. Hay personas que se han ido a vivir a una comunidad con un idioma diferente al suyo y que ni se han molestado en aprender, ni han hecho amigos de dicha comunidad ni nada. Y sí, eso les impide hacer una vida como ciudadano integrado, porque no se han integrado sino que han hecho sus guetos."
inmigracion,https://www.meneame.net/story/gobierno-rebajara-requisitos-nacionalidad-inmigrantes-sin,3064331,26082811,85,,John_Doe,2019-01-06T22:56:51+00:00,2,24,"No veo el problema. En Suecia, por ejemplo, con justificar cinco años de residencia, se obtiene la tal nacionalidad (no es necesario conocer la constitución sueca o el idioma por comparar con los requisitos en España ahora)."
inmigracion,https://www.meneame.net/story/gobierno-rebajara-requisitos-nacionalidad-inmigrantes-sin,3064331,26082809,84,27.0,--593244--,2019-01-06T22:56:32+00:00,12,83,"#27 ¿A todo el que no haya tenido la oportunidad de estudiar lo quieres meter en España y ofrecerle servicios públicos por los que no ha pagado ni pagará? Esa gente no tiene la culpa, pero España no puede acoger a todo aquel que pueda querer entrar en ella. No se trata de que no entren porque son inferiores a los españoles, se trata de que no entren porque no son responsabilidad de España, y España no puede gastar sus recursos en ellos sin descuidar a los de dentro. ¿Qué es lo que harías tú? ¿Suprimir todas las fronteras y ver lo que pasa?

Otra cosa son los que huyen de la guerra, o de una persecución injusta. Por esos no se hace lo suficiente."
inmigracion,https://www.meneame.net/story/gobierno-rebajara-requisitos-nacionalidad-inmigrantes-sin,3064331,26082808,83,,LokoYo_,2019-01-06T22:56:25+00:00,5,39,"MIentras tanto en Portugal, crean visa para atraer talento.  https://portugalstartups.com/2018/12/portugal-tech-visa/"
inmigracion,https://www.meneame.net/story/gobierno-rebajara-requisitos-nacionalidad-inmigrantes-sin,3064331,26082807,82,25.0,Penrose,2019-01-06T22:56:18+00:00,31,194,"#25 #24

Básicamente. 

Venimos de ver a VOX petarlo en casi todos los municipios andaluces con más inmigración, y empezamos a sentir los primeros síntomas del problema migratorio que ha surgido antes en otros países.

¿Respuesta del PSOE? Esta noticia.

Yo, de verdad, ya no sé si pensar que son imbéciles o qué."
inmigracion,https://www.meneame.net/story/gobierno-rebajara-requisitos-nacionalidad-inmigrantes-sin,3064331,26082806,81,,--159263--,2019-01-06T22:55:58+00:00,3,30,"A ver si lo adivino... Pero podrán votar y dará igual incluso si no saben leer el nombre del partido en la papeleta (hint: puño y rosa, puño y rosa )."
inmigracion,https://www.meneame.net/story/gobierno-rebajara-requisitos-nacionalidad-inmigrantes-sin,3064331,26082803,80,27.0,LokoYo_,2019-01-06T22:55:14+00:00,1,12,"#27 Alguien que no ha tenido la oportunidad de estudiar y pisa suelo espanol tiene como minimo entre 5 y 10 anos  (que es el tiempo para solicitar la nacionalidad, obviando casamiento) para estudiar y pasar cursos minimos que le habilitarian integrarse en una sociedad moderna como la española."
inmigracion,https://www.meneame.net/story/gobierno-rebajara-requisitos-nacionalidad-inmigrantes-sin,3064331,26082798,79,,--510734--,2019-01-06T22:54:21+00:00,2,18,Estos socialistas son mas tontos que Picio ¿como van a comprobar que una persona no sabe leer ni escribir?.
inmigracion,https://www.meneame.net/story/gobierno-rebajara-requisitos-nacionalidad-inmigrantes-sin,3064331,26082797,78,67.0,Willpdbfjdj,2019-01-06T22:54:16+00:00,1,9,#67 para hacer bien el amor hay que venir al sur
inmigracion,https://www.meneame.net/story/gobierno-rebajara-requisitos-nacionalidad-inmigrantes-sin,3064331,26082792,77,,--525604--,2019-01-06T22:52:54+00:00,7,67,La mejor manera de que los socialistas ganen votos es importar analfabetos.
inmigracion,https://www.meneame.net/story/gobierno-rebajara-requisitos-nacionalidad-inmigrantes-sin,3064331,26082791,76,2.0,--386021--,2019-01-06T22:52:51+00:00,0,10,#2 No sabía yo que Vox discriminaba entre inmigrantes... El que vote a Vox lo que quiere es que no vengan de fuera por mucho o poco título que tengan.Si no opinan así pueden votar al PP en lugar de a Vox
inmigracion,https://www.meneame.net/story/gobierno-rebajara-requisitos-nacionalidad-inmigrantes-sin,3064331,26082788,75,32.0,LokoYo_,2019-01-06T22:52:19+00:00,2,12,"#32 Hola. La gente viviendo en Cataluña sin saber leer, escribir o hablar catalan, generalmente leen, escriben y hablan otra lengua oficial de la comunidad Catalana, que nada le impide para hacer una vida como ciudadano integrado."
inmigracion,https://www.meneame.net/story/gobierno-rebajara-requisitos-nacionalidad-inmigrantes-sin,3064331,26082785,74,8.0,--568172--,2019-01-06T22:52:03+00:00,2,19,"#8 Sospecho que ni sale más barato ni está en las manos del gobierno la posibilidad de hacerlo. Que sí, que a mí personalmente me parece bien que den pasta para pañales y comida cuando alguien decida tener un hijo (La pirámide de población española es la que es), pero si al final resulta que esa persona hasta entrados los 40 (y suponiendo que tenga suerte) ni tiene trabajo estable, ni tiene domicilio fijo, etc. pues no va a tomar la decisión basándose solo en dicha ayuda. Los inmigrantes son un valor seguro en el momento en que traen a sus propias familias o toman mayores riesgos a la hora de tener hijos. Quieras que no, negar la necesidad de adaptarnos a las nuevas sociedades multiculturales es un poco ir en contra de la realidad."
inmigracion,https://www.meneame.net/story/gobierno-rebajara-requisitos-nacionalidad-inmigrantes-sin,3064331,26082784,73,45.0,Ovlak,2019-01-06T22:51:37+00:00,4,36,"#45 Ahí, ahí, insultando a los votantes. Seguro que es algo que nunca has criticado. Ups, no hace ni un mes:
https://www.meneame.net/story/pedro-sanchez-quiere-reformar-constitucion-incluir-igualdad/c078#c-78
Consejos vendo..."
inmigracion,https://www.meneame.net/story/gobierno-rebajara-requisitos-nacionalidad-inmigrantes-sin,3064331,26082783,72,71.0,DORAP,2019-01-06T22:51:37+00:00,1,19,"#71 Ya, así funciona eso, no existen las certificaciones médicas ni nada de eso."
inmigracion,https://www.meneame.net/story/gobierno-rebajara-requisitos-nacionalidad-inmigrantes-sin,3064331,26082775,71,60.0,meritonciokin,2019-01-06T22:49:42+00:00,4,35,"#60  Algo así debe ser lo de los problemas de aprendizaje. - Hola, ¿cuál es su problema de aprendizaje por el cual no sabe usted nada de español tras años aquí?

- Es un problema de la zona del perineo, basicamente que no me sale de los cojones."
inmigracion,https://www.meneame.net/story/gobierno-rebajara-requisitos-nacionalidad-inmigrantes-sin,3064331,26082773,70,4.0,Penrose,2019-01-06T22:49:35+00:00,4,30,"#4 Es que se lo ponen en bandeja, pfff, es desesperante. Ya es que se qué más queda por hacer para que dejen de hacer estas gilipolleces."
inmigracion,https://www.meneame.net/story/gobierno-rebajara-requisitos-nacionalidad-inmigrantes-sin,3064331,26082772,69,2.0,--593244--,2019-01-06T22:49:14+00:00,9,68,"#2 Yo les votaría, si no fuese porque:

1) Siendo cachorros del PP, probablemente robarán como el que más.
2) Su discurso contra la LIVG lo acabarán suavizando, o por el contrario igualarán hacia abajo y no destinarán ningún recurso a la violencia doméstica.
3) Con los inmigrantes ilegales a los que no puedan echar inmediatamente cometerán abusos propios de países a los que España no debería imitar.
4) Si cumplen con lo que prometen y se cargan las autonomías, no va a haber barcos suficientes para todos los piolines que harán falta.
5) En la práctica acabarán con la educación pública.
6) El sector público empresarial pasará a ser las empresas privadas de los amigos de Abascal.
7) No me gusta el color verde."
inmigracion,https://www.meneame.net/story/gobierno-rebajara-requisitos-nacionalidad-inmigrantes-sin,3064331,26082767,68,,zurde,2019-01-06T22:48:31+00:00,3,36,Peor no se puede hacer. Luego hacemos un truqui con el CIS y nos lo creemos. La hostia va a ser épica
inmigracion,https://www.meneame.net/story/gobierno-rebajara-requisitos-nacionalidad-inmigrantes-sin,3064331,26082764,67,19.0,DORAP,2019-01-06T22:48:21+00:00,17,62,"#19 Si eres ingeniero atómico o analfabeto, los requisitos serán los mismos. Vivir legalmente 10 años en España y pasar una prueba de conocimiento básico.

Deberías ser el peor ingeniero o doctorado para no superar la prueba.
Si eres analfabeto te harán una prueba oral.
Si eres síndrome de down, te harán una prueba más sencilla.

En todo caso, tu permiso de residencia no se verá afectado.

¿Cuál es el puto problema? ¿Tantos inmigrantes analfabetos capaces de vivir legalmente en España durante una década conoces?

""¡¡Uuuuuh, estos socialistas dentro de cuatro años llenan España de moros analfabetos!!"""
inmigracion,https://www.meneame.net/story/gobierno-rebajara-requisitos-nacionalidad-inmigrantes-sin,3064331,26082761,66,24.0,meritonciokin,2019-01-06T22:48:00+00:00,0,9,#24 Les están haciendo una campaña cojonuda.
inmigracion,https://www.meneame.net/story/gobierno-rebajara-requisitos-nacionalidad-inmigrantes-sin,3064331,26082759,65,59.0,--495817--,2019-01-06T22:47:49+00:00,0,15,#59  {palm}
inmigracion,https://www.meneame.net/story/gobierno-rebajara-requisitos-nacionalidad-inmigrantes-sin,3064331,26082758,64,54.0,Kyonde,2019-01-06T22:47:44+00:00,0,7,"#54 La especialidad de ""Tecnología, Informática y Procesos industriales""."
inmigracion,https://www.meneame.net/story/gobierno-rebajara-requisitos-nacionalidad-inmigrantes-sin,3064331,26082757,63,61.0,--172335--,2019-01-06T22:47:43+00:00,4,30,"#61 Lo malo que no nos pagan por los licenciados, de hecho pagamos su educación, sino seríamos ricos."
inmigracion,https://www.meneame.net/story/gobierno-rebajara-requisitos-nacionalidad-inmigrantes-sin,3064331,26082753,62,14.0,Aokromes,2019-01-06T22:46:57+00:00,1,10,"#14 tengo un vecino que no entiendo como tiene la nacionalidad ya que es casi incapaz de hablar una sola palabra en castellano, y ya te digo yo que no se la dio sanchez. (y no es rico ni famoso)"
inmigracion,https://www.meneame.net/story/gobierno-rebajara-requisitos-nacionalidad-inmigrantes-sin,3064331,26082745,61,53.0,winkie,2019-01-06T22:45:42+00:00,4,31,#53 Cuando un país exporta al extranjero más de lo que importa ... ¡significa que su economía es la hostia! {troll}
inmigracion,https://www.meneame.net/story/gobierno-rebajara-requisitos-nacionalidad-inmigrantes-sin,3064331,26082742,60,,DORAP,2019-01-06T22:45:23+00:00,4,31,"Sensacionalista. No se rebajan los requisitos de nacionalidad, esos se mantienen intactos. En todo caso se adaptan las pruebas de conocimiento a gente que tenga acreditados problemas de aprendizaje.

La forma más común de obtención de la nacionalidad es por residencia, y estos son los requisitos: La Nacionalidad por Residencia es una forma de adquisición de la nacionalidad que exige la residencia del extranjero en España durante diez años de forma legal, continuada e inmediatamente anterior a la petición. La, prueba de conocimiento es básicamente un trámite y un arma que normalmente usan gobiernos de izquierda y derecha para abrir más o menos la puerta a la nacionalidad española. Se le de a esa persona la nacionalidad o no, va a seguir estando aquí. Así que olvidaos de efectos llamada u inmigración de baja calidad.

Mi opinión: ¿Cuántos analfabetos hay en España? ¿Cuántos inmigrantes analfabetos? Son tal minoría, que no me parece mal que, si cumplen los requisitos, se les haga una prueba oral en lugar de escrita."
inmigracion,https://www.meneame.net/story/gobierno-rebajara-requisitos-nacionalidad-inmigrantes-sin,3064331,26082741,59,5.0,--172335--,2019-01-06T22:45:11+00:00,7,59,#5 46 millones de habitantes no son pocos. Y son muchisimos si gran parte del país está deshabitado y todos se concentran en determinadas zonas. Lo que pasa es que el sistema de pensiones tal cual es en España va a colapsar porque no tiene sentido que los jóvenes paguen las pensiones de los mayores. Las pensiones de cada cual debería cubrirse con lo que cada persona ha ido cotizando para sí mismo.
inmigracion,https://www.meneame.net/story/gobierno-rebajara-requisitos-nacionalidad-inmigrantes-sin,3064331,26082739,58,47.0,--495817--,2019-01-06T22:44:10+00:00,0,15,"#47 anda majo, léete el resto de los comentarios."
inmigracion,https://www.meneame.net/story/gobierno-rebajara-requisitos-nacionalidad-inmigrantes-sin,3064331,26082737,57,,--55399--,2019-01-06T22:43:56+00:00,0,8,"Eso eso, analfabetos los quiero yo que creerán que van a viajar en Falcon con su querida y la perrita. {lol} {lol}"
inmigracion,https://www.meneame.net/story/gobierno-rebajara-requisitos-nacionalidad-inmigrantes-sin,3064331,26082732,56,,--523785--,2019-01-06T22:42:44+00:00,0,8,Bien! Necesitamos más votantes del PP! (Meneame style)
inmigracion,https://www.meneame.net/story/gobierno-rebajara-requisitos-nacionalidad-inmigrantes-sin,3064331,26082731,55,,Pancar,2019-01-06T22:42:44+00:00,2,30,"Cuánto clasismo en los comentarios.
#54 Imagino que será la especialidad de tecnología y procesos industriales."
inmigracion,https://www.meneame.net/story/gobierno-rebajara-requisitos-nacionalidad-inmigrantes-sin,3064331,26082730,54,40.0,RaistlinMajere,2019-01-06T22:42:18+00:00,1,13,"#40
¿Qué es TIPI? Lo he googleado y no consigo encontrarlo"
inmigracion,https://www.meneame.net/story/gobierno-rebajara-requisitos-nacionalidad-inmigrantes-sin,3064331,26082726,53,1.0,--172335--,2019-01-06T22:40:43+00:00,106,652,#1 España es exportadora de titulados superiores e importadora de personas sin estudios. Nada puede salir mal.
inmigracion,https://www.meneame.net/story/gobierno-rebajara-requisitos-nacionalidad-inmigrantes-sin,3064331,26082720,52,,Nathaniel.Maris,2019-01-06T22:39:43+00:00,0,7,No hay nacionalidad Catalana.
inmigracion,https://www.meneame.net/story/gobierno-rebajara-requisitos-nacionalidad-inmigrantes-sin,3064331,26082718,51,,BanThis,2019-01-06T22:39:00+00:00,2,27,Importaremos analfabetos para que nuestros políticos se sientan más listos que la media.
inmigracion,https://www.meneame.net/story/gobierno-rebajara-requisitos-nacionalidad-inmigrantes-sin,3064331,26082710,50,,jcornelius,2019-01-06T22:38:05+00:00,0,7,Ya no tendrá vox ningún  argumento para  criticar la emigración. Perfecto.
inmigracion,https://www.meneame.net/story/gobierno-rebajara-requisitos-nacionalidad-inmigrantes-sin,3064331,26082709,49,9.0,TXTSpake,2019-01-06T22:38:01+00:00,0,6,"#9 Tienes razón, que conste, pero es que eso de no ganar lo suficiente para vivir, no se dá sólo en España, ¿eh? En general, y teniendo en cuenta un trabajador en un puesto normal, en casi toda Europa ganas para pagar gastos y poco más, ¿eh? (Pensando en tener un apartamento pequeño y no estar viviendo en un piso compartido)."
inmigracion,https://www.meneame.net/story/gobierno-rebajara-requisitos-nacionalidad-inmigrantes-sin,3064331,26082705,48,,--585030--,2019-01-06T22:36:28+00:00,4,42,Un par de leyes mas de estas y dos o tres entrevistas a Carmen Calvo y VOX mayoría absoluta.
inmigracion,https://www.meneame.net/story/gobierno-rebajara-requisitos-nacionalidad-inmigrantes-sin,3064331,26082704,47,5.0,meritonciokin,2019-01-06T22:36:16+00:00,16,126,"#5 ¿Y la solución es importar pobreza? Quizas si ayudas a las familias de aquí a poder tener y criar niños y no me refiero a temas económicos exclusivamente, sino a poder conciliar vida laboral y familiar, etc...

Pero no, mejor importemos medio tercer mundo ¿qué podía salir mal?"
inmigracion,https://www.meneame.net/story/gobierno-rebajara-requisitos-nacionalidad-inmigrantes-sin,3064331,26082699,46,,--83453--,2019-01-06T22:35:50+00:00,0,6,¿No quedamos en que no queremos que nos quiten el trabajo? ¡pues mejor analfabetos! asi solo pueden dedicarse a la política {shame}
inmigracion,https://www.meneame.net/story/gobierno-rebajara-requisitos-nacionalidad-inmigrantes-sin,3064331,26082697,45,22.0,--136355--,2019-01-06T22:35:32+00:00,17,131,"#22 Los analfabetos es más fácil que voten al PSOE o a sus socios de gobierno, por eso los quieren"
inmigracion,https://www.meneame.net/story/gobierno-rebajara-requisitos-nacionalidad-inmigrantes-sin,3064331,26082691,44,32.0,--593293--,2019-01-06T22:34:09+00:00,9,76,"#032 Pero no hay pasaporte catalán, como no ha pasaporte extremeño.
No hay que ser muy listo para ver que tu ejemplo es una chorrada."
inmigracion,https://www.meneame.net/story/gobierno-rebajara-requisitos-nacionalidad-inmigrantes-sin,3064331,26082682,43,19.0,Dain,2019-01-06T22:32:33+00:00,0,10,"#19 erróneo, esos tienen estudios"
inmigracion,https://www.meneame.net/story/gobierno-rebajara-requisitos-nacionalidad-inmigrantes-sin,3064331,26082185,42,35.0,Kyonde,2019-01-06T21:03:15+00:00,2,22,"#35 Yo creo lo contrario. Sigue de campaña y esta medida va mas enfocada a bipolarizar otra vez las elecciones como antaño ,en beneficio de su partido. El bloque de los ""buenos"" contra el bloque de los ""malos""."
inmigracion,https://www.meneame.net/story/gobierno-rebajara-requisitos-nacionalidad-inmigrantes-sin,3064331,26082088,41,13.0,--598473--,2019-01-06T20:48:01+00:00,2,18,"#13 Yeah! Yo conozco 0 ingenieros que trabajen de camareros. En cambio, todos conocemos licenciados en humanidades que trabajan de camareros. Peroooo esto sería una crítica a la planificación educativa módulo  mercado laboral (n módulo m), pero no es una crítica válida ni al mundo laboral, ni al mundo académico. 

Esto sería (por mi parte) una crítica al personal que trabaja de camarero teniendo conocimientos (en teoría) que permiten acceder a un puesto de trabajo mejor remunerado en algún lugar de las denominadas democracias homologadas ."
inmigracion,https://www.meneame.net/story/gobierno-rebajara-requisitos-nacionalidad-inmigrantes-sin,3064331,26082069,40,10.0,Kyonde,2019-01-06T20:45:28+00:00,1,13,"#10 Se van para conseguir un sueldo mas alto porque aqui cobran igual que un camarero, no para encontrar trabajo distinto. En la especialidad TIPI del master de profesorado lo que mas me sorprendió fue  la tasa de empleo de los compañeros con un 90% trabajando (por eso ponian el turno TIPI integramente por la tarde) , mientras otras especialidades no llegaba al 30% y creo que las estadísticas dicen mas o menos lo mismo a nivel general.  De los 40 alumnos no había ningún camarero {roll}"
inmigracion,https://www.meneame.net/story/gobierno-rebajara-requisitos-nacionalidad-inmigrantes-sin,3064331,26082058,39,,--598473--,2019-01-06T20:43:37+00:00,4,35,"Venga, como tenemos ya pocos ignorantes escupidos del sistema educativo, un par de volquetes más de estúpidos, a ver si pillamos alguno votos. Qué podría salir mal? {troll}"
inmigracion,https://www.meneame.net/story/gobierno-rebajara-requisitos-nacionalidad-inmigrantes-sin,3064331,26082049,38,,--117674--,2019-01-06T20:42:26+00:00,2,26,Importando votos porque saben que los de aquí no les van a votar ni con un palo
inmigracion,https://www.meneame.net/story/gobierno-rebajara-requisitos-nacionalidad-inmigrantes-sin,3064331,26081691,37,23.0,--80628--,2019-01-06T19:43:52+00:00,4,21,"#23 Un sueldo digno no es ninguna ayuda. Una guardería pública tampoco. 
No hacen falta ayudas. Hace falta corregir otras cosas. Limosna que la dé la iglesia si quiere."
inmigracion,https://www.meneame.net/story/gobierno-rebajara-requisitos-nacionalidad-inmigrantes-sin,3064331,26081572,36,7.0,EISev,2019-01-06T19:23:36+00:00,0,10,"#7 el sueldo de ingeniero ya está bajo mínimos, ahora toca bajar el de las chachas"
inmigracion,https://www.meneame.net/story/gobierno-rebajara-requisitos-nacionalidad-inmigrantes-sin,3064331,26081240,35,,--597337--,2019-01-06T18:32:55+00:00,8,64,"Parece que Pedro Sánchez está empeñado en perder las elecciones.

Sabe perfectamente que esto no gusta a la gente y aún así prefiere que venga gente que no tiene ni idea de nuestra cultura y forma de vivir a ayudar a que la gente de aquí tenga hijos. 

Pedro la estás cagando."
inmigracion,https://www.meneame.net/story/gobierno-rebajara-requisitos-nacionalidad-inmigrantes-sin,3064331,26081230,34,,igorymi,2019-01-06T18:30:59+00:00,7,57,Menos mal. Hace falta más gente ignorante que tenemos pocos. {troll}
inmigracion,https://www.meneame.net/story/gobierno-rebajara-requisitos-nacionalidad-inmigrantes-sin,3064331,26081207,33,,squanchy,2019-01-06T18:27:13+00:00,10,85,"Lo que debe contar es la integración de esa persona en la sociedad española, y punto. De nada vale que sepa las vergonzosas preguntas del examen de nacionalidad que ni siquiera un español sabe contestar. Que una persona sea analfabeta o simplemente tonta, no debería ser un impedimento para obtener la nacionalidad.
La integración puede medirse viendo si tiene trabajo estable, si tiene amigos españoles y no se ciñe a su grupo de inmigrantes, si no ha tenido problemas de convivencia/judiciales/policiales el tiempo que lleva aquí, y otras medidas que los expertos podrán analizar mejor que mi modesta opinión."
inmigracion,https://www.meneame.net/story/gobierno-rebajara-requisitos-nacionalidad-inmigrantes-sin,3064331,26081148,32,14.0,--541279--,2019-01-06T18:15:23+00:00,1,20,"#14 
Pues igual que hay gente viviendo en Cataluña sin saber leer, escribir o hablar catalán.
Nótese que he captado el sarcasmo en tu mensaje. Solo quería poner un contraejemplo dentro de la misma península ibérica para cualquiera que argumente eso ."
inmigracion,https://www.meneame.net/story/gobierno-rebajara-requisitos-nacionalidad-inmigrantes-sin,3064331,26079465,31,6.0,daaetur,2019-01-06T13:23:39+00:00,1,13,#6 Seremos analfaburros {shit}
inmigracion,https://www.meneame.net/story/gobierno-rebajara-requisitos-nacionalidad-inmigrantes-sin,3064331,26078888,30,27.0,--392870--,2019-01-06T11:49:59+00:00,13,112,"#27 Efectivamente. Con los analfabetos generados por la LOGSE, LOE Y LOMCE está el cupo hecho."
inmigracion,https://www.meneame.net/story/gobierno-rebajara-requisitos-nacionalidad-inmigrantes-sin,3064331,26078620,29,14.0,--588829--,2019-01-06T11:07:59+00:00,1,14,#14 Pues me parece una vergüenza si le dan la nacionalidad a Bale sin saber castellano por mucha pasta que tenga.
inmigracion,https://www.meneame.net/story/gobierno-rebajara-requisitos-nacionalidad-inmigrantes-sin,3064331,26078422,28,7.0,tul,2019-01-06T10:41:05+00:00,1,24,#7 a los de vox la gente con estudios les gusta igual de poco que los que tienen la piel algo mas oscura que ellos.
inmigracion,https://www.meneame.net/story/gobierno-rebajara-requisitos-nacionalidad-inmigrantes-sin,3064331,26078421,27,,--32547--,2019-01-06T10:41:01+00:00,14,10,Por aquí unos clasistas que piensan que alguien que no ha tenido la oportunidad de estudiar no tiene derecho a ser español y muy español. Porque todos los españoles son ingenieros y doctores.
inmigracion,https://www.meneame.net/story/gobierno-rebajara-requisitos-nacionalidad-inmigrantes-sin,3064331,26078415,26,6.0,tul,2019-01-06T10:40:27+00:00,2,23,#6 habla por ti
inmigracion,https://www.meneame.net/story/gobierno-rebajara-requisitos-nacionalidad-inmigrantes-sin,3064331,26078100,25,24.0,Tensk,2019-01-06T09:50:02+00:00,38,283,"#24 Vox tiene unas cuantas propuestas que nadie en su sano juicio aceptaría. Pero tiene otras de puro sentido común.

Y los demás le hacen la campaña."
inmigracion,https://www.meneame.net/story/gobierno-rebajara-requisitos-nacionalidad-inmigrantes-sin,3064331,26078040,24,7.0,--170383--,2019-01-06T09:39:59+00:00,16,121,"#7 Vox no esta haciendo nada para ganar votos, es la propia izquierda  que se lo gana a pulso. {troll}"
inmigracion,https://www.meneame.net/story/gobierno-rebajara-requisitos-nacionalidad-inmigrantes-sin,3064331,26077905,23,9.0,--588829--,2019-01-06T09:14:22+00:00,2,22,#9 Eso que dices son ayudas para las familias.
inmigracion,https://www.meneame.net/story/gobierno-rebajara-requisitos-nacionalidad-inmigrantes-sin,3064331,26077733,22,5.0,--586887--,2019-01-06T08:38:24+00:00,31,224,#5 repoblarlo con gente que no sea analfabeta
inmigracion,https://www.meneame.net/story/gobierno-rebajara-requisitos-nacionalidad-inmigrantes-sin,3064331,26077730,21,,miquelet_1981,2019-01-06T08:37:24+00:00,41,250,"Excelente. De este modo tendremos a los mejores, a los más valientes, a lo mejor de cada casa. 
Nos va a quedar un pais fino fino."
inmigracion,https://www.meneame.net/story/gobierno-rebajara-requisitos-nacionalidad-inmigrantes-sin,3064331,26077664,20,2.0,Raul_pm,2019-01-06T08:21:46+00:00,14,118,#2 Y te dejas un cero amigo
inmigracion,https://www.meneame.net/story/gobierno-rebajara-requisitos-nacionalidad-inmigrantes-sin,3064331,26077591,19,1.0,TocTocToc,2019-01-06T07:56:29+00:00,58,366,"#1 España facilitará la nacionalidad a:
a) Ingenieros
b) Doctorados
c) Analfabetos

Si necesidad de leer la noticia, quien conozca España acertará."
inmigracion,https://www.meneame.net/story/gobierno-rebajara-requisitos-nacionalidad-inmigrantes-sin,3064331,26077548,18,9.0,Ransa,2019-01-06T07:42:42+00:00,3,45,#9 Totalmente de acuerdo.
inmigracion,https://www.meneame.net/story/gobierno-rebajara-requisitos-nacionalidad-inmigrantes-sin,3064331,26077507,17,,--345413--,2019-01-06T07:20:57+00:00,19,138,"Luego que si los que hacen tal o cual son ""de nacionalidad española"".

Ya, ya..."
inmigracion,https://www.meneame.net/story/gobierno-rebajara-requisitos-nacionalidad-inmigrantes-sin,3064331,26077502,16,13.0,--495817--,2019-01-06T07:17:21+00:00,0,15,"#13  anda majo, lee otra vez lo que he escrito."
inmigracion,https://www.meneame.net/story/gobierno-rebajara-requisitos-nacionalidad-inmigrantes-sin,3064331,26077500,15,13.0,Baal,2019-01-06T07:16:41+00:00,16,134,#13 a mi me gusta que me sirvan las cañas con fina ironía quevediana
inmigracion,https://www.meneame.net/story/gobierno-rebajara-requisitos-nacionalidad-inmigrantes-sin,3064331,26077495,14,,--591524--,2019-01-06T07:11:57+00:00,3,18,"Como vamos a tener tipos con la nacionalidad si saber español!!!!! Terrible!!

A ver si Bale le van a dar la nacionalidad!!!!"
inmigracion,https://www.meneame.net/story/gobierno-rebajara-requisitos-nacionalidad-inmigrantes-sin,3064331,26077487,13,10.0,--587579--,2019-01-06T07:06:39+00:00,13,132,"#10 Otro mito. Yo de camareros conozco más a filólogos, licenciados bellas artes, licenciados en historia ..."
inmigracion,https://www.meneame.net/story/gobierno-rebajara-requisitos-nacionalidad-inmigrantes-sin,3064331,26077486,12,10.0,Tensk,2019-01-06T07:05:19+00:00,0,13,#10 Veo que me entiendes...
inmigracion,https://www.meneame.net/story/gobierno-rebajara-requisitos-nacionalidad-inmigrantes-sin,3064331,26077484,11,9.0,--587579--,2019-01-06T07:04:31+00:00,11,88,"#9 Con Rajoy , sabíamos a quien dirigir nuestras peticiones. Ahora ya , mejor caemos en generalidades ..."
inmigracion,https://www.meneame.net/story/gobierno-rebajara-requisitos-nacionalidad-inmigrantes-sin,3064331,26077471,10,7.0,--495817--,2019-01-06T06:53:26+00:00,30,236,"#7 no, si ingenieros ya tenemos en España, lo que pasa que se van a Alemania a cobrar sueldos dignos por qué no quieren trabajar de camareros."
inmigracion,https://www.meneame.net/story/gobierno-rebajara-requisitos-nacionalidad-inmigrantes-sin,3064331,26077465,9,8.0,--495817--,2019-01-06T06:50:13+00:00,88,573,"#8 mejor todavía, te propongo sueldos dignos para los obreros, guarderías públicas, ayudas para fomentar  la natalidad, escuelas públicas de calidad, conciliación laboral...
Pero cómo vivimos en un país de pandereta donde a un trabajador apenas le llega para pagar la hipoteca y la luz, pues no hay niños."
inmigracion,https://www.meneame.net/story/gobierno-rebajara-requisitos-nacionalidad-inmigrantes-sin,3064331,26077459,8,5.0,Ransa,2019-01-06T06:45:38+00:00,119,802,"#5 ¿Qué tal ayudas a familias para que se puedan permitir tener niños?
Sale más barato que vengan de fuera claro."
inmigracion,https://www.meneame.net/story/gobierno-rebajara-requisitos-nacionalidad-inmigrantes-sin,3064331,26077456,7,,Tensk,2019-01-06T06:44:38+00:00,70,527,"Ahí estamos, apoyando la llegada de ingenieros.

Vox estará contento."
inmigracion,https://www.meneame.net/story/gobierno-rebajara-requisitos-nacionalidad-inmigrantes-sin,3064331,26077444,6,,EuropeoDespierto,2019-01-06T06:34:07+00:00,53,355,aquellos solicitantes que no sepan leer ni escribir Somos retrasados
inmigracion,https://www.meneame.net/story/gobierno-rebajara-requisitos-nacionalidad-inmigrantes-sin,3064331,26077443,5,,--495817--,2019-01-06T06:33:18+00:00,13,-43,"Teniendo en cuenta la pirámide poblacional española, algo habrá que hacer para repoblar Españistan."
inmigracion,https://www.meneame.net/story/gobierno-rebajara-requisitos-nacionalidad-inmigrantes-sin,3064331,26077429,4,,Ransa,2019-01-06T06:18:01+00:00,77,527,"Qué desastre de izquierda, los de VoX deben de estar flipando, frotándose las manos.{wall}"
inmigracion,https://www.meneame.net/story/gobierno-rebajara-requisitos-nacionalidad-inmigrantes-sin,3064331,26077426,3,,pepel,2019-01-06T06:10:46+00:00,3,40,"Comprandonos votos,..."
inmigracion,https://www.meneame.net/story/gobierno-rebajara-requisitos-nacionalidad-inmigrantes-sin,3064331,26077423,2,,--170383--,2019-01-06T06:07:24+00:00,101,678,10.000 votos más para VOX.  {troll}
inmigracion,https://www.meneame.net/story/gobierno-rebajara-requisitos-nacionalidad-inmigrantes-sin,3064331,26077422,1,,Cerdogán,2019-01-06T06:06:56+00:00,101,670,¡Estupendo! ¿Qué podría ir mal?
