url_meneame,tema,estado,id_noticia_meneame,numero_comentarios,intentos,ultimo_error,actualizado_utc
https://www.meneame.net/story/10-bulos-sobre-migrantes-han-intentado-colarte-este-verano,inmigracion,no_disponible,,,2,404 Client Error: Not Found for url: https://www.meneame.net/story/10-bulos-sobre-migrantes-han-intentado-colarte-este-verano,2026-07-18T11:00:21.920323+00:00
https://www.meneame.net/story/2-000-inmigrantes-encerrados-sin-agua-comida-ni-acceso-bano-isla,inmigracion,ok,2463750,39,1,,2026-07-18T10:36:48.891023+00:00
https://www.meneame.net/story/23-desaparecidos-cadaver-peor-tragedia-pateras-decada-canarias,inmigracion,ok,2513091,13,1,,2026-07-18T10:36:49.614791+00:00
https://www.meneame.net/story/27-llegan-acuerdo-acogida-refugiados-solidaridad-20-000-euros-no,inmigracion,ok,3822142,7,1,,2026-07-18T10:36:50.324505+00:00
https://www.meneame.net/story/300-000-turistas-150-millones-hoteles-llenos-orgullo-gay-arrasa,lgtbi,ok,2440614,7,1,,2026-07-18T10:36:51.359906+00:00
https://www.meneame.net/story/36-jovenes-granada-cree-puede-curar-homosexualidad,lgtbi,ok,3188461,61,1,,2026-07-18T10:36:53.059121+00:00
https://www.meneame.net/story/400-inmigrantes-entran-ceuta-ilegalmente-traves-valla,inmigracion,no_disponible,,,2,404 Client Error: Not Found for url: https://www.meneame.net/story/400-inmigrantes-entran-ceuta-ilegalmente-traves-valla,2026-07-18T11:00:22.565777+00:00
https://www.meneame.net/story/400-metros-hasta-siria-regreso-cuerpos-refugiados-fallecidos,inmigracion,ok,3782014,0,3,,2026-07-18T11:16:59.311043+00:00
https://www.meneame.net/story/43-detenidos-malaga-desmantelar-grupo-dedicado-explotacion,inmigracion,ok,3766499,19,1,,2026-07-18T10:36:55.395894+00:00
https://www.meneame.net/story/66-espanoles-favor-controlar-mejor-fronteras-frente-refugiados,inmigracion,no_disponible,,,2,404 Client Error: Not Found for url: https://www.meneame.net/story/66-espanoles-favor-controlar-mejor-fronteras-frente-refugiados,2026-07-18T11:01:10.222485+00:00
https://www.meneame.net/story/83-150-refugiados-grecia-acoge-espana-llegaran-dias-24-25-mayo,inmigracion,ok,2615136,5,1,,2026-07-18T10:36:56.640852+00:00
https://www.meneame.net/story/95-emigrantes-espanoles-podria-quedar-sin-votar-proximas,inmigracion,ok,3073405,30,1,,2026-07-18T10:36:57.307586+00:00
https://www.meneame.net/story/abandonados-suelo-comisaria-inmigrantes-graves-deshidratados,inmigracion,ok,2563514,0,3,,2026-07-18T11:16:59.964960+00:00
https://www.meneame.net/story/abascal-compara-matrimonio-gay-union-dos-hermanas-viudas,lgtbi,ok,3110572,25,1,,2026-07-18T10:36:58.667085+00:00
https://www.meneame.net/story/abascal-costo-mas-dinero-madrilenos-cualquier-colectivo-lgtbi,lgtbi,ok,3077719,31,1,,2026-07-18T10:36:59.357081+00:00
https://www.meneame.net/story/abascal-costo-mas-dinero-madrilenos-cualquier-colectivo-lgtbi-1,lgtbi,ok,3149345,15,1,,2026-07-18T10:37:00.052342+00:00
https://www.meneame.net/story/abascal-harta-distorsiones-respetamos-gais-inmigrantes-mujeres,inmigracion|lgtbi,no_disponible,,,2,404 Client Error: Not Found for url: https://www.meneame.net/story/abascal-harta-distorsiones-respetamos-gais-inmigrantes-mujeres,2026-07-18T11:01:26.747833+00:00
https://www.meneame.net/story/abascal-no-intentaria-reconvertir-hijo-homosexual-querria-igual,lgtbi,no_disponible,,,2,404 Client Error: Not Found for url: https://www.meneame.net/story/abascal-no-intentaria-reconvertir-hijo-homosexual-querria-igual,2026-07-18T11:01:27.330237+00:00
https://www.meneame.net/story/abascal-ordena-cargos-gobiernos-autonomicos-opongan-acoger,inmigracion,ok,3871025,8,1,,2026-07-18T10:37:01.937852+00:00
https://www.meneame.net/story/abascal-plantea-marruecos-pague-muro-vox-reclama-ceuta-melilla,inmigracion,no_disponible,,,2,404 Client Error: Not Found for url: https://www.meneame.net/story/abascal-plantea-marruecos-pague-muro-vox-reclama-ceuta-melilla,2026-07-18T11:01:27.908165+00:00
https://www.meneame.net/story/abascal-sin-escrupulos-utiliza-ataque-algeciras-criminalizar,inmigracion,no_disponible,,,2,404 Client Error: Not Found for url: https://www.meneame.net/story/abascal-sin-escrupulos-utiliza-ataque-algeciras-criminalizar,2026-07-18T11:01:28.477223+00:00
https://www.meneame.net/story/abascal-sobre-orgullo-no-celebro-porque-soy-heterosexual-muchos,lgtbi,ok,3829129,140,1,,2026-07-18T10:37:03.853578+00:00
https://www.meneame.net/story/abdel-drama-inmigrantes-ni-siquiera-llegan-fronteras-europeas,inmigracion,ok,2372883,0,3,,2026-07-18T11:17:00.613327+00:00
https://www.meneame.net/story/abdul-invierte-campo-espanol-como-migrantes-estan-salvando-final,inmigracion,ok,3769499,91,1,,2026-07-18T10:37:05.214043+00:00
https://www.meneame.net/story/aborto-divorciados-homosexuales-ultimas-transgresiones-papa-leer,lgtbi,no_disponible,,,2,404 Client Error: Not Found for url: https://www.meneame.net/story/aborto-divorciados-homosexuales-ultimas-transgresiones-papa-leer,2026-07-18T11:01:44.919781+00:00
https://www.meneame.net/story/acnur-advierte-europa-no-esta-preparada-nuevo-flujo-refugiados,inmigracion,ok,2683794,13,1,,2026-07-18T10:37:06.513867+00:00
https://www.meneame.net/story/acnur-eleva-mas-200-inmigrantes-muertos-domingo-cuando-navegaban,inmigracion,ok,2352329,4,1,,2026-07-18T10:37:07.150403+00:00
https://www.meneame.net/story/acnur-niega-participar-expulsiones-refugiados-turquia,inmigracion,ok,2586082,15,1,,2026-07-18T10:37:07.801309+00:00
https://www.meneame.net/story/acuerdo-pp-vox-modifica-punto-sobre-derechos-lgtbi,lgtbi,ok,3143085,23,1,,2026-07-18T10:37:08.452593+00:00
https://www.meneame.net/story/acuerdo-ue-turquia-convierte-isla-lesbos-centro-detencion,inmigracion,ok,2586672,3,1,,2026-07-18T10:37:09.098597+00:00
https://www.meneame.net/story/afirmaciones-falsas-rocio-monasterio-sobre-sanidad-publica,inmigracion,ok,3164022,70,1,,2026-07-18T10:37:09.798241+00:00
https://www.meneame.net/story/agreden-madrid-pareja-homosexuales-tras-preguntarles-eran,lgtbi,ok,2467645,100,1,,2026-07-18T10:37:10.595497+00:00
https://www.meneame.net/story/agredida-pareja-gay-almeria,lgtbi,no_disponible,,,2,404 Client Error: Not Found for url: https://www.meneame.net/story/agredida-pareja-gay-almeria,2026-07-18T11:01:45.496268+00:00
https://www.meneame.net/story/agresion-homofoba-barcelona-pareja-gay-denucia-ataque-twitter,lgtbi,ok,3135978,24,1,,2026-07-18T10:37:11.873721+00:00
https://www.meneame.net/story/agricultor-preferido-pp-condenado-impagos-pendiente-juicio,inmigracion,no_disponible,,,2,404 Client Error: Not Found for url: https://www.meneame.net/story/agricultor-preferido-pp-condenado-impagos-pendiente-juicio,2026-07-18T11:01:46.059848+00:00
https://www.meneame.net/story/air-europa-vs-air-nostrum-batalla-altos-vuelos-deportaciones,inmigracion,ok,2691768,4,1,,2026-07-18T10:37:13.137756+00:00
https://www.meneame.net/story/ala-dura-tories-enfrenta-sunak-incumplir-promesas-contra-brexit,inmigracion,ok,3816667,7,1,,2026-07-18T10:37:13.805168+00:00
https://www.meneame.net/story/alarm-phone-asi-funciona-centralita-piden-socorro-pateras-desde,inmigracion,ok,3169085,214,1,,2026-07-18T10:37:14.671716+00:00
https://www.meneame.net/story/alcalde-madrid-niega-esto-sea-orillar-bandera-lgtbi,lgtbi,ok,3149565,28,1,,2026-07-18T10:37:15.322094+00:00
https://www.meneame.net/story/alcalde-musulman-prohibe-bandera-lgtbiq-edificios-publicos-tras,lgtbi,ok,3856326,56,1,,2026-07-18T10:37:15.997850+00:00
https://www.meneame.net/story/alcalde-musulman-retira-bandera-comunidad-lgtbiq-asi-agradeces,lgtbi,no_disponible,,,2,404 Client Error: Not Found for url: https://www.meneame.net/story/alcalde-musulman-retira-bandera-comunidad-lgtbiq-asi-agradeces,2026-07-18T11:01:46.648511+00:00
https://www.meneame.net/story/alcalde-nueva-york-reafirma-no-hay-espacio-mas-migrantes-ciudad,inmigracion,ok,3862742,7,1,,2026-07-18T10:37:17.222767+00:00
https://www.meneame.net/story/alemania-acabara-discriminacion-homosexuales-donar-sangre,lgtbi,ok,3767822,25,1,,2026-07-18T10:37:17.881660+00:00
https://www.meneame.net/story/alemania-detecta-centenares-matrimonios-menores-entre-refugiados,inmigracion,ok,2629031,37,1,,2026-07-18T10:37:18.564337+00:00
https://www.meneame.net/story/alemania-impone-controles-fronterizos-polonia-republica-checa,inmigracion,ok,3859578,8,1,,2026-07-18T10:37:19.233940+00:00
https://www.meneame.net/story/alemania-plantea-deportar-refugiados-sirios-regresan-visita-pais,inmigracion,ok,3171565,211,1,,2026-07-18T10:37:20.093060+00:00
https://www.meneame.net/story/alemania-plantea-recortar-fondos-paises-insolidarios-refugiados,inmigracion,ok,2478496,23,1,,2026-07-18T10:37:20.758135+00:00
https://www.meneame.net/story/alemania-propone-tasa-europea-gasolina-proteger-fronteras-crisis,inmigracion,ok,2546686,33,1,,2026-07-18T10:37:21.456900+00:00
https://www.meneame.net/story/alemania-restablece-controles-fronterizos-frenar-llegada,inmigracion,no_disponible,,,2,404 Client Error: Not Found for url: https://www.meneame.net/story/alemania-restablece-controles-fronterizos-frenar-llegada,2026-07-18T11:01:47.216393+00:00
https://www.meneame.net/story/alerta-terrorista-no-frena-viaje-500-espanoles-apoyar-refugiados,inmigracion,ok,3219220,8,1,,2026-07-18T10:37:22.839656+00:00
https://www.meneame.net/story/alfonso-guerra-hormiguero-dan-pena-humoristas-ya-no-pueden-ni,lgtbi,ok,3879335,189,1,,2026-07-18T10:37:23.697324+00:00
https://www.meneame.net/story/alianza-pp-vox-acelera-ofensiva-contra-colectivo-lgtbi,lgtbi,ok,3830233,40,1,,2026-07-18T10:37:24.357437+00:00
https://www.meneame.net/story/almeida-desoye-vox-colgara-bandera-lgtbi-ayuntamiento-durante,lgtbi,ok,3146604,17,1,,2026-07-18T10:37:25.013861+00:00
https://www.meneame.net/story/almeida-no-recuperara-bandera-lgtbi-orgullo-pero-tenira-cibeles,lgtbi,ok,3826200,28,1,,2026-07-18T10:37:25.698596+00:00
https://www.meneame.net/story/alumnas-identifican-lgtbifobia-clase-organizan-combatirla,lgtbi,no_disponible,,,2,404 Client Error: Not Found for url: https://www.meneame.net/story/alumnas-identifican-lgtbifobia-clase-organizan-combatirla,2026-07-18T11:01:47.792366+00:00
https://www.meneame.net/story/ama-casa-alien-contra-zombi-gay-cine-cutre-como-catarsis,lgtbi,ok,3774974,21,1,,2026-07-18T10:37:26.916103+00:00
https://www.meneame.net/story/amor-cuernos-historia-refugiados-italianos-girona-huyeron-hitler,inmigracion,ok,3131562,1,1,,2026-07-18T10:37:27.562622+00:00
https://www.meneame.net/story/ano-verguenza-espana-no-ha-acogido-ni-3-refugiados-pacto-union,inmigracion,no_disponible,,,2,404 Client Error: Not Found for url: https://www.meneame.net/story/ano-verguenza-espana-no-ha-acogido-ni-3-refugiados-pacto-union,2026-07-18T11:01:48.364300+00:00
https://www.meneame.net/story/antonio-moreno-actor-porno-gay-candidato-pp-pueblo-albacete-fue,lgtbi,no_disponible,,,2,404 Client Error: Not Found for url: https://www.meneame.net/story/antonio-moreno-actor-porno-gay-candidato-pp-pueblo-albacete-fue,2026-07-18T11:01:48.933517+00:00
https://www.meneame.net/story/arabia-saudi-ha-matado-cientos-migrantes-etiopes-frontera-yemen,inmigracion,no_disponible,,,2,404 Client Error: Not Found for url: https://www.meneame.net/story/arabia-saudi-ha-matado-cientos-migrantes-etiopes-frontera-yemen,2026-07-18T11:01:49.497373+00:00
https://www.meneame.net/story/arevalo-franco-no-ha-perseguido-nunca-ningun-gay,lgtbi,no_disponible,,,2,404 Client Error: Not Found for url: https://www.meneame.net/story/arevalo-franco-no-ha-perseguido-nunca-ningun-gay,2026-07-18T11:01:50.063028+00:00
https://www.meneame.net/story/arrestan-cuatro-jovenes-arabia-saudi-celebrar-fiesta-gay,lgtbi,ok,2553474,8,1,,2026-07-18T10:37:30.460067+00:00
https://www.meneame.net/story/arzobispo-canterbury-ataca-ley-gobierno-tory-contra-refugiados,inmigracion,ok,3812643,1,1,,2026-07-18T10:37:31.112043+00:00
https://www.meneame.net/story/arzobispo-valencia-dice-hay-escalada-imperio-gay-contra-familia,lgtbi,no_disponible,,,2,404 Client Error: Not Found for url: https://www.meneame.net/story/arzobispo-valencia-dice-hay-escalada-imperio-gay-contra-familia,2026-07-18T11:01:50.633280+00:00
https://www.meneame.net/story/asi-han-evolucionado-rutas-inmigracion-europa-graficos,inmigracion,ok,2710922,7,1,,2026-07-18T10:37:32.435002+00:00
https://www.meneame.net/story/asi-son-libros-lgtbi-escandalosos-vox-ha-ocultado-ninos-burriana,lgtbi,ok,3859881,179,1,,2026-07-18T10:37:33.258644+00:00
https://www.meneame.net/story/asociacion-lgtb-arremete-contra-iglesias-homenajear-che-fusilo,lgtbi,ok,3195183,42,1,,2026-07-18T10:37:33.949838+00:00
https://www.meneame.net/story/asociacion-nacional-lgtbi-abogacia-pide-sancionar-policia,lgtbi,ok,3839575,1,1,,2026-07-18T10:37:34.601675+00:00
https://www.meneame.net/story/assad-sobre-crisis-refugiados-europa-dejad-apoyar-terroristas,inmigracion,ok,2478482,189,1,,2026-07-18T10:37:35.497691+00:00
https://www.meneame.net/story/assange-pide-francia-asilo-hollande-descarta,inmigracion,ok,2440785,14,1,,2026-07-18T10:37:36.240535+00:00
https://www.meneame.net/story/asturias-acogera-refugiados-sirios-afectados-terromoto-turquia,inmigracion,ok,3787851,3,1,,2026-07-18T10:37:36.881872+00:00
https://www.meneame.net/story/asturias-region-inviable-sin-aporte-inmigrantes,inmigracion,ok,3216718,40,1,,2026-07-18T10:37:37.575160+00:00
https://www.meneame.net/story/atacan-centro-refugiados-alemania-granada-no-llega-estallar,inmigracion,ok,2554994,6,1,,2026-07-18T10:37:38.243466+00:00
https://www.meneame.net/story/atacante-ninos-franceses-fue-detenido-dijo-ser-cristiano-grito,inmigracion,ok,3822642,38,1,,2026-07-18T10:37:38.927026+00:00
https://www.meneame.net/story/atan-arbol-refugiado-tras-sacarle-supermercado-alemania,inmigracion,no_disponible,,,2,404 Client Error: Not Found for url: https://www.meneame.net/m/Cu%C3%B1adeame/atan-arbol-refugiado-tras-sacarle-supermercado-alemania,2026-07-18T11:01:51.254845+00:00
https://www.meneame.net/story/atletas-transgenero-no-podran-competir-competiciones,lgtbi,no_disponible,,,2,404 Client Error: Not Found for url: https://www.meneame.net/story/atletas-transgenero-no-podran-competir-competiciones,2026-07-18T11:01:51.817631+00:00
https://www.meneame.net/story/audaz-sale-sicilia-15-inmigrantes-bordo-pero-sin-camara-agencia,inmigracion,ok,3175431,23,1,,2026-07-18T10:37:40.770365+00:00
https://www.meneame.net/story/australia-economia-borde-abismo,inmigracion,ok,2445569,5,1,,2026-07-18T10:37:41.425755+00:00
https://www.meneame.net/story/australia-intento-disuadir-migrantes-pedir-asilo-horoscopos,inmigracion,ok,3227320,14,1,,2026-07-18T10:37:42.080813+00:00
https://www.meneame.net/story/austria-abre-fronteras-refugiados-son-recibidos-entre-aplausos,inmigracion,ok,2473744,11,1,,2026-07-18T10:37:42.729407+00:00
https://www.meneame.net/story/autor-asesinatos-nottingham-inmigrante-africano-problemas,inmigracion,ok,3824658,34,1,,2026-07-18T10:37:43.414688+00:00
https://www.meneame.net/story/aviones-salvamento-maritimo-llevan-mas-cinco-meses-sin-radar,inmigracion,ok,3075944,4,1,,2026-07-18T10:37:44.108751+00:00
https://www.meneame.net/story/ayuntamiento-logrono-vuelve-lucir-bandera-lgtbi-fachada,lgtbi,ok,3828875,14,1,,2026-07-18T10:37:44.796206+00:00
https://www.meneame.net/story/ayuntamiento-madrid-declara-interes-general-fiestas-orgullo-gay,lgtbi,ok,2639583,23,1,,2026-07-18T10:37:45.456257+00:00
https://www.meneame.net/story/ayuntamiento-palma-quita-banderas-feminista-lgtbi-centre-social,lgtbi,ok,3870184,8,1,,2026-07-18T10:37:46.175618+00:00
https://www.meneame.net/story/ayuntamiento-pp-vox-galapagar-retira-calle-bancos-bandera-lgtbi,lgtbi,ok,3836937,12,1,,2026-07-18T10:37:46.827607+00:00
https://www.meneame.net/story/ayuntamiento-propone-realojar-refugiados-zonas-especialmente,inmigracion,ok,3198267,37,1,,2026-07-18T10:37:47.488552+00:00
https://www.meneame.net/story/ayuso-rechaza-deriven-sin-avisar-inmigrantes-llegan-canarias-no,inmigracion,ok,3868628,19,1,,2026-07-18T10:37:48.150080+00:00
https://www.meneame.net/story/baja-participacion-podria-invalidar-referendum-sobre-acogida,inmigracion,no_disponible,,,2,404 Client Error: Not Found for url: https://www.meneame.net/story/baja-participacion-podria-invalidar-referendum-sobre-acogida,2026-07-18T11:01:52.389724+00:00
https://www.meneame.net/story/banderas-ue-media-asta-varios-ayuntamientos-politica-refugiados,inmigracion,ok,2583597,4,1,,2026-07-18T10:37:49.388561+00:00
https://www.meneame.net/story/banksy-vende-parte-obras-comprar-barco-rescate-inmigrantes,inmigracion,ok,3190996,130,1,,2026-07-18T10:37:50.150287+00:00
https://www.meneame.net/story/bar-valladolid-volvera-colocar-guirnalda-lgtbi-policia-insto,lgtbi,ok,3841897,77,1,,2026-07-18T10:37:50.910165+00:00
https://www.meneame.net/story/barca-perdio-440-000-seguidores-instagram-celebrar-orgullo,lgtbi,no_disponible,,,2,404 Client Error: Not Found for url: https://www.meneame.net/story/barca-perdio-440-000-seguidores-instagram-celebrar-orgullo,2026-07-18T11:01:52.951115+00:00
https://www.meneame.net/story/barcelona-vuelca-aladino-nespral-asturiano-abrio-primer-bar-gay,lgtbi,ok,3202741,1,1,,2026-07-18T10:37:52.107354+00:00
https://www.meneame.net/story/barco-41-inmigrantes-dirige-lampedusa-pese-veto-salvini,inmigracion,ok,3152652,77,1,,2026-07-18T10:37:52.820018+00:00
https://www.meneame.net/story/bastion-murciano-vox-empresarios-campo-kikos-miedo-migrante,inmigracion,ok,3121347,12,1,,2026-07-18T10:37:53.475156+00:00
https://www.meneame.net/story/batalla-tripoli-desata-infierno-centros-detencion-migrantes,inmigracion,ok,3113302,3,1,,2026-07-18T10:37:54.118507+00:00
https://www.meneame.net/story/batallon-sagrado-tebas-ejercito-amantes-homosexuales-humillo,lgtbi,no_disponible,,,2,404 Client Error: Not Found for url: https://www.meneame.net/story/batallon-sagrado-tebas-ejercito-amantes-homosexuales-humillo,2026-07-18T11:01:53.514011+00:00
https://www.meneame.net/story/bebe-hallada-roda-bera-murio-junto-madre-naufragio-patera-cerca,inmigracion,ok,3835971,7,1,,2026-07-18T10:37:55.361348+00:00
https://www.meneame.net/story/ben-hur-submarino-gay-semana-santa,lgtbi,ok,3798888,9,1,,2026-07-18T10:37:55.999976+00:00
https://www.meneame.net/story/berlin-identifica-18-demandantes-asilo-entre-detenidos-sexuales,inmigracion,ok,2541566,329,1,,2026-07-18T10:37:56.922484+00:00
https://www.meneame.net/story/bertin-osborne-pregunta-carmen-martinez-bordiu-franco-era,lgtbi,no_disponible,,,2,404 Client Error: Not Found for url: https://www.meneame.net/story/bertin-osborne-pregunta-carmen-martinez-bordiu-franco-era,2026-07-18T11:01:54.085729+00:00
https://www.meneame.net/story/bestial-paliza-20-menores-inmigrantes-dos-vigilantes-centro,inmigracion,no_disponible,,,2,404 Client Error: Not Found for url: https://www.meneame.net/story/bestial-paliza-20-menores-inmigrantes-dos-vigilantes-centro,2026-07-18T11:01:54.654303+00:00
https://www.meneame.net/story/biblia-homosexualidad-guia-lgtbiq-publica-visto-bueno-papa,lgtbi,no_disponible,,,2,404 Client Error: Not Found for url: https://www.meneame.net/story/biblia-homosexualidad-guia-lgtbiq-publica-visto-bueno-papa,2026-07-18T11:01:55.215633+00:00
https://www.meneame.net/story/bibliotecario-nego-rusia-destruir-libros-lgtbi-desamparado-sin,lgtbi,ok,3784770,39,1,,2026-07-18T10:37:59.403525+00:00
https://www.meneame.net/story/bienvenidos-jungla-territorio-sin-ley-averguenza-francia,inmigracion,ok,2492007,2,1,,2026-07-18T10:38:00.137770+00:00
https://www.meneame.net/story/blanca-garces-investigadora-cidob-historicamente-europa-situa,inmigracion,ok,3890335,9,1,,2026-07-18T10:38:00.775732+00:00
https://www.meneame.net/story/bolsonaro-suspende-fondos-publicos-estatales-destinados-lgtbi,lgtbi,ok,3173028,4,1,,2026-07-18T10:38:01.409797+00:00
https://www.meneame.net/story/bombas-pacto-manueco-gallardo-estallaran-feijoo-pin-parental,inmigracion,ok,3770702,9,1,,2026-07-18T10:38:02.047267+00:00
https://www.meneame.net/story/boris-johnson-apunta-mayoria-absoluta-sondeos,inmigracion,ok,3223277,114,1,,2026-07-18T10:38:02.797687+00:00
https://www.meneame.net/story/boris-johnson-avisa-devolvera-migrantes-ilegales-intenten-cruzar,inmigracion,ok,3173503,39,1,,2026-07-18T10:38:03.487277+00:00
https://www.meneame.net/story/boris-johnson-vuelve-permitir-ondee-bandera-gay-embajadas,lgtbi,no_disponible,,,2,404 Client Error: Not Found for url: https://www.meneame.net/story/boris-johnson-vuelve-permitir-ondee-bandera-gay-embajadas,2026-07-18T11:01:55.781452+00:00
https://www.meneame.net/story/borja-escalona-vuelve-intentar-irse-sin-pagar-esta-vez-libreria,lgtbi,no_disponible,,,2,404 Client Error: Not Found for url: https://www.meneame.net/story/borja-escalona-vuelve-intentar-irse-sin-pagar-esta-vez-libreria,2026-07-18T11:01:56.355631+00:00
https://www.meneame.net/story/borrell-precisa-leopoldo-lopez-no-puede-pedir-asilo-embajada,inmigracion,ok,3123200,26,1,,2026-07-18T10:38:05.310961+00:00
https://www.meneame.net/story/boyas-sierras-rio-grande-frenar-migrantes,inmigracion,no_disponible,,,2,404 Client Error: Not Found for url: https://www.meneame.net/story/boyas-sierras-rio-grande-frenar-migrantes,2026-07-18T11:01:56.920483+00:00
https://www.meneame.net/story/brunei-castigara-pena-muerte-lapidacion-sexo-gay-adulterio,lgtbi,ok,3104627,96,1,,2026-07-18T10:38:06.597093+00:00
https://www.meneame.net/story/brunei-dice-no-impondra-pena-muerte-homosexuales,lgtbi,no_disponible,,,2,404 Client Error: Not Found for url: https://www.meneame.net/story/brunei-dice-no-impondra-pena-muerte-homosexuales,2026-07-18T11:01:57.491037+00:00
https://www.meneame.net/story/bruselas-convierte-marruecos-socio-clave-combatir-inmigracion,inmigracion,ok,3821160,21,1,,2026-07-18T10:38:07.826121+00:00
https://www.meneame.net/story/bruselas-ofrece-gobiernos-pagar-eludir-acogida-refugiados,inmigracion,ok,2608427,6,1,,2026-07-18T10:38:08.469704+00:00
https://www.meneame.net/story/bruselas-pedira-miercoles-espana-reciba-15-000-refugiados-12,inmigracion,ok,2474070,17,1,,2026-07-18T10:38:09.147021+00:00
https://www.meneame.net/story/bruselas-prepara-recorte-ayuda-humanitaria-campos-refugiados,inmigracion,ok,2370156,2,1,,2026-07-18T10:38:09.798273+00:00
https://www.meneame.net/story/bruselas-propondra-reubicar-unos-120-000-refugiados-forma-ante,inmigracion,ok,2472687,15,1,,2026-07-18T10:38:10.488353+00:00
https://www.meneame.net/story/brutal-agresion-transexual-metro-paris,lgtbi,no_disponible,,,2,404 Client Error: Not Found for url: https://www.meneame.net/story/brutal-agresion-transexual-metro-paris,2026-07-18T11:01:58.058749+00:00
https://www.meneame.net/story/bulos-sobre-migrantes,inmigracion,ok,3173935,23,1,,2026-07-18T10:38:11.734224+00:00
https://www.meneame.net/story/cabecilla-avion-patera-palma-exultante-librarse-sedicion-viva,inmigracion,no_disponible,,,2,404 Client Error: Not Found for url: https://www.meneame.net/story/cabecilla-avion-patera-palma-exultante-librarse-sedicion-viva,2026-07-18T11:01:58.624890+00:00
https://www.meneame.net/story/cabreo-mohamed-vi-permitio-1-400-inmigrantes-colarse-espana,inmigracion,ok,3139292,10,1,,2026-07-18T10:38:12.949963+00:00
https://www.meneame.net/story/cae-gobierno-coalicion-paises-bajos-tras-imposicion-rutte-asilo,inmigracion,ok,3832553,15,1,,2026-07-18T10:38:13.605762+00:00
https://www.meneame.net/story/cae-malaga-red-dedicada-explotacion-laboral-migrantes-43,inmigracion,no_disponible,,,2,404 Client Error: Not Found for url: https://www.meneame.net/story/cae-malaga-red-dedicada-explotacion-laboral-migrantes-43,2026-07-18T11:01:59.197155+00:00
https://www.meneame.net/story/cae-red-prostitucion-transexuales-pisos-citas-madrid-barcelona,lgtbi,ok,3147823,17,1,,2026-07-18T10:38:14.855597+00:00
https://www.meneame.net/story/cae-trama-empresarios-explotaba-inmigrantes-ilegales-zaragoza,inmigracion,ok,3874414,2,1,,2026-07-18T10:38:15.496712+00:00
https://www.meneame.net/story/callejon-sin-salida-centros-control-refugiados,inmigracion,ok,2649345,0,3,,2026-07-18T11:17:01.274585+00:00
https://www.meneame.net/story/calvo-recuerda-open-arms-no-tiene-permiso-rescatar,inmigracion,no_disponible,,,2,404 Client Error: Not Found for url: https://www.meneame.net/story/calvo-recuerda-open-arms-no-tiene-permiso-rescatar,2026-07-18T11:02:15.684604+00:00
https://www.meneame.net/story/calvo-unir-feminismo-colectivo-lgtb-como-ir-mano-quien-disena,lgtbi,ok,3788227,25,1,,2026-07-18T10:38:17.507422+00:00
https://www.meneame.net/story/cambades-denuncia-acarreo-votos-desde-asilo,inmigracion,ok,3119707,34,1,,2026-07-18T10:38:18.206503+00:00
https://www.meneame.net/story/cambio-planes-audaz-navega-ahora-sicilia-donde-recogera-15,inmigracion,ok,3174412,10,1,,2026-07-18T10:38:18.877819+00:00
https://www.meneame.net/story/cameron-anuncia-policia-britanica-podra-confiscar-sueldos,inmigracion,no_disponible,,,2,404 Client Error: Not Found for url: https://www.meneame.net/story/cameron-anuncia-policia-britanica-podra-confiscar-sueldos,2026-07-18T11:02:16.249357+00:00
https://www.meneame.net/story/cameron-asegura-quiere-combatir-plaga-inmigrantes-quiere-entrar,inmigracion,ok,2455058,31,1,,2026-07-18T10:38:20.110732+00:00
https://www.meneame.net/story/cameron-habla-hollande-promete-perros-vallas-frenar-inmigrantes,inmigracion,no_disponible,,,2,404 Client Error: Not Found for url: https://www.meneame.net/story/cameron-habla-hollande-promete-perros-vallas-frenar-inmigrantes,2026-07-18T11:02:16.816588+00:00
https://www.meneame.net/story/campana-apoyo-refugiados-antena-3-cruz-roja,inmigracion,no_disponible,,,2,404 Client Error: Not Found for url: https://www.meneame.net/story/campana-apoyo-refugiados-antena-3-cruz-roja,2026-07-18T11:02:17.377556+00:00
https://www.meneame.net/story/campbell-johnstone-exjugador-all-blacks-rompe-tabu-anunciar-gay,lgtbi,ok,3775617,14,1,,2026-07-18T10:38:21.962654+00:00
https://www.meneame.net/story/canada-concluye-apenas-tres-meses-proceso-reubicacion-25-000,inmigracion,ok,2575321,11,1,,2026-07-18T10:38:22.601457+00:00
https://www.meneame.net/story/canarias-destinara-50-millones-recursos-acogida-menores,inmigracion,ok,3820092,8,1,,2026-07-18T10:38:23.263702+00:00
https://www.meneame.net/story/candidata-acuchillada-defender-refugiados-gana-elecciones,inmigracion,ok,2495309,61,1,,2026-07-18T10:38:23.939499+00:00
https://www.meneame.net/story/candidata-cs-marbella-empadrono-ultima-hora-piso-habitado,inmigracion,ok,3128311,6,1,,2026-07-18T10:38:24.646546+00:00
https://www.meneame.net/story/candidato-vox-albacete-hay-terapias-reconducir-gays-opone,lgtbi,no_disponible,,,2,404 Client Error: Not Found for url: https://www.meneame.net/story/candidato-vox-albacete-hay-terapias-reconducir-gays-opone,2026-07-18T11:02:17.947425+00:00
https://www.meneame.net/story/candidato-vox-insiste-homofobia-pareja-gay-nino-necesita-terapia,lgtbi,no_disponible,,,2,404 Client Error: Not Found for url: https://www.meneame.net/story/candidato-vox-insiste-homofobia-pareja-gay-nino-necesita-terapia,2026-07-18T11:02:18.525830+00:00
https://www.meneame.net/story/cantabria-confirma-rechazo-construir-centro-refugiados-camargo,inmigracion,ok,3842789,10,1,,2026-07-18T10:38:26.560797+00:00
https://www.meneame.net/story/cantante-mexicano-vicente-fernandez-rechaza-trasplante-temor-gay,lgtbi,ok,3124791,162,1,,2026-07-18T10:38:27.402229+00:00
https://www.meneame.net/story/cantante-rancheras-vicente-fernandez-rechazo-trasplante-miedo,lgtbi,no_disponible,,,2,404 Client Error: Not Found for url: https://www.meneame.net/story/cantante-rancheras-vicente-fernandez-rechazo-trasplante-miedo,2026-07-18T11:02:19.098560+00:00
https://www.meneame.net/story/cantautor-lluis-llach-declara-independentista-homosexual-no-vox,lgtbi,no_disponible,,,2,404 Client Error: Not Found for url: https://www.meneame.net/story/cantautor-lluis-llach-declara-independentista-homosexual-no-vox,2026-07-18T11:02:19.678058+00:00
https://www.meneame.net/story/capitales-provincia-gobernadas-pp-vox-retoman-impulso-coche,lgtbi,ok,3844928,36,1,,2026-07-18T10:38:29.235567+00:00
https://www.meneame.net/story/cara-asco-ayuso-cuando-preguntan-ira-orgullo-gay,lgtbi,ok,3131089,20,1,,2026-07-18T10:38:29.967207+00:00
https://www.meneame.net/story/cardenal-canizares-convertido-martir-tras-criticas-imperio-gay,lgtbi,no_disponible,,,2,404 Client Error: Not Found for url: https://www.meneame.net/story/cardenal-canizares-convertido-martir-tras-criticas-imperio-gay,2026-07-18T11:02:20.250181+00:00
https://www.meneame.net/story/cardenal-canizares-defiende-familia-cristiana-ante-escalada-gay,lgtbi,no_disponible,,,2,404 Client Error: Not Found for url: https://www.meneame.net/story/cardenal-canizares-defiende-familia-cristiana-ante-escalada-gay,2026-07-18T11:02:20.810478+00:00
https://www.meneame.net/story/carlos-diaz-xestal-humorista-incomodo-superventas-casete-ser,lgtbi,ok,3766984,4,1,,2026-07-18T10:38:31.778437+00:00
https://www.meneame.net/story/carmena-consigue-cifuentes-admita-ninos-refugiados-ser-operados,inmigracion,ok,2681870,17,1,,2026-07-18T10:38:32.435145+00:00
https://www.meneame.net/story/carmena-ve-lamentable-europa-solo-haya-acogido-272-refugiados,inmigracion,no_disponible,,,2,404 Client Error: Not Found for url: https://www.meneame.net/story/carmena-ve-lamentable-europa-solo-haya-acogido-272-refugiados,2026-07-18T11:02:21.378830+00:00
https://www.meneame.net/story/cartel-homofobo-nuevos-ministerios-madrid-plena-semana-orgullo,lgtbi,ok,3150250,24,1,,2026-07-18T10:38:33.682658+00:00
https://www.meneame.net/story/casa-nostra-casa-vostra-mensaje-gran-campana-favor-refugiados,inmigracion,no_disponible,,,2,404 Client Error: Not Found for url: https://www.meneame.net/story/casa-nostra-casa-vostra-mensaje-gran-campana-favor-refugiados,2026-07-18T11:02:21.941385+00:00
https://www.meneame.net/story/casado-vuelve-melilla-hablar-sobre-inmigracion-nos-llamaron-nos,inmigracion,ok,3062892,17,1,,2026-07-18T10:38:34.918502+00:00
https://www.meneame.net/story/casas-prefabricadas-acoger-hasta-200-refugiados,inmigracion,ok,3224962,4,1,,2026-07-18T10:38:35.559790+00:00
https://www.meneame.net/story/casi-1-300-migrantes-logran-llegar-tres-dias-isla-hierro-11-isla,inmigracion,no_disponible,,,2,404 Client Error: Not Found for url: https://www.meneame.net/story/casi-1-300-migrantes-logran-llegar-tres-dias-isla-hierro-11-isla,2026-07-18T11:02:22.504804+00:00
https://www.meneame.net/story/casi-25-inmigrantes-latinos-no-cobra-ni-600-euros-mes-espana,inmigracion,no_disponible,,,2,404 Client Error: Not Found for url: https://www.meneame.net/story/casi-25-inmigrantes-latinos-no-cobra-ni-600-euros-mes-espana,2026-07-18T11:02:23.068860+00:00
https://www.meneame.net/story/casi-900-inmigrantes-han-llegado-islas-10-dias,inmigracion,ok,3807675,12,1,,2026-07-18T10:38:37.350304+00:00
https://www.meneame.net/story/casi-centenar-migrantes-ha-muerto-febrero-intentando-llegar,inmigracion,ok,3781561,2,1,,2026-07-18T10:38:37.989202+00:00
https://www.meneame.net/story/casi-mil-migrantes-murieron-mar-primera-mitad-ano-intentando-ca,inmigracion,ok,3832012,2,1,,2026-07-18T10:38:38.625493+00:00
https://www.meneame.net/story/caso-menas-menores-cuidado-directora-vincula-inmigracion,inmigracion,ok,3822041,84,1,,2026-07-18T10:38:39.364237+00:00
https://www.meneame.net/story/castilla-leon-asilo-europa,inmigracion,ok,3228296,7,1,,2026-07-18T10:38:40.009297+00:00
https://www.meneame.net/story/centros-ocupados-atenas-ofrecen-vida-autonoma-refugiados,inmigracion,ok,2594362,0,3,,2026-07-18T11:17:01.908669+00:00
https://www.meneame.net/story/cerca-200-inmigrantes-logran-entrar-ceuta-tras-salto-vallado,inmigracion,ok,2691469,4,1,,2026-07-18T10:38:41.301996+00:00
https://www.meneame.net/story/ceuta-cierra-alojamientos-emergencia-ha-atendido-cientos-ninos,inmigracion,ok,3791096,2,1,,2026-07-18T10:38:41.941374+00:00
https://www.meneame.net/story/charlize-theron-afirma-hija-transgenero-tres-anos-miro-dijo-no,lgtbi,no_disponible,,,2,404 Client Error: Not Found for url: https://www.meneame.net/story/charlize-theron-afirma-hija-transgenero-tres-anos-miro-dijo-no,2026-07-18T11:02:39.579385+00:00
https://www.meneame.net/story/cheija-apatrida-espanoles-no-integre-hasta-quite-panuelo,inmigracion,no_disponible,,,2,404 Client Error: Not Found for url: https://www.meneame.net/story/cheija-apatrida-espanoles-no-integre-hasta-quite-panuelo,2026-07-18T11:02:40.146855+00:00
https://www.meneame.net/story/cheikh-vida-entre-mar-tierra-venir-patera-salvar-olas-nino,inmigracion,ok,3831302,3,1,,2026-07-18T10:38:43.865486+00:00
https://www.meneame.net/story/china-reitera-veto-matrimonio-gay-no-ajusta-tradiciones,lgtbi,ok,3172894,30,1,,2026-07-18T10:38:44.526204+00:00
https://www.meneame.net/story/china-reitera-veto-matrimonio-gay-no-ajusta-tradiciones-1,lgtbi,ok,3210676,12,1,,2026-07-18T10:38:45.179937+00:00
https://www.meneame.net/story/cien-personas-comunidad-lgtbi-euskal-herria-denuncian-israel,lgtbi,ok,3874305,32,1,,2026-07-18T10:38:45.853129+00:00
https://www.meneame.net/story/cientos-inmigrantes-quedan-situacion-calle-pocos-dias-llegar,inmigracion,ok,3869702,21,1,,2026-07-18T10:38:46.525017+00:00
https://www.meneame.net/story/cientos-migrantes-llegan-viena-toman-trenes-hacia-alemania,inmigracion,ok,2471133,4,1,,2026-07-18T10:38:47.178009+00:00
https://www.meneame.net/story/cientos-neonazis-gritan-espanoles-refugiados-no-marcha-hogar,inmigracion,ok,2617793,30,1,,2026-07-18T10:38:47.834839+00:00
https://www.meneame.net/story/cientos-refugiados-habrian-muerto-nuevo-naufragio-frente-libia,inmigracion,ok,2469322,20,1,,2026-07-18T10:38:48.543816+00:00
https://www.meneame.net/story/cierre-fronteras-refugiados-no-detiene-trafico-personas-europa,inmigracion,ok,2602937,4,1,,2026-07-18T10:38:49.218155+00:00
https://www.meneame.net/story/cies-deben-cerrar-injusto-retenga-alguien-solo-ser-inmigrante,inmigracion,ok,2433558,8,1,,2026-07-18T10:38:49.888533+00:00
https://www.meneame.net/story/cifuentes-quiere-carmena-fuera-madrid-tilda-demagogia-tema,inmigracion,ok,2473196,30,1,,2026-07-18T10:38:50.608551+00:00
https://www.meneame.net/story/cinco-cardenales-desafian-papa-piden-declare-publicamente-no,lgtbi,ok,3861421,18,1,,2026-07-18T10:38:51.263873+00:00
https://www.meneame.net/story/cinco-claves-entender-crisis-refugiados-video,inmigracion,ok,2473045,1,1,,2026-07-18T10:38:51.897217+00:00
https://www.meneame.net/story/cinco-leonas-transexuales-han-convertido-todo-fenomeno,lgtbi,ok,2682054,9,1,,2026-07-18T10:38:52.533795+00:00
https://www.meneame.net/story/cine-convierte-estrella-primer-futbolista-transexual-historia,lgtbi,no_disponible,,,2,404 Client Error: Not Found for url: https://www.meneame.net/story/cine-convierte-estrella-primer-futbolista-transexual-historia,2026-07-18T11:02:40.711114+00:00
https://www.meneame.net/story/circo-refugiados-rueda-prensa-consejera-familia-refugiados,inmigracion,no_disponible,,,2,404 Client Error: Not Found for url: https://www.meneame.net/story/circo-refugiados-rueda-prensa-consejera-familia-refugiados,2026-07-18T11:02:41.271347+00:00
https://www.meneame.net/story/ciudadanos-denuncia-fiscal-agresion-orgullo-gay-fue-organizada,lgtbi,ok,3154211,28,1,,2026-07-18T10:38:54.381199+00:00
https://www.meneame.net/story/ciudadanos-divide-colectivo-lgtb-llevar-banderas-arcoiris-contra,lgtbi,ok,3081516,28,1,,2026-07-18T10:38:55.047391+00:00
https://www.meneame.net/story/cnn-emite-error-30-minutos-porno-transexual,lgtbi,no_disponible,,,2,404 Client Error: Not Found for url: https://www.meneame.net/story/cnn-emite-error-30-minutos-porno-transexual,2026-07-18T11:02:41.832333+00:00
https://www.meneame.net/story/coalicion-conservadora-finlandia-detalla-programa-gobierno-como,inmigracion,ok,3825070,6,1,,2026-07-18T10:38:56.267515+00:00
https://www.meneame.net/story/colapso-sistema-asilo-agrava-solicitudes-pendientes-resolucion,inmigracion,ok,3143727,3,1,,2026-07-18T10:38:56.916778+00:00
https://www.meneame.net/story/colau-denuncia-ante-onu-inaccion-europea-frente-crisis,inmigracion,ok,2615051,4,1,,2026-07-18T10:38:57.566209+00:00
https://www.meneame.net/story/colau-instalara-barceloneta-contador-refugiados-fallecidos,inmigracion,no_disponible,,,2,404 Client Error: Not Found for url: https://www.meneame.net/story/colau-instalara-barceloneta-contador-refugiados-fallecidos,2026-07-18T11:02:42.410401+00:00
https://www.meneame.net/story/colau-llama-secuestradores-ninos-pp-medida-mujeres-migrantes,inmigracion,no_disponible,,,2,404 Client Error: Not Found for url: https://www.meneame.net/story/colau-llama-secuestradores-ninos-pp-medida-mujeres-migrantes,2026-07-18T11:02:42.998761+00:00
https://www.meneame.net/story/colau-propone-barcelona-integre-red-ciudades-refugio-paliar,inmigracion,ok,2470868,36,1,,2026-07-18T10:38:59.347050+00:00
https://www.meneame.net/story/colau-sustituye-concejalia-juventud-ciclo-vida-feminismos-lgtbi,lgtbi,ok,2431675,370,1,,2026-07-18T10:39:00.314805+00:00
https://www.meneame.net/story/colectivo-lgtb-arremete-contra-carmena-multar-orgullo-gay,lgtbi,no_disponible,,,2,404 Client Error: Not Found for url: https://www.meneame.net/story/colectivo-lgtb-arremete-contra-carmena-multar-orgullo-gay,2026-07-18T11:02:43.558657+00:00
https://www.meneame.net/story/coletivos-lgtbi-region-piden-no-acepten-propuestas-vox,lgtbi,ok,3141506,6,1,,2026-07-18T10:39:01.515314+00:00
https://www.meneame.net/story/como-caos-convirtio-libia-puerto-pirata-migracion-mediterraneo,inmigracion,ok,3174242,14,1,,2026-07-18T10:39:02.203304+00:00
https://www.meneame.net/story/como-distribuyen-refugiados-europa-peor-crisis-desde-ii-guerra,inmigracion,ok,2470418,57,1,,2026-07-18T10:39:02.907473+00:00
https://www.meneame.net/story/companera-inmigrante-dijo-conteste-pregunta-idioma-humano-normal,inmigracion,ok,3210184,18,1,,2026-07-18T10:39:03.573286+00:00
https://www.meneame.net/story/compra-armas-austria-dispara-llegada-refugiados,inmigracion,no_disponible,,,2,404 Client Error: Not Found for url: https://www.meneame.net/story/compra-armas-austria-dispara-llegada-refugiados,2026-07-18T11:02:44.131573+00:00
https://www.meneame.net/story/comunidad-madrid-abre-investigacion-sobre-terapias-curar-alcal,lgtbi,ok,3107008,10,1,,2026-07-18T10:39:04.800760+00:00
https://www.meneame.net/story/comunidades-autonomas-aceptan-reparto-360-menores-migrantes,inmigracion,ok,3864484,24,1,,2026-07-18T10:39:05.475513+00:00
https://www.meneame.net/story/concejal-pp-torrox-compara-migrantes-animales-dice-meten-tifus,inmigracion,ok,3869490,31,1,,2026-07-18T10:39:06.140270+00:00
https://www.meneame.net/story/condenado-casi-3-anos-prision-cargo-espana-2000-atribuyo-origen,lgtbi,ok,3891419,19,1,,2026-07-18T10:39:06.822696+00:00
https://www.meneame.net/story/condenado-delito-odio-menor-acometio-insulto-joven-lesbiana,lgtbi,ok,3172378,4,1,,2026-07-18T10:39:07.492590+00:00
https://www.meneame.net/story/condenado-siete-anos-carcel-traer-menor-patera-mallorca-robar,inmigracion,ok,3804374,4,1,,2026-07-18T10:39:08.174218+00:00
https://www.meneame.net/story/condenado-violar-inmigrante-eres-sin-papeles-yo-senor-espanol,inmigracion,ok,3086027,67,1,,2026-07-18T10:39:08.897095+00:00
https://www.meneame.net/story/condenan-cuatro-anos-carcel-escritora-china-publico-literatura,lgtbi,ok,3130317,21,1,,2026-07-18T10:39:09.613136+00:00
https://www.meneame.net/story/condenas-hasta-7-anos-carcel-celula-yihadista-llego-espana,inmigracion,ok,3863792,11,1,,2026-07-18T10:39:10.261872+00:00
https://www.meneame.net/story/condiciones-vox-investidura-murcia-fin-chiringuitos-limitar,lgtbi,ok,3140951,22,1,,2026-07-18T10:39:10.967311+00:00
https://www.meneame.net/story/conferencia-episcopal-apoya-obispo-reig-pla-alcala-cursos-sobre,lgtbi,no_disponible,,,2,404 Client Error: Not Found for url: https://www.meneame.net/story/conferencia-episcopal-apoya-obispo-reig-pla-alcala-cursos-sobre,2026-07-18T11:02:44.710231+00:00
https://www.meneame.net/story/congreso-rechaza-votos-pp-conceder-asilo-hassana-aalia,inmigracion,ok,2356536,9,1,,2026-07-18T10:39:12.209042+00:00
https://www.meneame.net/story/consejeria-cogam-rechazan-dar-datos-personas-talleres-lgtbi,lgtbi,ok,3155383,11,1,,2026-07-18T10:39:12.870332+00:00
https://www.meneame.net/story/constitucional-decidira-esta-semana-menores-transexuales-pueden,lgtbi,ok,3152447,79,1,,2026-07-18T10:39:13.604986+00:00
https://www.meneame.net/story/constitucional-dictamina-menores-transexuales-podran-cambiar,lgtbi,ok,3158053,12,1,,2026-07-18T10:39:14.360409+00:00
https://www.meneame.net/story/construccion-pide-agilizar-plan-emplearia-500-000-inmigrantes,inmigracion,ok,3786366,15,1,,2026-07-18T10:39:15.025566+00:00
https://www.meneame.net/story/contrario-catalan-ley-lgtbi-vacunas-asi-polemico-conseller-area,lgtbi,ok,3824731,180,1,,2026-07-18T10:39:15.882920+00:00
https://www.meneame.net/story/coordinador-accion-lgtbi-ugt-tras-ocurrido-vuelo-iberia-rocio-ha,lgtbi,ok,3880917,6,1,,2026-07-18T10:39:16.529091+00:00
https://www.meneame.net/story/copa-warren-homosexualidad-antigua-grecia,lgtbi,ok,3845228,26,1,,2026-07-18T10:39:17.216361+00:00
https://www.meneame.net/story/cordones-arcoiris-contra-tabu-homofobia-futbol,lgtbi,no_disponible,,,2,404 Client Error: Not Found for url: https://www.meneame.net/story/cordones-arcoiris-contra-tabu-homofobia-futbol,2026-07-18T11:02:45.279892+00:00
https://www.meneame.net/story/cortacabezas-patera-1,inmigracion,no_disponible,,,2,404 Client Error: Not Found for url: https://www.meneame.net/story/cortacabezas-patera-1,2026-07-18T11:02:45.845539+00:00
https://www.meneame.net/story/cortes-aragonesas-dejan-solo-vox-alegato-contra-inmigracion,inmigracion,ok,3882173,2,1,,2026-07-18T10:39:19.018404+00:00
https://www.meneame.net/story/coste-evitar-inmigracion-ue-desde-2014-mas-17-000-millones-euros,inmigracion,ok,2673114,11,1,,2026-07-18T10:39:19.700522+00:00
https://www.meneame.net/story/crean-universidad-falsa-eeuu-cazar-inmigrantes-sin-papeles,inmigracion,ok,3218175,7,1,,2026-07-18T10:39:20.381239+00:00
https://www.meneame.net/story/crisis-gobierno-macron-dimite-ministro-tras-aprobar-apoyo-ley,inmigracion,ok,3889055,2,1,,2026-07-18T10:39:21.036181+00:00
https://www.meneame.net/story/crisis-refugiados-inmigracion-espana-trece-preguntas-grafico,inmigracion,ok,2478831,0,3,,2026-07-18T11:17:02.589665+00:00
https://www.meneame.net/story/croacia-desbordada-llegada-masiva-refugiados-cierra-siete-pasos,inmigracion,ok,2480172,4,1,,2026-07-18T10:39:22.339018+00:00
https://www.meneame.net/story/cruz-roja-pide-voluntarios-peninsula-atender-miles-migrantes,inmigracion,ok,3866151,4,1,,2026-07-18T10:39:22.984225+00:00
https://www.meneame.net/story/cs-propone-expulsar-migrantes-irregulares-reincidentes-tres,inmigracion,no_disponible,,,2,404 Client Error: Not Found for url: https://www.meneame.net/story/cs-propone-expulsar-migrantes-irregulares-reincidentes-tres,2026-07-18T11:03:02.305589+00:00
https://www.meneame.net/story/cuando-politicos-culpan-inmigrantes-porque-han-quedado-sin,inmigracion,ok,3212264,28,1,,2026-07-18T10:39:24.222989+00:00
https://www.meneame.net/story/cuatro-detenidos-muerte-migrante-tiraron-mar-canos,inmigracion,ok,3883345,3,1,,2026-07-18T10:39:24.870835+00:00
https://www.meneame.net/story/cuatro-magrebies-recien-llegados-patera-puestos-libertad-asaltan,inmigracion,ok,3205653,36,1,,2026-07-18T10:39:25.570679+00:00
https://www.meneame.net/story/cuatro-migrantes-mueren-ahogados-tras-ser-arrojados-mar-cerca,inmigracion,ok,3881688,3,1,,2026-07-18T10:39:26.336417+00:00
https://www.meneame.net/story/cuatro-muertos-340-inmigrantes-rescatados-naufragio-cerca-creta,inmigracion,ok,2625137,2,1,,2026-07-18T10:39:26.975211+00:00
https://www.meneame.net/story/cuatro-muertos-diez-desaparecidos-naufragar-patera-estaba-deriva,inmigracion,ok,3217902,0,3,,2026-07-18T11:17:03.227571+00:00
https://www.meneame.net/story/cuatro-primos-kenitra-trafican-ninos-migrantes,inmigracion,ok,3108597,2,1,,2026-07-18T10:39:28.263975+00:00
https://www.meneame.net/story/cuento-extrema-derecha-bulos-migracion-natalidad-chivos,inmigracion,ok,3084583,16,1,,2026-07-18T10:39:28.923569+00:00
https://www.meneame.net/story/cumbre-paz-termina-sin-acuerdo-pero-certezas-paises-arabes-no,inmigracion,ok,3868378,41,1,,2026-07-18T10:39:29.590280+00:00
https://www.meneame.net/story/dan-paliza-entre-diez-pueblo-malaga-ser-homosexual,lgtbi,ok,3140995,148,1,,2026-07-18T10:39:30.390113+00:00
https://www.meneame.net/story/defensor-pueblo-abre-investigacion-patera-naufrago-rumbo,inmigracion,ok,3827506,3,1,,2026-07-18T10:39:31.043408+00:00
https://www.meneame.net/story/dejan-libertad-22-inmigrantes-avion-patera-tras-derogacion,inmigracion,no_disponible,,,2,404 Client Error: Not Found for url: https://www.meneame.net/story/dejan-libertad-22-inmigrantes-avion-patera-tras-derogacion,2026-07-18T11:03:18.875714+00:00
https://www.meneame.net/story/demografia-desmiente-casado-imposible-repuntar-nacimientos-sin,inmigracion,ok,3080174,24,1,,2026-07-18T10:39:32.267167+00:00
https://www.meneame.net/story/demoras-20-meses-malaga-tramitar-solicitudes-asilo,inmigracion,ok,3777730,3,1,,2026-07-18T10:39:32.899700+00:00
https://www.meneame.net/story/denuncia-trabajadores-migrantes-despues-mundial-qatar-tuve-pedir,inmigracion,ok,3831489,3,1,,2026-07-18T10:39:33.554393+00:00
https://www.meneame.net/story/denuncian-aparicion-carteles-llaman-erradicar-homosexuales,lgtbi,ok,3184886,34,1,,2026-07-18T10:39:34.208435+00:00
https://www.meneame.net/story/denuncian-masacre-migrantes-etiopes-manos-guardia-fronteriza,inmigracion,ok,3847013,10,1,,2026-07-18T10:39:34.852363+00:00
https://www.meneame.net/story/denuncian-web-supuesta-terapeuta-ofrece-curar-homosexualidad,lgtbi,ok,2664033,29,1,,2026-07-18T10:39:35.517575+00:00
https://www.meneame.net/story/denunciaran-cardenal-canizares-declaraciones-sobre-imperio-gay,lgtbi,ok,2617724,11,1,,2026-07-18T10:39:36.192846+00:00
https://www.meneame.net/story/derecha-alemana-quiere-obligar-refugiados-reconocer-derecho-como,inmigracion,ok,2519109,12,1,,2026-07-18T10:39:36.868328+00:00
https://www.meneame.net/story/derecha-gano-28-m-barrios-lgtbiq-segun-estudio-idealista,lgtbi,no_disponible,,,2,404 Client Error: Not Found for url: https://www.meneame.net/story/derecha-gano-28-m-barrios-lgtbiq-segun-estudio-idealista,2026-07-18T11:03:19.437033+00:00
https://www.meneame.net/story/deriva-racista-pp-fardos-ayuso-senalar-migrantes-como-causantes,inmigracion,ok,3869699,6,1,,2026-07-18T10:39:38.118475+00:00
https://www.meneame.net/story/derogar-articulos-leyes-lgtbi-repatriar-menas-estas-son-vox,lgtbi,ok,3147923,36,1,,2026-07-18T10:39:38.807240+00:00
https://www.meneame.net/story/desantis-rechaza-aceptar-refugiados-gaza-porque-son-todos,inmigracion,ok,3865896,28,1,,2026-07-18T10:39:39.496732+00:00
https://www.meneame.net/story/desarticulada-banda-barcelona-conseguia-papeles-inmigrantes,inmigracion,ok,3173929,7,1,,2026-07-18T10:39:40.215979+00:00
https://www.meneame.net/story/desarticulan-banda-dedicaba-robar-refugiados-ucranianos-alicante,inmigracion,ok,3789416,7,1,,2026-07-18T10:39:40.912879+00:00
https://www.meneame.net/story/descienden-agresiones-lgtbi-pero-aumentan-discursos-odio-gasteiz,lgtbi,ok,3813776,0,3,,2026-07-18T11:17:03.861888+00:00
https://www.meneame.net/story/desconfianza-policia-dificulta-denuncia-odio-contra-personas,lgtbi,ok,3814135,3,1,,2026-07-18T10:39:42.247258+00:00
https://www.meneame.net/story/desembarcan-senegal-168-migrantes-rescatados-patrullera-guardia,inmigracion,ok,3850106,8,1,,2026-07-18T10:39:42.907573+00:00
https://www.meneame.net/story/desmantelan-red-introdujo-millar-inmigrantes-barcelona-2019,inmigracion,ok,3231026,2,1,,2026-07-18T10:39:43.550669+00:00
https://www.meneame.net/story/desmontando-oscar-camps-dueno-open-arms-salva-migrantes-pero,inmigracion,ok,3171188,26,1,,2026-07-18T10:39:44.220624+00:00
https://www.meneame.net/story/desokupa-vox-usan-asesinato-madrid-alimentar-bulos-xenofobos,inmigracion,ok,3831452,68,1,,2026-07-18T10:39:44.936184+00:00
https://www.meneame.net/story/desokupa-vox-usan-asesinato-madrid-alimentar-bulos-xenofobos-1,inmigracion,no_disponible,,,2,404 Client Error: Not Found for url: https://www.meneame.net/story/desokupa-vox-usan-asesinato-madrid-alimentar-bulos-xenofobos-1,2026-07-18T11:03:35.903659+00:00
https://www.meneame.net/story/desvelan-pasado-oculto-gran-heroe-ingles-iigm-era-homosexual,lgtbi,ok,3172286,5,1,,2026-07-18T10:39:46.151156+00:00
https://www.meneame.net/story/desvelan-verdad-tras-superprision-nazi-inexpugnable-oficiales,lgtbi,ok,3783503,7,1,,2026-07-18T10:39:46.896522+00:00
https://www.meneame.net/story/desvelan-verdad-tras-superprision-nazi-inexpugnable-oficiales-1,lgtbi,ok,3830848,11,1,,2026-07-18T10:39:47.579507+00:00
https://www.meneame.net/story/detencion-escritora-comisaria-apodada-guantanamo-alerta-estado,lgtbi,ok,3847574,1,1,,2026-07-18T10:39:48.231169+00:00
https://www.meneame.net/story/detenido-abandonar-muerto-centro-salud-inmigrante-pudo-morir,inmigracion,no_disponible,,,2,404 Client Error: Not Found for url: https://www.meneame.net/story/detenido-abandonar-muerto-centro-salud-inmigrante-pudo-morir,2026-07-18T11:03:36.480629+00:00
https://www.meneame.net/story/detenido-amenazar-repetir-barcelona-masacre-orlando-contra-lgtb,lgtbi,ok,2666747,7,1,,2026-07-18T10:39:49.463842+00:00
https://www.meneame.net/story/detenido-empresario-salamanca-ofrecer-trabajo-sin-contrato,inmigracion,ok,3772654,59,1,,2026-07-18T10:39:50.235698+00:00
https://www.meneame.net/story/detenido-hombre-martorell-abandono-34-inmigrantes-furgoneta-tras,inmigracion,ok,2673285,11,1,,2026-07-18T10:39:50.904746+00:00
https://www.meneame.net/story/detenido-joven-agredir-navaja-pareja-homosexuales-barcelona,lgtbi,ok,3798868,16,1,,2026-07-18T10:39:51.554331+00:00
https://www.meneame.net/story/detenido-judio-ortodoxo-tras-apunalar-seis-personas-orgullo-gay,lgtbi,no_disponible,,,2,404 Client Error: Not Found for url: https://www.meneame.net/story/detenido-judio-ortodoxo-tras-apunalar-seis-personas-orgullo-gay,2026-07-18T11:03:37.050238+00:00
https://www.meneame.net/story/detenido-refugiado-sirio-demandante-asilo-tras-matar-machetazos,inmigracion,no_disponible,,,2,404 Client Error: Not Found for url: https://www.meneame.net/story/detenido-refugiado-sirio-demandante-asilo-tras-matar-machetazos,2026-07-18T11:03:37.664290+00:00
https://www.meneame.net/story/detenido-violar-robar-transexual-asaltar-otra-chueca,lgtbi,no_disponible,,,2,404 Client Error: Not Found for url: https://www.meneame.net/story/detenido-violar-robar-transexual-asaltar-otra-chueca,2026-07-18T11:03:38.226781+00:00
https://www.meneame.net/story/detenido-yihadista-400-000-seguidores-redes-alentaba-atacar,lgtbi,ok,3872376,24,1,,2026-07-18T10:39:53.919737+00:00
https://www.meneame.net/story/detenidos-13-ultraderechistas-alemania-tras-acosar-albergue,inmigracion,ok,2350068,4,1,,2026-07-18T10:39:54.583463+00:00
https://www.meneame.net/story/detenidos-85-inmigrantes-ellos-19-menores-operacion-feriante,inmigracion,ok,3167152,1,1,,2026-07-18T10:39:55.230980+00:00
https://www.meneame.net/story/detenidos-dos-jovenes-tras-agredir-dos-transexuales-cadena,lgtbi,no_disponible,,,2,404 Client Error: Not Found for url: https://www.meneame.net/story/detenidos-dos-jovenes-tras-agredir-dos-transexuales-cadena,2026-07-18T11:03:38.797304+00:00
https://www.meneame.net/story/detenidos-tres-bomberos-espanoles-grecia-rescatar-refugiados,inmigracion,no_disponible,,,2,404 Client Error: Not Found for url: https://www.meneame.net/story/detenidos-tres-bomberos-espanoles-grecia-rescatar-refugiados,2026-07-18T11:03:39.372917+00:00
https://www.meneame.net/story/detienen-clases-yoga-carceles-rusas-crear-presos-homosexuales,lgtbi,ok,3111028,25,1,,2026-07-18T10:39:57.031494+00:00
https://www.meneame.net/story/detienen-hombre-hierro-fomentar-odio-hacia-inmigrantes-redes,inmigracion,ok,3868933,15,1,,2026-07-18T10:39:57.711108+00:00
https://www.meneame.net/story/detienen-policia-local-alquilar-infraviviendas-trasteros-decenas,inmigracion,ok,3880035,12,1,,2026-07-18T10:39:58.360723+00:00
https://www.meneame.net/story/detienen-profanar-cinco-sepulturas-sacar-ataudes-restos-humanos,inmigracion,ok,3844220,19,1,,2026-07-18T10:39:59.053155+00:00
https://www.meneame.net/story/detienen-refugiado-sirio-tras-matar-machetazos-mujer-alemania,inmigracion,no_disponible,,,2,404 Client Error: Not Found for url: https://www.meneame.net/story/detienen-refugiado-sirio-tras-matar-machetazos-mujer-alemania,2026-07-18T11:03:39.937821+00:00
https://www.meneame.net/story/devorados-dunas-desierto-traga-numero-incalculable-migrantes,inmigracion,ok,3843448,7,1,,2026-07-18T10:40:00.276561+00:00
https://www.meneame.net/story/dia-facebook-censuro-sufrimiento-nino-gay,lgtbi,no_disponible,,,2,404 Client Error: Not Found for url: https://www.meneame.net/story/dia-facebook-censuro-sufrimiento-nino-gay,2026-07-18T11:03:40.499962+00:00
https://www.meneame.net/story/dictador-orgulloso-promete-rajar-cuello-gays,lgtbi,ok,2630643,42,1,,2026-07-18T10:40:01.513274+00:00
https://www.meneame.net/story/diez-casos-sangrante-exclusion-sanitaria-espanoles-emigrantes,inmigracion,ok,2629200,88,1,,2026-07-18T10:40:02.351168+00:00
https://www.meneame.net/story/diez-claves-entender-situacion-refugiados-grecia,inmigracion,ok,2667019,0,3,,2026-07-18T11:17:04.491118+00:00
https://www.meneame.net/story/diez-preguntas-inmediatas-hacen-refugiados-tras-tocar-tierra,inmigracion,ok,2495051,1,1,,2026-07-18T10:40:04.679375+00:00
https://www.meneame.net/story/digi-como-locutorio-inmigrantes-rumanos-aspira-trono-telecos-15,inmigracion,ok,3832186,22,1,,2026-07-18T10:40:06.541341+00:00
https://www.meneame.net/story/dimite-obispo-polaco-tras-escandalo-orgia-gay-varios-curas,lgtbi,ok,3869497,69,1,,2026-07-18T10:40:07.287019+00:00
https://www.meneame.net/story/dinamarca-finlandia-fin-cultura-acogida-migrantes-paises,inmigracion,ok,3877620,176,1,,2026-07-18T10:40:08.189447+00:00
https://www.meneame.net/story/dinamarca-paraliza-trafico-ferroviario-alemania-llegada,inmigracion,no_disponible,,,2,404 Client Error: Not Found for url: https://www.meneame.net/story/dinamarca-paraliza-trafico-ferroviario-alemania-llegada,2026-07-18T11:03:56.960490+00:00
https://www.meneame.net/story/diocesis-jaen-transexualidad-incapacita-derechos-amor,lgtbi,ok,2458081,0,3,,2026-07-18T11:17:05.201880+00:00
https://www.meneame.net/story/diplomatico-corea-norte-italia-pide-asilo-no-ser-repatriado,inmigracion,ok,3063290,3,1,,2026-07-18T10:40:10.173845+00:00
https://www.meneame.net/story/diputada-vox-hijo-homosexual-preferiria-no-tener-nietos,lgtbi,ok,3135428,121,1,,2026-07-18T10:40:10.969673+00:00
https://www.meneame.net/story/diputada-vox-hijo-homosexual-preferiria-no-tener-nietos-1,lgtbi,no_disponible,,,2,404 Client Error: Not Found for url: https://www.meneame.net/story/diputada-vox-hijo-homosexual-preferiria-no-tener-nietos-1,2026-07-18T11:04:13.475739+00:00
https://www.meneame.net/story/diputada-vox-malena-contesti-no-partido-demagogia-homofobia,lgtbi,ok,3190329,26,1,,2026-07-18T10:40:12.233741+00:00
https://www.meneame.net/story/director-guardia-civil-ordena-acciones-legales-contra-garzon-les,inmigracion,no_disponible,,,2,404 Client Error: Not Found for url: https://www.meneame.net/story/director-guardia-civil-ordena-acciones-legales-contra-garzon-les,2026-07-18T11:04:14.037431+00:00
https://www.meneame.net/story/discriminadas-educacion-sanidad-trabajo-situacion-personas,lgtbi,ok,4022753,2,1,,2026-07-18T10:40:13.458351+00:00
https://www.meneame.net/story/disminuye-40-llegada-inmigrantes-espana-va-ano,inmigracion,ok,3169616,17,1,,2026-07-18T10:40:14.128275+00:00
https://www.meneame.net/story/disparos-aire-sofocar-intento-motin-bordo-patrullero-rio-tajo,inmigracion,ok,3848899,50,1,,2026-07-18T10:40:14.830289+00:00
https://www.meneame.net/story/doble-estigma-mujeres-bisexuales,lgtbi,ok,2363987,4,1,,2026-07-18T10:40:15.655588+00:00
https://www.meneame.net/story/doble-moral-vox-concejal-drag-queen-ultima-partido-anti-lgtbi-1,lgtbi,no_disponible,,,2,404 Client Error: Not Found for url: https://www.meneame.net/story/doble-moral-vox-concejal-drag-queen-ultima-partido-anti-lgtbi-1,2026-07-18T11:04:14.623646+00:00
https://www.meneame.net/story/doce-menores-migrantes-denuncian-haber-sido-maltratados-centro,inmigracion,ok,3880552,5,1,,2026-07-18T10:40:16.978033+00:00
https://www.meneame.net/story/doctora-kuwaiti-asegura-haber-inventado-supositorios-profeticos,lgtbi,ok,3118287,34,1,,2026-07-18T10:40:17.645349+00:00
https://www.meneame.net/story/documentos-tv-ser-gay-rusia,lgtbi,ok,2365504,8,1,,2026-07-18T10:40:18.328655+00:00
https://www.meneame.net/story/donal-trumb-confunde-melilla-mexico,inmigracion,no_disponible,,,2,404 Client Error: Not Found for url: https://www.meneame.net/story/donal-trumb-confunde-melilla-mexico,2026-07-18T11:04:15.188479+00:00
https://www.meneame.net/story/donald-trump-anuncia-deportara-hasta-tres-millones-inmigrantes,inmigracion,no_disponible,,,2,404 Client Error: Not Found for url: https://www.meneame.net/story/donald-trump-anuncia-deportara-hasta-tres-millones-inmigrantes,2026-07-18T11:04:15.749991+00:00
https://www.meneame.net/story/donde-estan-629-inmigrantes-aquarius-ano-despues-llegar-puerto,inmigracion,ok,3142846,0,3,,2026-07-18T11:17:05.901533+00:00
https://www.meneame.net/story/dos-detenidos-homicidio-hasta-diez-inmigrantes-patera-naufrago,inmigracion,ok,2335283,2,1,,2026-07-18T10:40:21.071738+00:00
https://www.meneame.net/story/dos-ninas-mueren-egeo-primer-dia-acuerdo-ue-turquia,inmigracion,ok,2584787,4,1,,2026-07-18T10:40:21.712680+00:00
https://www.meneame.net/story/dos-refugiados-sirios-salvan-vida-politico-ultraderechista,inmigracion,ok,2585982,62,1,,2026-07-18T10:40:22.538200+00:00
https://www.meneame.net/story/drama-migracion-ee-uu-padre-hija-dos-anos-mueren-ahogados-cruzar,inmigracion,no_disponible,,,2,404 Client Error: Not Found for url: https://www.meneame.net/story/drama-migracion-ee-uu-padre-hija-dos-anos-mueren-ahogados-cruzar,2026-07-18T11:04:32.403573+00:00
https://www.meneame.net/story/drama-refugiados-estuve-cinco-dias-camion-sin-comer,inmigracion,ok,3826059,1,1,,2026-07-18T10:40:24.016331+00:00
https://www.meneame.net/story/drama-refugiados-no-cesa-423-ninos-han-muerto-ahogados-mar-tras,inmigracion,no_disponible,,,2,404 Client Error: Not Found for url: https://www.meneame.net/story/drama-refugiados-no-cesa-423-ninos-han-muerto-ahogados-mar-tras,2026-07-18T11:04:32.995161+00:00
https://www.meneame.net/story/dutee-chand-admiracion-repudio-pueblo,lgtbi,ok,3137730,2,1,,2026-07-18T10:40:25.317031+00:00
https://www.meneame.net/story/edil-vox-borriana-censuro-libros-lgtbi-invita-dibujante-comics,lgtbi,ok,3864642,41,1,,2026-07-18T10:40:26.020807+00:00
https://www.meneame.net/story/ee-uu-encierra-ninos-inmigrantes-base-donde-encarcelo-geronimo,inmigracion,ok,3142947,2,1,,2026-07-18T10:40:26.676604+00:00
https://www.meneame.net/story/eeuu-anuncia-espana-aceptara-migrantes-desde-nuevos-centros,inmigracion,ok,3807182,15,1,,2026-07-18T10:40:27.358559+00:00
https://www.meneame.net/story/eeuu-cancela-aranceles-mexico-tras-llegar-acuerdo-sobre,inmigracion,no_disponible,,,2,404 Client Error: Not Found for url: https://www.meneame.net/story/eeuu-cancela-aranceles-mexico-tras-llegar-acuerdo-sobre,2026-07-18T11:04:33.574109+00:00
https://www.meneame.net/story/eeuu-enviara-inmigrantes-espana-reducir-presion-sobre-fronteras,inmigracion,no_disponible,,,2,404 Client Error: Not Found for url: https://www.meneame.net/story/eeuu-enviara-inmigrantes-espana-reducir-presion-sobre-fronteras,2026-07-18T11:04:34.169172+00:00
https://www.meneame.net/story/eeuu-muy-agradecido-espana-acoger-migrantes,inmigracion,no_disponible,,,2,404 Client Error: Not Found for url: https://www.meneame.net/story/eeuu-muy-agradecido-espana-acoger-migrantes,2026-07-18T11:04:34.735505+00:00
https://www.meneame.net/story/eleonore-entra-aguas-italianas-sin-permiso-gobierno-mas-cien,inmigracion,ok,3177567,17,1,,2026-07-18T10:40:29.708399+00:00
https://www.meneame.net/story/elisabeth-eidebenz-mujer-devolvio-esperanza-cuando-refugiados,inmigracion,ok,2636136,6,1,,2026-07-18T10:40:30.374131+00:00
https://www.meneame.net/story/elite-taxi-ensana-marlaska-ministro-izquierdas-gay-no-puede-dar,lgtbi,no_disponible,,,2,404 Client Error: Not Found for url: https://www.meneame.net/story/elite-taxi-ensana-marlaska-ministro-izquierdas-gay-no-puede-dar,2026-07-18T11:04:35.299697+00:00
https://www.meneame.net/story/emocion-cuando-creen-ganar-viaje-acaba-siendo-refugiados,inmigracion,no_disponible,,,2,404 Client Error: Not Found for url: https://www.meneame.net/story/emocion-cuando-creen-ganar-viaje-acaba-siendo-refugiados,2026-07-18T11:04:35.859329+00:00
https://www.meneame.net/story/empar-pineda-lesbiana-porque,lgtbi,ok,2491372,2,1,,2026-07-18T10:40:32.180129+00:00
https://www.meneame.net/story/empieza-construccion-centro-inmigrantes-puerto-malaga-tendra-300,inmigracion,ok,3122209,5,1,,2026-07-18T10:40:32.822618+00:00
https://www.meneame.net/story/empresa-registra-marca-orgullo-gay-maspalomas-ayuntamiento-opone,lgtbi,ok,3778656,5,1,,2026-07-18T10:40:33.464342+00:00
https://www.meneame.net/story/empresario-abandono-cadaver-inmigrante-era-apoderado-vox,inmigracion,ok,3360716,121,1,,2026-07-18T10:40:34.223088+00:00
https://www.meneame.net/story/entidades-lgtbi-piden-najat-hachmi-no-sea-pregonera-fiestas,lgtbi,ok,3840473,18,1,,2026-07-18T10:40:34.885267+00:00
https://www.meneame.net/story/entre-stonewall-ramblas-viaje-imagenes-primeras-revueltas-lgtbi,lgtbi,no_disponible,,,2,404 Client Error: Not Found for url: https://www.meneame.net/story/entre-stonewall-ramblas-viaje-imagenes-primeras-revueltas-lgtbi,2026-07-18T11:04:36.417672+00:00
https://www.meneame.net/story/erdogan-amenaza-union-europea-abrir-fronteras-turquia-refugiados,inmigracion,ok,2701541,62,1,,2026-07-18T10:40:36.236249+00:00
https://www.meneame.net/story/erdogan-pone-diana-comunidad-lgtbi-rascar-apoyos-unas-elecciones,lgtbi,ok,3812753,2,1,,2026-07-18T10:40:36.894860+00:00
https://www.meneame.net/story/eres-lesbiana-soltera-tus-embriones-estan-secuestrados-nombre,lgtbi,ok,3220458,5,1,,2026-07-18T10:40:37.563809+00:00
https://www.meneame.net/story/escandinavia-blinda-contra-refugiados-tras-asesinato-trabajadora,inmigracion,ok,2552710,30,1,,2026-07-18T10:40:38.305251+00:00
https://www.meneame.net/story/escuela-abraza-ninos-transexuales-noticias-sociedad,lgtbi,ok,2567726,23,1,,2026-07-18T10:40:38.997751+00:00
https://www.meneame.net/story/eslovaquia-llevara-tribunales-cuotas-refugiados-no-aplicara,inmigracion,ok,2482249,2,1,,2026-07-18T10:40:39.656599+00:00
https://www.meneame.net/story/espaldarazo-obama-merkel-refugiados-esta-lado-correcto-historia,inmigracion,ok,2603377,8,1,,2026-07-18T10:40:40.323460+00:00
https://www.meneame.net/story/espana-acogera-desde-junio-586-refugiados-16-000-prometidos,inmigracion,ok,2618976,12,1,,2026-07-18T10:40:40.996275+00:00
https://www.meneame.net/story/espana-acogio-solo-4-menores-no-acompanados-solicitantes-asilo,inmigracion,ok,3120375,3,1,,2026-07-18T10:40:41.635375+00:00
https://www.meneame.net/story/espana-acuerda-marruecos-devolver-pateras-costas,inmigracion,no_disponible,,,2,404 Client Error: Not Found for url: https://www.meneame.net/story/espana-acuerda-marruecos-devolver-pateras-costas,2026-07-18T11:04:36.991505+00:00
https://www.meneame.net/story/espana-alcanza-166-000-protecciones-temporales-refugiados,inmigracion,ok,3780088,23,1,,2026-07-18T10:40:42.887493+00:00
https://www.meneame.net/story/espana-busca-inmigrantes-cubrir-cientos-miles-vacantes-nadie-mas,inmigracion,ok,3815618,40,1,,2026-07-18T10:40:43.574309+00:00
https://www.meneame.net/story/espana-da-bienvenida-multitudinaria-refugiados-ningun-ser-humano,inmigracion,no_disponible,,,2,404 Client Error: Not Found for url: https://www.meneame.net/story/espana-da-bienvenida-multitudinaria-refugiados-ningun-ser-humano,2026-07-18T11:04:37.571144+00:00
https://www.meneame.net/story/espana-dice-no-aceptara-acuerdo-ilegal-turquia-contemple-ep,inmigracion,no_disponible,,,2,404 Client Error: Not Found for url: https://www.meneame.net/story/espana-dice-no-aceptara-acuerdo-ilegal-turquia-contemple-ep,2026-07-18T11:04:38.136391+00:00
https://www.meneame.net/story/espana-extranjeriza-nueve-cada-diez-nuevos-residentes-son,inmigracion,no_disponible,,,2,404 Client Error: Not Found for url: https://www.meneame.net/story/espana-extranjeriza-nueve-cada-diez-nuevos-residentes-son,2026-07-18T11:04:38.711529+00:00
https://www.meneame.net/story/espana-mantiene-como-unico-pais-europeo-mediterraneo-frena,inmigracion,ok,3843045,10,1,,2026-07-18T10:40:45.952227+00:00
https://www.meneame.net/story/espana-necesita-quintuplicar-inmigrantes-sostener-jubilacion,inmigracion,ok,3174697,37,1,,2026-07-18T10:40:46.631763+00:00
https://www.meneame.net/story/espana-otros-cinco-paises-aceptan-recibir-147-migrantes-open,inmigracion,ok,3170170,81,1,,2026-07-18T10:40:47.546780+00:00
https://www.meneame.net/story/espana-proximo-pais-recibir-refugiados-tras-reubicacion-prevista,inmigracion,ok,2501495,5,1,,2026-07-18T10:40:48.204080+00:00
https://www.meneame.net/story/espana-recibira-87-refugiados-procedentes-grecia-pero-aun-faltan,inmigracion,ok,2600382,72,1,,2026-07-18T10:40:48.898182+00:00
https://www.meneame.net/story/espana-redujo-concesiones-asilo-refugio-2015-solo-autorizo-3-10,inmigracion,ok,2631390,4,1,,2026-07-18T10:40:49.561842+00:00
https://www.meneame.net/story/espana-rescata-tercio-migrantes-aguas-responsabilidad-marroqui,inmigracion,ok,3105084,4,1,,2026-07-18T10:40:50.225252+00:00
https://www.meneame.net/story/espana-solo-acogera-1-300-inmigrantes-lejos-4-288-pidio-comision,inmigracion,no_disponible,,,2,404 Client Error: Not Found for url: https://www.meneame.net/story/espana-solo-acogera-1-300-inmigrantes-lejos-4-288-pidio-comision,2026-07-18T11:04:39.283597+00:00
https://www.meneame.net/story/espana-solo-ha-acogido-18-refugiados-17-000-comprometio,inmigracion,ok,2577305,25,1,,2026-07-18T10:40:51.485121+00:00
https://www.meneame.net/story/espana-suspende-acogida-refugiados-solo-ha-reubicado-480-17-387,inmigracion,ok,2672211,3,1,,2026-07-18T10:40:52.137025+00:00
https://www.meneame.net/story/espana-tercer-estado-europeo-mas-solicitudes-asilo-deniega,inmigracion,ok,3826048,6,1,,2026-07-18T10:40:52.812383+00:00
https://www.meneame.net/story/espana-vuelve-incumplir-objetivo-acogida-refugiados-marcado,inmigracion,ok,2638955,2,1,,2026-07-18T10:40:53.463155+00:00
https://www.meneame.net/story/espanoles-entre-alambradas-refugiados-sin-lugar-mundo,inmigracion,ok,2470282,62,1,,2026-07-18T10:40:54.230334+00:00
https://www.meneame.net/story/espanoles-mas-dispuestos-ue-acoger-refugiado-sirio-casa,inmigracion,ok,2531580,40,1,,2026-07-18T10:40:54.906741+00:00
https://www.meneame.net/story/espasante-prepara-vivir-primera-fiesta-orgullo-gay-antes-san,lgtbi,ok,3802623,6,1,,2026-07-18T10:40:55.584611+00:00
https://www.meneame.net/story/esposados-bridas-cara-oculta-expulsiones-refugiados,inmigracion,ok,2591977,12,1,,2026-07-18T10:40:56.257566+00:00
https://www.meneame.net/story/estado-bienestar-fuerte-sin-inmigrantes-formula-auge-populismo,inmigracion,ok,2358183,4,1,,2026-07-18T10:40:56.914646+00:00
https://www.meneame.net/story/estado-islamico-abre-escuelas-hijos-inmigrantes-extranjeros,inmigracion,ok,2359947,6,1,,2026-07-18T10:40:57.585048+00:00
https://www.meneame.net/story/estado-islamico-planteo-usar-barcos-inmigrantes-llegar-europa,inmigracion,ok,2475572,50,1,,2026-07-18T10:40:58.289173+00:00
https://www.meneame.net/story/estados-unidos-eeuu-pueden-ir-prision-dejar-alimentos-agua,inmigracion,no_disponible,,,2,404 Client Error: Not Found for url: https://www.meneame.net/story/estados-unidos-eeuu-pueden-ir-prision-dejar-alimentos-agua,2026-07-18T11:04:39.849686+00:00
https://www.meneame.net/story/estalla-maleta-junto-centro-refugiados-baviera,inmigracion,no_disponible,,,2,404 Client Error: Not Found for url: https://www.meneame.net/story/estalla-maleta-junto-centro-refugiados-baviera,2026-07-18T11:04:40.416673+00:00
https://www.meneame.net/story/estantes-vacios-florida-cruzada-contra-libros-lgtbi-aulas,lgtbi,ok,3785415,22,1,,2026-07-18T10:41:00.075826+00:00
https://www.meneame.net/story/este-ano-mas-20-000-ninos-refugiados-cruzaron-solos-mediterraneo,inmigracion,ok,2686262,5,1,,2026-07-18T10:41:00.722616+00:00
https://www.meneame.net/story/este-miercoles-aterrizara-barajas-mayor-contingente-refugiados,inmigracion,ok,2714870,11,1,,2026-07-18T10:41:01.392005+00:00
https://www.meneame.net/story/este-pais-gasta-muchos-millones-atraer-inmigrantes-necesita,inmigracion,no_disponible,,,2,404 Client Error: Not Found for url: https://www.meneame.net/story/este-pais-gasta-muchos-millones-atraer-inmigrantes-necesita,2026-07-18T11:04:40.982356+00:00
https://www.meneame.net/story/estudio-senala-inmigracion-como-unica-alternativa-realista,inmigracion,ok,3826747,56,1,,2026-07-18T10:41:02.659494+00:00
https://www.meneame.net/story/eurodiputado-hungaro-propone-cabezas-cerdo-fronteras-ue-disuadir,inmigracion,ok,2661252,11,1,,2026-07-18T10:41:03.331019+00:00
https://www.meneame.net/story/europeos-ya-no-quieren-mudarse-uk-inmigracion-comunitarios,inmigracion,ok,3172892,159,1,,2026-07-18T10:41:04.134634+00:00
https://www.meneame.net/story/eurotunel-suspende-servicio-sufrir-invasion-masiva-centenar,inmigracion,ok,2487274,17,1,,2026-07-18T10:41:04.891713+00:00
https://www.meneame.net/story/evo-morales-vuela-rumbo-mexico-tras-aceptar-asilo-volvere-pronto,inmigracion,no_disponible,,,2,404 Client Error: Not Found for url: https://www.meneame.net/story/evo-morales-vuela-rumbo-mexico-tras-aceptar-asilo-volvere-pronto,2026-07-18T11:04:41.545924+00:00
https://www.meneame.net/story/exito-sin-precedentes-marina-machete-primera-mujer-transgenero,lgtbi,ok,3863023,85,1,,2026-07-18T10:41:06.181643+00:00
https://www.meneame.net/story/exjuez-murciano-ferrin-calamita-acusado-humillar-dos-lesbianas,lgtbi,ok,3805059,23,1,,2026-07-18T10:41:06.843803+00:00
https://www.meneame.net/story/expulsiones-expres-inmigrantes-comisaria-avion-72-horas-sin,inmigracion,ok,2395967,18,1,,2026-07-18T10:41:07.502854+00:00
https://www.meneame.net/story/extranjeros-dublin-sobre-disturbios-hay-mucho-trabajo-mucho,inmigracion,ok,3880155,1,1,,2026-07-18T10:41:08.146901+00:00
https://www.meneame.net/story/extremadura-cobija-21-personas-perseguidas-ser-homosexuales,lgtbi,ok,3225562,17,1,,2026-07-18T10:41:08.805106+00:00
https://www.meneame.net/story/fallece-pablo-cano-bombero-vallisoletano-implico-atender-lesbos,inmigracion,ok,3111911,33,1,,2026-07-18T10:41:09.614887+00:00
https://www.meneame.net/story/fallece-patera-inmigrante-banglades-frente-costa-motril-granada,inmigracion,ok,3226525,2,1,,2026-07-18T10:41:10.456701+00:00
https://www.meneame.net/story/falsa-violacion-jornalero-amante-jornalera-lesbiana-entre,lgtbi,ok,3122564,21,1,,2026-07-18T10:41:11.120854+00:00
https://www.meneame.net/story/falta-mano-obra-dispara-entrada-inmigrantes-200-000-ano,inmigracion,no_disponible,,,2,404 Client Error: Not Found for url: https://www.meneame.net/story/falta-mano-obra-dispara-entrada-inmigrantes-200-000-ano,2026-07-18T11:04:42.120716+00:00
https://www.meneame.net/story/familias-lgtb-eeuu-huyen-estados-mayoria-republicana-ha-sido,lgtbi,ok,3824308,71,1,,2026-07-18T10:41:12.380496+00:00
https://www.meneame.net/story/federacion-gais-lesbianas-alerta-pacto-pp-vox-baleares-deja,lgtbi,ok,3832293,14,1,,2026-07-18T10:41:13.069561+00:00
https://www.meneame.net/story/feijoo-acusa-sanchez-soltar-inmigrantes-paradas-autobus,inmigracion,ok,3870068,11,1,,2026-07-18T10:41:13.778855+00:00
https://www.meneame.net/story/feminista-favor-islam-podemos-cuentas-trol-twitter-hacen-pasar,inmigracion,ok,3774020,177,1,,2026-07-18T10:41:14.611374+00:00
https://www.meneame.net/story/fernandez-diaz-compara-reparto-refugiados-fuga-goteras-casa,inmigracion,ok,2449718,4,1,,2026-07-18T10:41:15.342069+00:00
https://www.meneame.net/story/fernandez-diaz-espera-este-martes-acuerdo-dos-fases-reparto-120,inmigracion,ok,2481802,15,1,,2026-07-18T10:41:16.009672+00:00
https://www.meneame.net/story/festival-renuncia-subvencion-no-reunirse-concejal-vox-veto-lgtbi,lgtbi,ok,3889198,100,1,,2026-07-18T10:41:16.798231+00:00
https://www.meneame.net/story/filtrado-video-muerte-menor-migrante-bajo-custodia-ee-uu,inmigracion,no_disponible,,,2,404 Client Error: Not Found for url: https://www.meneame.net/story/filtrado-video-muerte-menor-migrante-bajo-custodia-ee-uu,2026-07-18T11:04:42.683180+00:00
https://www.meneame.net/story/fin-acuerdo-pesquero-marruecos-dificulta-control-trafico-drogas,inmigracion,ok,3821921,4,1,,2026-07-18T10:41:18.073924+00:00
https://www.meneame.net/story/fiscal-jefe-zaragoza-reconoce-hay-problema-no-puede-obviar,inmigracion,no_disponible,,,2,404 Client Error: Not Found for url: https://www.meneame.net/story/fiscal-jefe-zaragoza-reconoce-hay-problema-no-puede-obviar,2026-07-18T11:04:43.245310+00:00
https://www.meneame.net/story/fiscalia-italiana-ordena-desembarco-migrantes-incautacion-open,inmigracion,no_disponible,,,2,404 Client Error: Not Found for url: https://www.meneame.net/story/fiscalia-italiana-ordena-desembarco-migrantes-incautacion-open,2026-07-18T11:04:43.813078+00:00
https://www.meneame.net/story/fiscalia-pide-12-anos-carcel-patron-patera-naufrago-orzola-2020,inmigracion,ok,3867777,1,1,,2026-07-18T10:41:19.886779+00:00
https://www.meneame.net/story/foto-muestra-drama-viven-migrantes-mexico-centroamerica,inmigracion,ok,3147127,111,1,,2026-07-18T10:41:20.706610+00:00
https://www.meneame.net/story/fotografian-monjas-asilo-lugo-introduciendo-papeleta-bolsillo,inmigracion,ok,3817807,69,1,,2026-07-18T10:41:21.439540+00:00
https://www.meneame.net/story/francia-desaloja-centenares-migrantes-dos-campamentos-afueras,inmigracion,ok,3207916,3,1,,2026-07-18T10:41:22.302422+00:00
https://www.meneame.net/story/francia-no-readmitira-migrantes-sean-expulsados-reino-unido,inmigracion,ok,3789161,12,1,,2026-07-18T10:41:22.959759+00:00
https://www.meneame.net/story/franquismo-contra-homosexuales-represion-carcel-manicomios,lgtbi,ok,3349499,27,1,,2026-07-18T10:41:23.803544+00:00
https://www.meneame.net/story/frontera-sur-menos-llegadas-inmigrantes-mas-militarizacion,inmigracion,ok,3109892,1,1,,2026-07-18T10:41:24.451030+00:00
https://www.meneame.net/story/frontex-ha-proporcionado-coordenadas-barcos-refugiados-trata,inmigracion,ok,3886424,27,1,,2026-07-18T10:41:25.121941+00:00
https://www.meneame.net/story/fuerzas-turcas-matan-ocho-refugiados-sirios-intentaban-cruzar,inmigracion,no_disponible,,,2,404 Client Error: Not Found for url: https://www.meneame.net/story/fuerzas-turcas-matan-ocho-refugiados-sirios-intentaban-cruzar,2026-07-18T11:04:44.374823+00:00
https://www.meneame.net/story/furgoneta-kamikaze-52-migrantes-revienta-frontera-ceuta,inmigracion,ok,3213237,191,1,,2026-07-18T10:41:26.574002+00:00
https://www.meneame.net/story/gais-celebran-san-valentin-suyo-no-amor-vicio-nuevo-fichaje-vox,lgtbi,ok,3063945,46,1,,2026-07-18T10:41:27.265687+00:00
https://www.meneame.net/story/ganadero-asturiano-denuncia-homofobia-leon-hay-problema-dos-sexo,lgtbi,ok,3801465,74,1,,2026-07-18T10:41:27.975828+00:00
https://www.meneame.net/story/garcia-albiol-rumanos-son-plaga-suponen-lacra-ciudad,inmigracion,ok,2453766,42,1,,2026-07-18T10:41:28.809395+00:00
https://www.meneame.net/story/garcia-gallardo-criminaliza-sin-pruebas-migrantes-acogidos-campo,inmigracion,ok,3869659,14,1,,2026-07-18T10:41:29.489827+00:00
https://www.meneame.net/story/gay-arabe-combativo-ahora-han-descubierto-existimos,lgtbi,ok,2515639,1,1,,2026-07-18T10:41:30.151466+00:00
https://www.meneame.net/story/gay-mercader-mande-tomar-culo-agentes-madonna-michael-jackson,lgtbi,ok,3222116,5,1,,2026-07-18T10:41:30.810807+00:00
https://www.meneame.net/story/gay-mercader-promotor-musical-vida-ha-sido-sexo-drogas-rock-n,lgtbi,ok,3787843,7,1,,2026-07-18T10:41:31.460934+00:00
https://www.meneame.net/story/gay-talese-hombre-conoce-secretos-nueva-york,lgtbi,ok,3846486,0,3,,2026-07-18T11:17:06.539833+00:00
https://www.meneame.net/story/generalitat-catalunya-atribuye-caida-pisa-sobrerrepresentacion,inmigracion,no_disponible,,,2,404 Client Error: Not Found for url: https://www.meneame.net/story/generalitat-catalunya-atribuye-caida-pisa-sobrerrepresentacion,2026-07-18T11:05:00.817133+00:00
https://www.meneame.net/story/generalitat-da-tarjeta-sanitaria-180-000-inmigrantes-sin-papeles,inmigracion,ok,2472840,52,1,,2026-07-18T10:41:33.390567+00:00
https://www.meneame.net/story/generalitat-destinara-mas-1-millon-euros-unrwa-refugiados,inmigracion,ok,3869530,2,1,,2026-07-18T10:41:34.061345+00:00
https://www.meneame.net/story/generatilat-atribuye-bajos-resultados-cataluna-pisa-alumnado,inmigracion,ok,3883792,40,1,,2026-07-18T10:41:34.867211+00:00
https://www.meneame.net/story/giorgia-meloni-prohibe-parejas-homosexuales-inscribir-hijos,lgtbi,ok,3791985,94,1,,2026-07-18T10:41:35.783228+00:00
https://www.meneame.net/story/giro-ultra-vox-pistolas-homofobia-militares-franquistas-dinamita,lgtbi,ok,3100679,19,1,,2026-07-18T10:41:36.479928+00:00
https://www.meneame.net/story/gobierno-alojara-sanxenxo-350-mas-400-inmigrantes-trasladara,inmigracion,ok,3869509,22,1,,2026-07-18T10:41:37.185770+00:00
https://www.meneame.net/story/gobierno-busca-alojamiento-inmigrantes-canarias-albergues-camino,inmigracion,ok,3869915,4,1,,2026-07-18T10:41:37.844786+00:00
https://www.meneame.net/story/gobierno-creara-dos-campamentos-emergencia-terrenos-militares,inmigracion,ok,3869413,8,1,,2026-07-18T10:41:38.507555+00:00
https://www.meneame.net/story/gobierno-dara-residencia-temporal-inmigrantes-situacion-estudien,inmigracion,ok,3781193,181,1,,2026-07-18T10:41:39.431958+00:00
https://www.meneame.net/story/gobierno-desvia-porrino-gobernado-pp-40-inmigrantes-rechazo-psoe,inmigracion,ok,3871921,15,1,,2026-07-18T10:41:40.105283+00:00
https://www.meneame.net/story/gobierno-hungaro-destituye-director-museo-nacional-muestra-fotos,lgtbi,ok,3873771,6,1,,2026-07-18T10:41:40.808912+00:00
https://www.meneame.net/story/gobierno-niega-sanidad-publica-inmigrantes-papeles-enfermos,inmigracion,ok,3084568,7,1,,2026-07-18T10:41:41.599859+00:00
https://www.meneame.net/story/gobierno-paga-511-500-euros-mes-vuelos-deportar-inmigrantes,inmigracion,ok,3153680,29,1,,2026-07-18T10:41:42.290762+00:00
https://www.meneame.net/story/gobierno-rebajara-requisitos-nacionalidad-inmigrantes-sin,inmigracion,ok,3064331,270,1,,2026-07-18T10:41:43.227287+00:00
https://www.meneame.net/story/gobierno-rishi-sunak-baraja-deportar-migrantes-solicitantes-isla,inmigracion,ok,3843508,18,1,,2026-07-18T10:41:43.899584+00:00
https://www.meneame.net/story/gobierno-rusia-solicita-declarar-extremista-movimiento-lgtbi,lgtbi,ok,3877412,23,1,,2026-07-18T10:41:44.571672+00:00
https://www.meneame.net/story/gobierno-sale-defensa-guardias-civiles-procesados-muertes-pide,inmigracion,ok,3191388,14,1,,2026-07-18T10:41:45.279716+00:00
https://www.meneame.net/story/golpe-red-introducia-migrantes-reino-unido-traves-puertos-gijon,inmigracion,ok,3206120,26,1,,2026-07-18T10:41:45.958068+00:00
https://www.meneame.net/story/goya-era-antitaurino-homosexual-tambien-vegano-hipster,lgtbi,ok,3218792,15,1,,2026-07-18T10:41:46.627291+00:00
https://www.meneame.net/story/grabacion-revela-como-guardia-civil-ofrece-papeles-inmigrantes,inmigracion,ok,2360591,15,1,,2026-07-18T10:41:47.346464+00:00
https://www.meneame.net/story/gran-estafa-falsa-agencia-inmobiliaria-madrid-asi-sacaron-50-000,inmigracion,ok,3228750,0,3,,2026-07-18T11:17:07.186502+00:00
https://www.meneame.net/story/grave-caso-homofobia-cartel-ofrece-veinte-euros-cada-enfermo,lgtbi,ok,3826801,183,1,,2026-07-18T10:41:48.869309+00:00
https://www.meneame.net/story/grecia-acusa-belgica-pedirles-hacer-retroceder-refugiados-mar,inmigracion,ok,2554598,154,1,,2026-07-18T10:41:49.712356+00:00
https://www.meneame.net/story/grecia-sociedad-mas-castigada-europa-vuelca-refugiados,inmigracion,ok,2580262,12,1,,2026-07-18T10:41:50.379559+00:00
https://www.meneame.net/story/grecia-teme-bodega-barco-migrantes-hubiera-cientos-mujeres-ninos,inmigracion,ok,3824471,136,1,,2026-07-18T10:41:51.163879+00:00
https://www.meneame.net/story/griezmann-homofobia-no-opinion-crimen,lgtbi,ok,3135051,9,1,,2026-07-18T10:41:51.812355+00:00
https://www.meneame.net/story/grupo-investigacion-espanol-halla-funcion-evolutiva-primates,lgtbi,ok,3876803,6,1,,2026-07-18T10:41:52.530908+00:00
https://www.meneame.net/story/grupo-milicianos-detenia-inmigrantes-eeuu-entrenaba-matar-barack,inmigracion,ok,3117439,6,1,,2026-07-18T10:41:53.203656+00:00
https://www.meneame.net/story/grupo-ocho-inmigrantes-fuga-cie-tenerife,inmigracion,ok,3168595,18,1,,2026-07-18T10:41:53.858476+00:00
https://www.meneame.net/story/guardia-civil-aborta-salida-clandestina-desde-galapagos-patera,inmigracion,ok,3159930,4,1,,2026-07-18T10:41:54.496708+00:00
https://www.meneame.net/story/guardia-civil-abre-investigacion-imagen-inmigrantes-ceuta-cuerpo,inmigracion,ok,3880582,32,1,,2026-07-18T10:41:55.188170+00:00
https://www.meneame.net/story/guardia-civil-atrapada-dentro-barco-puerto-mauritania,inmigracion,ok,3849157,38,1,,2026-07-18T10:41:55.870503+00:00
https://www.meneame.net/story/guardia-civil-impide-agente-lesbiana-denuncio-acoso-homofobo,lgtbi,no_disponible,,,2,404 Client Error: Not Found for url: https://www.meneame.net/story/guardia-civil-impide-agente-lesbiana-denuncio-acoso-homofobo,2026-07-18T11:05:17.283073+00:00
https://www.meneame.net/story/guardia-civil-impide-agente-lesbiana-sea-condecorada,lgtbi,ok,2559815,58,1,,2026-07-18T10:41:57.126487+00:00
https://www.meneame.net/story/guardia-costera-libia-embiste-barco-medio-centenar-migrantes,inmigracion,ok,3860716,7,1,,2026-07-18T10:41:57.816447+00:00
https://www.meneame.net/story/habla-exmujer-jankto-cuando-dijo-era-gay-dio-mucha-libertad,lgtbi,ok,3780773,0,3,,2026-07-18T11:17:07.838566+00:00
https://www.meneame.net/story/hablan-alumnos-recibieron-talleres-lgtbi-vox-ataca-insultaban,lgtbi,ok,3157305,52,1,,2026-07-18T10:41:59.167345+00:00
https://www.meneame.net/story/hacen-google-meta-tiktok-frenar-odio-contra-colectivo-lgtbi,lgtbi,ok,3886281,26,1,,2026-07-18T10:41:59.847205+00:00
https://www.meneame.net/story/hallados-50-cadaveres-barco-400-refugiados-cerca-costas-libia,inmigracion,no_disponible,,,2,404 Client Error: Not Found for url: https://www.meneame.net/story/hallados-50-cadaveres-barco-400-refugiados-cerca-costas-libia,2026-07-18T11:05:33.737423+00:00
https://www.meneame.net/story/hallados-menos-17-inmigrantes-ahogados-mediterraneo-frente,inmigracion,ok,2648762,1,1,,2026-07-18T10:42:01.102918+00:00
https://www.meneame.net/story/hallan-muerto-bebe-doce-meses-lancha-refugiados-lesbos,inmigracion,ok,2490465,2,1,,2026-07-18T10:42:01.752638+00:00
https://www.meneame.net/story/han-echado-voluntarios-convertir-centro-refugiados-lesbos-campo,inmigracion,ok,2585341,8,1,,2026-07-18T10:42:02.432407+00:00
https://www.meneame.net/story/han-gritado-maricon-mierda-concejal-soria-responde-intento-vox,lgtbi,ok,3834532,214,1,,2026-07-18T10:42:03.315675+00:00
https://www.meneame.net/story/hannah-arensman-ciclista-profesional-retiro-tras-perder-podio,lgtbi,ok,3799321,11,1,,2026-07-18T10:42:04.030143+00:00
https://www.meneame.net/story/hazte-oir-exige-no-haya-princesa-lesbiana-nueva-frozen,lgtbi,ok,2620290,3,1,,2026-07-18T10:42:04.727246+00:00
https://www.meneame.net/story/hazteoir-retuerce-informe-onu-hablar-sobre-sacerdotes-forzados,lgtbi,ok,3846622,4,1,,2026-07-18T10:42:05.382138+00:00
https://www.meneame.net/story/hazteoir-rompe-vox-suavizar-discurso-anti-lgtbi-acuerdos-pp,lgtbi,ok,3165619,19,1,,2026-07-18T10:42:06.057429+00:00
https://www.meneame.net/story/hemeroteca-marlaska-defendio-derecho-someterse-terapias-gais,lgtbi,no_disponible,,,2,404 Client Error: Not Found for url: https://www.meneame.net/story/hemeroteca-marlaska-defendio-derecho-someterse-terapias-gais,2026-07-18T11:05:34.294389+00:00
https://www.meneame.net/story/heridos-seis-guardias-civiles-tras-salto-valla-melilla-unos-200,inmigracion,no_disponible,,,2,404 Client Error: Not Found for url: https://www.meneame.net/story/heridos-seis-guardias-civiles-tras-salto-valla-melilla-unos-200,2026-07-18T11:05:34.856617+00:00
https://www.meneame.net/story/hierro-recibio-mas-migrantes-siete-meses-todo-mediterraneo-2023,inmigracion,ok,3892058,7,1,,2026-07-18T10:42:07.900033+00:00
https://www.meneame.net/story/hijo-bolsonaro-burla-hijo-gay-nuevo-presidente-argentina,lgtbi,ok,3205792,191,1,,2026-07-18T10:42:08.758128+00:00
https://www.meneame.net/story/hilo-desmonta-maroto-aznar-no-proponia-legalizar-matrimonio,lgtbi,ok,3067851,4,1,,2026-07-18T10:42:09.526751+00:00
https://www.meneame.net/story/hombre-retira-banderas-lgtbi-ayuntamiento-municipio-valenciano,lgtbi,no_disponible,,,2,404 Client Error: Not Found for url: https://www.meneame.net/story/hombre-retira-banderas-lgtbi-ayuntamiento-municipio-valenciano,2026-07-18T11:05:35.425645+00:00
https://www.meneame.net/story/hombre-transgenero-pareja-no-binaria-da-luz-bebe-usando-esperma,lgtbi,ok,3231182,61,1,,2026-07-18T10:42:10.789021+00:00
https://www.meneame.net/story/homofobia-en-italia,lgtbi,ok,3795982,13,1,,2026-07-18T10:42:11.463218+00:00
https://www.meneame.net/story/homofobia-venezuela-detenidos-33-hombres-sauna-acusados-ultraje,lgtbi,no_disponible,,,2,404 Client Error: Not Found for url: https://www.meneame.net/story/homofobia-venezuela-detenidos-33-hombres-sauna-acusados-ultraje,2026-07-18T11:05:35.985328+00:00
https://www.meneame.net/story/homosexual-catalan-no-pregunta-respuesta-hormiguero-escandalizo,lgtbi,no_disponible,,,2,404 Client Error: Not Found for url: https://www.meneame.net/story/homosexual-catalan-no-pregunta-respuesta-hormiguero-escandalizo,2026-07-18T11:05:36.549252+00:00
https://www.meneame.net/story/homosexualidad-comunismo-copa-menstrual-the-last-of-us-ha,lgtbi,ok,3788556,306,1,,2026-07-18T10:42:13.609083+00:00
https://www.meneame.net/story/homosexualidad-mamiferos-tiene-utilidad-evolutiva,lgtbi,ok,3861643,15,1,,2026-07-18T10:42:14.287124+00:00
https://www.meneame.net/story/horror-huyen-refugiados-siria-video-360,inmigracion,ok,2479102,2,1,,2026-07-18T10:42:14.948801+00:00
https://www.meneame.net/story/hoy-hace-diez-anos-matrimonio-homosexual,lgtbi,ok,2438764,6,1,,2026-07-18T10:42:15.606414+00:00
https://www.meneame.net/story/huella-emigracion-espanola-ultimos-gallegos-rio-janeiro,inmigracion,ok,2634317,0,3,,2026-07-18T11:17:08.491222+00:00
https://www.meneame.net/story/hungria-cierra-principal-estacion-tren-budapest-deja-varados,inmigracion,ok,2471252,0,3,,2026-07-18T11:17:09.141013+00:00
https://www.meneame.net/story/hungria-convoca-referendum-2-octubre-sobre-cuotas-refugiados-ue,inmigracion,ok,2640762,26,1,,2026-07-18T10:42:17.566799+00:00
https://www.meneame.net/story/hungria-desafia-ue-celebra-este-domingo-referendum-xenofobo,inmigracion,ok,2679268,77,1,,2026-07-18T10:42:18.294354+00:00
https://www.meneame.net/story/hungria-expulsa-refugiados-hacia-tierra-nadie,inmigracion,ok,2641035,5,1,,2026-07-18T10:42:18.947247+00:00
https://www.meneame.net/story/hungria-orban-referente-gallardo-contra-inmigracion-derechos,inmigracion|lgtbi,ok,3771149,16,1,,2026-07-18T10:42:19.621508+00:00
https://www.meneame.net/story/hungria-podra-desplegar-ejercito-proteger-fronteras-ante-flujo,inmigracion,ok,2481302,13,1,,2026-07-18T10:42:20.286468+00:00
https://www.meneame.net/story/hungria-sometera-referendum-sistema-cuotas-refugiados-pactado,inmigracion,no_disponible,,,2,404 Client Error: Not Found for url: https://www.meneame.net/story/hungria-sometera-referendum-sistema-cuotas-refugiados-pactado,2026-07-18T11:06:08.979149+00:00
https://www.meneame.net/story/iglesia-catolica-alemania-bendecira-parejas-homosexuales-partir,lgtbi,ok,3789879,21,1,,2026-07-18T10:42:21.539456+00:00
https://www.meneame.net/story/iglesia-denuncia-ha-convertido-salvavidas-refugiados,inmigracion,no_disponible,,,2,404 Client Error: Not Found for url: https://www.meneame.net/story/iglesia-denuncia-ha-convertido-salvavidas-refugiados,2026-07-18T11:06:09.560854+00:00
https://www.meneame.net/story/ignacio-escolar-rojo-vivo-discurso-odio-contra-ana-julia-ser,inmigracion,no_disponible,,,2,404 Client Error: Not Found for url: https://www.meneame.net/story/ignacio-escolar-rojo-vivo-discurso-odio-contra-ana-julia-ser,2026-07-18T11:06:10.138654+00:00
https://www.meneame.net/story/ihomo-lesbiana-china-busca-marido-postizo-ayuda-aplicacion,lgtbi,ok,2528051,4,1,,2026-07-18T10:42:23.339064+00:00
https://www.meneame.net/story/imagenes-ultimos-refugiados-idomeni,inmigracion,ok,2619087,0,3,,2026-07-18T11:17:09.775109+00:00
https://www.meneame.net/story/immanuel-ness-capitalismo-neoliberal-forma-actual-no-puede-sin,inmigracion,ok,3838106,8,1,,2026-07-18T10:42:24.655127+00:00
https://www.meneame.net/story/impiden-adoptar-pareja-gay-porque-casa-muy-adulta,lgtbi,ok,2496208,6,1,,2026-07-18T10:42:25.311163+00:00
https://www.meneame.net/story/impiden-profesor-uam-impartir-conferencia-upf-sobre-transexuales,lgtbi,ok,3227298,148,1,,2026-07-18T10:42:26.117336+00:00
https://www.meneame.net/story/imponen-multa-32-000-euros-libreria-hungria-vender-novela-lgtbi,lgtbi,ok,3834830,121,1,,2026-07-18T10:42:26.895620+00:00
https://www.meneame.net/story/impuesto-gais-porque-no-pueden-tener-hijos,lgtbi,no_disponible,,,2,404 Client Error: Not Found for url: https://www.meneame.net/story/impuesto-gais-porque-no-pueden-tener-hijos,2026-07-18T11:06:26.592623+00:00
https://www.meneame.net/story/imputada-camara-hungara-golpeo-zancadilleo-refugiados-frontera,inmigracion,ok,2668573,20,1,,2026-07-18T10:42:28.172371+00:00
https://www.meneame.net/story/imputados-ocho-guardias-civiles-melilla-golpes-migrante,inmigracion,ok,2357866,9,1,,2026-07-18T10:42:28.874568+00:00
https://www.meneame.net/story/increible-caso-inmigrantes-vox-quieren-expulsar-inmigrantes,inmigracion,ok,3068372,46,1,,2026-07-18T10:42:29.590366+00:00
https://www.meneame.net/story/incrementa-366-llegada-inmigrantes-va-ano,inmigracion,no_disponible,,,2,404 Client Error: Not Found for url: https://www.meneame.net/story/incrementa-366-llegada-inmigrantes-va-ano,2026-07-18T11:06:27.161293+00:00
https://www.meneame.net/story/indemnizan-80-000-dolares-dos-lesbianas-detenidas-hawai-darse,lgtbi,ok,2617796,13,1,,2026-07-18T10:42:30.842257+00:00
https://www.meneame.net/story/indignacion-video-homofobo-testigos-jehova-veta-paraiso,lgtbi,ok,3072144,42,1,,2026-07-18T10:42:31.541455+00:00
https://www.meneame.net/story/inditex-reconoce-tiene-refugiados-sirios-trabajando-situacion,inmigracion,ok,2688469,28,1,,2026-07-18T10:42:32.232821+00:00
https://www.meneame.net/story/influyente-clerigo-iraqui-achaca-desastres-naturales-matrimonio,lgtbi,ok,3854688,24,1,,2026-07-18T10:42:32.892372+00:00
https://www.meneame.net/story/informacion-enlace-segundo-rapapolvo-judicial-intento-ultra,lgtbi,ok,3781146,8,1,,2026-07-18T10:42:33.560564+00:00
https://www.meneame.net/story/informacion-enlace-tres-detenidos-granada-uno-menor-agredir-gay,lgtbi,ok,3230882,11,1,,2026-07-18T10:42:34.249024+00:00
https://www.meneame.net/story/informe-oficial-detecta-miles-separaciones-ninos-migrantes-eeuu,inmigracion,ok,3069631,4,1,,2026-07-18T10:42:34.904383+00:00
https://www.meneame.net/story/informe-onu-denuncia-autoridades-panama-abusaron-sexualmente,inmigracion,ok,3779694,4,1,,2026-07-18T10:42:35.550198+00:00
https://www.meneame.net/story/ingresa-prision-segundo-refugiado-alemania-acusado-otras-dos,inmigracion,ok,2706281,43,1,,2026-07-18T10:42:36.252088+00:00
https://www.meneame.net/story/ingresan-prision-siete-refugiados-intentar-quemar-indigente,inmigracion,ok,2715173,48,1,,2026-07-18T10:42:36.972844+00:00
https://www.meneame.net/story/iniciativa-ciudadana-moviliza-transportar-cientos-refugiados,inmigracion,ok,2473173,1,1,,2026-07-18T10:42:37.643352+00:00
https://www.meneame.net/story/inmigracion-delincuencia-terrorismo-francia-pais-mas-violento-ue,inmigracion,ok,3845037,51,1,,2026-07-18T10:42:38.452396+00:00
https://www.meneame.net/story/inmigracion-eleva-empleo-alemania-sin-lastrar-salarios,inmigracion,ok,3132419,8,1,,2026-07-18T10:42:39.112361+00:00
https://www.meneame.net/story/inmigrante-planto-cara-neonazis-durante-marcha-este-sabado-sois,inmigracion,ok,2618159,19,1,,2026-07-18T10:42:39.801809+00:00
https://www.meneame.net/story/inmigrantes-buscan-empleo-negro-no-entiendo-este-pais-ofrece-no,inmigracion,ok,3801634,177,1,,2026-07-18T10:42:40.646751+00:00
https://www.meneame.net/story/inmigrantes-vestidos-ropa-guardia-civil-ceuta-dicen-sacaron,inmigracion,ok,3880815,10,1,,2026-07-18T10:42:41.309756+00:00
https://www.meneame.net/story/insolita-escena-teatro-maestranza-parte-publico-abuchea-escena,lgtbi,ok,3822633,33,1,,2026-07-18T10:42:41.973153+00:00
https://www.meneame.net/story/insoportable-situacion-49-inmigrantes-llevan-17-dias-varados,inmigracion,ok,3064683,1,1,,2026-07-18T10:42:42.627185+00:00
https://www.meneame.net/story/instituto-publico-madrid-impuso-pin-parental-charla-lgtbi-mitad,lgtbi,ok,3810903,93,1,,2026-07-18T10:42:43.359338+00:00
https://www.meneame.net/story/instrucciones-denunciar-delito-odio-utilicese-caso-lgtbqia-fobia,lgtbi,ok,3828482,31,1,,2026-07-18T10:42:44.027759+00:00
https://www.meneame.net/story/interior-condecora-guardias-civiles-melilla-absueltos-maltratar,inmigracion,ok,2613014,59,1,,2026-07-18T10:42:44.721468+00:00
https://www.meneame.net/story/interior-expulsara-espana-inmigrantes-protestaron-cie,inmigracion,ok,2686615,41,1,,2026-07-18T10:42:45.416274+00:00
https://www.meneame.net/story/interior-manipulo-tramite-administrativo-cubrir-puesto-asilo,inmigracion,ok,2482593,13,1,,2026-07-18T10:42:46.072936+00:00
https://www.meneame.net/story/internado-flotante-asi-barcaza-flotante-reino-unido-alojar,inmigracion,ok,3836090,14,1,,2026-07-18T10:42:46.759811+00:00
https://www.meneame.net/story/invertidos-paso-frente-historia-guerra-contra-homosexuales,lgtbi,ok,3827272,10,1,,2026-07-18T10:42:47.418438+00:00
https://www.meneame.net/story/irene-montero-partidaria-proceso-regularizacion-migrantes-espana,inmigracion,ok,3816401,54,1,,2026-07-18T10:42:48.135593+00:00
https://www.meneame.net/story/isis-publica-video-atacante-tren-alemania-prometiendo-mas,inmigracion,no_disponible,,,2,404 Client Error: Not Found for url: https://www.meneame.net/story/isis-publica-video-atacante-tren-alemania-prometiendo-mas,2026-07-18T11:06:27.743915+00:00
https://www.meneame.net/story/israel-insto-ue-presionar-egipto-acogiera-refugiados-gaza,inmigracion,ok,3871638,12,1,,2026-07-18T10:42:49.369906+00:00
https://www.meneame.net/story/italia-coordina-rescate-casi-dos-mil-inmigrantes-veinticuatro,inmigracion,ok,2451226,6,1,,2026-07-18T10:42:50.066807+00:00
https://www.meneame.net/story/italia-decreta-estado-emergencia-migratorio-durante-seis-meses-1,inmigracion,no_disponible,,,2,404 Client Error: Not Found for url: https://www.meneame.net/story/italia-decreta-estado-emergencia-migratorio-durante-seis-meses-1,2026-07-18T11:06:28.311813+00:00
https://www.meneame.net/story/italia-empieza-borrar-registro-madre-no-gestante-caso-parejas,lgtbi,ok,3837745,15,1,,2026-07-18T10:42:51.309616+00:00
https://www.meneame.net/story/italia-endurece-politica-expulsar-inmigrantes-sin-derecho-asilo,inmigracion,ok,3193198,12,1,,2026-07-18T10:42:51.980169+00:00
https://www.meneame.net/story/italia-impide-entrada-sicilia-buque-700-inmigrantes,inmigracion,ok,2448327,13,1,,2026-07-18T10:42:52.667287+00:00
https://www.meneame.net/story/italia-socorre-mas-mil-inmigrantes-mar,inmigracion,ok,3789955,13,1,,2026-07-18T10:42:53.340793+00:00
https://www.meneame.net/story/iu-desmarca-declaraciones-partido-feminista-sobre-transexualidad,lgtbi,ok,3223002,307,1,,2026-07-18T10:42:54.310132+00:00
https://www.meneame.net/story/ivan-espinosa-monteros-inmigrantes-no-tienen-trabajo-ni-dignidad,inmigracion,ok,3174131,76,1,,2026-07-18T10:42:55.074771+00:00
https://www.meneame.net/story/izquierda-unida-denunciada-tener-bandera-lgtbi-caseta-vela-santa,lgtbi,no_disponible,,,2,404 Client Error: Not Found for url: https://www.meneame.net/story/izquierda-unida-denunciada-tener-bandera-lgtbi-caseta-vela-santa,2026-07-18T11:06:28.875349+00:00
https://www.meneame.net/story/jakub-jankto-primer-futbolista-club-laliga-revelar,lgtbi,ok,3780381,171,1,,2026-07-18T10:42:56.482356+00:00
https://www.meneame.net/story/japon-duplicara-acogida-refugiados-60-2020,inmigracion,ok,3132181,10,1,,2026-07-18T10:42:57.160817+00:00
https://www.meneame.net/story/japon-rinde-inmigracion,inmigracion,ok,3138963,6,1,,2026-07-18T10:42:57.826585+00:00
https://www.meneame.net/story/javier-maroto-ser-gay-no-ha-supuesto-ningun-problema-ni-ventaja,lgtbi,ok,2436111,19,1,,2026-07-18T10:42:58.564243+00:00
https://www.meneame.net/story/jefe-fronteras-marruecos-explica-como-frenan-llegada-inmigrantes,inmigracion,ok,3168898,12,1,,2026-07-18T10:42:59.218427+00:00
https://www.meneame.net/story/jefe-inteligencia-alemana-dice-hay-milicianos-daesh-entre,inmigracion,ok,2559845,39,1,,2026-07-18T10:42:59.927369+00:00
https://www.meneame.net/story/jordi-graupera-candidato-independentista-dice-hijos-inmigrantes,inmigracion,no_disponible,,,2,404 Client Error: Not Found for url: https://www.meneame.net/story/jordi-graupera-candidato-independentista-dice-hijos-inmigrantes,2026-07-18T11:06:29.437665+00:00
https://www.meneame.net/story/jose-maria-gay-liebana-versus-juan-ramon-rallo,lgtbi,no_disponible,,,2,404 Client Error: Not Found for url: https://www.meneame.net/story/jose-maria-gay-liebana-versus-juan-ramon-rallo,2026-07-18T11:06:30.010185+00:00
https://www.meneame.net/story/joven-gradua-instituto-militar-vestido-mujer-protestar-homofobia,lgtbi,ok,2715613,3,1,,2026-07-18T10:43:01.755509+00:00
https://www.meneame.net/story/juez-imputa-exhibicionismo-pareja-gay-agredida-pasado-verano,lgtbi,no_disponible,,,2,404 Client Error: Not Found for url: https://www.meneame.net/story/juez-imputa-exhibicionismo-pareja-gay-agredida-pasado-verano,2026-07-18T11:06:30.581848+00:00
https://www.meneame.net/story/juez-marroqui-absuelve-dos-menores-lesbianas-detenidas-besarse,lgtbi,ok,2707416,69,1,,2026-07-18T10:43:03.103398+00:00
https://www.meneame.net/story/jueza-lugo-autoriza-cambio-nombre-menor-transexual,lgtbi,ok,2381865,1,1,,2026-07-18T10:43:03.873621+00:00
https://www.meneame.net/story/jugador-chelsea-niega-sea-gay-da-leccion-sobre-tolerancia,lgtbi,ok,3069703,4,1,,2026-07-18T10:43:04.990941+00:00
https://www.meneame.net/story/jugadora-billar-abandona-final-torneo-gales-no-competir-contra,lgtbi,ok,3876539,40,1,,2026-07-18T10:43:06.015686+00:00
https://www.meneame.net/story/jugadores-betis-contra-homofobia-cada-uno-haga-disfrute-consigo,lgtbi,ok,3823223,29,1,,2026-07-18T10:43:06.875474+00:00
https://www.meneame.net/story/junta-electoral-ordena-vox-retirar-lona-donde-tira-basura-lgtbi,lgtbi,no_disponible,,,2,404 Client Error: Not Found for url: https://www.meneame.net/story/junta-electoral-ordena-vox-retirar-lona-donde-tira-basura-lgtbi,2026-07-18T11:06:31.143425+00:00
https://www.meneame.net/story/junta-militar-niger-deroga-ley-2015-criminalizaba-trafico,inmigracion,ok,3880872,4,1,,2026-07-18T10:43:08.127232+00:00
https://www.meneame.net/story/junts-apoya-alcaldes-piden-expulsar-migrantes-multireincidentes,inmigracion,ok,3887729,62,1,,2026-07-18T10:43:08.879634+00:00
https://www.meneame.net/story/junts-endurece-tono-migracion-emula-discurso-extrema-derecha,inmigracion,ok,3889297,42,1,,2026-07-18T10:43:09.573074+00:00
https://www.meneame.net/story/justicia-britanica-declara-ilegal-deportacion-refugiados-ruanda,inmigracion,ok,3876486,11,1,,2026-07-18T10:43:10.311644+00:00
https://www.meneame.net/story/justicia-da-razon-gobierno-puente-banderas-lgtbi-balcon-eran,lgtbi,no_disponible,,,2,404 Client Error: Not Found for url: https://www.meneame.net/story/justicia-da-razon-gobierno-puente-banderas-lgtbi-balcon-eran,2026-07-18T11:06:31.719682+00:00
https://www.meneame.net/story/justicia-europea-dictamina-prohibicion-homosexuales-donar-sangre,lgtbi,no_disponible,,,2,404 Client Error: Not Found for url: https://www.meneame.net/story/justicia-europea-dictamina-prohibicion-homosexuales-donar-sangre,2026-07-18T11:06:32.277363+00:00
https://www.meneame.net/story/justicia-italiana-censura-retorica-xenofoba-liga-salvini-llamar,inmigracion,ok,3846938,5,1,,2026-07-18T10:43:12.146115+00:00
https://www.meneame.net/story/justicia-rechaza-quitar-bandera-lgtbi-cortes-castilla-leon-como,lgtbi,ok,3830099,44,1,,2026-07-18T10:43:12.847222+00:00
https://www.meneame.net/story/justin-fashanu-dia-contra-homofobia-futbol-sombra-salir-armario,lgtbi,ok,3085502,0,3,,2026-07-18T11:17:10.411931+00:00
https://www.meneame.net/story/justin-fashanu-dia-contra-homofobia-futbol-sombra-salir-armario-1,lgtbi,ok,3254668,1,1,,2026-07-18T10:43:14.188776+00:00
https://www.meneame.net/story/lalin-acogera-refugiados-cuestion-humanidad,inmigracion,no_disponible,,,2,404 Client Error: Not Found for url: https://www.meneame.net/story/lalin-acogera-refugiados-cuestion-humanidad,2026-07-18T11:06:48.746666+00:00
https://www.meneame.net/story/lapidados-arrojados-desde-azoteas-asi-mata-estado-islamico,lgtbi,ok,2629760,16,1,,2026-07-18T10:43:15.566574+00:00
https://www.meneame.net/story/lesbianas-espana-rural-nos-sentimos-mas-seguras-pueblo-ciudad,lgtbi,ok,3112275,10,1,,2026-07-18T10:43:16.248061+00:00
https://www.meneame.net/story/ley-inmigracion-crea-nueva-crisis-politica-francia-abre-grietas,inmigracion,ok,3888845,3,1,,2026-07-18T10:43:16.920250+00:00
https://www.meneame.net/story/ley-legalizo-familias-lgtbi-cumple-18-anos-gente-ahora-parece,lgtbi,ok,3861113,9,1,,2026-07-18T10:43:17.614559+00:00
https://www.meneame.net/story/ley-prohibe-cesion-masiva-datos-sanitarios-inmigrantes-policia,inmigracion,ok,3065898,19,1,,2026-07-18T10:43:18.395877+00:00
https://www.meneame.net/story/ley-trans-eleva-espana-cuarto-puesto-ranking-paises-mas-derechos,lgtbi,ok,3811868,67,1,,2026-07-18T10:43:19.128619+00:00
https://www.meneame.net/story/libertad-espanol-detenido-marrakech-practicar-homosexualidad,lgtbi,ok,2701531,19,1,,2026-07-18T10:43:19.833532+00:00
https://www.meneame.net/story/libia-ataque-sobre-centro-migrantes-libia-calificado-como-crimen,inmigracion,ok,3151253,15,1,,2026-07-18T10:43:20.510830+00:00
https://www.meneame.net/story/librerias-hungaras-empiezan-precintar-libros-infantiles-lgtbi,lgtbi,ok,3837696,50,1,,2026-07-18T10:43:21.218305+00:00
https://www.meneame.net/story/libro-bachillerato-culpa-mujeres-inmigrantes-paro,inmigracion,no_disponible,,,2,404 Client Error: Not Found for url: https://www.meneame.net/story/libro-bachillerato-culpa-mujeres-inmigrantes-paro,2026-07-18T11:06:49.314802+00:00
https://www.meneame.net/story/libro-visibiliza-realidad-transexualidad-infancia,lgtbi,ok,2673532,2,1,,2026-07-18T10:43:22.478507+00:00
https://www.meneame.net/story/limpio-culo-bandera-gay-respuesta-cocinero-expulsado-salon-manga,lgtbi,ok,3781715,24,1,,2026-07-18T10:43:23.188219+00:00
https://www.meneame.net/story/lista-compra-centro-refugiados-vallecas-incluye-400-botellas,inmigracion,no_disponible,,,2,404 Client Error: Not Found for url: https://www.meneame.net/story/lista-compra-centro-refugiados-vallecas-incluye-400-botellas,2026-07-18T11:06:49.886181+00:00
https://www.meneame.net/story/llamas-ira-teorias-conspiratorias-grecia-provocan-cacerias,inmigracion,ok,3850171,14,1,,2026-07-18T10:43:24.479057+00:00
https://www.meneame.net/story/llega-almeria-patera-diez-ocupantes,inmigracion,ok,2459625,0,3,,2026-07-18T11:17:11.051469+00:00
https://www.meneame.net/story/llega-europa-refugiada-105-anos-duelen-piernas-pero-estoy-bien,inmigracion,no_disponible,,,2,404 Client Error: Not Found for url: https://www.meneame.net/story/llega-europa-refugiada-105-anos-duelen-piernas-pero-estoy-bien,2026-07-18T11:07:06.470748+00:00
https://www.meneame.net/story/llega-hierro-cayuco-320-inmigrantes-mas-numeroso-desde-abrio,inmigracion,ok,3868038,38,1,,2026-07-18T10:43:26.429214+00:00
https://www.meneame.net/story/llega-melilla-patera-migrantes-antes-huir-prenden-fuego,inmigracion,ok,3890174,9,1,,2026-07-18T10:43:27.139344+00:00
https://www.meneame.net/story/llega-patera-14-personas-silla-ruedas-playa-sur-gran-canaria,inmigracion,ok,2492020,2,1,,2026-07-18T10:43:27.800571+00:00
https://www.meneame.net/story/llega-patera-playa-redes-puerto-tripulante-fallecido,inmigracion,ok,3860008,0,3,,2026-07-18T11:17:11.699608+00:00
https://www.meneame.net/story/llegada-masiva-migrantes-hierro-isla-recibe-1-213-personas-48,inmigracion,ok,3862307,245,1,,2026-07-18T10:43:29.476122+00:00
https://www.meneame.net/story/llegan-espana-155-refugiados-sirios-procedentes-libano,inmigracion,ok,2650563,47,1,,2026-07-18T10:43:30.208995+00:00
https://www.meneame.net/story/llegan-nuevas-pateras-costas-almeria,inmigracion,ok,3841237,9,1,,2026-07-18T10:43:30.892969+00:00
https://www.meneame.net/story/lobby-provida-contra-derechos-gais-asesora-rajoy-politicas,lgtbi,ok,2395566,11,1,,2026-07-18T10:43:31.553276+00:00
https://www.meneame.net/story/localizada-patera-granada-22-ocupantes,inmigracion,ok,2401214,0,3,,2026-07-18T11:17:12.337711+00:00
https://www.meneame.net/story/londres-dice-rusia-recluta-migrantes-asiaticos-combatir-ucrania,inmigracion,no_disponible,,,2,404 Client Error: Not Found for url: https://www.meneame.net/story/londres-dice-rusia-recluta-migrantes-asiaticos-combatir-ucrania,2026-07-18T11:07:38.832981+00:00
https://www.meneame.net/story/loteria-sirvientas-iglesias-madrid-sortean-empleos-inmigrantes,inmigracion,ok,3798041,2,1,,2026-07-18T10:43:33.490366+00:00
https://www.meneame.net/story/luc-andre-diouf-inmigrante-sin-papeles-diputado-congreso,inmigracion,ok,3120115,27,1,,2026-07-18T10:43:34.171892+00:00
https://www.meneame.net/story/lucha-mujer-100-anos-contra-censura-libros-lgtbi-florida-nazis,lgtbi,ok,3794958,23,1,,2026-07-18T10:43:34.860293+00:00
https://www.meneame.net/story/luna-revista-noctambula-crearon-artistas-republicanos-refugiados,inmigracion,ok,3886005,0,3,,2026-07-18T11:17:12.994917+00:00
https://www.meneame.net/story/macedonia-abre-frontera-grecia-cientos-refugiados,inmigracion,ok,2466581,1,1,,2026-07-18T10:43:36.214006+00:00
https://www.meneame.net/story/macedonia-levanta-valla-frontera-grecia-impedir-puntos-ilegales,inmigracion,ok,2519355,2,1,,2026-07-18T10:43:36.876047+00:00
https://www.meneame.net/story/machismo-racismo-lgtbifobia-apenas-minuto-bochornoso-video-aznar,lgtbi,ok,3816499,95,1,,2026-07-18T10:43:37.687111+00:00
https://www.meneame.net/story/madre-cede-vientre-hijo-gay-pueda-ser-padre,lgtbi,ok,3149371,38,1,,2026-07-18T10:43:38.407757+00:00
https://www.meneame.net/story/madrid-cambia-stand-fitur-parecer-gay,lgtbi,ok,2344531,99,1,,2026-07-18T10:43:39.177539+00:00
https://www.meneame.net/story/madrid-desbordada-llegada-refugiados,inmigracion,ok,3197419,7,1,,2026-07-18T10:43:39.845428+00:00
https://www.meneame.net/story/madrid-descubren-tres-bloques-pisos-reformados-pisos-patera,inmigracion,ok,3887959,2,1,,2026-07-18T10:43:40.502521+00:00
https://www.meneame.net/story/madrid-vuelve-estar-desbordado-llegada-refugiados-68-familias,inmigracion,no_disponible,,,2,404 Client Error: Not Found for url: https://www.meneame.net/story/madrid-vuelve-estar-desbordado-llegada-refugiados-68-familias,2026-07-18T11:07:55.308830+00:00
https://www.meneame.net/story/magnate-egipcio-quiere-comprar-isla-refugiados-ya-ha-escrito-sin,inmigracion,ok,2478349,17,1,,2026-07-18T10:43:41.749096+00:00
https://www.meneame.net/story/malasia-detiene-mas-1-000-inmigrantes-frente-costas,inmigracion,ok,2408084,0,3,,2026-07-18T11:17:13.635412+00:00
https://www.meneame.net/story/malestar-malpartida-caceres-llegada-sin-aviso-140-inmigrantes,inmigracion,ok,3869234,19,1,,2026-07-18T10:43:43.116573+00:00
https://www.meneame.net/story/manifestantes-ultra-queman-estelades-barcelona-insultan-12,inmigracion,no_disponible,,,2,404 Client Error: Not Found for url: https://www.meneame.net/story/manifestantes-ultra-queman-estelades-barcelona-insultan-12,2026-07-18T11:08:11.800349+00:00
https://www.meneame.net/story/mano-obra-migrante-fundamental-sustento-agricultura-europea,inmigracion,no_disponible,,,2,404 Client Error: Not Found for url: https://www.meneame.net/story/mano-obra-migrante-fundamental-sustento-agricultura-europea,2026-07-18T11:08:12.371534+00:00
https://www.meneame.net/story/manuela-carmena-ada-colau-dieron-700-000-publicos-rescate,inmigracion,no_disponible,,,2,404 Client Error: Not Found for url: https://www.meneame.net/story/manuela-carmena-ada-colau-dieron-700-000-publicos-rescate,2026-07-18T11:08:13.005361+00:00
https://www.meneame.net/story/mapa-crisis-refugiados-leer-mas-refugiados-mapa-crisis-noticias,inmigracion,ok,2469994,0,3,,2026-07-18T11:17:14.278542+00:00
https://www.meneame.net/story/marcela-elisa-unicas-lesbianas-casaron-iglesia-amar-puede-ser,lgtbi,no_disponible,,,2,404 Client Error: Not Found for url: https://www.meneame.net/story/marcela-elisa-unicas-lesbianas-casaron-iglesia-amar-puede-ser,2026-07-18T11:08:29.506348+00:00
https://www.meneame.net/story/maria-eugenia-gay-numero-dos-candidatura-collboni-barcelona,lgtbi,ok,3785918,5,1,,2026-07-18T10:43:46.856633+00:00
https://www.meneame.net/story/maricon-deberia-significar-valiente-unos-argumentos-contra,lgtbi,no_disponible,,,2,404 Client Error: Not Found for url: https://www.meneame.net/story/maricon-deberia-significar-valiente-unos-argumentos-contra,2026-07-18T11:08:30.077762+00:00
https://www.meneame.net/story/maroto-hay-mas-gais-nuevas-generaciones-pp-todas-asociaciones,lgtbi,ok,3067881,93,1,,2026-07-18T10:43:48.178869+00:00
https://www.meneame.net/story/maroto-pp-reconoce-decir-hay-muchos-yihadistas-entre-refugiados,inmigracion,no_disponible,,,2,404 Client Error: Not Found for url: https://www.meneame.net/story/maroto-pp-reconoce-decir-hay-muchos-yihadistas-entre-refugiados,2026-07-18T11:08:30.638902+00:00
https://www.meneame.net/story/marruecos-cierra-frontera-espana-avalancha-inmigrantes-sirios,inmigracion,ok,2478033,10,1,,2026-07-18T10:43:49.460870+00:00
https://www.meneame.net/story/marruecos-controla-pateras-tras-sinfin-favores-parte-espana,inmigracion,ok,3168711,9,1,,2026-07-18T10:43:50.136305+00:00
https://www.meneame.net/story/mas-2-000-inmigrantes-han-muerto-intentando-cruzar-mediterraneo,inmigracion,ok,2458094,3,1,,2026-07-18T10:43:50.785757+00:00
https://www.meneame.net/story/mas-200-inmigrantes-realizan-nuevo-salto-masivo-valla-fronteriza,inmigracion,ok,2707205,17,1,,2026-07-18T10:43:51.454134+00:00
https://www.meneame.net/story/mas-350-migrantes-esperan-puerto-tras-ultimo-rescate-aita-mari,inmigracion,ok,3215673,12,1,,2026-07-18T10:43:52.147235+00:00
https://www.meneame.net/story/mas-50-supuestos-menores-migrantes-canarias-son-mayores-edad,inmigracion,ok,3872543,5,1,,2026-07-18T10:43:52.887563+00:00
https://www.meneame.net/story/mas-53-000-migrantes-irregulares-llegan-espana-2023-segundo-dato,inmigracion,ok,3891698,15,1,,2026-07-18T10:43:53.553762+00:00
https://www.meneame.net/story/mas-6-400-inmigrantes-seran-repartidos-francia-tras-jungla,inmigracion,ok,2688493,7,1,,2026-07-18T10:43:54.209607+00:00
https://www.meneame.net/story/mas-600-000-ucranianos-han-pedido-asilo-rusia,inmigracion,ok,2476601,10,1,,2026-07-18T10:43:54.886400+00:00
https://www.meneame.net/story/mas-madrid-lleva-defensor-pueblo-derogaciones-encubiertas-ayuso,lgtbi,ok,3889017,0,3,,2026-07-18T11:17:14.952362+00:00
https://www.meneame.net/story/mas-mitad-espanoles-considera-migrantes-fortalecen-pais,inmigracion,no_disponible,,,2,404 Client Error: Not Found for url: https://www.meneame.net/story/mas-mitad-espanoles-considera-migrantes-fortalecen-pais,2026-07-18T11:08:47.121867+00:00
https://www.meneame.net/story/mas-mitad-jovenes-homosexuales-sufre-acoso-escolar,lgtbi,no_disponible,,,2,404 Client Error: Not Found for url: https://www.meneame.net/story/mas-mitad-jovenes-homosexuales-sufre-acoso-escolar,2026-07-18T11:08:47.689423+00:00
https://www.meneame.net/story/matar-gays-otras-aberraciones-democracia-directa,lgtbi,ok,2417648,11,1,,2026-07-18T10:43:57.358342+00:00
https://www.meneame.net/story/matteo-salvini-14-meses-bloqueo-14-barcos-3-000-inmigrantes,inmigracion,no_disponible,,,2,404 Client Error: Not Found for url: https://www.meneame.net/story/matteo-salvini-14-meses-bloqueo-14-barcos-3-000-inmigrantes,2026-07-18T11:08:48.297470+00:00
https://www.meneame.net/story/mayores-lgtb-condenados-silencio-tienden-volver-armario-partir,lgtbi,ok,3226337,4,1,,2026-07-18T10:43:58.611673+00:00
https://www.meneame.net/story/mayoria-nuevo-empleo-creado-espana-cubre-inmigrantes,inmigracion,ok,3835737,23,1,,2026-07-18T10:43:59.318396+00:00
https://www.meneame.net/story/mayoria-votantes-cree-auge-vox-rechazo-inmigracion,inmigracion,no_disponible,,,2,404 Client Error: Not Found for url: https://www.meneame.net/story/mayoria-votantes-cree-auge-vox-rechazo-inmigracion,2026-07-18T11:08:48.865952+00:00
https://www.meneame.net/story/medicacion-semenya-represion-contra-marcha-lgtbiq-cuba,lgtbi,ok,3128530,5,1,,2026-07-18T10:44:00.545132+00:00
https://www.meneame.net/story/medio-centenar-detenciones-contra-narcotrafico-inmigracion-cadiz,inmigracion,ok,3202395,9,1,,2026-07-18T10:44:01.237320+00:00
https://www.meneame.net/story/medio-centenar-inmigrantes-entran-melilla-mayor-asalto-valla,inmigracion,ok,3125979,22,1,,2026-07-18T10:44:01.912068+00:00
https://www.meneame.net/story/mein-katalampf-manifiesto-tilda-castellano-lengua-inmigrantes,inmigracion,no_disponible,,,2,404 Client Error: Not Found for url: https://www.meneame.net/story/mein-katalampf-manifiesto-tilda-castellano-lengua-inmigrantes,2026-07-18T11:08:49.433977+00:00
https://www.meneame.net/story/meloni-cambia-politica-migratoria-europa-italia-tienen-necesidad,inmigracion,ok,3838041,105,1,,2026-07-18T10:44:03.247149+00:00
https://www.meneame.net/story/meloni-pide-ayuda-ong-ante-fuerte-aumento-llegadas-migrantes,inmigracion,ok,3844548,96,1,,2026-07-18T10:44:03.999945+00:00
https://www.meneame.net/story/menores-inmigrantes-suman-concentracion-vecinos-hortaleza-contra,inmigracion,ok,3222705,14,1,,2026-07-18T10:44:04.676662+00:00
https://www.meneame.net/story/menores-migrantes-huyen-marruecos,inmigracion,no_disponible,,,2,404 Client Error: Not Found for url: https://www.meneame.net/story/menores-migrantes-huyen-marruecos,2026-07-18T11:08:49.994969+00:00
https://www.meneame.net/story/menos-10-000-ninos-refugiados-han-desaparecido-europa,inmigracion,ok,2555933,15,1,,2026-07-18T10:44:05.933589+00:00
https://www.meneame.net/story/menos-106-muertos-72-heridos-naufragar-barcaza-refugiados-frente,inmigracion,ok,2542103,8,1,,2026-07-18T10:44:06.683518+00:00
https://www.meneame.net/story/menos-22-muertos-naufragar-dos-barcos-inmigrantes-frente-costas,inmigracion,ok,2550183,3,1,,2026-07-18T10:44:07.344048+00:00
https://www.meneame.net/story/menos-239-inmigrantes-desaparecidos-dos-naufragios-mediterraneo,inmigracion,ok,2692595,0,3,,2026-07-18T11:17:15.594973+00:00
https://www.meneame.net/story/menos-29-muertos-tras-naufragio-barco-600-inmigrantes-frente,inmigracion,ok,2674802,2,1,,2026-07-18T10:44:08.730592+00:00
https://www.meneame.net/story/menos-37-inmigrantes-muertos-hundirse-embarcacion-costas-libias,inmigracion,ok,2470625,7,1,,2026-07-18T10:44:09.452964+00:00
https://www.meneame.net/story/menos-37-muertos-incendiarse-centro-inmigrantes-mexico,inmigracion,no_disponible,,,2,404 Client Error: Not Found for url: https://www.meneame.net/story/menos-37-muertos-incendiarse-centro-inmigrantes-mexico,2026-07-18T11:09:06.628112+00:00
https://www.meneame.net/story/menos-59-migrantes-mueren-hundirse-embarcacion-costa-italiana,inmigracion,ok,3785330,9,1,,2026-07-18T10:44:10.700482+00:00
https://www.meneame.net/story/mensaje-trump-todos-premios-nobel-eeuu-2016-son-inmigrantes,inmigracion,ok,2683427,33,1,,2026-07-18T10:44:11.391064+00:00
https://www.meneame.net/story/mentiras-casado-sobre-plan-adopcion-mujeres-inmigrantes-exp,inmigracion,ok,3097678,35,1,,2026-07-18T10:44:12.081435+00:00
https://www.meneame.net/story/merkel-aboga-reduccion-sensible-flujo-refugiados-interes-todos,inmigracion,ok,2528308,4,1,,2026-07-18T10:44:12.767334+00:00
https://www.meneame.net/story/merkel-escuda-espana-defenderse-criticas-politica-sobre,inmigracion,ok,2665141,6,1,,2026-07-18T10:44:13.435076+00:00
https://www.meneame.net/story/mexico-anuncia-despliegue-6-000-guardias-frenar-inmigracion-asi,inmigracion,ok,3138483,11,1,,2026-07-18T10:44:14.105978+00:00
https://www.meneame.net/story/miedo-inmigracion-entra-campana-reino-unido,inmigracion,ok,2403212,9,1,,2026-07-18T10:44:14.763284+00:00
https://www.meneame.net/story/miembro-equipo-irene-montero-arrestado-santiago-deteneis-porque,lgtbi,no_disponible,,,2,404 Client Error: Not Found for url: https://www.meneame.net/story/miembro-equipo-irene-montero-arrestado-santiago-deteneis-porque,2026-07-18T11:09:07.200324+00:00
https://www.meneame.net/story/miles-inmigrantes-rompen-cordon-policial-gevgelija-macedonia,inmigracion,ok,2466720,14,1,,2026-07-18T10:44:15.997936+00:00
https://www.meneame.net/story/miles-refugiados-dejan-idomeni-cruzar-frontera-macedonia,inmigracion,no_disponible,,,2,404 Client Error: Not Found for url: https://www.meneame.net/story/miles-refugiados-dejan-idomeni-cruzar-frontera-macedonia,2026-07-18T11:09:07.775561+00:00
https://www.meneame.net/story/miles-refugiados-esperan-hacinados-macedonia-tren-les-lleve,inmigracion,ok,2465280,10,1,,2026-07-18T10:44:17.220556+00:00
https://www.meneame.net/story/millon-homosexuales-trans-han-sufrido-acoso-ultimos-5-anos-300,lgtbi,ok,3813891,56,1,,2026-07-18T10:44:17.957324+00:00
https://www.meneame.net/story/ministra-britanica-igualdad-alerta-contra-epidemia-ninos-gay-les,lgtbi,ok,3884990,20,1,,2026-07-18T10:44:18.852834+00:00
https://www.meneame.net/story/ministra-justicia-paises-bajos-nacio-turquia-hija-refugiados,inmigracion,ok,3841150,40,1,,2026-07-18T10:44:19.535125+00:00
https://www.meneame.net/story/ministra-noruega-traje-buzo-siento-como-refugiado,inmigracion,no_disponible,,,2,404 Client Error: Not Found for url: https://www.meneame.net/story/ministra-noruega-traje-buzo-siento-como-refugiado,2026-07-18T11:09:08.347085+00:00
https://www.meneame.net/story/ministro-interior-italiano-propone-inmigrantes-trabajen-gratis,inmigracion,ok,2406212,40,1,,2026-07-18T10:44:20.801600+00:00
https://www.meneame.net/story/miserable-articulo-abc-desde-vocento-justifican-asesinato-daniel,lgtbi,ok,3844544,179,1,,2026-07-18T10:44:21.696119+00:00
https://www.meneame.net/story/mision-rescate-msf-salva-128-inmigrantes-viajaban-bote-hinchable,inmigracion,ok,2470100,1,1,,2026-07-18T10:44:22.361064+00:00
https://www.meneame.net/story/mitad-personas-lgtbi-ocultan-orientacion-sexual-trabajo,lgtbi,ok,3836949,63,1,,2026-07-18T10:44:23.096056+00:00
https://www.meneame.net/story/mitad-tenistas-son-lesbianas-ello-no-dejaria-hija-jugara-tenis,lgtbi,ok,2444658,19,1,,2026-07-18T10:44:23.772633+00:00
https://www.meneame.net/story/morales-dice-no-entender-relaciones-homosexuales-agrega-hay,lgtbi,ok,2639856,30,1,,2026-07-18T10:44:24.501455+00:00
https://www.meneame.net/story/mossos-localizan-diez-refugiados-kurdos-camion-mango-procedente,inmigracion,no_disponible,,,2,404 Client Error: Not Found for url: https://www.meneame.net/story/mossos-localizan-diez-refugiados-kurdos-camion-mango-procedente,2026-07-18T11:09:08.931520+00:00
https://www.meneame.net/story/motin-pasajeros-avion-air-maroc-frustra-deportacion-persona-gran,inmigracion,ok,3820170,89,1,,2026-07-18T10:44:25.908116+00:00
https://www.meneame.net/story/movimiento-lgtbi-critica-pactos-cs-murcia-gente-nos-considera,lgtbi,ok,3140986,14,1,,2026-07-18T10:44:26.575038+00:00
https://www.meneame.net/story/muere-refugiado-paquistani-tras-escapar-estacion-tren-bicske,inmigracion,ok,2473366,0,3,,2026-07-18T11:17:16.239619+00:00
https://www.meneame.net/story/mueren-26-migrantes-calcinados-llamas-bosque-cercano-ciudad,inmigracion,ok,3847400,3,1,,2026-07-18T10:44:27.974125+00:00
https://www.meneame.net/story/mueren-400-inmigrantes-naufragio-embarcacion-mediterraneo,inmigracion,no_disponible,,,2,404 Client Error: Not Found for url: https://www.meneame.net/story/mueren-400-inmigrantes-naufragio-embarcacion-mediterraneo,2026-07-18T11:09:25.526527+00:00
https://www.meneame.net/story/mueren-casi-60-personas-naufragio-patera-iba-canarias,inmigracion,ok,3221314,100,1,,2026-07-18T10:44:29.288569+00:00
https://www.meneame.net/story/mueren-once-subsaharianos-tras-naufragar-patera-viajaban-islas,inmigracion,ok,2524822,4,1,,2026-07-18T10:44:30.069017+00:00
https://www.meneame.net/story/mueren-tres-hombres-incendio-cochera-marmol-jaen,inmigracion,ok,2714047,5,1,,2026-07-18T10:44:30.817390+00:00
https://www.meneame.net/story/mueren-unos-40-inmigrantes-nuevo-naufragio-mediterraneo,inmigracion,ok,2451538,13,1,,2026-07-18T10:44:31.498353+00:00
https://www.meneame.net/story/muerte-vida-grandes-paises-europeos-sin-migrantes,inmigracion,no_disponible,,,2,404 Client Error: Not Found for url: https://www.meneame.net/story/muerte-vida-grandes-paises-europeos-sin-migrantes,2026-07-18T11:09:26.101934+00:00
https://www.meneame.net/story/muerto-dos-heridos-tras-ataque-hombre-armado-machete-alemania,inmigracion,ok,2649646,266,1,,2026-07-18T10:44:33.039749+00:00
https://www.meneame.net/story/mujer-ataco-dos-lesbianas-metro-barcelona-disculpa,lgtbi,ok,3154246,37,1,,2026-07-18T10:44:33.733960+00:00
https://www.meneame.net/story/mujer-dueno-aldi-deja-marido-refugiado-afgano,inmigracion,no_disponible,,,2,404 Client Error: Not Found for url: https://www.meneame.net/story/mujer-dueno-aldi-deja-marido-refugiado-afgano,2026-07-18T11:09:26.719181+00:00
https://www.meneame.net/story/mujer-muerta-nino-desaparecido-tras-volcar-patera-ante-playa,inmigracion,ok,3124126,0,3,,2026-07-18T11:17:16.880224+00:00
https://www.meneame.net/story/mujer-pedro-sanchez-denuncia-pilar-baselga-difundir-bulo,lgtbi,ok,3786066,86,1,,2026-07-18T10:44:35.794133+00:00
https://www.meneame.net/story/multado-16-900-ruido-tienda-chueca-pleno-orgullo-gay,lgtbi,ok,2416609,24,1,,2026-07-18T10:44:36.468178+00:00
https://www.meneame.net/story/multas-hasta-50-000-euros-barcos-entren-sin-permiso-aguas,inmigracion,ok,3140820,20,1,,2026-07-18T10:44:37.184977+00:00
https://www.meneame.net/story/mundo-rompe-detector-racismo-noticia-sobre-menores-migrantes-ex,inmigracion,ok,3766372,9,1,,2026-07-18T10:44:37.880492+00:00
https://www.meneame.net/story/murcianos-guerrilla-emigrante-actuo-mayoritariamente-tierras,inmigracion,ok,3202536,0,3,,2026-07-18T11:17:17.568967+00:00
https://www.meneame.net/story/murio-cuando-venia-europa-notas-cosidas-ropa-vieramos-era-buen,inmigracion,ok,3104220,94,1,,2026-07-18T10:44:39.437805+00:00
https://www.meneame.net/story/musk-pregunta-alemanes-saben-gobierno-rescata-migrantes-responde,inmigracion,ok,3860576,223,1,,2026-07-18T10:44:40.430530+00:00
https://www.meneame.net/story/musk-visita-frontera-eeuu-soy-proinmigrante-pero-no-rompen-ley,inmigracion,ok,3860450,21,1,,2026-07-18T10:44:41.119666+00:00
https://www.meneame.net/story/nadia-otmani-soy-musulmana-soy-mujer-soy-inmigrante-todo-odia,inmigracion,ok,3217425,110,1,,2026-07-18T10:44:41.891314+00:00
https://www.meneame.net/story/naufraga-barco-700-inmigrantes-190-kilometros-lampedusa-segun,inmigracion,ok,2393519,91,1,,2026-07-18T10:44:42.675957+00:00
https://www.meneame.net/story/netanyahu-rechaza-acoger-refugiados-reforzara-fronteras,inmigracion,ok,2473922,41,1,,2026-07-18T10:44:43.473277+00:00
https://www.meneame.net/story/nformacion-enlace-alcalde-nueva-york-impone-restricciones-desde,inmigracion,ok,3891540,22,1,,2026-07-18T10:44:44.162187+00:00
https://www.meneame.net/story/ni-hamas-ni-egipto-permiten-corredor-refugiados-gaza,inmigracion,ok,3864961,17,1,,2026-07-18T10:44:44.883544+00:00
https://www.meneame.net/story/ni-identidad-ni-diversidad-almeida-vacia-reivindicaciones-lgtbiq,lgtbi,ok,3829090,24,1,,2026-07-18T10:44:45.570335+00:00
https://www.meneame.net/story/nina-muerta-13-desaparecidos-naufragio-refugiados-cerca-lesbos,inmigracion,no_disponible,,,2,404 Client Error: Not Found for url: https://www.meneame.net/story/nina-muerta-13-desaparecidos-naufragio-refugiados-cerca-lesbos,2026-07-18T11:09:59.129960+00:00
https://www.meneame.net/story/nina-siria-fallece-patera-despues-traficantes-tiraran-insulina,inmigracion,no_disponible,,,2,404 Client Error: Not Found for url: https://www.meneame.net/story/nina-siria-fallece-patera-despues-traficantes-tiraran-insulina,2026-07-18T11:09:59.719746+00:00
https://www.meneame.net/story/no-desanimes-hay-monton-pisos-gays-denunciado-casero-tras-negar,lgtbi,ok,3771405,98,1,,2026-07-18T10:44:47.528609+00:00
https://www.meneame.net/story/no-hay-asociar-inmigracion-inseguridad-recalca-alcaldesa-gijon,inmigracion,ok,3192239,26,1,,2026-07-18T10:44:48.215724+00:00
https://www.meneame.net/story/noche-franquismo-liquido-movimiento-lgtbi-torremolinos,lgtbi,ok,3152459,7,1,,2026-07-18T10:44:48.908238+00:00
https://www.meneame.net/story/noche-negociando-traficantes-refugiados,inmigracion,no_disponible,,,2,404 Client Error: Not Found for url: https://www.meneame.net/story/noche-negociando-traficantes-refugiados,2026-07-18T11:10:00.286358+00:00
https://www.meneame.net/story/noches-frente-samur-pedir-asilo-ley-todos-duermen-ninos-calle,inmigracion,ok,3198599,6,1,,2026-07-18T10:44:50.170282+00:00
https://www.meneame.net/story/noodles-leche-vuelven-gay-tu-bebe-bulos-homofobos-indonesia,lgtbi,ok,2615853,3,1,,2026-07-18T10:44:50.843660+00:00
https://www.meneame.net/story/noruega-propone-enviar-refugiados-isla-artico-donde-hay-mas-osos,inmigracion,ok,2478392,26,1,,2026-07-18T10:44:51.575139+00:00
https://www.meneame.net/story/nueva-agresion-homofoba-madrid-sale-calle-semana-negra-6,lgtbi,ok,2605621,9,1,,2026-07-18T10:44:52.235427+00:00
https://www.meneame.net/story/nueva-caza-brujas-vox-pide-nombres-apellidos-quienes-imparten,lgtbi,no_disponible,,,2,404 Client Error: Not Found for url: https://www.meneame.net/story/nueva-caza-brujas-vox-pide-nombres-apellidos-quienes-imparten,2026-07-18T11:10:00.864741+00:00
https://www.meneame.net/story/nueva-extrema-derecha-europea-populismo-antiinmigrante-cala,inmigracion,no_disponible,,,2,404 Client Error: Not Found for url: https://www.meneame.net/story/nueva-extrema-derecha-europea-populismo-antiinmigrante-cala,2026-07-18T11:10:01.431424+00:00
https://www.meneame.net/story/nueva-ultraderecha-griega-europa-puede-acoger-inmigrantes-pero,inmigracion,ok,3154387,36,1,,2026-07-18T10:44:54.073935+00:00
https://www.meneame.net/story/nueve-formas-gestionar-crisis-refugiados,inmigracion,ok,2473281,0,3,,2026-07-18T11:17:18.242166+00:00
https://www.meneame.net/story/nuevo-muro-trump-eeuu-tomara-adn-inmigrantes-investigar,inmigracion,ok,3205128,8,1,,2026-07-18T10:44:55.404382+00:00
https://www.meneame.net/story/numero-dos-albert-rivera-hay-derogar-matrimonio-homosexual,lgtbi,ok,3153508,35,1,,2026-07-18T10:44:56.098597+00:00
https://www.meneame.net/story/numero-inmigrantes-menores-no-acompanados-duplica-15-meses,inmigracion,ok,3156830,94,1,,2026-07-18T10:44:56.938753+00:00
https://www.meneame.net/story/numerosos-heridos-tiroteo-club-gay-orlando,lgtbi,no_disponible,,,2,404 Client Error: Not Found for url: https://www.meneame.net/story/numerosos-heridos-tiroteo-club-gay-orlando,2026-07-18T11:10:17.960842+00:00
https://www.meneame.net/story/obama-pide-supremo-legalice-matrimonio-homosexual,lgtbi,ok,2368519,2,1,,2026-07-18T10:44:58.197429+00:00
https://www.meneame.net/story/obispado-alcala-celebra-cursos-ilegales-clandestinos-curar,lgtbi,ok,3106846,12,1,,2026-07-18T10:44:58.870108+00:00
https://www.meneame.net/story/obispo-bilbao-denuncia-inhumano-cuotas-inmigrantes-ue,inmigracion,no_disponible,,,2,404 Client Error: Not Found for url: https://www.meneame.net/story/obispo-bilbao-denuncia-inhumano-cuotas-inmigrantes-ue,2026-07-18T11:10:18.531087+00:00
https://www.meneame.net/story/obispo-castellon-abre-proceso-cura-onda-bendecir-union,lgtbi,no_disponible,,,2,404 Client Error: Not Found for url: https://www.meneame.net/story/obispo-castellon-abre-proceso-cura-onda-bendecir-union,2026-07-18T11:10:19.117108+00:00
https://www.meneame.net/story/obispo-munilla-acusa-colectivo-lgtbi-desfigurar-simbolo-biblico,lgtbi,ok,3823312,56,1,,2026-07-18T10:45:00.751592+00:00
https://www.meneame.net/story/ocean-viking-baraja-espana-desembarcar-356-inmigrantes-vale,inmigracion,ok,3170822,14,1,,2026-07-18T10:45:01.438897+00:00
https://www.meneame.net/story/ocean-viking-rescata-otros-105-migrantes-pone-barco-limite-carga,inmigracion,ok,3169068,20,1,,2026-07-18T10:45:02.146951+00:00
https://www.meneame.net/story/ocho-bulos-sobre-migrantes-musulmanes-mas-han-circulado-esta,inmigracion,ok,3118084,41,1,,2026-07-18T10:45:02.864752+00:00
https://www.meneame.net/story/ocho-mil-euros-viaje-muerte-eramos-mas-100-migrantes-bodega,inmigracion,ok,3786150,14,1,,2026-07-18T10:45:03.626943+00:00
https://www.meneame.net/story/ofensiva-todo-mundo-contra-derechos-personas-lgtbi,lgtbi,ok,3830150,21,1,,2026-07-18T10:45:04.342102+00:00
https://www.meneame.net/story/once-detenidos-participar-boda-homosexual-senegal,lgtbi,ok,2535132,25,1,,2026-07-18T10:45:05.038343+00:00
https://www.meneame.net/story/onu-reprende-espana-maltrato-inmigrantes,inmigracion,ok,2411391,7,1,,2026-07-18T10:45:05.705769+00:00
https://www.meneame.net/story/onu-torre-burgo-asi-repuebla-laponia-espanola-inmigrantes,inmigracion,ok,3104566,1,1,,2026-07-18T10:45:06.373611+00:00
https://www.meneame.net/story/open-arms-compromete-espana-pide-asilo-urgente-31-menores,inmigracion,ok,3168907,29,1,,2026-07-18T10:45:07.258384+00:00
https://www.meneame.net/story/open-arms-logra-evacuar-ocho-migrantes-malta,inmigracion,ok,3168915,16,1,,2026-07-18T10:45:07.939263+00:00
https://www.meneame.net/story/open-arms-pide-asilo-31-menores-rescatados-embajada-espanola,inmigracion,no_disponible,,,2,404 Client Error: Not Found for url: https://www.meneame.net/story/open-arms-pide-asilo-31-menores-rescatados-embajada-espanola,2026-07-18T11:10:19.688014+00:00
https://www.meneame.net/story/open-arms-pide-urgentemente-puerto-seguro-llevar-121-inmigrantes,inmigracion,ok,3165396,40,1,,2026-07-18T10:45:09.262179+00:00
https://www.meneame.net/story/open-arms-propone-trasladar-espana-107-migrantes-avion-alquilado,inmigracion,ok,3171735,32,1,,2026-07-18T10:45:09.978443+00:00
https://www.meneame.net/story/operaciones-busqueda-rescate-mediterraneo-no-aumentan-intentos,inmigracion,ok,3841871,46,1,,2026-07-18T10:45:10.716773+00:00
https://www.meneame.net/story/organismo-internacional-defiende-irene-montero-fundacion-lgtbi,lgtbi,ok,3822931,43,1,,2026-07-18T10:45:11.432218+00:00
https://www.meneame.net/story/organizador-pitada-quiere-prohibir-castellano-examinar,inmigracion,no_disponible,,,2,404 Client Error: Not Found for url: https://www.meneame.net/story/organizador-pitada-quiere-prohibir-castellano-examinar,2026-07-18T11:10:20.262180+00:00
https://www.meneame.net/story/orgullo-arcoiris-multitudinario-planta-cara-extrema-derecha,lgtbi,ok,3152763,23,1,,2026-07-18T10:45:12.673764+00:00
https://www.meneame.net/story/orgullo-gay-madrid-interior-fabrico-informe-policial-orgullo,lgtbi,ok,3226317,5,1,,2026-07-18T10:45:13.349212+00:00
https://www.meneame.net/story/orgullo-gay-naquera-feudo-vox-negais-balcon-municipal-pero,lgtbi,ok,3829350,77,1,,2026-07-18T10:45:14.074232+00:00
https://www.meneame.net/story/orgullo-lgtbi-multicolor-reivindicativo-valencia-nos-quieren-les,lgtbi,ok,3828061,25,1,,2026-07-18T10:45:14.768360+00:00
https://www.meneame.net/story/orgullo-valencia-marcha-no-den-pasos-atras-derechos-lgtbi,lgtbi,ok,3827851,38,1,,2026-07-18T10:45:15.488989+00:00
https://www.meneame.net/story/ortega-smith-inmigracion-puede-traer-europa-pandemias,inmigracion,ok,3265582,78,1,,2026-07-18T10:45:16.246856+00:00
https://www.meneame.net/story/osuna-alcalde-psoe-artista-promociona-machismo-homofobia-dinero,lgtbi,no_disponible,,,2,404 Client Error: Not Found for url: https://www.meneame.net/story/osuna-alcalde-psoe-artista-promociona-machismo-homofobia-dinero,2026-07-18T11:10:20.831106+00:00
https://www.meneame.net/story/otras-protestas-pp-contra-negociacion-eta-aborto-matrimonio,lgtbi,ok,3080879,3,1,,2026-07-18T10:45:17.567747+00:00
https://www.meneame.net/story/otro-grupo-cursos-curar-homosexualidad-celebra-encuentros-sedes,lgtbi,ok,3111096,22,1,,2026-07-18T10:45:18.289486+00:00
https://www.meneame.net/story/otros-500-migrantes-rescatados-aguas-mediterraneo,inmigracion,ok,2685515,2,1,,2026-07-18T10:45:18.980079+00:00
https://www.meneame.net/story/ousman-umar-cuando-pateras-llegan-mar-batalla-esta-perdida,inmigracion,ok,3119319,12,1,,2026-07-18T10:45:19.711162+00:00
https://www.meneame.net/story/oxfam-denuncia-paises-ricos-han-reubicado-solo-1-39-refugiados,inmigracion,ok,2589247,5,1,,2026-07-18T10:45:20.417020+00:00
https://www.meneame.net/story/pablo-echenique-suspende-conferencia-londres-trabas-reino-unido,inmigracion,ok,2499687,9,1,,2026-07-18T10:45:21.096866+00:00
https://www.meneame.net/story/pablo-iglesias-planta-parlamento-europeo-ausenta-tras-pedir,inmigracion,no_disponible,,,2,404 Client Error: Not Found for url: https://www.meneame.net/story/pablo-iglesias-planta-parlamento-europeo-ausenta-tras-pedir,2026-07-18T11:10:21.420250+00:00
https://www.meneame.net/story/paco-clavel-hay-hacer-memoria-historica-colectivo-isabel-tenia,lgtbi,ok,3138970,3,1,,2026-07-18T10:45:22.414439+00:00
https://www.meneame.net/story/padre-angel-ver-voy-poder-bendecir-perro-no-homosexual,lgtbi,ok,3138688,48,1,,2026-07-18T10:45:23.204863+00:00
https://www.meneame.net/story/padre-mateen-contradice-fbi-fue-acto-homofobo-no-religioso,lgtbi,no_disponible,,,2,404 Client Error: Not Found for url: https://www.meneame.net/story/padre-mateen-contradice-fbi-fue-acto-homofobo-no-religioso,2026-07-18T11:10:21.996741+00:00
https://www.meneame.net/story/padre-youtuber-gay-llora-video-recordar-quiso-suicidarse-cuando,lgtbi,ok,2621272,1,1,,2026-07-18T10:45:24.619111+00:00
https://www.meneame.net/story/paises-tienen-mayor-poblacion-inmigrantes,inmigracion,ok,2556856,0,3,,2026-07-18T11:17:18.999312+00:00
https://www.meneame.net/story/paises-ue-han-dado-proteccion-temporal-mas-4-millones-refugiados,inmigracion,ok,3885031,6,1,,2026-07-18T10:45:26.021066+00:00
https://www.meneame.net/story/paliza-nueve-vigilantes-inmigrante-sin-billete-cercanias,inmigracion,no_disponible,,,2,404 Client Error: Not Found for url: https://www.meneame.net/story/paliza-nueve-vigilantes-inmigrante-sin-billete-cercanias,2026-07-18T11:10:38.660794+00:00
https://www.meneame.net/story/papa-bendice-alcaldes-cambio-cita-tratar-crisis-refugiados,inmigracion,no_disponible,,,2,404 Client Error: Not Found for url: https://www.meneame.net/story/papa-bendice-alcaldes-cambio-cita-tratar-crisis-refugiados,2026-07-18T11:10:39.224814+00:00
https://www.meneame.net/story/papa-francisco-abre-puerta-iglesia-divorciados-homosexuales,lgtbi,ok,2594559,20,1,,2026-07-18T10:45:27.840654+00:00
https://www.meneame.net/story/papa-francisco-aprueba-bendiciones-parejas-homosexuales-casadas,lgtbi,no_disponible,,,2,404 Client Error: Not Found for url: https://www.meneame.net/story/papa-francisco-aprueba-bendiciones-parejas-homosexuales-casadas,2026-07-18T11:10:39.792556+00:00
https://www.meneame.net/story/papa-recibe-audiencia-privada-transexual-espanol-pidio-apoyo,lgtbi,ok,2342290,2,1,,2026-07-18T10:45:29.083503+00:00
https://www.meneame.net/story/papa-reunio-estados-unidos-funcionaria-niega-licencias-gays,lgtbi,ok,2485831,9,1,,2026-07-18T10:45:29.759379+00:00
https://www.meneame.net/story/paradoja-laboral-espana-inmigrantes-estudiantes-desanimados-pais,inmigracion,ok,3870171,3,1,,2026-07-18T10:45:30.411082+00:00
https://www.meneame.net/story/pareja-denuncia-gay-agresion-homofoba-juez-les-imputa,lgtbi,ok,2351823,47,1,,2026-07-18T10:45:31.156932+00:00
https://www.meneame.net/story/pareja-homosexual-gana-batalla-custodia-nina-nacida-maternidad,lgtbi,no_disponible,,,2,404 Client Error: Not Found for url: https://www.meneame.net/story/pareja-homosexual-gana-batalla-custodia-nina-nacida-maternidad,2026-07-18T11:10:40.353157+00:00
https://www.meneame.net/story/pareja-lesbianas-mata-hijo-amputa-pene-porque-querian-fuera-nina,lgtbi,no_disponible,,,2,404 Client Error: Not Found for url: https://www.meneame.net/story/pareja-lesbianas-mata-hijo-amputa-pene-porque-querian-fuera-nina,2026-07-18T11:10:40.919983+00:00
https://www.meneame.net/story/parlamento-hungaro-rechaza-enmendar-constitucion-prohibir,inmigracion,ok,2694445,4,1,,2026-07-18T10:45:33.042039+00:00
https://www.meneame.net/story/parlamento-uganda-aprueba-ley-castiga-relaciones-homosexuales-10,lgtbi,ok,3793831,25,1,,2026-07-18T10:45:33.760451+00:00
https://www.meneame.net/story/paro-30-inmigrantes-latinoamericanos-fueron-espana-durante,inmigracion,ok,2469965,24,1,,2026-07-18T10:45:34.466788+00:00
https://www.meneame.net/story/parroco-bellavista-ofrece-ayuda-sanar-homosexualidad,lgtbi,no_disponible,,,2,404 Client Error: Not Found for url: https://www.meneame.net/story/parroco-bellavista-ofrece-ayuda-sanar-homosexualidad,2026-07-18T11:10:41.496618+00:00
https://www.meneame.net/story/partidos-esconden-exclusion-sanitaria-inmigrantes-programas,inmigracion,ok,2525073,1,1,,2026-07-18T10:45:35.710659+00:00
https://www.meneame.net/story/pasteleria-oregon-indemniza-131-000-euros-pareja-lesbianas-no,lgtbi,ok,2536749,6,1,,2026-07-18T10:45:36.382462+00:00
https://www.meneame.net/story/patera-hundida-canarias-ultima-foto-antes-naufragio-muestra-25,inmigracion,ok,2513421,4,1,,2026-07-18T10:45:37.040864+00:00
https://www.meneame.net/story/pateras-remolcador-nueva-tecnica-mafias-hacer-llegar-inmigrantes,inmigracion,ok,3170135,20,1,,2026-07-18T10:45:37.731859+00:00
https://www.meneame.net/story/patetico-espana-vaya-acoger-400-refugiados-cuando-camping-noja-8,inmigracion,no_disponible,,,2,404 Client Error: Not Found for url: https://www.meneame.net/story/patetico-espana-vaya-acoger-400-refugiados-cuando-camping-noja-8,2026-07-18T11:10:42.074028+00:00
https://www.meneame.net/story/patria-era-trabajo-vidas-anonimas-miles-emigrantes-espanoles,inmigracion,ok,3810639,6,1,,2026-07-18T10:45:39.277761+00:00
https://www.meneame.net/story/patrullero-frances-rescata-217-inmigrante-frente-costa-libia,inmigracion,ok,2402727,3,1,,2026-07-18T10:45:40.082679+00:00
https://www.meneame.net/story/payasos-traen-sonrisas-ninos-refugiados-tanzania,inmigracion,ok,2540247,1,1,,2026-07-18T10:45:40.865999+00:00
https://www.meneame.net/story/pensaron-mena-ibamos-atracar-aquopolis-habla-juventud-migrante,inmigracion,ok,3879689,20,1,,2026-07-18T10:45:41.621348+00:00
https://www.meneame.net/story/pescadores-turcos-reaniman-bebe-deriva-tras-volcar-barca,inmigracion,ok,2498294,2,1,,2026-07-18T10:45:42.269441+00:00
https://www.meneame.net/story/pesquero-ha-volcado-libia-llevaba-unas-700-personas-hay-muchas,inmigracion,ok,2458228,9,1,,2026-07-18T10:45:42.938099+00:00
https://www.meneame.net/story/peticiones-asilo-espana-aumentaron-150-2015,inmigracion,ok,2599348,2,1,,2026-07-18T10:45:43.629012+00:00
https://www.meneame.net/story/piden-90-anos-acusado-tirar-mar-seis-ocupantes-patera-deriva,inmigracion,ok,2552664,8,1,,2026-07-18T10:45:44.299180+00:00
https://www.meneame.net/story/pionyang-afirma-soldado-ee-uu-cruzo-frontera-ha-pedido-asilo,inmigracion,ok,3845539,37,1,,2026-07-18T10:45:45.006096+00:00
https://www.meneame.net/story/plan-devolver-inmigrantes-ue-turquia-podria-comenzar-domingo,inmigracion,no_disponible,,,2,404 Client Error: Not Found for url: https://www.meneame.net/story/plan-devolver-inmigrantes-ue-turquia-podria-comenzar-domingo,2026-07-18T11:10:42.648230+00:00
https://www.meneame.net/story/planes-educacion-refugiados-interpretes-arabes-becas-admisiones,inmigracion,ok,2479942,6,1,,2026-07-18T10:45:46.248028+00:00
https://www.meneame.net/story/poblacion-espanola-crecio-solo-4-2018-gracias-inmigracion,inmigracion,ok,3070606,19,1,,2026-07-18T10:45:46.916430+00:00
https://www.meneame.net/story/podemos-pide-gobierno-condene-golpe-estado-bolivia-ofrezca-asilo,inmigracion,ok,3209870,106,1,,2026-07-18T10:45:47.669185+00:00
https://www.meneame.net/story/podemos-propone-oficina-emigrante-informar-tramites-salida,inmigracion,ok,2523106,4,1,,2026-07-18T10:45:48.349458+00:00
https://www.meneame.net/story/polemica-eleccion-jurado-masterchef-dar-pregon-orgullo-gay,lgtbi,ok,2634497,14,1,,2026-07-18T10:45:49.050119+00:00
https://www.meneame.net/story/polemica-pregunta-diputada-pp-tras-atentado-bienvenidos,inmigracion,ok,2713099,0,3,,2026-07-18T11:17:19.714812+00:00
https://www.meneame.net/story/polemicas-declaraciones-ministra-interior-britanica-sostiene-ser,inmigracion|lgtbi,no_disponible,,,2,404 Client Error: Not Found for url: https://www.meneame.net/story/polemicas-declaraciones-ministra-interior-britanica-sostiene-ser,2026-07-18T11:10:59.188338+00:00
https://www.meneame.net/story/polemico-karaoke-meloni-salvini-mientras-siguen-rescatando-sin,inmigracion,ok,3790471,13,1,,2026-07-18T10:45:51.126070+00:00
https://www.meneame.net/story/policia-cubana-reprime-marcha-derechos-lgtbi-habana,lgtbi,ok,3126053,72,1,,2026-07-18T10:45:51.885530+00:00
https://www.meneame.net/story/policia-denuncia-homofobia-cuerpo-escuchaba-bolleras-tortilleras,lgtbi,ok,2667168,13,1,,2026-07-18T10:45:52.549979+00:00
https://www.meneame.net/story/policia-descarta-ataque-munich-este-relacionado-estado-islamico,inmigracion,ok,2649270,452,1,,2026-07-18T10:45:53.608265+00:00
https://www.meneame.net/story/policia-descubre-camion-frigorifico-41-inmigrantes-interior,inmigracion,ok,3206579,1,1,,2026-07-18T10:45:54.274817+00:00
https://www.meneame.net/story/policia-detiene-inmigrante-origen-magrebi-tras-agredir-menor,inmigracion,ok,3849542,41,1,,2026-07-18T10:45:54.976948+00:00
https://www.meneame.net/story/policia-griega-carga-gases-lacrimogenos-contra-refugiados-campo,inmigracion,ok,2616401,7,1,,2026-07-18T10:45:55.633185+00:00
https://www.meneame.net/story/policia-local-denuncia-iu-tener-bandera-lgtbi-otra-republicana,lgtbi,ok,3837600,176,1,,2026-07-18T10:45:56.687471+00:00
https://www.meneame.net/story/policia-macedonia-secuestra-tortura-usa-gases-lacrimogenos,inmigracion,ok,2595321,15,1,,2026-07-18T10:45:57.364155+00:00
https://www.meneame.net/story/policia-macedonia-usa-gases-lacrimogenos-contra-refugiados,inmigracion,ok,2573965,3,1,,2026-07-18T10:45:58.089709+00:00
https://www.meneame.net/story/policia-pide-disculpas-rocio-saiz-interrumpir-concierto-orgullo,lgtbi,no_disponible,,,2,404 Client Error: Not Found for url: https://www.meneame.net/story/policia-pide-disculpas-rocio-saiz-interrumpir-concierto-orgullo,2026-07-18T11:10:59.765526+00:00
https://www.meneame.net/story/policia-sueca-invade-casa-inmigrante-malagueno-detiene-espanol,inmigracion,no_disponible,,,2,404 Client Error: Not Found for url: https://www.meneame.net/story/policia-sueca-invade-casa-inmigrante-malagueno-detiene-espanol,2026-07-18T11:11:00.344306+00:00
https://www.meneame.net/story/policia-vincula-yihadismo-asesino-50-personas-club-gay-orlando,lgtbi,no_disponible,,,2,404 Client Error: Not Found for url: https://www.meneame.net/story/policia-vincula-yihadismo-asesino-50-personas-club-gay-orlando,2026-07-18T11:11:00.909422+00:00
https://www.meneame.net/story/portero-marbella-alberto-lejarraga-hace-publica-homosexualidad,lgtbi,ok,3806380,183,1,,2026-07-18T10:46:00.689345+00:00
https://www.meneame.net/story/portugal-refugio-homosexuales-huidos-brasil,lgtbi,ok,3123429,8,1,,2026-07-18T10:46:01.360705+00:00
https://www.meneame.net/story/pp-abre-retocar-leyes-lgtbi-pactar-vox-pero-ciudadanos-rechaza,lgtbi,ok,3147837,8,1,,2026-07-18T10:46:02.054489+00:00
https://www.meneame.net/story/pp-destituye-policia-local-palma-publico-bandera-lgtbi-redes-ha,lgtbi,ok,3843307,37,1,,2026-07-18T10:46:02.780611+00:00
https://www.meneame.net/story/pp-madrid-acerca-iglesias-evangelicas-captar-voto-inmigrante,inmigracion,ok,3795275,16,1,,2026-07-18T10:46:03.441036+00:00
https://www.meneame.net/story/pp-otorga-medalla-oro-santander-cruz-roja-tras-pactar-vox-ayuda,inmigracion,ok,3807269,1,1,,2026-07-18T10:46:04.091561+00:00
https://www.meneame.net/story/pp-pide-junta-electoral-retire-valla-hazteoir-imagen-maroto,lgtbi,ok,3116009,20,1,,2026-07-18T10:46:04.780349+00:00
https://www.meneame.net/story/pp-propone-inmigrantes-irregulares-no-sean-expulsadas-tiempo-dan,inmigracion,no_disponible,,,2,404 Client Error: Not Found for url: https://www.meneame.net/story/pp-propone-inmigrantes-irregulares-no-sean-expulsadas-tiempo-dan,2026-07-18T11:11:01.474978+00:00
https://www.meneame.net/story/pp-tras-acoger-18-refugiados-mas-17-000-comprometidos-estamos,inmigracion,ok,2581059,7,1,,2026-07-18T10:46:06.068153+00:00
https://www.meneame.net/story/pp-vox-votan-contra-bandera-lgtb-ondee-cibeles-durante-orgullo,lgtbi,ok,3806188,235,1,,2026-07-18T10:46:07.012079+00:00
https://www.meneame.net/story/premian-reportera-hungara-zancadilleo-refugiado-hijo-brazos,inmigracion,ok,2687198,79,1,,2026-07-18T10:46:07.744847+00:00
https://www.meneame.net/story/prenden-fuego-club-gay-sevilla-hay-estar-muy-enfermos,lgtbi,ok,3844575,77,1,,2026-07-18T10:46:08.486793+00:00
https://www.meneame.net/story/prenden-fuego-local-gay-sevilla-podria-haber-sido-muy-grave,lgtbi,no_disponible,,,2,404 Client Error: Not Found for url: https://www.meneame.net/story/prenden-fuego-local-gay-sevilla-podria-haber-sido-muy-grave,2026-07-18T11:11:02.045466+00:00
https://www.meneame.net/story/presidente-tunez-rechaza-irrisoria-ayuda-ue-cambio-acuerdo,inmigracion,ok,3861844,29,1,,2026-07-18T10:46:09.782663+00:00
https://www.meneame.net/story/presiones-gobierno-espanol-mordidas-mafias-cierran-ruta-melilla,inmigracion,ok,2626859,1,1,,2026-07-18T10:46:10.463328+00:00
https://www.meneame.net/story/primer-detenido-homosexualidad-agravada-uganda-delito-castigado,lgtbi,no_disponible,,,2,404 Client Error: Not Found for url: https://www.meneame.net/story/primer-detenido-homosexualidad-agravada-uganda-delito-castigado,2026-07-18T11:11:02.618934+00:00
https://www.meneame.net/story/primer-gobierno-municipal-pp-vox-cantabria-toma-primera-medida,lgtbi,ok,3825938,36,1,,2026-07-18T10:46:11.933139+00:00
https://www.meneame.net/story/primer-ministro-finlandes-no-podra-finalmente-acoger-casa,inmigracion,ok,2556546,1,1,,2026-07-18T10:46:12.762893+00:00
https://www.meneame.net/story/primer-ministro-finlandes-ofrece-casa-albergar-refugiados,inmigracion,no_disponible,,,2,404 Client Error: Not Found for url: https://www.meneame.net/story/primer-ministro-finlandes-ofrece-casa-albergar-refugiados,2026-07-18T11:11:03.212766+00:00
https://www.meneame.net/story/primer-ministro-finlandia-ofrece-casa-acoger-refugiados,inmigracion,ok,2473643,14,1,,2026-07-18T10:46:14.051734+00:00
https://www.meneame.net/story/primer-ministro-gay-historia-israel,lgtbi,ok,3138758,28,1,,2026-07-18T10:46:14.775353+00:00
https://www.meneame.net/story/primera-encuesta-sobre-voto-lgtbi-12-escanos-vox-mayoria-psoe,lgtbi,ok,3804518,34,1,,2026-07-18T10:46:15.493734+00:00
https://www.meneame.net/story/primeras-medidas-pp-vox-anticipan-retroceso-historico-derechos,lgtbi,ok,3826921,25,1,,2026-07-18T10:46:16.211043+00:00
https://www.meneame.net/story/principado-abrira-este-mes-casa-mar-centro-jovenes-inmigrantes,inmigracion,ok,3205713,5,1,,2026-07-18T10:46:16.943411+00:00
https://www.meneame.net/story/problema-bisexual-guarro-etiqueta-ha-saltado-redes-sociales,lgtbi,no_disponible,,,2,404 Client Error: Not Found for url: https://www.meneame.net/story/problema-bisexual-guarro-etiqueta-ha-saltado-redes-sociales,2026-07-18T11:11:03.791497+00:00
https://www.meneame.net/story/profesor-alumno-trans-vete-hacer-esas-cosas-haceis-gais-taconeos,lgtbi,ok,3180843,25,1,,2026-07-18T10:46:18.197489+00:00
https://www.meneame.net/story/programas-electorales-politicas-concretas-partidos-inmigracion,inmigracion,ok,3206586,5,1,,2026-07-18T10:46:18.877256+00:00
https://www.meneame.net/story/prohibicion-obispado-transexual-apadrinar-sobrino,lgtbi,no_disponible,,,2,404 Client Error: Not Found for url: https://www.meneame.net/story/prohibicion-obispado-transexual-apadrinar-sobrino,2026-07-18T11:11:04.373112+00:00
https://www.meneame.net/story/propaganda-contra-inmigrantes-hungria-choca-realidad-pais,inmigracion,ok,3212430,10,1,,2026-07-18T10:46:20.132353+00:00
https://www.meneame.net/story/prostituto-acepta-prision-chantajear-cliente-video-revelo,lgtbi,ok,3873778,5,1,,2026-07-18T10:46:20.823359+00:00
https://www.meneame.net/story/provincias-mas-inmigrantes-son-mas-crecen-logran-mayor-renta,inmigracion,ok,3122350,26,1,,2026-07-18T10:46:21.535550+00:00
https://www.meneame.net/story/psoe-denuncia-vox-ante-jec-lona-tira-basura-bandera-lgtbi-ve,lgtbi,ok,3827047,18,1,,2026-07-18T10:46:22.248794+00:00
https://www.meneame.net/story/psoe-denunciara-delitos-odio-edil-pp-torrox-comparo-migrantes,inmigracion,ok,3869737,5,1,,2026-07-18T10:46:22.917805+00:00
https://www.meneame.net/story/psoe-lleva-bruselas-modificaciones-lgtbi-trans-ayuso-pide,lgtbi,ok,3881165,25,1,,2026-07-18T10:46:23.601705+00:00
https://www.meneame.net/story/psoe-traera-inmigrantes-open-arms-mallorca,inmigracion,no_disponible,,,2,404 Client Error: Not Found for url: https://www.meneame.net/story/psoe-traera-inmigrantes-open-arms-mallorca,2026-07-18T11:11:04.951644+00:00
https://www.meneame.net/story/publica-mil-comentarios-contra-musulmanes-inmigrantes-redes,inmigracion,ok,3219494,26,1,,2026-07-18T10:46:24.862089+00:00
https://www.meneame.net/story/pues-tanto-gustan-inmigrantes-metelos-tu-casa-ellos-ya-han-hecho,inmigracion,ok,2477158,35,1,,2026-07-18T10:46:25.553624+00:00
https://www.meneame.net/story/queman-mutilan-matan-activista-transexual-hande-kader-estambul,lgtbi,no_disponible,,,2,404 Client Error: Not Found for url: https://www.meneame.net/story/queman-mutilan-matan-activista-transexual-hande-kader-estambul,2026-07-18T11:11:05.534593+00:00
https://www.meneame.net/story/queremos-votar-no-nos-dejan-cuando-elecciones-excluyen-personas,inmigracion,no_disponible,,,2,404 Client Error: Not Found for url: https://www.meneame.net/story/queremos-votar-no-nos-dejan-cuando-elecciones-excluyen-personas,2026-07-18T11:11:06.099047+00:00
https://www.meneame.net/story/quien-da-menos-impactante-video-califica-reparto-refugiados-como,inmigracion,ok,2475407,12,1,,2026-07-18T10:46:27.387810+00:00
https://www.meneame.net/story/quien-recogera-ahora-fruta-laboratorio-antinmigracion-candidato,inmigracion,ok,3837710,19,1,,2026-07-18T10:46:28.088984+00:00
https://www.meneame.net/story/quienes-declaren-parte-colectivo-lgtbi-tendran-prioridad-sepe,lgtbi,no_disponible,,,2,404 Client Error: Not Found for url: https://www.meneame.net/story/quienes-declaren-parte-colectivo-lgtbi-tendran-prioridad-sepe,2026-07-18T11:11:06.677946+00:00
https://www.meneame.net/story/quince-leyes-sociales-pierden-este-martes-tras-disolucion-cortes,lgtbi,ok,3092347,5,1,,2026-07-18T10:46:29.325968+00:00
https://www.meneame.net/story/rachid-bouikou-inmigrante-gano-goldman-sachs-supremo-abogado,inmigracion,ok,3224927,37,1,,2026-07-18T10:46:30.070973+00:00
https://www.meneame.net/story/racismo-democratico-como-decenas-personas-organizaron-canarias,inmigracion,ok,3782838,12,1,,2026-07-18T10:46:30.728373+00:00
https://www.meneame.net/story/racismo-misoginia-homofobia-scotland-yard-policia-esta-rota,lgtbi,no_disponible,,,2,404 Client Error: Not Found for url: https://www.meneame.net/story/racismo-misoginia-homofobia-scotland-yard-policia-esta-rota,2026-07-18T11:11:07.257914+00:00
https://www.meneame.net/story/rafael-bardaji-darth-vader-vox-espana-ha-llegado-limite-aqui-no,inmigracion,ok,3189622,13,1,,2026-07-18T10:46:32.100040+00:00
https://www.meneame.net/story/rajoy-cede-acepta-ir-forma-extraordinaria-congreso-ha-hablar,inmigracion,ok,2588625,10,1,,2026-07-18T10:46:32.788650+00:00
https://www.meneame.net/story/rastreo-ayudas-sociales-desmonta-discurso-inmigrantes-tienen-mas,inmigracion,ok,3092784,49,1,,2026-07-18T10:46:33.527504+00:00
https://www.meneame.net/story/realmente-espana-no-puede-acoger-mas-refugiados,inmigracion,no_disponible,,,2,404 Client Error: Not Found for url: https://www.meneame.net/story/realmente-espana-no-puede-acoger-mas-refugiados,2026-07-18T11:11:07.819326+00:00
https://www.meneame.net/story/rechazan-recurso-vox-contra-bandera-lgtbiq-murcia,lgtbi,ok,3788626,8,1,,2026-07-18T10:46:34.822575+00:00
https://www.meneame.net/story/rechazo-relacion-homosexual-dos-chicas-origino-tiroteo,lgtbi,ok,3857497,104,1,,2026-07-18T10:46:35.558776+00:00
https://www.meneame.net/story/record-asistencia-orgullo-gay-polonia-respuesta-criticas,lgtbi,ok,3139158,20,1,,2026-07-18T10:46:36.274617+00:00
https://www.meneame.net/story/recuperacion-economica-frena-seco-salida-inmigrantes-espana,inmigracion,no_disponible,,,2,404 Client Error: Not Found for url: https://www.meneame.net/story/recuperacion-economica-frena-seco-salida-inmigrantes-espana,2026-07-18T11:11:08.387430+00:00
https://www.meneame.net/story/redada-masiva-misisipi-cerca-700-indocumentados-arrestados,inmigracion,no_disponible,,,2,404 Client Error: Not Found for url: https://www.meneame.net/story/redada-masiva-misisipi-cerca-700-indocumentados-arrestados,2026-07-18T11:11:08.951759+00:00
https://www.meneame.net/story/redes-sociales-muestran-bolsonaro-tranquilo-refugiado-florida,inmigracion,ok,3767169,6,1,,2026-07-18T10:46:38.092165+00:00
https://www.meneame.net/story/reforma-sanitaria-pp-freno-denuncias-violencia-machista,inmigracion,no_disponible,,,2,404 Client Error: Not Found for url: https://www.meneame.net/story/reforma-sanitaria-pp-freno-denuncias-violencia-machista,2026-07-18T11:11:09.522007+00:00
https://www.meneame.net/story/refugiado-atrapado-isla-manus-galardonado-libro-australia-solo,inmigracion,ok,3078301,0,3,,2026-07-18T11:17:20.346751+00:00
https://www.meneame.net/story/refugiado-hizo-millonario-app-sin-pisar-silicon-valley,inmigracion,ok,2442624,3,1,,2026-07-18T10:46:40.115011+00:00
https://www.meneame.net/story/refugiado-muere-detonar-explosivo-festival-alemania,inmigracion,no_disponible,,,2,404 Client Error: Not Found for url: https://www.meneame.net/story/refugiado-muere-detonar-explosivo-festival-alemania,2026-07-18T11:11:26.005783+00:00
https://www.meneame.net/story/refugiado-pateado-periodista-hungara-sera-entrenador-getafe,inmigracion,no_disponible,,,2,404 Client Error: Not Found for url: https://www.meneame.net/story/refugiado-pateado-periodista-hungara-sera-entrenador-getafe,2026-07-18T11:11:26.576244+00:00
https://www.meneame.net/story/refugiado-quema-bonzo-idomeni-pedir-abran-fronteras,inmigracion,no_disponible,,,2,404 Client Error: Not Found for url: https://www.meneame.net/story/refugiado-quema-bonzo-idomeni-pedir-abran-fronteras,2026-07-18T11:11:27.149812+00:00
https://www.meneame.net/story/refugiado-sirio-periodista-hungara-puso-zancadilla-trabajara,inmigracion,no_disponible,,,2,404 Client Error: Not Found for url: https://www.meneame.net/story/refugiado-sirio-periodista-hungara-puso-zancadilla-trabajara,2026-07-18T11:11:27.722849+00:00
https://www.meneame.net/story/refugiados-ambientales-expulsados-tierras-efectos-cambio,inmigracion,ok,2696616,0,3,,2026-07-18T11:17:20.977602+00:00
https://www.meneame.net/story/refugiados-consiguen-llegar-alemania-enfrentan-lentitud-gobierno,inmigracion,no_disponible,,,2,404 Client Error: Not Found for url: https://www.meneame.net/story/refugiados-consiguen-llegar-alemania-enfrentan-lentitud-gobierno,2026-07-18T11:11:44.218552+00:00
https://www.meneame.net/story/refugiados-crisis-sin-precedentes-europa-puede-afrontar,inmigracion,ok,2481676,0,3,,2026-07-18T11:17:21.653054+00:00
https://www.meneame.net/story/refugiados-norcoreanos-zhang-lu,inmigracion,ok,3094504,1,1,,2026-07-18T10:46:45.474907+00:00
https://www.meneame.net/story/refugiados-retenidos-lesbos-rebelan-tras-meses-detencion-campo,inmigracion,ok,2604539,45,1,,2026-07-18T10:46:46.235039+00:00
https://www.meneame.net/story/refugiados-senalados-como-enemigos-traidores-isis,inmigracion,ok,2586017,12,1,,2026-07-18T10:46:46.906955+00:00
https://www.meneame.net/story/refugiados-sirios-son-caramelos-envenenados-sociedad-segun-hijo,inmigracion,no_disponible,,,2,404 Client Error: Not Found for url: https://www.meneame.net/story/refugiados-sirios-son-caramelos-envenenados-sociedad-segun-hijo,2026-07-18T11:12:00.730367+00:00
https://www.meneame.net/story/refugiados-sirios-tragedia-guerra-amenaza-desahucio,inmigracion,ok,3184182,15,2,,2026-07-18T11:12:01.391579+00:00
https://www.meneame.net/story/refugiados-vienen-matarnos,inmigracion,ok,2478435,16,2,,2026-07-18T11:12:02.072098+00:00
https://www.meneame.net/story/regalo-mohamed-vi-felipe-vi-cae-picado-inmigracion-irregular,inmigracion,ok,3098673,10,2,,2026-07-18T11:12:02.726903+00:00
https://www.meneame.net/story/reino-unido-acusa-empresarios-espanoles-esclavizar-inmigrantes,inmigracion,no_disponible,,,2,404 Client Error: Not Found for url: https://www.meneame.net/story/reino-unido-acusa-empresarios-espanoles-esclavizar-inmigrantes,2026-07-18T11:12:03.291641+00:00
https://www.meneame.net/story/reino-unido-gigantesco-barco-encerrar-refugiados-mitad-mar,inmigracion,ok,3836262,13,2,,2026-07-18T11:12:03.966493+00:00
https://www.meneame.net/story/reino-unido-pagara-francia-casi-600-millones-dolares-impedir,inmigracion,ok,3789944,9,2,,2026-07-18T11:12:04.650308+00:00
https://www.meneame.net/story/reino-unido-trasladara-forma-inminente-500-solicitantes-asilo,inmigracion,ok,3842862,4,2,,2026-07-18T11:12:05.333949+00:00
https://www.meneame.net/story/reino-unido-vetara-transexuales-unidades-hospitalarias-mujeres,lgtbi,ok,3861561,34,2,,2026-07-18T11:12:06.014363+00:00
https://www.meneame.net/story/renfe-aparta-nueve-vigilantes-golpearon-inmigrante-sin-billete,inmigracion,ok,3104505,142,2,,2026-07-18T11:12:06.828529+00:00
https://www.meneame.net/story/reparto-polemica-asi-distribuyen-miles-inmigrantes-llegados-cada,inmigracion,ok,3870265,48,2,,2026-07-18T11:12:07.541510+00:00
https://www.meneame.net/story/repaso-minuto-activista-lgtbi-bulos-ana-rosa-quintana-ley-trans,lgtbi,ok,3784222,47,2,,2026-07-18T11:12:08.331419+00:00
https://www.meneame.net/story/reportera-hungara-agredio-refugiados-quiere-demandar-ahora,inmigracion,ok,2496899,98,2,,2026-07-18T11:12:09.075095+00:00
https://www.meneame.net/story/reportera-lia-zancadillas-patadas-refugiados,inmigracion,ok,2475113,252,2,,2026-07-18T11:12:10.011314+00:00
https://www.meneame.net/story/representante-elite-taxi-marlaska-ministro-izquierdas-gay,lgtbi,no_disponible,,,2,404 Client Error: Not Found for url: https://www.meneame.net/story/representante-elite-taxi-marlaska-ministro-izquierdas-gay,2026-07-18T11:12:10.583241+00:00
https://www.meneame.net/story/rescatados-mas-630-inmigrantes-guardacostas-turcos-tratando-egeo,inmigracion,ok,2404536,1,2,,2026-07-18T11:12:11.240185+00:00
https://www.meneame.net/story/rescatan-ceuta-inmigrante-viajaba-salpicadero-vehiculo,inmigracion,ok,2653711,2,1,,2026-07-18T10:46:57.997673+00:00
https://www.meneame.net/story/rescatan-nino-cruzaba-frontera-ceuta-oculto-maleta,inmigracion,no_disponible,,,2,404 Client Error: Not Found for url: https://www.meneame.net/story/rescatan-nino-cruzaba-frontera-ceuta-oculto-maleta,2026-07-18T11:12:11.815459+00:00
https://www.meneame.net/story/responde-tortillera-pasapalabra-t-poeticamente-mujer-homosexual,lgtbi,no_disponible,,,2,404 Client Error: Not Found for url: https://www.meneame.net/story/responde-tortillera-pasapalabra-t-poeticamente-mujer-homosexual,2026-07-18T11:12:12.404498+00:00
https://www.meneame.net/story/retiran-custodia-unos-padres-apalear-hijo-ser-gay,lgtbi,no_disponible,,,2,404 Client Error: Not Found for url: https://www.meneame.net/story/retiran-custodia-unos-padres-apalear-hijo-ser-gay,2026-07-18T11:12:13.045532+00:00
https://www.meneame.net/story/retiran-custodia-unos-padres-pegar-hijo-menor-edad-ser,lgtbi,no_disponible,,,2,404 Client Error: Not Found for url: https://www.meneame.net/story/retiran-custodia-unos-padres-pegar-hijo-menor-edad-ser,2026-07-18T11:12:13.685531+00:00
https://www.meneame.net/story/rfef-creara-plataforma-contra-homofobia-discriminacion,lgtbi,ok,3085513,0,3,,2026-07-18T11:17:22.304059+00:00
https://www.meneame.net/story/ribo-reconoce-ahora-bandera-lgtb-no-quito-pp-sino-gobierno,lgtbi,ok,3825502,29,1,,2026-07-18T10:47:01.700271+00:00
https://www.meneame.net/story/richar-gere-sube-barco-open-arms-llevar-viveres-migrantes,inmigracion,no_disponible,,,2,404 Client Error: Not Found for url: https://www.meneame.net/story/richar-gere-sube-barco-open-arms-llevar-viveres-migrantes,2026-07-18T11:12:30.337845+00:00
https://www.meneame.net/story/ruso-lleva-juicio-apple-convertirle-gay-1,lgtbi,ok,3196022,3,1,,2026-07-18T10:47:02.998848+00:00
https://www.meneame.net/story/sale-luz-video-muerte-menor-migrante-bajo-custodia-patrulla-ee,inmigracion,ok,3221963,2,1,,2026-07-18T10:47:03.651200+00:00
https://www.meneame.net/story/salgado-republica-exodos-16-anos-despues-constancia-drama,inmigracion,ok,2640614,1,1,,2026-07-18T10:47:04.353784+00:00
https://www.meneame.net/story/salvini-cierra-aguas-italianas-barco-aleman-eleonore-100,inmigracion,ok,3175055,12,1,,2026-07-18T10:47:05.030779+00:00
https://www.meneame.net/story/salvini-pide-open-arms-lleve-inmigrantes-ibiza-diviertan,inmigracion,ok,3168318,46,1,,2026-07-18T10:47:05.730385+00:00
https://www.meneame.net/story/sanchez-junto-meloni-migracion-irregular-problema-europeo-exige,inmigracion,ok,3799337,12,1,,2026-07-18T10:47:06.404683+00:00
https://www.meneame.net/story/sanchez-va-hacer-precampana-europa-refugiados-deficit-ttip-plan,inmigracion,ok,2615137,9,1,,2026-07-18T10:47:07.076194+00:00
https://www.meneame.net/story/santiago-abascal-espana-vacuno-contra-inmigracion-reconquista,inmigracion,ok,3186559,24,1,,2026-07-18T10:47:07.761810+00:00
https://www.meneame.net/story/secretario-estado-inmigracion-belga-retuitea-polemico-video,inmigracion,ok,2677253,17,1,,2026-07-18T10:47:08.469742+00:00
https://www.meneame.net/story/segun-estudio-todas-mujeres-son-lesbianas-bisexuales,lgtbi,no_disponible,,,2,404 Client Error: Not Found for url: https://www.meneame.net/story/segun-estudio-todas-mujeres-son-lesbianas-bisexuales,2026-07-18T11:12:30.910566+00:00
https://www.meneame.net/story/segunda-dama-estados-unidos-sera-profesora-colegio-anti-lgtb,lgtbi,ok,3069382,26,1,,2026-07-18T10:47:09.741943+00:00
https://www.meneame.net/story/segundo-ataque-israeli-sobre-campo-refugiados-yabalia-provoca,inmigracion,ok,3871733,50,1,,2026-07-18T10:47:10.515360+00:00
https://www.meneame.net/story/seis-policias-violan-torturan-dos-jovenes-homosexuales-argentina,lgtbi,ok,3105695,68,1,,2026-07-18T10:47:11.261826+00:00
https://www.meneame.net/story/ser-homosexual-pais-acaba-incluir-pena-muerte-ley-anti-lgbti-no,lgtbi,ok,3821394,24,1,,2026-07-18T10:47:12.017274+00:00
https://www.meneame.net/story/ser-lgtbiq-en-rusia,lgtbi,ok,3201310,12,1,,2026-07-18T10:47:12.713489+00:00
https://www.meneame.net/story/serie-trifulcas-piscinas-aire-libre-berlin-agita-debate-sobre,inmigracion,ok,3837322,14,1,,2026-07-18T10:47:13.413904+00:00
https://www.meneame.net/story/serie-trifulcas-piscinas-aire-libre-berlin-agita-debate-sobre-1,inmigracion,no_disponible,,,2,404 Client Error: Not Found for url: https://www.meneame.net/story/serie-trifulcas-piscinas-aire-libre-berlin-agita-debate-sobre-1,2026-07-18T11:12:31.482752+00:00
https://www.meneame.net/story/sexagenario-cambia-lubricante-acido-clorhidrico-bar-gay,lgtbi,no_disponible,,,2,404 Client Error: Not Found for url: https://www.meneame.net/story/sexagenario-cambia-lubricante-acido-clorhidrico-bar-gay,2026-07-18T11:12:32.048210+00:00
https://www.meneame.net/story/siete-reflexiones-mujica-sobre-pinochet-grecia-crisis-refugiados,inmigracion,ok,2480765,8,1,,2026-07-18T10:47:15.277787+00:00
https://www.meneame.net/story/siglo-xxi-seguimos-sufriendo-tios-parecen-salidos-era,lgtbi,ok,3161915,12,1,,2026-07-18T10:47:15.957091+00:00
https://www.meneame.net/story/sillazos-buenos-aires-guerra-civil-inmigrantes-espanoles,inmigracion,ok,3161610,3,1,,2026-07-18T10:47:16.625179+00:00
https://www.meneame.net/story/sirios-ricos-vuelven-empezar-turquia,inmigracion,ok,2499815,1,1,,2026-07-18T10:47:17.319512+00:00
https://www.meneame.net/story/sistema-puntos-propone-feijoo-gestionar-inmigracion,inmigracion,ok,3833045,42,1,,2026-07-18T10:47:18.014908+00:00
https://www.meneame.net/story/sms-abre-tecnicas-reproduccion-asistida-cincuenta-parejas-solas,lgtbi,ok,3168146,8,1,,2026-07-18T10:47:18.681790+00:00
https://www.meneame.net/story/sociedad-unos-5-500-migrantes-llegan-espana-patera-va-2019-94,inmigracion,ok,3099335,23,1,,2026-07-18T10:47:19.401640+00:00
https://www.meneame.net/story/soldados-odin-patrullas-protectoras-contra-inmigracion-finlandia,inmigracion,ok,2558645,10,1,,2026-07-18T10:47:20.068224+00:00
https://www.meneame.net/story/solicitan-reapertura-urgente-centro-refugiados-merida,inmigracion,no_disponible,,,2,404 Client Error: Not Found for url: https://www.meneame.net/story/solicitan-reapertura-urgente-centro-refugiados-merida,2026-07-18T11:12:32.621209+00:00
https://www.meneame.net/story/somos-funcionarios-estamos-hartos-oir-inmigrantes-tienen-mas,inmigracion,ok,3091695,317,1,,2026-07-18T10:47:21.645573+00:00
https://www.meneame.net/story/somos-grupo-amigos-san-sebastian-da-comer-1-700-refugiados,inmigracion,ok,2668254,76,1,,2026-07-18T10:47:22.388441+00:00
https://www.meneame.net/story/sondeo-sobre-principales-problemas-europa,inmigracion,no_disponible,,,2,404 Client Error: Not Found for url: https://www.meneame.net/story/sondeo-sobre-principales-problemas-europa,2026-07-18T11:12:33.180894+00:00
https://www.meneame.net/story/sonia-vivas-discriminaron-policia-ser-lesbiana-maltrataron,lgtbi,ok,3202462,9,1,,2026-07-18T10:47:23.736159+00:00
https://www.meneame.net/story/sonia-vivas-ser-acosada-policia-local-lesbiana-posible-jefa,lgtbi,ok,3135232,189,1,,2026-07-18T10:47:24.666558+00:00
https://www.meneame.net/story/soy-homosexual-derechas-dejen-mierda-comunista-polemico-discurso,lgtbi,no_disponible,,,2,404 Client Error: Not Found for url: https://www.meneame.net/story/soy-homosexual-derechas-dejen-mierda-comunista-polemico-discurso,2026-07-18T11:12:33.743737+00:00
https://www.meneame.net/story/soy-nina-transexual-feliz-10-anos-llamo-alejandra,lgtbi,ok,3167230,55,1,,2026-07-18T10:47:25.964974+00:00
https://www.meneame.net/story/soy-soldado-soy-homosexual,lgtbi,no_disponible,,,2,404 Client Error: Not Found for url: https://www.meneame.net/story/soy-soldado-soy-homosexual,2026-07-18T11:12:34.305342+00:00
https://www.meneame.net/story/soy-traficante-refugiados-nos-llaman-criminales-pero-ue-empuja,inmigracion,ok,2471187,6,1,,2026-07-18T10:47:27.251565+00:00
https://www.meneame.net/story/sparta-praga-expulsa-jankto-futbolista-declaro-publicamente,lgtbi,no_disponible,,,2,404 Client Error: Not Found for url: https://www.meneame.net/story/sparta-praga-expulsa-jankto-futbolista-declaro-publicamente,2026-07-18T11:12:34.871216+00:00
https://www.meneame.net/story/suecia-dificulta-inmigrantes-no-europeos-acceso-ayudas-disuadir,inmigracion,ok,3870925,14,1,,2026-07-18T10:47:28.492539+00:00
https://www.meneame.net/story/suecia-lanza-campana-espantar-refugiados,inmigracion,ok,3774172,42,1,,2026-07-18T10:47:29.187210+00:00
https://www.meneame.net/story/sumar-ficha-escritora-elizabeth-duval-como-portavoz-feminismos,lgtbi,no_disponible,,,2,404 Client Error: Not Found for url: https://www.meneame.net/story/sumar-ficha-escritora-elizabeth-duval-como-portavoz-feminismos,2026-07-18T11:12:35.436106+00:00
https://www.meneame.net/story/sumar-plantea-cuotas-inmigrantes-instituciones-publicas-empresas,inmigracion,no_disponible,,,2,404 Client Error: Not Found for url: https://www.meneame.net/story/sumar-plantea-cuotas-inmigrantes-instituciones-publicas-empresas,2026-07-18T11:12:36.002784+00:00
https://www.meneame.net/story/supremo-ee-uu-respalda-disenadora-rechaza-hacer-webs-bodas-entre,lgtbi,ok,3831143,33,1,,2026-07-18T10:47:31.052045+00:00
https://www.meneame.net/story/supremo-eeuu-declara-matrimonio-homosexual-esta-protegido,lgtbi,ok,2437004,101,1,,2026-07-18T10:47:31.811021+00:00
https://www.meneame.net/story/supremo-reino-unido-rechaza-definitivamente-plan-deportar-ruanda,inmigracion,ok,3876583,3,1,,2026-07-18T10:47:32.478534+00:00
https://www.meneame.net/story/tailandia-sopesa-crear-area-transito-migrantes-clandestinos,inmigracion,ok,2412738,0,3,,2026-07-18T11:17:22.938735+00:00
https://www.meneame.net/story/tanga-party-fiesta-gay-mas-famosa-madrid-boicotea-sala-barcelo,lgtbi,ok,3091694,280,1,,2026-07-18T10:47:34.038191+00:00
https://www.meneame.net/story/target-budweiser-costa-coffee-empresas-eeuu-viven-boicot-marcas,lgtbi,ok,3849190,64,1,,2026-07-18T10:47:34.832186+00:00
https://www.meneame.net/story/target-retira-parte-coleccion-lgbtq-luego-varios-ataques,lgtbi,ok,3818901,19,1,,2026-07-18T10:47:35.502478+00:00
https://www.meneame.net/story/television-alemana-genera-polemica-vestir-merkel-musulmana-hijab,inmigracion,ok,2489221,4,1,,2026-07-18T10:47:36.172733+00:00
https://www.meneame.net/story/tienen-inmigrantes-asistencia-medica-gratis-toda-europa,inmigracion,no_disponible,,,2,404 Client Error: Not Found for url: https://www.meneame.net/story/tienen-inmigrantes-asistencia-medica-gratis-toda-europa,2026-07-18T11:12:52.505102+00:00
https://www.meneame.net/story/tienes-cara-homosexual-terrible-bolsonaro-responde-molesto,lgtbi,ok,3228080,69,1,,2026-07-18T10:47:37.480003+00:00
https://www.meneame.net/story/tito-alvarez-censura-ministro-gay-izquierdas-ordene-intervenir,lgtbi,ok,3074309,115,1,,2026-07-18T10:47:38.249436+00:00
https://www.meneame.net/story/tito-alvarez-critica-ministro-gay-izquierdas-mande-policia,lgtbi,no_disponible,,,2,404 Client Error: Not Found for url: https://www.meneame.net/story/tito-alvarez-critica-ministro-gay-izquierdas-mande-policia,2026-07-18T11:12:53.068558+00:00
https://www.meneame.net/story/titulo-42-les-espera-migrantes-estados-unidos,inmigracion,ok,3812438,7,1,,2026-07-18T10:47:39.483062+00:00
https://www.meneame.net/story/todo-sabe-sobre-abdalmasih-h-refugiado-sirio-32-anos-ha-cuatro,inmigracion,ok,3821932,206,1,,2026-07-18T10:47:40.360366+00:00
https://www.meneame.net/story/todo-sobre-bibby-stockholm-buque-ha-fletado-reino-unido-alojar,inmigracion,ok,3836738,13,1,,2026-07-18T10:47:41.032083+00:00
https://www.meneame.net/story/tortura-demasiado-grande-hijos-migrantes-solteras-viven-dubai,inmigracion,ok,3064336,1,1,,2026-07-18T10:47:41.689878+00:00
https://www.meneame.net/story/total-67-inmigrantes-fugan-cie-sangonera-tras-amotinarse-agredir,inmigracion,ok,2681078,24,1,,2026-07-18T10:47:42.430846+00:00
https://www.meneame.net/story/trabajador-ceti-melilla-acusado-acoso-sexual-maltrato-refugiados,inmigracion,ok,2571159,2,1,,2026-07-18T10:47:43.089775+00:00
https://www.meneame.net/story/tragedia-mar-embarazada-fallecida-tratar-llegar-lanzarote,inmigracion,ok,3826207,0,3,,2026-07-18T11:17:23.593817+00:00
https://www.meneame.net/story/tragedia-tarajal-14-migrantes-muertos-cumple-cinco-anos-varios,inmigracion,ok,3079236,1,1,,2026-07-18T10:47:44.647057+00:00
https://www.meneame.net/story/traigamos-osman-nino-afgano-7-anos-paralisis-cerebral-atrapado,inmigracion,ok,2602002,3,1,,2026-07-18T10:47:45.320261+00:00
https://www.meneame.net/story/transexual-denuncia-dos-jovenes-pegarle-paliza-granada,lgtbi,ok,2563949,3,1,,2026-07-18T10:47:45.990688+00:00
https://www.meneame.net/story/transexuales-cataluna-podran-cambiarse-sexo-sin-diagnostico,lgtbi,ok,2688584,132,1,,2026-07-18T10:47:47.090694+00:00
https://www.meneame.net/story/transexuales-desde-8-anos,lgtbi,ok,2457747,4,1,,2026-07-18T10:47:47.853335+00:00
https://www.meneame.net/story/transformados-jesus-parroquia-madrid-insiste-idea-aplacar,lgtbi,ok,3828093,101,1,,2026-07-18T10:47:48.631302+00:00
https://www.meneame.net/story/tratamientos-belleza-viagra-restaurantes-dinero-era-menores,inmigracion,ok,3823241,16,1,,2026-07-18T10:47:49.341603+00:00
https://www.meneame.net/story/trece-inmigrantes-fugan-cie-aluche,inmigracion,ok,2702407,21,1,,2026-07-18T10:47:50.023273+00:00
https://www.meneame.net/story/treinta-ong-entregan-40-000-firmas-frenar-reforma-ayuso-vaciar,lgtbi,ok,3879541,9,1,,2026-07-18T10:47:50.698795+00:00
https://www.meneame.net/story/tres-detenidos-directamente-implicados-asesinato-inmigrante-mar,inmigracion,ok,2538353,7,1,,2026-07-18T10:47:51.374745+00:00
https://www.meneame.net/story/tres-familias-refugiados-okupan-palacio-princesa-soraya-marbella,inmigracion,ok,2495280,5,1,,2026-07-18T10:47:52.061977+00:00
https://www.meneame.net/story/tres-graficos-entender-donde-vienen-pateras-provincias-llegan,inmigracion,ok,3168070,115,1,,2026-07-18T10:47:52.885342+00:00
https://www.meneame.net/story/tres-influencers-espanoles-rescatan-grupo-inmigrantes-fueron-mar,inmigracion,ok,3882397,8,1,,2026-07-18T10:47:53.619880+00:00
https://www.meneame.net/story/tres-jovenes-norteafricanos-intentaron-lapidar-dos-transexuales,lgtbi,no_disponible,,,2,404 Client Error: Not Found for url: https://www.meneame.net/story/tres-jovenes-norteafricanos-intentaron-lapidar-dos-transexuales,2026-07-18T11:13:09.580740+00:00
https://www.meneame.net/story/tribunal-constitucional-avala-recorte-asistencia-sanitaria,inmigracion,no_disponible,,,2,404 Client Error: Not Found for url: https://www.meneame.net/story/tribunal-constitucional-avala-recorte-asistencia-sanitaria,2026-07-18T11:13:10.157091+00:00
https://www.meneame.net/story/tribunal-justicia-ue-avala-expulsion-demandante-asilo-tercer,inmigracion,ok,2583533,5,1,,2026-07-18T10:47:55.476158+00:00
https://www.meneame.net/story/tribunal-supremo-rusia-declara-extremista-prohibe-movimiento,lgtbi,ok,3882043,14,1,,2026-07-18T10:47:56.172306+00:00
https://www.meneame.net/story/trinunal-supremo-abre-puerta-conceda-asilo-todos-refugiados,inmigracion,ok,2531249,0,3,,2026-07-18T11:17:24.230310+00:00
https://www.meneame.net/story/trump-anuncia-nueva-ley-detener-ninos-inmigrantes-forma,inmigracion,ok,3172574,12,1,,2026-07-18T10:47:57.550387+00:00
https://www.meneame.net/story/trump-asegura-ee-uu-empezara-deportacion-millones-inmigrantes,inmigracion,ok,3143565,80,1,,2026-07-18T10:47:58.339522+00:00
https://www.meneame.net/story/trump-ordena-nasa-deje-buscar-inmigrantes-espacio-exterior,inmigracion,ok,3168491,18,1,,2026-07-18T10:47:59.087908+00:00
https://www.meneame.net/story/trump-propuso-disparar-piernas-inmigrantes-llegaran-mexico,inmigracion,ok,3190952,21,1,,2026-07-18T10:47:59.887640+00:00
https://www.meneame.net/story/turquia-amenaza-dar-marcha-atras-acuerdo-sobre-refugiados-no-ue,inmigracion,ok,2652748,100,1,,2026-07-18T10:48:00.676577+00:00
https://www.meneame.net/story/turquia-arresta-1-300-refugiados-tras-soborno-union-europea,inmigracion,ok,2521116,7,1,,2026-07-18T10:48:01.351666+00:00
https://www.meneame.net/story/tve-impide-vox-hablar-inmigracion-debate,inmigracion,ok,3204429,21,1,,2026-07-18T10:48:02.117083+00:00
https://www.meneame.net/story/ue-acepta-pagar-turquia-deshacerse-todos-refugiados,inmigracion,no_disponible,,,2,404 Client Error: Not Found for url: https://www.meneame.net/story/ue-acepta-pagar-turquia-deshacerse-todos-refugiados,2026-07-18T11:13:26.644155+00:00
https://www.meneame.net/story/ue-cierra-pacto-migratorio-endurecera-condiciones-recepcion-tras,inmigracion,ok,3888944,3,1,,2026-07-18T10:48:03.408129+00:00
https://www.meneame.net/story/ue-comienza-puntual-deportacion-refugiados-turquia,inmigracion,ok,2591962,3,1,,2026-07-18T10:48:04.071390+00:00
https://www.meneame.net/story/ue-dara-fondos-cooperacion-ejercitos-sudan-eritrea-frenen,inmigracion,ok,2644222,7,1,,2026-07-18T10:48:04.754567+00:00
https://www.meneame.net/story/ue-destinara-1-000-millones-retener-refugiados-fuera-fronteras,inmigracion,ok,2482685,2,1,,2026-07-18T10:48:05.466531+00:00
https://www.meneame.net/story/ue-impondra-multas-20-000e-persona-paises-no-acepten-nuevo,inmigracion,ok,3822659,43,1,,2026-07-18T10:48:06.189731+00:00
https://www.meneame.net/story/ue-planea-financiar-genocida-detener-flujo-refugiados,inmigracion,ok,2617980,16,1,,2026-07-18T10:48:06.958224+00:00
https://www.meneame.net/story/ue-tardara-43-anos-reubicar-160-000-refugiados-previstos-sigue,inmigracion,ok,2647759,9,1,,2026-07-18T10:48:08.031901+00:00
https://www.meneame.net/story/uganda-estrena-ley-anti-gay-pide-pena-muerte-joven-actos,lgtbi,ok,3850054,13,1,,2026-07-18T10:48:09.467099+00:00
https://www.meneame.net/story/ultima-incorporacion-ciudadanos-firme-activista-contra-derechos,lgtbi,ok,3150367,20,1,,2026-07-18T10:48:10.467363+00:00
https://www.meneame.net/story/union-europea-contempla-criminalizar-asistencia-personal-segun,inmigracion,ok,2555982,8,1,,2026-07-18T10:48:11.212448+00:00
https://www.meneame.net/story/universidad-define-lesbianas-como-no-hombres-atraidos-otros-no,lgtbi,ok,3823651,19,1,,2026-07-18T10:48:11.908694+00:00
https://www.meneame.net/story/unos-200-refugiados-llegaran-principios-mayo-espana,inmigracion,ok,2601716,5,1,,2026-07-18T10:48:12.573669+00:00
https://www.meneame.net/story/unos-6-000-menores-refugiados-estan-desaparecidos-alemania,inmigracion,ok,2596067,1,1,,2026-07-18T10:48:13.231867+00:00
https://www.meneame.net/story/va-este-ano-mas-2-500-personas-han-muerto-tratando-cruzar-segun,inmigracion,ok,2472173,6,1,,2026-07-18T10:48:13.973592+00:00
https://www.meneame.net/story/valls-defiende-no-posible-recibir-mas-refugiados-europa,inmigracion,no_disponible,,,2,404 Client Error: Not Found for url: https://www.meneame.net/story/valls-defiende-no-posible-recibir-mas-refugiados-europa,2026-07-18T11:13:27.237001+00:00
https://www.meneame.net/story/valor-capital-humano-perdio-espana-emigracion-2022-supero-150,inmigracion,ok,3889674,45,1,,2026-07-18T10:48:15.246771+00:00
https://www.meneame.net/story/varies-ongs-recogen-6-500-inmigrantes-costa-libia,inmigracion,no_disponible,,,2,404 Client Error: Not Found for url: https://www.meneame.net/story/varies-ongs-recogen-6-500-inmigrantes-costa-libia,2026-07-18T11:13:27.813473+00:00
https://www.meneame.net/story/varios-militares-jordanos-muertos-atentado-coche-bomba-cerca,inmigracion,ok,2633650,6,1,,2026-07-18T10:48:16.527777+00:00
https://www.meneame.net/story/varios-ninos-refugiados-mueren-ahogados-tratando-llegar-grecia,inmigracion,ok,2472103,136,1,,2026-07-18T10:48:17.362011+00:00
https://www.meneame.net/story/varios-periodistas-espanoles-detenidos-macedonia-seguir,inmigracion,no_disponible,,,2,404 Client Error: Not Found for url: https://www.meneame.net/story/varios-periodistas-espanoles-detenidos-macedonia-seguir,2026-07-18T11:13:28.379329+00:00
https://www.meneame.net/story/vaticano-acepta-bendicion-parejas-homosexuales-sin-considerarlas,lgtbi,no_disponible,,,2,404 Client Error: Not Found for url: https://www.meneame.net/story/vaticano-acepta-bendicion-parejas-homosexuales-sin-considerarlas,2026-07-18T11:13:28.949876+00:00
https://www.meneame.net/story/vecinos-pueblo-aleman-festejan-incendio-hotel-habilitado-acoger,inmigracion,ok,2569404,64,1,,2026-07-18T10:48:19.347479+00:00
https://www.meneame.net/story/veintena-inmigrantes-fuga-cie-tenerife,inmigracion,ok,3165271,1,1,,2026-07-18T10:48:20.057073+00:00
https://www.meneame.net/story/verdadera-magnitud-crisis-refugiados-sirios-numeros,inmigracion,ok,2471460,0,3,,2026-07-18T11:17:24.889717+00:00
https://www.meneame.net/story/verdadero-che-guevara-homofobo-encerro-cientos-homosexuales,lgtbi,no_disponible,,,2,404 Client Error: Not Found for url: https://www.meneame.net/story/verdadero-che-guevara-homofobo-encerro-cientos-homosexuales,2026-07-18T11:13:45.422940+00:00
https://www.meneame.net/story/viaje-ada-colau-alemania-visitar-refugiados-costo-12-700-euros,inmigracion,no_disponible,,,2,404 Client Error: Not Found for url: https://www.meneame.net/story/viaje-ada-colau-alemania-visitar-refugiados-costo-12-700-euros,2026-07-18T11:13:45.997366+00:00
https://www.meneame.net/story/vicepresidente-region-murcia-vox-presume-dejar-sin-fondos-lgtbi,lgtbi,ok,3888799,17,1,,2026-07-18T10:48:22.585068+00:00
https://www.meneame.net/story/victoria-secret-contrata-modelo-transgenero,lgtbi,ok,3166483,42,1,,2026-07-18T10:48:23.308088+00:00
https://www.meneame.net/story/victoria-villarruel-ariete-milei-reivindica-dictadura-opone-gay,lgtbi,ok,3856262,11,1,,2026-07-18T10:48:24.013831+00:00
https://www.meneame.net/story/video-guardacostas-perfora-balsa-viajaban-58-refugiados-sirios,inmigracion,ok,2514636,78,1,,2026-07-18T10:48:24.741352+00:00
https://www.meneame.net/story/video-muestra-como-guardia-costera-griega-lleva-migrantes-hasta,inmigracion,ok,3814777,78,1,,2026-07-18T10:48:25.507159+00:00
https://www.meneame.net/story/video-muestra-migrantes-ciudad-juarez-encerrados-celda-instituto,inmigracion,ok,3796922,2,1,,2026-07-18T10:48:26.168107+00:00
https://www.meneame.net/story/vigilantes-seguridad-estan-dejando-pedir-billete-inmigrantes,inmigracion,no_disponible,,,2,404 Client Error: Not Found for url: https://www.meneame.net/story/vigilantes-seguridad-estan-dejando-pedir-billete-inmigrantes,2026-07-18T11:13:46.560354+00:00
https://www.meneame.net/story/violaciones-comenzaron-antes-nochevieja-albergues-refugiados,inmigracion,no_disponible,,,2,404 Client Error: Not Found for url: https://www.meneame.net/story/violaciones-comenzaron-antes-nochevieja-albergues-refugiados,2026-07-18T11:13:47.124789+00:00
https://www.meneame.net/story/violan-interprete-cerca-campo-migrantes-calais,inmigracion,ok,2686302,349,1,,2026-07-18T10:48:28.378123+00:00
https://www.meneame.net/story/vox-advierte-amenaza-dejar-sin-presupuestos-madrid-sigue-gay,lgtbi,ok,3217104,59,1,,2026-07-18T10:48:29.086476+00:00
https://www.meneame.net/story/vox-amenaza-orgullo-gay-habra-ver-seguimos-permitiendo-organicen,lgtbi,ok,3140371,270,1,,2026-07-18T10:48:30.079744+00:00
https://www.meneame.net/story/vox-amenaza-psoe-denuncia-judicial-no-retira-bandera-lgtbi-leon,lgtbi,ok,3829225,39,1,,2026-07-18T10:48:30.774822+00:00
https://www.meneame.net/story/vox-apoya-multar-ong-rescaten-migrantes-mediterraneo,inmigracion,ok,3126869,18,1,,2026-07-18T10:48:31.496839+00:00
https://www.meneame.net/story/vox-asi-bar-gay-tokio,lgtbi,ok,3139850,3,1,,2026-07-18T10:48:32.177605+00:00
https://www.meneame.net/story/vox-califica-desleal-unilateral-bandera-lgtbi-tineo,lgtbi,ok,3829398,4,1,,2026-07-18T10:48:32.845305+00:00
https://www.meneame.net/story/vox-carga-contra-sanchez-ofrecer-espana-acoger-migrantes-open,inmigracion,ok,3170328,14,1,,2026-07-18T10:48:33.526976+00:00
https://www.meneame.net/story/vox-compra-bandera-gigante-espana-colon-empresa-quiebra-vende,inmigracion,ok,3202555,24,1,,2026-07-18T10:48:34.197989+00:00
https://www.meneame.net/story/vox-contra-bandera-lgtbi-vera-no-pone-virgen-angustias,lgtbi,ok,3841065,179,1,,2026-07-18T10:48:35.024283+00:00
https://www.meneame.net/story/vox-convierte-fuerza-mas-votada-torre-pacheco-tercio-inmigrantes,inmigracion,ok,3119935,138,1,,2026-07-18T10:48:35.821353+00:00
https://www.meneame.net/story/vox-despliega-lona-madrid-contra-feminismo-movimiento-lgtbiq,lgtbi,ok,3825434,413,1,,2026-07-18T10:48:36.863324+00:00
https://www.meneame.net/story/vox-emprende-batalla-contra-ayudas-desarrollo-cruzada-contra,inmigracion,ok,3172709,6,1,,2026-07-18T10:48:37.522073+00:00
https://www.meneame.net/story/vox-exige-expulsar-52-000-inmigrantes-apoyar-nuevo-gobierno,inmigracion,no_disponible,,,2,404 Client Error: Not Found for url: https://www.meneame.net/story/vox-exige-expulsar-52-000-inmigrantes-apoyar-nuevo-gobierno,2026-07-18T11:13:47.697170+00:00
https://www.meneame.net/story/vox-exige-junta-denuncie-ante-policia-inmigrantes-sin-papeles,inmigracion,ok,3065454,46,1,,2026-07-18T10:48:38.797004+00:00
https://www.meneame.net/story/vox-exige-retirada-bandera-lgtbi-ayuntamiento,lgtbi,ok,3828435,21,1,,2026-07-18T10:48:39.482166+00:00
https://www.meneame.net/story/vox-inmigracion-puede-traer-europa-pandemias-erradicadas,inmigracion,ok,3265215,22,1,,2026-07-18T10:48:40.222407+00:00
https://www.meneame.net/story/vox-lleva-eurocamara-policia-nacional-ataca-feminismo,inmigracion,ok,3805622,7,1,,2026-07-18T10:48:40.891399+00:00
https://www.meneame.net/story/vox-marca-ritmo-pp-inmigracion-violencia-genero-gestion,inmigracion,ok,3088767,5,1,,2026-07-18T10:48:41.552285+00:00
https://www.meneame.net/story/vox-no-queremos-desde-giralda-arroje-homosexuales,lgtbi,no_disponible,,,2,404 Client Error: Not Found for url: https://www.meneame.net/story/vox-no-queremos-desde-giralda-arroje-homosexuales,2026-07-18T11:13:48.255664+00:00
https://www.meneame.net/story/vox-pide-asamblea-nombres-ponentes-charlas-lgtbi-colegios,lgtbi,no_disponible,,,2,404 Client Error: Not Found for url: https://www.meneame.net/story/vox-pide-asamblea-nombres-ponentes-charlas-lgtbi-colegios,2026-07-18T11:13:48.823091+00:00
https://www.meneame.net/story/vox-pide-comunidad-madrid-nombres-apellidos-personas-imparten,lgtbi,ok,3155059,153,1,,2026-07-18T10:48:43.529059+00:00
https://www.meneame.net/story/vox-pide-firmar-programa-unico-ciudadanos-pp-madrid-quite-sin,inmigracion,ok,3147609,24,1,,2026-07-18T10:48:44.327739+00:00
https://www.meneame.net/story/vox-pide-generalitat-valenciana-datos-personales-miembros-lgtbi,lgtbi,ok,3150100,33,1,,2026-07-18T10:48:45.021839+00:00
https://www.meneame.net/story/vox-pide-merida-retirar-bandera-lgtbi-nos-seguimos-saltando-ley,lgtbi,ok,3829549,26,1,,2026-07-18T10:48:45.711425+00:00
https://www.meneame.net/story/vox-plantea-vetar-vinaros-libro-sobre-tematica-lgtbi-dirigido,lgtbi,ok,3861548,20,1,,2026-07-18T10:48:46.388590+00:00
https://www.meneame.net/story/vox-presenta-querella-criminal-contra-52-inmigrantes-ultimo,inmigracion,ok,3128668,24,1,,2026-07-18T10:48:47.066656+00:00
https://www.meneame.net/story/vox-propone-llevarse-orgullo-gay-casa-campo-no-colapsar-madrid,lgtbi,ok,3074042,82,1,,2026-07-18T10:48:47.816162+00:00
https://www.meneame.net/story/vox-quiere-libros-lgtbi-bibliotecas-sean-inaccesibles-menores,lgtbi,ok,3886391,24,1,,2026-07-18T10:48:48.490358+00:00
https://www.meneame.net/story/vox-reafirma-homofobia-pareja-gay-nino-no-familia-natural,lgtbi,ok,3101356,56,1,,2026-07-18T10:48:49.256124+00:00
https://www.meneame.net/story/vox-rebaja-exigencias-sobre-inmigracion-lgtbi-lograr-apoyo-cs,inmigracion,ok,3161539,19,1,,2026-07-18T10:48:49.933922+00:00
https://www.meneame.net/story/vox-renuncia-derogar-leyes-lgtbi-cobrar-sanidad-sin-papeles,lgtbi,ok,3164184,16,1,,2026-07-18T10:48:50.619957+00:00
https://www.meneame.net/story/vox-vincula-situacion-sanidad-avalancha-inmigracion-ilegal,inmigracion,ok,3780473,35,1,,2026-07-18T10:48:51.393031+00:00
https://www.meneame.net/story/vox-vuelve-carteles-racistas-lanza-voto-sur-madrid-campana,inmigracion,ok,3816144,81,1,,2026-07-18T10:48:52.168314+00:00
https://www.meneame.net/story/voy-hacer-hetero-hostias-amenazas-homofobas-barcelona-dia-lgtbi,lgtbi,no_disponible,,,2,404 Client Error: Not Found for url: https://www.meneame.net/story/voy-hacer-hetero-hostias-amenazas-homofobas-barcelona-dia-lgtbi,2026-07-18T11:13:49.386782+00:00
https://www.meneame.net/story/yo-deporto-tu-deportas-ue-expulso-2015-mas-doble-inmigrantes,inmigracion,ok,2696785,46,1,,2026-07-18T10:48:53.457823+00:00
